round,question_id,decision_step,trajectory_length,tau,r,margin,native_probability,positive_replicas,correct,conflicted,replica_margin_sd,run_question,native_positive,delta_r,delta_margin,evidence_gain
Run 1,agentmemorybench:fact-mh-262k:context-0/factconsolidation_mh_262k_no0,1,8,0.125,0.0,-4.75000009033829,0.0085774846454831,0.0,False,False,0.0,Run 1::agentmemorybench:fact-mh-262k:context-0/factconsolidation_mh_262k_no0,False,,,False
Run 1,agentmemorybench:fact-mh-262k:context-0/factconsolidation_mh_262k_no0,2,8,0.25,0.0,1.6250000596046448,0.8354835452961425,1.0,False,False,0.0,Run 1::agentmemorybench:fact-mh-262k:context-0/factconsolidation_mh_262k_no0,True,0.0,6.3750001499429345,False
Run 1,agentmemorybench:fact-mh-262k:context-0/factconsolidation_mh_262k_no0,3,8,0.375,0.3333333333333333,4.250000008381903,0.9859363730729768,1.0,False,False,0.0,Run 1::agentmemorybench:fact-mh-262k:context-0/factconsolidation_mh_262k_no0,True,0.3333333333333333,2.6249999487772584,True
Run 1,agentmemorybench:fact-mh-262k:context-0/factconsolidation_mh_262k_no0,4,8,0.5,0.3333333333333333,2.312499973922968,0.9097757432357167,1.0,False,False,0.0883882370128411,Run 1::agentmemorybench:fact-mh-262k:context-0/factconsolidation_mh_262k_no0,True,0.0,-1.9375000344589353,False
Run 1,agentmemorybench:fact-mh-262k:context-0/factconsolidation_mh_262k_no0,5,8,0.625,0.3333333333333333,1.0625000447034836,0.742986791365297,1.0,False,False,0.08838832657489419,Run 1::agentmemorybench:fact-mh-262k:context-0/factconsolidation_mh_262k_no0,True,0.0,-1.2499999292194843,False
Run 1,agentmemorybench:fact-mh-262k:context-0/factconsolidation_mh_262k_no0,6,8,0.75,0.3333333333333333,6.187500165018719,0.9979452747797661,1.0,False,False,0.08838839498120496,Run 1::agentmemorybench:fact-mh-262k:context-0/factconsolidation_mh_262k_no0,True,0.0,5.125000120315235,False
Run 1,agentmemorybench:fact-mh-262k:context-0/factconsolidation_mh_262k_no0,7,8,0.875,0.3333333333333333,5.125000019092113,0.994088931255944,1.0,False,False,0.0,Run 1::agentmemorybench:fact-mh-262k:context-0/factconsolidation_mh_262k_no0,True,0.0,-1.062500145926606,False
Run 1,agentmemorybench:fact-mh-262k:context-0/factconsolidation_mh_262k_no0,8,8,1.0,0.3333333333333333,6.749999854248017,0.9988304895646853,1.0,False,False,3.2927225399135965e-10,Run 1::agentmemorybench:fact-mh-262k:context-0/factconsolidation_mh_262k_no0,True,0.0,1.6249998351559043,False
Run 1,agentmemorybench:fact-mh-262k:context-0/factconsolidation_mh_262k_no1,1,6,0.1666666666666666,0.0,-3.750000052154064,0.0229773687391976,0.0,True,False,0.0,Run 1::agentmemorybench:fact-mh-262k:context-0/factconsolidation_mh_262k_no1,False,,,False
Run 1,agentmemorybench:fact-mh-262k:context-0/factconsolidation_mh_262k_no1,2,6,0.3333333333333333,0.0,2.1874999701976776,0.8989799679732196,1.0,True,False,0.08838831603818206,Run 1::agentmemorybench:fact-mh-262k:context-0/factconsolidation_mh_262k_no1,True,0.0,5.937500022351742,False
Run 1,agentmemorybench:fact-mh-262k:context-0/factconsolidation_mh_262k_no1,3,6,0.5,0.5,0.125,0.5312093733737563,1.0,True,False,0.0,Run 1::agentmemorybench:fact-mh-262k:context-0/factconsolidation_mh_262k_no1,True,0.5,-2.0624999701976776,True
Run 1,agentmemorybench:fact-mh-262k:context-0/factconsolidation_mh_262k_no1,4,6,0.6666666666666666,0.5,3.875000041909516,0.9796676474921346,1.0,True,False,1.975633539649082e-08,Run 1::agentmemorybench:fact-mh-262k:context-0/factconsolidation_mh_262k_no1,True,0.0,3.750000041909516,False
Run 1,agentmemorybench:fact-mh-262k:context-0/factconsolidation_mh_262k_no1,5,6,0.8333333333333334,1.0,7.62500018402352,0.9995083322295234,1.0,True,False,0.1767767366614638,Run 1::agentmemorybench:fact-mh-262k:context-0/factconsolidation_mh_262k_no1,True,0.5,3.750000142114004,True
Run 1,agentmemorybench:fact-mh-262k:context-0/factconsolidation_mh_262k_no1,6,6,1.0,1.0,5.125000232364982,0.9940889325091625,1.0,True,False,1.9756335239481576e-09,Run 1::agentmemorybench:fact-mh-262k:context-0/factconsolidation_mh_262k_no1,True,0.0,-2.4999999516585376,False
Run 1,agentmemorybench:fact-mh-262k:context-0/factconsolidation_mh_262k_no10,1,6,0.1666666666666666,0.0,-5.375000173225999,0.0046095713845572,0.0,False,True,0.0,Run 1::agentmemorybench:fact-mh-262k:context-0/factconsolidation_mh_262k_no10,False,,,False
Run 1,agentmemorybench:fact-mh-262k:context-0/factconsolidation_mh_262k_no10,2,6,0.3333333333333333,0.0,-3.000000096857548,0.0474258688018665,0.0,False,True,0.0,Run 1::agentmemorybench:fact-mh-262k:context-0/factconsolidation_mh_262k_no10,False,0.0,2.3750000763684507,False
Run 1,agentmemorybench:fact-mh-262k:context-0/factconsolidation_mh_262k_no10,3,6,0.5,0.0,-0.75,0.3208213008246069,0.0,False,True,0.0,Run 1::agentmemorybench:fact-mh-262k:context-0/factconsolidation_mh_262k_no10,False,0.0,2.250000096857548,False
Run 1,agentmemorybench:fact-mh-262k:context-0/factconsolidation_mh_262k_no10,4,6,0.6666666666666666,0.0,0.5,0.6224593312018546,1.0,False,True,0.0,Run 1::agentmemorybench:fact-mh-262k:context-0/factconsolidation_mh_262k_no10,True,0.0,1.25,False
Run 1,agentmemorybench:fact-mh-262k:context-0/factconsolidation_mh_262k_no10,5,6,0.8333333333333334,0.0,0.4375,0.6075629655779622,1.0,False,True,0.08838834764831845,Run 1::agentmemorybench:fact-mh-262k:context-0/factconsolidation_mh_262k_no10,True,0.0,-0.0625,False
Run 1,agentmemorybench:fact-mh-262k:context-0/factconsolidation_mh_262k_no10,6,6,1.0,1.0,6.625000047613867,0.9986749776457928,1.0,False,True,0.0,Run 1::agentmemorybench:fact-mh-262k:context-0/factconsolidation_mh_262k_no10,True,1.0,6.187500047613867,True
Run 1,agentmemorybench:fact-mh-262k:context-0/factconsolidation_mh_262k_no11,1,14,0.0714285714285714,0.0,-5.124999884981662,0.0059110695321063,0.0,False,True,0.0,Run 1::agentmemorybench:fact-mh-262k:context-0/factconsolidation_mh_262k_no11,False,,,False
Run 1,agentmemorybench:fact-mh-262k:context-0/factconsolidation_mh_262k_no11,2,14,0.1428571428571428,0.0,-0.25,0.43806201333608696,0.0,False,True,0.1767766952966369,Run 1::agentmemorybench:fact-mh-262k:context-0/factconsolidation_mh_262k_no11,False,0.0,4.874999884981662,False
Run 1,agentmemorybench:fact-mh-262k:context-0/factconsolidation_mh_262k_no11,3,14,0.2142857142857142,0.3333333333333333,2.5000001043081284,0.9241418272911436,1.0,False,True,0.0,Run 1::agentmemorybench:fact-mh-262k:context-0/factconsolidation_mh_262k_no11,True,0.3333333333333333,2.7500001043081284,True
Run 1,agentmemorybench:fact-mh-262k:context-0/factconsolidation_mh_262k_no11,4,14,0.2857142857142857,0.3333333333333333,2.5000000298023224,0.9241418220680098,1.0,False,True,1.2644054553268208e-07,Run 1::agentmemorybench:fact-mh-262k:context-0/factconsolidation_mh_262k_no11,True,0.0,-7.450580596923828e-08,False
Run 1,agentmemorybench:fact-mh-262k:context-0/factconsolidation_mh_262k_no11,5,14,0.3571428571428571,0.3333333333333333,2.1250000447034836,0.8933094103149354,1.0,False,True,0.0,Run 1::agentmemorybench:fact-mh-262k:context-0/factconsolidation_mh_262k_no11,True,0.0,-0.3749999850988388,False
Run 1,agentmemorybench:fact-mh-262k:context-0/factconsolidation_mh_262k_no11,6,14,0.4285714285714285,1.0,6.437499922234565,0.9983990475516645,1.0,False,True,0.0883882047441602,Run 1::agentmemorybench:fact-mh-262k:context-0/factconsolidation_mh_262k_no11,True,0.6666666666666667,4.312499877531081,True
Run 1,agentmemorybench:fact-mh-262k:context-0/factconsolidation_mh_262k_no11,7,14,0.5,1.0,1.25,0.7772998611746911,1.0,False,True,4.2146848510894035e-08,Run 1::agentmemorybench:fact-mh-262k:context-0/factconsolidation_mh_262k_no11,True,0.0,-5.187499922234565,False
Run 1,agentmemorybench:fact-mh-262k:context-0/factconsolidation_mh_262k_no11,8,14,0.5714285714285714,1.0,-0.375,0.4073334000459302,0.0,False,True,0.0,Run 1::agentmemorybench:fact-mh-262k:context-0/factconsolidation_mh_262k_no11,False,0.0,-1.625,False
Run 1,agentmemorybench:fact-mh-262k:context-0/factconsolidation_mh_262k_no11,9,14,0.6428571428571429,1.0,-1.1249999701976776,0.24508501864634824,0.0,False,True,4.2146848510894035e-08,Run 1::agentmemorybench:fact-mh-262k:context-0/factconsolidation_mh_262k_no11,False,0.0,-0.7499999701976776,False
Run 1,agentmemorybench:fact-mh-262k:context-0/factconsolidation_mh_262k_no11,10,14,0.7142857142857143,1.0,-1.3750000596046448,0.2018132126589859,0.0,False,True,0.0,Run 1::agentmemorybench:fact-mh-262k:context-0/factconsolidation_mh_262k_no11,False,0.0,-0.25000008940696716,False
Run 1,agentmemorybench:fact-mh-262k:context-0/factconsolidation_mh_262k_no11,11,14,0.7857142857142857,1.0,-2.4375000558793545,0.08047860819240604,0.0,False,True,0.08838827915968961,Run 1::agentmemorybench:fact-mh-262k:context-0/factconsolidation_mh_262k_no11,False,0.0,-1.0624999962747097,False
Run 1,agentmemorybench:fact-mh-262k:context-0/factconsolidation_mh_262k_no11,12,14,0.8571428571428571,1.0,-1.3749999478459358,0.20181323066159784,0.0,False,True,1.0536712127723509e-08,Run 1::agentmemorybench:fact-mh-262k:context-0/factconsolidation_mh_262k_no11,False,0.0,1.0625001080334187,False
Run 1,agentmemorybench:fact-mh-262k:context-0/factconsolidation_mh_262k_no11,13,14,0.9285714285714286,1.0,-3.0625000093132257,0.044756799899526745,0.0,False,True,0.08838820276852669,Run 1::agentmemorybench:fact-mh-262k:context-0/factconsolidation_mh_262k_no11,False,0.0,-1.68750006146729,False
Run 1,agentmemorybench:fact-mh-262k:context-0/factconsolidation_mh_262k_no11,14,14,1.0,1.0,-3.25,0.0373268873441294,0.0,False,True,1.580506819158526e-08,Run 1::agentmemorybench:fact-mh-262k:context-0/factconsolidation_mh_262k_no11,False,0.0,-0.18749999068677425,False
Run 1,agentmemorybench:fact-mh-262k:context-0/factconsolidation_mh_262k_no12,1,5,0.2,0.0,-4.000000113621354,0.017986207955231,0.0,True,False,0.0,Run 1::agentmemorybench:fact-mh-262k:context-0/factconsolidation_mh_262k_no12,False,,,False
Run 1,agentmemorybench:fact-mh-262k:context-0/factconsolidation_mh_262k_no12,2,5,0.4,0.0,2.750000052154064,0.939913352771458,1.0,True,False,0.0,Run 1::agentmemorybench:fact-mh-262k:context-0/factconsolidation_mh_262k_no12,True,0.0,6.750000165775418,False
Run 1,agentmemorybench:fact-mh-262k:context-0/factconsolidation_mh_262k_no12,3,5,0.6,0.5,4.249999823048711,0.9859363705031758,1.0,True,False,0.0,Run 1::agentmemorybench:fact-mh-262k:context-0/factconsolidation_mh_262k_no12,True,0.5,1.4999997708946466,True
Run 1,agentmemorybench:fact-mh-262k:context-0/factconsolidation_mh_262k_no12,4,5,0.8,0.5,4.000000109896064,0.9820137919789702,1.0,True,False,0.0,Run 1::agentmemorybench:fact-mh-262k:context-0/factconsolidation_mh_262k_no12,True,0.0,-0.24999971315264702,False
Run 1,agentmemorybench:fact-mh-262k:context-0/factconsolidation_mh_262k_no12,5,5,1.0,1.0,6.8749999985448085,0.9989677689617447,1.0,True,False,8.421137895829023e-08,Run 1::agentmemorybench:fact-mh-262k:context-0/factconsolidation_mh_262k_no12,True,0.5,2.8749998886487447,True
Run 1,agentmemorybench:fact-mh-262k:context-0/factconsolidation_mh_262k_no13,1,4,0.25,0.0,-3.375000022351742,0.0330859776736429,0.0,True,False,0.0,Run 1::agentmemorybench:fact-mh-262k:context-0/factconsolidation_mh_262k_no13,False,,,False
Run 1,agentmemorybench:fact-mh-262k:context-0/factconsolidation_mh_262k_no13,2,4,0.5,0.0,2.374999925494194,0.9149009491921662,1.0,True,False,0.0,Run 1::agentmemorybench:fact-mh-262k:context-0/factconsolidation_mh_262k_no13,True,0.0,5.749999947845936,False
Run 1,agentmemorybench:fact-mh-262k:context-0/factconsolidation_mh_262k_no13,3,4,0.75,0.0,1.5000000447034836,0.8175744828610095,1.0,True,False,0.0,Run 1::agentmemorybench:fact-mh-262k:context-0/factconsolidation_mh_262k_no13,True,0.0,-0.8749998807907104,False
Run 1,agentmemorybench:fact-mh-262k:context-0/factconsolidation_mh_262k_no13,4,4,1.0,1.0,6.93749994126847,0.9990283588345962,1.0,True,False,0.08838817963715084,Run 1::agentmemorybench:fact-mh-262k:context-0/factconsolidation_mh_262k_no13,True,1.0,5.437499896564987,True
Run 1,agentmemorybench:fact-mh-262k:context-0/factconsolidation_mh_262k_no14,1,3,0.3333333333333333,0.0,-3.874999964609742,0.0203323540475954,0.0,True,False,0.0,Run 1::agentmemorybench:fact-mh-262k:context-0/factconsolidation_mh_262k_no14,False,,,False
Run 1,agentmemorybench:fact-mh-262k:context-0/factconsolidation_mh_262k_no14,2,3,0.6666666666666666,0.0,3.250000085681677,0.9626731157347208,1.0,True,False,0.0,Run 1::agentmemorybench:fact-mh-262k:context-0/factconsolidation_mh_262k_no14,True,0.0,7.125000050291419,False
Run 1,agentmemorybench:fact-mh-262k:context-0/factconsolidation_mh_262k_no14,3,3,1.0,1.0,8.62499989765638,0.9998190683883617,1.0,True,False,0.1767763522772663,Run 1::agentmemorybench:fact-mh-262k:context-0/factconsolidation_mh_262k_no14,True,1.0,5.374999811974703,True
Run 1,agentmemorybench:fact-mh-262k:context-0/factconsolidation_mh_262k_no15,1,4,0.25,0.0,-4.2500001937150955,0.0140636243572229,0.0,True,False,0.0,Run 1::agentmemorybench:fact-mh-262k:context-0/factconsolidation_mh_262k_no15,False,,,False
Run 1,agentmemorybench:fact-mh-262k:context-0/factconsolidation_mh_262k_no15,2,4,0.5,0.0,2.8750001043081284,0.9465966754730988,1.0,True,False,1.580506819158526e-08,Run 1::agentmemorybench:fact-mh-262k:context-0/factconsolidation_mh_262k_no15,True,0.0,7.125000298023224,False
Run 1,agentmemorybench:fact-mh-262k:context-0/factconsolidation_mh_262k_no15,3,4,0.75,0.0,3.18750006146729,0.9602926947176461,1.0,True,False,0.0883883450141404,Run 1::agentmemorybench:fact-mh-262k:context-0/factconsolidation_mh_262k_no15,True,0.0,0.31249995715916157,False
Run 1,agentmemorybench:fact-mh-262k:context-0/factconsolidation_mh_262k_no15,4,4,1.0,1.0,7.875000072934199,0.9996200155129514,1.0,True,False,0.0,Run 1::agentmemorybench:fact-mh-262k:context-0/factconsolidation_mh_262k_no15,True,1.0,4.687500011466909,True
Run 1,agentmemorybench:fact-mh-262k:context-0/factconsolidation_mh_262k_no16,1,8,0.125,0.0,-4.874999864958227,0.0075772422833516,0.0,False,True,0.0,Run 1::agentmemorybench:fact-mh-262k:context-0/factconsolidation_mh_262k_no16,False,,,False
Run 1,agentmemorybench:fact-mh-262k:context-0/factconsolidation_mh_262k_no16,2,8,0.25,0.0,-0.5,0.3775406687981454,0.0,False,True,0.0,Run 1::agentmemorybench:fact-mh-262k:context-0/factconsolidation_mh_262k_no16,False,0.0,4.374999864958227,False
Run 1,agentmemorybench:fact-mh-262k:context-0/factconsolidation_mh_262k_no16,3,8,0.375,0.25,1.1875000149011612,0.7661074269556738,1.0,False,True,0.08838828442804568,Run 1::agentmemorybench:fact-mh-262k:context-0/factconsolidation_mh_262k_no16,True,0.25,1.6875000149011612,True
Run 1,agentmemorybench:fact-mh-262k:context-0/factconsolidation_mh_262k_no16,4,8,0.5,0.25,-2.4375000298023224,0.08047861022269055,0.0,False,True,0.08838831603818206,Run 1::agentmemorybench:fact-mh-262k:context-0/factconsolidation_mh_262k_no16,False,0.0,-3.6250000447034836,False
Run 1,agentmemorybench:fact-mh-262k:context-0/factconsolidation_mh_262k_no16,5,8,0.625,0.25,1.7500000596046448,0.851952809486198,1.0,False,True,0.0,Run 1::agentmemorybench:fact-mh-262k:context-0/factconsolidation_mh_262k_no16,True,0.0,4.187500089406967,False
Run 1,agentmemorybench:fact-mh-262k:context-0/factconsolidation_mh_262k_no16,6,8,0.75,0.75,3.124999964609742,0.9579122706575751,1.0,False,True,6.058609473441017e-08,Run 1::agentmemorybench:fact-mh-262k:context-0/factconsolidation_mh_262k_no16,True,0.5,1.3749999050050974,True
Run 1,agentmemorybench:fact-mh-262k:context-0/factconsolidation_mh_262k_no16,7,8,0.875,0.75,1.8124999701976776,0.8594942772878921,1.0,False,True,0.08838834764831845,Run 1::agentmemorybench:fact-mh-262k:context-0/factconsolidation_mh_262k_no16,True,0.0,-1.3124999944120646,False
Run 1,agentmemorybench:fact-mh-262k:context-0/factconsolidation_mh_262k_no16,8,8,1.0,0.75,6.124999770661816,0.9978172830551671,1.0,False,True,0.0,Run 1::agentmemorybench:fact-mh-262k:context-0/factconsolidation_mh_262k_no16,True,0.0,4.312499800464138,False
Run 1,agentmemorybench:fact-mh-262k:context-0/factconsolidation_mh_262k_no17,1,11,0.0909090909090909,0.0,-4.374999896623194,0.0124316521223537,0.0,False,True,0.0,Run 1::agentmemorybench:fact-mh-262k:context-0/factconsolidation_mh_262k_no17,False,,,False
Run 1,agentmemorybench:fact-mh-262k:context-0/factconsolidation_mh_262k_no17,2,11,0.1818181818181818,0.0,-3.1250001154839993,0.0420877232597256,0.0,False,True,0.0,Run 1::agentmemorybench:fact-mh-262k:context-0/factconsolidation_mh_262k_no17,False,0.0,1.249999781139195,False
Run 1,agentmemorybench:fact-mh-262k:context-0/factconsolidation_mh_262k_no17,3,11,0.2727272727272727,0.0,-7.249999904539436,0.000709670466798,0.0,False,True,8.31412441328183e-08,Run 1::agentmemorybench:fact-mh-262k:context-0/factconsolidation_mh_262k_no17,False,0.0,-4.124999789055437,False
Run 1,agentmemorybench:fact-mh-262k:context-0/factconsolidation_mh_262k_no17,4,11,0.3636363636363636,0.0,-7.187499911058694,0.0007568782381022,0.0,False,True,0.08838845178066877,Run 1::agentmemorybench:fact-mh-262k:context-0/factconsolidation_mh_262k_no17,False,0.0,0.06249999348074198,False
Run 1,agentmemorybench:fact-mh-262k:context-0/factconsolidation_mh_262k_no17,5,11,0.4545454545454545,0.0,-7.812499974796083,0.00040527080638365,0.0,False,True,0.08838824326901393,Run 1::agentmemorybench:fact-mh-262k:context-0/factconsolidation_mh_262k_no17,False,0.0,-0.6250000637373887,False
Run 1,agentmemorybench:fact-mh-262k:context-0/factconsolidation_mh_262k_no17,6,11,0.5454545454545454,0.0,-7.625000232073944,0.0004878570096185,0.0,False,True,0.0,Run 1::agentmemorybench:fact-mh-262k:context-0/factconsolidation_mh_262k_no17,False,0.0,0.18749974272213876,False
Run 1,agentmemorybench:fact-mh-262k:context-0/factconsolidation_mh_262k_no17,7,11,0.6363636363636364,0.3333333333333333,-3.9999998891726136,0.0179862119196032,0.0,False,True,4.873229359072123e-08,Run 1::agentmemorybench:fact-mh-262k:context-0/factconsolidation_mh_262k_no17,False,0.3333333333333333,3.6250003429013304,True
Run 1,agentmemorybench:fact-mh-262k:context-0/factconsolidation_mh_262k_no17,8,11,0.7272727272727273,0.3333333333333333,-5.124999824445695,0.0059110698878234,0.0,False,True,0.0,Run 1::agentmemorybench:fact-mh-262k:context-0/factconsolidation_mh_262k_no17,False,0.0,-1.124999935273081,False
Run 1,agentmemorybench:fact-mh-262k:context-0/factconsolidation_mh_262k_no17,9,11,0.8181818181818182,0.3333333333333333,-6.812499945808668,0.0011008707186972002,0.0,False,True,0.08838851697657506,Run 1::agentmemorybench:fact-mh-262k:context-0/factconsolidation_mh_262k_no17,False,0.0,-1.687500121362973,False
Run 1,agentmemorybench:fact-mh-262k:context-0/factconsolidation_mh_262k_no17,10,11,0.9090909090909092,0.3333333333333333,-11.375000059796548,1.1568558774631708e-05,0.0,False,True,0.1767764423550935,Run 1::agentmemorybench:fact-mh-262k:context-0/factconsolidation_mh_262k_no17,False,0.0,-4.5625001139878805,False
Run 1,agentmemorybench:fact-mh-262k:context-0/factconsolidation_mh_262k_no17,11,11,1.0,0.3333333333333333,-6.250000105355866,0.00192673446072575,0.0,False,True,2.634178031930877e-09,Run 1::agentmemorybench:fact-mh-262k:context-0/factconsolidation_mh_262k_no17,False,0.0,5.124999954440682,False
Run 1,agentmemorybench:fact-mh-262k:context-0/factconsolidation_mh_262k_no18,1,5,0.2,0.0,-4.374999945983291,0.0124316515163546,0.0,False,True,2.502469130334333e-08,Run 1::agentmemorybench:fact-mh-262k:context-0/factconsolidation_mh_262k_no18,False,,,False
Run 1,agentmemorybench:fact-mh-262k:context-0/factconsolidation_mh_262k_no18,2,5,0.4,0.0,2.3124999552965164,0.9097757410970186,1.0,False,True,0.0883884424787276,Run 1::agentmemorybench:fact-mh-262k:context-0/factconsolidation_mh_262k_no18,True,0.0,6.687499901279807,False
Run 1,agentmemorybench:fact-mh-262k:context-0/factconsolidation_mh_262k_no18,3,5,0.6,0.25,3.2500000428408384,0.9626731141952956,1.0,False,True,6.585445079827193e-08,Run 1::agentmemorybench:fact-mh-262k:context-0/factconsolidation_mh_262k_no18,True,0.25,0.937500087544322,True
Run 1,agentmemorybench:fact-mh-262k:context-0/factconsolidation_mh_262k_no18,4,5,0.8,0.25,3.2499999403953552,0.9626731105140616,1.0,False,True,0.0,Run 1::agentmemorybench:fact-mh-262k:context-0/factconsolidation_mh_262k_no18,True,0.0,-1.0244548320770264e-07,False
Run 1,agentmemorybench:fact-mh-262k:context-0/factconsolidation_mh_262k_no18,5,5,1.0,0.25,2.7500001154839993,0.9399133563480948,1.0,False,True,0.0,Run 1::agentmemorybench:fact-mh-262k:context-0/factconsolidation_mh_262k_no18,True,0.0,-0.499999824911356,False
Run 1,agentmemorybench:fact-mh-262k:context-0/factconsolidation_mh_262k_no19,1,5,0.2,0.0,-4.3124999855645,0.01324763906699655,0.0,False,True,0.08838822318340643,Run 1::agentmemorybench:fact-mh-262k:context-0/factconsolidation_mh_262k_no19,False,,,False
Run 1,agentmemorybench:fact-mh-262k:context-0/factconsolidation_mh_262k_no19,2,5,0.4,0.0,3.062499988824129,0.9552431988579884,1.0,False,True,0.08838841613694727,Run 1::agentmemorybench:fact-mh-262k:context-0/factconsolidation_mh_262k_no19,True,0.0,7.374999974388629,False
Run 1,agentmemorybench:fact-mh-262k:context-0/factconsolidation_mh_262k_no19,3,5,0.6,0.25,3.3125000931322575,0.9647935703406405,1.0,False,True,0.08838831603818206,Run 1::agentmemorybench:fact-mh-262k:context-0/factconsolidation_mh_262k_no19,True,0.25,0.25000010430812836,True
Run 1,agentmemorybench:fact-mh-262k:context-0/factconsolidation_mh_262k_no19,4,5,0.8,0.25,2.375000037252903,0.9149009578933864,1.0,False,True,0.0,Run 1::agentmemorybench:fact-mh-262k:context-0/factconsolidation_mh_262k_no19,True,0.0,-0.9375000558793545,False
Run 1,agentmemorybench:fact-mh-262k:context-0/factconsolidation_mh_262k_no19,5,5,1.0,0.25,5.499999886844307,0.9959298618254191,1.0,False,True,1.6924593855155884e-07,Run 1::agentmemorybench:fact-mh-262k:context-0/factconsolidation_mh_262k_no19,True,0.0,3.124999849591404,False
Run 1,agentmemorybench:fact-mh-262k:context-0/factconsolidation_mh_262k_no2,1,7,0.1428571428571428,0.0,-3.875000100582838,0.0203323513391544,0.0,False,True,0.0,Run 1::agentmemorybench:fact-mh-262k:context-0/factconsolidation_mh_262k_no2,False,,,False
Run 1,agentmemorybench:fact-mh-262k:context-0/factconsolidation_mh_262k_no2,2,7,0.2857142857142857,0.0,-0.5624999850988388,0.36309290544997563,0.0,False,True,0.08838832657489419,Run 1::agentmemorybench:fact-mh-262k:context-0/factconsolidation_mh_262k_no2,False,0.0,3.3125001154839993,False
Run 1,agentmemorybench:fact-mh-262k:context-0/factconsolidation_mh_262k_no2,3,7,0.4285714285714285,0.0,0.25,0.5621765008857981,1.0,False,True,0.0,Run 1::agentmemorybench:fact-mh-262k:context-0/factconsolidation_mh_262k_no2,True,0.0,0.8124999850988388,False
Run 1,agentmemorybench:fact-mh-262k:context-0/factconsolidation_mh_262k_no2,4,7,0.5714285714285714,0.0,0.25,0.5619379866639129,1.0,False,True,0.1767766952966369,Run 1::agentmemorybench:fact-mh-262k:context-0/factconsolidation_mh_262k_no2,True,0.0,0.0,False
Run 1,agentmemorybench:fact-mh-262k:context-0/factconsolidation_mh_262k_no2,5,7,0.7142857142857143,0.25,3.5000000167638063,0.9706877697256244,1.0,False,True,1.1853801159389871e-07,Run 1::agentmemorybench:fact-mh-262k:context-0/factconsolidation_mh_262k_no2,True,0.25,3.2500000167638063,True
Run 1,agentmemorybench:fact-mh-262k:context-0/factconsolidation_mh_262k_no2,6,7,0.8571428571428571,0.25,3.1874999534338713,0.9602926905662212,1.0,False,True,0.08838836608756466,Run 1::agentmemorybench:fact-mh-262k:context-0/factconsolidation_mh_262k_no2,True,0.0,-0.3125000633299351,False
Run 1,agentmemorybench:fact-mh-262k:context-0/factconsolidation_mh_262k_no2,7,7,1.0,0.25,4.562499876134098,0.9896522891796324,1.0,False,True,0.08838833842869565,Run 1::agentmemorybench:fact-mh-262k:context-0/factconsolidation_mh_262k_no2,True,0.0,1.3749999227002263,False
Run 1,agentmemorybench:fact-mh-262k:context-0/factconsolidation_mh_262k_no20,1,7,0.1428571428571428,0.0,-4.062499858438969,0.016946303264322247,0.0,False,True,0.08838844511290563,Run 1::agentmemorybench:fact-mh-262k:context-0/factconsolidation_mh_262k_no20,False,,,False
Run 1,agentmemorybench:fact-mh-262k:context-0/factconsolidation_mh_262k_no20,2,7,0.2857142857142857,0.0,-4.187499968800694,0.01498500999492475,0.0,False,True,0.08838859591959795,Run 1::agentmemorybench:fact-mh-262k:context-0/factconsolidation_mh_262k_no20,False,0.0,-0.1250001103617251,False
Run 1,agentmemorybench:fact-mh-262k:context-0/factconsolidation_mh_262k_no20,3,7,0.4285714285714285,0.0,0.8124999552965164,0.6924818539181614,1.0,False,True,0.0883883687217427,Run 1::agentmemorybench:fact-mh-262k:context-0/factconsolidation_mh_262k_no20,True,0.0,4.99999992409721,False
Run 1,agentmemorybench:fact-mh-262k:context-0/factconsolidation_mh_262k_no20,4,7,0.5714285714285714,0.0,0.25,0.5621765008857981,1.0,False,True,0.0,Run 1::agentmemorybench:fact-mh-262k:context-0/factconsolidation_mh_262k_no20,True,0.0,-0.5624999552965164,False
Run 1,agentmemorybench:fact-mh-262k:context-0/factconsolidation_mh_262k_no20,5,7,0.7142857142857143,0.0,0.9999999403953552,0.7310585669110203,1.0,False,True,0.0,Run 1::agentmemorybench:fact-mh-262k:context-0/factconsolidation_mh_262k_no20,True,0.0,0.7499999403953552,False
Run 1,agentmemorybench:fact-mh-262k:context-0/factconsolidation_mh_262k_no20,6,7,0.8571428571428571,0.0,0.5000000149011612,0.6224593347036828,1.0,False,True,2.1073424255447017e-08,Run 1::agentmemorybench:fact-mh-262k:context-0/factconsolidation_mh_262k_no20,True,0.0,-0.49999992549419403,False
Run 1,agentmemorybench:fact-mh-262k:context-0/factconsolidation_mh_262k_no20,7,7,1.0,1.0,3.624999923631549,0.974042640871336,1.0,False,True,0.0,Run 1::agentmemorybench:fact-mh-262k:context-0/factconsolidation_mh_262k_no20,True,1.0,3.1249999087303877,True
Run 1,agentmemorybench:fact-mh-262k:context-0/factconsolidation_mh_262k_no21,1,4,0.25,0.0,-4.375000074505806,0.0124316499384702,0.0,True,False,0.0,Run 1::agentmemorybench:fact-mh-262k:context-0/factconsolidation_mh_262k_no21,False,,,False
Run 1,agentmemorybench:fact-mh-262k:context-0/factconsolidation_mh_262k_no21,2,4,0.5,0.0,2.875000085681677,0.9465966745315056,1.0,True,False,0.0,Run 1::agentmemorybench:fact-mh-262k:context-0/factconsolidation_mh_262k_no21,True,0.0,7.250000160187483,False
Run 1,agentmemorybench:fact-mh-262k:context-0/factconsolidation_mh_262k_no21,3,4,0.75,1.0,5.7500001976732165,0.9968273177826794,1.0,True,False,0.0,Run 1::agentmemorybench:fact-mh-262k:context-0/factconsolidation_mh_262k_no21,True,1.0,2.8750001119915396,True
Run 1,agentmemorybench:fact-mh-262k:context-0/factconsolidation_mh_262k_no21,4,4,1.0,1.0,5.500000111758709,0.9959298627371258,1.0,True,False,0.0,Run 1::agentmemorybench:fact-mh-262k:context-0/factconsolidation_mh_262k_no21,True,0.0,-0.2500000859145075,False
Run 1,agentmemorybench:fact-mh-262k:context-0/factconsolidation_mh_262k_no22,1,9,0.1111111111111111,0.0,-4.7500002002343535,0.0085774837109368,0.0,False,False,0.0,Run 1::agentmemorybench:fact-mh-262k:context-0/factconsolidation_mh_262k_no22,False,,,False
Run 1,agentmemorybench:fact-mh-262k:context-0/factconsolidation_mh_262k_no22,2,9,0.2222222222222222,0.0,2.874999962747097,0.9465966683169889,1.0,False,False,0.0,Run 1::agentmemorybench:fact-mh-262k:context-0/factconsolidation_mh_262k_no22,True,0.0,7.625000162981451,False
Run 1,agentmemorybench:fact-mh-262k:context-0/factconsolidation_mh_262k_no22,3,9,0.3333333333333333,0.3333333333333333,1.6250000149011612,0.8354835391516133,1.0,False,False,2.1073424255447017e-08,Run 1::agentmemorybench:fact-mh-262k:context-0/factconsolidation_mh_262k_no22,True,0.3333333333333333,-1.2499999478459358,True
Run 1,agentmemorybench:fact-mh-262k:context-0/factconsolidation_mh_262k_no22,4,9,0.4444444444444444,0.3333333333333333,-0.5,0.3775406687981454,0.0,False,False,0.0,Run 1::agentmemorybench:fact-mh-262k:context-0/factconsolidation_mh_262k_no22,False,0.0,-2.125000014901161,False
Run 1,agentmemorybench:fact-mh-262k:context-0/factconsolidation_mh_262k_no22,5,9,0.5555555555555556,0.3333333333333333,-2.125000074505806,0.1066905868446735,0.0,False,False,0.0,Run 1::agentmemorybench:fact-mh-262k:context-0/factconsolidation_mh_262k_no22,False,0.0,-1.625000074505806,False
Run 1,agentmemorybench:fact-mh-262k:context-0/factconsolidation_mh_262k_no22,6,9,0.6666666666666666,0.3333333333333333,-1.999999962747097,0.11920292593343355,0.0,False,False,7.375698489406456e-08,Run 1::agentmemorybench:fact-mh-262k:context-0/factconsolidation_mh_262k_no22,False,0.0,0.12500011175870895,False
Run 1,agentmemorybench:fact-mh-262k:context-0/factconsolidation_mh_262k_no22,7,9,0.7777777777777778,0.6666666666666666,1.1875,0.7661074238436337,1.0,False,False,0.08838838979516696,Run 1::agentmemorybench:fact-mh-262k:context-0/factconsolidation_mh_262k_no22,True,0.3333333333333333,3.187499962747097,True
Run 1,agentmemorybench:fact-mh-262k:context-0/factconsolidation_mh_262k_no22,8,9,0.8888888888888888,0.6666666666666666,2.8750001154839993,0.9465966760380548,1.0,False,False,0.0,Run 1::agentmemorybench:fact-mh-262k:context-0/factconsolidation_mh_262k_no22,True,0.0,1.6875001154839993,False
Run 1,agentmemorybench:fact-mh-262k:context-0/factconsolidation_mh_262k_no22,9,9,1.0,0.6666666666666666,9.624999644685886,0.9999339478316775,1.0,False,False,0.0,Run 1::agentmemorybench:fact-mh-262k:context-0/factconsolidation_mh_262k_no22,True,0.0,6.749999529201887,False
Run 1,agentmemorybench:fact-mh-262k:context-0/factconsolidation_mh_262k_no23,1,5,0.2,0.0,-4.374999818392098,0.0124316530828052,0.0,True,False,0.0,Run 1::agentmemorybench:fact-mh-262k:context-0/factconsolidation_mh_262k_no23,False,,,False
Run 1,agentmemorybench:fact-mh-262k:context-0/factconsolidation_mh_262k_no23,2,5,0.4,0.0,0.125,0.5312093733737563,1.0,True,False,0.0,Run 1::agentmemorybench:fact-mh-262k:context-0/factconsolidation_mh_262k_no23,True,0.0,4.499999818392098,False
Run 1,agentmemorybench:fact-mh-262k:context-0/factconsolidation_mh_262k_no23,3,5,0.6,0.5,1.25,0.7772998611746911,1.0,True,False,0.0,Run 1::agentmemorybench:fact-mh-262k:context-0/factconsolidation_mh_262k_no23,True,0.5,1.125,True
Run 1,agentmemorybench:fact-mh-262k:context-0/factconsolidation_mh_262k_no23,4,5,0.8,0.5,3.2499999571591616,0.9626731111164453,1.0,True,False,9.21962311175807e-08,Run 1::agentmemorybench:fact-mh-262k:context-0/factconsolidation_mh_262k_no23,True,0.0,1.9999999571591616,False
Run 1,agentmemorybench:fact-mh-262k:context-0/factconsolidation_mh_262k_no23,5,5,1.0,1.0,7.374999839696102,0.9993736657415496,1.0,True,False,0.0,Run 1::agentmemorybench:fact-mh-262k:context-0/factconsolidation_mh_262k_no23,True,0.5,4.12499988253694,True
Run 1,agentmemorybench:fact-mh-262k:context-0/factconsolidation_mh_262k_no24,1,3,0.3333333333333333,0.0,-3.1249999590218067,0.0420877295677101,0.0,True,False,0.0,Run 1::agentmemorybench:fact-mh-262k:context-0/factconsolidation_mh_262k_no24,False,,,False
Run 1,agentmemorybench:fact-mh-262k:context-0/factconsolidation_mh_262k_no24,2,3,0.6666666666666666,0.0,3.3125000707805157,0.9647935696035503,1.0,True,False,0.08838830023311386,Run 1::agentmemorybench:fact-mh-262k:context-0/factconsolidation_mh_262k_no24,True,0.0,6.437500029802322,False
Run 1,agentmemorybench:fact-mh-262k:context-0/factconsolidation_mh_262k_no24,3,3,1.0,0.5,8.874999652602128,0.9998590845556405,1.0,True,False,0.17677652319014564,Run 1::agentmemorybench:fact-mh-262k:context-0/factconsolidation_mh_262k_no24,True,0.5,5.562499581821612,True
Run 1,agentmemorybench:fact-mh-262k:context-0/factconsolidation_mh_262k_no25,1,8,0.125,0.0,-3.7500000800937414,0.0229773681119684,0.0,True,True,0.0,Run 1::agentmemorybench:fact-mh-262k:context-0/factconsolidation_mh_262k_no25,False,,,False
Run 1,agentmemorybench:fact-mh-262k:context-0/factconsolidation_mh_262k_no25,2,8,0.25,0.0,-0.6875000149011612,0.3347332149694297,0.0,True,True,0.08838841086859121,Run 1::agentmemorybench:fact-mh-262k:context-0/factconsolidation_mh_262k_no25,False,0.0,3.0625000651925802,False
Run 1,agentmemorybench:fact-mh-262k:context-0/factconsolidation_mh_262k_no25,3,8,0.375,0.25,1.0000000298023224,0.731058584489497,1.0,True,True,0.0,Run 1::agentmemorybench:fact-mh-262k:context-0/factconsolidation_mh_262k_no25,True,0.25,1.6875000447034836,True
Run 1,agentmemorybench:fact-mh-262k:context-0/factconsolidation_mh_262k_no25,4,8,0.5,0.25,2.6875000428408384,0.9361833319081341,1.0,True,True,0.0883883450141404,Run 1::agentmemorybench:fact-mh-262k:context-0/factconsolidation_mh_262k_no25,True,0.0,1.687500013038516,False
Run 1,agentmemorybench:fact-mh-262k:context-0/factconsolidation_mh_262k_no25,5,8,0.625,0.25,3.500000102445483,0.9706877721635272,1.0,True,True,0.0,Run 1::agentmemorybench:fact-mh-262k:context-0/factconsolidation_mh_262k_no25,True,0.0,0.8125000596046448,False
Run 1,agentmemorybench:fact-mh-262k:context-0/factconsolidation_mh_262k_no25,6,8,0.75,0.25,3.312499964609742,0.9647935657811102,1.0,True,True,0.08838845564961775,Run 1::agentmemorybench:fact-mh-262k:context-0/factconsolidation_mh_262k_no25,True,0.0,-0.18750013783574104,False
Run 1,agentmemorybench:fact-mh-262k:context-0/factconsolidation_mh_262k_no25,7,8,0.875,0.25,6.5625000527943484,0.998586897738029,1.0,True,True,0.08838833949883015,Run 1::agentmemorybench:fact-mh-262k:context-0/factconsolidation_mh_262k_no25,True,0.0,3.2500000881846063,False
Run 1,agentmemorybench:fact-mh-262k:context-0/factconsolidation_mh_262k_no25,8,8,1.0,0.25,4.93749986239709,0.9928649529000294,1.0,True,True,0.08838844214945533,Run 1::agentmemorybench:fact-mh-262k:context-0/factconsolidation_mh_262k_no25,True,0.0,-1.6250001903972588,False
Run 1,agentmemorybench:fact-mh-262k:context-0/factconsolidation_mh_262k_no26,1,3,0.3333333333333333,0.0,-4.500000196509063,0.0109869404952807,0.0,True,False,0.0,Run 1::agentmemorybench:fact-mh-262k:context-0/factconsolidation_mh_262k_no26,False,,,False
Run 1,agentmemorybench:fact-mh-262k:context-0/factconsolidation_mh_262k_no26,2,3,0.6666666666666666,0.0,1.7500000447034836,0.8512596534412837,1.0,True,False,0.17677677959033392,Run 1::agentmemorybench:fact-mh-262k:context-0/factconsolidation_mh_262k_no26,True,0.0,6.250000241212547,False
Run 1,agentmemorybench:fact-mh-262k:context-0/factconsolidation_mh_262k_no26,3,3,1.0,1.0,7.2499998972634785,0.999290329528042,1.0,True,False,0.0,Run 1::agentmemorybench:fact-mh-262k:context-0/factconsolidation_mh_262k_no26,True,1.0,5.499999852559995,True
Run 1,agentmemorybench:fact-mh-262k:context-0/factconsolidation_mh_262k_no27,1,8,0.125,0.0,-4.499999849125743,0.0109869442700276,0.0,False,True,0.0,Run 1::agentmemorybench:fact-mh-262k:context-0/factconsolidation_mh_262k_no27,False,,,False
Run 1,agentmemorybench:fact-mh-262k:context-0/factconsolidation_mh_262k_no27,2,8,0.25,0.0,-1.3750000447034836,0.2018132150593341,0.0,False,True,0.0,Run 1::agentmemorybench:fact-mh-262k:context-0/factconsolidation_mh_262k_no27,False,0.0,3.1249998044222593,False
Run 1,agentmemorybench:fact-mh-262k:context-0/factconsolidation_mh_262k_no27,3,8,0.375,0.0,0.0625,0.5156046866868782,0.5,False,True,0.08838834764831845,Run 1::agentmemorybench:fact-mh-262k:context-0/factconsolidation_mh_262k_no27,True,0.0,1.4375000447034836,False
Run 1,agentmemorybench:fact-mh-262k:context-0/factconsolidation_mh_262k_no27,4,8,0.5,0.5,1.1875000149011612,0.7661074267781479,1.0,False,True,0.08838832657489419,Run 1::agentmemorybench:fact-mh-262k:context-0/factconsolidation_mh_262k_no27,True,0.5,1.1250000149011612,True
Run 1,agentmemorybench:fact-mh-262k:context-0/factconsolidation_mh_262k_no27,5,8,0.625,0.5,1.9375,0.8739164189667017,1.0,False,True,0.08838832657489419,Run 1::agentmemorybench:fact-mh-262k:context-0/factconsolidation_mh_262k_no27,True,0.0,0.7499999850988388,False
Run 1,agentmemorybench:fact-mh-262k:context-0/factconsolidation_mh_262k_no27,6,8,0.75,0.5,4.812499966938049,0.9919226363959294,1.0,False,True,0.08838834303850689,Run 1::agentmemorybench:fact-mh-262k:context-0/factconsolidation_mh_262k_no27,True,0.0,2.8749999669380486,False
Run 1,agentmemorybench:fact-mh-262k:context-0/factconsolidation_mh_262k_no27,7,8,0.875,0.5,3.6250000428408384,0.9740426438853726,1.0,False,True,3.687849244703228e-08,Run 1::agentmemorybench:fact-mh-262k:context-0/factconsolidation_mh_262k_no27,True,0.0,-1.1874999240972102,False
Run 1,agentmemorybench:fact-mh-262k:context-0/factconsolidation_mh_262k_no27,8,8,1.0,0.5,5.249999984400347,0.9947396793284585,1.0,False,True,0.17677685367659104,Run 1::agentmemorybench:fact-mh-262k:context-0/factconsolidation_mh_262k_no27,True,0.0,1.6249999415595084,False
Run 1,agentmemorybench:fact-mh-262k:context-0/factconsolidation_mh_262k_no28,1,5,0.2,0.0,-3.625000074505806,0.0259573553140239,0.0,True,False,0.0,Run 1::agentmemorybench:fact-mh-262k:context-0/factconsolidation_mh_262k_no28,False,,,False
Run 1,agentmemorybench:fact-mh-262k:context-0/factconsolidation_mh_262k_no28,2,5,0.4,0.0,2.1249999701976776,0.8933094032139576,1.0,True,False,0.0,Run 1::agentmemorybench:fact-mh-262k:context-0/factconsolidation_mh_262k_no28,True,0.0,5.750000044703484,False
Run 1,agentmemorybench:fact-mh-262k:context-0/factconsolidation_mh_262k_no28,3,5,0.6,0.5,2.8749998845160007,0.946596664362296,1.0,True,False,0.0,Run 1::agentmemorybench:fact-mh-262k:context-0/factconsolidation_mh_262k_no28,True,0.5,0.7499999143183231,True
Run 1,agentmemorybench:fact-mh-262k:context-0/factconsolidation_mh_262k_no28,4,5,0.8,0.5,3.250000024214387,0.9626731135259803,1.0,True,False,3.9512670478963156e-08,Run 1::agentmemorybench:fact-mh-262k:context-0/factconsolidation_mh_262k_no28,True,0.0,0.3750001396983862,False
Run 1,agentmemorybench:fact-mh-262k:context-0/factconsolidation_mh_262k_no28,5,5,1.0,1.0,6.749999873689376,0.9988213731322442,1.0,True,False,0.1767766185762017,Run 1::agentmemorybench:fact-mh-262k:context-0/factconsolidation_mh_262k_no28,True,0.5,3.499999849474989,True
Run 1,agentmemorybench:fact-mh-262k:context-0/factconsolidation_mh_262k_no29,1,4,0.25,0.0,-4.374999913387001,0.0124316519165427,0.0,True,False,0.0,Run 1::agentmemorybench:fact-mh-262k:context-0/factconsolidation_mh_262k_no29,False,,,False
Run 1,agentmemorybench:fact-mh-262k:context-0/factconsolidation_mh_262k_no29,2,4,0.5,0.0,1.25,0.7772998611746911,1.0,True,False,0.0,Run 1::agentmemorybench:fact-mh-262k:context-0/factconsolidation_mh_262k_no29,True,0.0,5.624999913387001,False
Run 1,agentmemorybench:fact-mh-262k:context-0/factconsolidation_mh_262k_no29,3,4,0.75,0.0,3.1250001154839993,0.9579122767402743,1.0,True,False,0.0,Run 1::agentmemorybench:fact-mh-262k:context-0/factconsolidation_mh_262k_no29,True,0.0,1.8750001154839993,False
Run 1,agentmemorybench:fact-mh-262k:context-0/factconsolidation_mh_262k_no29,4,4,1.0,1.0,9.000000007683411,0.9998766054249618,1.0,True,False,0.0,Run 1::agentmemorybench:fact-mh-262k:context-0/factconsolidation_mh_262k_no29,True,1.0,5.874999892199412,True
Run 1,agentmemorybench:fact-mh-262k:context-0/factconsolidation_mh_262k_no3,1,3,0.3333333333333333,0.0,-4.375000060535967,0.0124316501099794,0.0,False,False,0.0,Run 1::agentmemorybench:fact-mh-262k:context-0/factconsolidation_mh_262k_no3,False,,,False
Run 1,agentmemorybench:fact-mh-262k:context-0/factconsolidation_mh_262k_no3,2,3,0.6666666666666666,0.0,3.312500035390258,0.9647935683832529,1.0,False,False,0.08838831340400402,Run 1::agentmemorybench:fact-mh-262k:context-0/factconsolidation_mh_262k_no3,True,0.0,7.687500095926225,False
Run 1,agentmemorybench:fact-mh-262k:context-0/factconsolidation_mh_262k_no3,3,3,1.0,0.5,5.874999905703589,0.9971990727695016,1.0,False,False,0.0,Run 1::agentmemorybench:fact-mh-262k:context-0/factconsolidation_mh_262k_no3,True,0.5,2.5624998703133315,True
Run 1,agentmemorybench:fact-mh-262k:context-0/factconsolidation_mh_262k_no30,1,3,0.3333333333333333,0.0,-3.874999994412065,0.0203323534539645,0.0,True,False,0.0,Run 1::agentmemorybench:fact-mh-262k:context-0/factconsolidation_mh_262k_no30,False,,,False
Run 1,agentmemorybench:fact-mh-262k:context-0/factconsolidation_mh_262k_no30,2,3,0.6666666666666666,0.0,2.812499923631549,0.9432550058987261,1.0,True,False,0.08838836081920813,Run 1::agentmemorybench:fact-mh-262k:context-0/factconsolidation_mh_262k_no30,True,0.0,6.687499918043613,False
Run 1,agentmemorybench:fact-mh-262k:context-0/factconsolidation_mh_262k_no30,3,3,1.0,1.0,10.25000000073851,0.9999643671982156,1.0,True,False,0.17677669503939294,Run 1::agentmemorybench:fact-mh-262k:context-0/factconsolidation_mh_262k_no30,True,1.0,7.437500077106961,True
Run 1,agentmemorybench:fact-mh-262k:context-0/factconsolidation_mh_262k_no31,1,5,0.2,0.0,-4.624999821186066,0.009708478200631,0.0,True,False,0.0,Run 1::agentmemorybench:fact-mh-262k:context-0/factconsolidation_mh_262k_no31,False,,,False
Run 1,agentmemorybench:fact-mh-262k:context-0/factconsolidation_mh_262k_no31,2,5,0.4,0.0,0.6874999850988388,0.6652667785367935,1.0,True,False,0.0883883687217427,Run 1::agentmemorybench:fact-mh-262k:context-0/factconsolidation_mh_262k_no31,True,0.0,5.3124998062849045,False
Run 1,agentmemorybench:fact-mh-262k:context-0/factconsolidation_mh_262k_no31,3,5,0.6,0.5,-1.0624999850988388,0.25701322018092954,0.0,True,False,0.0883883687217427,Run 1::agentmemorybench:fact-mh-262k:context-0/factconsolidation_mh_262k_no31,False,0.5,-1.7499999701976776,True
Run 1,agentmemorybench:fact-mh-262k:context-0/factconsolidation_mh_262k_no31,4,5,0.8,0.5,3.124999951571226,0.9579122701319096,1.0,True,False,5.795191670247929e-08,Run 1::agentmemorybench:fact-mh-262k:context-0/factconsolidation_mh_262k_no31,True,0.0,4.187499936670065,False
Run 1,agentmemorybench:fact-mh-262k:context-0/factconsolidation_mh_262k_no31,5,5,1.0,1.0,8.5625001379085,0.9998085225527277,1.0,True,False,0.08838834439675493,Run 1::agentmemorybench:fact-mh-262k:context-0/factconsolidation_mh_262k_no31,True,0.5,5.4375001863372745,True
Run 1,agentmemorybench:fact-mh-262k:context-0/factconsolidation_mh_262k_no32,1,22,0.0454545454545454,0.0,-3.8749999441206455,0.0203323544557167,0.0,False,False,0.0,Run 1::agentmemorybench:fact-mh-262k:context-0/factconsolidation_mh_262k_no32,False,,,False
Run 1,agentmemorybench:fact-mh-262k:context-0/factconsolidation_mh_262k_no32,2,22,0.0909090909090909,0.0,-7.000000209489372,0.000911051003719,0.0,False,False,0.0,Run 1::agentmemorybench:fact-mh-262k:context-0/factconsolidation_mh_262k_no32,False,0.0,-3.125000265368726,False
Run 1,agentmemorybench:fact-mh-262k:context-0/factconsolidation_mh_262k_no32,3,22,0.1363636363636363,0.0,-5.999999941093847,0.0024726233019273,0.0,False,False,3.325649765312732e-08,Run 1::agentmemorybench:fact-mh-262k:context-0/factconsolidation_mh_262k_no32,False,0.0,1.0000002683955245,False
Run 1,agentmemorybench:fact-mh-262k:context-0/factconsolidation_mh_262k_no32,4,22,0.1818181818181818,0.0,-2.6250000819563866,0.0675466859776771,0.0,False,False,0.0,Run 1::agentmemorybench:fact-mh-262k:context-0/factconsolidation_mh_262k_no32,False,0.0,3.3749998591374606,False
Run 1,agentmemorybench:fact-mh-262k:context-0/factconsolidation_mh_262k_no32,5,22,0.2272727272727272,0.0,-6.625000202213414,0.0013250221496309,0.0,False,False,0.0,Run 1::agentmemorybench:fact-mh-262k:context-0/factconsolidation_mh_262k_no32,False,0.0,-4.0000001202570274,False
Run 1,agentmemorybench:fact-mh-262k:context-0/factconsolidation_mh_262k_no32,6,22,0.2727272727272727,0.0,-8.62499984074384,0.0001795279979325,0.0,False,False,0.0,Run 1::agentmemorybench:fact-mh-262k:context-0/factconsolidation_mh_262k_no32,False,0.0,-1.9999996385304257,False
Run 1,agentmemorybench:fact-mh-262k:context-0/factconsolidation_mh_262k_no32,7,22,0.3181818181818182,0.0,-8.249999987485353,0.00026119032236355004,0.0,False,False,4.1076713685422114e-07,Run 1::agentmemorybench:fact-mh-262k:context-0/factconsolidation_mh_262k_no32,False,0.0,0.37499985325848684,False
Run 1,agentmemorybench:fact-mh-262k:context-0/factconsolidation_mh_262k_no32,8,22,0.3636363636363636,0.0,-8.187499770108843,0.0002785737843636,0.0,False,False,0.08838867613855082,Run 1::agentmemorybench:fact-mh-262k:context-0/factconsolidation_mh_262k_no32,False,0.0,0.06250021737650968,False
Run 1,agentmemorybench:fact-mh-262k:context-0/factconsolidation_mh_262k_no32,9,22,0.4090909090909091,0.0,-7.874999778752681,0.0003799845987904,0.0,False,False,0.0,Run 1::agentmemorybench:fact-mh-262k:context-0/factconsolidation_mh_262k_no32,False,0.0,0.31249999135616235,False
Run 1,agentmemorybench:fact-mh-262k:context-0/factconsolidation_mh_262k_no32,10,22,0.4545454545454545,0.0,-4.87499996367842,0.0075772415409928,0.0,False,False,0.0,Run 1::agentmemorybench:fact-mh-262k:context-0/factconsolidation_mh_262k_no32,False,0.0,2.9999998150742613,False
Run 1,agentmemorybench:fact-mh-262k:context-0/factconsolidation_mh_262k_no32,11,22,0.5,0.0,-4.00000006519258,0.0181193712644227,0.0,False,False,0.17677662680800804,Run 1::agentmemorybench:fact-mh-262k:context-0/factconsolidation_mh_262k_no32,False,0.0,0.8749998984858394,False
Run 1,agentmemorybench:fact-mh-262k:context-0/factconsolidation_mh_262k_no32,12,22,0.5454545454545454,0.0,-2.999999888241291,0.0474258782264522,0.0,False,False,0.0,Run 1::agentmemorybench:fact-mh-262k:context-0/factconsolidation_mh_262k_no32,False,0.0,1.0000001769512892,False
Run 1,agentmemorybench:fact-mh-262k:context-0/factconsolidation_mh_262k_no32,13,22,0.5909090909090909,0.0,-0.5624999850988388,0.36309290544997563,0.0,False,False,0.08838832657489419,Run 1::agentmemorybench:fact-mh-262k:context-0/factconsolidation_mh_262k_no32,False,0.0,2.4374999031424522,False
Run 1,agentmemorybench:fact-mh-262k:context-0/factconsolidation_mh_262k_no32,14,22,0.6363636363636364,0.0,-4.937500033760443,0.00713504584849235,0.0,False,False,0.08838832031872136,Run 1::agentmemorybench:fact-mh-262k:context-0/factconsolidation_mh_262k_no32,False,0.0,-4.3750000486616045,False
Run 1,agentmemorybench:fact-mh-262k:context-0/factconsolidation_mh_262k_no32,15,22,0.6818181818181818,0.0,-5.812500065541826,0.002986804738474,0.0,False,False,0.08838856842536474,Run 1::agentmemorybench:fact-mh-262k:context-0/factconsolidation_mh_262k_no32,False,0.0,-0.8750000317813829,False
Run 1,agentmemorybench:fact-mh-262k:context-0/factconsolidation_mh_262k_no32,16,22,0.7272727272727273,0.0,-4.125000081025064,0.015906390443498848,0.0,False,False,1.778070171553342e-07,Run 1::agentmemorybench:fact-mh-262k:context-0/factconsolidation_mh_262k_no32,False,0.0,1.6874999845167622,False
Run 1,agentmemorybench:fact-mh-262k:context-0/factconsolidation_mh_262k_no32,17,22,0.7727272727272727,0.0,-2.6250000037252903,0.0679724142272736,0.0,False,False,0.17677656358773514,Run 1::agentmemorybench:fact-mh-262k:context-0/factconsolidation_mh_262k_no32,False,0.0,1.5000000772997737,False
Run 1,agentmemorybench:fact-mh-262k:context-0/factconsolidation_mh_262k_no32,18,22,0.8181818181818182,0.0,-2.4374999552965164,0.0804786157057802,0.0,False,False,0.08838830550146994,Run 1::agentmemorybench:fact-mh-262k:context-0/factconsolidation_mh_262k_no32,False,0.0,0.18750004842877388,False
Run 1,agentmemorybench:fact-mh-262k:context-0/factconsolidation_mh_262k_no32,19,22,0.8636363636363636,0.25,-1.1250000298023224,0.2450850076183952,0.0,False,False,0.0,Run 1::agentmemorybench:fact-mh-262k:context-0/factconsolidation_mh_262k_no32,False,0.25,1.312499925494194,True
Run 1,agentmemorybench:fact-mh-262k:context-0/factconsolidation_mh_262k_no32,20,22,0.9090909090909092,0.25,-2.375000052154064,0.0850990409464511,0.0,False,False,6.322027323736878e-08,Run 1::agentmemorybench:fact-mh-262k:context-0/factconsolidation_mh_262k_no32,False,0.0,-1.2500000223517418,False
Run 1,agentmemorybench:fact-mh-262k:context-0/factconsolidation_mh_262k_no32,21,22,0.9545454545454546,0.25,-2.749999964609742,0.06008665217271645,0.0,False,False,1.843924622351614e-08,Run 1::agentmemorybench:fact-mh-262k:context-0/factconsolidation_mh_262k_no32,False,0.0,-0.374999912455678,False
Run 1,agentmemorybench:fact-mh-262k:context-0/factconsolidation_mh_262k_no32,22,22,1.0,0.25,-4.562499976716936,0.01034770977171995,0.0,False,False,0.08838829628184681,Run 1::agentmemorybench:fact-mh-262k:context-0/factconsolidation_mh_262k_no32,False,0.0,-1.8125000121071935,False
Run 1,agentmemorybench:fact-mh-262k:context-0/factconsolidation_mh_262k_no33,1,12,0.0833333333333333,0.0,-4.374999783933163,0.0124316535058613,0.0,False,True,0.0,Run 1::agentmemorybench:fact-mh-262k:context-0/factconsolidation_mh_262k_no33,False,,,False
Run 1,agentmemorybench:fact-mh-262k:context-0/factconsolidation_mh_262k_no33,2,12,0.1666666666666666,0.0,0.125,0.5312093733737563,1.0,False,True,0.0,Run 1::agentmemorybench:fact-mh-262k:context-0/factconsolidation_mh_262k_no33,True,0.0,4.499999783933163,False
Run 1,agentmemorybench:fact-mh-262k:context-0/factconsolidation_mh_262k_no33,3,12,0.25,0.3333333333333333,2.2500000186264515,0.9046505367075697,1.0,False,True,1.2117218993984808e-07,Run 1::agentmemorybench:fact-mh-262k:context-0/factconsolidation_mh_262k_no33,True,0.3333333333333333,2.1250000186264515,True
Run 1,agentmemorybench:fact-mh-262k:context-0/factconsolidation_mh_262k_no33,4,12,0.3333333333333333,0.3333333333333333,0.9375000298023224,0.7184218094220354,1.0,False,True,0.08838830550146994,Run 1::agentmemorybench:fact-mh-262k:context-0/factconsolidation_mh_262k_no33,True,0.0,-1.312499988824129,False
Run 1,agentmemorybench:fact-mh-262k:context-0/factconsolidation_mh_262k_no33,5,12,0.4166666666666667,0.3333333333333333,-0.25,0.4378234991142019,0.0,False,True,0.0,Run 1::agentmemorybench:fact-mh-262k:context-0/factconsolidation_mh_262k_no33,False,0.0,-1.1875000298023224,False
Run 1,agentmemorybench:fact-mh-262k:context-0/factconsolidation_mh_262k_no33,6,12,0.5,0.3333333333333333,0.3125,0.5774215504199338,1.0,False,True,0.08838834764831845,Run 1::agentmemorybench:fact-mh-262k:context-0/factconsolidation_mh_262k_no33,True,0.0,0.5625,False
Run 1,agentmemorybench:fact-mh-262k:context-0/factconsolidation_mh_262k_no33,7,12,0.5833333333333334,0.3333333333333333,-1.8749999776482582,0.1336250620587475,0.0,False,True,0.17677662153965198,Run 1::agentmemorybench:fact-mh-262k:context-0/factconsolidation_mh_262k_no33,False,0.0,-2.187499977648258,False
Run 1,agentmemorybench:fact-mh-262k:context-0/factconsolidation_mh_262k_no33,8,12,0.6666666666666666,0.3333333333333333,-2.6875000670552254,0.0638166668213036,0.0,False,True,0.08838842140530334,Run 1::agentmemorybench:fact-mh-262k:context-0/factconsolidation_mh_262k_no33,False,0.0,-0.8125000894069672,False
Run 1,agentmemorybench:fact-mh-262k:context-0/factconsolidation_mh_262k_no33,9,12,0.75,0.3333333333333333,-3.5624999227002263,0.0276347960500141,0.0,False,True,0.08838834633122958,Run 1::agentmemorybench:fact-mh-262k:context-0/factconsolidation_mh_262k_no33,False,0.0,-0.8749998556450009,False
Run 1,agentmemorybench:fact-mh-262k:context-0/factconsolidation_mh_262k_no33,10,12,0.8333333333333334,0.3333333333333333,-4.999999932013452,0.0066928513762633,0.0,False,True,1.8241682871121322e-07,Run 1::agentmemorybench:fact-mh-262k:context-0/factconsolidation_mh_262k_no33,False,0.0,-1.4375000093132257,False
Run 1,agentmemorybench:fact-mh-262k:context-0/factconsolidation_mh_262k_no33,11,12,0.9166666666666666,0.3333333333333333,-4.5624998467974365,0.0103477111123278,0.0,False,True,0.08838831933090459,Run 1::agentmemorybench:fact-mh-262k:context-0/factconsolidation_mh_262k_no33,False,0.0,0.4375000852160156,False
Run 1,agentmemorybench:fact-mh-262k:context-0/factconsolidation_mh_262k_no33,12,12,1.0,0.3333333333333333,-4.187500084284693,0.014985008122283698,0.0,False,True,0.08838832986761672,Run 1::agentmemorybench:fact-mh-262k:context-0/factconsolidation_mh_262k_no33,False,0.0,0.3749997625127435,False
Run 1,agentmemorybench:fact-mh-262k:context-0/factconsolidation_mh_262k_no34,1,13,0.0769230769230769,0.0,-5.2500001126900315,0.005220125108373,0.0,False,False,0.0,Run 1::agentmemorybench:fact-mh-262k:context-0/factconsolidation_mh_262k_no34,False,,,False
Run 1,agentmemorybench:fact-mh-262k:context-0/factconsolidation_mh_262k_no34,2,13,0.1538461538461538,0.0,-3.625000085681677,0.025957355031458,0.0,False,False,0.0,Run 1::agentmemorybench:fact-mh-262k:context-0/factconsolidation_mh_262k_no34,False,0.0,1.6250000270083547,False
Run 1,agentmemorybench:fact-mh-262k:context-0/factconsolidation_mh_262k_no34,3,13,0.2307692307692307,0.0,-6.874999932246283,0.0010322311066201,0.0,False,False,0.0,Run 1::agentmemorybench:fact-mh-262k:context-0/factconsolidation_mh_262k_no34,False,0.0,-3.249999846564606,False
Run 1,agentmemorybench:fact-mh-262k:context-0/factconsolidation_mh_262k_no34,4,13,0.3076923076923077,0.0,-6.375000032945536,0.00171395841958535,0.0,False,False,0.17677680148693878,Run 1::agentmemorybench:fact-mh-262k:context-0/factconsolidation_mh_262k_no34,False,0.0,0.4999998993007466,False
Run 1,agentmemorybench:fact-mh-262k:context-0/factconsolidation_mh_262k_no34,5,13,0.3846153846153846,0.0,-6.187500033760443,0.00205472547988765,0.0,False,False,0.08838828969640174,Run 1::agentmemorybench:fact-mh-262k:context-0/factconsolidation_mh_262k_no34,False,0.0,0.18749999918509275,False
Run 1,agentmemorybench:fact-mh-262k:context-0/factconsolidation_mh_262k_no34,6,13,0.4615384615384615,0.3333333333333333,-6.625000098254532,0.0013353461319305,0.0,False,False,0.17677671291270247,Run 1::agentmemorybench:fact-mh-262k:context-0/factconsolidation_mh_262k_no34,False,0.3333333333333333,-0.4375000644940883,True
Run 1,agentmemorybench:fact-mh-262k:context-0/factconsolidation_mh_262k_no34,7,13,0.5384615384615384,0.3333333333333333,-6.2499999408610165,0.001926734777053,0.0,False,False,0.0,Run 1::agentmemorybench:fact-mh-262k:context-0/factconsolidation_mh_262k_no34,False,0.0,0.3750001573935151,False
Run 1,agentmemorybench:fact-mh-262k:context-0/factconsolidation_mh_262k_no34,8,13,0.6153846153846154,0.3333333333333333,-5.562499824911356,0.0038318708053235,0.0,False,False,0.08838827784260059,Run 1::agentmemorybench:fact-mh-262k:context-0/factconsolidation_mh_262k_no34,False,0.0,0.6875001159496605,False
Run 1,agentmemorybench:fact-mh-262k:context-0/factconsolidation_mh_262k_no34,9,13,0.6923076923076923,0.3333333333333333,-6.437500027357601,0.0016009522962628,0.0,False,False,0.0883884316127432,Run 1::agentmemorybench:fact-mh-262k:context-0/factconsolidation_mh_262k_no34,False,0.0,-0.8750002024462447,False
Run 1,agentmemorybench:fact-mh-262k:context-0/factconsolidation_mh_262k_no34,10,13,0.7692307692307693,0.3333333333333333,-6.937499918218236,0.0009716412018653,0.0,False,False,0.08838850907404096,Run 1::agentmemorybench:fact-mh-262k:context-0/factconsolidation_mh_262k_no34,False,0.0,-0.4999998908606358,False
Run 1,agentmemorybench:fact-mh-262k:context-0/factconsolidation_mh_262k_no34,11,13,0.8461538461538461,0.3333333333333333,-7.312499974825187,0.00066800228657085,0.0,False,False,0.08838804722854571,Run 1::agentmemorybench:fact-mh-262k:context-0/factconsolidation_mh_262k_no34,False,0.0,-0.37500005660695024,False
Run 1,agentmemorybench:fact-mh-262k:context-0/factconsolidation_mh_262k_no34,12,13,0.9230769230769232,0.3333333333333333,-6.874999820603989,0.0010402809179847,0.0,False,False,0.17677671538224438,Run 1::agentmemorybench:fact-mh-262k:context-0/factconsolidation_mh_262k_no34,False,0.0,0.4375001542211976,False
Run 1,agentmemorybench:fact-mh-262k:context-0/factconsolidation_mh_262k_no34,13,13,1.0,0.3333333333333333,-6.499999979976565,0.00150118228675065,0.0,False,False,1.7352647785344652e-07,Run 1::agentmemorybench:fact-mh-262k:context-0/factconsolidation_mh_262k_no34,False,0.0,0.3749998406274244,False
Run 1,agentmemorybench:fact-mh-262k:context-0/factconsolidation_mh_262k_no35,1,8,0.125,0.0,-4.500000171363354,0.0109869407685197,0.0,True,True,0.0,Run 1::agentmemorybench:fact-mh-262k:context-0/factconsolidation_mh_262k_no35,False,,,False
Run 1,agentmemorybench:fact-mh-262k:context-0/factconsolidation_mh_262k_no35,2,8,0.25,0.0,1.6249999552965164,0.8354835309589073,1.0,True,True,0.0,Run 1::agentmemorybench:fact-mh-262k:context-0/factconsolidation_mh_262k_no35,True,0.0,6.12500012665987,False
Run 1,agentmemorybench:fact-mh-262k:context-0/factconsolidation_mh_262k_no35,3,8,0.375,0.0,1.4374999552965164,0.8078806199434805,1.0,True,True,0.0883883687217427,Run 1::agentmemorybench:fact-mh-262k:context-0/factconsolidation_mh_262k_no35,True,0.0,-0.1875,False
Run 1,agentmemorybench:fact-mh-262k:context-0/factconsolidation_mh_262k_no35,4,8,0.5,0.5,2.3750000447034836,0.9149009584734678,1.0,True,True,2.1073424255447017e-08,Run 1::agentmemorybench:fact-mh-262k:context-0/factconsolidation_mh_262k_no35,True,0.5,0.9375000894069672,True
Run 1,agentmemorybench:fact-mh-262k:context-0/factconsolidation_mh_262k_no35,5,8,0.625,0.5,1.8750000447034836,0.8670357649558005,1.0,True,True,6.322027276634104e-08,Run 1::agentmemorybench:fact-mh-262k:context-0/factconsolidation_mh_262k_no35,True,0.0,-0.5,False
Run 1,agentmemorybench:fact-mh-262k:context-0/factconsolidation_mh_262k_no35,6,8,0.75,0.75,1.9375000670552254,0.8739164261604204,1.0,True,True,0.08838837925845483,Run 1::agentmemorybench:fact-mh-262k:context-0/factconsolidation_mh_262k_no35,True,0.25,0.06250002235174179,True
Run 1,agentmemorybench:fact-mh-262k:context-0/factconsolidation_mh_262k_no35,7,8,0.875,0.75,3.562500092200935,0.9723652085130368,1.0,True,True,0.08838833842869533,Run 1::agentmemorybench:fact-mh-262k:context-0/factconsolidation_mh_262k_no35,True,0.0,1.6250000251457095,False
Run 1,agentmemorybench:fact-mh-262k:context-0/factconsolidation_mh_262k_no35,8,8,1.0,1.0,6.062500051106326,0.9976723303408527,1.0,True,True,0.0883881206150993,Run 1::agentmemorybench:fact-mh-262k:context-0/factconsolidation_mh_262k_no35,True,0.25,2.4999999589053914,True
Run 1,agentmemorybench:fact-mh-262k:context-0/factconsolidation_mh_262k_no36,1,10,0.1,0.0,-3.749999933876097,0.02297737139446825,0.0,False,True,6.980571784616823e-08,Run 1::agentmemorybench:fact-mh-262k:context-0/factconsolidation_mh_262k_no36,False,,,False
Run 1,agentmemorybench:fact-mh-262k:context-0/factconsolidation_mh_262k_no36,2,10,0.2,0.0,-1.75,0.1480471980316895,0.0,False,True,0.0,Run 1::agentmemorybench:fact-mh-262k:context-0/factconsolidation_mh_262k_no36,False,0.0,1.9999999338760972,False
Run 1,agentmemorybench:fact-mh-262k:context-0/factconsolidation_mh_262k_no36,3,10,0.3,0.0,-5.31249992758967,0.00491484924815765,0.0,False,True,0.08838814909714929,Run 1::agentmemorybench:fact-mh-262k:context-0/factconsolidation_mh_262k_no36,False,0.0,-3.56249992758967,False
Run 1,agentmemorybench:fact-mh-262k:context-0/factconsolidation_mh_262k_no36,4,10,0.4,0.25,-2.6249999813735485,0.06754669231280025,0.0,False,True,1.3170890159654385e-07,Run 1::agentmemorybench:fact-mh-262k:context-0/factconsolidation_mh_262k_no36,False,0.25,2.6874999462161213,True
Run 1,agentmemorybench:fact-mh-262k:context-0/factconsolidation_mh_262k_no36,5,10,0.5,0.25,0.9375000149011612,0.7184218063277718,1.0,False,True,0.08838832657489419,Run 1::agentmemorybench:fact-mh-262k:context-0/factconsolidation_mh_262k_no36,True,0.0,3.5624999962747097,False
Run 1,agentmemorybench:fact-mh-262k:context-0/factconsolidation_mh_262k_no36,6,10,0.6,0.25,2.624999925494194,0.9324533041676869,1.0,False,True,3.1610136854198264e-08,Run 1::agentmemorybench:fact-mh-262k:context-0/factconsolidation_mh_262k_no36,True,0.0,1.6874999105930328,False
Run 1,agentmemorybench:fact-mh-262k:context-0/factconsolidation_mh_262k_no36,7,10,0.7,0.25,1.4375000223517418,0.8078806303003154,1.0,False,True,0.08838837925845483,Run 1::agentmemorybench:fact-mh-262k:context-0/factconsolidation_mh_262k_no36,True,0.0,-1.1874999031424522,False
Run 1,agentmemorybench:fact-mh-262k:context-0/factconsolidation_mh_262k_no36,8,10,0.8,0.25,1.9374999701976776,0.8739164159909991,1.0,False,True,0.08838824228119717,Run 1::agentmemorybench:fact-mh-262k:context-0/factconsolidation_mh_262k_no36,True,0.0,0.4999999478459358,False
Run 1,agentmemorybench:fact-mh-262k:context-0/factconsolidation_mh_262k_no36,9,10,0.9,0.25,2.124999973922968,0.8933094035690066,1.0,False,True,2.634178031930877e-08,Run 1::agentmemorybench:fact-mh-262k:context-0/factconsolidation_mh_262k_no36,True,0.0,0.1875000037252903,False
Run 1,agentmemorybench:fact-mh-262k:context-0/factconsolidation_mh_262k_no36,10,10,1.0,0.25,7.500000099331373,0.9994429044134248,1.0,False,True,0.17677672464302652,Run 1::agentmemorybench:fact-mh-262k:context-0/factconsolidation_mh_262k_no36,True,0.0,5.375000125408405,False
Run 1,agentmemorybench:fact-mh-262k:context-0/factconsolidation_mh_262k_no37,1,4,0.25,0.0,-4.8750000349245965,0.007577241005233999,0.0,True,False,2.403687454136925e-07,Run 1::agentmemorybench:fact-mh-262k:context-0/factconsolidation_mh_262k_no37,False,,,False
Run 1,agentmemorybench:fact-mh-262k:context-0/factconsolidation_mh_262k_no37,2,4,0.5,0.0,3.0625000093132257,0.9552431998560416,1.0,True,False,0.0883883450141404,Run 1::agentmemorybench:fact-mh-262k:context-0/factconsolidation_mh_262k_no37,True,0.0,7.937500044237822,False
Run 1,agentmemorybench:fact-mh-262k:context-0/factconsolidation_mh_262k_no37,3,4,0.75,0.0,1.8124999776482582,0.859494277985235,1.0,True,False,0.08838840033187909,Run 1::agentmemorybench:fact-mh-262k:context-0/factconsolidation_mh_262k_no37,True,0.0,-1.2500000316649675,False
Run 1,agentmemorybench:fact-mh-262k:context-0/factconsolidation_mh_262k_no37,4,4,1.0,1.0,8.062499752675649,0.9996843463012643,1.0,True,False,0.0883882543819525,Run 1::agentmemorybench:fact-mh-262k:context-0/factconsolidation_mh_262k_no37,True,1.0,6.249999775027391,True
Run 1,agentmemorybench:fact-mh-262k:context-0/factconsolidation_mh_262k_no38,1,4,0.25,0.0,-3.5624999832361937,0.027634794377763,0.0,False,False,0.08838830550146994,Run 1::agentmemorybench:fact-mh-262k:context-0/factconsolidation_mh_262k_no38,False,,,False
Run 1,agentmemorybench:fact-mh-262k:context-0/factconsolidation_mh_262k_no38,2,4,0.5,0.0,3.062500035390258,0.955243201106539,1.0,False,False,0.08838826598879945,Run 1::agentmemorybench:fact-mh-262k:context-0/factconsolidation_mh_262k_no38,True,0.0,6.6250000186264515,False
Run 1,agentmemorybench:fact-mh-262k:context-0/factconsolidation_mh_262k_no38,3,4,0.75,0.0,3.374999973922968,0.9669140207770578,1.0,False,False,4.7415204574755785e-08,Run 1::agentmemorybench:fact-mh-262k:context-0/factconsolidation_mh_262k_no38,True,0.0,0.3124999385327101,False
Run 1,agentmemorybench:fact-mh-262k:context-0/factconsolidation_mh_262k_no38,4,4,1.0,1.0,7.187500110274414,0.9992431219205398,1.0,False,False,0.08838821252321721,Run 1::agentmemorybench:fact-mh-262k:context-0/factconsolidation_mh_262k_no38,True,1.0,3.8125001363514457,True
Run 1,agentmemorybench:fact-mh-262k:context-0/factconsolidation_mh_262k_no39,1,10,0.1,0.0,-6.0000000215368345,0.0024918217178327,0.0,True,False,0.1767769947697519,Run 1::agentmemorybench:fact-mh-262k:context-0/factconsolidation_mh_262k_no39,False,,,False
Run 1,agentmemorybench:fact-mh-262k:context-0/factconsolidation_mh_262k_no39,2,10,0.2,0.0,-0.1875,0.4533070628702228,0.0,True,False,0.08838834764831845,Run 1::agentmemorybench:fact-mh-262k:context-0/factconsolidation_mh_262k_no39,False,0.0,5.8125000215368345,False
Run 1,agentmemorybench:fact-mh-262k:context-0/factconsolidation_mh_262k_no39,3,10,0.3,0.5,2.0000000931322575,0.880172592995206,1.0,True,False,0.17677665841814458,Run 1::agentmemorybench:fact-mh-262k:context-0/factconsolidation_mh_262k_no39,True,0.5,2.1875000931322575,True
Run 1,agentmemorybench:fact-mh-262k:context-0/factconsolidation_mh_262k_no39,4,10,0.4,0.5,3.5000000251457095,0.9706877699641151,1.0,True,False,9.6147498165477e-08,Run 1::agentmemorybench:fact-mh-262k:context-0/factconsolidation_mh_262k_no39,True,0.0,1.499999932013452,False
Run 1,agentmemorybench:fact-mh-262k:context-0/factconsolidation_mh_262k_no39,5,10,0.5,1.0,6.750000090454705,0.9988304898406084,1.0,True,False,0.0,Run 1::agentmemorybench:fact-mh-262k:context-0/factconsolidation_mh_262k_no39,True,0.5,3.2500000653089955,True
Run 1,agentmemorybench:fact-mh-262k:context-0/factconsolidation_mh_262k_no39,6,10,0.6,1.0,4.187500121537596,0.9850149924758329,1.0,True,False,0.08838825347645379,Run 1::agentmemorybench:fact-mh-262k:context-0/factconsolidation_mh_262k_no39,True,0.0,-2.562499968917109,False
Run 1,agentmemorybench:fact-mh-262k:context-0/factconsolidation_mh_262k_no39,7,10,0.7,1.0,3.874999894760549,0.9796676445610819,1.0,True,False,1.7122157364559946e-08,Run 1::agentmemorybench:fact-mh-262k:context-0/factconsolidation_mh_262k_no39,True,0.0,-0.3125002267770469,False
Run 1,agentmemorybench:fact-mh-262k:context-0/factconsolidation_mh_262k_no39,8,10,0.8,1.0,4.87500015553087,0.9924227599017041,1.0,True,False,7.836679644994359e-08,Run 1::agentmemorybench:fact-mh-262k:context-0/factconsolidation_mh_262k_no39,True,0.0,1.000000260770321,False
Run 1,agentmemorybench:fact-mh-262k:context-0/factconsolidation_mh_262k_no39,9,10,0.9,1.0,6.374999950290658,0.9982860414316626,1.0,True,False,0.1767768503838685,Run 1::agentmemorybench:fact-mh-262k:context-0/factconsolidation_mh_262k_no39,True,0.0,1.4999997947597876,False
Run 1,agentmemorybench:fact-mh-262k:context-0/factconsolidation_mh_262k_no39,10,10,1.0,1.0,6.499999940919224,0.998498817654705,1.0,True,False,1.683404398530826e-07,Run 1::agentmemorybench:fact-mh-262k:context-0/factconsolidation_mh_262k_no39,True,0.0,0.12499999062856659,False
Run 1,agentmemorybench:fact-mh-262k:context-0/factconsolidation_mh_262k_no4,1,5,0.2,0.0,-4.249999784864485,0.0140636300262807,0.0,True,True,0.0,Run 1::agentmemorybench:fact-mh-262k:context-0/factconsolidation_mh_262k_no4,False,,,False
Run 1,agentmemorybench:fact-mh-262k:context-0/factconsolidation_mh_262k_no4,2,5,0.4,0.0,-1.0624999701976776,0.2570132227651599,0.0,True,True,0.08838830550146994,Run 1::agentmemorybench:fact-mh-262k:context-0/factconsolidation_mh_262k_no4,False,0.0,3.1874998146668077,False
Run 1,agentmemorybench:fact-mh-262k:context-0/factconsolidation_mh_262k_no4,3,5,0.6,0.0,2.8749999832361937,0.9465966693527417,1.0,True,True,2.634178031930877e-09,Run 1::agentmemorybench:fact-mh-262k:context-0/factconsolidation_mh_262k_no4,True,0.0,3.9374999534338713,False
Run 1,agentmemorybench:fact-mh-262k:context-0/factconsolidation_mh_262k_no4,4,5,0.8,0.0,3.2500000074505806,0.9624131468535927,1.0,True,True,0.17677678485868997,Run 1::agentmemorybench:fact-mh-262k:context-0/factconsolidation_mh_262k_no4,True,0.0,0.37500002421438694,False
Run 1,agentmemorybench:fact-mh-262k:context-0/factconsolidation_mh_262k_no4,5,5,1.0,1.0,4.875000050989911,0.9924227591155745,1.0,True,True,9.120841435560661e-08,Run 1::agentmemorybench:fact-mh-262k:context-0/factconsolidation_mh_262k_no4,True,1.0,1.6250000435393304,True
Run 1,agentmemorybench:fact-mh-262k:context-0/factconsolidation_mh_262k_no40,1,5,0.2,0.0,-4.0624998807907104,0.016946302908827947,0.0,True,False,0.08838846882050791,Run 1::agentmemorybench:fact-mh-262k:context-0/factconsolidation_mh_262k_no40,False,,,False
Run 1,agentmemorybench:fact-mh-262k:context-0/factconsolidation_mh_262k_no40,2,5,0.4,0.0,3.062500024214387,0.9552432002847941,1.0,True,False,0.08838846618632988,Run 1::agentmemorybench:fact-mh-262k:context-0/factconsolidation_mh_262k_no40,True,0.0,7.124999905005097,False
Run 1,agentmemorybench:fact-mh-262k:context-0/factconsolidation_mh_262k_no40,3,5,0.6,0.5,3.187500026077032,0.9602926934214567,1.0,True,False,0.08838831076982599,Run 1::agentmemorybench:fact-mh-262k:context-0/factconsolidation_mh_262k_no40,True,0.5,0.12500000186264515,True
Run 1,agentmemorybench:fact-mh-262k:context-0/factconsolidation_mh_262k_no40,4,5,0.8,0.5,3.9375000884756446,0.9808407200343201,1.0,True,False,0.08838831735527107,Run 1::agentmemorybench:fact-mh-262k:context-0/factconsolidation_mh_262k_no40,True,0.0,0.7500000623986125,False
Run 1,agentmemorybench:fact-mh-262k:context-0/factconsolidation_mh_262k_no40,5,5,1.0,1.0,7.937499885694706,0.9996423326433475,1.0,True,False,0.08838791484052008,Run 1::agentmemorybench:fact-mh-262k:context-0/factconsolidation_mh_262k_no40,True,0.5,3.9999997972190613,True
Run 1,agentmemorybench:fact-mh-262k:context-0/factconsolidation_mh_262k_no41,1,12,0.0833333333333333,0.0,-3.8124999403953552,0.021654862936151202,0.0,True,False,0.08838840033187924,Run 1::agentmemorybench:fact-mh-262k:context-0/factconsolidation_mh_262k_no41,False,,,False
Run 1,agentmemorybench:fact-mh-262k:context-0/factconsolidation_mh_262k_no41,2,12,0.1666666666666666,0.0,-0.4375000298023224,0.3932343104562137,0.0,True,False,0.2651650850918038,Run 1::agentmemorybench:fact-mh-262k:context-0/factconsolidation_mh_262k_no41,False,0.0,3.374999910593033,False
Run 1,agentmemorybench:fact-mh-262k:context-0/factconsolidation_mh_262k_no41,3,12,0.25,0.5,2.0625000447034836,0.8870532462767021,1.0,True,False,0.08838841086859121,Run 1::agentmemorybench:fact-mh-262k:context-0/factconsolidation_mh_262k_no41,True,0.5,2.500000074505806,True
Run 1,agentmemorybench:fact-mh-262k:context-0/factconsolidation_mh_262k_no41,4,12,0.3333333333333333,0.5,-0.125,0.4687906266262437,0.0,True,False,0.0,Run 1::agentmemorybench:fact-mh-262k:context-0/factconsolidation_mh_262k_no41,False,0.0,-2.1875000447034836,False
Run 1,agentmemorybench:fact-mh-262k:context-0/factconsolidation_mh_262k_no41,5,12,0.4166666666666667,0.5,-0.7499999552965164,0.3208213105652724,0.0,True,False,2.1073424255447017e-08,Run 1::agentmemorybench:fact-mh-262k:context-0/factconsolidation_mh_262k_no41,False,0.0,-0.6249999552965164,False
Run 1,agentmemorybench:fact-mh-262k:context-0/factconsolidation_mh_262k_no41,6,12,0.5,0.5,-1.2500000298023224,0.22344911253903876,0.0,True,False,0.1767766952966369,Run 1::agentmemorybench:fact-mh-262k:context-0/factconsolidation_mh_262k_no41,False,0.0,-0.500000074505806,False
Run 1,agentmemorybench:fact-mh-262k:context-0/factconsolidation_mh_262k_no41,7,12,0.5833333333333334,1.0,-0.1875,0.4533070628702228,0.0,True,False,0.08838834764831845,Run 1::agentmemorybench:fact-mh-262k:context-0/factconsolidation_mh_262k_no41,False,0.5,1.0625000298023224,True
Run 1,agentmemorybench:fact-mh-262k:context-0/factconsolidation_mh_262k_no41,8,12,0.6666666666666666,1.0,-0.8749999850988388,0.294881363709905,0.0,True,False,0.17677663207636413,Run 1::agentmemorybench:fact-mh-262k:context-0/factconsolidation_mh_262k_no41,False,0.0,-0.6874999850988388,False
Run 1,agentmemorybench:fact-mh-262k:context-0/factconsolidation_mh_262k_no41,9,12,0.75,1.0,-1.6249999701976776,0.1645164669929161,0.0,True,False,2.1073424255447017e-08,Run 1::agentmemorybench:fact-mh-262k:context-0/factconsolidation_mh_262k_no41,False,0.0,-0.7499999850988388,False
Run 1,agentmemorybench:fact-mh-262k:context-0/factconsolidation_mh_262k_no41,10,12,0.8333333333333334,1.0,-1.4374999776482582,0.19211937627810416,0.0,True,False,0.08838829496475781,Run 1::agentmemorybench:fact-mh-262k:context-0/factconsolidation_mh_262k_no41,False,0.0,0.1874999925494194,False
Run 1,agentmemorybench:fact-mh-262k:context-0/factconsolidation_mh_262k_no41,11,12,0.9166666666666666,1.0,-1.3125000149011612,0.2122566777842675,0.0,True,False,0.08838828442804568,Run 1::agentmemorybench:fact-mh-262k:context-0/factconsolidation_mh_262k_no41,False,0.0,0.12499996274709702,False
Run 1,agentmemorybench:fact-mh-262k:context-0/factconsolidation_mh_262k_no41,12,12,1.0,1.0,0.125,0.5312093733737563,1.0,True,False,0.0,Run 1::agentmemorybench:fact-mh-262k:context-0/factconsolidation_mh_262k_no41,True,0.0,1.4375000149011612,False
Run 1,agentmemorybench:fact-mh-262k:context-0/factconsolidation_mh_262k_no42,1,7,0.1428571428571428,0.0,-4.562499971129,0.01034770996886465,0.0,False,True,0.08838861238321065,Run 1::agentmemorybench:fact-mh-262k:context-0/factconsolidation_mh_262k_no42,False,,,False
Run 1,agentmemorybench:fact-mh-262k:context-0/factconsolidation_mh_262k_no42,2,7,0.2857142857142857,0.0,0.6250000447034836,0.6513548748178446,1.0,False,True,2.1073424255447017e-08,Run 1::agentmemorybench:fact-mh-262k:context-0/factconsolidation_mh_262k_no42,True,0.0,5.187500015832484,False
Run 1,agentmemorybench:fact-mh-262k:context-0/factconsolidation_mh_262k_no42,3,7,0.4285714285714285,0.25,2.9999999459832907,0.9525741243821386,1.0,False,True,7.90253409579263e-09,Run 1::agentmemorybench:fact-mh-262k:context-0/factconsolidation_mh_262k_no42,True,0.25,2.374999901279807,True
Run 1,agentmemorybench:fact-mh-262k:context-0/factconsolidation_mh_262k_no42,4,7,0.5714285714285714,0.25,1.0625,0.7429867827488166,1.0,False,True,0.08838834764831845,Run 1::agentmemorybench:fact-mh-262k:context-0/factconsolidation_mh_262k_no42,True,0.0,-1.9374999459832907,False
Run 1,agentmemorybench:fact-mh-262k:context-0/factconsolidation_mh_262k_no42,5,7,0.7142857142857143,0.25,1.8124999850988388,0.8594942794097566,1.0,False,True,0.08838826335462142,Run 1::agentmemorybench:fact-mh-262k:context-0/factconsolidation_mh_262k_no42,True,0.0,0.7499999850988388,False
Run 1,agentmemorybench:fact-mh-262k:context-0/factconsolidation_mh_262k_no42,6,7,0.8571428571428571,0.25,2.3125000074505806,0.9097757458773781,1.0,False,True,0.08838827389133355,Run 1::agentmemorybench:fact-mh-262k:context-0/factconsolidation_mh_262k_no42,True,0.0,0.5000000223517418,False
Run 1,agentmemorybench:fact-mh-262k:context-0/factconsolidation_mh_262k_no42,7,7,1.0,1.0,7.374999845982529,0.9993687753887435,1.0,False,True,0.1767766246677384,Run 1::agentmemorybench:fact-mh-262k:context-0/factconsolidation_mh_262k_no42,True,0.75,5.062499838531949,True
Run 1,agentmemorybench:fact-mh-262k:context-0/factconsolidation_mh_262k_no43,1,6,0.1666666666666666,0.0,-4.125000033527613,0.01590639118699435,0.0,True,False,1.7385575010743788e-07,Run 1::agentmemorybench:fact-mh-262k:context-0/factconsolidation_mh_262k_no43,False,,,False
Run 1,agentmemorybench:fact-mh-262k:context-0/factconsolidation_mh_262k_no43,2,6,0.3333333333333333,0.0,-0.375,0.4073334000459302,0.0,True,False,0.0,Run 1::agentmemorybench:fact-mh-262k:context-0/factconsolidation_mh_262k_no43,False,0.0,3.7500000335276127,False
Run 1,agentmemorybench:fact-mh-262k:context-0/factconsolidation_mh_262k_no43,3,6,0.5,0.5,-0.4375,0.3924370344220378,0.0,True,False,0.08838834764831845,Run 1::agentmemorybench:fact-mh-262k:context-0/factconsolidation_mh_262k_no43,False,0.5,-0.0625,True
Run 1,agentmemorybench:fact-mh-262k:context-0/factconsolidation_mh_262k_no43,4,6,0.6666666666666666,0.5,1.6875000149011612,0.8437181714996979,1.0,True,False,0.08838834764831845,Run 1::agentmemorybench:fact-mh-262k:context-0/factconsolidation_mh_262k_no43,True,0.0,2.125000014901161,False
Run 1,agentmemorybench:fact-mh-262k:context-0/factconsolidation_mh_262k_no43,5,6,0.8333333333333334,0.5,4.062499862164259,0.9830536967902486,1.0,True,False,0.08838845564961775,Run 1::agentmemorybench:fact-mh-262k:context-0/factconsolidation_mh_262k_no43,True,0.0,2.3749998472630978,False
Run 1,agentmemorybench:fact-mh-262k:context-0/factconsolidation_mh_262k_no43,6,6,1.0,1.0,5.937499991734512,0.9973632248999047,1.0,True,False,0.08838849038784054,Run 1::agentmemorybench:fact-mh-262k:context-0/factconsolidation_mh_262k_no43,True,0.5,1.8750001295702532,True
Run 1,agentmemorybench:fact-mh-262k:context-0/factconsolidation_mh_262k_no44,1,5,0.2,0.0,-3.8125000093132257,0.0216548614903227,0.0,True,False,0.08838841613694742,Run 1::agentmemorybench:fact-mh-262k:context-0/factconsolidation_mh_262k_no44,False,,,False
Run 1,agentmemorybench:fact-mh-262k:context-0/factconsolidation_mh_262k_no44,2,5,0.4,0.0,2.562500037252903,0.928297566951563,1.0,True,False,0.08838832657489419,Run 1::agentmemorybench:fact-mh-262k:context-0/factconsolidation_mh_262k_no44,True,0.0,6.375000046566129,False
Run 1,agentmemorybench:fact-mh-262k:context-0/factconsolidation_mh_262k_no44,3,5,0.6,0.0,1.0625,0.7429867825760587,1.0,True,False,0.08838838979516696,Run 1::agentmemorybench:fact-mh-262k:context-0/factconsolidation_mh_262k_no44,True,0.0,-1.500000037252903,False
Run 1,agentmemorybench:fact-mh-262k:context-0/factconsolidation_mh_262k_no44,4,5,0.8,0.0,0.9999999552965164,0.7310585698407664,1.0,True,False,2.1073424255447017e-08,Run 1::agentmemorybench:fact-mh-262k:context-0/factconsolidation_mh_262k_no44,True,0.0,-0.06250004470348358,False
Run 1,agentmemorybench:fact-mh-262k:context-0/factconsolidation_mh_262k_no44,5,5,1.0,1.0,6.25000007764902,0.9980732654859932,1.0,True,False,0.0,Run 1::agentmemorybench:fact-mh-262k:context-0/factconsolidation_mh_262k_no44,True,1.0,5.250000122352503,True
Run 1,agentmemorybench:fact-mh-262k:context-0/factconsolidation_mh_262k_no45,1,5,0.2,0.0,-4.687500072643161,0.00914298023781095,0.0,True,False,0.08838821593941684,Run 1::agentmemorybench:fact-mh-262k:context-0/factconsolidation_mh_262k_no45,False,,,False
Run 1,agentmemorybench:fact-mh-262k:context-0/factconsolidation_mh_262k_no45,2,5,0.4,0.0,3.3749999590218067,0.9669140203003503,1.0,True,False,6.322027276634104e-08,Run 1::agentmemorybench:fact-mh-262k:context-0/factconsolidation_mh_262k_no45,True,0.0,8.062500031664968,False
Run 1,agentmemorybench:fact-mh-262k:context-0/factconsolidation_mh_262k_no45,3,5,0.6,0.5,4.312500061001629,0.9867523619619869,1.0,True,False,0.08838814679224351,Run 1::agentmemorybench:fact-mh-262k:context-0/factconsolidation_mh_262k_no45,True,0.5,0.9375001019798219,True
Run 1,agentmemorybench:fact-mh-262k:context-0/factconsolidation_mh_262k_no45,4,5,0.8,0.5,3.562500050291419,0.9723652073028737,1.0,True,False,0.0883884135027694,Run 1::agentmemorybench:fact-mh-262k:context-0/factconsolidation_mh_262k_no45,True,0.0,-0.7500000107102096,False
Run 1,agentmemorybench:fact-mh-262k:context-0/factconsolidation_mh_262k_no45,5,5,1.0,1.0,7.625000125321094,0.9995083322043413,1.0,True,False,0.1767766517503813,Run 1::agentmemorybench:fact-mh-262k:context-0/factconsolidation_mh_262k_no45,True,0.5,4.062500075029675,True
Run 1,agentmemorybench:fact-mh-262k:context-0/factconsolidation_mh_262k_no46,1,5,0.2,0.0,-4.187500040978193,0.0149850088376341,0.0,False,False,0.08838845038126168,Run 1::agentmemorybench:fact-mh-262k:context-0/factconsolidation_mh_262k_no46,False,,,False
Run 1,agentmemorybench:fact-mh-262k:context-0/factconsolidation_mh_262k_no46,2,5,0.4,0.0,2.4999999925494194,0.924141819456443,1.0,False,False,5.268356063861754e-08,Run 1::agentmemorybench:fact-mh-262k:context-0/factconsolidation_mh_262k_no46,True,0.0,6.687500033527613,False
Run 1,agentmemorybench:fact-mh-262k:context-0/factconsolidation_mh_262k_no46,3,5,0.6,0.0,2.5625000037252903,0.92829756436245,1.0,False,False,0.08838846882050791,Run 1::agentmemorybench:fact-mh-262k:context-0/factconsolidation_mh_262k_no46,True,0.0,0.0625000111758709,False
Run 1,agentmemorybench:fact-mh-262k:context-0/factconsolidation_mh_262k_no46,4,5,0.8,0.0,4.500000081490725,0.9890130582549039,1.0,False,False,7.17813513701164e-08,Run 1::agentmemorybench:fact-mh-262k:context-0/factconsolidation_mh_262k_no46,True,0.0,1.937500077765435,False
Run 1,agentmemorybench:fact-mh-262k:context-0/factconsolidation_mh_262k_no46,5,5,1.0,0.0,8.37499996812403,0.9997676913321722,1.0,False,False,0.1767772757521719,Run 1::agentmemorybench:fact-mh-262k:context-0/factconsolidation_mh_262k_no46,True,0.0,3.8749998866333044,False
Run 1,agentmemorybench:fact-mh-262k:context-0/factconsolidation_mh_262k_no47,1,8,0.125,0.0,-4.312499909196049,0.0132476401873139,0.0,False,True,0.08838844050309407,Run 1::agentmemorybench:fact-mh-262k:context-0/factconsolidation_mh_262k_no47,False,,,False
Run 1,agentmemorybench:fact-mh-262k:context-0/factconsolidation_mh_262k_no47,2,8,0.25,0.0,1.1250000149011612,0.7549149896246163,1.0,False,True,6.322027276634104e-08,Run 1::agentmemorybench:fact-mh-262k:context-0/factconsolidation_mh_262k_no47,True,0.0,5.43749992409721,False
Run 1,agentmemorybench:fact-mh-262k:context-0/factconsolidation_mh_262k_no47,3,8,0.375,0.25,3.0000000204890966,0.9525741277480622,1.0,False,True,1.027329432453042e-07,Run 1::agentmemorybench:fact-mh-262k:context-0/factconsolidation_mh_262k_no47,True,0.25,1.8750000055879354,True
Run 1,agentmemorybench:fact-mh-262k:context-0/factconsolidation_mh_262k_no47,4,8,0.5,0.25,0.375,0.5926665999540697,1.0,False,True,0.0,Run 1::agentmemorybench:fact-mh-262k:context-0/factconsolidation_mh_262k_no47,True,0.0,-2.6250000204890966,False
Run 1,agentmemorybench:fact-mh-262k:context-0/factconsolidation_mh_262k_no47,5,8,0.625,0.25,0.25,0.5619379866639129,1.0,False,True,0.1767766952966369,Run 1::agentmemorybench:fact-mh-262k:context-0/factconsolidation_mh_262k_no47,True,0.0,-0.125,False
Run 1,agentmemorybench:fact-mh-262k:context-0/factconsolidation_mh_262k_no47,6,8,0.75,0.25,2.562499988824129,0.928297563503481,1.0,False,True,0.08838841613694727,Run 1::agentmemorybench:fact-mh-262k:context-0/factconsolidation_mh_262k_no47,True,0.0,2.312499988824129,False
Run 1,agentmemorybench:fact-mh-262k:context-0/factconsolidation_mh_262k_no47,7,8,0.875,0.25,5.5624999676365405,0.996168129762323,1.0,False,True,0.08838814119461519,Run 1::agentmemorybench:fact-mh-262k:context-0/factconsolidation_mh_262k_no47,True,0.0,2.9999999788124114,False
Run 1,agentmemorybench:fact-mh-262k:context-0/factconsolidation_mh_262k_no47,8,8,1.0,0.25,5.500000084517524,0.9958984130339075,1.0,False,True,0.17677650135527928,Run 1::agentmemorybench:fact-mh-262k:context-0/factconsolidation_mh_262k_no47,True,0.0,-0.062499883119016886,False
Run 1,agentmemorybench:fact-mh-262k:context-0/factconsolidation_mh_262k_no48,1,14,0.0714285714285714,0.0,-4.812499951105565,0.0080773637501648,0.0,False,False,0.08838839835624555,Run 1::agentmemorybench:fact-mh-262k:context-0/factconsolidation_mh_262k_no48,False,,,False
Run 1,agentmemorybench:fact-mh-262k:context-0/factconsolidation_mh_262k_no48,2,14,0.1428571428571428,0.0,1.250000037252903,0.7765508886611353,1.0,False,False,0.176776705833349,Run 1::agentmemorybench:fact-mh-262k:context-0/factconsolidation_mh_262k_no48,True,0.0,6.062499988358468,False
Run 1,agentmemorybench:fact-mh-262k:context-0/factconsolidation_mh_262k_no48,3,14,0.2142857142857142,0.0,-1.1875000149011612,0.233892573221852,0.0,False,False,0.08838832657489419,Run 1::agentmemorybench:fact-mh-262k:context-0/factconsolidation_mh_262k_no48,False,0.0,-2.437500052154064,False
Run 1,agentmemorybench:fact-mh-262k:context-0/factconsolidation_mh_262k_no48,4,14,0.2857142857142857,0.25,1.3125,0.7877433192780421,1.0,False,False,0.08838838979516696,Run 1::agentmemorybench:fact-mh-262k:context-0/factconsolidation_mh_262k_no48,True,0.25,2.500000014901161,True
Run 1,agentmemorybench:fact-mh-262k:context-0/factconsolidation_mh_262k_no48,5,14,0.3571428571428571,0.25,-2.3749999664723873,0.08509904761738625,0.0,False,False,4.741520504578352e-08,Run 1::agentmemorybench:fact-mh-262k:context-0/factconsolidation_mh_262k_no48,False,0.0,-3.6874999664723873,False
Run 1,agentmemorybench:fact-mh-262k:context-0/factconsolidation_mh_262k_no48,6,14,0.4285714285714285,0.25,-3.5000000623986125,0.0293122289759271,0.0,False,False,1.9756335239481578e-08,Run 1::agentmemorybench:fact-mh-262k:context-0/factconsolidation_mh_262k_no48,False,0.0,-1.1250000959262252,False
Run 1,agentmemorybench:fact-mh-262k:context-0/factconsolidation_mh_262k_no48,7,14,0.5,0.25,-3.625000048428774,0.02614479905898065,0.0,False,False,0.17677667685739065,Run 1::agentmemorybench:fact-mh-262k:context-0/factconsolidation_mh_262k_no48,False,0.0,-0.12499998603016138,False
Run 1,agentmemorybench:fact-mh-262k:context-0/factconsolidation_mh_262k_no48,8,14,0.5714285714285714,0.25,-4.375000060070306,0.01243165011569635,0.0,False,False,7.836679644994359e-08,Run 1::agentmemorybench:fact-mh-262k:context-0/factconsolidation_mh_262k_no48,False,0.0,-0.7500000116415322,False
Run 1,agentmemorybench:fact-mh-262k:context-0/factconsolidation_mh_262k_no48,9,14,0.6428571428571429,0.25,-4.437499943654984,0.011709297484231499,0.0,False,False,0.08838852874805814,Run 1::agentmemorybench:fact-mh-262k:context-0/factconsolidation_mh_262k_no48,False,0.0,-0.06249988358467817,False
Run 1,agentmemorybench:fact-mh-262k:context-0/factconsolidation_mh_262k_no48,10,14,0.7142857142857143,0.25,-4.687499955762178,0.009142981263295349,0.0,False,False,0.08838813098717531,Run 1::agentmemorybench:fact-mh-262k:context-0/factconsolidation_mh_262k_no48,False,0.0,-0.25000001210719347,False
Run 1,agentmemorybench:fact-mh-262k:context-0/factconsolidation_mh_262k_no48,11,14,0.7857142857142857,0.25,-5.999999966123141,0.00247262324019235,0.0,False,False,2.1024033417348312e-07,Run 1::agentmemorybench:fact-mh-262k:context-0/factconsolidation_mh_262k_no48,False,0.0,-1.3125000103609636,False
Run 1,agentmemorybench:fact-mh-262k:context-0/factconsolidation_mh_262k_no48,12,14,0.8571428571428571,0.25,-6.687499923224095,0.0012472664333296499,0.0,False,False,0.088388284839636,Run 1::agentmemorybench:fact-mh-262k:context-0/factconsolidation_mh_262k_no48,False,0.0,-0.6874999571009539,False
Run 1,agentmemorybench:fact-mh-262k:context-0/factconsolidation_mh_262k_no48,13,14,0.9285714285714286,0.25,-6.562499946274329,0.0014131024017290002,0.0,False,False,0.08838816959434709,Run 1::agentmemorybench:fact-mh-262k:context-0/factconsolidation_mh_262k_no48,False,0.0,0.12499997694976628,False
Run 1,agentmemorybench:fact-mh-262k:context-0/factconsolidation_mh_262k_no48,14,14,1.0,0.25,-5.499999990919605,0.0040701377527042,0.0,False,False,3.045768349420077e-07,Run 1::agentmemorybench:fact-mh-262k:context-0/factconsolidation_mh_262k_no48,False,0.0,1.062499955354724,False
Run 1,agentmemorybench:fact-mh-262k:context-0/factconsolidation_mh_262k_no49,1,4,0.25,0.0,-4.56249989522621,0.010347710682869549,0.0,True,False,0.08838846947905242,Run 1::agentmemorybench:fact-mh-262k:context-0/factconsolidation_mh_262k_no49,False,,,False
Run 1,agentmemorybench:fact-mh-262k:context-0/factconsolidation_mh_262k_no49,2,4,0.5,0.0,1.0625000149011612,0.7429867853330467,1.0,True,False,0.08838841086859121,Run 1::agentmemorybench:fact-mh-262k:context-0/factconsolidation_mh_262k_no49,True,0.0,5.6249999101273715,False
Run 1,agentmemorybench:fact-mh-262k:context-0/factconsolidation_mh_262k_no49,3,4,0.75,0.0,2.1249999329447746,0.8927237999177918,1.0,True,False,0.17677672690677326,Run 1::agentmemorybench:fact-mh-262k:context-0/factconsolidation_mh_262k_no49,True,0.0,1.0624999180436134,False
Run 1,agentmemorybench:fact-mh-262k:context-0/factconsolidation_mh_262k_no49,4,4,1.0,1.0,7.562499779218342,0.9994796820058833,1.0,True,False,0.08838832352912583,Run 1::agentmemorybench:fact-mh-262k:context-0/factconsolidation_mh_262k_no49,True,1.0,5.4374998462735675,True
Run 1,agentmemorybench:fact-mh-262k:context-0/factconsolidation_mh_262k_no5,1,8,0.125,0.0,-4.8124998298007995,0.0080773646871013,0.0,True,False,0.08838829792820808,Run 1::agentmemorybench:fact-mh-262k:context-0/factconsolidation_mh_262k_no5,False,,,False
Run 1,agentmemorybench:fact-mh-262k:context-0/factconsolidation_mh_262k_no5,2,8,0.25,0.0,-0.5625,0.36309290206604555,0.0,True,False,0.08838834764831845,Run 1::agentmemorybench:fact-mh-262k:context-0/factconsolidation_mh_262k_no5,False,0.0,4.2499998298007995,False
Run 1,agentmemorybench:fact-mh-262k:context-0/factconsolidation_mh_262k_no5,3,8,0.375,0.25,0.375,0.5926665999540697,1.0,True,False,0.0,Run 1::agentmemorybench:fact-mh-262k:context-0/factconsolidation_mh_262k_no5,True,0.25,0.9375,True
Run 1,agentmemorybench:fact-mh-262k:context-0/factconsolidation_mh_262k_no5,4,8,0.5,0.25,0.5000000149011612,0.6224593347036828,1.0,True,False,2.1073424255447017e-08,Run 1::agentmemorybench:fact-mh-262k:context-0/factconsolidation_mh_262k_no5,True,0.0,0.1250000149011612,False
Run 1,agentmemorybench:fact-mh-262k:context-0/factconsolidation_mh_262k_no5,5,8,0.625,0.25,0.75,0.679178699175393,1.0,True,False,4.2146848510894035e-08,Run 1::agentmemorybench:fact-mh-262k:context-0/factconsolidation_mh_262k_no5,True,0.0,0.2499999850988388,False
Run 1,agentmemorybench:fact-mh-262k:context-0/factconsolidation_mh_262k_no5,6,8,0.75,1.0,3.499999998137355,0.9706877691956457,1.0,True,False,1.053671197071426e-08,Run 1::agentmemorybench:fact-mh-262k:context-0/factconsolidation_mh_262k_no5,True,0.75,2.749999998137355,True
Run 1,agentmemorybench:fact-mh-262k:context-0/factconsolidation_mh_262k_no5,7,8,0.875,1.0,3.562500006519258,0.9723652061164589,1.0,True,False,0.08838842272239235,Run 1::agentmemorybench:fact-mh-262k:context-0/factconsolidation_mh_262k_no5,True,0.0,0.06250000838190317,False
Run 1,agentmemorybench:fact-mh-262k:context-0/factconsolidation_mh_262k_no5,8,8,1.0,1.0,3.812499930150807,0.9783451368998517,1.0,True,False,0.0883883410628729,Run 1::agentmemorybench:fact-mh-262k:context-0/factconsolidation_mh_262k_no5,True,0.0,0.24999992363154888,False
Run 1,agentmemorybench:fact-mh-262k:context-0/factconsolidation_mh_262k_no50,1,4,0.25,0.0,-4.499999956227839,0.01098694310623155,0.0,True,False,1.1195256635706228e-07,Run 1::agentmemorybench:fact-mh-262k:context-0/factconsolidation_mh_262k_no50,False,,,False
Run 1,agentmemorybench:fact-mh-262k:context-0/factconsolidation_mh_262k_no50,2,4,0.5,0.0,0.7500000596046448,0.6791787121629466,1.0,True,False,0.0,Run 1::agentmemorybench:fact-mh-262k:context-0/factconsolidation_mh_262k_no50,True,0.0,5.250000015832484,False
Run 1,agentmemorybench:fact-mh-262k:context-0/factconsolidation_mh_262k_no50,3,4,0.75,0.0,1.3124999850988388,0.7877433172359218,1.0,True,False,0.08838828442804568,Run 1::agentmemorybench:fact-mh-262k:context-0/factconsolidation_mh_262k_no50,True,0.0,0.562499925494194,False
Run 1,agentmemorybench:fact-mh-262k:context-0/factconsolidation_mh_262k_no50,4,4,1.0,1.0,6.875000015890691,0.9989597192965363,1.0,True,False,0.1767765883654724,Run 1::agentmemorybench:fact-mh-262k:context-0/factconsolidation_mh_262k_no50,True,1.0,5.562500030791853,True
Run 1,agentmemorybench:fact-mh-262k:context-0/factconsolidation_mh_262k_no51,1,5,0.2,0.0,-4.374999932944775,0.0124316516764298,0.0,True,False,1.71221572075507e-08,Run 1::agentmemorybench:fact-mh-262k:context-0/factconsolidation_mh_262k_no51,False,,,False
Run 1,agentmemorybench:fact-mh-262k:context-0/factconsolidation_mh_262k_no51,2,5,0.4,0.0,-0.4375000149011612,0.39243703092020965,0.0,True,False,0.0883883687217427,Run 1::agentmemorybench:fact-mh-262k:context-0/factconsolidation_mh_262k_no51,False,0.0,3.9374999180436134,False
Run 1,agentmemorybench:fact-mh-262k:context-0/factconsolidation_mh_262k_no51,3,5,0.6,0.5,2.0000000670552254,0.8807970850182507,1.0,True,False,7.375698489406456e-08,Run 1::agentmemorybench:fact-mh-262k:context-0/factconsolidation_mh_262k_no51,True,0.5,2.4375000819563866,True
Run 1,agentmemorybench:fact-mh-262k:context-0/factconsolidation_mh_262k_no51,4,5,0.8,0.5,3.3749999552965164,0.9669140201811735,1.0,True,False,9.483040914951157e-08,Run 1::agentmemorybench:fact-mh-262k:context-0/factconsolidation_mh_262k_no51,True,0.0,1.374999888241291,False
Run 1,agentmemorybench:fact-mh-262k:context-0/factconsolidation_mh_262k_no51,5,5,1.0,1.0,6.187499864201527,0.9979452741705714,1.0,True,False,0.08838831035823567,Run 1::agentmemorybench:fact-mh-262k:context-0/factconsolidation_mh_262k_no51,True,0.5,2.8124999089050107,True
Run 1,agentmemorybench:fact-mh-262k:context-0/factconsolidation_mh_262k_no52,1,6,0.1666666666666666,0.0,-4.562500104308128,0.0103477085543582,0.0,True,False,0.08838849779646626,Run 1::agentmemorybench:fact-mh-262k:context-0/factconsolidation_mh_262k_no52,False,,,False
Run 1,agentmemorybench:fact-mh-262k:context-0/factconsolidation_mh_262k_no52,2,6,0.3333333333333333,0.0,0.125,0.5312093733737563,1.0,True,False,0.0,Run 1::agentmemorybench:fact-mh-262k:context-0/factconsolidation_mh_262k_no52,True,0.0,4.687500104308128,False
Run 1,agentmemorybench:fact-mh-262k:context-0/factconsolidation_mh_262k_no52,3,6,0.5,0.0,0.3125,0.5774215504199338,1.0,True,False,0.08838834764831845,Run 1::agentmemorybench:fact-mh-262k:context-0/factconsolidation_mh_262k_no52,True,0.0,0.1875,False
Run 1,agentmemorybench:fact-mh-262k:context-0/factconsolidation_mh_262k_no52,4,6,0.6666666666666666,0.0,1.0625,0.7429867825760587,1.0,True,False,0.08838838979516696,Run 1::agentmemorybench:fact-mh-262k:context-0/factconsolidation_mh_262k_no52,True,0.0,0.75,False
Run 1,agentmemorybench:fact-mh-262k:context-0/factconsolidation_mh_262k_no52,5,6,0.8333333333333334,0.0,0.5625,0.6369070980518525,1.0,True,False,0.08838830550146994,Run 1::agentmemorybench:fact-mh-262k:context-0/factconsolidation_mh_262k_no52,True,0.0,-0.5,False
Run 1,agentmemorybench:fact-mh-262k:context-0/factconsolidation_mh_262k_no52,6,6,1.0,1.0,7.187500053027179,0.9992431218800488,1.0,True,False,0.08838812835299728,Run 1::agentmemorybench:fact-mh-262k:context-0/factconsolidation_mh_262k_no52,True,1.0,6.625000053027179,True
Run 1,agentmemorybench:fact-mh-262k:context-0/factconsolidation_mh_262k_no53,1,6,0.1666666666666666,0.0,-4.999999962514266,0.0066928511734921006,0.0,False,True,7.672043517998679e-08,Run 1::agentmemorybench:fact-mh-262k:context-0/factconsolidation_mh_262k_no53,False,,,False
Run 1,agentmemorybench:fact-mh-262k:context-0/factconsolidation_mh_262k_no53,2,6,0.3333333333333333,0.0,1.1874999850988388,0.7661074210866454,1.0,False,True,0.08838841086859121,Run 1::agentmemorybench:fact-mh-262k:context-0/factconsolidation_mh_262k_no53,True,0.0,6.187499947613105,False
Run 1,agentmemorybench:fact-mh-262k:context-0/factconsolidation_mh_262k_no53,3,6,0.5,0.0,0.5624999850988388,0.6369070945500244,1.0,False,True,0.08838832657489419,Run 1::agentmemorybench:fact-mh-262k:context-0/factconsolidation_mh_262k_no53,True,0.0,-0.625,False
Run 1,agentmemorybench:fact-mh-262k:context-0/factconsolidation_mh_262k_no53,4,6,0.6666666666666666,0.3333333333333333,1.8749999031424522,0.8670357486359721,1.0,False,True,1.0536712127723509e-08,Run 1::agentmemorybench:fact-mh-262k:context-0/factconsolidation_mh_262k_no53,True,0.3333333333333333,1.3124999180436134,True
Run 1,agentmemorybench:fact-mh-262k:context-0/factconsolidation_mh_262k_no53,5,6,0.8333333333333334,0.3333333333333333,2.0625000074505806,0.8870532433035361,1.0,False,True,0.08838818959763653,Run 1::agentmemorybench:fact-mh-262k:context-0/factconsolidation_mh_262k_no53,True,0.0,0.18750010430812836,False
Run 1,agentmemorybench:fact-mh-262k:context-0/factconsolidation_mh_262k_no53,6,6,1.0,0.3333333333333333,5.499999947147444,0.9959298620698622,1.0,False,True,8.396442476779671e-08,Run 1::agentmemorybench:fact-mh-262k:context-0/factconsolidation_mh_262k_no53,True,0.0,3.4374999396968633,False
Run 1,agentmemorybench:fact-mh-262k:context-0/factconsolidation_mh_262k_no54,1,6,0.1666666666666666,0.0,-4.999999824911356,0.00669285208828415,0.0,False,False,2.634178031930877e-08,Run 1::agentmemorybench:fact-mh-262k:context-0/factconsolidation_mh_262k_no54,False,,,False
Run 1,agentmemorybench:fact-mh-262k:context-0/factconsolidation_mh_262k_no54,2,6,0.3333333333333333,0.0,1.5625000447034836,0.8265290129673484,1.0,False,False,0.0883883687217427,Run 1::agentmemorybench:fact-mh-262k:context-0/factconsolidation_mh_262k_no54,True,0.0,6.5624998696148396,False
Run 1,agentmemorybench:fact-mh-262k:context-0/factconsolidation_mh_262k_no54,3,6,0.5,0.0,1.3124999701976776,0.7877433146564595,1.0,False,False,0.08838830550146994,Run 1::agentmemorybench:fact-mh-262k:context-0/factconsolidation_mh_262k_no54,True,0.0,-0.25000007450580597,False
Run 1,agentmemorybench:fact-mh-262k:context-0/factconsolidation_mh_262k_no54,4,6,0.6666666666666666,0.3333333333333333,2.000000074505806,0.8807970858005139,1.0,False,False,0.0,Run 1::agentmemorybench:fact-mh-262k:context-0/factconsolidation_mh_262k_no54,True,0.3333333333333333,0.6875001043081284,True
Run 1,agentmemorybench:fact-mh-262k:context-0/factconsolidation_mh_262k_no54,5,6,0.8333333333333334,0.3333333333333333,3.187499975785613,0.9602926915000161,1.0,False,False,0.08838831340400402,Run 1::agentmemorybench:fact-mh-262k:context-0/factconsolidation_mh_262k_no54,True,0.0,1.187499901279807,False
Run 1,agentmemorybench:fact-mh-262k:context-0/factconsolidation_mh_262k_no54,6,6,1.0,0.6666666666666666,5.812500090221874,0.9970131953570023,1.0,False,False,0.08838840016724295,Run 1::agentmemorybench:fact-mh-262k:context-0/factconsolidation_mh_262k_no54,True,0.3333333333333333,2.6250001144362614,True
Run 1,agentmemorybench:fact-mh-262k:context-0/factconsolidation_mh_262k_no55,1,9,0.1111111111111111,0.0,-3.749999969266355,0.0229773705999778,0.0,True,False,3.0293047367205085e-08,Run 1::agentmemorybench:fact-mh-262k:context-0/factconsolidation_mh_262k_no55,False,,,False
Run 1,agentmemorybench:fact-mh-262k:context-0/factconsolidation_mh_262k_no55,2,9,0.2222222222222222,0.0,-0.0625,0.4845164362439791,0.5,True,False,0.2651650429449553,Run 1::agentmemorybench:fact-mh-262k:context-0/factconsolidation_mh_262k_no55,False,0.0,3.687499969266355,False
Run 1,agentmemorybench:fact-mh-262k:context-0/factconsolidation_mh_262k_no55,3,9,0.3333333333333333,0.25,2.1874999925494194,0.8989799699686609,1.0,True,False,0.08838832657489419,Run 1::agentmemorybench:fact-mh-262k:context-0/factconsolidation_mh_262k_no55,True,0.25,2.2499999925494194,True
Run 1,agentmemorybench:fact-mh-262k:context-0/factconsolidation_mh_262k_no55,4,9,0.4444444444444444,0.25,0.625,0.6513548646660543,1.0,True,False,4.2146848510894035e-08,Run 1::agentmemorybench:fact-mh-262k:context-0/factconsolidation_mh_262k_no55,True,0.0,-1.5624999925494194,False
Run 1,agentmemorybench:fact-mh-262k:context-0/factconsolidation_mh_262k_no55,5,9,0.5555555555555556,0.75,2.687500013038516,0.9361833300553042,1.0,True,False,0.08838837662427679,Run 1::agentmemorybench:fact-mh-262k:context-0/factconsolidation_mh_262k_no55,True,0.5,2.062500013038516,True
Run 1,agentmemorybench:fact-mh-262k:context-0/factconsolidation_mh_262k_no55,6,9,0.6666666666666666,0.75,1.9374999701976776,0.8739164155309483,1.0,True,False,0.0883883687217427,Run 1::agentmemorybench:fact-mh-262k:context-0/factconsolidation_mh_262k_no55,True,0.0,-0.7500000428408384,False
Run 1,agentmemorybench:fact-mh-262k:context-0/factconsolidation_mh_262k_no55,7,9,0.7777777777777778,1.0,2.2500000782310963,0.9046505418489437,1.0,True,False,4.7415204574755785e-08,Run 1::agentmemorybench:fact-mh-262k:context-0/factconsolidation_mh_262k_no55,True,0.25,0.31250010803341866,True
Run 1,agentmemorybench:fact-mh-262k:context-0/factconsolidation_mh_262k_no55,8,9,0.8888888888888888,1.0,1.8749999776482582,0.8670357572253556,1.0,True,False,3.161013638317052e-08,Run 1::agentmemorybench:fact-mh-262k:context-0/factconsolidation_mh_262k_no55,True,0.0,-0.37500010058283806,False
Run 1,agentmemorybench:fact-mh-262k:context-0/factconsolidation_mh_262k_no55,9,9,1.0,1.0,4.124999959487468,0.9839750805254026,1.0,True,False,0.17677694356791687,Run 1::agentmemorybench:fact-mh-262k:context-0/factconsolidation_mh_262k_no55,True,0.0,2.24999998183921,False
Run 1,agentmemorybench:fact-mh-262k:context-0/factconsolidation_mh_262k_no56,1,3,0.3333333333333333,0.0,-3.6874999376013875,0.02446736501807175,0.0,False,True,0.08838832262362667,Run 1::agentmemorybench:fact-mh-262k:context-0/factconsolidation_mh_262k_no56,False,,,False
Run 1,agentmemorybench:fact-mh-262k:context-0/factconsolidation_mh_262k_no56,2,3,0.6666666666666666,0.0,1.8125000596046448,0.8594942878375447,1.0,False,True,0.08838841086859121,Run 1::agentmemorybench:fact-mh-262k:context-0/factconsolidation_mh_262k_no56,True,0.0,5.499999997206032,False
Run 1,agentmemorybench:fact-mh-262k:context-0/factconsolidation_mh_262k_no56,3,3,1.0,1.0,6.499999918276444,0.99848712746007,1.0,False,True,0.17677671159561345,Run 1::agentmemorybench:fact-mh-262k:context-0/factconsolidation_mh_262k_no56,True,1.0,4.687499858671799,True
Run 1,agentmemorybench:fact-mh-262k:context-0/factconsolidation_mh_262k_no57,1,22,0.0454545454545454,0.0,-5.812499963562004,0.00298680499629565,0.0,False,True,0.08838821742114199,Run 1::agentmemorybench:fact-mh-262k:context-0/factconsolidation_mh_262k_no57,False,,,False
Run 1,agentmemorybench:fact-mh-262k:context-0/factconsolidation_mh_262k_no57,2,22,0.0909090909090909,0.0,-0.1875,0.4533070628702228,0.0,False,True,0.08838834764831845,Run 1::agentmemorybench:fact-mh-262k:context-0/factconsolidation_mh_262k_no57,False,0.0,5.624999963562004,False
Run 1,agentmemorybench:fact-mh-262k:context-0/factconsolidation_mh_262k_no57,3,22,0.1363636363636363,0.0,1.8124999850988388,0.859494279167364,1.0,False,True,0.08838832657489419,Run 1::agentmemorybench:fact-mh-262k:context-0/factconsolidation_mh_262k_no57,True,0.0,1.9999999850988388,False
Run 1,agentmemorybench:fact-mh-262k:context-0/factconsolidation_mh_262k_no57,4,22,0.1818181818181818,0.3333333333333333,-1.1875000298023224,0.2338925704648638,0.0,False,True,0.08838830550146994,Run 1::agentmemorybench:fact-mh-262k:context-0/factconsolidation_mh_262k_no57,False,0.3333333333333333,-3.000000014901161,True
Run 1,agentmemorybench:fact-mh-262k:context-0/factconsolidation_mh_262k_no57,5,22,0.2272727272727272,0.3333333333333333,-1.437499962747097,0.1921193787673989,0.0,False,True,0.08838833711160632,Run 1::agentmemorybench:fact-mh-262k:context-0/factconsolidation_mh_262k_no57,False,0.0,-0.24999993294477463,False
Run 1,agentmemorybench:fact-mh-262k:context-0/factconsolidation_mh_262k_no57,6,22,0.2727272727272727,0.3333333333333333,-2.6249999962747097,0.06754669137426335,0.0,False,True,8.956205355667756e-08,Run 1::agentmemorybench:fact-mh-262k:context-0/factconsolidation_mh_262k_no57,False,0.0,-1.1875000335276127,False
Run 1,agentmemorybench:fact-mh-262k:context-0/factconsolidation_mh_262k_no57,7,22,0.3181818181818182,0.3333333333333333,-2.6249999906867743,0.06797241542053645,0.0,False,True,0.1767766399788982,Run 1::agentmemorybench:fact-mh-262k:context-0/factconsolidation_mh_262k_no57,False,0.0,5.587935447692871e-09,False
Run 1,agentmemorybench:fact-mh-262k:context-0/factconsolidation_mh_262k_no57,8,22,0.3636363636363636,0.3333333333333333,-3.0625000186264515,0.044756799777536146,0.0,False,True,0.08838836345338663,Run 1::agentmemorybench:fact-mh-262k:context-0/factconsolidation_mh_262k_no57,False,0.0,-0.43750002793967724,False
Run 1,agentmemorybench:fact-mh-262k:context-0/factconsolidation_mh_262k_no57,9,22,0.4090909090909091,0.3333333333333333,-3.124999985098839,0.04208772851637925,0.0,False,True,1.0536712127723509e-08,Run 1::agentmemorybench:fact-mh-262k:context-0/factconsolidation_mh_262k_no57,False,0.0,-0.062499966472387314,False
Run 1,agentmemorybench:fact-mh-262k:context-0/factconsolidation_mh_262k_no57,10,22,0.4545454545454545,0.3333333333333333,-4.500000169500709,0.0109869407887597,0.0,False,True,6.453736178230649e-08,Run 1::agentmemorybench:fact-mh-262k:context-0/factconsolidation_mh_262k_no57,False,0.0,-1.3750001844018698,False
Run 1,agentmemorybench:fact-mh-262k:context-0/factconsolidation_mh_262k_no57,11,22,0.5,0.3333333333333333,-3.312500013038516,0.03520643232446515,0.0,False,True,0.08838827652551158,Run 1::agentmemorybench:fact-mh-262k:context-0/factconsolidation_mh_262k_no57,False,0.0,1.1875001564621925,False
Run 1,agentmemorybench:fact-mh-262k:context-0/factconsolidation_mh_262k_no57,12,22,0.5454545454545454,0.3333333333333333,-4.0624998630955815,0.0169463031783312,0.0,False,True,0.08838843325910448,Run 1::agentmemorybench:fact-mh-262k:context-0/factconsolidation_mh_262k_no57,False,0.0,-0.7499998500570655,False
Run 1,agentmemorybench:fact-mh-262k:context-0/factconsolidation_mh_262k_no57,13,22,0.5909090909090909,0.3333333333333333,-4.312499979045242,0.01324763937119775,0.0,False,True,0.08838861304175516,Run 1::agentmemorybench:fact-mh-262k:context-0/factconsolidation_mh_262k_no57,False,0.0,-0.25000011594966054,False
Run 1,agentmemorybench:fact-mh-262k:context-0/factconsolidation_mh_262k_no57,14,22,0.6363636363636364,0.3333333333333333,-3.5625000167638063,0.027634793636329348,0.0,False,True,0.08838844774708365,Run 1::agentmemorybench:fact-mh-262k:context-0/factconsolidation_mh_262k_no57,False,0.0,0.7499999622814357,False
Run 1,agentmemorybench:fact-mh-262k:context-0/factconsolidation_mh_262k_no57,15,22,0.6818181818181818,0.3333333333333333,-4.250000076834112,0.0141690202763118,0.0,False,True,0.17677675127292006,Run 1::agentmemorybench:fact-mh-262k:context-0/factconsolidation_mh_262k_no57,False,0.0,-0.6875000600703061,False
Run 1,agentmemorybench:fact-mh-262k:context-0/factconsolidation_mh_262k_no57,16,22,0.7272727272727273,0.3333333333333333,-3.374999947845936,0.03308598005718025,0.0,False,True,3.161013638317052e-08,Run 1::agentmemorybench:fact-mh-262k:context-0/factconsolidation_mh_262k_no57,False,0.0,0.8750001289881766,False
Run 1,agentmemorybench:fact-mh-262k:context-0/factconsolidation_mh_262k_no57,17,22,0.7727272727272727,0.3333333333333333,-2.8749999068677425,0.05340333450779175,0.0,False,True,3.6878492290023035e-08,Run 1::agentmemorybench:fact-mh-262k:context-0/factconsolidation_mh_262k_no57,False,0.0,0.5000000409781933,False
Run 1,agentmemorybench:fact-mh-262k:context-0/factconsolidation_mh_262k_no57,18,22,0.8181818181818182,0.3333333333333333,-2.000000022351742,0.11920291967532806,0.0,False,True,3.161013638317052e-08,Run 1::agentmemorybench:fact-mh-262k:context-0/factconsolidation_mh_262k_no57,False,0.0,0.8749998845160007,False
Run 1,agentmemorybench:fact-mh-262k:context-0/factconsolidation_mh_262k_no57,19,22,0.8636363636363636,0.3333333333333333,-2.687500039115548,0.063816668350744,0.0,False,True,0.0883883608192086,Run 1::agentmemorybench:fact-mh-262k:context-0/factconsolidation_mh_262k_no57,False,0.0,-0.6875000167638063,False
Run 1,agentmemorybench:fact-mh-262k:context-0/factconsolidation_mh_262k_no57,20,22,0.9090909090909092,0.6666666666666666,-2.500000037252903,0.07585817740967679,0.0,False,True,1.1590383340495858e-07,Run 1::agentmemorybench:fact-mh-262k:context-0/factconsolidation_mh_262k_no57,False,0.3333333333333333,0.18750000186264515,True
Run 1,agentmemorybench:fact-mh-262k:context-0/factconsolidation_mh_262k_no57,21,22,0.9545454545454546,0.6666666666666666,-2.437500022351742,0.0804786105717003,0.0,False,True,0.088388242281197,Run 1::agentmemorybench:fact-mh-262k:context-0/factconsolidation_mh_262k_no57,False,0.0,0.0625000149011612,False
Run 1,agentmemorybench:fact-mh-262k:context-0/factconsolidation_mh_262k_no57,22,22,1.0,0.6666666666666666,-3.8750000540167098,0.0203323522667027,0.0,False,True,0.0,Run 1::agentmemorybench:fact-mh-262k:context-0/factconsolidation_mh_262k_no57,False,0.0,-1.437500031664968,False
Run 1,agentmemorybench:fact-mh-262k:context-0/factconsolidation_mh_262k_no58,1,11,0.0909090909090909,0.0,-4.000000195577741,0.0179862065076597,0.0,False,False,0.0,Run 1::agentmemorybench:fact-mh-262k:context-0/factconsolidation_mh_262k_no58,False,,,False
Run 1,agentmemorybench:fact-mh-262k:context-0/factconsolidation_mh_262k_no58,2,11,0.1818181818181818,0.0,-0.125,0.4689117495571009,0.0,False,False,0.1767766952966369,Run 1::agentmemorybench:fact-mh-262k:context-0/factconsolidation_mh_262k_no58,False,0.0,3.8750001955777407,False
Run 1,agentmemorybench:fact-mh-262k:context-0/factconsolidation_mh_262k_no58,3,11,0.2727272727272727,0.5,3.2499999944120646,0.9626731124550758,1.0,False,False,1.5014814782005998e-07,Run 1::agentmemorybench:fact-mh-262k:context-0/factconsolidation_mh_262k_no58,True,0.5,3.3749999944120646,True
Run 1,agentmemorybench:fact-mh-262k:context-0/factconsolidation_mh_262k_no58,4,11,0.3636363636363636,0.5,-2.000000074505806,0.11982740922655985,0.0,False,False,0.1767766952966369,Run 1::agentmemorybench:fact-mh-262k:context-0/factconsolidation_mh_262k_no58,False,0.0,-5.2500000689178705,False
Run 1,agentmemorybench:fact-mh-262k:context-0/factconsolidation_mh_262k_no58,5,11,0.4545454545454545,0.5,-2.250000052154064,0.0953494604004073,0.0,False,False,8.429369702178807e-08,Run 1::agentmemorybench:fact-mh-262k:context-0/factconsolidation_mh_262k_no58,False,0.0,-0.2499999776482582,False
Run 1,agentmemorybench:fact-mh-262k:context-0/factconsolidation_mh_262k_no58,6,11,0.5454545454545454,0.5,-3.5624999245628715,0.02763479604129295,0.0,False,False,0.08838838320972187,Run 1::agentmemorybench:fact-mh-262k:context-0/factconsolidation_mh_262k_no58,False,0.0,-1.3124998724088073,False
Run 1,agentmemorybench:fact-mh-262k:context-0/factconsolidation_mh_262k_no58,7,11,0.6363636363636364,0.5,-3.9999999227002263,0.0181193738484728,0.0,False,False,0.17677665973523343,Run 1::agentmemorybench:fact-mh-262k:context-0/factconsolidation_mh_262k_no58,False,0.0,-0.43749999813735485,False
Run 1,agentmemorybench:fact-mh-262k:context-0/factconsolidation_mh_262k_no58,8,11,0.7272727272727273,0.5,-4.312499892432243,0.0132476402621781,0.0,False,False,0.08838818367073595,Run 1::agentmemorybench:fact-mh-262k:context-0/factconsolidation_mh_262k_no58,False,0.0,-0.3124999697320163,False
Run 1,agentmemorybench:fact-mh-262k:context-0/factconsolidation_mh_262k_no58,9,11,0.8181818181818182,0.5,-3.2499999534338713,0.0375868547814319,0.0,False,False,0.17677667685739065,Run 1::agentmemorybench:fact-mh-262k:context-0/factconsolidation_mh_262k_no58,False,0.0,1.0624999389983714,False
Run 1,agentmemorybench:fact-mh-262k:context-0/factconsolidation_mh_262k_no58,10,11,0.9090909090909092,0.5,-4.062500092200935,0.0169462992439905,0.0,False,False,0.08838826730588846,Run 1::agentmemorybench:fact-mh-262k:context-0/factconsolidation_mh_262k_no58,False,0.0,-0.8125001387670636,False
Run 1,agentmemorybench:fact-mh-262k:context-0/factconsolidation_mh_262k_no58,11,11,1.0,1.0,0.625,0.6513548646660542,1.0,False,False,0.0,Run 1::agentmemorybench:fact-mh-262k:context-0/factconsolidation_mh_262k_no58,True,0.5,4.687500092200935,True
Run 1,agentmemorybench:fact-mh-262k:context-0/factconsolidation_mh_262k_no59,1,3,0.3333333333333333,0.0,-5.437500195228495,0.0044068632984251,0.0,True,False,0.26516507340263884,Run 1::agentmemorybench:fact-mh-262k:context-0/factconsolidation_mh_262k_no59,False,,,False
Run 1,agentmemorybench:fact-mh-262k:context-0/factconsolidation_mh_262k_no59,2,3,0.6666666666666666,0.0,1.0,0.7310585786300048,1.0,True,False,4.2146848510894035e-08,Run 1::agentmemorybench:fact-mh-262k:context-0/factconsolidation_mh_262k_no59,True,0.0,6.437500195228495,False
Run 1,agentmemorybench:fact-mh-262k:context-0/factconsolidation_mh_262k_no59,3,3,1.0,1.0,8.562499780440703,0.9998085224871425,1.0,True,False,0.08838800713964878,Run 1::agentmemorybench:fact-mh-262k:context-0/factconsolidation_mh_262k_no59,True,1.0,7.562499780440703,True
Run 1,agentmemorybench:fact-mh-262k:context-0/factconsolidation_mh_262k_no6,1,3,0.3333333333333333,0.0,-3.437500001862645,0.0311991046883866,0.0,True,False,0.08838848725975429,Run 1::agentmemorybench:fact-mh-262k:context-0/factconsolidation_mh_262k_no6,False,,,False
Run 1,agentmemorybench:fact-mh-262k:context-0/factconsolidation_mh_262k_no6,2,3,0.6666666666666666,0.0,3.250000024214387,0.9624131475139418,1.0,True,False,0.17677676641944373,Run 1::agentmemorybench:fact-mh-262k:context-0/factconsolidation_mh_262k_no6,True,0.0,6.687500026077032,False
Run 1,agentmemorybench:fact-mh-262k:context-0/factconsolidation_mh_262k_no6,3,3,1.0,1.0,8.562499959130946,0.999808522516367,1.0,True,False,0.0883885972263972,Run 1::agentmemorybench:fact-mh-262k:context-0/factconsolidation_mh_262k_no6,True,1.0,5.312499934916559,True
Run 1,agentmemorybench:fact-mh-262k:context-0/factconsolidation_mh_262k_no60,1,3,0.3333333333333333,0.0,-3.875000085681677,0.0203323516359698,0.0,False,False,0.0,Run 1::agentmemorybench:fact-mh-262k:context-0/factconsolidation_mh_262k_no60,False,,,False
Run 1,agentmemorybench:fact-mh-262k:context-0/factconsolidation_mh_262k_no60,2,3,0.6666666666666666,0.0,3.125000035390258,0.9579122735111871,1.0,False,False,9.21962311175807e-08,Run 1::agentmemorybench:fact-mh-262k:context-0/factconsolidation_mh_262k_no60,True,0.0,7.000000121071935,False
Run 1,agentmemorybench:fact-mh-262k:context-0/factconsolidation_mh_262k_no60,3,3,1.0,0.5,3.374999998137355,0.9666804413312019,1.0,False,False,0.17677652934342086,Run 1::agentmemorybench:fact-mh-262k:context-0/factconsolidation_mh_262k_no60,True,0.5,0.24999996274709702,True
Run 1,agentmemorybench:fact-mh-262k:context-0/factconsolidation_mh_262k_no61,1,4,0.25,0.0,-5.000000064726919,0.0066928504939766,0.0,True,False,0.0,Run 1::agentmemorybench:fact-mh-262k:context-0/factconsolidation_mh_262k_no61,False,,,False
Run 1,agentmemorybench:fact-mh-262k:context-0/factconsolidation_mh_262k_no61,2,4,0.5,0.0,2.562499947845936,0.9282975610285951,1.0,True,False,0.08838831603818206,Run 1::agentmemorybench:fact-mh-262k:context-0/factconsolidation_mh_262k_no61,True,0.0,7.562500012572855,False
Run 1,agentmemorybench:fact-mh-262k:context-0/factconsolidation_mh_262k_no61,3,4,0.75,0.0,2.250000089406967,0.9046505428129514,1.0,True,False,2.1073424255447017e-08,Run 1::agentmemorybench:fact-mh-262k:context-0/factconsolidation_mh_262k_no61,True,0.0,-0.31249985843896866,False
Run 1,agentmemorybench:fact-mh-262k:context-0/factconsolidation_mh_262k_no61,4,4,1.0,1.0,7.999999999097781,0.9996620291886701,1.0,True,False,0.17677659062921916,Run 1::agentmemorybench:fact-mh-262k:context-0/factconsolidation_mh_262k_no61,True,1.0,5.749999909690814,True
Run 1,agentmemorybench:fact-mh-262k:context-0/factconsolidation_mh_262k_no62,1,4,0.25,0.0,-4.250000151339918,0.01416901925783115,0.0,True,False,0.17677676971216627,Run 1::agentmemorybench:fact-mh-262k:context-0/factconsolidation_mh_262k_no62,False,,,False
Run 1,agentmemorybench:fact-mh-262k:context-0/factconsolidation_mh_262k_no62,2,4,0.5,0.0,1.5624999850988388,0.8265290044260849,1.0,True,False,0.0883883687217427,Run 1::agentmemorybench:fact-mh-262k:context-0/factconsolidation_mh_262k_no62,True,0.0,5.812500136438757,False
Run 1,agentmemorybench:fact-mh-262k:context-0/factconsolidation_mh_262k_no62,3,4,0.75,0.0,3.312499964609742,0.9647935660381184,1.0,True,False,0.08838827125715551,Run 1::agentmemorybench:fact-mh-262k:context-0/factconsolidation_mh_262k_no62,True,0.0,1.7499999795109034,False
Run 1,agentmemorybench:fact-mh-262k:context-0/factconsolidation_mh_262k_no62,4,4,1.0,1.0,8.250000214313332,0.9997367681408795,1.0,True,False,0.17677659872725865,Run 1::agentmemorybench:fact-mh-262k:context-0/factconsolidation_mh_262k_no62,True,1.0,4.937500249703589,True
Run 1,agentmemorybench:fact-mh-262k:context-0/factconsolidation_mh_262k_no63,1,7,0.1428571428571428,0.0,-4.125000203028321,0.0159063885337358,0.0,False,True,0.0,Run 1::agentmemorybench:fact-mh-262k:context-0/factconsolidation_mh_262k_no63,False,,,False
Run 1,agentmemorybench:fact-mh-262k:context-0/factconsolidation_mh_262k_no63,2,7,0.2857142857142857,0.0,-0.1875,0.4533070628702228,0.0,False,True,0.08838834764831845,Run 1::agentmemorybench:fact-mh-262k:context-0/factconsolidation_mh_262k_no63,False,0.0,3.9375002030283213,False
Run 1,agentmemorybench:fact-mh-262k:context-0/factconsolidation_mh_262k_no63,3,7,0.4285714285714285,0.25,2.0000000968575478,0.8801725932014144,1.0,False,True,0.17677668475992475,Run 1::agentmemorybench:fact-mh-262k:context-0/factconsolidation_mh_262k_no63,True,0.25,2.1875000968575478,True
Run 1,agentmemorybench:fact-mh-262k:context-0/factconsolidation_mh_262k_no63,4,7,0.5714285714285714,0.25,0.5,0.6224593312018545,1.0,False,True,4.2146848510894035e-08,Run 1::agentmemorybench:fact-mh-262k:context-0/factconsolidation_mh_262k_no63,True,0.0,-1.5000000968575478,False
Run 1,agentmemorybench:fact-mh-262k:context-0/factconsolidation_mh_262k_no63,5,7,0.7142857142857143,0.5,3.749999993480742,0.9770226299436209,1.0,False,True,1.0931838895316838e-07,Run 1::agentmemorybench:fact-mh-262k:context-0/factconsolidation_mh_262k_no63,True,0.25,3.249999993480742,True
Run 1,agentmemorybench:fact-mh-262k:context-0/factconsolidation_mh_262k_no63,6,7,0.8571428571428571,0.5,1.7499999776482582,0.8519527991491027,1.0,False,True,3.161013638317052e-08,Run 1::agentmemorybench:fact-mh-262k:context-0/factconsolidation_mh_262k_no63,True,0.0,-2.0000000158324838,False
Run 1,agentmemorybench:fact-mh-262k:context-0/factconsolidation_mh_262k_no63,7,7,1.0,0.75,4.874999836087227,0.9923648305736452,1.0,False,True,0.17677671900423916,Run 1::agentmemorybench:fact-mh-262k:context-0/factconsolidation_mh_262k_no63,True,0.25,3.1249998584389687,True
Run 1,agentmemorybench:fact-mh-262k:context-0/factconsolidation_mh_262k_no64,1,5,0.2,0.0,-3.374999910593033,0.033085981248949,0.0,False,False,0.0,Run 1::agentmemorybench:fact-mh-262k:context-0/factconsolidation_mh_262k_no64,False,,,False
Run 1,agentmemorybench:fact-mh-262k:context-0/factconsolidation_mh_262k_no64,2,5,0.4,0.0,2.499999985098839,0.9241418189341296,1.0,False,False,1.0536712127723509e-08,Run 1::agentmemorybench:fact-mh-262k:context-0/factconsolidation_mh_262k_no64,True,0.0,5.874999895691872,False
Run 1,agentmemorybench:fact-mh-262k:context-0/factconsolidation_mh_262k_no64,3,5,0.6,0.5,7.875000016312697,0.9996170464097371,1.0,False,False,0.17677641617666306,Run 1::agentmemorybench:fact-mh-262k:context-0/factconsolidation_mh_262k_no64,True,0.5,5.375000031213858,True
Run 1,agentmemorybench:fact-mh-262k:context-0/factconsolidation_mh_262k_no64,4,5,0.8,0.5,2.874999985098839,0.9465966694469008,1.0,False,False,1.475139697881291e-07,Run 1::agentmemorybench:fact-mh-262k:context-0/factconsolidation_mh_262k_no64,True,0.0,-5.000000031213858,False
Run 1,agentmemorybench:fact-mh-262k:context-0/factconsolidation_mh_262k_no64,5,5,1.0,1.0,5.31250013737008,0.995085151708471,1.0,False,False,0.08838847343031947,Run 1::agentmemorybench:fact-mh-262k:context-0/factconsolidation_mh_262k_no64,True,0.5,2.437500152271241,True
Run 1,agentmemorybench:fact-mh-262k:context-0/factconsolidation_mh_262k_no65,1,7,0.1428571428571428,0.0,-4.0000001564621925,0.01798620719854595,0.0,False,False,2.634178031930877e-09,Run 1::agentmemorybench:fact-mh-262k:context-0/factconsolidation_mh_262k_no65,False,,,False
Run 1,agentmemorybench:fact-mh-262k:context-0/factconsolidation_mh_262k_no65,2,7,0.2857142857142857,0.0,-2.500000022351742,0.0758581784543034,0.0,False,False,6.322027323736878e-08,Run 1::agentmemorybench:fact-mh-262k:context-0/factconsolidation_mh_262k_no65,False,0.0,1.5000001341104507,False
Run 1,agentmemorybench:fact-mh-262k:context-0/factconsolidation_mh_262k_no65,3,7,0.4285714285714285,0.0,-2.249999988824129,0.09534946586311716,0.0,False,False,5.795191670247929e-08,Run 1::agentmemorybench:fact-mh-262k:context-0/factconsolidation_mh_262k_no65,False,0.0,0.2500000335276127,False
Run 1,agentmemorybench:fact-mh-262k:context-0/factconsolidation_mh_262k_no65,4,7,0.5714285714285714,0.5,1.9999999552965164,0.8807970732843035,1.0,False,False,0.0,Run 1::agentmemorybench:fact-mh-262k:context-0/factconsolidation_mh_262k_no65,True,0.5,4.2499999441206455,True
Run 1,agentmemorybench:fact-mh-262k:context-0/factconsolidation_mh_262k_no65,5,7,0.7142857142857143,0.5,0.8125000447034836,0.6924818730942426,1.0,False,False,0.08838832657489419,Run 1::agentmemorybench:fact-mh-262k:context-0/factconsolidation_mh_262k_no65,True,0.0,-1.1874999105930328,False
Run 1,agentmemorybench:fact-mh-262k:context-0/factconsolidation_mh_262k_no65,6,7,0.8571428571428571,0.5,2.187500014901161,0.8989799715258329,1.0,False,False,0.08838847408886397,Run 1::agentmemorybench:fact-mh-262k:context-0/factconsolidation_mh_262k_no65,True,0.0,1.3749999701976776,False
Run 1,agentmemorybench:fact-mh-262k:context-0/factconsolidation_mh_262k_no65,7,7,1.0,1.0,6.499999821186066,0.9984988174752336,1.0,False,False,0.0,Run 1::agentmemorybench:fact-mh-262k:context-0/factconsolidation_mh_262k_no65,True,0.5,4.3124998062849045,True
Run 1,agentmemorybench:fact-mh-262k:context-0/factconsolidation_mh_262k_no66,1,3,0.3333333333333333,0.0,-4.249999881256372,0.0141690228598155,0.0,False,False,0.17677662746655257,Run 1::agentmemorybench:fact-mh-262k:context-0/factconsolidation_mh_262k_no66,False,,,False
Run 1,agentmemorybench:fact-mh-262k:context-0/factconsolidation_mh_262k_no66,2,3,0.6666666666666666,0.0,2.562499936670065,0.928297560006422,1.0,False,False,0.0883884266736594,Run 1::agentmemorybench:fact-mh-262k:context-0/factconsolidation_mh_262k_no66,True,0.0,6.812499817926437,False
Run 1,agentmemorybench:fact-mh-262k:context-0/factconsolidation_mh_262k_no66,3,3,1.0,0.5,8.812499952371581,0.9998485387185688,1.0,False,False,0.26516512116769514,Run 1::agentmemorybench:fact-mh-262k:context-0/factconsolidation_mh_262k_no66,True,0.5,6.2500000157015165,True
Run 1,agentmemorybench:fact-mh-262k:context-0/factconsolidation_mh_262k_no67,1,6,0.1666666666666666,0.0,-5.125000142492354,0.0059110680189405004,0.0,True,False,9.812313168942517e-08,Run 1::agentmemorybench:fact-mh-262k:context-0/factconsolidation_mh_262k_no67,False,,,False
Run 1,agentmemorybench:fact-mh-262k:context-0/factconsolidation_mh_262k_no67,2,6,0.3333333333333333,0.0,2.375000052154064,0.914900959053549,1.0,True,False,0.0,Run 1::agentmemorybench:fact-mh-262k:context-0/factconsolidation_mh_262k_no67,True,0.0,7.500000194646418,False
Run 1,agentmemorybench:fact-mh-262k:context-0/factconsolidation_mh_262k_no67,3,6,0.5,0.0,7.187500051979441,0.9992431218680238,1.0,True,False,0.08838846536314925,Run 1::agentmemorybench:fact-mh-262k:context-0/factconsolidation_mh_262k_no67,True,0.0,4.812499999825377,False
Run 1,agentmemorybench:fact-mh-262k:context-0/factconsolidation_mh_262k_no67,4,6,0.6666666666666666,0.5,0.6875,0.6652667816466401,1.0,True,False,0.08838843194201547,Run 1::agentmemorybench:fact-mh-262k:context-0/factconsolidation_mh_262k_no67,True,0.5,-6.500000051979441,True
Run 1,agentmemorybench:fact-mh-262k:context-0/factconsolidation_mh_262k_no67,5,6,0.8333333333333334,0.5,2.5625000707805157,0.9282975691163156,1.0,True,False,0.08838835291667403,Run 1::agentmemorybench:fact-mh-262k:context-0/factconsolidation_mh_262k_no67,True,0.0,1.8750000707805157,False
Run 1,agentmemorybench:fact-mh-262k:context-0/factconsolidation_mh_262k_no67,6,6,1.0,1.0,7.437499996711267,0.9994104435947778,1.0,True,False,0.08838856970129441,Run 1::agentmemorybench:fact-mh-262k:context-0/factconsolidation_mh_262k_no67,True,0.5,4.8749999259307515,True
Run 1,agentmemorybench:fact-mh-262k:context-0/factconsolidation_mh_262k_no68,1,6,0.1666666666666666,0.0,-4.125000189989805,0.0159063887378326,0.0,True,False,0.0,Run 1::agentmemorybench:fact-mh-262k:context-0/factconsolidation_mh_262k_no68,False,,,False
Run 1,agentmemorybench:fact-mh-262k:context-0/factconsolidation_mh_262k_no68,2,6,0.3333333333333333,0.0,0.5625000149011612,0.6369071013178845,1.0,True,False,0.0883883687217427,Run 1::agentmemorybench:fact-mh-262k:context-0/factconsolidation_mh_262k_no68,True,0.0,4.687500204890966,False
Run 1,agentmemorybench:fact-mh-262k:context-0/factconsolidation_mh_262k_no68,3,6,0.5,0.0,1.6249999925494194,0.8354835360793486,1.0,True,False,3.161013638317052e-08,Run 1::agentmemorybench:fact-mh-262k:context-0/factconsolidation_mh_262k_no68,True,0.0,1.0624999776482582,False
Run 1,agentmemorybench:fact-mh-262k:context-0/factconsolidation_mh_262k_no68,4,6,0.6666666666666666,1.0,6.93749994126847,0.9990283588201926,1.0,True,False,0.08838851648266667,Run 1::agentmemorybench:fact-mh-262k:context-0/factconsolidation_mh_262k_no68,True,1.0,5.312499948719051,True
Run 1,agentmemorybench:fact-mh-262k:context-0/factconsolidation_mh_262k_no68,5,6,0.8333333333333334,1.0,3.6250000027939677,0.9740426428728446,1.0,True,False,1.1722092242092402e-07,Run 1::agentmemorybench:fact-mh-262k:context-0/factconsolidation_mh_262k_no68,True,0.0,-3.3124999384745024,False
Run 1,agentmemorybench:fact-mh-262k:context-0/factconsolidation_mh_262k_no68,6,6,1.0,1.0,5.3124999206047505,0.9950093963352332,1.0,True,False,0.2651650189080808,Run 1::agentmemorybench:fact-mh-262k:context-0/factconsolidation_mh_262k_no68,True,0.0,1.6874999178107828,False
Run 1,agentmemorybench:fact-mh-262k:context-0/factconsolidation_mh_262k_no69,1,11,0.0909090909090909,0.0,-5.000000004656613,0.0066928508933274,0.0,True,False,1.3105035708856113e-07,Run 1::agentmemorybench:fact-mh-262k:context-0/factconsolidation_mh_262k_no69,False,,,False
Run 1,agentmemorybench:fact-mh-262k:context-0/factconsolidation_mh_262k_no69,2,11,0.1818181818181818,0.0,-0.6250000149011612,0.3486451319500157,0.0,True,False,6.322027276634104e-08,Run 1::agentmemorybench:fact-mh-262k:context-0/factconsolidation_mh_262k_no69,False,0.0,4.374999989755452,False
Run 1,agentmemorybench:fact-mh-262k:context-0/factconsolidation_mh_262k_no69,3,11,0.2727272727272727,0.0,-5.499999858438969,0.0041015879654077,0.0,True,False,0.17677671439442763,Run 1::agentmemorybench:fact-mh-262k:context-0/factconsolidation_mh_262k_no69,False,0.0,-4.8749998435378075,False
Run 1,agentmemorybench:fact-mh-262k:context-0/factconsolidation_mh_262k_no69,4,11,0.3636363636363636,0.25,-1.3125,0.2122566807219579,0.0,True,False,0.08838838979516696,Run 1::agentmemorybench:fact-mh-262k:context-0/factconsolidation_mh_262k_no69,False,0.25,4.187499858438969,True
Run 1,agentmemorybench:fact-mh-262k:context-0/factconsolidation_mh_262k_no69,5,11,0.4545454545454545,0.25,0.8125000149011612,0.6924818669057151,1.0,True,False,0.08838828442804568,Run 1::agentmemorybench:fact-mh-262k:context-0/factconsolidation_mh_262k_no69,True,0.0,2.125000014901161,False
Run 1,agentmemorybench:fact-mh-262k:context-0/factconsolidation_mh_262k_no69,6,11,0.5454545454545454,0.5,-0.0625,0.48439531331312186,0.0,True,False,0.08838834764831845,Run 1::agentmemorybench:fact-mh-262k:context-0/factconsolidation_mh_262k_no69,False,0.25,-0.8750000149011612,True
Run 1,agentmemorybench:fact-mh-262k:context-0/factconsolidation_mh_262k_no69,7,11,0.6363636363636364,0.5,2.000000014901161,0.8807970795424087,1.0,True,False,2.1073424255447017e-08,Run 1::agentmemorybench:fact-mh-262k:context-0/factconsolidation_mh_262k_no69,True,0.0,2.062500014901161,False
Run 1,agentmemorybench:fact-mh-262k:context-0/factconsolidation_mh_262k_no69,8,11,0.7272727272727273,0.5,2.062500014901161,0.8870532432198149,1.0,True,False,0.08838843194201547,Run 1::agentmemorybench:fact-mh-262k:context-0/factconsolidation_mh_262k_no69,True,0.0,0.0625,False
Run 1,agentmemorybench:fact-mh-262k:context-0/factconsolidation_mh_262k_no69,9,11,0.8181818181818182,0.5,1.6875000149011612,0.8437181715840502,1.0,True,False,0.08838832657489419,Run 1::agentmemorybench:fact-mh-262k:context-0/factconsolidation_mh_262k_no69,True,0.0,-0.375,False
Run 1,agentmemorybench:fact-mh-262k:context-0/factconsolidation_mh_262k_no69,10,11,0.9090909090909092,1.0,4.937499971129,0.9928649537761309,1.0,True,False,0.08838809871849443,Run 1::agentmemorybench:fact-mh-262k:context-0/factconsolidation_mh_262k_no69,True,0.5,3.249999956227839,True
Run 1,agentmemorybench:fact-mh-262k:context-0/factconsolidation_mh_262k_no69,11,11,1.0,1.0,8.812499952888174,0.9998485387253402,1.0,True,False,0.2651647838179812,Run 1::agentmemorybench:fact-mh-262k:context-0/factconsolidation_mh_262k_no69,True,0.0,3.8749999817591743,False
Run 1,agentmemorybench:fact-mh-262k:context-0/factconsolidation_mh_262k_no7,1,23,0.0434782608695652,0.0,-4.499999982304871,0.0110700638523348,0.0,False,False,0.17677668607701377,Run 1::agentmemorybench:fact-mh-262k:context-0/factconsolidation_mh_262k_no7,False,,,False
Run 1,agentmemorybench:fact-mh-262k:context-0/factconsolidation_mh_262k_no7,2,23,0.0869565217391304,0.0,-2.687499964609742,0.0638166729222089,0.0,False,False,0.08838841350276924,Run 1::agentmemorybench:fact-mh-262k:context-0/factconsolidation_mh_262k_no7,False,0.0,1.812500017695129,False
Run 1,agentmemorybench:fact-mh-262k:context-0/factconsolidation_mh_262k_no7,3,23,0.1304347826086956,0.5,1.3750000074505806,0.7981867789397954,1.0,False,False,1.0536712127723509e-08,Run 1::agentmemorybench:fact-mh-262k:context-0/factconsolidation_mh_262k_no7,True,0.5,4.062499972060323,True
Run 1,agentmemorybench:fact-mh-262k:context-0/factconsolidation_mh_262k_no7,4,23,0.1739130434782608,0.5,2.312499936670065,0.9097757397719962,1.0,False,False,0.08838837399009876,Run 1::agentmemorybench:fact-mh-262k:context-0/factconsolidation_mh_262k_no7,True,0.0,0.9374999292194843,False
Run 1,agentmemorybench:fact-mh-262k:context-0/factconsolidation_mh_262k_no7,5,23,0.217391304347826,0.5,0.125,0.5310882504428991,0.5,False,False,0.1767766952966369,Run 1::agentmemorybench:fact-mh-262k:context-0/factconsolidation_mh_262k_no7,True,0.0,-2.187499936670065,False
Run 1,agentmemorybench:fact-mh-262k:context-0/factconsolidation_mh_262k_no7,6,23,0.2608695652173913,0.5,0.1875,0.5466929371297772,1.0,False,False,0.08838834764831845,Run 1::agentmemorybench:fact-mh-262k:context-0/factconsolidation_mh_262k_no7,True,0.0,0.0625,False
Run 1,agentmemorybench:fact-mh-262k:context-0/factconsolidation_mh_262k_no7,7,23,0.3043478260869565,0.5,-0.5,0.3775406687981454,0.0,False,False,0.0,Run 1::agentmemorybench:fact-mh-262k:context-0/factconsolidation_mh_262k_no7,False,0.0,-0.6875,False
Run 1,agentmemorybench:fact-mh-262k:context-0/factconsolidation_mh_262k_no7,8,23,0.3478260869565217,0.5,-0.5625000149011612,0.3630928986821155,0.0,False,False,0.0883883687217427,Run 1::agentmemorybench:fact-mh-262k:context-0/factconsolidation_mh_262k_no7,False,0.0,-0.0625000149011612,False
Run 1,agentmemorybench:fact-mh-262k:context-0/factconsolidation_mh_262k_no7,9,23,0.391304347826087,0.5,-1.5000000149011612,0.18316484000203687,0.0,False,False,0.17677665314978838,Run 1::agentmemorybench:fact-mh-262k:context-0/factconsolidation_mh_262k_no7,False,0.0,-0.9375,False
Run 1,agentmemorybench:fact-mh-262k:context-0/factconsolidation_mh_262k_no7,10,23,0.4347826086956521,0.5,-1.6875,0.15628183046412636,0.0,False,False,0.08838834764831845,Run 1::agentmemorybench:fact-mh-262k:context-0/factconsolidation_mh_262k_no7,False,0.0,-0.1874999850988388,False
Run 1,agentmemorybench:fact-mh-262k:context-0/factconsolidation_mh_262k_no7,11,23,0.4782608695652174,0.5,-2.9374999348074198,0.05041460447392365,0.0,False,False,0.08838827652551158,Run 1::agentmemorybench:fact-mh-262k:context-0/factconsolidation_mh_262k_no7,False,0.0,-1.2499999348074198,False
Run 1,agentmemorybench:fact-mh-262k:context-0/factconsolidation_mh_262k_no7,12,23,0.5217391304347826,0.5,-2.437500048428774,0.08047860880137125,0.0,False,False,0.08838830023311386,Run 1::agentmemorybench:fact-mh-262k:context-0/factconsolidation_mh_262k_no7,False,0.0,0.4999998863786459,False
Run 1,agentmemorybench:fact-mh-262k:context-0/factconsolidation_mh_262k_no7,13,23,0.5652173913043478,0.5,-3.6875000093132257,0.024467363350113798,0.0,False,False,0.08838836608756466,Run 1::agentmemorybench:fact-mh-262k:context-0/factconsolidation_mh_262k_no7,False,0.0,-1.2499999608844519,False
Run 1,agentmemorybench:fact-mh-262k:context-0/factconsolidation_mh_262k_no7,14,23,0.6086956521739131,0.5,-1.9374999329447746,0.12608358830369246,0.0,False,False,0.08838829496475781,Run 1::agentmemorybench:fact-mh-262k:context-0/factconsolidation_mh_262k_no7,False,0.0,1.7500000763684511,False
Run 1,agentmemorybench:fact-mh-262k:context-0/factconsolidation_mh_262k_no7,15,23,0.6521739130434783,0.5,-2.8749999180436134,0.0534033339428356,0.0,False,False,0.0,Run 1::agentmemorybench:fact-mh-262k:context-0/factconsolidation_mh_262k_no7,False,0.0,-0.9374999850988388,False
Run 1,agentmemorybench:fact-mh-262k:context-0/factconsolidation_mh_262k_no7,16,23,0.6956521739130435,0.5,-1.5624999850988388,0.1734709953124968,0.0,False,False,0.08838830550146994,Run 1::agentmemorybench:fact-mh-262k:context-0/factconsolidation_mh_262k_no7,False,0.0,1.3124999329447746,False
Run 1,agentmemorybench:fact-mh-262k:context-0/factconsolidation_mh_262k_no7,17,23,0.7391304347826086,0.5,-0.9999999701976776,0.2689414272294874,0.0,False,False,0.0,Run 1::agentmemorybench:fact-mh-262k:context-0/factconsolidation_mh_262k_no7,False,0.0,0.5625000149011612,False
Run 1,agentmemorybench:fact-mh-262k:context-0/factconsolidation_mh_262k_no7,18,23,0.782608695652174,0.5,-2.937499960884452,0.05041460338595165,0.0,False,False,0.0883883608192086,Run 1::agentmemorybench:fact-mh-262k:context-0/factconsolidation_mh_262k_no7,False,0.0,-1.9374999906867743,False
Run 1,agentmemorybench:fact-mh-262k:context-0/factconsolidation_mh_262k_no7,19,23,0.8260869565217391,0.5,-1.8125,0.14050571903396175,0.0,False,False,0.08838832657489419,Run 1::agentmemorybench:fact-mh-262k:context-0/factconsolidation_mh_262k_no7,False,0.0,1.1249999608844519,False
Run 1,agentmemorybench:fact-mh-262k:context-0/factconsolidation_mh_262k_no7,20,23,0.8695652173913043,0.5,-1.625000037252903,0.16451645777612206,0.0,False,False,3.161013638317052e-08,Run 1::agentmemorybench:fact-mh-262k:context-0/factconsolidation_mh_262k_no7,False,0.0,0.18749996274709702,False
Run 1,agentmemorybench:fact-mh-262k:context-0/factconsolidation_mh_262k_no7,21,23,0.9130434782608696,0.5,-0.625,0.34918098481137616,0.0,False,False,0.1767766952966369,Run 1::agentmemorybench:fact-mh-262k:context-0/factconsolidation_mh_262k_no7,False,0.0,1.000000037252903,False
Run 1,agentmemorybench:fact-mh-262k:context-0/factconsolidation_mh_262k_no7,22,23,0.9565217391304348,0.5,1.1249999701976776,0.7549149813536516,1.0,False,False,4.2146848510894035e-08,Run 1::agentmemorybench:fact-mh-262k:context-0/factconsolidation_mh_262k_no7,True,0.0,1.7499999701976776,False
Run 1,agentmemorybench:fact-mh-262k:context-0/factconsolidation_mh_262k_no7,23,23,1.0,0.5,2.875000063329935,0.9465966734015934,1.0,False,False,1.0536712127723509e-08,Run 1::agentmemorybench:fact-mh-262k:context-0/factconsolidation_mh_262k_no7,True,0.0,1.7500000931322575,False
Run 1,agentmemorybench:fact-mh-262k:context-0/factconsolidation_mh_262k_no70,1,6,0.1666666666666666,0.0,-4.68749983003363,0.009142982492241599,0.0,True,False,0.08838836016066409,Run 1::agentmemorybench:fact-mh-262k:context-0/factconsolidation_mh_262k_no70,False,,,False
Run 1,agentmemorybench:fact-mh-262k:context-0/factconsolidation_mh_262k_no70,2,6,0.3333333333333333,0.0,2.3125000298023224,0.9097757473046698,1.0,True,False,0.08838841086859121,Run 1::agentmemorybench:fact-mh-262k:context-0/factconsolidation_mh_262k_no70,True,0.0,6.9999998598359525,False
Run 1,agentmemorybench:fact-mh-262k:context-0/factconsolidation_mh_262k_no70,3,6,0.5,0.3333333333333333,3.500000041909516,0.9706877704410962,1.0,True,False,1.71221572075507e-08,Run 1::agentmemorybench:fact-mh-262k:context-0/factconsolidation_mh_262k_no70,True,0.3333333333333333,1.1875000121071935,True
Run 1,agentmemorybench:fact-mh-262k:context-0/factconsolidation_mh_262k_no70,4,6,0.6666666666666666,0.3333333333333333,1.3750000298023224,0.7981867825403177,1.0,True,False,2.1073424255447017e-08,Run 1::agentmemorybench:fact-mh-262k:context-0/factconsolidation_mh_262k_no70,True,0.0,-2.1250000121071935,False
Run 1,agentmemorybench:fact-mh-262k:context-0/factconsolidation_mh_262k_no70,5,6,0.8333333333333334,0.3333333333333333,1.5000000298023224,0.8168351616939677,1.0,True,False,0.17677671637006115,Run 1::agentmemorybench:fact-mh-262k:context-0/factconsolidation_mh_262k_no70,True,0.0,0.125,False
Run 1,agentmemorybench:fact-mh-262k:context-0/factconsolidation_mh_262k_no70,6,6,1.0,1.0,6.562499995576218,0.9985868976415884,1.0,True,False,0.08838859229760315,Run 1::agentmemorybench:fact-mh-262k:context-0/factconsolidation_mh_262k_no70,True,0.6666666666666667,5.062499965773895,True
Run 1,agentmemorybench:fact-mh-262k:context-0/factconsolidation_mh_262k_no71,1,3,0.3333333333333333,0.0,-4.124999850988388,0.01590639404435,0.0,True,True,7.375698489406456e-08,Run 1::agentmemorybench:fact-mh-262k:context-0/factconsolidation_mh_262k_no71,False,,,False
Run 1,agentmemorybench:fact-mh-262k:context-0/factconsolidation_mh_262k_no71,2,3,0.6666666666666666,0.0,1.5000000223517418,0.8175744795273266,1.0,True,True,5.268356063861754e-08,Run 1::agentmemorybench:fact-mh-262k:context-0/factconsolidation_mh_262k_no71,True,0.0,5.62499987334013,False
Run 1,agentmemorybench:fact-mh-262k:context-0/factconsolidation_mh_262k_no71,3,3,1.0,1.0,7.9375001245352905,0.9996423327154512,1.0,True,True,0.08838875767459271,Run 1::agentmemorybench:fact-mh-262k:context-0/factconsolidation_mh_262k_no71,True,1.0,6.437500102183549,True
Run 1,agentmemorybench:fact-mh-262k:context-0/factconsolidation_mh_262k_no72,1,9,0.1111111111111111,0.0,-4.812499983236194,0.0082006636955405,0.0,False,True,0.26516490596769765,Run 1::agentmemorybench:fact-mh-262k:context-0/factconsolidation_mh_262k_no72,False,,,False
Run 1,agentmemorybench:fact-mh-262k:context-0/factconsolidation_mh_262k_no72,2,9,0.2222222222222222,0.0,-2.8124999161809683,0.05674499442273205,0.0,False,True,0.08838832394071662,Run 1::agentmemorybench:fact-mh-262k:context-0/factconsolidation_mh_262k_no72,False,0.0,2.0000000670552254,False
Run 1,agentmemorybench:fact-mh-262k:context-0/factconsolidation_mh_262k_no72,3,9,0.3333333333333333,0.25,3.500000045634806,0.9704783334480191,1.0,False,True,0.17677672295550606,Run 1::agentmemorybench:fact-mh-262k:context-0/factconsolidation_mh_262k_no72,True,0.25,6.312499961815774,True
Run 1,agentmemorybench:fact-mh-262k:context-0/factconsolidation_mh_262k_no72,4,9,0.4444444444444444,0.25,2.7499999292194843,0.9395249854427477,1.0,False,True,0.17677671110170506,Run 1::agentmemorybench:fact-mh-262k:context-0/factconsolidation_mh_262k_no72,True,0.0,-0.7500001164153218,False
Run 1,agentmemorybench:fact-mh-262k:context-0/factconsolidation_mh_262k_no72,5,9,0.5555555555555556,0.25,6.312499990977813,0.9981862714426473,1.0,False,True,0.08838839333484368,Run 1::agentmemorybench:fact-mh-262k:context-0/factconsolidation_mh_262k_no72,True,0.0,3.5625000617583282,False
Run 1,agentmemorybench:fact-mh-262k:context-0/factconsolidation_mh_262k_no72,6,9,0.6666666666666666,0.25,3.5624999739229675,0.972365205469415,1.0,False,True,0.08838821857359487,Run 1::agentmemorybench:fact-mh-262k:context-0/factconsolidation_mh_262k_no72,True,0.0,-2.750000017054845,False
Run 1,agentmemorybench:fact-mh-262k:context-0/factconsolidation_mh_262k_no72,7,9,0.7777777777777778,0.25,2.3125000931322575,0.9097757527673795,1.0,False,True,0.08838832130653812,Run 1::agentmemorybench:fact-mh-262k:context-0/factconsolidation_mh_262k_no72,True,0.0,-1.24999988079071,False
Run 1,agentmemorybench:fact-mh-262k:context-0/factconsolidation_mh_262k_no72,8,9,0.8888888888888888,0.25,2.3750000037252903,0.914396177740801,1.0,False,True,0.17677671110170506,Run 1::agentmemorybench:fact-mh-262k:context-0/factconsolidation_mh_262k_no72,True,0.0,0.06249991059303284,False
Run 1,agentmemorybench:fact-mh-262k:context-0/factconsolidation_mh_262k_no72,9,9,1.0,0.25,5.6250000653089955,0.9964063976524312,1.0,False,True,1.6677639664662365e-07,Run 1::agentmemorybench:fact-mh-262k:context-0/factconsolidation_mh_262k_no72,True,0.0,3.2500000615837052,False
Run 1,agentmemorybench:fact-mh-262k:context-0/factconsolidation_mh_262k_no73,1,4,0.25,0.0,-3.7499999050050974,0.0229773720426052,0.0,True,False,0.0,Run 1::agentmemorybench:fact-mh-262k:context-0/factconsolidation_mh_262k_no73,False,,,False
Run 1,agentmemorybench:fact-mh-262k:context-0/factconsolidation_mh_262k_no73,2,4,0.5,0.0,1.8750000149011612,0.8670357615200469,1.0,True,False,1.475139697881291e-07,Run 1::agentmemorybench:fact-mh-262k:context-0/factconsolidation_mh_262k_no73,True,0.0,5.624999919906259,False
Run 1,agentmemorybench:fact-mh-262k:context-0/factconsolidation_mh_262k_no73,3,4,0.75,0.0,0.25,0.5621765008857981,1.0,True,False,0.0,Run 1::agentmemorybench:fact-mh-262k:context-0/factconsolidation_mh_262k_no73,True,0.0,-1.6250000149011612,False
Run 1,agentmemorybench:fact-mh-262k:context-0/factconsolidation_mh_262k_no73,4,4,1.0,1.0,8.437499964347808,0.999783033136636,1.0,True,False,0.0883889334442378,Run 1::agentmemorybench:fact-mh-262k:context-0/factconsolidation_mh_262k_no73,True,1.0,8.187499964347808,True
Run 1,agentmemorybench:fact-mh-262k:context-0/factconsolidation_mh_262k_no74,1,8,0.125,0.0,-3.749999923631549,0.0229773716244523,0.0,True,False,0.0,Run 1::agentmemorybench:fact-mh-262k:context-0/factconsolidation_mh_262k_no74,False,,,False
Run 1,agentmemorybench:fact-mh-262k:context-0/factconsolidation_mh_262k_no74,2,8,0.25,0.0,3.624999982304871,0.97385519899809,1.0,True,False,0.17677679934666915,Run 1::agentmemorybench:fact-mh-262k:context-0/factconsolidation_mh_262k_no74,True,0.0,7.37499990593642,False
Run 1,agentmemorybench:fact-mh-262k:context-0/factconsolidation_mh_262k_no74,3,8,0.375,0.5,1.937499962747097,0.8739164145186596,1.0,True,False,0.08838842140530334,Run 1::agentmemorybench:fact-mh-262k:context-0/factconsolidation_mh_262k_no74,True,0.5,-1.687500019557774,True
Run 1,agentmemorybench:fact-mh-262k:context-0/factconsolidation_mh_262k_no74,4,8,0.5,0.5,2.500000067055226,0.9241418246795768,1.0,True,False,0.0,Run 1::agentmemorybench:fact-mh-262k:context-0/factconsolidation_mh_262k_no74,True,0.0,0.5625001043081288,False
Run 1,agentmemorybench:fact-mh-262k:context-0/factconsolidation_mh_262k_no74,5,8,0.625,1.0,5.750000057742,0.9968273173401306,1.0,True,False,0.0,Run 1::agentmemorybench:fact-mh-262k:context-0/factconsolidation_mh_262k_no74,True,0.5,3.249999990686774,True
Run 1,agentmemorybench:fact-mh-262k:context-0/factconsolidation_mh_262k_no74,6,8,0.75,1.0,4.499999823514372,0.9890130554516734,1.0,True,False,7.17813513701164e-08,Run 1::agentmemorybench:fact-mh-262k:context-0/factconsolidation_mh_262k_no74,True,0.0,-1.2500002342276275,False
Run 1,agentmemorybench:fact-mh-262k:context-0/factconsolidation_mh_262k_no74,7,8,0.875,1.0,4.437500003259629,0.9882907034144164,1.0,True,False,0.08838810991375105,Run 1::agentmemorybench:fact-mh-262k:context-0/factconsolidation_mh_262k_no74,True,0.0,-0.0624998202547431,False
Run 1,agentmemorybench:fact-mh-262k:context-0/factconsolidation_mh_262k_no74,8,8,1.0,1.0,4.0624998938292265,0.9830536975011155,1.0,True,False,0.08838819750017061,Run 1::agentmemorybench:fact-mh-262k:context-0/factconsolidation_mh_262k_no74,True,0.0,-0.3750001094304025,False
Run 1,agentmemorybench:fact-mh-262k:context-0/factconsolidation_mh_262k_no75,1,13,0.0769230769230769,0.0,-4.124999942258,0.0159063926156721,0.0,False,True,0.0,Run 1::agentmemorybench:fact-mh-262k:context-0/factconsolidation_mh_262k_no75,False,,,False
Run 1,agentmemorybench:fact-mh-262k:context-0/factconsolidation_mh_262k_no75,2,13,0.1538461538461538,0.0,-8.624999784238753,0.000179528008075,0.0,False,True,0.0,Run 1::agentmemorybench:fact-mh-262k:context-0/factconsolidation_mh_262k_no75,False,0.0,-4.4999998419807525,False
Run 1,agentmemorybench:fact-mh-262k:context-0/factconsolidation_mh_262k_no75,3,13,0.2307692307692307,0.0,-10.187499882380507,3.77099753593858e-05,0.0,False,True,0.0883880103397635,Run 1::agentmemorybench:fact-mh-262k:context-0/factconsolidation_mh_262k_no75,False,0.0,-1.5625000981417543,False
Run 1,agentmemorybench:fact-mh-262k:context-0/factconsolidation_mh_262k_no75,4,13,0.3076923076923077,0.0,-0.8749999701976776,0.2942149783515162,0.0,False,True,4.2146848510894035e-08,Run 1::agentmemorybench:fact-mh-262k:context-0/factconsolidation_mh_262k_no75,False,0.0,9.31249991218283,False
Run 1,agentmemorybench:fact-mh-262k:context-0/factconsolidation_mh_262k_no75,5,13,0.3846153846153846,0.75,1.8125000223517418,0.8594942834620556,1.0,False,True,0.08838837925845483,Run 1::agentmemorybench:fact-mh-262k:context-0/factconsolidation_mh_262k_no75,True,0.75,2.6874999925494194,True
Run 1,agentmemorybench:fact-mh-262k:context-0/factconsolidation_mh_262k_no75,6,13,0.4615384615384615,0.75,-1.437499962747097,0.1921193787673989,0.0,False,True,0.08838833711160632,Run 1::agentmemorybench:fact-mh-262k:context-0/factconsolidation_mh_262k_no75,False,0.0,-3.249999985098839,False
Run 1,agentmemorybench:fact-mh-262k:context-0/factconsolidation_mh_262k_no75,7,13,0.5384615384615384,0.75,-2.5000000186264515,0.07585817871546005,0.0,False,True,5.268356063861754e-09,Run 1::agentmemorybench:fact-mh-262k:context-0/factconsolidation_mh_262k_no75,False,0.0,-1.0625000558793545,False
Run 1,agentmemorybench:fact-mh-262k:context-0/factconsolidation_mh_262k_no75,8,13,0.6153846153846154,0.75,-5.0000000186264515,0.0067441547711995994,0.0,False,True,0.1767764094883204,Run 1::agentmemorybench:fact-mh-262k:context-0/factconsolidation_mh_262k_no75,False,0.0,-2.5,False
Run 1,agentmemorybench:fact-mh-262k:context-0/factconsolidation_mh_262k_no75,9,13,0.6923076923076923,0.75,-4.812500033993274,0.0080773631580248,0.0,False,True,0.08838860513922106,Run 1::agentmemorybench:fact-mh-262k:context-0/factconsolidation_mh_262k_no75,False,0.0,0.18749998463317752,False
Run 1,agentmemorybench:fact-mh-262k:context-0/factconsolidation_mh_262k_no75,10,13,0.7692307692307693,0.75,-5.750000050058588,0.003172682684169,0.0,False,True,1.5278232585199085e-07,Run 1::agentmemorybench:fact-mh-262k:context-0/factconsolidation_mh_262k_no75,False,0.0,-0.9375000160653144,False
Run 1,agentmemorybench:fact-mh-262k:context-0/factconsolidation_mh_262k_no75,11,13,0.8461538461538461,0.75,-1.8125000298023224,0.1405057157598038,0.0,False,True,0.08838841086859121,Run 1::agentmemorybench:fact-mh-262k:context-0/factconsolidation_mh_262k_no75,False,0.0,3.937500020256266,False
Run 1,agentmemorybench:fact-mh-262k:context-0/factconsolidation_mh_262k_no75,12,13,0.9230769230769232,0.75,-0.6875000298023224,0.3347332113114162,0.0,False,True,0.08838830550146994,Run 1::agentmemorybench:fact-mh-262k:context-0/factconsolidation_mh_262k_no75,False,0.0,1.125,False
Run 1,agentmemorybench:fact-mh-262k:context-0/factconsolidation_mh_262k_no75,13,13,1.0,0.75,-1.3125000223517418,0.2122566767632074,0.0,False,True,0.08838833711160632,Run 1::agentmemorybench:fact-mh-262k:context-0/factconsolidation_mh_262k_no75,False,0.0,-0.6249999925494194,False
Run 1,agentmemorybench:fact-mh-262k:context-0/factconsolidation_mh_262k_no76,1,4,0.25,0.0,-4.499999972525984,0.0109869429291322,0.0,False,True,2.1270987607841831e-07,Run 1::agentmemorybench:fact-mh-262k:context-0/factconsolidation_mh_262k_no76,False,,,False
Run 1,agentmemorybench:fact-mh-262k:context-0/factconsolidation_mh_262k_no76,2,4,0.5,0.0,1.3125000223517418,0.7877433230576785,1.0,False,True,0.08838837925845483,Run 1::agentmemorybench:fact-mh-262k:context-0/factconsolidation_mh_262k_no76,True,0.0,5.812499994877726,False
Run 1,agentmemorybench:fact-mh-262k:context-0/factconsolidation_mh_262k_no76,3,4,0.75,0.0,1.4999999776482582,0.8175744728599608,1.0,False,True,1.0536712127723509e-08,Run 1::agentmemorybench:fact-mh-262k:context-0/factconsolidation_mh_262k_no76,True,0.0,0.18749995529651642,False
Run 1,agentmemorybench:fact-mh-262k:context-0/factconsolidation_mh_262k_no76,4,4,1.0,1.0,7.312499927676981,0.9993319976767645,1.0,False,True,0.08838822363615578,Run 1::agentmemorybench:fact-mh-262k:context-0/factconsolidation_mh_262k_no76,True,1.0,5.812499950028723,True
Run 1,agentmemorybench:fact-mh-262k:context-0/factconsolidation_mh_262k_no77,1,10,0.1,0.0,-5.500000081025064,0.0040701373874552,0.0,False,True,0.0,Run 1::agentmemorybench:fact-mh-262k:context-0/factconsolidation_mh_262k_no77,False,,,False
Run 1,agentmemorybench:fact-mh-262k:context-0/factconsolidation_mh_262k_no77,2,10,0.2,0.0,-0.4375,0.3924370344220378,0.0,False,True,0.08838834764831845,Run 1::agentmemorybench:fact-mh-262k:context-0/factconsolidation_mh_262k_no77,False,0.0,5.062500081025064,False
Run 1,agentmemorybench:fact-mh-262k:context-0/factconsolidation_mh_262k_no77,3,10,0.3,0.0,0.9999999850988388,0.7310585757002588,1.0,False,True,2.1073424255447017e-08,Run 1::agentmemorybench:fact-mh-262k:context-0/factconsolidation_mh_262k_no77,True,0.0,1.4374999850988388,False
Run 1,agentmemorybench:fact-mh-262k:context-0/factconsolidation_mh_262k_no77,4,10,0.4,0.5,-1.1875000149011612,0.233892573221852,0.0,False,True,0.08838832657489419,Run 1::agentmemorybench:fact-mh-262k:context-0/factconsolidation_mh_262k_no77,False,0.5,-2.1875,True
Run 1,agentmemorybench:fact-mh-262k:context-0/factconsolidation_mh_262k_no77,5,10,0.5,0.5,2.2499999925494194,0.9046505344582187,1.0,False,True,7.375698489406456e-08,Run 1::agentmemorybench:fact-mh-262k:context-0/factconsolidation_mh_262k_no77,True,0.0,3.4375000074505806,False
Run 1,agentmemorybench:fact-mh-262k:context-0/factconsolidation_mh_262k_no77,6,10,0.6,0.5,0.9375000596046448,0.7184218152815276,1.0,False,True,0.08838834764831845,Run 1::agentmemorybench:fact-mh-262k:context-0/factconsolidation_mh_262k_no77,True,0.0,-1.3124999329447746,False
Run 1,agentmemorybench:fact-mh-262k:context-0/factconsolidation_mh_262k_no77,7,10,0.7,0.5,2.4375001154839993,0.9195213960149846,1.0,False,True,0.0883883529166745,Run 1::agentmemorybench:fact-mh-262k:context-0/factconsolidation_mh_262k_no77,True,0.0,1.5000000558793545,False
Run 1,agentmemorybench:fact-mh-262k:context-0/factconsolidation_mh_262k_no77,8,10,0.8,0.5,5.312500017229468,0.9950851511922757,1.0,False,True,0.08838813954825392,Run 1::agentmemorybench:fact-mh-262k:context-0/factconsolidation_mh_262k_no77,True,0.0,2.8749999017454684,False
Run 1,agentmemorybench:fact-mh-262k:context-0/factconsolidation_mh_262k_no77,9,10,0.9,0.5,4.250000051688403,0.9859363736734579,1.0,False,True,9.878167619740789e-09,Run 1::agentmemorybench:fact-mh-262k:context-0/factconsolidation_mh_262k_no77,True,0.0,-1.0624999655410647,False
Run 1,agentmemorybench:fact-mh-262k:context-0/factconsolidation_mh_262k_no77,10,10,1.0,0.5,2.6249999962747097,0.9324533086257365,1.0,False,True,1.2117218946882034e-07,Run 1::agentmemorybench:fact-mh-262k:context-0/factconsolidation_mh_262k_no77,True,0.0,-1.6250000554136932,False
Run 1,agentmemorybench:fact-mh-262k:context-0/factconsolidation_mh_262k_no78,1,5,0.2,0.0,-3.874999901279807,0.0203323553090613,0.0,True,False,0.0,Run 1::agentmemorybench:fact-mh-262k:context-0/factconsolidation_mh_262k_no78,False,,,False
Run 1,agentmemorybench:fact-mh-262k:context-0/factconsolidation_mh_262k_no78,2,5,0.4,0.0,3.250000024214387,0.962413147948127,1.0,True,False,0.17677661890547394,Run 1::agentmemorybench:fact-mh-262k:context-0/factconsolidation_mh_262k_no78,True,0.0,7.124999925494194,False
Run 1,agentmemorybench:fact-mh-262k:context-0/factconsolidation_mh_262k_no78,3,5,0.6,0.5,3.562499982304871,0.9723652054215828,1.0,True,False,0.08838846223506283,Run 1::agentmemorybench:fact-mh-262k:context-0/factconsolidation_mh_262k_no78,True,0.5,0.31249995809048414,True
Run 1,agentmemorybench:fact-mh-262k:context-0/factconsolidation_mh_262k_no78,4,5,0.8,0.5,2.6874999552965164,0.9361833265275713,1.0,True,False,0.08838841086859121,Run 1::agentmemorybench:fact-mh-262k:context-0/factconsolidation_mh_262k_no78,True,0.0,-0.8750000270083547,False
Run 1,agentmemorybench:fact-mh-262k:context-0/factconsolidation_mh_262k_no78,5,5,1.0,1.0,5.250000007683411,0.9947798743463405,1.0,True,False,2.5321036331935553e-07,Run 1::agentmemorybench:fact-mh-262k:context-0/factconsolidation_mh_262k_no78,True,0.5,2.562500052386895,True
Run 1,agentmemorybench:fact-mh-262k:context-0/factconsolidation_mh_262k_no79,1,4,0.25,0.0,-3.7500001061707735,0.0229773675265544,0.0,False,True,0.0,Run 1::agentmemorybench:fact-mh-262k:context-0/factconsolidation_mh_262k_no79,False,,,False
Run 1,agentmemorybench:fact-mh-262k:context-0/factconsolidation_mh_262k_no79,2,4,0.5,0.0,0.9999999701976776,0.7303500011637922,1.0,False,True,0.1767767374434854,Run 1::agentmemorybench:fact-mh-262k:context-0/factconsolidation_mh_262k_no79,True,0.0,4.750000076368451,False
Run 1,agentmemorybench:fact-mh-262k:context-0/factconsolidation_mh_262k_no79,3,4,0.75,0.0,2.5,0.923677131760456,1.0,False,True,0.17677672690677326,Run 1::agentmemorybench:fact-mh-262k:context-0/factconsolidation_mh_262k_no79,True,0.0,1.5000000298023224,False
Run 1,agentmemorybench:fact-mh-262k:context-0/factconsolidation_mh_262k_no79,4,4,1.0,0.5,5.749999800696969,0.9968027346008428,1.0,False,True,0.17677665841814444,Run 1::agentmemorybench:fact-mh-262k:context-0/factconsolidation_mh_262k_no79,True,0.5,3.249999800696969,True
Run 1,agentmemorybench:fact-mh-262k:context-0/factconsolidation_mh_262k_no8,1,8,0.125,0.0,-5.249999885447323,0.0052201262884162,0.0,False,True,0.0,Run 1::agentmemorybench:fact-mh-262k:context-0/factconsolidation_mh_262k_no8,False,,,False
Run 1,agentmemorybench:fact-mh-262k:context-0/factconsolidation_mh_262k_no8,2,8,0.25,0.0,2.6249999701976776,0.9324533069832972,1.0,False,True,0.0,Run 1::agentmemorybench:fact-mh-262k:context-0/factconsolidation_mh_262k_no8,True,0.0,7.874999855645001,False
Run 1,agentmemorybench:fact-mh-262k:context-0/factconsolidation_mh_262k_no8,3,8,0.375,0.0,-3.812500069849193,0.02165486010540255,0.0,False,True,0.08838830155020289,Run 1::agentmemorybench:fact-mh-262k:context-0/factconsolidation_mh_262k_no8,False,0.0,-6.437500040046871,False
Run 1,agentmemorybench:fact-mh-262k:context-0/factconsolidation_mh_262k_no8,4,8,0.5,0.5,-1.8750000447034836,0.1329642350441993,0.0,False,True,0.0,Run 1::agentmemorybench:fact-mh-262k:context-0/factconsolidation_mh_262k_no8,False,0.5,1.9375000251457095,True
Run 1,agentmemorybench:fact-mh-262k:context-0/factconsolidation_mh_262k_no8,5,8,0.625,0.5,-1.874999925494194,0.1329642487872127,0.0,False,True,0.0,Run 1::agentmemorybench:fact-mh-262k:context-0/factconsolidation_mh_262k_no8,False,0.0,1.1920928955078125e-07,False
Run 1,agentmemorybench:fact-mh-262k:context-0/factconsolidation_mh_262k_no8,6,8,0.75,0.5,-1.0624999850988388,0.25701322018092954,0.0,False,True,0.0883883687217427,Run 1::agentmemorybench:fact-mh-262k:context-0/factconsolidation_mh_262k_no8,False,0.0,0.8124999403953552,False
Run 1,agentmemorybench:fact-mh-262k:context-0/factconsolidation_mh_262k_no8,7,8,0.875,0.5,-1.8749998807907104,0.1329642539408431,0.0,False,True,0.0,Run 1::agentmemorybench:fact-mh-262k:context-0/factconsolidation_mh_262k_no8,False,0.0,-0.8124998956918716,False
Run 1,agentmemorybench:fact-mh-262k:context-0/factconsolidation_mh_262k_no8,8,8,1.0,0.5,-2.187499985098839,0.10102003030316814,0.0,False,True,0.08838820013434866,Run 1::agentmemorybench:fact-mh-262k:context-0/factconsolidation_mh_262k_no8,False,0.0,-0.31250010430812836,False
Run 1,agentmemorybench:fact-mh-262k:context-0/factconsolidation_mh_262k_no80,1,3,0.3333333333333333,0.0,-3.937499945051968,0.0191592825871842,0.0,False,False,0.08838822515904012,Run 1::agentmemorybench:fact-mh-262k:context-0/factconsolidation_mh_262k_no80,False,,,False
Run 1,agentmemorybench:fact-mh-262k:context-0/factconsolidation_mh_262k_no80,2,3,0.6666666666666666,0.0,1.7499999850988388,0.8519528000888386,1.0,False,False,4.2146848510894035e-08,Run 1::agentmemorybench:fact-mh-262k:context-0/factconsolidation_mh_262k_no80,True,0.0,5.687499930150807,False
Run 1,agentmemorybench:fact-mh-262k:context-0/factconsolidation_mh_262k_no80,3,3,1.0,0.0,7.562499898369424,0.9994796820678475,1.0,False,False,0.08838832352912583,Run 1::agentmemorybench:fact-mh-262k:context-0/factconsolidation_mh_262k_no80,True,0.0,5.812499913270585,False
Run 1,agentmemorybench:fact-mh-262k:context-0/factconsolidation_mh_262k_no81,1,5,0.2,0.0,-4.500000022351742,0.01107006323667515,0.0,False,False,0.1767764977332845,Run 1::agentmemorybench:fact-mh-262k:context-0/factconsolidation_mh_262k_no81,False,,,False
Run 1,agentmemorybench:fact-mh-262k:context-0/factconsolidation_mh_262k_no81,2,5,0.4,0.0,3.687500022351742,0.9755326370217785,1.0,False,False,0.08838830550146994,Run 1::agentmemorybench:fact-mh-262k:context-0/factconsolidation_mh_262k_no81,True,0.0,8.187500044703484,False
Run 1,agentmemorybench:fact-mh-262k:context-0/factconsolidation_mh_262k_no81,3,5,0.6,0.5,6.562499936437234,0.9985868975843641,1.0,False,False,0.08838817000593742,Run 1::agentmemorybench:fact-mh-262k:context-0/factconsolidation_mh_262k_no81,True,0.5,2.8749999140854925,True
Run 1,agentmemorybench:fact-mh-262k:context-0/factconsolidation_mh_262k_no81,4,5,0.8,0.5,3.4374999199062586,0.9688008929928874,1.0,False,False,0.0883883608192086,Run 1::agentmemorybench:fact-mh-262k:context-0/factconsolidation_mh_262k_no81,True,0.0,-3.1250000165309757,False
Run 1,agentmemorybench:fact-mh-262k:context-0/factconsolidation_mh_262k_no81,5,5,1.0,0.5,5.499999887659214,0.9958035953204352,1.0,False,False,0.35355331008620766,Run 1::agentmemorybench:fact-mh-262k:context-0/factconsolidation_mh_262k_no81,True,0.0,2.062499967752956,False
Run 1,agentmemorybench:fact-mh-262k:context-0/factconsolidation_mh_262k_no82,1,7,0.1428571428571428,0.0,-4.24999981187284,0.014063629651787,0.0,False,True,0.0,Run 1::agentmemorybench:fact-mh-262k:context-0/factconsolidation_mh_262k_no82,False,,,False
Run 1,agentmemorybench:fact-mh-262k:context-0/factconsolidation_mh_262k_no82,2,7,0.2857142857142857,0.0,0.7500000149011612,0.6791787024222814,1.0,False,True,2.1073424255447017e-08,Run 1::agentmemorybench:fact-mh-262k:context-0/factconsolidation_mh_262k_no82,True,0.0,4.999999826774001,False
Run 1,agentmemorybench:fact-mh-262k:context-0/factconsolidation_mh_262k_no82,3,7,0.4285714285714285,0.3333333333333333,3.312500014901161,0.96479356772778,1.0,False,True,0.08838828442804568,Run 1::agentmemorybench:fact-mh-262k:context-0/factconsolidation_mh_262k_no82,True,0.3333333333333333,2.5625,True
Run 1,agentmemorybench:fact-mh-262k:context-0/factconsolidation_mh_262k_no82,4,7,0.5714285714285714,0.3333333333333333,1.5624999925494194,0.826529005450173,1.0,False,True,0.08838837925845483,Run 1::agentmemorybench:fact-mh-262k:context-0/factconsolidation_mh_262k_no82,True,0.0,-1.7500000223517418,False
Run 1,agentmemorybench:fact-mh-262k:context-0/factconsolidation_mh_262k_no82,5,7,0.7142857142857143,0.3333333333333333,2.3750000298023224,0.914900957313305,1.0,False,True,6.322027276634104e-08,Run 1::agentmemorybench:fact-mh-262k:context-0/factconsolidation_mh_262k_no82,True,0.0,0.812500037252903,False
Run 1,agentmemorybench:fact-mh-262k:context-0/factconsolidation_mh_262k_no82,6,7,0.8571428571428571,0.6666666666666666,3.7500000121071935,0.9768551450658625,1.0,False,True,0.17677666236941147,Run 1::agentmemorybench:fact-mh-262k:context-0/factconsolidation_mh_262k_no82,True,0.3333333333333333,1.374999982304871,True
Run 1,agentmemorybench:fact-mh-262k:context-0/factconsolidation_mh_262k_no82,7,7,1.0,1.0,6.187500000174623,0.9979133272989464,1.0,False,True,0.26516473894434683,Run 1::agentmemorybench:fact-mh-262k:context-0/factconsolidation_mh_262k_no82,True,0.33333333333333337,2.4374999880674295,True
Run 1,agentmemorybench:fact-mh-262k:context-0/factconsolidation_mh_262k_no83,1,5,0.2,0.0,-4.249999956227839,0.0140636276501833,0.0,True,False,0.0,Run 1::agentmemorybench:fact-mh-262k:context-0/factconsolidation_mh_262k_no83,False,,,False
Run 1,agentmemorybench:fact-mh-262k:context-0/factconsolidation_mh_262k_no83,2,5,0.4,0.0,0.125,0.5312093733737563,1.0,True,False,0.0,Run 1::agentmemorybench:fact-mh-262k:context-0/factconsolidation_mh_262k_no83,True,0.0,4.374999956227839,False
Run 1,agentmemorybench:fact-mh-262k:context-0/factconsolidation_mh_262k_no83,3,5,0.6,0.5,7.562500018248102,0.9994796821340544,1.0,True,False,0.08838815498289082,Run 1::agentmemorybench:fact-mh-262k:context-0/factconsolidation_mh_262k_no83,True,0.5,7.437500018248102,True
Run 1,agentmemorybench:fact-mh-262k:context-0/factconsolidation_mh_262k_no83,4,5,0.8,0.5,3.68749990593642,0.9755326342156384,1.0,True,False,0.0883883331603399,Run 1::agentmemorybench:fact-mh-262k:context-0/factconsolidation_mh_262k_no83,True,0.0,-3.8750001123116817,False
Run 1,agentmemorybench:fact-mh-262k:context-0/factconsolidation_mh_262k_no83,5,5,1.0,1.0,7.687500054467819,0.9995336184376413,1.0,True,False,0.26516523810050435,Run 1::agentmemorybench:fact-mh-262k:context-0/factconsolidation_mh_262k_no83,True,0.5,4.000000148531399,True
Run 1,agentmemorybench:fact-mh-262k:context-0/factconsolidation_mh_262k_no84,1,8,0.125,0.0,-5.249999877531081,0.0052201263295243,0.0,False,True,0.0,Run 1::agentmemorybench:fact-mh-262k:context-0/factconsolidation_mh_262k_no84,False,,,False
Run 1,agentmemorybench:fact-mh-262k:context-0/factconsolidation_mh_262k_no84,2,8,0.25,0.0,0.375,0.5926665999540697,1.0,False,True,0.0,Run 1::agentmemorybench:fact-mh-262k:context-0/factconsolidation_mh_262k_no84,True,0.0,5.624999877531081,False
Run 1,agentmemorybench:fact-mh-262k:context-0/factconsolidation_mh_262k_no84,3,8,0.375,0.25,3.812499977648258,0.9783451379095811,1.0,False,True,0.08838833711160632,Run 1::agentmemorybench:fact-mh-262k:context-0/factconsolidation_mh_262k_no84,True,0.25,3.437499977648258,True
Run 1,agentmemorybench:fact-mh-262k:context-0/factconsolidation_mh_262k_no84,4,8,0.5,0.25,-0.25,0.4378234991142019,0.0,False,True,0.0,Run 1::agentmemorybench:fact-mh-262k:context-0/factconsolidation_mh_262k_no84,False,0.0,-4.062499977648258,False
Run 1,agentmemorybench:fact-mh-262k:context-0/factconsolidation_mh_262k_no84,5,8,0.625,0.25,0.1875,0.5466929371297772,1.0,False,True,0.08838834764831845,Run 1::agentmemorybench:fact-mh-262k:context-0/factconsolidation_mh_262k_no84,True,0.0,0.4375,False
Run 1,agentmemorybench:fact-mh-262k:context-0/factconsolidation_mh_262k_no84,6,8,0.75,0.25,-1.4375000074505806,0.1921193719221399,0.0,False,True,0.08838835818503057,Run 1::agentmemorybench:fact-mh-262k:context-0/factconsolidation_mh_262k_no84,False,0.0,-1.6250000074505806,False
Run 1,agentmemorybench:fact-mh-262k:context-0/factconsolidation_mh_262k_no84,7,8,0.875,0.25,1.8750000596046448,0.8670357666736773,1.0,False,True,0.0,Run 1::agentmemorybench:fact-mh-262k:context-0/factconsolidation_mh_262k_no84,True,0.0,3.3125000670552254,False
Run 1,agentmemorybench:fact-mh-262k:context-0/factconsolidation_mh_262k_no84,8,8,1.0,0.25,5.562500037252903,0.9961681299862744,1.0,False,True,0.08838839111225597,Run 1::agentmemorybench:fact-mh-262k:context-0/factconsolidation_mh_262k_no84,True,0.0,3.687499977648258,False
Run 1,agentmemorybench:fact-mh-262k:context-0/factconsolidation_mh_262k_no85,1,4,0.25,0.0,-4.562500081956387,0.010347708702206401,0.0,False,True,0.08838831472109304,Run 1::agentmemorybench:fact-mh-262k:context-0/factconsolidation_mh_262k_no85,False,,,False
Run 1,agentmemorybench:fact-mh-262k:context-0/factconsolidation_mh_262k_no85,2,4,0.5,0.0,1.6875000149011612,0.8437181717527547,1.0,False,True,0.08838828442804568,Run 1::agentmemorybench:fact-mh-262k:context-0/factconsolidation_mh_262k_no85,True,0.0,6.250000096857548,False
Run 1,agentmemorybench:fact-mh-262k:context-0/factconsolidation_mh_262k_no85,3,4,0.75,0.0,1.7500000074505806,0.8519528029080465,1.0,False,True,5.268356063861754e-08,Run 1::agentmemorybench:fact-mh-262k:context-0/factconsolidation_mh_262k_no85,True,0.0,0.0624999925494194,False
Run 1,agentmemorybench:fact-mh-262k:context-0/factconsolidation_mh_262k_no85,4,4,1.0,0.5,6.749999994819518,0.9988213732575235,1.0,False,True,0.17677678625809704,Run 1::agentmemorybench:fact-mh-262k:context-0/factconsolidation_mh_262k_no85,True,0.5,4.999999987368938,True
Run 1,agentmemorybench:fact-mh-262k:context-0/factconsolidation_mh_262k_no86,1,3,0.3333333333333333,0.0,-4.062500030733645,0.0169463001275655,0.0,True,False,0.08838806974253607,Run 1::agentmemorybench:fact-mh-262k:context-0/factconsolidation_mh_262k_no86,False,,,False
Run 1,agentmemorybench:fact-mh-262k:context-0/factconsolidation_mh_262k_no86,2,3,0.6666666666666666,0.0,2.437499914318323,0.9195213810748881,1.0,True,False,0.08838837399009829,Run 1::agentmemorybench:fact-mh-262k:context-0/factconsolidation_mh_262k_no86,True,0.0,6.499999945051968,False
Run 1,agentmemorybench:fact-mh-262k:context-0/factconsolidation_mh_262k_no86,3,3,1.0,1.0,7.562500077445293,0.9994796821590395,1.0,True,False,0.08838840794629996,Run 1::agentmemorybench:fact-mh-262k:context-0/factconsolidation_mh_262k_no86,True,1.0,5.12500016312697,True
Run 1,agentmemorybench:fact-mh-262k:context-0/factconsolidation_mh_262k_no87,1,6,0.1666666666666666,0.0,-5.2499999781139195,0.0052201258072101,0.0,True,False,1.7846556166331693e-07,Run 1::agentmemorybench:fact-mh-262k:context-0/factconsolidation_mh_262k_no87,False,,,False
Run 1,agentmemorybench:fact-mh-262k:context-0/factconsolidation_mh_262k_no87,2,6,0.3333333333333333,0.0,0.25,0.5621765008857981,1.0,True,False,0.0,Run 1::agentmemorybench:fact-mh-262k:context-0/factconsolidation_mh_262k_no87,True,0.0,5.4999999781139195,False
Run 1,agentmemorybench:fact-mh-262k:context-0/factconsolidation_mh_262k_no87,3,6,0.5,0.0,0.6875000447034836,0.6652667919354722,1.0,True,False,0.08838832657489419,Run 1::agentmemorybench:fact-mh-262k:context-0/factconsolidation_mh_262k_no87,True,0.0,0.4375000447034836,False
Run 1,agentmemorybench:fact-mh-262k:context-0/factconsolidation_mh_262k_no87,4,6,0.6666666666666666,0.3333333333333333,0.8750000596046448,0.7057850402140659,1.0,True,False,0.0,Run 1::agentmemorybench:fact-mh-262k:context-0/factconsolidation_mh_262k_no87,True,0.3333333333333333,0.1875000149011612,True
Run 1,agentmemorybench:fact-mh-262k:context-0/factconsolidation_mh_262k_no87,5,6,0.8333333333333334,0.3333333333333333,4.124999918974936,0.9840936070198691,1.0,True,False,9.6147498165477e-08,Run 1::agentmemorybench:fact-mh-262k:context-0/factconsolidation_mh_262k_no87,True,0.0,3.2499998593702912,False
Run 1,agentmemorybench:fact-mh-262k:context-0/factconsolidation_mh_262k_no87,6,6,1.0,1.0,5.624999911291525,0.996378589334878,1.0,True,False,0.17677690438451815,Run 1::agentmemorybench:fact-mh-262k:context-0/factconsolidation_mh_262k_no87,True,0.6666666666666667,1.4999999923165888,True
Run 1,agentmemorybench:fact-mh-262k:context-0/factconsolidation_mh_262k_no88,1,5,0.2,0.0,-4.249999864026904,0.0140636289286269,0.0,False,True,0.0,Run 1::agentmemorybench:fact-mh-262k:context-0/factconsolidation_mh_262k_no88,False,,,False
Run 1,agentmemorybench:fact-mh-262k:context-0/factconsolidation_mh_262k_no88,2,5,0.4,0.0,-0.125,0.4687906266262437,0.0,False,True,0.0,Run 1::agentmemorybench:fact-mh-262k:context-0/factconsolidation_mh_262k_no88,False,0.0,4.124999864026904,False
Run 1,agentmemorybench:fact-mh-262k:context-0/factconsolidation_mh_262k_no88,3,5,0.6,0.5,4.5000000689178705,0.989013058118284,1.0,False,True,0.0,Run 1::agentmemorybench:fact-mh-262k:context-0/factconsolidation_mh_262k_no88,True,0.5,4.6250000689178705,True
Run 1,agentmemorybench:fact-mh-262k:context-0/factconsolidation_mh_262k_no88,4,5,0.8,0.5,3.4999999394640326,0.9706877675262122,1.0,False,True,3.556140343106684e-08,Run 1::agentmemorybench:fact-mh-262k:context-0/factconsolidation_mh_262k_no88,True,0.0,-1.0000001294538379,False
Run 1,agentmemorybench:fact-mh-262k:context-0/factconsolidation_mh_262k_no88,5,5,1.0,1.0,6.562499934399966,0.9985868975709629,1.0,False,True,0.08838833949883015,Run 1::agentmemorybench:fact-mh-262k:context-0/factconsolidation_mh_262k_no88,True,0.5,3.0624999949359335,True
Run 1,agentmemorybench:fact-mh-262k:context-0/factconsolidation_mh_262k_no89,1,5,0.2,0.0,-5.124999988824129,0.0059110689219146,0.0,True,False,0.0,Run 1::agentmemorybench:fact-mh-262k:context-0/factconsolidation_mh_262k_no89,False,,,False
Run 1,agentmemorybench:fact-mh-262k:context-0/factconsolidation_mh_262k_no89,2,5,0.4,0.0,-6.9375000759609975,0.0009716410375943,0.0,True,False,0.0883882482904158,Run 1::agentmemorybench:fact-mh-262k:context-0/factconsolidation_mh_262k_no89,False,0.0,-1.8125000871368684,False
Run 1,agentmemorybench:fact-mh-262k:context-0/factconsolidation_mh_262k_no89,3,5,0.6,0.0,1.750000037252903,0.8519528066669902,1.0,True,False,1.0536712127723509e-08,Run 1::agentmemorybench:fact-mh-262k:context-0/factconsolidation_mh_262k_no89,True,0.0,8.6875001132139,False
Run 1,agentmemorybench:fact-mh-262k:context-0/factconsolidation_mh_262k_no89,4,5,0.8,0.0,-0.5624999850988388,0.36309290544997563,0.0,True,False,0.08838832657489419,Run 1::agentmemorybench:fact-mh-262k:context-0/factconsolidation_mh_262k_no89,False,0.0,-2.312500022351742,False
Run 1,agentmemorybench:fact-mh-262k:context-0/factconsolidation_mh_262k_no89,5,5,1.0,1.0,9.062499947744072,0.9998820377496226,1.0,True,False,0.26516495496752557,Run 1::agentmemorybench:fact-mh-262k:context-0/factconsolidation_mh_262k_no89,True,1.0,9.624999932842911,True
Run 1,agentmemorybench:fact-mh-262k:context-0/factconsolidation_mh_262k_no9,1,8,0.125,0.0,-4.750000194646418,0.0085774837584561,0.0,False,True,0.0,Run 1::agentmemorybench:fact-mh-262k:context-0/factconsolidation_mh_262k_no9,False,,,False
Run 1,agentmemorybench:fact-mh-262k:context-0/factconsolidation_mh_262k_no9,2,8,0.25,0.0,-6.437500122119673,0.00160095214669585,0.0,False,True,0.08838845861306803,Run 1::agentmemorybench:fact-mh-262k:context-0/factconsolidation_mh_262k_no9,False,0.0,-1.6874999274732545,False
Run 1,agentmemorybench:fact-mh-262k:context-0/factconsolidation_mh_262k_no9,3,8,0.375,0.0,0.375,0.5926665999540697,1.0,False,True,0.0,Run 1::agentmemorybench:fact-mh-262k:context-0/factconsolidation_mh_262k_no9,True,0.0,6.812500122119673,False
Run 1,agentmemorybench:fact-mh-262k:context-0/factconsolidation_mh_262k_no9,4,8,0.5,0.3333333333333333,1.5000000596046448,0.8175744850834649,1.0,False,True,0.0,Run 1::agentmemorybench:fact-mh-262k:context-0/factconsolidation_mh_262k_no9,True,0.3333333333333333,1.1250000596046448,True
Run 1,agentmemorybench:fact-mh-262k:context-0/factconsolidation_mh_262k_no9,5,8,0.625,0.3333333333333333,1.8749999925494194,0.8663749387184149,1.0,False,True,0.17677674798019752,Run 1::agentmemorybench:fact-mh-262k:context-0/factconsolidation_mh_262k_no9,True,0.0,0.3749999329447746,False
Run 1,agentmemorybench:fact-mh-262k:context-0/factconsolidation_mh_262k_no9,6,8,0.75,0.6666666666666666,0.25,0.5621765008857981,1.0,False,True,0.0,Run 1::agentmemorybench:fact-mh-262k:context-0/factconsolidation_mh_262k_no9,True,0.3333333333333333,-1.6249999925494194,True
Run 1,agentmemorybench:fact-mh-262k:context-0/factconsolidation_mh_262k_no9,7,8,0.875,0.6666666666666666,3.999999930150807,0.9820137888041824,1.0,False,True,6.585445236836437e-09,Run 1::agentmemorybench:fact-mh-262k:context-0/factconsolidation_mh_262k_no9,True,0.0,3.749999930150807,False
Run 1,agentmemorybench:fact-mh-262k:context-0/factconsolidation_mh_262k_no9,8,8,1.0,1.0,7.437500055850251,0.9994104436405686,1.0,False,True,0.08838814831512862,Run 1::agentmemorybench:fact-mh-262k:context-0/factconsolidation_mh_262k_no9,True,0.33333333333333337,3.4375001256994437,True
Run 1,agentmemorybench:fact-mh-262k:context-0/factconsolidation_mh_262k_no90,1,7,0.1428571428571428,0.0,-4.499999927356839,0.0110700644661775,0.0,False,False,0.17677669924790393,Run 1::agentmemorybench:fact-mh-262k:context-0/factconsolidation_mh_262k_no90,False,,,False
Run 1,agentmemorybench:fact-mh-262k:context-0/factconsolidation_mh_262k_no90,2,7,0.2857142857142857,0.0,2.1875000409781933,0.8989799745842963,1.0,False,False,0.08838825808626535,Run 1::agentmemorybench:fact-mh-262k:context-0/factconsolidation_mh_262k_no90,True,0.0,6.6874999683350325,False
Run 1,agentmemorybench:fact-mh-262k:context-0/factconsolidation_mh_262k_no90,3,7,0.4285714285714285,0.0,0.5625000149011612,0.6369071013178845,1.0,False,False,0.0883883687217427,Run 1::agentmemorybench:fact-mh-262k:context-0/factconsolidation_mh_262k_no90,True,0.0,-1.625000026077032,False
Run 1,agentmemorybench:fact-mh-262k:context-0/factconsolidation_mh_262k_no90,4,7,0.5714285714285714,0.5,6.562500176834874,0.9985648839062153,1.0,False,False,0.26516509068943217,Run 1::agentmemorybench:fact-mh-262k:context-0/factconsolidation_mh_262k_no90,True,0.5,6.000000161933713,True
Run 1,agentmemorybench:fact-mh-262k:context-0/factconsolidation_mh_262k_no90,5,7,0.7142857142857143,1.0,2.749999985098839,0.9395249887769984,1.0,False,False,0.17677667422321264,Run 1::agentmemorybench:fact-mh-262k:context-0/factconsolidation_mh_262k_no90,True,0.5,-3.812500191736035,True
Run 1,agentmemorybench:fact-mh-262k:context-0/factconsolidation_mh_262k_no90,6,7,0.8571428571428571,1.0,7.12500002636807,0.999195914085556,1.0,False,False,8.421137895829023e-08,Run 1::agentmemorybench:fact-mh-262k:context-0/factconsolidation_mh_262k_no90,True,0.0,4.375000041269232,False
Run 1,agentmemorybench:fact-mh-262k:context-0/factconsolidation_mh_262k_no90,7,7,1.0,1.0,7.249999954452505,0.9992903295685986,1.0,False,False,8.425253799003914e-08,Run 1::agentmemorybench:fact-mh-262k:context-0/factconsolidation_mh_262k_no90,True,0.0,0.12499992808443494,False
Run 1,agentmemorybench:fact-mh-262k:context-0/factconsolidation_mh_262k_no91,1,12,0.0833333333333333,0.0,-4.062500194646418,0.016946297576747447,0.0,False,True,0.08838832262362714,Run 1::agentmemorybench:fact-mh-262k:context-0/factconsolidation_mh_262k_no91,False,,,False
Run 1,agentmemorybench:fact-mh-262k:context-0/factconsolidation_mh_262k_no91,2,12,0.1666666666666666,0.0,2.312500089406967,0.9097757523834533,1.0,False,True,0.08838834764831845,Run 1::agentmemorybench:fact-mh-262k:context-0/factconsolidation_mh_262k_no91,True,0.0,6.375000284053385,False
Run 1,agentmemorybench:fact-mh-262k:context-0/factconsolidation_mh_262k_no91,3,12,0.25,0.3333333333333333,1.4375000074505806,0.8078806283446994,1.0,False,True,0.08838829496475781,Run 1::agentmemorybench:fact-mh-262k:context-0/factconsolidation_mh_262k_no91,True,0.3333333333333333,-0.8750000819563866,True
Run 1,agentmemorybench:fact-mh-262k:context-0/factconsolidation_mh_262k_no91,4,12,0.3333333333333333,0.3333333333333333,-2.8124999590218067,0.0567449922901746,0.0,False,True,0.08838840033187909,Run 1::agentmemorybench:fact-mh-262k:context-0/factconsolidation_mh_262k_no91,False,0.0,-4.249999966472387,False
Run 1,agentmemorybench:fact-mh-262k:context-0/factconsolidation_mh_262k_no91,5,12,0.4166666666666667,0.3333333333333333,-2.5,0.07585818002124355,0.0,False,True,4.2146848510894035e-08,Run 1::agentmemorybench:fact-mh-262k:context-0/factconsolidation_mh_262k_no91,False,0.0,0.3124999590218067,False
Run 1,agentmemorybench:fact-mh-262k:context-0/factconsolidation_mh_262k_no91,6,12,0.5,0.3333333333333333,2.2500000186264515,0.9046505367075699,1.0,False,True,4.7415204574755785e-08,Run 1::agentmemorybench:fact-mh-262k:context-0/factconsolidation_mh_262k_no91,True,0.0,4.7500000186264515,False
Run 1,agentmemorybench:fact-mh-262k:context-0/factconsolidation_mh_262k_no91,7,12,0.5833333333333334,0.3333333333333333,1.2500000298023224,0.7772998663336157,1.0,False,True,4.2146848510894035e-08,Run 1::agentmemorybench:fact-mh-262k:context-0/factconsolidation_mh_262k_no91,True,0.0,-0.9999999888241291,False
Run 1,agentmemorybench:fact-mh-262k:context-0/factconsolidation_mh_262k_no91,8,12,0.6666666666666666,0.3333333333333333,0.7499999403953552,0.6791786861878392,1.0,False,True,0.0,Run 1::agentmemorybench:fact-mh-262k:context-0/factconsolidation_mh_262k_no91,True,0.0,-0.5000000894069672,False
Run 1,agentmemorybench:fact-mh-262k:context-0/factconsolidation_mh_262k_no91,9,12,0.75,0.3333333333333333,2.249999988824129,0.9046505341368827,1.0,False,True,8.956205308564981e-08,Run 1::agentmemorybench:fact-mh-262k:context-0/factconsolidation_mh_262k_no91,True,0.0,1.5000000484287739,False
Run 1,agentmemorybench:fact-mh-262k:context-0/factconsolidation_mh_262k_no91,10,12,0.8333333333333334,0.6666666666666666,4.749999935273081,0.9914225140358558,1.0,False,True,1.639775824876971e-07,Run 1::agentmemorybench:fact-mh-262k:context-0/factconsolidation_mh_262k_no91,True,0.3333333333333333,2.499999946448952,True
Run 1,agentmemorybench:fact-mh-262k:context-0/factconsolidation_mh_262k_no91,11,12,0.9166666666666666,0.6666666666666666,2.6249999590218067,0.9324533062793947,1.0,False,True,5.795191670247929e-08,Run 1::agentmemorybench:fact-mh-262k:context-0/factconsolidation_mh_262k_no91,True,0.0,-2.1249999762512743,False
Run 1,agentmemorybench:fact-mh-262k:context-0/factconsolidation_mh_262k_no91,12,12,1.0,1.0,5.250000159954652,0.9947396802847782,1.0,False,True,0.17677677069998304,Run 1::agentmemorybench:fact-mh-262k:context-0/factconsolidation_mh_262k_no91,True,0.33333333333333337,2.6250002009328455,True
Run 1,agentmemorybench:fact-mh-262k:context-0/factconsolidation_mh_262k_no92,1,6,0.1666666666666666,0.0,-5.000000197440386,0.0066928496116901,0.0,True,False,0.0,Run 1::agentmemorybench:fact-mh-262k:context-0/factconsolidation_mh_262k_no92,False,,,False
Run 1,agentmemorybench:fact-mh-262k:context-0/factconsolidation_mh_262k_no92,2,6,0.3333333333333333,0.0,-1.6875000447034836,0.15769487684846295,0.0,True,False,0.2651651061652281,Run 1::agentmemorybench:fact-mh-262k:context-0/factconsolidation_mh_262k_no92,False,0.0,3.3125001527369022,False
Run 1,agentmemorybench:fact-mh-262k:context-0/factconsolidation_mh_262k_no92,3,6,0.5,0.0,0.5625000149011612,0.6369071014357826,1.0,True,False,0.08838832657489419,Run 1::agentmemorybench:fact-mh-262k:context-0/factconsolidation_mh_262k_no92,True,0.0,2.2500000596046448,False
Run 1,agentmemorybench:fact-mh-262k:context-0/factconsolidation_mh_262k_no92,4,6,0.6666666666666666,0.6666666666666666,-0.0625,0.48439531331312186,0.0,True,False,0.08838834764831845,Run 1::agentmemorybench:fact-mh-262k:context-0/factconsolidation_mh_262k_no92,False,0.6666666666666666,-0.6250000149011612,True
Run 1,agentmemorybench:fact-mh-262k:context-0/factconsolidation_mh_262k_no92,5,6,0.8333333333333334,0.6666666666666666,3.0624999292194843,0.9552431963734692,1.0,True,False,0.08838837925845483,Run 1::agentmemorybench:fact-mh-262k:context-0/factconsolidation_mh_262k_no92,True,0.0,3.1249999292194843,False
Run 1,agentmemorybench:fact-mh-262k:context-0/factconsolidation_mh_262k_no92,6,6,1.0,1.0,5.937500177766196,0.9973632253991287,1.0,True,False,0.08838840378923775,Run 1::agentmemorybench:fact-mh-262k:context-0/factconsolidation_mh_262k_no92,True,0.33333333333333337,2.875000248546712,True
Run 1,agentmemorybench:fact-mh-262k:context-0/factconsolidation_mh_262k_no93,1,13,0.0769230769230769,0.0,-4.500000122003257,0.0109869413048778,0.0,False,False,0.0,Run 1::agentmemorybench:fact-mh-262k:context-0/factconsolidation_mh_262k_no93,False,,,False
Run 1,agentmemorybench:fact-mh-262k:context-0/factconsolidation_mh_262k_no93,2,13,0.1538461538461538,0.0,1.1875,0.7661074240211596,1.0,False,False,0.08838834764831845,Run 1::agentmemorybench:fact-mh-262k:context-0/factconsolidation_mh_262k_no93,True,0.0,5.687500122003257,False
Run 1,agentmemorybench:fact-mh-262k:context-0/factconsolidation_mh_262k_no93,3,13,0.2307692307692307,0.25,2.249999988824129,0.9046505341368827,1.0,False,False,1.0009876521337333e-07,Run 1::agentmemorybench:fact-mh-262k:context-0/factconsolidation_mh_262k_no93,True,0.25,1.062499988824129,True
Run 1,agentmemorybench:fact-mh-262k:context-0/factconsolidation_mh_262k_no93,4,13,0.3076923076923077,0.25,1.1875000149011612,0.766107426423096,1.0,False,False,0.08838841086859121,Run 1::agentmemorybench:fact-mh-262k:context-0/factconsolidation_mh_262k_no93,True,0.0,-1.062499973922968,False
Run 1,agentmemorybench:fact-mh-262k:context-0/factconsolidation_mh_262k_no93,5,13,0.3846153846153846,0.5,2.4374999217689037,0.9195213816549697,1.0,False,False,0.08838836345338616,Run 1::agentmemorybench:fact-mh-262k:context-0/factconsolidation_mh_262k_no93,True,0.25,1.2499999068677425,True
Run 1,agentmemorybench:fact-mh-262k:context-0/factconsolidation_mh_262k_no93,6,13,0.4615384615384615,0.5,-0.875,0.2942149721629888,0.0,False,False,4.2146848510894035e-08,Run 1::agentmemorybench:fact-mh-262k:context-0/factconsolidation_mh_262k_no93,False,0.0,-3.3124999217689037,False
Run 1,agentmemorybench:fact-mh-262k:context-0/factconsolidation_mh_262k_no93,7,13,0.5384615384615384,0.5,-1.4375,0.19211937321126055,0.0,False,False,0.08838838979516696,Run 1::agentmemorybench:fact-mh-262k:context-0/factconsolidation_mh_262k_no93,False,0.0,-0.5625,False
Run 1,agentmemorybench:fact-mh-262k:context-0/factconsolidation_mh_262k_no93,8,13,0.6153846153846154,0.5,0.4374999850988388,0.6075629620761338,1.0,False,False,0.08838832657489419,Run 1::agentmemorybench:fact-mh-262k:context-0/factconsolidation_mh_262k_no93,True,0.0,1.8749999850988388,False
Run 1,agentmemorybench:fact-mh-262k:context-0/factconsolidation_mh_262k_no93,9,13,0.6923076923076923,0.5,-0.1875,0.4533070628702228,0.0,False,False,0.08838834764831845,Run 1::agentmemorybench:fact-mh-262k:context-0/factconsolidation_mh_262k_no93,False,0.0,-0.6249999850988388,False
Run 1,agentmemorybench:fact-mh-262k:context-0/factconsolidation_mh_262k_no93,10,13,0.7692307692307693,0.5,3.125000014901161,0.9579122726851415,1.0,False,False,1.2644054553268208e-07,Run 1::agentmemorybench:fact-mh-262k:context-0/factconsolidation_mh_262k_no93,True,0.0,3.312500014901161,False
Run 1,agentmemorybench:fact-mh-262k:context-0/factconsolidation_mh_262k_no93,11,13,0.8461538461538461,0.5,3.8125000623986125,0.9783451397626863,1.0,False,False,0.08838827257424453,Run 1::agentmemorybench:fact-mh-262k:context-0/factconsolidation_mh_262k_no93,True,0.0,0.6875000474974513,False
Run 1,agentmemorybench:fact-mh-262k:context-0/factconsolidation_mh_262k_no93,12,13,0.9230769230769232,0.5,4.250000094994903,0.9859363742739387,1.0,False,False,1.6595321601164524e-07,Run 1::agentmemorybench:fact-mh-262k:context-0/factconsolidation_mh_262k_no93,True,0.0,0.4375000325962901,False
Run 1,agentmemorybench:fact-mh-262k:context-0/factconsolidation_mh_262k_no93,13,13,1.0,0.5,5.062499824678525,0.993698039032615,1.0,False,False,0.08838827158642777,Run 1::agentmemorybench:fact-mh-262k:context-0/factconsolidation_mh_262k_no93,True,0.0,0.8124997296836227,False
Run 1,agentmemorybench:fact-mh-262k:context-0/factconsolidation_mh_262k_no94,1,4,0.25,0.0,-3.7500000689178705,0.0229773683628601,0.0,True,False,0.0,Run 1::agentmemorybench:fact-mh-262k:context-0/factconsolidation_mh_262k_no94,False,,,False
Run 1,agentmemorybench:fact-mh-262k:context-0/factconsolidation_mh_262k_no94,2,4,0.5,0.0,2.687500050291419,0.9361833324986212,1.0,True,False,0.08838828179386748,Run 1::agentmemorybench:fact-mh-262k:context-0/factconsolidation_mh_262k_no94,True,0.0,6.4375001192092896,False
Run 1,agentmemorybench:fact-mh-262k:context-0/factconsolidation_mh_262k_no94,3,4,0.75,0.5,2.937500048428774,0.9495854009194025,1.0,True,False,0.08838830023311386,Run 1::agentmemorybench:fact-mh-262k:context-0/factconsolidation_mh_262k_no94,True,0.5,0.24999999813735485,True
Run 1,agentmemorybench:fact-mh-262k:context-0/factconsolidation_mh_262k_no94,4,4,1.0,1.0,7.374999839405064,0.9993736657413675,1.0,True,False,0.0,Run 1::agentmemorybench:fact-mh-262k:context-0/factconsolidation_mh_262k_no94,True,0.5,4.4374997909762905,True
Run 1,agentmemorybench:fact-mh-262k:context-0/factconsolidation_mh_262k_no95,1,5,0.2,0.0,-5.2500001774169505,0.0052201247722542,0.0,False,False,0.0,Run 1::agentmemorybench:fact-mh-262k:context-0/factconsolidation_mh_262k_no95,False,,,False
Run 1,agentmemorybench:fact-mh-262k:context-0/factconsolidation_mh_262k_no95,2,5,0.4,0.0,-1.4375000223517418,0.19211936952179165,0.0,False,False,0.08838833711160632,Run 1::agentmemorybench:fact-mh-262k:context-0/factconsolidation_mh_262k_no95,False,0.0,3.8125001550652087,False
Run 1,agentmemorybench:fact-mh-262k:context-0/factconsolidation_mh_262k_no95,3,5,0.6,0.5,3.812499964609742,0.9783451375697406,1.0,False,False,0.0883884082344127,Run 1::agentmemorybench:fact-mh-262k:context-0/factconsolidation_mh_262k_no95,True,0.5,5.249999986961484,True
Run 1,agentmemorybench:fact-mh-262k:context-0/factconsolidation_mh_262k_no95,4,5,0.8,0.5,3.0625000074505806,0.9552431996904162,1.0,False,False,0.08838839506352301,Run 1::agentmemorybench:fact-mh-262k:context-0/factconsolidation_mh_262k_no95,True,0.0,-0.7499999571591616,False
Run 1,agentmemorybench:fact-mh-262k:context-0/factconsolidation_mh_262k_no95,5,5,1.0,0.5,6.687499890162144,0.9987527335157421,1.0,False,False,0.08838846248201702,Run 1::agentmemorybench:fact-mh-262k:context-0/factconsolidation_mh_262k_no95,True,0.0,3.6249998827115633,False
Run 1,agentmemorybench:fact-mh-262k:context-0/factconsolidation_mh_262k_no96,1,7,0.1428571428571428,0.0,-4.875000082189217,0.00763516747741425,0.0,False,True,0.17677659025878786,Run 1::agentmemorybench:fact-mh-262k:context-0/factconsolidation_mh_262k_no96,False,,,False
Run 1,agentmemorybench:fact-mh-262k:context-0/factconsolidation_mh_262k_no96,2,7,0.2857142857142857,0.0,2.0624999403953552,0.8870532358301754,1.0,False,True,0.08838841086859121,Run 1::agentmemorybench:fact-mh-262k:context-0/factconsolidation_mh_262k_no96,True,0.0,6.937500022584572,False
Run 1,agentmemorybench:fact-mh-262k:context-0/factconsolidation_mh_262k_no96,3,7,0.4285714285714285,0.3333333333333333,3.624999945051968,0.9740426414129206,1.0,False,True,3.8195581620006964e-08,Run 1::agentmemorybench:fact-mh-262k:context-0/factconsolidation_mh_262k_no96,True,0.3333333333333333,1.5625000046566129,True
Run 1,agentmemorybench:fact-mh-262k:context-0/factconsolidation_mh_262k_no96,4,7,0.5714285714285714,0.3333333333333333,2.312500074505806,0.9097757512232909,1.0,False,True,0.08838832657489419,Run 1::agentmemorybench:fact-mh-262k:context-0/factconsolidation_mh_262k_no96,True,0.0,-1.3124998705461621,False
Run 1,agentmemorybench:fact-mh-262k:context-0/factconsolidation_mh_262k_no96,5,7,0.7142857142857143,0.3333333333333333,-0.125,0.4687906266262437,0.0,False,True,0.0,Run 1::agentmemorybench:fact-mh-262k:context-0/factconsolidation_mh_262k_no96,False,0.0,-2.437500074505806,False
Run 1,agentmemorybench:fact-mh-262k:context-0/factconsolidation_mh_262k_no96,6,7,0.8571428571428571,0.3333333333333333,1.0,0.7310585786300048,1.0,False,True,4.2146848510894035e-08,Run 1::agentmemorybench:fact-mh-262k:context-0/factconsolidation_mh_262k_no96,True,0.0,1.125,False
Run 1,agentmemorybench:fact-mh-262k:context-0/factconsolidation_mh_262k_no96,7,7,1.0,0.3333333333333333,3.7499999525025487,0.9768551434789048,1.0,False,True,0.17677678880995684,Run 1::agentmemorybench:fact-mh-262k:context-0/factconsolidation_mh_262k_no96,True,0.0,2.7499999525025487,False
Run 1,agentmemorybench:fact-mh-262k:context-0/factconsolidation_mh_262k_no97,1,4,0.25,0.0,-4.125000218860805,0.01590638828590405,0.0,False,False,1.9756335239481578e-08,Run 1::agentmemorybench:fact-mh-262k:context-0/factconsolidation_mh_262k_no97,False,,,False
Run 1,agentmemorybench:fact-mh-262k:context-0/factconsolidation_mh_262k_no97,2,4,0.5,0.0,3.4374999897554517,0.968357876894739,1.0,False,False,0.265165181239302,Run 1::agentmemorybench:fact-mh-262k:context-0/factconsolidation_mh_262k_no97,True,0.0,7.562500208616257,False
Run 1,agentmemorybench:fact-mh-262k:context-0/factconsolidation_mh_262k_no97,3,4,0.75,0.0,0.4375,0.6075629655779622,1.0,False,False,0.08838834764831845,Run 1::agentmemorybench:fact-mh-262k:context-0/factconsolidation_mh_262k_no97,True,0.0,-2.9999999897554517,False
Run 1,agentmemorybench:fact-mh-262k:context-0/factconsolidation_mh_262k_no97,4,4,1.0,0.5,5.62499990593642,0.9963785894210403,1.0,False,False,0.17677656951463586,Run 1::agentmemorybench:fact-mh-262k:context-0/factconsolidation_mh_262k_no97,True,0.5,5.18749990593642,True
Run 1,agentmemorybench:fact-mh-262k:context-0/factconsolidation_mh_262k_no98,1,12,0.0833333333333333,0.0,-5.187500147148967,0.0055655964374379495,0.0,False,True,0.08838825215936479,Run 1::agentmemorybench:fact-mh-262k:context-0/factconsolidation_mh_262k_no98,False,,,False
Run 1,agentmemorybench:fact-mh-262k:context-0/factconsolidation_mh_262k_no98,2,12,0.1666666666666666,0.0,0.7500000447034836,0.6791787089160581,1.0,False,True,2.1073424255447017e-08,Run 1::agentmemorybench:fact-mh-262k:context-0/factconsolidation_mh_262k_no98,True,0.0,5.93750019185245,False
Run 1,agentmemorybench:fact-mh-262k:context-0/factconsolidation_mh_262k_no98,3,12,0.25,0.0,0.6875,0.6652667820577653,1.0,False,True,0.08838830550146994,Run 1::agentmemorybench:fact-mh-262k:context-0/factconsolidation_mh_262k_no98,True,0.0,-0.06250004470348358,False
Run 1,agentmemorybench:fact-mh-262k:context-0/factconsolidation_mh_262k_no98,4,12,0.3333333333333333,0.0,-1.25,0.2234491173397353,0.0,False,True,0.17677665314978838,Run 1::agentmemorybench:fact-mh-262k:context-0/factconsolidation_mh_262k_no98,False,0.0,-1.9375,False
Run 1,agentmemorybench:fact-mh-262k:context-0/factconsolidation_mh_262k_no98,5,12,0.4166666666666667,0.6666666666666666,-0.9375000447034836,0.2815781876482185,0.0,False,True,0.08838832657489419,Run 1::agentmemorybench:fact-mh-262k:context-0/factconsolidation_mh_262k_no98,False,0.6666666666666666,0.3124999552965164,True
Run 1,agentmemorybench:fact-mh-262k:context-0/factconsolidation_mh_262k_no98,6,12,0.5,0.6666666666666666,-1.3750000298023224,0.20181321745968234,0.0,False,True,2.1073424255447017e-08,Run 1::agentmemorybench:fact-mh-262k:context-0/factconsolidation_mh_262k_no98,False,0.0,-0.4374999850988388,False
Run 1,agentmemorybench:fact-mh-262k:context-0/factconsolidation_mh_262k_no98,7,12,0.5833333333333334,0.6666666666666666,-2.562500074505806,0.0717024306490501,0.0,False,True,0.0883883581850301,Run 1::agentmemorybench:fact-mh-262k:context-0/factconsolidation_mh_262k_no98,False,0.0,-1.1875000447034836,False
Run 1,agentmemorybench:fact-mh-262k:context-0/factconsolidation_mh_262k_no98,8,12,0.6666666666666666,0.6666666666666666,-2.499999985098839,0.0758581810658705,0.0,False,True,1.1590383403299557e-07,Run 1::agentmemorybench:fact-mh-262k:context-0/factconsolidation_mh_262k_no98,False,0.0,0.06250008940696716,False
Run 1,agentmemorybench:fact-mh-262k:context-0/factconsolidation_mh_262k_no98,9,12,0.75,0.6666666666666666,-2.3124999441206455,0.0902242596166271,0.0,False,True,0.08838837399009876,Run 1::agentmemorybench:fact-mh-262k:context-0/factconsolidation_mh_262k_no98,False,0.0,0.18750004097819328,False
Run 1,agentmemorybench:fact-mh-262k:context-0/factconsolidation_mh_262k_no98,10,12,0.8333333333333334,0.6666666666666666,-3.4374999972060323,0.0311991046231648,0.0,False,True,0.08838832262362714,Run 1::agentmemorybench:fact-mh-262k:context-0/factconsolidation_mh_262k_no98,False,0.0,-1.1250000530853868,False
Run 1,agentmemorybench:fact-mh-262k:context-0/factconsolidation_mh_262k_no98,11,12,0.9166666666666666,0.6666666666666666,-4.1250001564621925,0.01602491613163065,0.0,False,True,0.17677676641944373,Run 1::agentmemorybench:fact-mh-262k:context-0/factconsolidation_mh_262k_no98,False,0.0,-0.6875001592561603,False
Run 1,agentmemorybench:fact-mh-262k:context-0/factconsolidation_mh_262k_no98,12,12,1.0,0.6666666666666666,-4.24999996740371,0.014063627495220499,0.0,False,True,1.8966081829902314e-07,Run 1::agentmemorybench:fact-mh-262k:context-0/factconsolidation_mh_262k_no98,False,0.0,-0.12499981094151735,False
Run 1,agentmemorybench:fact-mh-262k:context-0/factconsolidation_mh_262k_no99,1,14,0.0714285714285714,0.0,-4.125000076368451,0.0159063905163906,0.0,True,True,1.8702664026709227e-07,Run 1::agentmemorybench:fact-mh-262k:context-0/factconsolidation_mh_262k_no99,False,,,False
Run 1,agentmemorybench:fact-mh-262k:context-0/factconsolidation_mh_262k_no99,2,14,0.1428571428571428,0.0,0.5624999701976776,0.6369070911660941,1.0,True,True,0.08838830550146994,Run 1::agentmemorybench:fact-mh-262k:context-0/factconsolidation_mh_262k_no99,True,0.0,4.687500046566129,False
Run 1,agentmemorybench:fact-mh-262k:context-0/factconsolidation_mh_262k_no99,3,14,0.2142857142857142,0.0,2.3749999701976776,0.9149009526726544,1.0,True,True,4.2146848510894035e-08,Run 1::agentmemorybench:fact-mh-262k:context-0/factconsolidation_mh_262k_no99,True,0.0,1.8125,False
Run 1,agentmemorybench:fact-mh-262k:context-0/factconsolidation_mh_262k_no99,4,14,0.2857142857142857,0.0,2.4374999962747097,0.9195213868492195,1.0,True,True,0.08838847935722019,Run 1::agentmemorybench:fact-mh-262k:context-0/factconsolidation_mh_262k_no99,True,0.0,0.06250002607703209,False
Run 1,agentmemorybench:fact-mh-262k:context-0/factconsolidation_mh_262k_no99,5,14,0.3571428571428571,1.0,8.00000017581624,0.9996646499284738,1.0,True,True,0.0,Run 1::agentmemorybench:fact-mh-262k:context-0/factconsolidation_mh_262k_no99,True,1.0,5.56250017954153,True
Run 1,agentmemorybench:fact-mh-262k:context-0/factconsolidation_mh_262k_no99,6,14,0.4285714285714285,1.0,1.2500000149011612,0.7772998637541534,1.0,True,True,2.1073424255447017e-08,Run 1::agentmemorybench:fact-mh-262k:context-0/factconsolidation_mh_262k_no99,True,0.0,-6.750000160915079,False
Run 1,agentmemorybench:fact-mh-262k:context-0/factconsolidation_mh_262k_no99,7,14,0.5,1.0,-1.2500000149011612,0.2227001362458465,0.0,True,True,2.1073424255447017e-08,Run 1::agentmemorybench:fact-mh-262k:context-0/factconsolidation_mh_262k_no99,False,0.0,-2.5000000298023224,False
Run 1,agentmemorybench:fact-mh-262k:context-0/factconsolidation_mh_262k_no99,8,14,0.5714285714285714,1.0,-1.4999999850988388,0.18242552602881168,0.0,True,True,6.322027276634104e-08,Run 1::agentmemorybench:fact-mh-262k:context-0/factconsolidation_mh_262k_no99,False,0.0,-0.2499999701976776,False
Run 1,agentmemorybench:fact-mh-262k:context-0/factconsolidation_mh_262k_no99,9,14,0.6428571428571429,1.0,-1.875,0.13296424019782954,0.0,True,True,1.2644054553268208e-07,Run 1::agentmemorybench:fact-mh-262k:context-0/factconsolidation_mh_262k_no99,False,0.0,-0.3750000149011612,False
Run 1,agentmemorybench:fact-mh-262k:context-0/factconsolidation_mh_262k_no99,10,14,0.7142857142857143,1.0,-1.0000000298023224,0.268941415510503,0.0,True,True,4.2146848510894035e-08,Run 1::agentmemorybench:fact-mh-262k:context-0/factconsolidation_mh_262k_no99,False,0.0,0.8749999701976776,False
Run 1,agentmemorybench:fact-mh-262k:context-0/factconsolidation_mh_262k_no99,11,14,0.7857142857142857,1.0,-1.4374999701976776,0.1921193776561712,0.0,True,True,0.08838834764831845,Run 1::agentmemorybench:fact-mh-262k:context-0/factconsolidation_mh_262k_no99,False,0.0,-0.4374999403953552,False
Run 1,agentmemorybench:fact-mh-262k:context-0/factconsolidation_mh_262k_no99,12,14,0.8571428571428571,1.0,-1.6874999925494194,0.15628183131951,0.0,True,True,0.08838831603818206,Run 1::agentmemorybench:fact-mh-262k:context-0/factconsolidation_mh_262k_no99,False,0.0,-0.2500000223517418,False
Run 1,agentmemorybench:fact-mh-262k:context-0/factconsolidation_mh_262k_no99,13,14,0.9285714285714286,1.0,-2.5624999329447746,0.07170243998950934,0.0,True,True,0.08838832657489419,Run 1::agentmemorybench:fact-mh-262k:context-0/factconsolidation_mh_262k_no99,False,0.0,-0.8749999403953552,False
Run 1,agentmemorybench:fact-mh-262k:context-0/factconsolidation_mh_262k_no99,14,14,1.0,1.0,-2.1874999925494194,0.1010200301324781,0.0,True,True,0.08838835818503057,Run 1::agentmemorybench:fact-mh-262k:context-0/factconsolidation_mh_262k_no99,False,0.0,0.3749999403953552,False
Run 2,agentmemorybench:fact-mh-262k:context-0/factconsolidation_mh_262k_no0,1,13,0.0769230769230769,0.0,-4.624999990686774,0.00970847657101355,0.0,False,False,2.1995386566622823e-07,Run 2::agentmemorybench:fact-mh-262k:context-0/factconsolidation_mh_262k_no0,False,,,False
Run 2,agentmemorybench:fact-mh-262k:context-0/factconsolidation_mh_262k_no0,2,13,0.1538461538461538,0.0,0.9999999403953552,0.7310585669110203,1.0,False,False,0.0,Run 2::agentmemorybench:fact-mh-262k:context-0/factconsolidation_mh_262k_no0,True,0.0,5.6249999310821295,False
Run 2,agentmemorybench:fact-mh-262k:context-0/factconsolidation_mh_262k_no0,3,13,0.2307692307692307,0.6666666666666666,4.750000141561031,0.9914225157901104,1.0,False,False,0.0,Run 2::agentmemorybench:fact-mh-262k:context-0/factconsolidation_mh_262k_no0,True,0.6666666666666666,3.750000201165676,True
Run 2,agentmemorybench:fact-mh-262k:context-0/factconsolidation_mh_262k_no0,4,13,0.3076923076923077,0.6666666666666666,2.8749999180436134,0.9465966660571644,1.0,False,False,0.0,Run 2::agentmemorybench:fact-mh-262k:context-0/factconsolidation_mh_262k_no0,True,0.0,-1.875000223517418,False
Run 2,agentmemorybench:fact-mh-262k:context-0/factconsolidation_mh_262k_no0,5,13,0.3846153846153846,0.6666666666666666,2.9374999906867743,0.949585398160643,1.0,False,False,0.08838829759893584,Run 2::agentmemorybench:fact-mh-262k:context-0/factconsolidation_mh_262k_no0,True,0.0,0.06250007264316082,False
Run 2,agentmemorybench:fact-mh-262k:context-0/factconsolidation_mh_262k_no0,6,13,0.4615384615384615,0.6666666666666666,1.6249999552965164,0.8354835309589073,1.0,False,False,0.0,Run 2::agentmemorybench:fact-mh-262k:context-0/factconsolidation_mh_262k_no0,True,0.0,-1.3125000353902578,False
Run 2,agentmemorybench:fact-mh-262k:context-0/factconsolidation_mh_262k_no0,7,13,0.5384615384615384,0.6666666666666666,3.624999933876097,0.9740426411303547,1.0,False,False,3.5561402803029856e-08,Run 2::agentmemorybench:fact-mh-262k:context-0/factconsolidation_mh_262k_no0,True,0.0,1.9999999785795808,False
Run 2,agentmemorybench:fact-mh-262k:context-0/factconsolidation_mh_262k_no0,8,13,0.6153846153846154,0.6666666666666666,2.624999947845936,0.932453305575492,1.0,False,False,0.0,Run 2::agentmemorybench:fact-mh-262k:context-0/factconsolidation_mh_262k_no0,True,0.0,-0.9999999860301614,False
Run 2,agentmemorybench:fact-mh-262k:context-0/factconsolidation_mh_262k_no0,9,13,0.6923076923076923,0.6666666666666666,2.8749999962747097,0.9465966700118572,1.0,False,False,0.0,Run 2::agentmemorybench:fact-mh-262k:context-0/factconsolidation_mh_262k_no0,True,0.0,0.2500000484287739,False
Run 2,agentmemorybench:fact-mh-262k:context-0/factconsolidation_mh_262k_no0,10,13,0.7692307692307693,0.6666666666666666,2.875000089406967,0.9465966747198244,1.0,False,False,0.0,Run 2::agentmemorybench:fact-mh-262k:context-0/factconsolidation_mh_262k_no0,True,0.0,9.313225746154785e-08,False
Run 2,agentmemorybench:fact-mh-262k:context-0/factconsolidation_mh_262k_no0,11,13,0.8461538461538461,0.6666666666666666,2.249999932944774,0.9046505293168444,1.0,False,False,0.0,Run 2::agentmemorybench:fact-mh-262k:context-0/factconsolidation_mh_262k_no0,True,0.0,-0.625000156462193,False
Run 2,agentmemorybench:fact-mh-262k:context-0/factconsolidation_mh_262k_no0,12,13,0.9230769230769232,0.6666666666666666,2.6250000298023224,0.9324533107374442,1.0,False,False,7.375698489406456e-08,Run 2::agentmemorybench:fact-mh-262k:context-0/factconsolidation_mh_262k_no0,True,0.0,0.3750000968575482,False
Run 2,agentmemorybench:fact-mh-262k:context-0/factconsolidation_mh_262k_no0,13,13,1.0,0.6666666666666666,4.4999998435378075,0.9890130556692526,1.0,False,False,0.0,Run 2::agentmemorybench:fact-mh-262k:context-0/factconsolidation_mh_262k_no0,True,0.0,1.874999813735485,False
Run 2,agentmemorybench:fact-mh-262k:context-0/factconsolidation_mh_262k_no1,1,5,0.2,0.0,-4.0000002179294825,0.0179862061128675,0.0,True,False,0.0,Run 2::agentmemorybench:fact-mh-262k:context-0/factconsolidation_mh_262k_no1,False,,,False
Run 2,agentmemorybench:fact-mh-262k:context-0/factconsolidation_mh_262k_no1,2,5,0.4,0.0,2.1874999962747097,0.8989799700540057,1.0,True,False,0.08838840560023514,Run 2::agentmemorybench:fact-mh-262k:context-0/factconsolidation_mh_262k_no1,True,0.0,6.187500214204192,False
Run 2,agentmemorybench:fact-mh-262k:context-0/factconsolidation_mh_262k_no1,3,5,0.6,0.5,-0.6875,0.3347332182163181,0.0,True,False,0.08838838979516696,Run 2::agentmemorybench:fact-mh-262k:context-0/factconsolidation_mh_262k_no1,False,0.5,-2.8749999962747097,True
Run 2,agentmemorybench:fact-mh-262k:context-0/factconsolidation_mh_262k_no1,4,5,0.8,0.5,2.9999999292194843,0.9525741236248058,1.0,True,False,0.0,Run 2::agentmemorybench:fact-mh-262k:context-0/factconsolidation_mh_262k_no1,True,0.0,3.6874999292194843,False
Run 2,agentmemorybench:fact-mh-262k:context-0/factconsolidation_mh_262k_no1,5,5,1.0,1.0,6.625000046333298,0.998674977644098,1.0,True,False,0.0,Run 2::agentmemorybench:fact-mh-262k:context-0/factconsolidation_mh_262k_no1,True,0.5,3.6250001171138138,True
Run 2,agentmemorybench:fact-mh-262k:context-0/factconsolidation_mh_262k_no10,1,8,0.125,0.0,-5.375000173225999,0.0046095713845572,0.0,False,True,0.0,Run 2::agentmemorybench:fact-mh-262k:context-0/factconsolidation_mh_262k_no10,False,,,False
Run 2,agentmemorybench:fact-mh-262k:context-0/factconsolidation_mh_262k_no10,2,8,0.25,0.0,-4.124999899417162,0.015906393286276,0.0,False,True,0.0,Run 2::agentmemorybench:fact-mh-262k:context-0/factconsolidation_mh_262k_no10,False,0.0,1.250000273808837,False
Run 2,agentmemorybench:fact-mh-262k:context-0/factconsolidation_mh_262k_no10,3,8,0.375,0.0,-7.74999992660014,0.0004305571129138,0.0,False,True,1.652123534401647e-07,Run 2::agentmemorybench:fact-mh-262k:context-0/factconsolidation_mh_262k_no10,False,0.0,-3.6250000271829776,False
Run 2,agentmemorybench:fact-mh-262k:context-0/factconsolidation_mh_262k_no10,4,8,0.5,0.0,-0.375,0.4073334000459302,0.0,False,True,0.0,Run 2::agentmemorybench:fact-mh-262k:context-0/factconsolidation_mh_262k_no10,False,0.0,7.37499992660014,False
Run 2,agentmemorybench:fact-mh-262k:context-0/factconsolidation_mh_262k_no10,5,8,0.625,0.0,2.2499999925494194,0.9046505344582184,1.0,False,True,1.4751397025915685e-07,Run 2::agentmemorybench:fact-mh-262k:context-0/factconsolidation_mh_262k_no10,True,0.0,2.6249999925494194,False
Run 2,agentmemorybench:fact-mh-262k:context-0/factconsolidation_mh_262k_no10,6,8,0.75,0.0,3.6875000251457095,0.9755326370079556,1.0,False,True,0.08838838584389991,Run 2::agentmemorybench:fact-mh-262k:context-0/factconsolidation_mh_262k_no10,True,0.0,1.4375000325962901,False
Run 2,agentmemorybench:fact-mh-262k:context-0/factconsolidation_mh_262k_no10,7,8,0.875,0.0,4.187499897554517,0.9850149892302781,1.0,False,True,0.08838815798750015,Run 2::agentmemorybench:fact-mh-262k:context-0/factconsolidation_mh_262k_no10,True,0.0,0.4999998724088073,False
Run 2,agentmemorybench:fact-mh-262k:context-0/factconsolidation_mh_262k_no10,8,8,1.0,0.25,6.749999975843821,0.9988304897067266,1.0,False,True,1.683404398530826e-07,Run 2::agentmemorybench:fact-mh-262k:context-0/factconsolidation_mh_262k_no10,True,0.25,2.562500078289304,True
Run 2,agentmemorybench:fact-mh-262k:context-0/factconsolidation_mh_262k_no11,1,16,0.0625,0.0,-5.124999884981662,0.0059110695321063,0.0,False,True,0.0,Run 2::agentmemorybench:fact-mh-262k:context-0/factconsolidation_mh_262k_no11,False,,,False
Run 2,agentmemorybench:fact-mh-262k:context-0/factconsolidation_mh_262k_no11,2,16,0.125,0.0,0.7500000298023224,0.6791787056691698,1.0,False,True,0.0,Run 2::agentmemorybench:fact-mh-262k:context-0/factconsolidation_mh_262k_no11,True,0.0,5.874999914783984,False
Run 2,agentmemorybench:fact-mh-262k:context-0/factconsolidation_mh_262k_no11,3,16,0.1875,0.0,1.999999925494194,0.8807970701552504,1.0,False,True,0.0,Run 2::agentmemorybench:fact-mh-262k:context-0/factconsolidation_mh_262k_no11,True,0.0,1.2499998956918716,False
Run 2,agentmemorybench:fact-mh-262k:context-0/factconsolidation_mh_262k_no11,4,16,0.25,0.6666666666666666,3.4999999329447746,0.9706877673407197,1.0,False,True,3.687849244703228e-08,Run 2::agentmemorybench:fact-mh-262k:context-0/factconsolidation_mh_262k_no11,True,0.6666666666666666,1.5000000074505806,True
Run 2,agentmemorybench:fact-mh-262k:context-0/factconsolidation_mh_262k_no11,5,16,0.3125,0.6666666666666666,-0.5,0.3775406687981454,0.0,False,True,0.0,Run 2::agentmemorybench:fact-mh-262k:context-0/factconsolidation_mh_262k_no11,False,0.0,-3.9999999329447746,False
Run 2,agentmemorybench:fact-mh-262k:context-0/factconsolidation_mh_262k_no11,6,16,0.375,0.6666666666666666,-1.6249999701976776,0.1645164669929161,0.0,False,True,0.0,Run 2::agentmemorybench:fact-mh-262k:context-0/factconsolidation_mh_262k_no11,False,0.0,-1.1249999701976776,False
Run 2,agentmemorybench:fact-mh-262k:context-0/factconsolidation_mh_262k_no11,7,16,0.4375,0.6666666666666666,-2.250000085681677,0.09589481228533485,0.0,False,True,0.17677673217512932,Run 2::agentmemorybench:fact-mh-262k:context-0/factconsolidation_mh_262k_no11,False,0.0,-0.6250001154839993,False
Run 2,agentmemorybench:fact-mh-262k:context-0/factconsolidation_mh_262k_no11,8,16,0.5,0.6666666666666666,-1.6875,0.15628183063283085,0.0,False,True,0.08838838979516696,Run 2::agentmemorybench:fact-mh-262k:context-0/factconsolidation_mh_262k_no11,False,0.0,0.5625000856816769,False
Run 2,agentmemorybench:fact-mh-262k:context-0/factconsolidation_mh_262k_no11,9,16,0.5625,0.6666666666666666,-2.312500014901161,0.09022425401196885,0.0,False,True,0.0883884424787276,Run 2::agentmemorybench:fact-mh-262k:context-0/factconsolidation_mh_262k_no11,False,0.0,-0.6250000149011612,False
Run 2,agentmemorybench:fact-mh-262k:context-0/factconsolidation_mh_262k_no11,10,16,0.625,0.6666666666666666,-3.3125000428408384,0.0352064312682469,0.0,False,True,0.0883882449153752,Run 2::agentmemorybench:fact-mh-262k:context-0/factconsolidation_mh_262k_no11,False,0.0,-1.0000000279396772,False
Run 2,agentmemorybench:fact-mh-262k:context-0/factconsolidation_mh_262k_no11,11,16,0.6875,0.6666666666666666,-3.2499999292194843,0.037586855680134604,0.0,False,True,0.17677668475992475,Run 2::agentmemorybench:fact-mh-262k:context-0/factconsolidation_mh_262k_no11,False,0.0,0.0625001136213541,False
Run 2,agentmemorybench:fact-mh-262k:context-0/factconsolidation_mh_262k_no11,12,16,0.75,0.6666666666666666,-2.812499973922968,0.05674499147068465,0.0,False,True,0.08838838979516696,Run 2::agentmemorybench:fact-mh-262k:context-0/factconsolidation_mh_262k_no11,False,0.0,0.4374999552965164,False
Run 2,agentmemorybench:fact-mh-262k:context-0/factconsolidation_mh_262k_no11,13,16,0.8125,0.6666666666666666,-3.1874999683350325,0.0397073089799619,0.0,False,True,0.08838843984454972,Run 2::agentmemorybench:fact-mh-262k:context-0/factconsolidation_mh_262k_no11,False,0.0,-0.37499999441206455,False
Run 2,agentmemorybench:fact-mh-262k:context-0/factconsolidation_mh_262k_no11,14,16,0.875,0.6666666666666666,-3.312500013038516,0.035206432390553,0.0,False,True,0.08838832394071615,Run 2::agentmemorybench:fact-mh-262k:context-0/factconsolidation_mh_262k_no11,False,0.0,-0.12500004470348358,False
Run 2,agentmemorybench:fact-mh-262k:context-0/factconsolidation_mh_262k_no11,15,16,0.9375,0.6666666666666666,-3.3124999683350325,0.03520643394550795,0.0,False,True,0.08838835028249648,Run 2::agentmemorybench:fact-mh-262k:context-0/factconsolidation_mh_262k_no11,False,0.0,4.470348358154297e-08,False
Run 2,agentmemorybench:fact-mh-262k:context-0/factconsolidation_mh_262k_no11,16,16,1.0,0.6666666666666666,-2.6250000670552254,0.0675466869162138,0.0,False,True,6.322027276634104e-08,Run 2::agentmemorybench:fact-mh-262k:context-0/factconsolidation_mh_262k_no11,False,0.0,0.6874999012798071,False
Run 2,agentmemorybench:fact-mh-262k:context-0/factconsolidation_mh_262k_no12,1,3,0.3333333333333333,0.0,-4.000000113621354,0.017986207955231,0.0,False,False,0.0,Run 2::agentmemorybench:fact-mh-262k:context-0/factconsolidation_mh_262k_no12,False,,,False
Run 2,agentmemorybench:fact-mh-262k:context-0/factconsolidation_mh_262k_no12,2,3,0.6666666666666666,0.0,2.499999903142452,0.924141813188682,1.0,False,False,0.0,Run 2::agentmemorybench:fact-mh-262k:context-0/factconsolidation_mh_262k_no12,True,0.0,6.500000016763806,False
Run 2,agentmemorybench:fact-mh-262k:context-0/factconsolidation_mh_262k_no12,3,3,1.0,0.5,7.500000035623088,0.9994472213827572,1.0,False,False,0.0,Run 2::agentmemorybench:fact-mh-262k:context-0/factconsolidation_mh_262k_no12,True,0.5,5.000000132480636,True
Run 2,agentmemorybench:fact-mh-262k:context-0/factconsolidation_mh_262k_no13,1,5,0.2,0.0,-3.375000022351742,0.0330859776736429,0.0,True,False,0.0,Run 2::agentmemorybench:fact-mh-262k:context-0/factconsolidation_mh_262k_no13,False,,,False
Run 2,agentmemorybench:fact-mh-262k:context-0/factconsolidation_mh_262k_no13,2,5,0.4,0.0,3.375000063329935,0.9669140236373024,1.0,True,False,0.0,Run 2::agentmemorybench:fact-mh-262k:context-0/factconsolidation_mh_262k_no13,True,0.0,6.750000085681677,False
Run 2,agentmemorybench:fact-mh-262k:context-0/factconsolidation_mh_262k_no13,3,5,0.6,0.5,2.624999910593033,0.9324533032291502,1.0,True,False,0.0,Run 2::agentmemorybench:fact-mh-262k:context-0/factconsolidation_mh_262k_no13,True,0.5,-0.7500001527369022,True
Run 2,agentmemorybench:fact-mh-262k:context-0/factconsolidation_mh_262k_no13,4,5,0.8,0.5,2.8750000335276127,0.946596671895044,1.0,True,False,0.0,Run 2::agentmemorybench:fact-mh-262k:context-0/factconsolidation_mh_262k_no13,True,0.0,0.25000012293457985,False
Run 2,agentmemorybench:fact-mh-262k:context-0/factconsolidation_mh_262k_no13,5,5,1.0,1.0,6.499999940977432,0.9984988176547924,1.0,True,False,0.0,Run 2::agentmemorybench:fact-mh-262k:context-0/factconsolidation_mh_262k_no13,True,0.5,3.624999907449819,True
Run 2,agentmemorybench:fact-mh-262k:context-0/factconsolidation_mh_262k_no14,1,6,0.1666666666666666,0.0,-3.8749999897554517,0.0203323535467193,0.0,True,False,3.556140343106684e-08,Run 2::agentmemorybench:fact-mh-262k:context-0/factconsolidation_mh_262k_no14,False,,,False
Run 2,agentmemorybench:fact-mh-262k:context-0/factconsolidation_mh_262k_no14,2,6,0.3333333333333333,0.0,3.625000072643161,0.9740426446388816,1.0,True,False,0.0,Run 2::agentmemorybench:fact-mh-262k:context-0/factconsolidation_mh_262k_no14,True,0.0,7.5000000623986125,False
Run 2,agentmemorybench:fact-mh-262k:context-0/factconsolidation_mh_262k_no14,3,6,0.5,0.5,7.374999958847184,0.9993736658161312,1.0,True,False,0.0,Run 2::agentmemorybench:fact-mh-262k:context-0/factconsolidation_mh_262k_no14,True,0.5,3.749999886204023,True
Run 2,agentmemorybench:fact-mh-262k:context-0/factconsolidation_mh_262k_no14,4,6,0.6666666666666666,0.5,4.874999922467396,0.9923648313561777,1.0,True,False,0.17677652374579256,Run 2::agentmemorybench:fact-mh-262k:context-0/factconsolidation_mh_262k_no14,True,0.0,-2.500000036379788,False
Run 2,agentmemorybench:fact-mh-262k:context-0/factconsolidation_mh_262k_no14,5,6,0.8333333333333334,0.5,5.249999838415533,0.9947798734673536,1.0,True,False,0.0,Run 2::agentmemorybench:fact-mh-262k:context-0/factconsolidation_mh_262k_no14,True,0.0,0.37499991594813764,False
Run 2,agentmemorybench:fact-mh-262k:context-0/factconsolidation_mh_262k_no14,6,6,1.0,1.0,8.875000249026925,0.9998601779591674,1.0,True,False,0.0,Run 2::agentmemorybench:fact-mh-262k:context-0/factconsolidation_mh_262k_no14,True,0.5,3.625000410611392,True
Run 2,agentmemorybench:fact-mh-262k:context-0/factconsolidation_mh_262k_no15,1,4,0.25,0.0,-4.2500001937150955,0.0140636243572229,0.0,True,False,0.0,Run 2::agentmemorybench:fact-mh-262k:context-0/factconsolidation_mh_262k_no15,False,,,False
Run 2,agentmemorybench:fact-mh-262k:context-0/factconsolidation_mh_262k_no15,2,4,0.5,0.0,2.7499999534338713,0.9399133471961122,1.0,True,False,6.058609473441017e-08,Run 2::agentmemorybench:fact-mh-262k:context-0/factconsolidation_mh_262k_no15,True,0.0,7.000000147148967,False
Run 2,agentmemorybench:fact-mh-262k:context-0/factconsolidation_mh_262k_no15,3,4,0.75,0.0,3.2499999590218067,0.962673111183377,1.0,True,False,0.0,Run 2::agentmemorybench:fact-mh-262k:context-0/factconsolidation_mh_262k_no15,True,0.0,0.5000000055879354,False
Run 2,agentmemorybench:fact-mh-262k:context-0/factconsolidation_mh_262k_no15,4,4,1.0,1.0,8.125000163709046,0.9997040429349234,1.0,True,False,0.0,Run 2::agentmemorybench:fact-mh-262k:context-0/factconsolidation_mh_262k_no15,True,1.0,4.87500020468724,True
Run 2,agentmemorybench:fact-mh-262k:context-0/factconsolidation_mh_262k_no16,1,6,0.1666666666666666,0.0,-4.874999864958227,0.0075772422833516,0.0,False,True,0.0,Run 2::agentmemorybench:fact-mh-262k:context-0/factconsolidation_mh_262k_no16,False,,,False
Run 2,agentmemorybench:fact-mh-262k:context-0/factconsolidation_mh_262k_no16,2,6,0.3333333333333333,0.0,-1.3749999925494194,0.201813223460553,0.0,False,True,5.268356063861754e-08,Run 2::agentmemorybench:fact-mh-262k:context-0/factconsolidation_mh_262k_no16,False,0.0,3.4999998724088073,False
Run 2,agentmemorybench:fact-mh-262k:context-0/factconsolidation_mh_262k_no16,3,6,0.5,0.5,1.5000000149011612,0.817574478416099,1.0,False,True,2.1073424255447017e-08,Run 2::agentmemorybench:fact-mh-262k:context-0/factconsolidation_mh_262k_no16,True,0.5,2.8750000074505806,True
Run 2,agentmemorybench:fact-mh-262k:context-0/factconsolidation_mh_262k_no16,4,6,0.6666666666666666,0.5,0.75,0.679178699175393,1.0,False,True,0.0,Run 2::agentmemorybench:fact-mh-262k:context-0/factconsolidation_mh_262k_no16,True,0.0,-0.7500000149011612,False
Run 2,agentmemorybench:fact-mh-262k:context-0/factconsolidation_mh_262k_no16,5,6,0.8333333333333334,0.5,1.8125,0.8594942811276334,1.0,False,True,0.08838828442804568,Run 2::agentmemorybench:fact-mh-262k:context-0/factconsolidation_mh_262k_no16,True,0.0,1.0625,False
Run 2,agentmemorybench:fact-mh-262k:context-0/factconsolidation_mh_262k_no16,6,6,1.0,0.75,4.875000094296411,0.9923648326419638,1.0,False,True,0.17677654811193935,Run 2::agentmemorybench:fact-mh-262k:context-0/factconsolidation_mh_262k_no16,True,0.25,3.0625000942964107,True
Run 2,agentmemorybench:fact-mh-262k:context-0/factconsolidation_mh_262k_no17,1,11,0.0909090909090909,0.0,-4.374999896623194,0.0124316521223537,0.0,False,True,0.0,Run 2::agentmemorybench:fact-mh-262k:context-0/factconsolidation_mh_262k_no17,False,,,False
Run 2,agentmemorybench:fact-mh-262k:context-0/factconsolidation_mh_262k_no17,2,11,0.1818181818181818,0.0,-3.874999955296517,0.0203323542331051,0.0,False,True,0.0,Run 2::agentmemorybench:fact-mh-262k:context-0/factconsolidation_mh_262k_no17,False,0.0,0.49999994132667736,False
Run 2,agentmemorybench:fact-mh-262k:context-0/factconsolidation_mh_262k_no17,3,11,0.2727272727272727,0.0,-7.375000112922862,0.0006263340874262,0.0,False,True,0.0,Run 2::agentmemorybench:fact-mh-262k:context-0/factconsolidation_mh_262k_no17,False,0.0,-3.5000001576263453,False
Run 2,agentmemorybench:fact-mh-262k:context-0/factconsolidation_mh_262k_no17,4,11,0.3636363636363636,0.0,-5.375000211875886,0.004609571207219,0.0,False,True,0.0,Run 2::agentmemorybench:fact-mh-262k:context-0/factconsolidation_mh_262k_no17,False,0.0,1.9999999010469764,False
Run 2,agentmemorybench:fact-mh-262k:context-0/factconsolidation_mh_262k_no17,5,11,0.4545454545454545,0.3333333333333333,-3.999999988824129,0.01798621015948765,0.0,False,True,2.634178031930877e-09,Run 2::agentmemorybench:fact-mh-262k:context-0/factconsolidation_mh_262k_no17,False,0.3333333333333333,1.3750002230517566,True
Run 2,agentmemorybench:fact-mh-262k:context-0/factconsolidation_mh_262k_no17,6,11,0.5454545454545454,0.3333333333333333,-4.125000039115548,0.0159063910995242,0.0,False,True,0.0,Run 2::agentmemorybench:fact-mh-262k:context-0/factconsolidation_mh_262k_no17,False,0.0,-0.12500005029141903,False
Run 2,agentmemorybench:fact-mh-262k:context-0/factconsolidation_mh_262k_no17,7,11,0.6363636363636364,0.3333333333333333,-6.687500051397365,0.0012472662717584,0.0,False,True,0.0883882501014132,Run 2::agentmemorybench:fact-mh-262k:context-0/factconsolidation_mh_262k_no17,False,0.0,-2.5625000122818165,False
Run 2,agentmemorybench:fact-mh-262k:context-0/factconsolidation_mh_262k_no17,8,11,0.7272727272727273,0.3333333333333333,-4.75000018812716,0.0085774838138952,0.0,False,True,0.0,Run 2::agentmemorybench:fact-mh-262k:context-0/factconsolidation_mh_262k_no17,False,0.0,1.9374998632702045,False
Run 2,agentmemorybench:fact-mh-262k:context-0/factconsolidation_mh_262k_no17,9,11,0.8181818181818182,0.3333333333333333,-6.374999874271452,0.0017007226249009,0.0,False,True,0.0,Run 2::agentmemorybench:fact-mh-262k:context-0/factconsolidation_mh_262k_no17,False,0.0,-1.6249996861442924,False
Run 2,agentmemorybench:fact-mh-262k:context-0/factconsolidation_mh_262k_no17,10,11,0.9090909090909092,0.3333333333333333,-5.500000016996637,0.004070137646998999,0.0,False,True,4.0500487240937236e-08,Run 2::agentmemorybench:fact-mh-262k:context-0/factconsolidation_mh_262k_no17,False,0.0,0.8749998572748154,False
Run 2,agentmemorybench:fact-mh-262k:context-0/factconsolidation_mh_262k_no17,11,11,1.0,0.3333333333333333,-8.500000379965059,0.0002034269007758,0.0,False,True,0.0,Run 2::agentmemorybench:fact-mh-262k:context-0/factconsolidation_mh_262k_no17,False,0.0,-3.0000003629684215,False
Run 2,agentmemorybench:fact-mh-262k:context-0/factconsolidation_mh_262k_no18,1,15,0.0666666666666666,0.0,-4.374999962281436,0.012431651316260551,0.0,False,True,4.80737490827385e-08,Run 2::agentmemorybench:fact-mh-262k:context-0/factconsolidation_mh_262k_no18,False,,,False
Run 2,agentmemorybench:fact-mh-262k:context-0/factconsolidation_mh_262k_no18,2,15,0.1333333333333333,0.0,1.7499999925494194,0.8519528010285746,1.0,False,True,3.161013638317052e-08,Run 2::agentmemorybench:fact-mh-262k:context-0/factconsolidation_mh_262k_no18,True,0.0,6.124999954830855,False
Run 2,agentmemorybench:fact-mh-262k:context-0/factconsolidation_mh_262k_no18,3,15,0.2,0.25,2.749999949708581,0.9399133469857218,1.0,False,True,3.9512670478963156e-08,Run 2::agentmemorybench:fact-mh-262k:context-0/factconsolidation_mh_262k_no18,True,0.25,0.9999999571591616,True
Run 2,agentmemorybench:fact-mh-262k:context-0/factconsolidation_mh_262k_no18,4,15,0.2666666666666666,0.25,-0.6250000298023224,0.3491809783175994,0.0,False,True,0.1767767374434854,Run 2::agentmemorybench:fact-mh-262k:context-0/factconsolidation_mh_262k_no18,False,0.0,-3.3749999795109034,False
Run 2,agentmemorybench:fact-mh-262k:context-0/factconsolidation_mh_262k_no18,5,15,0.3333333333333333,0.25,-1.4375,0.19211937312231403,0.0,False,True,0.0883883687217427,Run 2::agentmemorybench:fact-mh-262k:context-0/factconsolidation_mh_262k_no18,False,0.0,-0.8124999701976776,False
Run 2,agentmemorybench:fact-mh-262k:context-0/factconsolidation_mh_262k_no18,6,15,0.4,0.25,-2.8749999590218067,0.0534033318713298,0.0,False,True,0.0,Run 2::agentmemorybench:fact-mh-262k:context-0/factconsolidation_mh_262k_no18,False,0.0,-1.4374999590218067,False
Run 2,agentmemorybench:fact-mh-262k:context-0/factconsolidation_mh_262k_no18,7,15,0.4666666666666667,0.25,-3.125000026077032,0.042087726864288,0.0,False,True,0.0,Run 2::agentmemorybench:fact-mh-262k:context-0/factconsolidation_mh_262k_no18,False,0.0,-0.2500000670552254,False
Run 2,agentmemorybench:fact-mh-262k:context-0/factconsolidation_mh_262k_no18,8,15,0.5333333333333333,0.25,-2.8125000447034836,0.0567449876939841,0.0,False,True,0.08838839506352301,Run 2::agentmemorybench:fact-mh-262k:context-0/factconsolidation_mh_262k_no18,False,0.0,0.3124999813735485,False
Run 2,agentmemorybench:fact-mh-262k:context-0/factconsolidation_mh_262k_no18,9,15,0.6,0.25,-3.062500050291419,0.0447567984737612,0.0,False,True,0.08838839242934499,Run 2::agentmemorybench:fact-mh-262k:context-0/factconsolidation_mh_262k_no18,False,0.0,-0.25000000558793545,False
Run 2,agentmemorybench:fact-mh-262k:context-0/factconsolidation_mh_262k_no18,10,15,0.6666666666666666,0.25,-3.312499986961484,0.0352064332835358,0.0,False,True,0.08838832920907222,Run 2::agentmemorybench:fact-mh-262k:context-0/factconsolidation_mh_262k_no18,False,0.0,-0.24999993667006493,False
Run 2,agentmemorybench:fact-mh-262k:context-0/factconsolidation_mh_262k_no18,11,15,0.7333333333333333,0.5,-3.56249993853271,0.0276347956556159,0.0,False,True,0.08838837399009876,Run 2::agentmemorybench:fact-mh-262k:context-0/factconsolidation_mh_262k_no18,False,0.25,-0.24999995157122612,True
Run 2,agentmemorybench:fact-mh-262k:context-0/factconsolidation_mh_262k_no18,12,15,0.8,0.5,-3.3125000428408384,0.03520643148853975,0.0,False,True,0.08838840296605711,Run 2::agentmemorybench:fact-mh-262k:context-0/factconsolidation_mh_262k_no18,False,0.0,0.24999989569187164,False
Run 2,agentmemorybench:fact-mh-262k:context-0/factconsolidation_mh_262k_no18,13,15,0.8666666666666667,0.5,-3.625000035390258,0.0259573563030047,0.0,False,True,8.429369702178807e-08,Run 2::agentmemorybench:fact-mh-262k:context-0/factconsolidation_mh_262k_no18,False,0.0,-0.3124999925494194,False
Run 2,agentmemorybench:fact-mh-262k:context-0/factconsolidation_mh_262k_no18,14,15,0.9333333333333332,0.5,-3.6250000931322575,0.0259573548430807,0.0,False,True,2.3707602287377892e-08,Run 2::agentmemorybench:fact-mh-262k:context-0/factconsolidation_mh_262k_no18,False,0.0,-5.774199962615967e-08,False
Run 2,agentmemorybench:fact-mh-262k:context-0/factconsolidation_mh_262k_no18,15,15,1.0,0.5,-2.874999988824129,0.0537562617386864,0.0,False,True,0.17677656885609136,Run 2::agentmemorybench:fact-mh-262k:context-0/factconsolidation_mh_262k_no18,False,0.0,0.7500001043081284,False
Run 2,agentmemorybench:fact-mh-262k:context-0/factconsolidation_mh_262k_no19,1,19,0.0526315789473684,0.0,-4.250000073574483,0.0140636260230733,0.0,False,True,0.0,Run 2::agentmemorybench:fact-mh-262k:context-0/factconsolidation_mh_262k_no19,False,,,False
Run 2,agentmemorybench:fact-mh-262k:context-0/factconsolidation_mh_262k_no19,2,19,0.1052631578947368,0.0,1.4999999850988388,0.8175744739711883,1.0,False,True,4.2146848510894035e-08,Run 2::agentmemorybench:fact-mh-262k:context-0/factconsolidation_mh_262k_no19,True,0.0,5.750000058673322,False
Run 2,agentmemorybench:fact-mh-262k:context-0/factconsolidation_mh_262k_no19,3,19,0.1578947368421052,0.0,-2.625,0.0675466911396291,0.0,False,True,0.0,Run 2::agentmemorybench:fact-mh-262k:context-0/factconsolidation_mh_262k_no19,False,0.0,-4.124999985098839,False
Run 2,agentmemorybench:fact-mh-262k:context-0/factconsolidation_mh_262k_no19,4,19,0.2105263157894736,0.25,-0.125,0.4687906266262437,0.0,False,True,0.0,Run 2::agentmemorybench:fact-mh-262k:context-0/factconsolidation_mh_262k_no19,False,0.25,2.5,True
Run 2,agentmemorybench:fact-mh-262k:context-0/factconsolidation_mh_262k_no19,5,19,0.2631578947368421,0.25,-3.2499999180436134,0.0373268902891168,0.0,False,True,0.0,Run 2::agentmemorybench:fact-mh-262k:context-0/factconsolidation_mh_262k_no19,False,0.0,-3.1249999180436134,False
Run 2,agentmemorybench:fact-mh-262k:context-0/factconsolidation_mh_262k_no19,6,19,0.3157894736842105,0.25,-1.6249999850988388,0.1645164649447396,0.0,False,True,0.0,Run 2::agentmemorybench:fact-mh-262k:context-0/factconsolidation_mh_262k_no19,False,0.0,1.6249999329447746,False
Run 2,agentmemorybench:fact-mh-262k:context-0/factconsolidation_mh_262k_no19,7,19,0.3684210526315789,0.25,-0.25,0.4378234991142019,0.0,False,True,0.0,Run 2::agentmemorybench:fact-mh-262k:context-0/factconsolidation_mh_262k_no19,False,0.0,1.3749999850988388,False
Run 2,agentmemorybench:fact-mh-262k:context-0/factconsolidation_mh_262k_no19,8,19,0.4210526315789473,0.25,0.125,0.5312093733737563,1.0,False,True,0.0,Run 2::agentmemorybench:fact-mh-262k:context-0/factconsolidation_mh_262k_no19,True,0.0,0.375,False
Run 2,agentmemorybench:fact-mh-262k:context-0/factconsolidation_mh_262k_no19,9,19,0.4736842105263157,0.25,-0.9999999403953552,0.2689414330889798,0.0,False,True,0.0,Run 2::agentmemorybench:fact-mh-262k:context-0/factconsolidation_mh_262k_no19,False,0.0,-1.1249999403953552,False
Run 2,agentmemorybench:fact-mh-262k:context-0/factconsolidation_mh_262k_no19,10,19,0.5263157894736842,0.5,0.375,0.5926665999540697,1.0,False,True,0.0,Run 2::agentmemorybench:fact-mh-262k:context-0/factconsolidation_mh_262k_no19,True,0.25,1.3749999403953552,True
Run 2,agentmemorybench:fact-mh-262k:context-0/factconsolidation_mh_262k_no19,11,19,0.5789473684210527,0.5,-1.5000000149011612,0.182425521583901,0.0,False,True,0.0,Run 2::agentmemorybench:fact-mh-262k:context-0/factconsolidation_mh_262k_no19,False,0.0,-1.8750000149011612,False
Run 2,agentmemorybench:fact-mh-262k:context-0/factconsolidation_mh_262k_no19,12,19,0.631578947368421,0.5,-1.5625,0.1734709931771809,0.0,False,True,0.08838830550146994,Run 2::agentmemorybench:fact-mh-262k:context-0/factconsolidation_mh_262k_no19,False,0.0,-0.062499985098838806,False
Run 2,agentmemorybench:fact-mh-262k:context-0/factconsolidation_mh_262k_no19,13,19,0.6842105263157895,0.5,-2.5625,0.0717024353152114,0.0,False,True,0.08838824228119717,Run 2::agentmemorybench:fact-mh-262k:context-0/factconsolidation_mh_262k_no19,False,0.0,-1.0,False
Run 2,agentmemorybench:fact-mh-262k:context-0/factconsolidation_mh_262k_no19,14,19,0.7368421052631579,0.5,-1.4999999776482582,0.1824255271400393,0.0,False,True,1.0536712127723509e-08,Run 2::agentmemorybench:fact-mh-262k:context-0/factconsolidation_mh_262k_no19,False,0.0,1.0625000223517418,False
Run 2,agentmemorybench:fact-mh-262k:context-0/factconsolidation_mh_262k_no19,15,19,0.7894736842105263,0.75,-1.1249999850988388,0.24508501588935994,0.0,False,True,2.1073424255447017e-08,Run 2::agentmemorybench:fact-mh-262k:context-0/factconsolidation_mh_262k_no19,False,0.25,0.3749999925494194,True
Run 2,agentmemorybench:fact-mh-262k:context-0/factconsolidation_mh_262k_no19,16,19,0.8421052631578947,0.75,-1.1874999403953552,0.23389258665174156,0.0,False,True,0.08838834764831845,Run 2::agentmemorybench:fact-mh-262k:context-0/factconsolidation_mh_262k_no19,False,0.0,-0.06249995529651642,False
Run 2,agentmemorybench:fact-mh-262k:context-0/factconsolidation_mh_262k_no19,17,19,0.8947368421052632,0.75,-0.4375,0.3924370344220378,0.0,False,True,0.08838834764831845,Run 2::agentmemorybench:fact-mh-262k:context-0/factconsolidation_mh_262k_no19,False,0.0,0.7499999403953552,False
Run 2,agentmemorybench:fact-mh-262k:context-0/factconsolidation_mh_262k_no19,18,19,0.9473684210526316,0.75,-0.5,0.3775406687981454,0.0,False,True,0.0,Run 2::agentmemorybench:fact-mh-262k:context-0/factconsolidation_mh_262k_no19,False,0.0,-0.0625,False
Run 2,agentmemorybench:fact-mh-262k:context-0/factconsolidation_mh_262k_no19,19,19,1.0,0.75,-0.25,0.43806201333608696,0.0,False,True,0.1767766952966369,Run 2::agentmemorybench:fact-mh-262k:context-0/factconsolidation_mh_262k_no19,False,0.0,0.25,False
Run 2,agentmemorybench:fact-mh-262k:context-0/factconsolidation_mh_262k_no2,1,19,0.0526315789473684,0.0,-3.9999999050050974,0.0179862116399586,0.0,False,True,0.0,Run 2::agentmemorybench:fact-mh-262k:context-0/factconsolidation_mh_262k_no2,False,,,False
Run 2,agentmemorybench:fact-mh-262k:context-0/factconsolidation_mh_262k_no2,2,19,0.1052631578947368,0.0,-0.375,0.4073334000459302,0.0,False,True,0.0,Run 2::agentmemorybench:fact-mh-262k:context-0/factconsolidation_mh_262k_no2,False,0.0,3.6249999050050974,False
Run 2,agentmemorybench:fact-mh-262k:context-0/factconsolidation_mh_262k_no2,3,19,0.1578947368421052,0.25,2.187500022351742,0.8989799724382088,1.0,False,True,0.08838840033187909,Run 2::agentmemorybench:fact-mh-262k:context-0/factconsolidation_mh_262k_no2,True,0.25,2.562500022351742,True
Run 2,agentmemorybench:fact-mh-262k:context-0/factconsolidation_mh_262k_no2,4,19,0.2105263157894736,0.25,1.5625000521540642,0.8265290141657156,1.0,False,True,0.08838833711160632,Run 2::agentmemorybench:fact-mh-262k:context-0/factconsolidation_mh_262k_no2,True,0.0,-0.6249999701976776,False
Run 2,agentmemorybench:fact-mh-262k:context-0/factconsolidation_mh_262k_no2,5,19,0.2631578947368421,0.25,2.8749999180436134,0.9465966660571644,1.0,False,True,0.0,Run 2::agentmemorybench:fact-mh-262k:context-0/factconsolidation_mh_262k_no2,True,0.0,1.3124998658895493,False
Run 2,agentmemorybench:fact-mh-262k:context-0/factconsolidation_mh_262k_no2,6,19,0.3157894736842105,0.25,0.6874999850988388,0.6652667786738351,1.0,False,True,0.08838832657489419,Run 2::agentmemorybench:fact-mh-262k:context-0/factconsolidation_mh_262k_no2,True,0.0,-2.1874999329447746,False
Run 2,agentmemorybench:fact-mh-262k:context-0/factconsolidation_mh_262k_no2,7,19,0.3684210526315789,0.25,0.5000000149011612,0.6224593347036828,1.0,False,True,2.1073424255447017e-08,Run 2::agentmemorybench:fact-mh-262k:context-0/factconsolidation_mh_262k_no2,True,0.0,-0.1874999701976776,False
Run 2,agentmemorybench:fact-mh-262k:context-0/factconsolidation_mh_262k_no2,8,19,0.4210526315789473,0.25,-0.25,0.4378234991142019,0.0,False,True,0.0,Run 2::agentmemorybench:fact-mh-262k:context-0/factconsolidation_mh_262k_no2,False,0.0,-0.7500000149011612,False
Run 2,agentmemorybench:fact-mh-262k:context-0/factconsolidation_mh_262k_no2,9,19,0.4736842105263157,0.25,-1.0,0.2689414213699951,0.0,False,True,0.0,Run 2::agentmemorybench:fact-mh-262k:context-0/factconsolidation_mh_262k_no2,False,0.0,-0.75,False
Run 2,agentmemorybench:fact-mh-262k:context-0/factconsolidation_mh_262k_no2,10,19,0.5263157894736842,0.25,-1.7500000596046448,0.1480471905138019,0.0,False,True,0.0,Run 2::agentmemorybench:fact-mh-262k:context-0/factconsolidation_mh_262k_no2,False,0.0,-0.7500000596046448,False
Run 2,agentmemorybench:fact-mh-262k:context-0/factconsolidation_mh_262k_no2,11,19,0.5789473684210527,0.25,-2.250000096857548,0.0953494565443768,0.0,False,True,0.0,Run 2::agentmemorybench:fact-mh-262k:context-0/factconsolidation_mh_262k_no2,False,0.0,-0.5000000372529034,False
Run 2,agentmemorybench:fact-mh-262k:context-0/factconsolidation_mh_262k_no2,12,19,0.631578947368421,0.25,-4.250000095926225,0.0140636257131477,0.0,False,True,0.0,Run 2::agentmemorybench:fact-mh-262k:context-0/factconsolidation_mh_262k_no2,False,0.0,-1.999999999068677,False
Run 2,agentmemorybench:fact-mh-262k:context-0/factconsolidation_mh_262k_no2,13,19,0.6842105263157895,0.25,-0.25,0.4378234991142019,0.0,False,True,0.0,Run 2::agentmemorybench:fact-mh-262k:context-0/factconsolidation_mh_262k_no2,False,0.0,4.000000095926225,False
Run 2,agentmemorybench:fact-mh-262k:context-0/factconsolidation_mh_262k_no2,14,19,0.7368421052631579,0.25,0.375,0.5926665999540697,1.0,False,True,0.0,Run 2::agentmemorybench:fact-mh-262k:context-0/factconsolidation_mh_262k_no2,True,0.0,0.625,False
Run 2,agentmemorybench:fact-mh-262k:context-0/factconsolidation_mh_262k_no2,15,19,0.7894736842105263,0.25,-0.25,0.4378234991142019,0.0,False,True,0.0,Run 2::agentmemorybench:fact-mh-262k:context-0/factconsolidation_mh_262k_no2,False,0.0,-0.625,False
Run 2,agentmemorybench:fact-mh-262k:context-0/factconsolidation_mh_262k_no2,16,19,0.8421052631578947,0.5,1.0625,0.7429867829215744,1.0,False,True,0.08838830550146994,Run 2::agentmemorybench:fact-mh-262k:context-0/factconsolidation_mh_262k_no2,True,0.25,1.3125,True
Run 2,agentmemorybench:fact-mh-262k:context-0/factconsolidation_mh_262k_no2,17,19,0.8947368421052632,0.5,0.75,0.679178699175393,1.0,False,True,0.0,Run 2::agentmemorybench:fact-mh-262k:context-0/factconsolidation_mh_262k_no2,True,0.0,-0.3125,False
Run 2,agentmemorybench:fact-mh-262k:context-0/factconsolidation_mh_262k_no2,18,19,0.9473684210526316,0.5,0.0,0.5,0.0,False,True,0.0,Run 2::agentmemorybench:fact-mh-262k:context-0/factconsolidation_mh_262k_no2,False,0.0,-0.75,False
Run 2,agentmemorybench:fact-mh-262k:context-0/factconsolidation_mh_262k_no2,19,19,1.0,0.5,-2.750000074505806,0.0600866459661996,0.0,False,True,2.1073424255447017e-08,Run 2::agentmemorybench:fact-mh-262k:context-0/factconsolidation_mh_262k_no2,False,0.0,-2.750000074505806,False
Run 2,agentmemorybench:fact-mh-262k:context-0/factconsolidation_mh_262k_no20,1,15,0.0666666666666666,0.0,-4.124999927356839,0.0159063928489256,0.0,False,True,0.0,Run 2::agentmemorybench:fact-mh-262k:context-0/factconsolidation_mh_262k_no20,False,,,False
Run 2,agentmemorybench:fact-mh-262k:context-0/factconsolidation_mh_262k_no20,2,15,0.1333333333333333,0.0,1.5000000149011612,0.817574478416099,1.0,False,True,0.0,Run 2::agentmemorybench:fact-mh-262k:context-0/factconsolidation_mh_262k_no20,True,0.0,5.624999942258,False
Run 2,agentmemorybench:fact-mh-262k:context-0/factconsolidation_mh_262k_no20,3,15,0.2,0.3333333333333333,0.6874999850988388,0.6652667786738351,1.0,False,True,0.08838832657489419,Run 2::agentmemorybench:fact-mh-262k:context-0/factconsolidation_mh_262k_no20,True,0.3333333333333333,-0.8125000298023224,True
Run 2,agentmemorybench:fact-mh-262k:context-0/factconsolidation_mh_262k_no20,4,15,0.2666666666666666,0.3333333333333333,-2.687499977648258,0.0638166719191608,0.0,False,True,0.08838831603818206,Run 2::agentmemorybench:fact-mh-262k:context-0/factconsolidation_mh_262k_no20,False,0.0,-3.374999962747097,False
Run 2,agentmemorybench:fact-mh-262k:context-0/factconsolidation_mh_262k_no20,5,15,0.3333333333333333,0.3333333333333333,-2.7499999925494194,0.0600866505947884,0.0,False,True,0.0,Run 2::agentmemorybench:fact-mh-262k:context-0/factconsolidation_mh_262k_no20,False,0.0,-0.0625000149011612,False
Run 2,agentmemorybench:fact-mh-262k:context-0/factconsolidation_mh_262k_no20,6,15,0.4,0.3333333333333333,0.6875,0.6652667817836819,1.0,False,True,0.08838838979516696,Run 2::agentmemorybench:fact-mh-262k:context-0/factconsolidation_mh_262k_no20,True,0.0,3.4374999925494194,False
Run 2,agentmemorybench:fact-mh-262k:context-0/factconsolidation_mh_262k_no20,7,15,0.4666666666666667,0.3333333333333333,1.8749998807907104,0.8670357460591569,1.0,False,True,0.0,Run 2::agentmemorybench:fact-mh-262k:context-0/factconsolidation_mh_262k_no20,True,0.0,1.1874998807907104,False
Run 2,agentmemorybench:fact-mh-262k:context-0/factconsolidation_mh_262k_no20,8,15,0.5333333333333333,0.3333333333333333,5.1249999911524355,0.9940889310917668,1.0,False,True,0.0,Run 2::agentmemorybench:fact-mh-262k:context-0/factconsolidation_mh_262k_no20,True,0.0,3.250000110361725,False
Run 2,agentmemorybench:fact-mh-262k:context-0/factconsolidation_mh_262k_no20,9,15,0.6,0.3333333333333333,3.749999932013452,0.9770226285637165,1.0,False,True,3.556140343106684e-08,Run 2::agentmemorybench:fact-mh-262k:context-0/factconsolidation_mh_262k_no20,True,0.0,-1.3750000591389835,False
Run 2,agentmemorybench:fact-mh-262k:context-0/factconsolidation_mh_262k_no20,10,15,0.6666666666666666,0.6666666666666666,2.375000037252903,0.9149009578933862,1.0,False,True,1.0536712127723508e-07,Run 2::agentmemorybench:fact-mh-262k:context-0/factconsolidation_mh_262k_no20,True,0.3333333333333333,-1.374999894760549,True
Run 2,agentmemorybench:fact-mh-262k:context-0/factconsolidation_mh_262k_no20,11,15,0.7333333333333333,0.6666666666666666,2.1249999962747097,0.8933094056993,1.0,False,True,4.7415204574755785e-08,Run 2::agentmemorybench:fact-mh-262k:context-0/factconsolidation_mh_262k_no20,True,0.0,-0.2500000409781933,False
Run 2,agentmemorybench:fact-mh-262k:context-0/factconsolidation_mh_262k_no20,12,15,0.8,1.0,3.124999949708581,0.9579122700568146,1.0,False,True,2.370760275840563e-08,Run 2::agentmemorybench:fact-mh-262k:context-0/factconsolidation_mh_262k_no20,True,0.33333333333333337,0.9999999534338713,True
Run 2,agentmemorybench:fact-mh-262k:context-0/factconsolidation_mh_262k_no20,13,15,0.8666666666666667,1.0,3.1250000558793545,0.9579122743372328,1.0,False,True,8.429369702178807e-08,Run 2::agentmemorybench:fact-mh-262k:context-0/factconsolidation_mh_262k_no20,True,0.0,1.0617077350616455e-07,False
Run 2,agentmemorybench:fact-mh-262k:context-0/factconsolidation_mh_262k_no20,14,15,0.9333333333333332,1.0,1.7499999776482582,0.8519527991491027,1.0,False,True,1.0536712127723509e-08,Run 2::agentmemorybench:fact-mh-262k:context-0/factconsolidation_mh_262k_no20,True,0.0,-1.3750000782310963,False
Run 2,agentmemorybench:fact-mh-262k:context-0/factconsolidation_mh_262k_no20,15,15,1.0,1.0,-0.6249999850988388,0.34918098805826464,0.0,False,True,0.17677667422321264,Run 2::agentmemorybench:fact-mh-262k:context-0/factconsolidation_mh_262k_no20,False,0.0,-2.374999962747097,False
Run 2,agentmemorybench:fact-mh-262k:context-0/factconsolidation_mh_262k_no21,1,8,0.125,0.0,-4.375000074505806,0.0124316499384702,0.0,True,False,0.0,Run 2::agentmemorybench:fact-mh-262k:context-0/factconsolidation_mh_262k_no21,False,,,False
Run 2,agentmemorybench:fact-mh-262k:context-0/factconsolidation_mh_262k_no21,2,8,0.25,0.0,2.8749999180436134,0.9465966660571644,1.0,True,False,0.0,Run 2::agentmemorybench:fact-mh-262k:context-0/factconsolidation_mh_262k_no21,True,0.0,7.249999992549419,False
Run 2,agentmemorybench:fact-mh-262k:context-0/factconsolidation_mh_262k_no21,3,8,0.375,1.0,6.625000049592927,0.9986749776484114,1.0,True,False,0.0,Run 2::agentmemorybench:fact-mh-262k:context-0/factconsolidation_mh_262k_no21,True,1.0,3.7500001315493137,True
Run 2,agentmemorybench:fact-mh-262k:context-0/factconsolidation_mh_262k_no21,4,8,0.5,1.0,2.125000074505806,0.8933094131553263,1.0,True,False,3.161013654017977e-08,Run 2::agentmemorybench:fact-mh-262k:context-0/factconsolidation_mh_262k_no21,True,0.0,-4.499999975087121,False
Run 2,agentmemorybench:fact-mh-262k:context-0/factconsolidation_mh_262k_no21,5,8,0.625,1.0,3.624999882653355,0.9740426398352604,1.0,True,False,0.0,Run 2::agentmemorybench:fact-mh-262k:context-0/factconsolidation_mh_262k_no21,True,0.0,1.4999998081475492,False
Run 2,agentmemorybench:fact-mh-262k:context-0/factconsolidation_mh_262k_no21,6,8,0.75,1.0,6.99999994027894,0.99908894875124,1.0,True,False,0.0,Run 2::agentmemorybench:fact-mh-262k:context-0/factconsolidation_mh_262k_no21,True,0.0,3.3750000576255847,False
Run 2,agentmemorybench:fact-mh-262k:context-0/factconsolidation_mh_262k_no21,7,8,0.875,1.0,5.062499940395355,0.993698039758233,1.0,True,False,0.08838826796443297,Run 2::agentmemorybench:fact-mh-262k:context-0/factconsolidation_mh_262k_no21,True,0.0,-1.9374999998835847,False
Run 2,agentmemorybench:fact-mh-262k:context-0/factconsolidation_mh_262k_no21,8,8,1.0,1.0,4.4999999878928065,0.9889299363886288,1.0,True,False,0.17677649509910645,Run 2::agentmemorybench:fact-mh-262k:context-0/factconsolidation_mh_262k_no21,True,0.0,-0.5624999525025487,False
Run 2,agentmemorybench:fact-mh-262k:context-0/factconsolidation_mh_262k_no22,1,3,0.3333333333333333,0.0,-4.624999992549419,0.009782214339621051,0.0,False,False,0.17677698900748742,Run 2::agentmemorybench:fact-mh-262k:context-0/factconsolidation_mh_262k_no22,False,,,False
Run 2,agentmemorybench:fact-mh-262k:context-0/factconsolidation_mh_262k_no22,2,3,0.6666666666666666,0.0,2.000000089406967,0.8807970873650403,1.0,False,False,0.0,Run 2::agentmemorybench:fact-mh-262k:context-0/factconsolidation_mh_262k_no22,True,0.0,6.625000081956387,False
Run 2,agentmemorybench:fact-mh-262k:context-0/factconsolidation_mh_262k_no22,3,3,1.0,0.3333333333333333,4.937499874504283,0.9928649530369456,1.0,False,False,0.08838827619623932,Run 2::agentmemorybench:fact-mh-262k:context-0/factconsolidation_mh_262k_no22,True,0.3333333333333333,2.937499785097316,True
Run 2,agentmemorybench:fact-mh-262k:context-0/factconsolidation_mh_262k_no23,1,5,0.2,0.0,-4.374999818392098,0.0124316530828052,0.0,True,False,0.0,Run 2::agentmemorybench:fact-mh-262k:context-0/factconsolidation_mh_262k_no23,False,,,False
Run 2,agentmemorybench:fact-mh-262k:context-0/factconsolidation_mh_262k_no23,2,5,0.4,0.0,1.4999999552965164,0.8175744695262777,1.0,True,False,0.0,Run 2::agentmemorybench:fact-mh-262k:context-0/factconsolidation_mh_262k_no23,True,0.0,5.874999773688614,False
Run 2,agentmemorybench:fact-mh-262k:context-0/factconsolidation_mh_262k_no23,3,5,0.6,0.5,3.0625000298023224,0.955243200645875,1.0,True,False,0.08838839506352301,Run 2::agentmemorybench:fact-mh-262k:context-0/factconsolidation_mh_262k_no23,True,0.5,1.562500074505806,True
Run 2,agentmemorybench:fact-mh-262k:context-0/factconsolidation_mh_262k_no23,4,5,0.8,0.5,3.062500001862645,0.9552431996552446,1.0,True,False,0.08838827652551158,Run 2::agentmemorybench:fact-mh-262k:context-0/factconsolidation_mh_262k_no23,True,0.0,-2.7939677238464355e-08,False
Run 2,agentmemorybench:fact-mh-262k:context-0/factconsolidation_mh_262k_no23,5,5,1.0,1.0,7.062500073661795,0.999142431491026,1.0,True,False,0.08838853504538999,Run 2::agentmemorybench:fact-mh-262k:context-0/factconsolidation_mh_262k_no23,True,0.5,4.00000007179915,True
Run 2,agentmemorybench:fact-mh-262k:context-0/factconsolidation_mh_262k_no24,1,5,0.2,0.0,-3.1249999590218067,0.0420877295677101,0.0,True,False,0.0,Run 2::agentmemorybench:fact-mh-262k:context-0/factconsolidation_mh_262k_no24,False,,,False
Run 2,agentmemorybench:fact-mh-262k:context-0/factconsolidation_mh_262k_no24,2,5,0.4,0.0,3.500000085681677,0.9706877716865464,1.0,True,False,0.0,Run 2::agentmemorybench:fact-mh-262k:context-0/factconsolidation_mh_262k_no24,True,0.0,6.625000044703484,False
Run 2,agentmemorybench:fact-mh-262k:context-0/factconsolidation_mh_262k_no24,3,5,0.6,0.5,7.062500014726538,0.9991424314500801,1.0,True,False,0.08838828204082183,Run 2::agentmemorybench:fact-mh-262k:context-0/factconsolidation_mh_262k_no24,True,0.5,3.5624999290448613,True
Run 2,agentmemorybench:fact-mh-262k:context-0/factconsolidation_mh_262k_no24,4,5,0.8,0.5,4.374999820254743,0.9875683469400628,1.0,True,False,0.0,Run 2::agentmemorybench:fact-mh-262k:context-0/factconsolidation_mh_262k_no24,True,0.0,-2.687500194471795,False
Run 2,agentmemorybench:fact-mh-262k:context-0/factconsolidation_mh_262k_no24,5,5,1.0,1.0,5.750000062980689,0.9968273173566986,1.0,True,False,1.6908130242456316e-07,Run 2::agentmemorybench:fact-mh-262k:context-0/factconsolidation_mh_262k_no24,True,0.5,1.375000242725946,True
Run 2,agentmemorybench:fact-mh-262k:context-0/factconsolidation_mh_262k_no25,1,6,0.1666666666666666,0.0,-3.7500000800937414,0.0229773681119684,0.0,False,True,0.0,Run 2::agentmemorybench:fact-mh-262k:context-0/factconsolidation_mh_262k_no25,False,,,False
Run 2,agentmemorybench:fact-mh-262k:context-0/factconsolidation_mh_262k_no25,2,6,0.3333333333333333,0.0,-1.125,0.2450850131323717,0.0,False,True,0.0,Run 2::agentmemorybench:fact-mh-262k:context-0/factconsolidation_mh_262k_no25,False,0.0,2.6250000800937414,False
Run 2,agentmemorybench:fact-mh-262k:context-0/factconsolidation_mh_262k_no25,3,6,0.5,0.25,1.3750000596046448,0.7981867873410141,1.0,False,True,0.0,Run 2::agentmemorybench:fact-mh-262k:context-0/factconsolidation_mh_262k_no25,True,0.25,2.5000000596046448,True
Run 2,agentmemorybench:fact-mh-262k:context-0/factconsolidation_mh_262k_no25,4,6,0.6666666666666666,0.25,-0.25,0.4378234991142019,0.0,False,True,0.0,Run 2::agentmemorybench:fact-mh-262k:context-0/factconsolidation_mh_262k_no25,False,0.0,-1.6250000596046448,False
Run 2,agentmemorybench:fact-mh-262k:context-0/factconsolidation_mh_262k_no25,5,6,0.8333333333333334,0.25,2.4375,0.9195213874281002,1.0,False,True,0.0883883687217427,Run 2::agentmemorybench:fact-mh-262k:context-0/factconsolidation_mh_262k_no25,True,0.0,2.6875,False
Run 2,agentmemorybench:fact-mh-262k:context-0/factconsolidation_mh_262k_no25,6,6,1.0,0.25,6.375000143889338,0.9982992778328644,1.0,False,True,0.0,Run 2::agentmemorybench:fact-mh-262k:context-0/factconsolidation_mh_262k_no25,True,0.0,3.937500143889338,False
Run 2,agentmemorybench:fact-mh-262k:context-0/factconsolidation_mh_262k_no26,1,3,0.3333333333333333,0.0,-4.500000196509063,0.0109869404952807,0.0,True,False,0.0,Run 2::agentmemorybench:fact-mh-262k:context-0/factconsolidation_mh_262k_no26,False,,,False
Run 2,agentmemorybench:fact-mh-262k:context-0/factconsolidation_mh_262k_no26,2,3,0.6666666666666666,0.0,1.6250000447034836,0.8354835432479661,1.0,True,False,0.0,Run 2::agentmemorybench:fact-mh-262k:context-0/factconsolidation_mh_262k_no26,True,0.0,6.125000241212547,False
Run 2,agentmemorybench:fact-mh-262k:context-0/factconsolidation_mh_262k_no26,3,3,1.0,1.0,6.999999884195859,0.9990889487001919,1.0,True,False,8.425253799003914e-08,Run 2::agentmemorybench:fact-mh-262k:context-0/factconsolidation_mh_262k_no26,True,1.0,5.374999839492375,True
Run 2,agentmemorybench:fact-mh-262k:context-0/factconsolidation_mh_262k_no27,1,6,0.1666666666666666,0.0,-4.499999849125743,0.0109869442700276,0.0,False,True,0.0,Run 2::agentmemorybench:fact-mh-262k:context-0/factconsolidation_mh_262k_no27,False,,,False
Run 2,agentmemorybench:fact-mh-262k:context-0/factconsolidation_mh_262k_no27,2,6,0.3333333333333333,0.0,-1.8124999925494194,0.14050571989290012,0.0,False,True,0.08838831603818206,Run 2::agentmemorybench:fact-mh-262k:context-0/factconsolidation_mh_262k_no27,False,0.0,2.6874998565763235,False
Run 2,agentmemorybench:fact-mh-262k:context-0/factconsolidation_mh_262k_no27,3,6,0.5,0.0,0.5,0.6224593312018546,1.0,False,True,0.0,Run 2::agentmemorybench:fact-mh-262k:context-0/factconsolidation_mh_262k_no27,True,0.0,2.3124999925494194,False
Run 2,agentmemorybench:fact-mh-262k:context-0/factconsolidation_mh_262k_no27,4,6,0.6666666666666666,0.0,0.625,0.6513548646660542,1.0,False,True,0.0,Run 2::agentmemorybench:fact-mh-262k:context-0/factconsolidation_mh_262k_no27,True,0.0,0.125,False
Run 2,agentmemorybench:fact-mh-262k:context-0/factconsolidation_mh_262k_no27,5,6,0.8333333333333334,0.0,1.1875000149011612,0.766107426600622,1.0,False,True,0.0883883687217427,Run 2::agentmemorybench:fact-mh-262k:context-0/factconsolidation_mh_262k_no27,True,0.0,0.5625000149011612,False
Run 2,agentmemorybench:fact-mh-262k:context-0/factconsolidation_mh_262k_no27,6,6,1.0,0.5,7.125000206578989,0.9991959142303444,1.0,False,True,0.0,Run 2::agentmemorybench:fact-mh-262k:context-0/factconsolidation_mh_262k_no27,True,0.5,5.937500191677827,True
Run 2,agentmemorybench:fact-mh-262k:context-0/factconsolidation_mh_262k_no28,1,5,0.2,0.0,-3.625000074505806,0.0259573553140239,0.0,True,False,0.0,Run 2::agentmemorybench:fact-mh-262k:context-0/factconsolidation_mh_262k_no28,False,,,False
Run 2,agentmemorybench:fact-mh-262k:context-0/factconsolidation_mh_262k_no28,2,5,0.4,0.0,3.1250000409781933,0.9579122737364724,1.0,True,False,0.0,Run 2::agentmemorybench:fact-mh-262k:context-0/factconsolidation_mh_262k_no28,True,0.0,6.750000115483999,False
Run 2,agentmemorybench:fact-mh-262k:context-0/factconsolidation_mh_262k_no28,3,5,0.6,0.5,0.6874999850988388,0.6652667786738351,1.0,True,False,0.08838832657489419,Run 2::agentmemorybench:fact-mh-262k:context-0/factconsolidation_mh_262k_no28,True,0.5,-2.4375000558793545,True
Run 2,agentmemorybench:fact-mh-262k:context-0/factconsolidation_mh_262k_no28,4,5,0.8,0.5,3.2500000167638063,0.9626731132582544,1.0,True,False,1.843924622351614e-08,Run 2::agentmemorybench:fact-mh-262k:context-0/factconsolidation_mh_262k_no28,True,0.0,2.5625000316649675,False
Run 2,agentmemorybench:fact-mh-262k:context-0/factconsolidation_mh_262k_no28,5,5,1.0,1.0,5.999999916530214,0.9975273766374861,1.0,True,False,8.412906089479239e-08,Run 2::agentmemorybench:fact-mh-262k:context-0/factconsolidation_mh_262k_no28,True,0.5,2.749999899766408,True
Run 2,agentmemorybench:fact-mh-262k:context-0/factconsolidation_mh_262k_no29,1,5,0.2,0.0,-4.374999913387001,0.0124316519165427,0.0,True,False,0.0,Run 2::agentmemorybench:fact-mh-262k:context-0/factconsolidation_mh_262k_no29,False,,,False
Run 2,agentmemorybench:fact-mh-262k:context-0/factconsolidation_mh_262k_no29,2,5,0.4,0.0,1.25,0.7772998611746911,1.0,True,False,0.0,Run 2::agentmemorybench:fact-mh-262k:context-0/factconsolidation_mh_262k_no29,True,0.0,5.624999913387001,False
Run 2,agentmemorybench:fact-mh-262k:context-0/factconsolidation_mh_262k_no29,3,5,0.6,0.5,3.750000067055226,0.9770226315953248,1.0,True,False,0.0,Run 2::agentmemorybench:fact-mh-262k:context-0/factconsolidation_mh_262k_no29,True,0.5,2.500000067055226,True
Run 2,agentmemorybench:fact-mh-262k:context-0/factconsolidation_mh_262k_no29,4,5,0.8,0.5,3.8125000316649675,0.9783451391080844,1.0,True,False,0.08838827652551173,Run 2::agentmemorybench:fact-mh-262k:context-0/factconsolidation_mh_262k_no29,True,0.0,0.06249996460974172,False
Run 2,agentmemorybench:fact-mh-262k:context-0/factconsolidation_mh_262k_no29,5,5,1.0,1.0,7.499999796040356,0.9994472212503942,1.0,True,False,0.0,Run 2::agentmemorybench:fact-mh-262k:context-0/factconsolidation_mh_262k_no29,True,0.5,3.6874997643753886,True
Run 2,agentmemorybench:fact-mh-262k:context-0/factconsolidation_mh_262k_no3,1,3,0.3333333333333333,0.0,-4.437500113621354,0.011709295464549449,0.0,False,False,0.08838842272239235,Run 2::agentmemorybench:fact-mh-262k:context-0/factconsolidation_mh_262k_no3,False,,,False
Run 2,agentmemorybench:fact-mh-262k:context-0/factconsolidation_mh_262k_no3,2,3,0.6666666666666666,0.0,2.7499999813735485,0.9399133487740403,1.0,False,False,1.0536712127723509e-08,Run 2::agentmemorybench:fact-mh-262k:context-0/factconsolidation_mh_262k_no3,True,0.0,7.187500094994903,False
Run 2,agentmemorybench:fact-mh-262k:context-0/factconsolidation_mh_262k_no3,3,3,1.0,0.5,6.312499936262611,0.9981580505662269,1.0,False,False,0.2651648994645706,Run 2::agentmemorybench:fact-mh-262k:context-0/factconsolidation_mh_262k_no3,True,0.5,3.562499954889063,True
Run 2,agentmemorybench:fact-mh-262k:context-0/factconsolidation_mh_262k_no30,1,5,0.2,0.0,-3.874999994412065,0.0203323534539645,0.0,True,False,0.0,Run 2::agentmemorybench:fact-mh-262k:context-0/factconsolidation_mh_262k_no30,False,,,False
Run 2,agentmemorybench:fact-mh-262k:context-0/factconsolidation_mh_262k_no30,2,5,0.4,0.0,2.250000037252903,0.9046505383142491,1.0,True,False,7.375698489406456e-08,Run 2::agentmemorybench:fact-mh-262k:context-0/factconsolidation_mh_262k_no30,True,0.0,6.1250000316649675,False
Run 2,agentmemorybench:fact-mh-262k:context-0/factconsolidation_mh_262k_no30,3,5,0.6,1.0,8.062499816020136,0.9996794125252708,1.0,True,False,0.26516501538898357,Run 2::agentmemorybench:fact-mh-262k:context-0/factconsolidation_mh_262k_no30,True,1.0,5.812499778767233,True
Run 2,agentmemorybench:fact-mh-262k:context-0/factconsolidation_mh_262k_no30,4,5,0.8,1.0,7.499999980762368,0.999442904347432,1.0,True,False,0.17677672414911813,Run 2::agentmemorybench:fact-mh-262k:context-0/factconsolidation_mh_262k_no30,True,0.0,-0.5624998352577677,False
Run 2,agentmemorybench:fact-mh-262k:context-0/factconsolidation_mh_262k_no30,5,5,1.0,1.0,8.93749989054777,0.9998663334149887,1.0,True,False,0.2651653752526879,Run 2::agentmemorybench:fact-mh-262k:context-0/factconsolidation_mh_262k_no30,True,0.0,1.4374999097854015,False
Run 2,agentmemorybench:fact-mh-262k:context-0/factconsolidation_mh_262k_no31,1,3,0.3333333333333333,0.0,-4.624999821186066,0.009708478200631,0.0,False,False,0.0,Run 2::agentmemorybench:fact-mh-262k:context-0/factconsolidation_mh_262k_no31,False,,,False
Run 2,agentmemorybench:fact-mh-262k:context-0/factconsolidation_mh_262k_no31,2,3,0.6666666666666666,0.0,2.749999962747097,0.9399133477220882,1.0,False,False,0.0,Run 2::agentmemorybench:fact-mh-262k:context-0/factconsolidation_mh_262k_no31,True,0.0,7.374999783933163,False
Run 2,agentmemorybench:fact-mh-262k:context-0/factconsolidation_mh_262k_no31,3,3,1.0,0.5,6.874999899853719,0.9989597191606505,1.0,False,False,0.17677675617084485,Run 2::agentmemorybench:fact-mh-262k:context-0/factconsolidation_mh_262k_no31,True,0.5,4.124999937106622,True
Run 2,agentmemorybench:fact-mh-262k:context-0/factconsolidation_mh_262k_no32,1,12,0.0833333333333333,0.0,-3.8749999441206455,0.0203323544557167,0.0,True,False,0.0,Run 2::agentmemorybench:fact-mh-262k:context-0/factconsolidation_mh_262k_no32,False,,,False
Run 2,agentmemorybench:fact-mh-262k:context-0/factconsolidation_mh_262k_no32,2,12,0.1666666666666666,0.0,-4.499999877996743,0.01098694395630865,0.0,True,False,4.2146848510894035e-08,Run 2::agentmemorybench:fact-mh-262k:context-0/factconsolidation_mh_262k_no32,False,0.0,-0.6249999338760972,False
Run 2,agentmemorybench:fact-mh-262k:context-0/factconsolidation_mh_262k_no32,3,12,0.25,0.0,-5.750000154832378,0.0031726823528097,0.0,True,False,0.0,Run 2::agentmemorybench:fact-mh-262k:context-0/factconsolidation_mh_262k_no32,False,0.0,-1.2500002768356353,False
Run 2,agentmemorybench:fact-mh-262k:context-0/factconsolidation_mh_262k_no32,4,12,0.3333333333333333,0.0,-1.9999999403953552,0.119202928280223,0.0,True,False,0.0,Run 2::agentmemorybench:fact-mh-262k:context-0/factconsolidation_mh_262k_no32,False,0.0,3.750000214437023,False
Run 2,agentmemorybench:fact-mh-262k:context-0/factconsolidation_mh_262k_no32,5,12,0.4166666666666667,0.0,-2.0625000968575478,0.1129467483196212,0.0,True,False,0.08838835818503057,Run 2::agentmemorybench:fact-mh-262k:context-0/factconsolidation_mh_262k_no32,False,0.0,-0.06250015646219254,False
Run 2,agentmemorybench:fact-mh-262k:context-0/factconsolidation_mh_262k_no32,6,12,0.5,0.0,0.9374999850988388,0.7184217999747267,1.0,True,False,0.08838841086859121,Run 2::agentmemorybench:fact-mh-262k:context-0/factconsolidation_mh_262k_no32,True,0.0,3.0000000819563866,False
Run 2,agentmemorybench:fact-mh-262k:context-0/factconsolidation_mh_262k_no32,7,12,0.5833333333333334,0.0,-4.2500001434236765,0.0140636250545556,0.0,True,False,0.0,Run 2::agentmemorybench:fact-mh-262k:context-0/factconsolidation_mh_262k_no32,False,0.0,-5.187500128522515,False
Run 2,agentmemorybench:fact-mh-262k:context-0/factconsolidation_mh_262k_no32,8,12,0.6666666666666666,0.0,1.3750000447034836,0.7981867849406659,1.0,True,False,0.0,Run 2::agentmemorybench:fact-mh-262k:context-0/factconsolidation_mh_262k_no32,True,0.0,5.62500018812716,False
Run 2,agentmemorybench:fact-mh-262k:context-0/factconsolidation_mh_262k_no32,9,12,0.75,0.0,1.5000000447034836,0.8175744828610095,1.0,True,False,0.0,Run 2::agentmemorybench:fact-mh-262k:context-0/factconsolidation_mh_262k_no32,True,0.0,0.125,False
Run 2,agentmemorybench:fact-mh-262k:context-0/factconsolidation_mh_262k_no32,10,12,0.8333333333333334,0.0,0.9375000149011612,0.7184218063277718,1.0,True,False,0.08838832657489419,Run 2::agentmemorybench:fact-mh-262k:context-0/factconsolidation_mh_262k_no32,True,0.0,-0.5625000298023224,False
Run 2,agentmemorybench:fact-mh-262k:context-0/factconsolidation_mh_262k_no32,11,12,0.9166666666666666,0.0,2.000000052154064,0.8807970834537244,1.0,True,False,3.161013638317052e-08,Run 2::agentmemorybench:fact-mh-262k:context-0/factconsolidation_mh_262k_no32,True,0.0,1.062500037252903,False
Run 2,agentmemorybench:fact-mh-262k:context-0/factconsolidation_mh_262k_no32,12,12,1.0,0.0,5.375000098720193,0.9953904282735861,1.0,True,False,1.6792884953559341e-07,Run 2::agentmemorybench:fact-mh-262k:context-0/factconsolidation_mh_262k_no32,True,0.0,3.3750000465661287,False
Run 2,agentmemorybench:fact-mh-262k:context-0/factconsolidation_mh_262k_no33,1,13,0.0769230769230769,0.0,-4.374999783933163,0.0124316535058613,0.0,False,True,0.0,Run 2::agentmemorybench:fact-mh-262k:context-0/factconsolidation_mh_262k_no33,False,,,False
Run 2,agentmemorybench:fact-mh-262k:context-0/factconsolidation_mh_262k_no33,2,13,0.1538461538461538,0.0,-0.25,0.4378234991142019,0.0,False,True,0.0,Run 2::agentmemorybench:fact-mh-262k:context-0/factconsolidation_mh_262k_no33,False,0.0,4.124999783933163,False
Run 2,agentmemorybench:fact-mh-262k:context-0/factconsolidation_mh_262k_no33,3,13,0.2307692307692307,0.3333333333333333,0.8125,0.6924818636588268,1.0,False,True,0.08838830550146994,Run 2::agentmemorybench:fact-mh-262k:context-0/factconsolidation_mh_262k_no33,True,0.3333333333333333,1.0625,True
Run 2,agentmemorybench:fact-mh-262k:context-0/factconsolidation_mh_262k_no33,4,13,0.3076923076923077,0.3333333333333333,0.25,0.5621765008857981,1.0,False,True,0.0,Run 2::agentmemorybench:fact-mh-262k:context-0/factconsolidation_mh_262k_no33,True,0.0,-0.5625,False
Run 2,agentmemorybench:fact-mh-262k:context-0/factconsolidation_mh_262k_no33,5,13,0.3846153846153846,0.3333333333333333,1.6874999850988388,0.8437181677407539,1.0,False,True,0.08838830550146994,Run 2::agentmemorybench:fact-mh-262k:context-0/factconsolidation_mh_262k_no33,True,0.0,1.4374999850988388,False
Run 2,agentmemorybench:fact-mh-262k:context-0/factconsolidation_mh_262k_no33,6,13,0.4615384615384615,0.3333333333333333,-0.4999999850988388,0.37754067229997357,0.0,False,True,2.1073424255447017e-08,Run 2::agentmemorybench:fact-mh-262k:context-0/factconsolidation_mh_262k_no33,False,0.0,-2.1874999701976776,False
Run 2,agentmemorybench:fact-mh-262k:context-0/factconsolidation_mh_262k_no33,7,13,0.5384615384615384,0.3333333333333333,-1.4375000149011612,0.19211937063301932,0.0,False,True,0.08838832657489419,Run 2::agentmemorybench:fact-mh-262k:context-0/factconsolidation_mh_262k_no33,False,0.0,-0.9375000298023224,False
Run 2,agentmemorybench:fact-mh-262k:context-0/factconsolidation_mh_262k_no33,8,13,0.6153846153846154,0.3333333333333333,-0.5,0.3775406687981454,0.0,False,True,0.0,Run 2::agentmemorybench:fact-mh-262k:context-0/factconsolidation_mh_262k_no33,False,0.0,0.9375000149011612,False
Run 2,agentmemorybench:fact-mh-262k:context-0/factconsolidation_mh_262k_no33,9,13,0.6923076923076923,0.3333333333333333,-3.1875000447034836,0.039707305803102305,0.0,False,True,0.08838826862297748,Run 2::agentmemorybench:fact-mh-262k:context-0/factconsolidation_mh_262k_no33,False,0.0,-2.6875000447034836,False
Run 2,agentmemorybench:fact-mh-262k:context-0/factconsolidation_mh_262k_no33,10,13,0.7692307692307693,0.3333333333333333,-4.749999850988388,0.008577486680893701,0.0,False,True,3.556140343106684e-08,Run 2::agentmemorybench:fact-mh-262k:context-0/factconsolidation_mh_262k_no33,False,0.0,-1.5624998062849045,False
Run 2,agentmemorybench:fact-mh-262k:context-0/factconsolidation_mh_262k_no33,11,13,0.8461538461538461,0.3333333333333333,-4.750000001862645,0.0085774853978722,0.0,False,True,0.0,Run 2::agentmemorybench:fact-mh-262k:context-0/factconsolidation_mh_262k_no33,False,0.0,-1.5087425708770752e-07,False
Run 2,agentmemorybench:fact-mh-262k:context-0/factconsolidation_mh_262k_no33,12,13,0.9230769230769232,0.3333333333333333,-3.9999999329447746,0.017986211146468298,0.0,False,True,5.531773914157615e-08,Run 2::agentmemorybench:fact-mh-262k:context-0/factconsolidation_mh_262k_no33,False,0.0,0.7500000689178705,False
Run 2,agentmemorybench:fact-mh-262k:context-0/factconsolidation_mh_262k_no33,13,13,1.0,0.3333333333333333,-4.4375001969747245,0.0117092944826019,0.0,False,True,0.08838838781953343,Run 2::agentmemorybench:fact-mh-262k:context-0/factconsolidation_mh_262k_no33,False,0.0,-0.4375002640299499,False
Run 2,agentmemorybench:fact-mh-262k:context-0/factconsolidation_mh_262k_no34,1,9,0.1111111111111111,0.0,-5.2500001126900315,0.005220125108373,0.0,False,False,0.0,Run 2::agentmemorybench:fact-mh-262k:context-0/factconsolidation_mh_262k_no34,False,,,False
Run 2,agentmemorybench:fact-mh-262k:context-0/factconsolidation_mh_262k_no34,2,9,0.2222222222222222,0.0,-2.062500074505806,0.11294675052207975,0.0,False,False,0.08838834764831845,Run 2::agentmemorybench:fact-mh-262k:context-0/factconsolidation_mh_262k_no34,False,0.0,3.1875000381842256,False
Run 2,agentmemorybench:fact-mh-262k:context-0/factconsolidation_mh_262k_no34,3,9,0.3333333333333333,0.0,-7.312499871390173,0.0006680023653661,0.0,False,False,0.08838837847643322,Run 2::agentmemorybench:fact-mh-262k:context-0/factconsolidation_mh_262k_no34,False,0.0,-5.249999796884367,False
Run 2,agentmemorybench:fact-mh-262k:context-0/factconsolidation_mh_262k_no34,4,9,0.4444444444444444,0.3333333333333333,-6.3749998636194505,0.00171395869635055,0.0,False,False,0.1767767151352902,Run 2::agentmemorybench:fact-mh-262k:context-0/factconsolidation_mh_262k_no34,False,0.3333333333333333,0.9375000077707227,True
Run 2,agentmemorybench:fact-mh-262k:context-0/factconsolidation_mh_262k_no34,5,9,0.5555555555555556,0.3333333333333333,-6.562500124389771,0.0014131021616380999,0.0,False,False,0.08838835069408679,Run 2::agentmemorybench:fact-mh-262k:context-0/factconsolidation_mh_262k_no34,False,0.0,-0.1875002607703209,False
Run 2,agentmemorybench:fact-mh-262k:context-0/factconsolidation_mh_262k_no34,6,9,0.6666666666666666,0.3333333333333333,-7.750000193016604,0.0004339207328072,0.0,False,False,0.17677663643922148,Run 2::agentmemorybench:fact-mh-262k:context-0/factconsolidation_mh_262k_no34,False,0.0,-1.1875000686268322,False
Run 2,agentmemorybench:fact-mh-262k:context-0/factconsolidation_mh_262k_no34,7,9,0.7777777777777778,0.3333333333333333,-6.812500020721927,0.0011008706316901502,0.0,False,False,0.08838842140530334,Run 2::agentmemorybench:fact-mh-262k:context-0/factconsolidation_mh_262k_no34,False,0.0,0.9375001722946763,False
Run 2,agentmemorybench:fact-mh-262k:context-0/factconsolidation_mh_262k_no34,8,9,0.8888888888888888,0.3333333333333333,-7.875000101223122,0.00039190707777415,0.0,False,False,0.3535533799742436,Run 2::agentmemorybench:fact-mh-262k:context-0/factconsolidation_mh_262k_no34,False,0.0,-1.062500080501195,False
Run 2,agentmemorybench:fact-mh-262k:context-0/factconsolidation_mh_262k_no34,9,9,1.0,0.3333333333333333,-8.687499781030056,0.0001716245642163,0.0,False,False,0.2651650336533039,Run 2::agentmemorybench:fact-mh-262k:context-0/factconsolidation_mh_262k_no34,False,0.0,-0.8124996798069333,False
Run 2,agentmemorybench:fact-mh-262k:context-0/factconsolidation_mh_262k_no35,1,10,0.1,0.0,-4.500000179745257,0.010986940677440049,0.0,False,True,1.1853801143688946e-08,Run 2::agentmemorybench:fact-mh-262k:context-0/factconsolidation_mh_262k_no35,False,,,False
Run 2,agentmemorybench:fact-mh-262k:context-0/factconsolidation_mh_262k_no35,2,10,0.2,0.0,1.5624999776482582,0.8265290033148573,1.0,False,True,0.08838837925845483,Run 2::agentmemorybench:fact-mh-262k:context-0/factconsolidation_mh_262k_no35,True,0.0,6.062500157393515,False
Run 2,agentmemorybench:fact-mh-262k:context-0/factconsolidation_mh_262k_no35,3,10,0.3,0.25,0.0,0.5,0.0,False,True,0.0,Run 2::agentmemorybench:fact-mh-262k:context-0/factconsolidation_mh_262k_no35,False,0.25,-1.5624999776482582,True
Run 2,agentmemorybench:fact-mh-262k:context-0/factconsolidation_mh_262k_no35,4,10,0.4,0.25,0.6249999850988388,0.651354861282124,1.0,False,True,2.1073424255447017e-08,Run 2::agentmemorybench:fact-mh-262k:context-0/factconsolidation_mh_262k_no35,True,0.0,0.6249999850988388,False
Run 2,agentmemorybench:fact-mh-262k:context-0/factconsolidation_mh_262k_no35,5,10,0.5,0.25,0.8125,0.6924818638114514,1.0,False,True,0.08838826335462142,Run 2::agentmemorybench:fact-mh-262k:context-0/factconsolidation_mh_262k_no35,True,0.0,0.1875000149011612,False
Run 2,agentmemorybench:fact-mh-262k:context-0/factconsolidation_mh_262k_no35,6,10,0.6,0.5,2.0624999329447746,0.887053235192243,1.0,False,True,0.08838837925845483,Run 2::agentmemorybench:fact-mh-262k:context-0/factconsolidation_mh_262k_no35,True,0.25,1.2499999329447746,True
Run 2,agentmemorybench:fact-mh-262k:context-0/factconsolidation_mh_262k_no35,7,10,0.7,0.5,3.124999936670065,0.9579122695311493,1.0,False,True,4.2146848510894035e-08,Run 2::agentmemorybench:fact-mh-262k:context-0/factconsolidation_mh_262k_no35,True,0.0,1.0625000037252903,False
Run 2,agentmemorybench:fact-mh-262k:context-0/factconsolidation_mh_262k_no35,8,10,0.8,0.75,3.8124999441206455,0.9783451372063963,1.0,False,True,0.08838832920907222,Run 2::agentmemorybench:fact-mh-262k:context-0/factconsolidation_mh_262k_no35,True,0.25,0.6875000074505806,True
Run 2,agentmemorybench:fact-mh-262k:context-0/factconsolidation_mh_262k_no35,9,10,0.9,0.75,3.749999978579581,0.9770226296090986,1.0,False,True,9.351331966251839e-08,Run 2::agentmemorybench:fact-mh-262k:context-0/factconsolidation_mh_262k_no35,True,0.0,-0.06249996554106474,False
Run 2,agentmemorybench:fact-mh-262k:context-0/factconsolidation_mh_262k_no35,10,10,1.0,0.75,4.437499837949872,0.9882907014144557,1.0,False,True,0.08838828442804568,Run 2::agentmemorybench:fact-mh-262k:context-0/factconsolidation_mh_262k_no35,True,0.0,0.6874998593702912,False
Run 2,agentmemorybench:fact-mh-262k:context-0/factconsolidation_mh_262k_no36,1,12,0.0833333333333333,0.0,-3.7499999795109034,0.0229773703699937,0.0,False,True,5.268356063861754e-09,Run 2::agentmemorybench:fact-mh-262k:context-0/factconsolidation_mh_262k_no36,False,,,False
Run 2,agentmemorybench:fact-mh-262k:context-0/factconsolidation_mh_262k_no36,2,12,0.1666666666666666,0.0,-0.375,0.4073334000459302,0.0,False,True,0.0,Run 2::agentmemorybench:fact-mh-262k:context-0/factconsolidation_mh_262k_no36,False,0.0,3.3749999795109034,False
Run 2,agentmemorybench:fact-mh-262k:context-0/factconsolidation_mh_262k_no36,3,12,0.25,0.0,-3.062499960884452,0.044756802313702646,0.0,False,True,0.08838840296605711,Run 2::agentmemorybench:fact-mh-262k:context-0/factconsolidation_mh_262k_no36,False,0.0,-2.687499960884452,False
Run 2,agentmemorybench:fact-mh-262k:context-0/factconsolidation_mh_262k_no36,4,12,0.3333333333333333,0.25,-0.8124999850988388,0.30751813958806157,0.0,False,True,0.08838832657489419,Run 2::agentmemorybench:fact-mh-262k:context-0/factconsolidation_mh_262k_no36,False,0.25,2.249999975785613,True
Run 2,agentmemorybench:fact-mh-262k:context-0/factconsolidation_mh_262k_no36,5,12,0.4166666666666667,0.25,0.125,0.5312093733737563,1.0,False,True,0.0,Run 2::agentmemorybench:fact-mh-262k:context-0/factconsolidation_mh_262k_no36,True,0.0,0.9374999850988388,False
Run 2,agentmemorybench:fact-mh-262k:context-0/factconsolidation_mh_262k_no36,6,12,0.5,0.25,-2.8750000912696123,0.0534033251860164,0.0,False,True,1.3170890159654385e-08,Run 2::agentmemorybench:fact-mh-262k:context-0/factconsolidation_mh_262k_no36,False,0.0,-3.0000000912696123,False
Run 2,agentmemorybench:fact-mh-262k:context-0/factconsolidation_mh_262k_no36,7,12,0.5833333333333334,0.25,-2.9375000037252903,0.0504146013804669,0.0,False,True,0.08838838452681089,Run 2::agentmemorybench:fact-mh-262k:context-0/factconsolidation_mh_262k_no36,False,0.0,-0.062499912455677986,False
Run 2,agentmemorybench:fact-mh-262k:context-0/factconsolidation_mh_262k_no36,8,12,0.6666666666666666,0.25,-2.0624999403953552,0.11294676373683216,0.0,False,True,0.08838828442804568,Run 2::agentmemorybench:fact-mh-262k:context-0/factconsolidation_mh_262k_no36,False,0.0,0.8750000633299351,False
Run 2,agentmemorybench:fact-mh-262k:context-0/factconsolidation_mh_262k_no36,9,12,0.75,0.25,-5.062500075669959,0.0063019593703117,0.0,False,True,0.08838817873165214,Run 2::agentmemorybench:fact-mh-262k:context-0/factconsolidation_mh_262k_no36,False,0.0,-3.000000135274604,False
Run 2,agentmemorybench:fact-mh-262k:context-0/factconsolidation_mh_262k_no36,10,12,0.8333333333333334,0.25,-2.1874999701976776,0.10102003175707655,0.0,False,True,0.08838823174448504,Run 2::agentmemorybench:fact-mh-262k:context-0/factconsolidation_mh_262k_no36,False,0.0,2.8750001054722816,False
Run 2,agentmemorybench:fact-mh-262k:context-0/factconsolidation_mh_262k_no36,11,12,0.9166666666666666,0.25,-2.749999910593033,0.060086655223377555,0.0,False,True,1.0536712284732752e-08,Run 2::agentmemorybench:fact-mh-262k:context-0/factconsolidation_mh_262k_no36,False,0.0,-0.5624999403953552,False
Run 2,agentmemorybench:fact-mh-262k:context-0/factconsolidation_mh_262k_no36,12,12,1.0,0.25,-3.687500043772161,0.0244673626161239,0.0,False,True,0.08838845433252826,Run 2::agentmemorybench:fact-mh-262k:context-0/factconsolidation_mh_262k_no36,False,0.0,-0.9375001331791282,False
Run 2,agentmemorybench:fact-mh-262k:context-0/factconsolidation_mh_262k_no37,1,4,0.25,0.0,-4.875000061932951,0.0075772408021357995,0.0,True,False,2.021731639506948e-07,Run 2::agentmemorybench:fact-mh-262k:context-0/factconsolidation_mh_262k_no37,False,,,False
Run 2,agentmemorybench:fact-mh-262k:context-0/factconsolidation_mh_262k_no37,2,4,0.5,0.0,3.3124999180436134,0.9647935642840559,1.0,True,False,0.08838839506352301,Run 2::agentmemorybench:fact-mh-262k:context-0/factconsolidation_mh_262k_no37,True,0.0,8.187499979976565,False
Run 2,agentmemorybench:fact-mh-262k:context-0/factconsolidation_mh_262k_no37,3,4,0.75,0.5,1.1875000149011612,0.7661074269556738,1.0,True,False,0.08838828442804568,Run 2::agentmemorybench:fact-mh-262k:context-0/factconsolidation_mh_262k_no37,True,0.5,-2.1249999031424522,True
Run 2,agentmemorybench:fact-mh-262k:context-0/factconsolidation_mh_262k_no37,4,4,1.0,1.0,5.874999957741238,0.9971990729148469,1.0,True,False,2.530457271923599e-07,Run 2::agentmemorybench:fact-mh-262k:context-0/factconsolidation_mh_262k_no37,True,0.5,4.687499942840077,True
Run 2,agentmemorybench:fact-mh-262k:context-0/factconsolidation_mh_262k_no38,1,6,0.1666666666666666,0.0,-3.624999993480742,0.02614480043790535,0.0,False,False,0.17677666763776753,Run 2::agentmemorybench:fact-mh-262k:context-0/factconsolidation_mh_262k_no38,False,,,False
Run 2,agentmemorybench:fact-mh-262k:context-0/factconsolidation_mh_262k_no38,2,6,0.3333333333333333,0.0,-3.9374999860301614,0.019159281861297048,0.0,False,False,0.08838828047677863,Run 2::agentmemorybench:fact-mh-262k:context-0/factconsolidation_mh_262k_no38,False,0.0,-0.3124999925494194,False
Run 2,agentmemorybench:fact-mh-262k:context-0/factconsolidation_mh_262k_no38,3,6,0.5,0.0,2.375,0.9149009549929799,1.0,False,False,3.161013638317052e-08,Run 2::agentmemorybench:fact-mh-262k:context-0/factconsolidation_mh_262k_no38,True,0.0,6.312499986030161,False
Run 2,agentmemorybench:fact-mh-262k:context-0/factconsolidation_mh_262k_no38,4,6,0.6666666666666666,0.5,5.624999987427145,0.9963785897439009,1.0,False,False,0.17677647797694923,Run 2::agentmemorybench:fact-mh-262k:context-0/factconsolidation_mh_262k_no38,True,0.5,3.2499999874271452,True
Run 2,agentmemorybench:fact-mh-262k:context-0/factconsolidation_mh_262k_no38,5,6,0.8333333333333334,0.5,3.0625000540167093,0.9552432018212773,1.0,False,False,0.08838831340400402,Run 2::agentmemorybench:fact-mh-262k:context-0/factconsolidation_mh_262k_no38,True,0.0,-2.562499933410436,False
Run 2,agentmemorybench:fact-mh-262k:context-0/factconsolidation_mh_262k_no38,6,6,1.0,1.0,5.874999953084625,0.9971990729018405,1.0,False,False,2.5403354395433396e-07,Run 2::agentmemorybench:fact-mh-262k:context-0/factconsolidation_mh_262k_no38,True,0.5,2.812499899067916,True
Run 2,agentmemorybench:fact-mh-262k:context-0/factconsolidation_mh_262k_no39,1,6,0.1666666666666666,0.0,-6.0000000215368345,0.0024918217178327,0.0,True,False,0.1767769947697519,Run 2::agentmemorybench:fact-mh-262k:context-0/factconsolidation_mh_262k_no39,False,,,False
Run 2,agentmemorybench:fact-mh-262k:context-0/factconsolidation_mh_262k_no39,2,6,0.3333333333333333,0.0,-3.3124999161809683,0.035206435672729,0.0,True,False,0.08838831867236009,Run 2::agentmemorybench:fact-mh-262k:context-0/factconsolidation_mh_262k_no39,False,0.0,2.6875001053558663,False
Run 2,agentmemorybench:fact-mh-262k:context-0/factconsolidation_mh_262k_no39,3,6,0.5,0.0,-0.8750000298023224,0.2942149659744614,0.0,True,False,4.2146848510894035e-08,Run 2::agentmemorybench:fact-mh-262k:context-0/factconsolidation_mh_262k_no39,False,0.0,2.437499886378646,False
Run 2,agentmemorybench:fact-mh-262k:context-0/factconsolidation_mh_262k_no39,4,6,0.6666666666666666,0.5,0.1875,0.5466929371297772,1.0,True,False,0.08838834764831845,Run 2::agentmemorybench:fact-mh-262k:context-0/factconsolidation_mh_262k_no39,True,0.5,1.0625000298023224,True
Run 2,agentmemorybench:fact-mh-262k:context-0/factconsolidation_mh_262k_no39,5,6,0.8333333333333334,0.5,2.6250000074505806,0.9324533093296389,1.0,True,False,1.5805068191585263e-07,Run 2::agentmemorybench:fact-mh-262k:context-0/factconsolidation_mh_262k_no39,True,0.0,2.4375000074505806,False
Run 2,agentmemorybench:fact-mh-262k:context-0/factconsolidation_mh_262k_no39,6,6,1.0,1.0,8.062499812120222,0.9996843463165004,1.0,True,False,0.08838850740710018,Run 2::agentmemorybench:fact-mh-262k:context-0/factconsolidation_mh_262k_no39,True,0.5,5.437499804669642,True
Run 2,agentmemorybench:fact-mh-262k:context-0/factconsolidation_mh_262k_no4,1,7,0.1428571428571428,0.0,-4.125000169500709,0.015906389058556153,0.0,False,True,2.8975958351239646e-08,Run 2::agentmemorybench:fact-mh-262k:context-0/factconsolidation_mh_262k_no4,False,,,False
Run 2,agentmemorybench:fact-mh-262k:context-0/factconsolidation_mh_262k_no4,2,7,0.2857142857142857,0.0,-1.0,0.2689414213699951,0.0,False,True,0.0,Run 2::agentmemorybench:fact-mh-262k:context-0/factconsolidation_mh_262k_no4,False,0.0,3.1250001695007086,False
Run 2,agentmemorybench:fact-mh-262k:context-0/factconsolidation_mh_262k_no4,3,7,0.4285714285714285,0.0,0.3125,0.5774215504199338,1.0,False,True,0.08838834764831845,Run 2::agentmemorybench:fact-mh-262k:context-0/factconsolidation_mh_262k_no4,True,0.0,1.3125,False
Run 2,agentmemorybench:fact-mh-262k:context-0/factconsolidation_mh_262k_no4,4,7,0.5714285714285714,0.0,-1.9999999776482582,0.11920292436890725,0.0,False,True,9.483040914951157e-08,Run 2::agentmemorybench:fact-mh-262k:context-0/factconsolidation_mh_262k_no4,False,0.0,-2.312499977648258,False
Run 2,agentmemorybench:fact-mh-262k:context-0/factconsolidation_mh_262k_no4,5,7,0.7142857142857143,0.0,1.0624999850988388,0.7429867796463125,1.0,False,True,0.08838841086859121,Run 2::agentmemorybench:fact-mh-262k:context-0/factconsolidation_mh_262k_no4,True,0.0,3.062499962747097,False
Run 2,agentmemorybench:fact-mh-262k:context-0/factconsolidation_mh_262k_no4,6,7,0.8571428571428571,0.0,2.937500013038516,0.9495853988700818,1.0,False,True,0.08838848725975414,Run 2::agentmemorybench:fact-mh-262k:context-0/factconsolidation_mh_262k_no4,True,0.0,1.8750000279396772,False
Run 2,agentmemorybench:fact-mh-262k:context-0/factconsolidation_mh_262k_no4,7,7,1.0,0.5,4.812500203028321,0.9919226382853916,1.0,False,True,0.08838834896540745,Run 2::agentmemorybench:fact-mh-262k:context-0/factconsolidation_mh_262k_no4,True,0.5,1.8750001899898052,True
Run 2,agentmemorybench:fact-mh-262k:context-0/factconsolidation_mh_262k_no40,1,4,0.25,0.0,-3.9374999031424522,0.019159283350533948,0.0,True,False,0.08838819486599259,Run 2::agentmemorybench:fact-mh-262k:context-0/factconsolidation_mh_262k_no40,False,,,False
Run 2,agentmemorybench:fact-mh-262k:context-0/factconsolidation_mh_262k_no40,2,4,0.5,0.0,2.9374999571591616,0.9495853964657747,1.0,True,False,0.0883883450141404,Run 2::agentmemorybench:fact-mh-262k:context-0/factconsolidation_mh_262k_no40,True,0.0,6.874999860301614,False
Run 2,agentmemorybench:fact-mh-262k:context-0/factconsolidation_mh_262k_no40,3,4,0.75,0.0,1.8125,0.8594942807236454,1.0,True,False,0.08838838979516696,Run 2::agentmemorybench:fact-mh-262k:context-0/factconsolidation_mh_262k_no40,True,0.0,-1.1249999571591616,False
Run 2,agentmemorybench:fact-mh-262k:context-0/factconsolidation_mh_262k_no40,4,4,1.0,1.0,8.874999831175955,0.9998601779007505,1.0,True,False,8.428340726385084e-08,Run 2::agentmemorybench:fact-mh-262k:context-0/factconsolidation_mh_262k_no40,True,1.0,7.0624998311759555,True
Run 2,agentmemorybench:fact-mh-262k:context-0/factconsolidation_mh_262k_no41,1,11,0.0909090909090909,0.0,-3.8750000204890966,0.020332352934537452,0.0,True,False,6.058609473441017e-08,Run 2::agentmemorybench:fact-mh-262k:context-0/factconsolidation_mh_262k_no41,False,,,False
Run 2,agentmemorybench:fact-mh-262k:context-0/factconsolidation_mh_262k_no41,2,11,0.1818181818181818,0.0,0.5625000298023224,0.6369071047018147,1.0,True,False,0.08838838979516696,Run 2::agentmemorybench:fact-mh-262k:context-0/factconsolidation_mh_262k_no41,True,0.0,4.437500050291419,False
Run 2,agentmemorybench:fact-mh-262k:context-0/factconsolidation_mh_262k_no41,3,11,0.2727272727272727,1.0,0.4375,0.6075629655779622,1.0,True,False,0.08838834764831845,Run 2::agentmemorybench:fact-mh-262k:context-0/factconsolidation_mh_262k_no41,True,1.0,-0.1250000298023224,True
Run 2,agentmemorybench:fact-mh-262k:context-0/factconsolidation_mh_262k_no41,4,11,0.3636363636363636,1.0,-1.9375000558793545,0.1273688902036607,0.0,True,False,0.2651650798234478,Run 2::agentmemorybench:fact-mh-262k:context-0/factconsolidation_mh_262k_no41,False,0.0,-2.3750000558793545,False
Run 2,agentmemorybench:fact-mh-262k:context-0/factconsolidation_mh_262k_no41,5,11,0.4545454545454545,1.0,-2.9374999329447746,0.050414604688218095,0.0,True,False,0.08838834237996238,Run 2::agentmemorybench:fact-mh-262k:context-0/factconsolidation_mh_262k_no41,False,0.0,-0.9999998770654202,False
Run 2,agentmemorybench:fact-mh-262k:context-0/factconsolidation_mh_262k_no41,6,11,0.5454545454545454,1.0,-2.4375000037252903,0.08047861216632325,0.0,True,False,0.08838832130653812,Run 2::agentmemorybench:fact-mh-262k:context-0/factconsolidation_mh_262k_no41,False,0.0,0.49999992921948433,False
Run 2,agentmemorybench:fact-mh-262k:context-0/factconsolidation_mh_262k_no41,7,11,0.6363636363636364,1.0,-2.999999960884452,0.04774553077787495,0.0,True,False,0.17677673480930783,Run 2::agentmemorybench:fact-mh-262k:context-0/factconsolidation_mh_262k_no41,False,0.0,-0.5624999571591616,False
Run 2,agentmemorybench:fact-mh-262k:context-0/factconsolidation_mh_262k_no41,8,11,0.7272727272727273,1.0,-3.7499999050050974,0.02364922190395065,0.0,True,False,0.35355322200587974,Run 2::agentmemorybench:fact-mh-262k:context-0/factconsolidation_mh_262k_no41,False,0.0,-0.7499999441206455,False
Run 2,agentmemorybench:fact-mh-262k:context-0/factconsolidation_mh_262k_no41,9,11,0.8181818181818182,1.0,-3.5625000409781933,0.02763479296211575,0.0,True,False,0.08838842667365955,Run 2::agentmemorybench:fact-mh-262k:context-0/factconsolidation_mh_262k_no41,False,0.0,0.1874998640269041,False
Run 2,agentmemorybench:fact-mh-262k:context-0/factconsolidation_mh_262k_no41,10,11,0.9090909090909092,1.0,-3.5624998873099685,0.02763479700679375,0.0,True,False,0.08838835159958548,Run 2::agentmemorybench:fact-mh-262k:context-0/factconsolidation_mh_262k_no41,False,0.0,1.5366822481155396e-07,False
Run 2,agentmemorybench:fact-mh-262k:context-0/factconsolidation_mh_262k_no41,11,11,1.0,1.0,-1.8749999701976776,0.13296424363358264,0.0,True,False,6.322027276634104e-08,Run 2::agentmemorybench:fact-mh-262k:context-0/factconsolidation_mh_262k_no41,False,0.0,1.6874999171122909,False
Run 2,agentmemorybench:fact-mh-262k:context-0/factconsolidation_mh_262k_no42,1,6,0.1666666666666666,0.0,-4.624999795109034,0.00978221601973675,0.0,False,True,0.17677671110170506,Run 2::agentmemorybench:fact-mh-262k:context-0/factconsolidation_mh_262k_no42,False,,,False
Run 2,agentmemorybench:fact-mh-262k:context-0/factconsolidation_mh_262k_no42,2,6,0.3333333333333333,0.0,0.5000000149011612,0.6220107356939921,1.0,False,True,0.17677671637006115,Run 2::agentmemorybench:fact-mh-262k:context-0/factconsolidation_mh_262k_no42,True,0.0,5.124999810010195,False
Run 2,agentmemorybench:fact-mh-262k:context-0/factconsolidation_mh_262k_no42,3,6,0.5,0.25,1.9375000596046448,0.8739164257615328,1.0,False,True,0.08838826335462142,Run 2::agentmemorybench:fact-mh-262k:context-0/factconsolidation_mh_262k_no42,True,0.25,1.4375000447034836,True
Run 2,agentmemorybench:fact-mh-262k:context-0/factconsolidation_mh_262k_no42,4,6,0.6666666666666666,0.25,1.125,0.754914986867628,1.0,False,True,8.429369702178807e-08,Run 2::agentmemorybench:fact-mh-262k:context-0/factconsolidation_mh_262k_no42,True,0.0,-0.8125000596046448,False
Run 2,agentmemorybench:fact-mh-262k:context-0/factconsolidation_mh_262k_no42,5,6,0.8333333333333334,0.25,1.6250000298023224,0.834763643354396,1.0,False,True,0.17677667422321264,Run 2::agentmemorybench:fact-mh-262k:context-0/factconsolidation_mh_262k_no42,True,0.0,0.5000000298023224,False
Run 2,agentmemorybench:fact-mh-262k:context-0/factconsolidation_mh_262k_no42,6,6,1.0,0.75,3.7500000614672895,0.9770226314698788,1.0,False,True,4.2146848510894035e-08,Run 2::agentmemorybench:fact-mh-262k:context-0/factconsolidation_mh_262k_no42,True,0.5,2.125000031664967,True
Run 2,agentmemorybench:fact-mh-262k:context-0/factconsolidation_mh_262k_no43,1,5,0.2,0.0,-4.125000033527613,0.01590639118699435,0.0,True,False,1.7385575010743788e-07,Run 2::agentmemorybench:fact-mh-262k:context-0/factconsolidation_mh_262k_no43,False,,,False
Run 2,agentmemorybench:fact-mh-262k:context-0/factconsolidation_mh_262k_no43,2,5,0.4,0.0,-0.1875,0.4533070628702228,0.0,True,False,0.08838834764831845,Run 2::agentmemorybench:fact-mh-262k:context-0/factconsolidation_mh_262k_no43,False,0.0,3.9375000335276127,False
Run 2,agentmemorybench:fact-mh-262k:context-0/factconsolidation_mh_262k_no43,3,5,0.6,0.5,-0.375,0.4073334000459302,0.0,True,False,0.0,Run 2::agentmemorybench:fact-mh-262k:context-0/factconsolidation_mh_262k_no43,False,0.5,-0.1875,True
Run 2,agentmemorybench:fact-mh-262k:context-0/factconsolidation_mh_262k_no43,4,5,0.8,0.5,3.5000000689178705,0.9706877712095655,1.0,True,False,5.004938260668666e-08,Run 2::agentmemorybench:fact-mh-262k:context-0/factconsolidation_mh_262k_no43,True,0.0,3.8750000689178705,False
Run 2,agentmemorybench:fact-mh-262k:context-0/factconsolidation_mh_262k_no43,5,5,1.0,1.0,5.999999950872734,0.9975081781902073,1.0,True,False,0.1767766100151231,Run 2::agentmemorybench:fact-mh-262k:context-0/factconsolidation_mh_262k_no43,True,0.5,2.4999998819548637,True
Run 2,agentmemorybench:fact-mh-262k:context-0/factconsolidation_mh_262k_no44,1,7,0.1428571428571428,0.0,-3.7500000009313226,0.02297736988911795,0.0,False,False,5.66348278435231e-08,Run 2::agentmemorybench:fact-mh-262k:context-0/factconsolidation_mh_262k_no44,False,,,False
Run 2,agentmemorybench:fact-mh-262k:context-0/factconsolidation_mh_262k_no44,2,7,0.2857142857142857,0.0,2.125,0.8933094060543485,1.0,False,False,1.475139697881291e-07,Run 2::agentmemorybench:fact-mh-262k:context-0/factconsolidation_mh_262k_no44,True,0.0,5.875000000931323,False
Run 2,agentmemorybench:fact-mh-262k:context-0/factconsolidation_mh_262k_no44,3,7,0.4285714285714285,0.0,1.4375,0.8078806272334718,1.0,False,False,0.08838828442804568,Run 2::agentmemorybench:fact-mh-262k:context-0/factconsolidation_mh_262k_no44,True,0.0,-0.6875,False
Run 2,agentmemorybench:fact-mh-262k:context-0/factconsolidation_mh_262k_no44,4,7,0.5714285714285714,0.5,4.0624999683350325,0.9830536985382611,1.0,False,False,0.0883884846255761,Run 2::agentmemorybench:fact-mh-262k:context-0/factconsolidation_mh_262k_no44,True,0.5,2.6249999683350325,True
Run 2,agentmemorybench:fact-mh-262k:context-0/factconsolidation_mh_262k_no44,5,7,0.7142857142857143,0.5,2.812499964609742,0.9432550082019848,1.0,False,False,0.08838830813564796,Run 2::agentmemorybench:fact-mh-262k:context-0/factconsolidation_mh_262k_no44,True,0.0,-1.2500000037252903,False
Run 2,agentmemorybench:fact-mh-262k:context-0/factconsolidation_mh_262k_no44,6,7,0.8571428571428571,0.5,1.875000074505806,0.8670357683915538,1.0,False,False,4.2146848510894035e-08,Run 2::agentmemorybench:fact-mh-262k:context-0/factconsolidation_mh_262k_no44,True,0.0,-0.9374998901039362,False
Run 2,agentmemorybench:fact-mh-262k:context-0/factconsolidation_mh_262k_no44,7,7,1.0,1.0,7.562499957566615,0.9994796820966962,1.0,False,False,0.08838840798745899,Run 2::agentmemorybench:fact-mh-262k:context-0/factconsolidation_mh_262k_no44,True,0.5,5.687499883060809,True
Run 2,agentmemorybench:fact-mh-262k:context-0/factconsolidation_mh_262k_no45,1,5,0.2,0.0,-4.749999995809048,0.008577485449351399,0.0,True,False,2.3049057779395174e-08,Run 2::agentmemorybench:fact-mh-262k:context-0/factconsolidation_mh_262k_no45,False,,,False
Run 2,agentmemorybench:fact-mh-262k:context-0/factconsolidation_mh_262k_no45,2,5,0.4,0.0,0.375,0.5923179160438263,1.0,True,False,0.1767766952966369,Run 2::agentmemorybench:fact-mh-262k:context-0/factconsolidation_mh_262k_no45,True,0.0,5.124999995809048,False
Run 2,agentmemorybench:fact-mh-262k:context-0/factconsolidation_mh_262k_no45,3,5,0.6,0.5,1.6875000223517418,0.8437181723550815,1.0,True,False,0.08838837925845483,Run 2::agentmemorybench:fact-mh-262k:context-0/factconsolidation_mh_262k_no45,True,0.5,1.3125000223517418,True
Run 2,agentmemorybench:fact-mh-262k:context-0/factconsolidation_mh_262k_no45,4,5,0.8,0.5,3.187499964609742,0.9602926909514833,1.0,True,False,0.08838839242934546,Run 2::agentmemorybench:fact-mh-262k:context-0/factconsolidation_mh_262k_no45,True,0.0,1.4999999422580004,False
Run 2,agentmemorybench:fact-mh-262k:context-0/factconsolidation_mh_262k_no45,5,5,1.0,1.0,6.374999844352715,0.9982992773243021,1.0,True,False,8.363515251380534e-08,Run 2::agentmemorybench:fact-mh-262k:context-0/factconsolidation_mh_262k_no45,True,0.5,3.1874998797429726,True
Run 2,agentmemorybench:fact-mh-262k:context-0/factconsolidation_mh_262k_no46,1,4,0.25,0.0,-4.125000054948032,0.0159063908516924,0.0,False,False,1.224892784847858e-07,Run 2::agentmemorybench:fact-mh-262k:context-0/factconsolidation_mh_262k_no46,False,,,False
Run 2,agentmemorybench:fact-mh-262k:context-0/factconsolidation_mh_262k_no46,2,4,0.5,0.0,1.5625000298023224,0.8265290108320326,1.0,False,False,0.0883883687217427,Run 2::agentmemorybench:fact-mh-262k:context-0/factconsolidation_mh_262k_no46,True,0.0,5.687500084750354,False
Run 2,agentmemorybench:fact-mh-262k:context-0/factconsolidation_mh_262k_no46,3,4,0.75,0.0,3.187500087544322,0.9602926957608133,1.0,False,False,0.08838831340400402,Run 2::agentmemorybench:fact-mh-262k:context-0/factconsolidation_mh_262k_no46,True,0.0,1.6250000577419996,False
Run 2,agentmemorybench:fact-mh-262k:context-0/factconsolidation_mh_262k_no46,4,4,1.0,0.0,11.125000000125056,0.999985145724184,1.0,False,False,0.1767772010195893,Run 2::agentmemorybench:fact-mh-262k:context-0/factconsolidation_mh_262k_no46,True,0.0,7.9374999125807335,False
Run 2,agentmemorybench:fact-mh-262k:context-0/factconsolidation_mh_262k_no47,1,10,0.1,0.0,-4.312499983701855,0.01324763915422815,0.0,False,True,0.08838833513597279,Run 2::agentmemorybench:fact-mh-262k:context-0/factconsolidation_mh_262k_no47,False,,,False
Run 2,agentmemorybench:fact-mh-262k:context-0/factconsolidation_mh_262k_no47,2,10,0.2,0.0,0.1875,0.5466929371297772,1.0,False,True,0.08838834764831845,Run 2::agentmemorybench:fact-mh-262k:context-0/factconsolidation_mh_262k_no47,True,0.0,4.499999983701855,False
Run 2,agentmemorybench:fact-mh-262k:context-0/factconsolidation_mh_262k_no47,3,10,0.3,0.25,4.000000056810677,0.9820137910413386,1.0,False,True,9.6147498165477e-08,Run 2::agentmemorybench:fact-mh-262k:context-0/factconsolidation_mh_262k_no47,True,0.25,3.812500056810677,True
Run 2,agentmemorybench:fact-mh-262k:context-0/factconsolidation_mh_262k_no47,4,10,0.4,0.25,1.8124999776482582,0.8594942780660326,1.0,False,True,0.08838837925845483,Run 2::agentmemorybench:fact-mh-262k:context-0/factconsolidation_mh_262k_no47,True,0.0,-2.187500079162419,False
Run 2,agentmemorybench:fact-mh-262k:context-0/factconsolidation_mh_262k_no47,5,10,0.5,0.25,0.25,0.5621765008857981,1.0,False,True,0.0,Run 2::agentmemorybench:fact-mh-262k:context-0/factconsolidation_mh_262k_no47,True,0.0,-1.5624999776482582,False
Run 2,agentmemorybench:fact-mh-262k:context-0/factconsolidation_mh_262k_no47,6,10,0.6,0.25,-0.8750000596046448,0.2942149597859341,0.0,False,True,0.0,Run 2::agentmemorybench:fact-mh-262k:context-0/factconsolidation_mh_262k_no47,False,0.0,-1.1250000596046448,False
Run 2,agentmemorybench:fact-mh-262k:context-0/factconsolidation_mh_262k_no47,7,10,0.7,0.25,-0.875,0.2942149721629887,0.0,False,True,0.0,Run 2::agentmemorybench:fact-mh-262k:context-0/factconsolidation_mh_262k_no47,False,0.0,5.960464477539063e-08,False
Run 2,agentmemorybench:fact-mh-262k:context-0/factconsolidation_mh_262k_no47,8,10,0.8,0.25,0.6249999850988388,0.651354861282124,1.0,False,True,2.1073424255447017e-08,Run 2::agentmemorybench:fact-mh-262k:context-0/factconsolidation_mh_262k_no47,True,0.0,1.4999999850988388,False
Run 2,agentmemorybench:fact-mh-262k:context-0/factconsolidation_mh_262k_no47,9,10,0.9,0.25,3.375,0.9666804410079917,1.0,False,True,0.17677667422321264,Run 2::agentmemorybench:fact-mh-262k:context-0/factconsolidation_mh_262k_no47,True,0.0,2.750000014901161,False
Run 2,agentmemorybench:fact-mh-262k:context-0/factconsolidation_mh_262k_no47,10,10,1.0,0.25,4.250000024680048,0.985936373298964,1.0,False,True,1.6134340445576622e-07,Run 2::agentmemorybench:fact-mh-262k:context-0/factconsolidation_mh_262k_no47,True,0.0,0.8750000246800482,False
Run 2,agentmemorybench:fact-mh-262k:context-0/factconsolidation_mh_262k_no48,1,8,0.125,0.0,-4.87499985517934,0.0076351692104166,0.0,True,False,0.17677661034439535,Run 2::agentmemorybench:fact-mh-262k:context-0/factconsolidation_mh_262k_no48,False,,,False
Run 2,agentmemorybench:fact-mh-262k:context-0/factconsolidation_mh_262k_no48,2,8,0.25,0.0,-5.437500027706847,0.00433985481154265,0.0,True,False,0.08838826104971564,Run 2::agentmemorybench:fact-mh-262k:context-0/factconsolidation_mh_262k_no48,False,0.0,-0.562500172527507,False
Run 2,agentmemorybench:fact-mh-262k:context-0/factconsolidation_mh_262k_no48,3,8,0.375,0.0,0.25,0.5621765008857981,1.0,True,False,0.0,Run 2::agentmemorybench:fact-mh-262k:context-0/factconsolidation_mh_262k_no48,True,0.0,5.687500027706847,False
Run 2,agentmemorybench:fact-mh-262k:context-0/factconsolidation_mh_262k_no48,4,8,0.5,0.5,2.6249999962747097,0.9324533086257366,1.0,True,False,4.7415204574755785e-08,Run 2::agentmemorybench:fact-mh-262k:context-0/factconsolidation_mh_262k_no48,True,0.5,2.3749999962747097,True
Run 2,agentmemorybench:fact-mh-262k:context-0/factconsolidation_mh_262k_no48,5,8,0.625,0.5,2.187499988824129,0.8989799695124729,1.0,True,False,0.08838836345338663,Run 2::agentmemorybench:fact-mh-262k:context-0/factconsolidation_mh_262k_no48,True,0.0,-0.4375000074505806,False
Run 2,agentmemorybench:fact-mh-262k:context-0/factconsolidation_mh_262k_no48,6,8,0.75,0.5,2.3124999590218067,0.9097757417938973,1.0,True,False,0.08838831076982552,Run 2::agentmemorybench:fact-mh-262k:context-0/factconsolidation_mh_262k_no48,True,0.0,0.12499997019767761,False
Run 2,agentmemorybench:fact-mh-262k:context-0/factconsolidation_mh_262k_no48,7,8,0.875,0.5,3.0625000204890966,0.9552432005510435,1.0,True,False,0.08838821857359487,Run 2::agentmemorybench:fact-mh-262k:context-0/factconsolidation_mh_262k_no48,True,0.0,0.7500000614672899,False
Run 2,agentmemorybench:fact-mh-262k:context-0/factconsolidation_mh_262k_no48,8,8,1.0,1.0,5.624999894876964,0.996406397042167,1.0,True,False,8.14948828628615e-08,Run 2::agentmemorybench:fact-mh-262k:context-0/factconsolidation_mh_262k_no48,True,0.5,2.5624998743878677,True
Run 2,agentmemorybench:fact-mh-262k:context-0/factconsolidation_mh_262k_no49,1,4,0.25,0.0,-4.56249989522621,0.010347710682869549,0.0,True,False,0.08838846947905242,Run 2::agentmemorybench:fact-mh-262k:context-0/factconsolidation_mh_262k_no49,False,,,False
Run 2,agentmemorybench:fact-mh-262k:context-0/factconsolidation_mh_262k_no49,2,4,0.5,0.0,1.3124999925494194,0.787743318436096,1.0,True,False,0.08838829496475781,Run 2::agentmemorybench:fact-mh-262k:context-0/factconsolidation_mh_262k_no49,True,0.0,5.87499988777563,False
Run 2,agentmemorybench:fact-mh-262k:context-0/factconsolidation_mh_262k_no49,3,4,0.75,0.0,1.8124999701976776,0.8594942772070944,1.0,True,False,0.0883883687217427,Run 2::agentmemorybench:fact-mh-262k:context-0/factconsolidation_mh_262k_no49,True,0.0,0.4999999776482582,False
Run 2,agentmemorybench:fact-mh-262k:context-0/factconsolidation_mh_262k_no49,4,4,1.0,1.0,6.4999999204301275,0.9984871274856598,1.0,True,False,0.17677654292590134,Run 2::agentmemorybench:fact-mh-262k:context-0/factconsolidation_mh_262k_no49,True,1.0,4.68749995023245,True
Run 2,agentmemorybench:fact-mh-262k:context-0/factconsolidation_mh_262k_no5,1,5,0.2,0.0,-4.9374999101273715,0.0071350467830630995,0.0,False,False,0.08838851096735642,Run 2::agentmemorybench:fact-mh-262k:context-0/factconsolidation_mh_262k_no5,False,,,False
Run 2,agentmemorybench:fact-mh-262k:context-0/factconsolidation_mh_262k_no5,2,5,0.4,0.0,0.0625,0.5156046866868782,0.5,False,False,0.08838834764831845,Run 2::agentmemorybench:fact-mh-262k:context-0/factconsolidation_mh_262k_no5,True,0.0,4.9999999101273715,False
Run 2,agentmemorybench:fact-mh-262k:context-0/factconsolidation_mh_262k_no5,3,5,0.6,0.25,1.5625,0.8265290065614008,1.0,False,False,0.0883883687217427,Run 2::agentmemorybench:fact-mh-262k:context-0/factconsolidation_mh_262k_no5,True,0.25,1.5,True
Run 2,agentmemorybench:fact-mh-262k:context-0/factconsolidation_mh_262k_no5,4,5,0.8,0.25,0.9375000149011612,0.7184218059987365,1.0,False,False,0.08838841086859121,Run 2::agentmemorybench:fact-mh-262k:context-0/factconsolidation_mh_262k_no5,True,0.0,-0.6249999850988388,False
Run 2,agentmemorybench:fact-mh-262k:context-0/factconsolidation_mh_262k_no5,5,5,1.0,1.0,5.187499864725396,0.9944344019481842,1.0,False,False,0.08838846453996861,Run 2::agentmemorybench:fact-mh-262k:context-0/factconsolidation_mh_262k_no5,True,0.75,4.249999849824235,True
Run 2,agentmemorybench:fact-mh-262k:context-0/factconsolidation_mh_262k_no50,1,4,0.25,0.0,-4.6249999813735485,0.00978221413874875,0.0,False,False,0.17677661890547394,Run 2::agentmemorybench:fact-mh-262k:context-0/factconsolidation_mh_262k_no50,False,,,False
Run 2,agentmemorybench:fact-mh-262k:context-0/factconsolidation_mh_262k_no50,2,4,0.5,0.0,2.4375000037252903,0.9195213874293009,1.0,False,False,0.08838846882050791,Run 2::agentmemorybench:fact-mh-262k:context-0/factconsolidation_mh_262k_no50,True,0.0,7.062499985098839,False
Run 2,agentmemorybench:fact-mh-262k:context-0/factconsolidation_mh_262k_no50,3,4,0.75,0.0,2.874999962747097,0.9465966683169889,1.0,False,False,2.1073424255447017e-08,Run 2::agentmemorybench:fact-mh-262k:context-0/factconsolidation_mh_262k_no50,True,0.0,0.4374999590218067,False
Run 2,agentmemorybench:fact-mh-262k:context-0/factconsolidation_mh_262k_no50,4,4,1.0,0.5,8.312500328560418,0.9997541515593555,1.0,False,False,0.08838842660163108,Run 2::agentmemorybench:fact-mh-262k:context-0/factconsolidation_mh_262k_no50,True,0.5,5.437500365813321,True
Run 2,agentmemorybench:fact-mh-262k:context-0/factconsolidation_mh_262k_no51,1,6,0.1666666666666666,0.0,-4.374999966006726,0.01243165127052475,0.0,True,False,6.387881727432377e-08,Run 2::agentmemorybench:fact-mh-262k:context-0/factconsolidation_mh_262k_no51,False,,,False
Run 2,agentmemorybench:fact-mh-262k:context-0/factconsolidation_mh_262k_no51,2,6,0.3333333333333333,0.0,2.1874999552965164,0.8989799663507458,1.0,True,False,0.08838840033187909,Run 2::agentmemorybench:fact-mh-262k:context-0/factconsolidation_mh_262k_no51,True,0.0,6.5624999213032424,False
Run 2,agentmemorybench:fact-mh-262k:context-0/factconsolidation_mh_262k_no51,3,6,0.5,0.0,3.7499999487772584,0.9770226289400539,1.0,True,False,2.7658869963311193e-08,Run 2::agentmemorybench:fact-mh-262k:context-0/factconsolidation_mh_262k_no51,True,0.0,1.562499993480742,False
Run 2,agentmemorybench:fact-mh-262k:context-0/factconsolidation_mh_262k_no51,4,6,0.6666666666666666,0.5,6.062499881722033,0.9976723299219898,1.0,True,False,0.08838837069737622,Run 2::agentmemorybench:fact-mh-262k:context-0/factconsolidation_mh_262k_no51,True,0.5,2.3124999329447746,True
Run 2,agentmemorybench:fact-mh-262k:context-0/factconsolidation_mh_262k_no51,5,6,0.8333333333333334,0.5,3.187499912455678,0.9602926890039286,1.0,True,False,0.08838836608756466,Run 2::agentmemorybench:fact-mh-262k:context-0/factconsolidation_mh_262k_no51,True,0.0,-2.874999969266355,False
Run 2,agentmemorybench:fact-mh-262k:context-0/factconsolidation_mh_262k_no51,6,6,1.0,1.0,6.749999973573722,0.9988304897040748,1.0,True,False,0.0,Run 2::agentmemorybench:fact-mh-262k:context-0/factconsolidation_mh_262k_no51,True,0.5,3.562500061118044,True
Run 2,agentmemorybench:fact-mh-262k:context-0/factconsolidation_mh_262k_no52,1,7,0.1428571428571428,0.0,-4.687500135973096,0.009142979674441401,0.0,True,False,0.08838824228119717,Run 2::agentmemorybench:fact-mh-262k:context-0/factconsolidation_mh_262k_no52,False,,,False
Run 2,agentmemorybench:fact-mh-262k:context-0/factconsolidation_mh_262k_no52,2,7,0.2857142857142857,0.0,0.375,0.5926665999540697,1.0,True,False,0.0,Run 2::agentmemorybench:fact-mh-262k:context-0/factconsolidation_mh_262k_no52,True,0.0,5.062500135973096,False
Run 2,agentmemorybench:fact-mh-262k:context-0/factconsolidation_mh_262k_no52,3,7,0.4285714285714285,0.0,0.1875,0.5466929371297772,1.0,True,False,0.08838834764831845,Run 2::agentmemorybench:fact-mh-262k:context-0/factconsolidation_mh_262k_no52,True,0.0,-0.1875,False
Run 2,agentmemorybench:fact-mh-262k:context-0/factconsolidation_mh_262k_no52,4,7,0.5714285714285714,0.0,1.125,0.754914986867628,1.0,True,False,8.429369702178807e-08,Run 2::agentmemorybench:fact-mh-262k:context-0/factconsolidation_mh_262k_no52,True,0.0,0.9375,False
Run 2,agentmemorybench:fact-mh-262k:context-0/factconsolidation_mh_262k_no52,5,7,0.7142857142857143,0.75,3.5000000102445483,0.9706877695401321,1.0,True,False,4.082975949492859e-08,Run 2::agentmemorybench:fact-mh-262k:context-0/factconsolidation_mh_262k_no52,True,0.75,2.3750000102445483,True
Run 2,agentmemorybench:fact-mh-262k:context-0/factconsolidation_mh_262k_no52,6,7,0.8571428571428571,0.75,2.8749999571591616,0.9462437365361365,1.0,True,False,0.1767765978320497,Run 2::agentmemorybench:fact-mh-262k:context-0/factconsolidation_mh_262k_no52,True,0.0,-0.6250000530853868,False
Run 2,agentmemorybench:fact-mh-262k:context-0/factconsolidation_mh_262k_no52,7,7,1.0,1.0,5.187499928288162,0.9944344023216872,1.0,True,False,0.08838837464864327,Run 2::agentmemorybench:fact-mh-262k:context-0/factconsolidation_mh_262k_no52,True,0.25,2.312499971129,True
Run 2,agentmemorybench:fact-mh-262k:context-0/factconsolidation_mh_262k_no53,1,6,0.1666666666666666,0.0,-5.125000100582838,0.005956487774410249,0.0,False,True,0.17677681383464833,Run 2::agentmemorybench:fact-mh-262k:context-0/factconsolidation_mh_262k_no53,False,,,False
Run 2,agentmemorybench:fact-mh-262k:context-0/factconsolidation_mh_262k_no53,2,6,0.3333333333333333,0.0,0.125,0.5312093733737563,1.0,False,True,0.0,Run 2::agentmemorybench:fact-mh-262k:context-0/factconsolidation_mh_262k_no53,True,0.0,5.250000100582838,False
Run 2,agentmemorybench:fact-mh-262k:context-0/factconsolidation_mh_262k_no53,3,6,0.5,0.0,0.6250000149011612,0.6508190184355123,1.0,False,True,0.17677671637006115,Run 2::agentmemorybench:fact-mh-262k:context-0/factconsolidation_mh_262k_no53,True,0.0,0.5000000149011612,False
Run 2,agentmemorybench:fact-mh-262k:context-0/factconsolidation_mh_262k_no53,4,6,0.6666666666666666,0.3333333333333333,0.125,0.5310882504428991,0.5,False,True,0.1767766952966369,Run 2::agentmemorybench:fact-mh-262k:context-0/factconsolidation_mh_262k_no53,True,0.3333333333333333,-0.5000000149011612,True
Run 2,agentmemorybench:fact-mh-262k:context-0/factconsolidation_mh_262k_no53,5,6,0.8333333333333334,0.3333333333333333,2.6249999552965164,0.9324533060447605,1.0,False,True,5.268356063861754e-08,Run 2::agentmemorybench:fact-mh-262k:context-0/factconsolidation_mh_262k_no53,True,0.0,2.4999999552965164,False
Run 2,agentmemorybench:fact-mh-262k:context-0/factconsolidation_mh_262k_no53,6,6,1.0,0.3333333333333333,5.624999825959094,0.9964063967953936,1.0,False,True,1.1524528889697587e-09,Run 2::agentmemorybench:fact-mh-262k:context-0/factconsolidation_mh_262k_no53,True,0.0,2.9999998706625775,False
Run 2,agentmemorybench:fact-mh-262k:context-0/factconsolidation_mh_262k_no54,1,6,0.1666666666666666,0.0,-5.062499881954864,0.0063019606586798005,0.0,True,False,0.088388454661801,Run 2::agentmemorybench:fact-mh-262k:context-0/factconsolidation_mh_262k_no54,False,,,False
Run 2,agentmemorybench:fact-mh-262k:context-0/factconsolidation_mh_262k_no54,2,6,0.3333333333333333,0.0,1.1874999850988388,0.7661074214416974,1.0,True,False,0.08838832657489419,Run 2::agentmemorybench:fact-mh-262k:context-0/factconsolidation_mh_262k_no54,True,0.0,6.2499998670537025,False
Run 2,agentmemorybench:fact-mh-262k:context-0/factconsolidation_mh_262k_no54,3,6,0.5,0.0,1.7499999776482582,0.8519527991491027,1.0,True,False,1.0536712127723509e-08,Run 2::agentmemorybench:fact-mh-262k:context-0/factconsolidation_mh_262k_no54,True,0.0,0.5624999925494194,False
Run 2,agentmemorybench:fact-mh-262k:context-0/factconsolidation_mh_262k_no54,4,6,0.6666666666666666,0.6666666666666666,-0.7500000149011612,0.32143005094387,0.0,True,False,0.17677675851690966,Run 2::agentmemorybench:fact-mh-262k:context-0/factconsolidation_mh_262k_no54,False,0.6666666666666666,-2.4999999925494194,True
Run 2,agentmemorybench:fact-mh-262k:context-0/factconsolidation_mh_262k_no54,5,6,0.8333333333333334,0.6666666666666666,2.875000063329935,0.9465966734015936,1.0,True,False,3.687849244703228e-08,Run 2::agentmemorybench:fact-mh-262k:context-0/factconsolidation_mh_262k_no54,True,0.0,3.6250000782310963,False
Run 2,agentmemorybench:fact-mh-262k:context-0/factconsolidation_mh_262k_no54,6,6,1.0,1.0,6.312499935447704,0.9981862713488908,1.0,True,False,0.08838830821796603,Run 2::agentmemorybench:fact-mh-262k:context-0/factconsolidation_mh_262k_no54,True,0.33333333333333337,3.437499872117769,True
Run 2,agentmemorybench:fact-mh-262k:context-0/factconsolidation_mh_262k_no55,1,8,0.125,0.0,-3.749999969266355,0.0229773705999778,0.0,True,False,3.0293047367205085e-08,Run 2::agentmemorybench:fact-mh-262k:context-0/factconsolidation_mh_262k_no55,False,,,False
Run 2,agentmemorybench:fact-mh-262k:context-0/factconsolidation_mh_262k_no55,2,8,0.25,0.0,0.125,0.5310882504428991,0.5,True,False,0.1767766952966369,Run 2::agentmemorybench:fact-mh-262k:context-0/factconsolidation_mh_262k_no55,True,0.0,3.874999969266355,False
Run 2,agentmemorybench:fact-mh-262k:context-0/factconsolidation_mh_262k_no55,3,8,0.375,0.25,2.1249998956918716,0.8933093961129794,1.0,True,False,1.053671197071426e-08,Run 2::agentmemorybench:fact-mh-262k:context-0/factconsolidation_mh_262k_no55,True,0.25,1.9999998956918716,True
Run 2,agentmemorybench:fact-mh-262k:context-0/factconsolidation_mh_262k_no55,4,8,0.5,0.25,0.4999999850988388,0.6224593277000263,1.0,True,False,2.1073424255447017e-08,Run 2::agentmemorybench:fact-mh-262k:context-0/factconsolidation_mh_262k_no55,True,0.0,-1.6249999105930328,False
Run 2,agentmemorybench:fact-mh-262k:context-0/factconsolidation_mh_262k_no55,5,8,0.625,0.75,2.749999912455678,0.9399133448818175,1.0,True,False,7.90253409579263e-09,Run 2::agentmemorybench:fact-mh-262k:context-0/factconsolidation_mh_262k_no55,True,0.5,2.249999927356839,True
Run 2,agentmemorybench:fact-mh-262k:context-0/factconsolidation_mh_262k_no55,6,8,0.75,0.75,2.2499999403953552,0.9046505299595164,1.0,True,False,0.0,Run 2::agentmemorybench:fact-mh-262k:context-0/factconsolidation_mh_262k_no55,True,0.0,-0.49999997206032276,False
Run 2,agentmemorybench:fact-mh-262k:context-0/factconsolidation_mh_262k_no55,7,8,0.875,1.0,3.437500008381903,0.9688008956618699,1.0,True,False,0.08838836477047565,Run 2::agentmemorybench:fact-mh-262k:context-0/factconsolidation_mh_262k_no55,True,0.25,1.187500067986548,True
Run 2,agentmemorybench:fact-mh-262k:context-0/factconsolidation_mh_262k_no55,8,8,1.0,1.0,3.500000001862645,0.9706877693016416,1.0,True,False,3.9512670478963156e-08,Run 2::agentmemorybench:fact-mh-262k:context-0/factconsolidation_mh_262k_no55,True,0.0,0.06249999348074198,False
Run 2,agentmemorybench:fact-mh-262k:context-0/factconsolidation_mh_262k_no56,1,3,0.3333333333333333,0.0,-3.7499999729916453,0.0231448559281145,0.0,False,True,0.1767767203213277,Run 2::agentmemorybench:fact-mh-262k:context-0/factconsolidation_mh_262k_no56,False,,,False
Run 2,agentmemorybench:fact-mh-262k:context-0/factconsolidation_mh_262k_no56,2,3,0.6666666666666666,0.0,2.750000039115548,0.9395249913223573,1.0,False,True,0.17677679276122407,Run 2::agentmemorybench:fact-mh-262k:context-0/factconsolidation_mh_262k_no56,True,0.0,6.5000000121071935,False
Run 2,agentmemorybench:fact-mh-262k:context-0/factconsolidation_mh_262k_no56,3,3,1.0,1.0,5.93750011571683,0.9973632252456273,1.0,False,True,0.0883883199894491,Run 2::agentmemorybench:fact-mh-262k:context-0/factconsolidation_mh_262k_no56,True,1.0,3.1875000766012818,True
Run 2,agentmemorybench:fact-mh-262k:context-0/factconsolidation_mh_262k_no57,1,14,0.0714285714285714,0.0,-5.812499900232069,0.002986805196584,0.0,False,True,0.08838830698319508,Run 2::agentmemorybench:fact-mh-262k:context-0/factconsolidation_mh_262k_no57,False,,,False
Run 2,agentmemorybench:fact-mh-262k:context-0/factconsolidation_mh_262k_no57,2,14,0.1428571428571428,0.0,-1.437500037252903,0.19211936712144345,0.0,False,True,0.08838831603818206,Run 2::agentmemorybench:fact-mh-262k:context-0/factconsolidation_mh_262k_no57,False,0.0,4.374999862979166,False
Run 2,agentmemorybench:fact-mh-262k:context-0/factconsolidation_mh_262k_no57,3,14,0.2142857142857142,0.0,-0.3125,0.4225784495800661,0.0,False,True,0.08838834764831845,Run 2::agentmemorybench:fact-mh-262k:context-0/factconsolidation_mh_262k_no57,False,0.0,1.125000037252903,False
Run 2,agentmemorybench:fact-mh-262k:context-0/factconsolidation_mh_262k_no57,4,14,0.2857142857142857,0.0,0.9999999701976776,0.7310585727705126,1.0,False,True,4.2146848510894035e-08,Run 2::agentmemorybench:fact-mh-262k:context-0/factconsolidation_mh_262k_no57,True,0.0,1.3124999701976776,False
Run 2,agentmemorybench:fact-mh-262k:context-0/factconsolidation_mh_262k_no57,5,14,0.3571428571428571,0.6666666666666666,4.937499899882823,0.9928649531413205,1.0,False,True,0.08838852084552404,Run 2::agentmemorybench:fact-mh-262k:context-0/factconsolidation_mh_262k_no57,True,0.6666666666666666,3.9374999296851456,True
Run 2,agentmemorybench:fact-mh-262k:context-0/factconsolidation_mh_262k_no57,6,14,0.4285714285714285,0.6666666666666666,0.9999999552965164,0.7310585698407664,1.0,False,True,2.1073424255447017e-08,Run 2::agentmemorybench:fact-mh-262k:context-0/factconsolidation_mh_262k_no57,True,0.0,-3.937499944586307,False
Run 2,agentmemorybench:fact-mh-262k:context-0/factconsolidation_mh_262k_no57,7,14,0.5,0.6666666666666666,-0.9999999701976776,0.26894142722948744,0.0,False,True,4.2146848510894035e-08,Run 2::agentmemorybench:fact-mh-262k:context-0/factconsolidation_mh_262k_no57,False,0.0,-1.999999925494194,False
Run 2,agentmemorybench:fact-mh-262k:context-0/factconsolidation_mh_262k_no57,8,14,0.5714285714285714,0.6666666666666666,-1.8125,0.14050571911475934,0.0,False,True,0.08838834764831845,Run 2::agentmemorybench:fact-mh-262k:context-0/factconsolidation_mh_262k_no57,False,0.0,-0.8125000298023224,False
Run 2,agentmemorybench:fact-mh-262k:context-0/factconsolidation_mh_262k_no57,9,14,0.6428571428571429,0.6666666666666666,-0.25,0.43806201333608696,0.0,False,True,0.1767766952966369,Run 2::agentmemorybench:fact-mh-262k:context-0/factconsolidation_mh_262k_no57,False,0.0,1.5625,False
Run 2,agentmemorybench:fact-mh-262k:context-0/factconsolidation_mh_262k_no57,10,14,0.7142857142857143,0.6666666666666666,-2.4999999329447746,0.07585818472206415,0.0,False,True,3.161013638317052e-08,Run 2::agentmemorybench:fact-mh-262k:context-0/factconsolidation_mh_262k_no57,False,0.0,-2.2499999329447746,False
Run 2,agentmemorybench:fact-mh-262k:context-0/factconsolidation_mh_262k_no57,11,14,0.7857142857142857,1.0,-1.4375000149011612,0.19360829775018784,0.0,False,True,0.26516497972468256,Run 2::agentmemorybench:fact-mh-262k:context-0/factconsolidation_mh_262k_no57,False,0.33333333333333337,1.0624999180436134,True
Run 2,agentmemorybench:fact-mh-262k:context-0/factconsolidation_mh_262k_no57,12,14,0.8571428571428571,1.0,-3.0624999944120646,0.044756801025363,0.0,False,True,0.08838848725975414,Run 2::agentmemorybench:fact-mh-262k:context-0/factconsolidation_mh_262k_no57,False,0.0,-1.6249999795109034,False
Run 2,agentmemorybench:fact-mh-262k:context-0/factconsolidation_mh_262k_no57,13,14,0.9285714285714286,1.0,2.625000024214387,0.9320275867775749,1.0,False,True,0.17677662417383003,Run 2::agentmemorybench:fact-mh-262k:context-0/factconsolidation_mh_262k_no57,True,0.0,5.6875000186264515,False
Run 2,agentmemorybench:fact-mh-262k:context-0/factconsolidation_mh_262k_no57,14,14,1.0,1.0,-0.5625000149011612,0.3630928986821155,0.0,False,True,0.0883883687217427,Run 2::agentmemorybench:fact-mh-262k:context-0/factconsolidation_mh_262k_no57,False,0.0,-3.187500039115548,False
Run 2,agentmemorybench:fact-mh-262k:context-0/factconsolidation_mh_262k_no58,1,3,0.3333333333333333,0.0,-3.875000066123903,0.020481788919702502,0.0,False,False,0.1767768783720101,Run 2::agentmemorybench:fact-mh-262k:context-0/factconsolidation_mh_262k_no58,False,,,False
Run 2,agentmemorybench:fact-mh-262k:context-0/factconsolidation_mh_262k_no58,2,3,0.6666666666666666,0.0,-2.3750000074505806,0.08509904442693905,0.0,False,False,1.1590383340495858e-07,Run 2::agentmemorybench:fact-mh-262k:context-0/factconsolidation_mh_262k_no58,False,0.0,1.5000000586733222,False
Run 2,agentmemorybench:fact-mh-262k:context-0/factconsolidation_mh_262k_no58,3,3,1.0,0.5,4.812499925261363,0.9919226360926094,1.0,False,False,0.08838825512281506,Run 2::agentmemorybench:fact-mh-262k:context-0/factconsolidation_mh_262k_no58,True,0.5,7.187499932711944,True
Run 2,agentmemorybench:fact-mh-262k:context-0/factconsolidation_mh_262k_no59,1,5,0.2,0.0,-5.625000216765329,0.003593601805251,0.0,False,False,0.0,Run 2::agentmemorybench:fact-mh-262k:context-0/factconsolidation_mh_262k_no59,False,,,False
Run 2,agentmemorybench:fact-mh-262k:context-0/factconsolidation_mh_262k_no59,2,5,0.4,0.0,0.125,0.5312093733737563,1.0,False,False,0.0,Run 2::agentmemorybench:fact-mh-262k:context-0/factconsolidation_mh_262k_no59,True,0.0,5.750000216765329,False
Run 2,agentmemorybench:fact-mh-262k:context-0/factconsolidation_mh_262k_no59,3,5,0.6,0.5,0.7500000149011612,0.6791787024222814,1.0,False,False,2.1073424255447017e-08,Run 2::agentmemorybench:fact-mh-262k:context-0/factconsolidation_mh_262k_no59,True,0.5,0.6250000149011612,True
Run 2,agentmemorybench:fact-mh-262k:context-0/factconsolidation_mh_262k_no59,4,5,0.8,0.5,2.8750000335276127,0.946596671895044,1.0,False,False,5.268356063861754e-08,Run 2::agentmemorybench:fact-mh-262k:context-0/factconsolidation_mh_262k_no59,True,0.0,2.1250000186264515,False
Run 2,agentmemorybench:fact-mh-262k:context-0/factconsolidation_mh_262k_no59,5,5,1.0,0.5,8.312500269326847,0.9997541515475401,1.0,False,False,0.08838817358677317,Run 2::agentmemorybench:fact-mh-262k:context-0/factconsolidation_mh_262k_no59,True,0.0,5.437500235799234,False
Run 2,agentmemorybench:fact-mh-262k:context-0/factconsolidation_mh_262k_no6,1,3,0.3333333333333333,0.0,-3.437500001862645,0.0311991046883866,0.0,False,False,0.08838848725975429,Run 2::agentmemorybench:fact-mh-262k:context-0/factconsolidation_mh_262k_no6,False,,,False
Run 2,agentmemorybench:fact-mh-262k:context-0/factconsolidation_mh_262k_no6,2,3,0.6666666666666666,0.0,2.812500076368451,0.9432550140612268,1.0,False,False,0.08838836608756466,Run 2::agentmemorybench:fact-mh-262k:context-0/factconsolidation_mh_262k_no6,True,0.0,6.250000078231096,False
Run 2,agentmemorybench:fact-mh-262k:context-0/factconsolidation_mh_262k_no6,3,3,1.0,1.0,8.625000314728823,0.9998204720871458,1.0,False,False,8.42731175059136e-08,Run 2::agentmemorybench:fact-mh-262k:context-0/factconsolidation_mh_262k_no6,True,1.0,5.812500238360371,True
Run 2,agentmemorybench:fact-mh-262k:context-0/factconsolidation_mh_262k_no60,1,5,0.2,0.0,-3.8125000298023224,0.0216548610657047,0.0,True,False,0.0883884266736594,Run 2::agentmemorybench:fact-mh-262k:context-0/factconsolidation_mh_262k_no60,False,,,False
Run 2,agentmemorybench:fact-mh-262k:context-0/factconsolidation_mh_262k_no60,2,5,0.4,0.0,2.812499949708581,0.9432550073273156,1.0,True,False,0.0883883450141404,Run 2::agentmemorybench:fact-mh-262k:context-0/factconsolidation_mh_262k_no60,True,0.0,6.624999979510903,False
Run 2,agentmemorybench:fact-mh-262k:context-0/factconsolidation_mh_262k_no60,3,5,0.6,0.5,1.3125000074505806,0.7877433206573303,1.0,True,False,0.08838835818503057,Run 2::agentmemorybench:fact-mh-262k:context-0/factconsolidation_mh_262k_no60,True,0.5,-1.4999999422580004,True
Run 2,agentmemorybench:fact-mh-262k:context-0/factconsolidation_mh_262k_no60,4,5,0.8,0.5,2.5624999552965164,0.9282975615509084,1.0,True,False,0.08838830550146994,Run 2::agentmemorybench:fact-mh-262k:context-0/factconsolidation_mh_262k_no60,True,0.0,1.2499999478459358,False
Run 2,agentmemorybench:fact-mh-262k:context-0/factconsolidation_mh_262k_no60,5,5,1.0,1.0,5.625000179745257,0.9964063980621916,1.0,True,False,0.0,Run 2::agentmemorybench:fact-mh-262k:context-0/factconsolidation_mh_262k_no60,True,0.5,3.0625002244487405,True
Run 2,agentmemorybench:fact-mh-262k:context-0/factconsolidation_mh_262k_no61,1,4,0.25,0.0,-4.875000046798959,0.007635167831086051,0.0,True,False,0.17677672065060043,Run 2::agentmemorybench:fact-mh-262k:context-0/factconsolidation_mh_262k_no61,False,,,False
Run 2,agentmemorybench:fact-mh-262k:context-0/factconsolidation_mh_262k_no61,2,4,0.5,0.0,2.0000000819563866,0.880797086582777,1.0,True,False,1.0536712127723509e-08,Run 2::agentmemorybench:fact-mh-262k:context-0/factconsolidation_mh_262k_no61,True,0.0,6.875000128755346,False
Run 2,agentmemorybench:fact-mh-262k:context-0/factconsolidation_mh_262k_no61,3,4,0.75,0.0,1.625,0.8347636387379936,1.0,True,False,0.1767767374434854,Run 2::agentmemorybench:fact-mh-262k:context-0/factconsolidation_mh_262k_no61,True,0.0,-0.37500008195638657,False
Run 2,agentmemorybench:fact-mh-262k:context-0/factconsolidation_mh_262k_no61,4,4,1.0,1.0,8.687499895429937,0.9998310178881269,1.0,True,False,0.08838834511703798,Run 2::agentmemorybench:fact-mh-262k:context-0/factconsolidation_mh_262k_no61,True,1.0,7.062499895429937,True
Run 2,agentmemorybench:fact-mh-262k:context-0/factconsolidation_mh_262k_no62,1,5,0.2,0.0,-4.375000203959644,0.0124316483491521,0.0,True,False,0.0,Run 2::agentmemorybench:fact-mh-262k:context-0/factconsolidation_mh_262k_no62,False,,,False
Run 2,agentmemorybench:fact-mh-262k:context-0/factconsolidation_mh_262k_no62,2,5,0.4,0.0,0.875,0.705785027837011,1.0,True,False,8.429369702178807e-08,Run 2::agentmemorybench:fact-mh-262k:context-0/factconsolidation_mh_262k_no62,True,0.0,5.250000203959644,False
Run 2,agentmemorybench:fact-mh-262k:context-0/factconsolidation_mh_262k_no62,3,5,0.6,0.5,2.249999910593033,0.904650527388829,1.0,True,False,0.0,Run 2::agentmemorybench:fact-mh-262k:context-0/factconsolidation_mh_262k_no62,True,0.5,1.3749999105930328,True
Run 2,agentmemorybench:fact-mh-262k:context-0/factconsolidation_mh_262k_no62,4,5,0.8,0.5,3.4375000027939677,0.9688008956280965,1.0,True,False,0.08838825676917587,Run 2::agentmemorybench:fact-mh-262k:context-0/factconsolidation_mh_262k_no62,True,0.0,1.1875000922009349,False
Run 2,agentmemorybench:fact-mh-262k:context-0/factconsolidation_mh_262k_no62,5,5,1.0,1.0,6.1874998031998985,0.9979452740378316,1.0,True,False,0.08838839531047721,Run 2::agentmemorybench:fact-mh-262k:context-0/factconsolidation_mh_262k_no62,True,0.5,2.7499998004059307,True
Run 2,agentmemorybench:fact-mh-262k:context-0/factconsolidation_mh_262k_no63,1,9,0.1111111111111111,0.0,-4.187500139232725,0.014985007265490999,0.0,False,True,0.08838825742772084,Run 2::agentmemorybench:fact-mh-262k:context-0/factconsolidation_mh_262k_no63,False,,,False
Run 2,agentmemorybench:fact-mh-262k:context-0/factconsolidation_mh_262k_no63,2,9,0.2222222222222222,0.0,-0.1875,0.4533070628702228,0.0,False,True,0.08838834764831845,Run 2::agentmemorybench:fact-mh-262k:context-0/factconsolidation_mh_262k_no63,False,0.0,4.000000139232725,False
Run 2,agentmemorybench:fact-mh-262k:context-0/factconsolidation_mh_262k_no63,3,9,0.3333333333333333,0.0,-1.937499962747097,0.12608358494461425,0.0,False,True,0.08838827389133355,Run 2::agentmemorybench:fact-mh-262k:context-0/factconsolidation_mh_262k_no63,False,0.0,-1.749999962747097,False
Run 2,agentmemorybench:fact-mh-262k:context-0/factconsolidation_mh_262k_no63,4,9,0.4444444444444444,0.25,2.3749999701976776,0.9149009526726541,1.0,False,True,1.1590383340495858e-07,Run 2::agentmemorybench:fact-mh-262k:context-0/factconsolidation_mh_262k_no63,True,0.25,4.312499932944775,True
Run 2,agentmemorybench:fact-mh-262k:context-0/factconsolidation_mh_262k_no63,5,9,0.5555555555555556,0.5,-0.5625000447034836,0.3630928917963573,0.0,False,True,0.0883883687217427,Run 2::agentmemorybench:fact-mh-262k:context-0/factconsolidation_mh_262k_no63,False,0.25,-2.937500014901161,True
Run 2,agentmemorybench:fact-mh-262k:context-0/factconsolidation_mh_262k_no63,6,9,0.6666666666666666,0.5,1.5625000223517418,0.8265290098079443,1.0,False,True,0.08838835818503057,Run 2::agentmemorybench:fact-mh-262k:context-0/factconsolidation_mh_262k_no63,True,0.0,2.1250000670552254,False
Run 2,agentmemorybench:fact-mh-262k:context-0/factconsolidation_mh_262k_no63,7,9,0.7777777777777778,0.75,-0.4374999850988388,0.392437037923866,0.0,False,True,0.08838832657489419,Run 2::agentmemorybench:fact-mh-262k:context-0/factconsolidation_mh_262k_no63,False,0.25,-2.0000000074505806,True
Run 2,agentmemorybench:fact-mh-262k:context-0/factconsolidation_mh_262k_no63,8,9,0.8888888888888888,0.75,0.5625,0.6369070980518525,1.0,False,True,0.08838830550146994,Run 2::agentmemorybench:fact-mh-262k:context-0/factconsolidation_mh_262k_no63,True,0.0,0.9999999850988388,False
Run 2,agentmemorybench:fact-mh-262k:context-0/factconsolidation_mh_262k_no63,9,9,1.0,0.75,4.4999999506399035,0.9890130568330485,1.0,False,True,1.672703050276107e-07,Run 2::agentmemorybench:fact-mh-262k:context-0/factconsolidation_mh_262k_no63,True,0.0,3.9374999506399035,False
Run 2,agentmemorybench:fact-mh-262k:context-0/factconsolidation_mh_262k_no64,1,3,0.3333333333333333,0.0,-3.374999910593033,0.033085981248949,0.0,False,False,0.0,Run 2::agentmemorybench:fact-mh-262k:context-0/factconsolidation_mh_262k_no64,False,,,False
Run 2,agentmemorybench:fact-mh-262k:context-0/factconsolidation_mh_262k_no64,2,3,0.6666666666666666,0.0,2.937500052154064,0.9495854011577773,1.0,False,False,0.08838826862297748,Run 2::agentmemorybench:fact-mh-262k:context-0/factconsolidation_mh_262k_no64,True,0.0,6.312499962747097,False
Run 2,agentmemorybench:fact-mh-262k:context-0/factconsolidation_mh_262k_no64,3,3,1.0,0.5,7.750000036714482,0.9995660791952162,1.0,False,False,0.17677674623093867,Run 2::agentmemorybench:fact-mh-262k:context-0/factconsolidation_mh_262k_no64,True,0.5,4.812499984560418,True
Run 2,agentmemorybench:fact-mh-262k:context-0/factconsolidation_mh_262k_no65,1,3,0.3333333333333333,0.0,-4.000000158324838,0.0179862071656466,0.0,False,False,0.0,Run 2::agentmemorybench:fact-mh-262k:context-0/factconsolidation_mh_262k_no65,False,,,False
Run 2,agentmemorybench:fact-mh-262k:context-0/factconsolidation_mh_262k_no65,2,3,0.6666666666666666,0.0,0.4375,0.6075629655779622,1.0,False,False,0.08838834764831845,Run 2::agentmemorybench:fact-mh-262k:context-0/factconsolidation_mh_262k_no65,True,0.0,4.437500158324838,False
Run 2,agentmemorybench:fact-mh-262k:context-0/factconsolidation_mh_262k_no65,3,3,1.0,0.5,7.687499809675501,0.9995407928092686,1.0,False,False,0.08838841286480426,Run 2::agentmemorybench:fact-mh-262k:context-0/factconsolidation_mh_262k_no65,True,0.5,7.249999809675501,True
Run 2,agentmemorybench:fact-mh-262k:context-0/factconsolidation_mh_262k_no66,1,5,0.2,0.0,-4.249999881256372,0.0141690228598155,0.0,True,False,0.17677662746655257,Run 2::agentmemorybench:fact-mh-262k:context-0/factconsolidation_mh_262k_no66,False,,,False
Run 2,agentmemorybench:fact-mh-262k:context-0/factconsolidation_mh_262k_no66,2,5,0.4,0.0,2.437499918043613,0.9195213814804649,1.0,True,False,0.08838832657489419,Run 2::agentmemorybench:fact-mh-262k:context-0/factconsolidation_mh_262k_no66,True,0.0,6.687499799299985,False
Run 2,agentmemorybench:fact-mh-262k:context-0/factconsolidation_mh_262k_no66,3,5,0.6,0.5,3.9999997820705175,0.9820137861886836,1.0,True,False,5.268356063861754e-09,Run 2::agentmemorybench:fact-mh-262k:context-0/factconsolidation_mh_262k_no66,True,0.5,1.5624998640269046,True
Run 2,agentmemorybench:fact-mh-262k:context-0/factconsolidation_mh_262k_no66,4,5,0.8,0.5,3.9374999860301614,0.9808407181429054,1.0,True,False,0.08838827520842273,Run 2::agentmemorybench:fact-mh-262k:context-0/factconsolidation_mh_262k_no66,True,0.0,-0.06249979604035616,False
Run 2,agentmemorybench:fact-mh-262k:context-0/factconsolidation_mh_262k_no66,5,5,1.0,1.0,8.499999902618583,0.9997965730021388,1.0,True,False,5.056592845513561e-07,Run 2::agentmemorybench:fact-mh-262k:context-0/factconsolidation_mh_262k_no66,True,0.5,4.562499916588422,True
Run 2,agentmemorybench:fact-mh-262k:context-0/factconsolidation_mh_262k_no67,1,5,0.2,0.0,-5.125000142492354,0.0059110680189405004,0.0,False,False,9.812313168942517e-08,Run 2::agentmemorybench:fact-mh-262k:context-0/factconsolidation_mh_262k_no67,False,,,False
Run 2,agentmemorybench:fact-mh-262k:context-0/factconsolidation_mh_262k_no67,2,5,0.4,0.0,1.5625000447034836,0.8265290131416273,1.0,False,False,0.08838832657489419,Run 2::agentmemorybench:fact-mh-262k:context-0/factconsolidation_mh_262k_no67,True,0.0,6.6875001871958375,False
Run 2,agentmemorybench:fact-mh-262k:context-0/factconsolidation_mh_262k_no67,3,5,0.6,0.5,0.3125,0.5774215504199338,1.0,False,False,0.08838834764831845,Run 2::agentmemorybench:fact-mh-262k:context-0/factconsolidation_mh_262k_no67,True,0.5,-1.2500000447034836,True
Run 2,agentmemorybench:fact-mh-262k:context-0/factconsolidation_mh_262k_no67,4,5,0.8,0.5,2.812500026077032,0.9432550114306375,1.0,False,False,0.08838833711160632,Run 2::agentmemorybench:fact-mh-262k:context-0/factconsolidation_mh_262k_no67,True,0.0,2.500000026077032,False
Run 2,agentmemorybench:fact-mh-262k:context-0/factconsolidation_mh_262k_no67,5,5,1.0,1.0,8.249999796040356,0.9997388096276458,1.0,False,False,1.685462350118272e-07,Run 2::agentmemorybench:fact-mh-262k:context-0/factconsolidation_mh_262k_no67,True,0.5,5.437499769963324,True
Run 2,agentmemorybench:fact-mh-262k:context-0/factconsolidation_mh_262k_no68,1,5,0.2,0.0,-4.187500077765435,0.0149850081294401,0.0,True,False,0.08838818893909202,Run 2::agentmemorybench:fact-mh-262k:context-0/factconsolidation_mh_262k_no68,False,,,False
Run 2,agentmemorybench:fact-mh-262k:context-0/factconsolidation_mh_262k_no68,2,5,0.4,0.0,1.25,0.7765508819469846,1.0,True,False,0.1767767374434854,Run 2::agentmemorybench:fact-mh-262k:context-0/factconsolidation_mh_262k_no68,True,0.0,5.437500077765435,False
Run 2,agentmemorybench:fact-mh-262k:context-0/factconsolidation_mh_262k_no68,3,5,0.6,0.5,0.7499999850988388,0.6791786959285045,1.0,True,False,2.1073424255447017e-08,Run 2::agentmemorybench:fact-mh-262k:context-0/factconsolidation_mh_262k_no68,True,0.5,-0.5000000149011612,True
Run 2,agentmemorybench:fact-mh-262k:context-0/factconsolidation_mh_262k_no68,4,5,0.8,0.5,3.187500013038516,0.9602926929937535,1.0,True,False,0.08838826598879945,Run 2::agentmemorybench:fact-mh-262k:context-0/factconsolidation_mh_262k_no68,True,0.0,2.4375000279396772,False
Run 2,agentmemorybench:fact-mh-262k:context-0/factconsolidation_mh_262k_no68,5,5,1.0,1.0,6.750000090687536,0.9988304898408804,1.0,True,False,1.6875203017057182e-07,Run 2::agentmemorybench:fact-mh-262k:context-0/factconsolidation_mh_262k_no68,True,0.5,3.5625000776490197,True
Run 2,agentmemorybench:fact-mh-262k:context-0/factconsolidation_mh_262k_no69,1,11,0.0909090909090909,0.0,-4.999999911990017,0.0066928515093802,0.0,True,False,0.0,Run 2::agentmemorybench:fact-mh-262k:context-0/factconsolidation_mh_262k_no69,False,,,False
Run 2,agentmemorybench:fact-mh-262k:context-0/factconsolidation_mh_262k_no69,2,11,0.1818181818181818,0.0,0.1875,0.5463332999770348,0.5,True,False,0.2651650429449553,Run 2::agentmemorybench:fact-mh-262k:context-0/factconsolidation_mh_262k_no69,True,0.0,5.187499911990017,False
Run 2,agentmemorybench:fact-mh-262k:context-0/factconsolidation_mh_262k_no69,3,11,0.2727272727272727,0.25,1.25,0.7772998611746911,1.0,True,False,4.2146848510894035e-08,Run 2::agentmemorybench:fact-mh-262k:context-0/factconsolidation_mh_262k_no69,True,0.25,1.0625,True
Run 2,agentmemorybench:fact-mh-262k:context-0/factconsolidation_mh_262k_no69,4,11,0.3636363636363636,0.25,0.4375,0.6075629655779622,1.0,True,False,0.08838834764831845,Run 2::agentmemorybench:fact-mh-262k:context-0/factconsolidation_mh_262k_no69,True,0.0,-0.8125,False
Run 2,agentmemorybench:fact-mh-262k:context-0/factconsolidation_mh_262k_no69,5,11,0.4545454545454545,0.5,0.5000000149011612,0.6224593347036828,1.0,True,False,2.1073424255447017e-08,Run 2::agentmemorybench:fact-mh-262k:context-0/factconsolidation_mh_262k_no69,True,0.25,0.0625000149011612,True
Run 2,agentmemorybench:fact-mh-262k:context-0/factconsolidation_mh_262k_no69,6,11,0.5454545454545454,0.5,2.2500000074505806,0.904650535743562,1.0,True,False,7.375698489406456e-08,Run 2::agentmemorybench:fact-mh-262k:context-0/factconsolidation_mh_262k_no69,True,0.0,1.7499999925494194,False
Run 2,agentmemorybench:fact-mh-262k:context-0/factconsolidation_mh_262k_no69,7,11,0.6363636363636364,0.75,2.062499985098839,0.8870532401629275,1.0,True,False,0.08838845301543972,Run 2::agentmemorybench:fact-mh-262k:context-0/factconsolidation_mh_262k_no69,True,0.25,-0.1875000223517418,True
Run 2,agentmemorybench:fact-mh-262k:context-0/factconsolidation_mh_262k_no69,8,11,0.7272727272727273,0.75,3.4375000754371285,0.968800897635699,1.0,True,False,0.08838840691732416,Run 2::agentmemorybench:fact-mh-262k:context-0/factconsolidation_mh_262k_no69,True,0.0,1.3750000903382897,False
Run 2,agentmemorybench:fact-mh-262k:context-0/factconsolidation_mh_262k_no69,9,11,0.8181818181818182,1.0,4.499999866820872,0.9890130559222516,1.0,True,False,3.951267989951778e-09,Run 2::agentmemorybench:fact-mh-262k:context-0/factconsolidation_mh_262k_no69,True,0.25,1.0624997913837433,True
Run 2,agentmemorybench:fact-mh-262k:context-0/factconsolidation_mh_262k_no69,10,11,0.9090909090909092,1.0,5.8124999849824235,0.9970131950878393,1.0,True,False,0.08838806167536585,Run 2::agentmemorybench:fact-mh-262k:context-0/factconsolidation_mh_262k_no69,True,0.0,1.3125001181615517,False
Run 2,agentmemorybench:fact-mh-262k:context-0/factconsolidation_mh_262k_no69,11,11,1.0,1.0,5.312499933876097,0.9950851507494383,1.0,True,False,0.08838830418438091,Run 2::agentmemorybench:fact-mh-262k:context-0/factconsolidation_mh_262k_no69,True,0.0,-0.5000000511063263,False
Run 2,agentmemorybench:fact-mh-262k:context-0/factconsolidation_mh_262k_no7,1,22,0.0454545454545454,0.0,-4.499999982304871,0.0110700638523348,0.0,False,False,0.17677668607701377,Run 2::agentmemorybench:fact-mh-262k:context-0/factconsolidation_mh_262k_no7,False,,,False
Run 2,agentmemorybench:fact-mh-262k:context-0/factconsolidation_mh_262k_no7,2,22,0.0909090909090909,0.0,-4.625000042375177,0.00978221368819875,0.0,False,False,0.1767767868343235,Run 2::agentmemorybench:fact-mh-262k:context-0/factconsolidation_mh_262k_no7,False,0.0,-0.12500006007030606,False
Run 2,agentmemorybench:fact-mh-262k:context-0/factconsolidation_mh_262k_no7,3,22,0.1363636363636363,0.0,-4.625000056345016,0.0097822135066982,0.0,False,False,0.17677673151658482,Run 2::agentmemorybench:fact-mh-262k:context-0/factconsolidation_mh_262k_no7,False,0.0,-1.3969838619232178e-08,False
Run 2,agentmemorybench:fact-mh-262k:context-0/factconsolidation_mh_262k_no7,4,22,0.1818181818181818,0.5,1.8750000819563866,0.8670357692504921,1.0,False,False,1.0536712127723509e-08,Run 2::agentmemorybench:fact-mh-262k:context-0/factconsolidation_mh_262k_no7,True,0.5,6.500000138301402,True
Run 2,agentmemorybench:fact-mh-262k:context-0/factconsolidation_mh_262k_no7,5,22,0.2272727272727272,0.5,2.3125001080334187,0.909775753896247,1.0,False,False,0.0883883529166745,Run 2::agentmemorybench:fact-mh-262k:context-0/factconsolidation_mh_262k_no7,True,0.0,0.4375000260770321,False
Run 2,agentmemorybench:fact-mh-262k:context-0/factconsolidation_mh_262k_no7,6,22,0.2727272727272727,0.5,-0.0625,0.48439531331312186,0.0,False,False,0.08838834764831845,Run 2::agentmemorybench:fact-mh-262k:context-0/factconsolidation_mh_262k_no7,False,0.0,-2.3750001080334187,False
Run 2,agentmemorybench:fact-mh-262k:context-0/factconsolidation_mh_262k_no7,7,22,0.3181818181818182,0.5,-0.6874999701976776,0.33473322484713663,0.0,False,False,0.08838838979516696,Run 2::agentmemorybench:fact-mh-262k:context-0/factconsolidation_mh_262k_no7,False,0.0,-0.6249999701976776,False
Run 2,agentmemorybench:fact-mh-262k:context-0/factconsolidation_mh_262k_no7,8,22,0.3636363636363636,0.5,-0.5625,0.36407735043526857,0.0,False,False,0.2651650429449553,Run 2::agentmemorybench:fact-mh-262k:context-0/factconsolidation_mh_262k_no7,False,0.0,0.12499997019767761,False
Run 2,agentmemorybench:fact-mh-262k:context-0/factconsolidation_mh_262k_no7,9,22,0.4090909090909091,0.5,0.375,0.5926665999540697,1.0,False,False,0.0,Run 2::agentmemorybench:fact-mh-262k:context-0/factconsolidation_mh_262k_no7,True,0.0,0.9375,False
Run 2,agentmemorybench:fact-mh-262k:context-0/factconsolidation_mh_262k_no7,10,22,0.4545454545454545,0.5,-1.9374999776482582,0.1260835837634636,0.0,False,False,0.08838840033187909,Run 2::agentmemorybench:fact-mh-262k:context-0/factconsolidation_mh_262k_no7,False,0.0,-2.312499977648258,False
Run 2,agentmemorybench:fact-mh-262k:context-0/factconsolidation_mh_262k_no7,11,22,0.5,0.75,-0.9374999850988388,0.28157819969623804,0.0,False,False,0.08838832657489419,Run 2::agentmemorybench:fact-mh-262k:context-0/factconsolidation_mh_262k_no7,False,0.25,0.9999999925494194,True
Run 2,agentmemorybench:fact-mh-262k:context-0/factconsolidation_mh_262k_no7,12,22,0.5454545454545454,0.75,-1.6875,0.15628183012671734,0.0,False,False,0.08838826335462142,Run 2::agentmemorybench:fact-mh-262k:context-0/factconsolidation_mh_262k_no7,False,0.0,-0.7500000149011612,False
Run 2,agentmemorybench:fact-mh-262k:context-0/factconsolidation_mh_262k_no7,13,22,0.5909090909090909,0.75,-3.0000000335276127,0.0474258716629012,0.0,False,False,3.161013638317052e-08,Run 2::agentmemorybench:fact-mh-262k:context-0/factconsolidation_mh_262k_no7,False,0.0,-1.3125000335276127,False
Run 2,agentmemorybench:fact-mh-262k:context-0/factconsolidation_mh_262k_no7,14,22,0.6363636363636364,0.75,-2.8125000838190317,0.056744985473849055,0.0,False,False,0.08838833447742828,Run 2::agentmemorybench:fact-mh-262k:context-0/factconsolidation_mh_262k_no7,False,0.0,0.18749994970858097,False
Run 2,agentmemorybench:fact-mh-262k:context-0/factconsolidation_mh_262k_no7,15,22,0.6818181818181818,0.75,-2.9374999441206455,0.0504146042233746,0.0,False,False,0.08838837925845483,Run 2::agentmemorybench:fact-mh-262k:context-0/factconsolidation_mh_262k_no7,False,0.0,-0.12499986030161381,False
Run 2,agentmemorybench:fact-mh-262k:context-0/factconsolidation_mh_262k_no7,16,22,0.7272727272727273,0.75,0.5000000149011612,0.6220107356939921,1.0,False,False,0.17677671637006115,Run 2::agentmemorybench:fact-mh-262k:context-0/factconsolidation_mh_262k_no7,True,0.0,3.4374999590218067,False
Run 2,agentmemorybench:fact-mh-262k:context-0/factconsolidation_mh_262k_no7,17,22,0.7727272727272727,0.75,-0.1875,0.4533070628702228,0.0,False,False,0.08838834764831845,Run 2::agentmemorybench:fact-mh-262k:context-0/factconsolidation_mh_262k_no7,False,0.0,-0.6875000149011612,False
Run 2,agentmemorybench:fact-mh-262k:context-0/factconsolidation_mh_262k_no7,18,22,0.8181818181818182,0.75,-0.7500000149011612,0.3208212975777187,0.0,False,False,6.322027276634104e-08,Run 2::agentmemorybench:fact-mh-262k:context-0/factconsolidation_mh_262k_no7,False,0.0,-0.5625000149011612,False
Run 2,agentmemorybench:fact-mh-262k:context-0/factconsolidation_mh_262k_no7,19,22,0.8636363636363636,0.75,-1.312500037252903,0.21225667436285917,0.0,False,False,0.08838835818503057,Run 2::agentmemorybench:fact-mh-262k:context-0/factconsolidation_mh_262k_no7,False,0.0,-0.5625000223517418,False
Run 2,agentmemorybench:fact-mh-262k:context-0/factconsolidation_mh_262k_no7,20,22,0.9090909090909092,0.75,-3.437500056810677,0.03119910280201215,0.0,False,False,0.08838830681855894,Run 2::agentmemorybench:fact-mh-262k:context-0/factconsolidation_mh_262k_no7,False,0.0,-2.125000019557774,False
Run 2,agentmemorybench:fact-mh-262k:context-0/factconsolidation_mh_262k_no7,21,22,0.9545454545454546,0.75,-4.312500071246177,0.0132476379810422,0.0,False,False,0.08838828376950117,Run 2::agentmemorybench:fact-mh-262k:context-0/factconsolidation_mh_262k_no7,False,0.0,-0.8750000144354999,False
Run 2,agentmemorybench:fact-mh-262k:context-0/factconsolidation_mh_262k_no7,22,22,1.0,0.75,-4.437500162981451,0.01170929483095685,0.0,False,False,0.08838829759893584,Run 2::agentmemorybench:fact-mh-262k:context-0/factconsolidation_mh_262k_no7,False,0.0,-0.1250000917352736,False
Run 2,agentmemorybench:fact-mh-262k:context-0/factconsolidation_mh_262k_no70,1,5,0.2,0.0,-4.812499948311597,0.00807736380875155,0.0,True,False,0.08838850240627781,Run 2::agentmemorybench:fact-mh-262k:context-0/factconsolidation_mh_262k_no70,False,,,False
Run 2,agentmemorybench:fact-mh-262k:context-0/factconsolidation_mh_262k_no70,2,5,0.4,0.0,0.8124999701976776,0.69248185716505,1.0,True,False,0.08838834764831845,Run 2::agentmemorybench:fact-mh-262k:context-0/factconsolidation_mh_262k_no70,True,0.0,5.624999918509275,False
Run 2,agentmemorybench:fact-mh-262k:context-0/factconsolidation_mh_262k_no70,3,5,0.6,0.0,0.125,0.5310882504428991,0.5,True,False,0.1767766952966369,Run 2::agentmemorybench:fact-mh-262k:context-0/factconsolidation_mh_262k_no70,True,0.0,-0.6874999701976776,False
Run 2,agentmemorybench:fact-mh-262k:context-0/factconsolidation_mh_262k_no70,4,5,0.8,0.0,1.2500000596046448,0.7772998714925403,1.0,True,False,0.0,Run 2::agentmemorybench:fact-mh-262k:context-0/factconsolidation_mh_262k_no70,True,0.0,1.1250000596046448,False
Run 2,agentmemorybench:fact-mh-262k:context-0/factconsolidation_mh_262k_no70,5,5,1.0,1.0,7.250000075640855,0.9992903296545415,1.0,True,False,8.425253799003914e-08,Run 2::agentmemorybench:fact-mh-262k:context-0/factconsolidation_mh_262k_no70,True,1.0,6.000000016036211,True
Run 2,agentmemorybench:fact-mh-262k:context-0/factconsolidation_mh_262k_no71,1,3,0.3333333333333333,0.0,-4.124999850988388,0.01590639404435,0.0,True,True,7.375698489406456e-08,Run 2::agentmemorybench:fact-mh-262k:context-0/factconsolidation_mh_262k_no71,False,,,False
Run 2,agentmemorybench:fact-mh-262k:context-0/factconsolidation_mh_262k_no71,2,3,0.6666666666666666,0.0,1.8125000298023224,0.8594942845633868,1.0,True,True,0.08838832657489419,Run 2::agentmemorybench:fact-mh-262k:context-0/factconsolidation_mh_262k_no71,True,0.0,5.9374998807907104,False
Run 2,agentmemorybench:fact-mh-262k:context-0/factconsolidation_mh_262k_no71,3,3,1.0,1.0,7.499999856139766,0.9994472212835976,1.0,True,True,8.425253799003914e-08,Run 2::agentmemorybench:fact-mh-262k:context-0/factconsolidation_mh_262k_no71,True,1.0,5.687499826337444,True
Run 2,agentmemorybench:fact-mh-262k:context-0/factconsolidation_mh_262k_no72,1,10,0.1,0.0,-4.750000077532604,0.00864285820776165,0.0,False,True,0.17677669167464208,Run 2::agentmemorybench:fact-mh-262k:context-0/factconsolidation_mh_262k_no72,False,,,False
Run 2,agentmemorybench:fact-mh-262k:context-0/factconsolidation_mh_262k_no72,2,10,0.2,0.0,-1.5624999478459358,0.1734710007814958,0.0,False,True,0.08838833711160632,Run 2::agentmemorybench:fact-mh-262k:context-0/factconsolidation_mh_262k_no72,False,0.0,3.1875001296866685,False
Run 2,agentmemorybench:fact-mh-262k:context-0/factconsolidation_mh_262k_no72,3,10,0.3,0.25,0.875,0.7057850278370112,1.0,False,True,4.2146848510894035e-08,Run 2::agentmemorybench:fact-mh-262k:context-0/factconsolidation_mh_262k_no72,True,0.25,2.437499947845936,True
Run 2,agentmemorybench:fact-mh-262k:context-0/factconsolidation_mh_262k_no72,4,10,0.4,0.25,3.124999985098839,0.9579122714836206,1.0,False,True,4.7415204574755785e-08,Run 2::agentmemorybench:fact-mh-262k:context-0/factconsolidation_mh_262k_no72,True,0.0,2.249999985098839,False
Run 2,agentmemorybench:fact-mh-262k:context-0/factconsolidation_mh_262k_no72,5,10,0.5,0.25,0.8750000149011612,0.7051186421495874,1.0,False,True,0.17677667422321264,Run 2::agentmemorybench:fact-mh-262k:context-0/factconsolidation_mh_262k_no72,True,0.0,-2.2499999701976776,False
Run 2,agentmemorybench:fact-mh-262k:context-0/factconsolidation_mh_262k_no72,6,10,0.6,0.25,3.1249999571591616,0.9579122703571947,1.0,False,True,1.843924622351614e-08,Run 2::agentmemorybench:fact-mh-262k:context-0/factconsolidation_mh_262k_no72,True,0.0,2.2499999422580004,False
Run 2,agentmemorybench:fact-mh-262k:context-0/factconsolidation_mh_262k_no72,7,10,0.7,0.25,5.562500027939677,0.9961681299501739,1.0,False,True,0.0883883944049785,Run 2::agentmemorybench:fact-mh-262k:context-0/factconsolidation_mh_262k_no72,True,0.0,2.4375000707805157,False
Run 2,agentmemorybench:fact-mh-262k:context-0/factconsolidation_mh_262k_no72,8,10,0.8,0.25,2.937499927356839,0.9495853950493263,1.0,False,True,0.08838833974578482,Run 2::agentmemorybench:fact-mh-262k:context-0/factconsolidation_mh_262k_no72,True,0.0,-2.625000100582838,False
Run 2,agentmemorybench:fact-mh-262k:context-0/factconsolidation_mh_262k_no72,9,10,0.9,0.25,2.4999999664723873,0.924141817628346,1.0,False,True,8.956205355667756e-08,Run 2::agentmemorybench:fact-mh-262k:context-0/factconsolidation_mh_262k_no72,True,0.0,-0.43749996088445187,False
Run 2,agentmemorybench:fact-mh-262k:context-0/factconsolidation_mh_262k_no72,10,10,1.0,0.25,5.312500127824023,0.9950851516608701,1.0,False,True,0.08838847771085877,Run 2::agentmemorybench:fact-mh-262k:context-0/factconsolidation_mh_262k_no72,True,0.0,2.812500161351636,False
Run 2,agentmemorybench:fact-mh-262k:context-0/factconsolidation_mh_262k_no73,1,5,0.2,0.0,-3.812499943189323,0.021654862878141598,0.0,True,False,0.08838840164896825,Run 2::agentmemorybench:fact-mh-262k:context-0/factconsolidation_mh_262k_no73,False,,,False
Run 2,agentmemorybench:fact-mh-262k:context-0/factconsolidation_mh_262k_no73,2,5,0.4,0.0,2.4375000335276127,0.9195213899806982,1.0,True,False,0.08838834237996238,Run 2::agentmemorybench:fact-mh-262k:context-0/factconsolidation_mh_262k_no73,True,0.0,6.249999976716936,False
Run 2,agentmemorybench:fact-mh-262k:context-0/factconsolidation_mh_262k_no73,3,5,0.6,0.5,1.5625000074505806,0.8265290074983496,1.0,True,False,0.08838840033187909,Run 2::agentmemorybench:fact-mh-262k:context-0/factconsolidation_mh_262k_no73,True,0.5,-0.8750000260770321,True
Run 2,agentmemorybench:fact-mh-262k:context-0/factconsolidation_mh_262k_no73,4,5,0.8,0.5,3.9375000270083547,0.980840718938135,1.0,True,False,0.08838824359828618,Run 2::agentmemorybench:fact-mh-262k:context-0/factconsolidation_mh_262k_no73,True,0.0,2.375000019557774,False
Run 2,agentmemorybench:fact-mh-262k:context-0/factconsolidation_mh_262k_no73,5,5,1.0,1.0,6.812499896215741,0.998899129231998,1.0,True,False,0.08838840897527575,Run 2::agentmemorybench:fact-mh-262k:context-0/factconsolidation_mh_262k_no73,True,0.5,2.874999869207386,True
Run 2,agentmemorybench:fact-mh-262k:context-0/factconsolidation_mh_262k_no74,1,5,0.2,0.0,-3.687500017695129,0.024467362998294898,0.0,False,False,0.08838821462232783,Run 2::agentmemorybench:fact-mh-262k:context-0/factconsolidation_mh_262k_no74,False,,,False
Run 2,agentmemorybench:fact-mh-262k:context-0/factconsolidation_mh_262k_no74,2,5,0.4,0.0,2.3124999962747097,0.9097757450072561,1.0,False,False,0.0883882580862652,Run 2::agentmemorybench:fact-mh-262k:context-0/factconsolidation_mh_262k_no74,True,0.0,6.000000013969839,False
Run 2,agentmemorybench:fact-mh-262k:context-0/factconsolidation_mh_262k_no74,3,5,0.6,0.5,3.5000000037252903,0.9704783320135735,1.0,False,False,0.17677682173718243,Run 2::agentmemorybench:fact-mh-262k:context-0/factconsolidation_mh_262k_no74,True,0.5,1.1875000074505806,True
Run 2,agentmemorybench:fact-mh-262k:context-0/factconsolidation_mh_262k_no74,4,5,0.8,0.5,3.312499960884452,0.9647935658969122,1.0,False,False,0.08838828179386764,Run 2::agentmemorybench:fact-mh-262k:context-0/factconsolidation_mh_262k_no74,True,0.0,-0.18750004284083843,False
Run 2,agentmemorybench:fact-mh-262k:context-0/factconsolidation_mh_262k_no74,5,5,1.0,0.5,8.249999857027433,0.9997367680507548,1.0,False,False,0.17677643012957484,Run 2::agentmemorybench:fact-mh-262k:context-0/factconsolidation_mh_262k_no74,True,0.0,4.937499896142981,False
Run 2,agentmemorybench:fact-mh-262k:context-0/factconsolidation_mh_262k_no75,1,6,0.1666666666666666,0.0,-4.124999942258,0.0159063926156721,0.0,False,True,0.0,Run 2::agentmemorybench:fact-mh-262k:context-0/factconsolidation_mh_262k_no75,False,,,False
Run 2,agentmemorybench:fact-mh-262k:context-0/factconsolidation_mh_262k_no75,2,6,0.3333333333333333,0.0,-8.000000007275958,0.00033535012802725004,0.0,False,True,8.449949218053266e-08,Run 2::agentmemorybench:fact-mh-262k:context-0/factconsolidation_mh_262k_no75,False,0.0,-3.8750000650179572,False
Run 2,agentmemorybench:fact-mh-262k:context-0/factconsolidation_mh_262k_no75,3,6,0.5,0.0,-0.6249999850988388,0.34864513871787584,0.0,False,True,2.1073424255447017e-08,Run 2::agentmemorybench:fact-mh-262k:context-0/factconsolidation_mh_262k_no75,False,0.0,7.375000022177119,False
Run 2,agentmemorybench:fact-mh-262k:context-0/factconsolidation_mh_262k_no75,4,6,0.6666666666666666,0.75,0.3125,0.5774215504199338,1.0,False,True,0.08838834764831845,Run 2::agentmemorybench:fact-mh-262k:context-0/factconsolidation_mh_262k_no75,True,0.75,0.9374999850988388,True
Run 2,agentmemorybench:fact-mh-262k:context-0/factconsolidation_mh_262k_no75,5,6,0.8333333333333334,0.75,1.7500000521540642,0.851952808546462,1.0,False,True,1.0536712127723509e-08,Run 2::agentmemorybench:fact-mh-262k:context-0/factconsolidation_mh_262k_no75,True,0.0,1.4375000521540642,False
Run 2,agentmemorybench:fact-mh-262k:context-0/factconsolidation_mh_262k_no75,6,6,1.0,1.0,7.62500000410364,0.999508332144735,1.0,False,True,0.17677665261472095,Run 2::agentmemorybench:fact-mh-262k:context-0/factconsolidation_mh_262k_no75,True,0.25,5.874999951949576,True
Run 2,agentmemorybench:fact-mh-262k:context-0/factconsolidation_mh_262k_no76,1,4,0.25,0.0,-4.499999822117388,0.0109869445635066,0.0,False,True,0.0,Run 2::agentmemorybench:fact-mh-262k:context-0/factconsolidation_mh_262k_no76,False,,,False
Run 2,agentmemorybench:fact-mh-262k:context-0/factconsolidation_mh_262k_no76,2,4,0.5,0.0,1.937500037252903,0.8739164231847181,1.0,False,True,0.08838829496475781,Run 2::agentmemorybench:fact-mh-262k:context-0/factconsolidation_mh_262k_no76,True,0.0,6.437499859370291,False
Run 2,agentmemorybench:fact-mh-262k:context-0/factconsolidation_mh_262k_no76,3,4,0.75,0.0,1.6249999850988388,0.8354835350552604,1.0,False,True,2.1073424255447017e-08,Run 2::agentmemorybench:fact-mh-262k:context-0/factconsolidation_mh_262k_no76,True,0.0,-0.3125000521540642,False
Run 2,agentmemorybench:fact-mh-262k:context-0/factconsolidation_mh_262k_no76,4,4,1.0,0.0,6.624999990337528,0.9986749775700009,1.0,False,True,2.530457271923599e-07,Run 2::agentmemorybench:fact-mh-262k:context-0/factconsolidation_mh_262k_no76,True,0.0,5.0000000052386895,False
Run 2,agentmemorybench:fact-mh-262k:context-0/factconsolidation_mh_262k_no77,1,9,0.1111111111111111,0.0,-5.500000081025064,0.0040701373874552,0.0,False,True,0.0,Run 2::agentmemorybench:fact-mh-262k:context-0/factconsolidation_mh_262k_no77,False,,,False
Run 2,agentmemorybench:fact-mh-262k:context-0/factconsolidation_mh_262k_no77,2,9,0.2222222222222222,0.0,-0.375,0.4073334000459302,0.0,False,True,0.0,Run 2::agentmemorybench:fact-mh-262k:context-0/factconsolidation_mh_262k_no77,False,0.0,5.125000081025064,False
Run 2,agentmemorybench:fact-mh-262k:context-0/factconsolidation_mh_262k_no77,3,9,0.3333333333333333,0.0,0.375,0.5926665999540697,1.0,False,True,0.0,Run 2::agentmemorybench:fact-mh-262k:context-0/factconsolidation_mh_262k_no77,True,0.0,0.75,False
Run 2,agentmemorybench:fact-mh-262k:context-0/factconsolidation_mh_262k_no77,4,9,0.4444444444444444,0.0,0.4375,0.6075629655779622,1.0,False,True,0.08838834764831845,Run 2::agentmemorybench:fact-mh-262k:context-0/factconsolidation_mh_262k_no77,True,0.0,0.0625,False
Run 2,agentmemorybench:fact-mh-262k:context-0/factconsolidation_mh_262k_no77,5,9,0.5555555555555556,0.0,-0.125,0.4687906266262437,0.0,False,True,0.0,Run 2::agentmemorybench:fact-mh-262k:context-0/factconsolidation_mh_262k_no77,False,0.0,-0.5625,False
Run 2,agentmemorybench:fact-mh-262k:context-0/factconsolidation_mh_262k_no77,6,9,0.6666666666666666,0.5,4.500000046100467,0.9889299365861697,1.0,False,True,0.1767769620071626,Run 2::agentmemorybench:fact-mh-262k:context-0/factconsolidation_mh_262k_no77,True,0.5,4.625000046100467,True
Run 2,agentmemorybench:fact-mh-262k:context-0/factconsolidation_mh_262k_no77,7,9,0.7777777777777778,0.5,3.3750000298023224,0.9669140225647108,1.0,False,True,4.7415204574755785e-08,Run 2::agentmemorybench:fact-mh-262k:context-0/factconsolidation_mh_262k_no77,True,0.0,-1.125000016298145,False
Run 2,agentmemorybench:fact-mh-262k:context-0/factconsolidation_mh_262k_no77,8,9,0.8888888888888888,0.5,4.187500014901161,0.9850149908007858,1.0,False,True,0.08838841350276924,Run 2::agentmemorybench:fact-mh-262k:context-0/factconsolidation_mh_262k_no77,True,0.0,0.8124999850988388,False
Run 2,agentmemorybench:fact-mh-262k:context-0/factconsolidation_mh_262k_no77,9,9,1.0,0.5,5.687500008265488,0.996616857354292,1.0,False,True,0.08838808801714618,Run 2::agentmemorybench:fact-mh-262k:context-0/factconsolidation_mh_262k_no77,True,0.0,1.4999999933643267,False
Run 2,agentmemorybench:fact-mh-262k:context-0/factconsolidation_mh_262k_no78,1,5,0.2,0.0,-3.7500000074505806,0.0229773697427645,0.0,False,False,1.3697725718937786e-07,Run 2::agentmemorybench:fact-mh-262k:context-0/factconsolidation_mh_262k_no78,False,,,False
Run 2,agentmemorybench:fact-mh-262k:context-0/factconsolidation_mh_262k_no78,2,5,0.4,0.0,3.2500000540167093,0.9624131487619825,1.0,False,False,0.17677670846752705,Run 2::agentmemorybench:fact-mh-262k:context-0/factconsolidation_mh_262k_no78,True,0.0,7.00000006146729,False
Run 2,agentmemorybench:fact-mh-262k:context-0/factconsolidation_mh_262k_no78,3,5,0.6,0.5,1.5625000074505806,0.8265290079340467,1.0,False,False,0.08838829496475781,Run 2::agentmemorybench:fact-mh-262k:context-0/factconsolidation_mh_262k_no78,True,0.5,-1.6875000465661287,True
Run 2,agentmemorybench:fact-mh-262k:context-0/factconsolidation_mh_262k_no78,4,5,0.8,0.5,3.562499995343387,0.972365206022807,1.0,False,False,0.08838823832993012,Run 2::agentmemorybench:fact-mh-262k:context-0/factconsolidation_mh_262k_no78,True,0.0,1.9999999878928065,False
Run 2,agentmemorybench:fact-mh-262k:context-0/factconsolidation_mh_262k_no78,5,5,1.0,0.5,8.56250001880835,0.9998085225341995,1.0,False,False,0.08838783858312402,Run 2::agentmemorybench:fact-mh-262k:context-0/factconsolidation_mh_262k_no78,True,0.0,5.000000023464963,False
Run 2,agentmemorybench:fact-mh-262k:context-0/factconsolidation_mh_262k_no79,1,4,0.25,0.0,-3.7500001061707735,0.0229773675265544,0.0,True,True,0.0,Run 2::agentmemorybench:fact-mh-262k:context-0/factconsolidation_mh_262k_no79,False,,,False
Run 2,agentmemorybench:fact-mh-262k:context-0/factconsolidation_mh_262k_no79,2,4,0.5,0.0,0.9999999701976776,0.7310585727705126,1.0,True,True,0.0,Run 2::agentmemorybench:fact-mh-262k:context-0/factconsolidation_mh_262k_no79,True,0.0,4.750000076368451,False
Run 2,agentmemorybench:fact-mh-262k:context-0/factconsolidation_mh_262k_no79,3,4,0.75,0.0,3.1250000651925802,0.9579122747127079,1.0,True,True,6.058609473441017e-08,Run 2::agentmemorybench:fact-mh-262k:context-0/factconsolidation_mh_262k_no79,True,0.0,2.1250000949949026,False
Run 2,agentmemorybench:fact-mh-262k:context-0/factconsolidation_mh_262k_no79,4,4,1.0,1.0,7.499999796040356,0.9994472212503942,1.0,True,True,0.0,Run 2::agentmemorybench:fact-mh-262k:context-0/factconsolidation_mh_262k_no79,True,1.0,4.374999730847776,True
Run 2,agentmemorybench:fact-mh-262k:context-0/factconsolidation_mh_262k_no8,1,11,0.0909090909090909,0.0,-5.249999885447323,0.0052201262884162,0.0,False,True,0.0,Run 2::agentmemorybench:fact-mh-262k:context-0/factconsolidation_mh_262k_no8,False,,,False
Run 2,agentmemorybench:fact-mh-262k:context-0/factconsolidation_mh_262k_no8,2,11,0.1818181818181818,0.0,-0.5,0.3775406687981454,0.0,False,True,0.0,Run 2::agentmemorybench:fact-mh-262k:context-0/factconsolidation_mh_262k_no8,False,0.0,4.749999885447323,False
Run 2,agentmemorybench:fact-mh-262k:context-0/factconsolidation_mh_262k_no8,3,11,0.2727272727272727,0.5,0.9374999850988388,0.7184218004682794,1.0,False,True,0.08838828442804568,Run 2::agentmemorybench:fact-mh-262k:context-0/factconsolidation_mh_262k_no8,True,0.5,1.4374999850988388,True
Run 2,agentmemorybench:fact-mh-262k:context-0/factconsolidation_mh_262k_no8,4,11,0.3636363636363636,0.5,0.75,0.679178699175393,1.0,False,True,0.0,Run 2::agentmemorybench:fact-mh-262k:context-0/factconsolidation_mh_262k_no8,True,0.0,-0.1874999850988388,False
Run 2,agentmemorybench:fact-mh-262k:context-0/factconsolidation_mh_262k_no8,5,11,0.4545454545454545,0.5,1.6875000149011612,0.8437181714153457,1.0,False,True,0.0883883687217427,Run 2::agentmemorybench:fact-mh-262k:context-0/factconsolidation_mh_262k_no8,True,0.0,0.9375000149011612,False
Run 2,agentmemorybench:fact-mh-262k:context-0/factconsolidation_mh_262k_no8,6,11,0.5454545454545454,0.5,-0.7500000298023224,0.3208212943308302,0.0,False,True,0.0,Run 2::agentmemorybench:fact-mh-262k:context-0/factconsolidation_mh_262k_no8,False,0.0,-2.4375000447034836,False
Run 2,agentmemorybench:fact-mh-262k:context-0/factconsolidation_mh_262k_no8,7,11,0.6363636363636364,0.5,-1.7500000298023224,0.1480471942727456,0.0,False,True,0.0,Run 2::agentmemorybench:fact-mh-262k:context-0/factconsolidation_mh_262k_no8,False,0.0,-1.0,False
Run 2,agentmemorybench:fact-mh-262k:context-0/factconsolidation_mh_262k_no8,8,11,0.7272727272727273,0.5,-3.6250000074505806,0.02614480025848195,0.0,False,True,0.17677675061437556,Run 2::agentmemorybench:fact-mh-262k:context-0/factconsolidation_mh_262k_no8,False,0.0,-1.8749999776482582,False
Run 2,agentmemorybench:fact-mh-262k:context-0/factconsolidation_mh_262k_no8,9,11,0.8181818181818182,0.5,-3.187499914318323,0.03970731088015865,0.0,False,True,0.08838833711160632,Run 2::agentmemorybench:fact-mh-262k:context-0/factconsolidation_mh_262k_no8,False,0.0,0.43750009313225746,False
Run 2,agentmemorybench:fact-mh-262k:context-0/factconsolidation_mh_262k_no8,10,11,0.9090909090909092,0.5,-3.499999977648258,0.02931223138733095,0.0,False,True,3.42443144151014e-08,Run 2::agentmemorybench:fact-mh-262k:context-0/factconsolidation_mh_262k_no8,False,0.0,-0.3125000633299351,False
Run 2,agentmemorybench:fact-mh-262k:context-0/factconsolidation_mh_262k_no8,11,11,1.0,0.5,-2.374999962747097,0.08509904790742685,0.0,False,True,3.161013638317052e-08,Run 2::agentmemorybench:fact-mh-262k:context-0/factconsolidation_mh_262k_no8,False,0.0,1.1250000149011612,False
Run 2,agentmemorybench:fact-mh-262k:context-0/factconsolidation_mh_262k_no80,1,9,0.1111111111111111,0.0,-3.9999998584389687,0.0179862124624426,0.0,False,False,0.0,Run 2::agentmemorybench:fact-mh-262k:context-0/factconsolidation_mh_262k_no80,False,,,False
Run 2,agentmemorybench:fact-mh-262k:context-0/factconsolidation_mh_262k_no80,2,9,0.2222222222222222,0.0,1.2500000447034836,0.777299868913078,1.0,False,False,2.1073424255447017e-08,Run 2::agentmemorybench:fact-mh-262k:context-0/factconsolidation_mh_262k_no80,True,0.0,5.249999903142452,False
Run 2,agentmemorybench:fact-mh-262k:context-0/factconsolidation_mh_262k_no80,3,9,0.3333333333333333,0.5,7.31249998693238,0.9993319977138403,1.0,False,False,0.08838830792985312,Run 2::agentmemorybench:fact-mh-262k:context-0/factconsolidation_mh_262k_no80,True,0.5,6.0624999422288965,True
Run 2,agentmemorybench:fact-mh-262k:context-0/factconsolidation_mh_262k_no80,4,9,0.4444444444444444,0.5,1.8124999701976776,0.8594942774494874,1.0,False,False,0.08838830550146994,Run 2::agentmemorybench:fact-mh-262k:context-0/factconsolidation_mh_262k_no80,True,0.0,-5.5000000167347025,False
Run 2,agentmemorybench:fact-mh-262k:context-0/factconsolidation_mh_262k_no80,5,9,0.5555555555555556,0.5,1.9999999850988388,0.8807970764133559,1.0,False,False,1.0536712127723508e-07,Run 2::agentmemorybench:fact-mh-262k:context-0/factconsolidation_mh_262k_no80,True,0.0,0.1875000149011612,False
Run 2,agentmemorybench:fact-mh-262k:context-0/factconsolidation_mh_262k_no80,6,9,0.6666666666666666,0.5,1.7500000074505806,0.8519528029080465,1.0,False,False,5.268356063861754e-08,Run 2::agentmemorybench:fact-mh-262k:context-0/factconsolidation_mh_262k_no80,True,0.0,-0.2499999776482582,False
Run 2,agentmemorybench:fact-mh-262k:context-0/factconsolidation_mh_262k_no80,7,9,0.7777777777777778,0.5,0.9375000149011612,0.7184218061632541,1.0,False,False,0.0883883687217427,Run 2::agentmemorybench:fact-mh-262k:context-0/factconsolidation_mh_262k_no80,True,0.0,-0.8124999925494194,False
Run 2,agentmemorybench:fact-mh-262k:context-0/factconsolidation_mh_262k_no80,8,9,0.8888888888888888,0.5,2.3749999925494194,0.9149009544128983,1.0,False,False,7.375698489406456e-08,Run 2::agentmemorybench:fact-mh-262k:context-0/factconsolidation_mh_262k_no80,True,0.0,1.4374999776482582,False
Run 2,agentmemorybench:fact-mh-262k:context-0/factconsolidation_mh_262k_no80,9,9,1.0,0.5,2.0624999925494194,0.8870532415225139,1.0,False,False,0.08838827389133355,Run 2::agentmemorybench:fact-mh-262k:context-0/factconsolidation_mh_262k_no80,True,0.0,-0.3125,False
Run 2,agentmemorybench:fact-mh-262k:context-0/factconsolidation_mh_262k_no81,1,5,0.2,0.0,-4.375000162050128,0.0124316488636795,0.0,False,False,0.0,Run 2::agentmemorybench:fact-mh-262k:context-0/factconsolidation_mh_262k_no81,False,,,False
Run 2,agentmemorybench:fact-mh-262k:context-0/factconsolidation_mh_262k_no81,2,5,0.4,0.0,2.5625000409781933,0.9282975668944495,1.0,False,False,0.08838844774708365,Run 2::agentmemorybench:fact-mh-262k:context-0/factconsolidation_mh_262k_no81,True,0.0,6.937500203028321,False
Run 2,agentmemorybench:fact-mh-262k:context-0/factconsolidation_mh_262k_no81,3,5,0.6,0.5,5.062499968800694,0.993698039918856,1.0,False,False,0.08838833118470574,Run 2::agentmemorybench:fact-mh-262k:context-0/factconsolidation_mh_262k_no81,True,0.5,2.4999999278225005,True
Run 2,agentmemorybench:fact-mh-262k:context-0/factconsolidation_mh_262k_no81,4,5,0.8,0.5,2.6249999701976776,0.9320275835238487,1.0,False,False,0.17677658992951562,Run 2::agentmemorybench:fact-mh-262k:context-0/factconsolidation_mh_262k_no81,True,0.0,-2.437499998603016,False
Run 2,agentmemorybench:fact-mh-262k:context-0/factconsolidation_mh_262k_no81,5,5,1.0,0.5,5.812500036554411,0.9970131952304645,1.0,False,False,0.08838814547515449,Run 2::agentmemorybench:fact-mh-262k:context-0/factconsolidation_mh_262k_no81,True,0.0,3.1875000663567334,False
Run 2,agentmemorybench:fact-mh-262k:context-0/factconsolidation_mh_262k_no82,1,6,0.1666666666666666,0.0,-4.24999981187284,0.014063629651787,0.0,False,True,0.0,Run 2::agentmemorybench:fact-mh-262k:context-0/factconsolidation_mh_262k_no82,False,,,False
Run 2,agentmemorybench:fact-mh-262k:context-0/factconsolidation_mh_262k_no82,2,6,0.3333333333333333,0.0,1.812500037252903,0.8594942852607299,1.0,False,True,0.08838837925845483,Run 2::agentmemorybench:fact-mh-262k:context-0/factconsolidation_mh_262k_no82,True,0.0,6.062499849125743,False
Run 2,agentmemorybench:fact-mh-262k:context-0/factconsolidation_mh_262k_no82,3,6,0.5,0.0,0.7499999403953552,0.6785699332951449,1.0,False,True,0.1767766952966369,Run 2::agentmemorybench:fact-mh-262k:context-0/factconsolidation_mh_262k_no82,True,0.0,-1.0625000968575478,False
Run 2,agentmemorybench:fact-mh-262k:context-0/factconsolidation_mh_262k_no82,4,6,0.6666666666666666,0.6666666666666666,-0.5000000149011612,0.3779892643060079,0.0,False,True,0.17677671637006115,Run 2::agentmemorybench:fact-mh-262k:context-0/factconsolidation_mh_262k_no82,False,0.6666666666666666,-1.2499999552965164,True
Run 2,agentmemorybench:fact-mh-262k:context-0/factconsolidation_mh_262k_no82,5,6,0.8333333333333334,0.6666666666666666,4.000000206753612,0.9820137936897364,1.0,False,True,7.90253409579263e-09,Run 2::agentmemorybench:fact-mh-262k:context-0/factconsolidation_mh_262k_no82,True,0.0,4.500000221654773,False
Run 2,agentmemorybench:fact-mh-262k:context-0/factconsolidation_mh_262k_no82,6,6,1.0,1.0,6.625000015250407,0.9986646537863968,1.0,False,True,0.17677646480605907,Run 2::agentmemorybench:fact-mh-262k:context-0/factconsolidation_mh_262k_no82,True,0.33333333333333337,2.6249998084967956,True
Run 2,agentmemorybench:fact-mh-262k:context-0/factconsolidation_mh_262k_no83,1,3,0.3333333333333333,0.0,-4.249999956227839,0.0140636276501833,0.0,False,False,0.0,Run 2::agentmemorybench:fact-mh-262k:context-0/factconsolidation_mh_262k_no83,False,,,False
Run 2,agentmemorybench:fact-mh-262k:context-0/factconsolidation_mh_262k_no83,2,3,0.6666666666666666,0.0,0.3125,0.5774215504199338,1.0,False,False,0.08838834764831845,Run 2::agentmemorybench:fact-mh-262k:context-0/factconsolidation_mh_262k_no83,True,0.0,4.562499956227839,False
Run 2,agentmemorybench:fact-mh-262k:context-0/factconsolidation_mh_262k_no83,3,3,1.0,0.5,8.37499990822107,0.9997694932568559,1.0,False,False,5.058033411624773e-07,Run 2::agentmemorybench:fact-mh-262k:context-0/factconsolidation_mh_262k_no83,True,0.5,8.06249990822107,True
Run 2,agentmemorybench:fact-mh-262k:context-0/factconsolidation_mh_262k_no84,1,9,0.1111111111111111,0.0,-5.249999877531081,0.0052201263295243,0.0,False,True,0.0,Run 2::agentmemorybench:fact-mh-262k:context-0/factconsolidation_mh_262k_no84,False,,,False
Run 2,agentmemorybench:fact-mh-262k:context-0/factconsolidation_mh_262k_no84,2,9,0.2222222222222222,0.0,-0.375,0.4073334000459302,0.0,False,True,0.0,Run 2::agentmemorybench:fact-mh-262k:context-0/factconsolidation_mh_262k_no84,False,0.0,4.874999877531081,False
Run 2,agentmemorybench:fact-mh-262k:context-0/factconsolidation_mh_262k_no84,3,9,0.3333333333333333,0.25,3.500000024214387,0.9706877699376161,1.0,False,True,8.429369702178807e-08,Run 2::agentmemorybench:fact-mh-262k:context-0/factconsolidation_mh_262k_no84,True,0.25,3.875000024214387,True
Run 2,agentmemorybench:fact-mh-262k:context-0/factconsolidation_mh_262k_no84,4,9,0.4444444444444444,0.25,-1.6250000223517418,0.16523635809981504,0.0,False,True,0.17677672690677326,Run 2::agentmemorybench:fact-mh-262k:context-0/factconsolidation_mh_262k_no84,False,0.0,-5.125000046566129,False
Run 2,agentmemorybench:fact-mh-262k:context-0/factconsolidation_mh_262k_no84,5,9,0.5555555555555556,0.5,-1.3125000074505806,0.2122566795217838,0.0,False,True,0.08838840033187909,Run 2::agentmemorybench:fact-mh-262k:context-0/factconsolidation_mh_262k_no84,False,0.25,0.3125000149011612,True
Run 2,agentmemorybench:fact-mh-262k:context-0/factconsolidation_mh_262k_no84,6,9,0.6666666666666666,0.5,2.624999988824129,0.9324533081564683,1.0,False,True,8.956205308564981e-08,Run 2::agentmemorybench:fact-mh-262k:context-0/factconsolidation_mh_262k_no84,True,0.0,3.9374999962747097,False
Run 2,agentmemorybench:fact-mh-262k:context-0/factconsolidation_mh_262k_no84,7,9,0.7777777777777778,0.5,1.8750000521540642,0.867035765814739,1.0,False,True,3.161013638317052e-08,Run 2::agentmemorybench:fact-mh-262k:context-0/factconsolidation_mh_262k_no84,True,0.0,-0.7499999366700649,False
Run 2,agentmemorybench:fact-mh-262k:context-0/factconsolidation_mh_262k_no84,8,9,0.8888888888888888,0.5,2.1250000186264515,0.8933094078295931,1.0,False,True,6.848862898721204e-08,Run 2::agentmemorybench:fact-mh-262k:context-0/factconsolidation_mh_262k_no84,True,0.0,0.2499999664723873,False
Run 2,agentmemorybench:fact-mh-262k:context-0/factconsolidation_mh_262k_no84,9,9,1.0,0.5,6.750000091269612,0.9988304898415605,1.0,False,True,1.6875203017057182e-07,Run 2::agentmemorybench:fact-mh-262k:context-0/factconsolidation_mh_262k_no84,True,0.0,4.625000072643161,False
Run 2,agentmemorybench:fact-mh-262k:context-0/factconsolidation_mh_262k_no85,1,4,0.25,0.0,-4.500000105239451,0.0109869414870371,0.0,False,True,0.0,Run 2::agentmemorybench:fact-mh-262k:context-0/factconsolidation_mh_262k_no85,False,,,False
Run 2,agentmemorybench:fact-mh-262k:context-0/factconsolidation_mh_262k_no85,2,4,0.5,0.0,1.2500000074505806,0.7765508831471588,1.0,False,True,0.17677674798019752,Run 2::agentmemorybench:fact-mh-262k:context-0/factconsolidation_mh_262k_no85,True,0.0,5.7500001126900315,False
Run 2,agentmemorybench:fact-mh-262k:context-0/factconsolidation_mh_262k_no85,3,4,0.75,0.0,1.1249999850988388,0.75491498411064,1.0,False,True,2.1073424255447017e-08,Run 2::agentmemorybench:fact-mh-262k:context-0/factconsolidation_mh_262k_no85,True,0.0,-0.1250000223517418,False
Run 2,agentmemorybench:fact-mh-262k:context-0/factconsolidation_mh_262k_no85,4,4,1.0,1.0,6.125000075320713,0.9978172837186998,1.0,False,True,8.412906089479239e-08,Run 2::agentmemorybench:fact-mh-262k:context-0/factconsolidation_mh_262k_no85,True,1.0,5.000000090221874,True
Run 2,agentmemorybench:fact-mh-262k:context-0/factconsolidation_mh_262k_no86,1,3,0.3333333333333333,0.0,-4.12500000372529,0.015906391653501502,0.0,True,False,2.397102009057098e-07,Run 2::agentmemorybench:fact-mh-262k:context-0/factconsolidation_mh_262k_no86,False,,,False
Run 2,agentmemorybench:fact-mh-262k:context-0/factconsolidation_mh_262k_no86,2,3,0.6666666666666666,0.0,2.8124999683350325,0.9432550083792676,1.0,True,False,0.08838831867236009,Run 2::agentmemorybench:fact-mh-262k:context-0/factconsolidation_mh_262k_no86,True,0.0,6.937499972060323,False
Run 2,agentmemorybench:fact-mh-262k:context-0/factconsolidation_mh_262k_no86,3,3,1.0,1.0,9.062499887873855,0.9998838542439784,1.0,True,False,0.08838834644956164,Run 2::agentmemorybench:fact-mh-262k:context-0/factconsolidation_mh_262k_no86,True,1.0,6.249999919538823,True
Run 2,agentmemorybench:fact-mh-262k:context-0/factconsolidation_mh_262k_no87,1,5,0.2,0.0,-5.250000104308128,0.0052201251518992,0.0,True,False,0.0,Run 2::agentmemorybench:fact-mh-262k:context-0/factconsolidation_mh_262k_no87,False,,,False
Run 2,agentmemorybench:fact-mh-262k:context-0/factconsolidation_mh_262k_no87,2,5,0.4,0.0,0.4999999701976776,0.6220107255422016,1.0,True,False,0.17677665314978838,Run 2::agentmemorybench:fact-mh-262k:context-0/factconsolidation_mh_262k_no87,True,0.0,5.750000074505806,False
Run 2,agentmemorybench:fact-mh-262k:context-0/factconsolidation_mh_262k_no87,3,5,0.6,0.0,-0.1875,0.4533070628702228,0.0,True,False,0.08838834764831845,Run 2::agentmemorybench:fact-mh-262k:context-0/factconsolidation_mh_262k_no87,False,0.0,-0.6874999701976776,False
Run 2,agentmemorybench:fact-mh-262k:context-0/factconsolidation_mh_262k_no87,4,5,0.8,0.0,1.125,0.7549149868676283,1.0,True,False,0.0,Run 2::agentmemorybench:fact-mh-262k:context-0/factconsolidation_mh_262k_no87,True,0.0,1.3125,False
Run 2,agentmemorybench:fact-mh-262k:context-0/factconsolidation_mh_262k_no87,5,5,1.0,1.0,10.124999881649273,0.999959622933705,1.0,True,False,0.17677720076041603,Run 2::agentmemorybench:fact-mh-262k:context-0/factconsolidation_mh_262k_no87,True,1.0,8.999999881649273,True
Run 2,agentmemorybench:fact-mh-262k:context-0/factconsolidation_mh_262k_no88,1,4,0.25,0.0,-4.31249988777563,0.01324764043401875,0.0,False,True,0.08838838123408835,Run 2::agentmemorybench:fact-mh-262k:context-0/factconsolidation_mh_262k_no88,False,,,False
Run 2,agentmemorybench:fact-mh-262k:context-0/factconsolidation_mh_262k_no88,2,4,0.5,0.0,1.8750000298023224,0.8670357632379238,1.0,False,True,1.0536712127723508e-07,Run 2::agentmemorybench:fact-mh-262k:context-0/factconsolidation_mh_262k_no88,True,0.0,6.187499917577952,False
Run 2,agentmemorybench:fact-mh-262k:context-0/factconsolidation_mh_262k_no88,3,4,0.75,0.0,0.375,0.5926665999540697,1.0,False,True,0.0,Run 2::agentmemorybench:fact-mh-262k:context-0/factconsolidation_mh_262k_no88,True,0.0,-1.5000000298023224,False
Run 2,agentmemorybench:fact-mh-262k:context-0/factconsolidation_mh_262k_no88,4,4,1.0,1.0,6.749999911815394,0.9988304896319323,1.0,False,True,8.421137895829023e-08,Run 2::agentmemorybench:fact-mh-262k:context-0/factconsolidation_mh_262k_no88,True,1.0,6.374999911815394,True
Run 2,agentmemorybench:fact-mh-262k:context-0/factconsolidation_mh_262k_no89,1,7,0.1428571428571428,0.0,-5.12500011199154,0.0059110681981672,0.0,True,False,1.7418502236142924e-07,Run 2::agentmemorybench:fact-mh-262k:context-0/factconsolidation_mh_262k_no89,False,,,False
Run 2,agentmemorybench:fact-mh-262k:context-0/factconsolidation_mh_262k_no89,2,7,0.2857142857142857,0.0,1.5624999552965164,0.8265290002425925,1.0,True,False,0.08838834764831845,Run 2::agentmemorybench:fact-mh-262k:context-0/factconsolidation_mh_262k_no89,True,0.0,6.687500067288056,False
Run 2,agentmemorybench:fact-mh-262k:context-0/factconsolidation_mh_262k_no89,3,7,0.4285714285714285,0.0,6.312499814666808,0.9981862711302194,1.0,True,False,0.08838830830028409,Run 2::agentmemorybench:fact-mh-262k:context-0/factconsolidation_mh_262k_no89,True,0.0,4.749999859370291,False
Run 2,agentmemorybench:fact-mh-262k:context-0/factconsolidation_mh_262k_no89,4,7,0.5714285714285714,0.0,3.1875001080334187,0.9602926964888965,1.0,True,False,0.08838834764831845,Run 2::agentmemorybench:fact-mh-262k:context-0/factconsolidation_mh_262k_no89,True,0.0,-3.124999706633389,False
Run 2,agentmemorybench:fact-mh-262k:context-0/factconsolidation_mh_262k_no89,5,7,0.7142857142857143,0.5,3.749999962747097,0.9768551437878856,1.0,True,False,0.17677674798019752,Run 2::agentmemorybench:fact-mh-262k:context-0/factconsolidation_mh_262k_no89,True,0.5,0.5624998547136784,True
Run 2,agentmemorybench:fact-mh-262k:context-0/factconsolidation_mh_262k_no89,6,7,0.8571428571428571,0.5,3.4375000167638063,0.9688008959069507,1.0,True,False,0.08838837135592073,Run 2::agentmemorybench:fact-mh-262k:context-0/factconsolidation_mh_262k_no89,True,0.0,-0.3124999459832907,False
Run 2,agentmemorybench:fact-mh-262k:context-0/factconsolidation_mh_262k_no89,7,7,1.0,1.0,5.8749998902203515,0.9971990727262553,1.0,True,False,1.6908130242456316e-07,Run 2::agentmemorybench:fact-mh-262k:context-0/factconsolidation_mh_262k_no89,True,0.5,2.437499873456545,True
Run 2,agentmemorybench:fact-mh-262k:context-0/factconsolidation_mh_262k_no9,1,7,0.1428571428571428,0.0,-4.750000194646418,0.0085774837584561,0.0,False,True,0.0,Run 2::agentmemorybench:fact-mh-262k:context-0/factconsolidation_mh_262k_no9,False,,,False
Run 2,agentmemorybench:fact-mh-262k:context-0/factconsolidation_mh_262k_no9,2,7,0.2857142857142857,0.0,1.75,0.8519528019683106,1.0,False,True,0.0,Run 2::agentmemorybench:fact-mh-262k:context-0/factconsolidation_mh_262k_no9,True,0.0,6.500000194646418,False
Run 2,agentmemorybench:fact-mh-262k:context-0/factconsolidation_mh_262k_no9,3,7,0.4285714285714285,0.3333333333333333,1.2500000298023224,0.7772998663336157,1.0,False,True,0.0,Run 2::agentmemorybench:fact-mh-262k:context-0/factconsolidation_mh_262k_no9,True,0.3333333333333333,-0.4999999701976776,True
Run 2,agentmemorybench:fact-mh-262k:context-0/factconsolidation_mh_262k_no9,4,7,0.5714285714285714,0.3333333333333333,0.6875000298023224,0.6652667885515422,1.0,False,True,0.08838834764831845,Run 2::agentmemorybench:fact-mh-262k:context-0/factconsolidation_mh_262k_no9,True,0.0,-0.5625,False
Run 2,agentmemorybench:fact-mh-262k:context-0/factconsolidation_mh_262k_no9,5,7,0.7142857142857143,0.6666666666666666,0.8124999701976776,0.69248185716505,1.0,False,True,0.08838834764831845,Run 2::agentmemorybench:fact-mh-262k:context-0/factconsolidation_mh_262k_no9,True,0.3333333333333333,0.12499994039535522,True
Run 2,agentmemorybench:fact-mh-262k:context-0/factconsolidation_mh_262k_no9,6,7,0.8571428571428571,0.6666666666666666,3.375000111758709,0.9669140251866016,1.0,False,True,0.0,Run 2::agentmemorybench:fact-mh-262k:context-0/factconsolidation_mh_262k_no9,True,0.0,2.5625001415610313,False
Run 2,agentmemorybench:fact-mh-262k:context-0/factconsolidation_mh_262k_no9,7,7,1.0,1.0,5.687500069150701,0.9966168574971566,1.0,False,True,0.08838851030881191,Run 2::agentmemorybench:fact-mh-262k:context-0/factconsolidation_mh_262k_no9,True,0.33333333333333337,2.312499957391992,True
Run 2,agentmemorybench:fact-mh-262k:context-0/factconsolidation_mh_262k_no90,1,4,0.25,0.0,-4.624999930150807,0.0097084771530197,0.0,True,False,0.0,Run 2::agentmemorybench:fact-mh-262k:context-0/factconsolidation_mh_262k_no90,False,,,False
Run 2,agentmemorybench:fact-mh-262k:context-0/factconsolidation_mh_262k_no90,2,4,0.5,0.0,1.8750000074505806,0.867035760661109,1.0,True,False,5.268356063861754e-08,Run 2::agentmemorybench:fact-mh-262k:context-0/factconsolidation_mh_262k_no90,True,0.0,6.4999999376013875,False
Run 2,agentmemorybench:fact-mh-262k:context-0/factconsolidation_mh_262k_no90,3,4,0.75,0.0,1.0624999552965164,0.742986774132336,1.0,True,False,0.0883883687217427,Run 2::agentmemorybench:fact-mh-262k:context-0/factconsolidation_mh_262k_no90,True,0.0,-0.8125000521540642,False
Run 2,agentmemorybench:fact-mh-262k:context-0/factconsolidation_mh_262k_no90,4,4,1.0,1.0,8.249999736450263,0.9997388096120855,1.0,True,False,8.42731175059136e-08,Run 2::agentmemorybench:fact-mh-262k:context-0/factconsolidation_mh_262k_no90,True,1.0,7.187499781153747,True
Run 2,agentmemorybench:fact-mh-262k:context-0/factconsolidation_mh_262k_no91,1,17,0.0588235294117647,0.0,-4.062500194646418,0.016946297576747447,0.0,False,True,0.08838832262362714,Run 2::agentmemorybench:fact-mh-262k:context-0/factconsolidation_mh_262k_no91,False,,,False
Run 2,agentmemorybench:fact-mh-262k:context-0/factconsolidation_mh_262k_no91,2,17,0.1176470588235294,0.0,2.8750000707805157,0.9465966737782308,1.0,False,True,6.322027276634104e-08,Run 2::agentmemorybench:fact-mh-262k:context-0/factconsolidation_mh_262k_no91,True,0.0,6.937500265426934,False
Run 2,agentmemorybench:fact-mh-262k:context-0/factconsolidation_mh_262k_no91,3,17,0.1764705882352941,0.3333333333333333,0.875,0.7057850278370112,1.0,False,True,0.0,Run 2::agentmemorybench:fact-mh-262k:context-0/factconsolidation_mh_262k_no91,True,0.3333333333333333,-2.0000000707805157,True
Run 2,agentmemorybench:fact-mh-262k:context-0/factconsolidation_mh_262k_no91,4,17,0.2352941176470588,0.3333333333333333,1.3749999925494194,0.798186776539447,1.0,False,True,1.0536712127723509e-08,Run 2::agentmemorybench:fact-mh-262k:context-0/factconsolidation_mh_262k_no91,True,0.0,0.4999999925494194,False
Run 2,agentmemorybench:fact-mh-262k:context-0/factconsolidation_mh_262k_no91,5,17,0.2941176470588235,0.6666666666666666,4.187499970663339,0.9850149900958286,1.0,False,True,0.08838849582083273,Run 2::agentmemorybench:fact-mh-262k:context-0/factconsolidation_mh_262k_no91,True,0.3333333333333333,2.8124999781139195,True
Run 2,agentmemorybench:fact-mh-262k:context-0/factconsolidation_mh_262k_no91,6,17,0.3529411764705882,0.6666666666666666,3.0624999813735485,0.9552431987386688,1.0,False,True,0.08838830023311386,Run 2::agentmemorybench:fact-mh-262k:context-0/factconsolidation_mh_262k_no91,True,0.0,-1.1249999892897904,False
Run 2,agentmemorybench:fact-mh-262k:context-0/factconsolidation_mh_262k_no91,7,17,0.4117647058823529,1.0,3.562499958090484,0.9723652049097173,1.0,False,True,0.08838833842869533,Run 2::agentmemorybench:fact-mh-262k:context-0/factconsolidation_mh_262k_no91,True,0.33333333333333337,0.49999997671693563,True
Run 2,agentmemorybench:fact-mh-262k:context-0/factconsolidation_mh_262k_no91,8,17,0.4705882352941176,1.0,5.1874999545980245,0.9944344024882183,1.0,False,True,0.08838828805004047,Run 2::agentmemorybench:fact-mh-262k:context-0/factconsolidation_mh_262k_no91,True,0.0,1.6249999965075403,False
Run 2,agentmemorybench:fact-mh-262k:context-0/factconsolidation_mh_262k_no91,9,17,0.5294117647058824,1.0,3.1249999944120646,0.9579122718590958,1.0,False,True,1.1853801143688947e-07,Run 2::agentmemorybench:fact-mh-262k:context-0/factconsolidation_mh_262k_no91,True,0.0,-2.06249996018596,False
Run 2,agentmemorybench:fact-mh-262k:context-0/factconsolidation_mh_262k_no91,10,17,0.5882352941176471,1.0,2.937500035390258,0.949585400340377,1.0,False,True,0.08838827652551158,Run 2::agentmemorybench:fact-mh-262k:context-0/factconsolidation_mh_262k_no91,True,0.0,-0.18749995902180672,False
Run 2,agentmemorybench:fact-mh-262k:context-0/factconsolidation_mh_262k_no91,11,17,0.6470588235294118,1.0,2.4375000409781933,0.9195213906185473,1.0,False,True,0.08838831076982584,Run 2::agentmemorybench:fact-mh-262k:context-0/factconsolidation_mh_262k_no91,True,0.0,-0.49999999441206455,False
Run 2,agentmemorybench:fact-mh-262k:context-0/factconsolidation_mh_262k_no91,12,17,0.7058823529411765,1.0,2.3749998956918716,0.9149009468718408,1.0,False,True,1.053671165669577e-08,Run 2::agentmemorybench:fact-mh-262k:context-0/factconsolidation_mh_262k_no91,True,0.0,-0.06250014528632164,False
Run 2,agentmemorybench:fact-mh-262k:context-0/factconsolidation_mh_262k_no91,13,17,0.7647058823529411,1.0,1.6875000223517418,0.8437181725237861,1.0,False,True,0.08838833711160632,Run 2::agentmemorybench:fact-mh-262k:context-0/factconsolidation_mh_262k_no91,True,0.0,-0.6874998733401299,False
Run 2,agentmemorybench:fact-mh-262k:context-0/factconsolidation_mh_262k_no91,14,17,0.8235294117647058,1.0,2.312500026077032,0.909775747108515,1.0,False,True,0.08838837399009876,Run 2::agentmemorybench:fact-mh-262k:context-0/factconsolidation_mh_262k_no91,True,0.0,0.6250000037252903,False
Run 2,agentmemorybench:fact-mh-262k:context-0/factconsolidation_mh_262k_no91,15,17,0.8823529411764706,1.0,2.125000011175871,0.8933094071194954,1.0,False,True,1.0009876521337333e-07,Run 2::agentmemorybench:fact-mh-262k:context-0/factconsolidation_mh_262k_no91,True,0.0,-0.1875000149011612,False
Run 2,agentmemorybench:fact-mh-262k:context-0/factconsolidation_mh_262k_no91,16,17,0.9411764705882352,1.0,2.3124999962747097,0.909775744694304,1.0,False,True,0.08838836345338663,Run 2::agentmemorybench:fact-mh-262k:context-0/factconsolidation_mh_262k_no91,True,0.0,0.1874999850988388,False
Run 2,agentmemorybench:fact-mh-262k:context-0/factconsolidation_mh_262k_no91,17,17,1.0,1.0,1.4999999925494194,0.8168351556930971,1.0,False,True,0.17677676905362177,Run 2::agentmemorybench:fact-mh-262k:context-0/factconsolidation_mh_262k_no91,True,0.0,-0.8125000037252903,False
Run 2,agentmemorybench:fact-mh-262k:context-0/factconsolidation_mh_262k_no92,1,9,0.1111111111111111,0.0,-4.875000077299774,0.0076351676948584,0.0,False,False,0.17677686520111993,Run 2::agentmemorybench:fact-mh-262k:context-0/factconsolidation_mh_262k_no92,False,,,False
Run 2,agentmemorybench:fact-mh-262k:context-0/factconsolidation_mh_262k_no92,2,9,0.2222222222222222,0.0,1.625,0.8354835371034367,1.0,False,False,6.322027276634104e-08,Run 2::agentmemorybench:fact-mh-262k:context-0/factconsolidation_mh_262k_no92,True,0.0,6.500000077299774,False
Run 2,agentmemorybench:fact-mh-262k:context-0/factconsolidation_mh_262k_no92,3,9,0.3333333333333333,0.0,0.1875,0.5466929371297772,1.0,False,False,0.08838834764831845,Run 2::agentmemorybench:fact-mh-262k:context-0/factconsolidation_mh_262k_no92,True,0.0,-1.4375,False
Run 2,agentmemorybench:fact-mh-262k:context-0/factconsolidation_mh_262k_no92,4,9,0.4444444444444444,0.0,1.8125000596046448,0.8594942879991401,1.0,False,False,0.0883883687217427,Run 2::agentmemorybench:fact-mh-262k:context-0/factconsolidation_mh_262k_no92,True,0.0,1.6250000596046448,False
Run 2,agentmemorybench:fact-mh-262k:context-0/factconsolidation_mh_262k_no92,5,9,0.5555555555555556,0.0,5.062499897321686,0.9936980395112374,1.0,False,False,0.08838818465855272,Run 2::agentmemorybench:fact-mh-262k:context-0/factconsolidation_mh_262k_no92,True,0.0,3.2499998377170414,False
Run 2,agentmemorybench:fact-mh-262k:context-0/factconsolidation_mh_262k_no92,6,9,0.6666666666666666,0.0,5.124999830499291,0.9940889301477482,1.0,False,False,6.783008432222009e-08,Run 2::agentmemorybench:fact-mh-262k:context-0/factconsolidation_mh_262k_no92,True,0.0,0.06249993317760527,False
Run 2,agentmemorybench:fact-mh-262k:context-0/factconsolidation_mh_262k_no92,7,9,0.7777777777777778,0.0,4.187499980442226,0.985014990246404,1.0,False,False,0.08838848594266512,Run 2::agentmemorybench:fact-mh-262k:context-0/factconsolidation_mh_262k_no92,True,0.0,-0.9374998500570655,False
Run 2,agentmemorybench:fact-mh-262k:context-0/factconsolidation_mh_262k_no92,8,9,0.8888888888888888,0.0,5.874999956227839,0.9971773468293472,1.0,False,False,0.176776889896539,Run 2::agentmemorybench:fact-mh-262k:context-0/factconsolidation_mh_262k_no92,True,0.0,1.687499975785613,False
Run 2,agentmemorybench:fact-mh-262k:context-0/factconsolidation_mh_262k_no92,9,9,1.0,0.0,2.9375000186264515,0.9495853991926052,1.0,False,False,0.08838845828379593,Run 2::agentmemorybench:fact-mh-262k:context-0/factconsolidation_mh_262k_no92,True,0.0,-2.9374999376013875,False
Run 2,agentmemorybench:fact-mh-262k:context-0/factconsolidation_mh_262k_no93,1,4,0.25,0.0,-4.437500040046871,0.01170929633629555,0.0,False,False,0.08838846355215184,Run 2::agentmemorybench:fact-mh-262k:context-0/factconsolidation_mh_262k_no93,False,,,False
Run 2,agentmemorybench:fact-mh-262k:context-0/factconsolidation_mh_262k_no93,2,4,0.5,0.0,1.1249999403953552,0.754914975839675,1.0,False,False,0.0,Run 2::agentmemorybench:fact-mh-262k:context-0/factconsolidation_mh_262k_no93,True,0.0,5.562499980442226,False
Run 2,agentmemorybench:fact-mh-262k:context-0/factconsolidation_mh_262k_no93,3,4,0.75,0.0,1.25,0.7772998611746911,1.0,False,False,4.2146848510894035e-08,Run 2::agentmemorybench:fact-mh-262k:context-0/factconsolidation_mh_262k_no93,True,0.0,0.12500005960464478,False
Run 2,agentmemorybench:fact-mh-262k:context-0/factconsolidation_mh_262k_no93,4,4,1.0,0.0,6.874999941559508,0.9989677689029832,1.0,False,False,0.0,Run 2::agentmemorybench:fact-mh-262k:context-0/factconsolidation_mh_262k_no93,True,0.0,5.624999941559508,False
Run 2,agentmemorybench:fact-mh-262k:context-0/factconsolidation_mh_262k_no94,1,4,0.25,0.0,-3.7500000689178705,0.0229773683628601,0.0,True,False,0.0,Run 2::agentmemorybench:fact-mh-262k:context-0/factconsolidation_mh_262k_no94,False,,,False
Run 2,agentmemorybench:fact-mh-262k:context-0/factconsolidation_mh_262k_no94,2,4,0.5,0.0,3.250000022351742,0.9626731134590488,1.0,True,False,1.0536712143424433e-07,Run 2::agentmemorybench:fact-mh-262k:context-0/factconsolidation_mh_262k_no94,True,0.0,7.000000091269612,False
Run 2,agentmemorybench:fact-mh-262k:context-0/factconsolidation_mh_262k_no94,3,4,0.75,0.0,1.2500000149011612,0.7772998637541534,1.0,True,False,2.1073424255447017e-08,Run 2::agentmemorybench:fact-mh-262k:context-0/factconsolidation_mh_262k_no94,True,0.0,-2.0000000074505806,False
Run 2,agentmemorybench:fact-mh-262k:context-0/factconsolidation_mh_262k_no94,4,4,1.0,1.0,7.24999984409078,0.9992847898420938,1.0,True,False,0.17677668908162308,Run 2::agentmemorybench:fact-mh-262k:context-0/factconsolidation_mh_262k_no94,True,1.0,5.999999829189619,True
Run 2,agentmemorybench:fact-mh-262k:context-0/factconsolidation_mh_262k_no95,1,13,0.0769230769230769,0.0,-5.374999989988282,0.00464513164424455,0.0,True,False,0.17677643023247241,Run 2::agentmemorybench:fact-mh-262k:context-0/factconsolidation_mh_262k_no95,False,,,False
Run 2,agentmemorybench:fact-mh-262k:context-0/factconsolidation_mh_262k_no95,2,13,0.1538461538461538,0.0,-1.3124999776482582,0.21225668450159446,0.0,True,False,0.08838840033187909,Run 2::agentmemorybench:fact-mh-262k:context-0/factconsolidation_mh_262k_no95,False,0.0,4.062500012340024,False
Run 2,agentmemorybench:fact-mh-262k:context-0/factconsolidation_mh_262k_no95,3,13,0.2307692307692307,0.5,6.312500013969839,0.9981862715112815,1.0,True,False,0.08838805410210401,Run 2::agentmemorybench:fact-mh-262k:context-0/factconsolidation_mh_262k_no95,True,0.5,7.624999991618097,True
Run 2,agentmemorybench:fact-mh-262k:context-0/factconsolidation_mh_262k_no95,4,13,0.3076923076923077,0.5,3.124999925494194,0.9579122690805788,1.0,True,False,4.2146848510894035e-08,Run 2::agentmemorybench:fact-mh-262k:context-0/factconsolidation_mh_262k_no95,True,0.0,-3.1875000884756446,False
Run 2,agentmemorybench:fact-mh-262k:context-0/factconsolidation_mh_262k_no95,5,13,0.3846153846153846,0.5,0.7500000149011612,0.6791787024222814,1.0,True,False,2.1073424255447017e-08,Run 2::agentmemorybench:fact-mh-262k:context-0/factconsolidation_mh_262k_no95,True,0.0,-2.374999910593033,False
Run 2,agentmemorybench:fact-mh-262k:context-0/factconsolidation_mh_262k_no95,6,13,0.4615384615384615,0.5,-0.375,0.40768208395617367,0.0,True,False,0.1767766952966369,Run 2::agentmemorybench:fact-mh-262k:context-0/factconsolidation_mh_262k_no95,False,0.0,-1.1250000149011612,False
Run 2,agentmemorybench:fact-mh-262k:context-0/factconsolidation_mh_262k_no95,7,13,0.5384615384615384,0.5,0.5625,0.6369070980518525,1.0,True,False,0.08838830550146994,Run 2::agentmemorybench:fact-mh-262k:context-0/factconsolidation_mh_262k_no95,True,0.0,0.9375,False
Run 2,agentmemorybench:fact-mh-262k:context-0/factconsolidation_mh_262k_no95,8,13,0.6153846153846154,0.5,2.062499947845936,0.8870532370454309,1.0,True,False,0.08838827389133355,Run 2::agentmemorybench:fact-mh-262k:context-0/factconsolidation_mh_262k_no95,True,0.0,1.4999999478459358,False
Run 2,agentmemorybench:fact-mh-262k:context-0/factconsolidation_mh_262k_no95,9,13,0.6923076923076923,0.5,2.249999910593033,0.904650527388829,1.0,True,False,0.0,Run 2::agentmemorybench:fact-mh-262k:context-0/factconsolidation_mh_262k_no95,True,0.0,0.18749996274709702,False
Run 2,agentmemorybench:fact-mh-262k:context-0/factconsolidation_mh_262k_no95,10,13,0.7692307692307693,0.5,2.3124999552965164,0.9097757415038565,1.0,True,False,0.08838830550146994,Run 2::agentmemorybench:fact-mh-262k:context-0/factconsolidation_mh_262k_no95,True,0.0,0.06250004470348358,False
Run 2,agentmemorybench:fact-mh-262k:context-0/factconsolidation_mh_262k_no95,11,13,0.8461538461538461,1.0,2.0,0.8807970779778824,1.0,True,False,2.1073424255447017e-08,Run 2::agentmemorybench:fact-mh-262k:context-0/factconsolidation_mh_262k_no95,True,0.5,-0.3124999552965164,True
Run 2,agentmemorybench:fact-mh-262k:context-0/factconsolidation_mh_262k_no95,12,13,0.9230769230769232,1.0,0.5624999850988388,0.6369070945500244,1.0,True,False,0.08838832657489419,Run 2::agentmemorybench:fact-mh-262k:context-0/factconsolidation_mh_262k_no95,True,0.0,-1.4375000149011612,False
Run 2,agentmemorybench:fact-mh-262k:context-0/factconsolidation_mh_262k_no95,13,13,1.0,1.0,0.6250000149011612,0.6513548680499843,1.0,True,False,2.1073424255447017e-08,Run 2::agentmemorybench:fact-mh-262k:context-0/factconsolidation_mh_262k_no95,True,0.0,0.06250002980232239,False
Run 2,agentmemorybench:fact-mh-262k:context-0/factconsolidation_mh_262k_no96,1,8,0.125,0.0,-4.7500001564621925,0.0085774840831713,0.0,False,True,0.0,Run 2::agentmemorybench:fact-mh-262k:context-0/factconsolidation_mh_262k_no96,False,,,False
Run 2,agentmemorybench:fact-mh-262k:context-0/factconsolidation_mh_262k_no96,2,8,0.25,0.0,1.7500000223517418,0.8519528047875183,1.0,False,True,5.268356063861754e-08,Run 2::agentmemorybench:fact-mh-262k:context-0/factconsolidation_mh_262k_no96,True,0.0,6.500000178813934,False
Run 2,agentmemorybench:fact-mh-262k:context-0/factconsolidation_mh_262k_no96,3,8,0.375,0.3333333333333333,3.0000000577419996,0.9522544736799323,1.0,False,True,0.17677671900423916,Run 2::agentmemorybench:fact-mh-262k:context-0/factconsolidation_mh_262k_no96,True,0.3333333333333333,1.2500000353902578,True
Run 2,agentmemorybench:fact-mh-262k:context-0/factconsolidation_mh_262k_no96,4,8,0.5,0.3333333333333333,2.0000000298023224,0.880797081106935,1.0,False,True,1.0536712127723508e-07,Run 2::agentmemorybench:fact-mh-262k:context-0/factconsolidation_mh_262k_no96,True,0.0,-1.0000000279396772,False
Run 2,agentmemorybench:fact-mh-262k:context-0/factconsolidation_mh_262k_no96,5,8,0.625,0.3333333333333333,2.374999973922968,0.9149009529626952,1.0,False,True,1.580506819158526e-08,Run 2::agentmemorybench:fact-mh-262k:context-0/factconsolidation_mh_262k_no96,True,0.0,0.3749999441206455,False
Run 2,agentmemorybench:fact-mh-262k:context-0/factconsolidation_mh_262k_no96,6,8,0.75,0.3333333333333333,1.7500000447034836,0.8519528076067262,1.0,False,True,0.0,Run 2::agentmemorybench:fact-mh-262k:context-0/factconsolidation_mh_262k_no96,True,0.0,-0.6249999292194843,False
Run 2,agentmemorybench:fact-mh-262k:context-0/factconsolidation_mh_262k_no96,7,8,0.875,0.3333333333333333,2.1249999552965164,0.893309401793762,1.0,False,True,7.37569850510738e-08,Run 2::agentmemorybench:fact-mh-262k:context-0/factconsolidation_mh_262k_no96,True,0.0,0.37499991059303284,False
Run 2,agentmemorybench:fact-mh-262k:context-0/factconsolidation_mh_262k_no96,8,8,1.0,0.3333333333333333,3.3125000707805157,0.9647935696035503,1.0,False,True,0.08838830023311386,Run 2::agentmemorybench:fact-mh-262k:context-0/factconsolidation_mh_262k_no96,True,0.0,1.1875001154839993,False
Run 2,agentmemorybench:fact-mh-262k:context-0/factconsolidation_mh_262k_no97,1,5,0.2,0.0,-4.125000232830644,0.0159063880672289,0.0,True,False,0.0,Run 2::agentmemorybench:fact-mh-262k:context-0/factconsolidation_mh_262k_no97,False,,,False
Run 2,agentmemorybench:fact-mh-262k:context-0/factconsolidation_mh_262k_no97,2,5,0.4,0.0,1.8124999478459358,0.8594942748726722,1.0,True,False,0.08838827389133355,Run 2::agentmemorybench:fact-mh-262k:context-0/factconsolidation_mh_262k_no97,True,0.0,5.9375001806765795,False
Run 2,agentmemorybench:fact-mh-262k:context-0/factconsolidation_mh_262k_no97,3,5,0.6,0.5,5.874999972409569,0.9971990729558167,1.0,True,False,8.676323892672326e-08,Run 2::agentmemorybench:fact-mh-262k:context-0/factconsolidation_mh_262k_no97,True,0.5,4.062500024563633,True
Run 2,agentmemorybench:fact-mh-262k:context-0/factconsolidation_mh_262k_no97,4,5,0.8,0.5,2.4999999925494194,0.9241418194564428,1.0,True,False,1.4751397025915685e-07,Run 2::agentmemorybench:fact-mh-262k:context-0/factconsolidation_mh_262k_no97,True,0.0,-3.3749999798601493,False
Run 2,agentmemorybench:fact-mh-262k:context-0/factconsolidation_mh_262k_no97,5,5,1.0,1.0,7.999999879597453,0.9996620291583016,1.0,True,False,0.17677625361906718,Run 2::agentmemorybench:fact-mh-262k:context-0/factconsolidation_mh_262k_no97,True,0.5,5.499999887048034,True
Run 2,agentmemorybench:fact-mh-262k:context-0/factconsolidation_mh_262k_no98,1,19,0.0526315789473684,0.0,-5.187500147148967,0.0055655964374379495,0.0,False,True,0.08838825215936479,Run 2::agentmemorybench:fact-mh-262k:context-0/factconsolidation_mh_262k_no98,False,,,False
Run 2,agentmemorybench:fact-mh-262k:context-0/factconsolidation_mh_262k_no98,2,19,0.1052631578947368,0.0,-1.0625000298023224,0.25701321139169125,0.0,False,True,0.08838830550146994,Run 2::agentmemorybench:fact-mh-262k:context-0/factconsolidation_mh_262k_no98,False,0.0,4.125000117346644,False
Run 2,agentmemorybench:fact-mh-262k:context-0/factconsolidation_mh_262k_no98,3,19,0.1578947368421052,0.0,0.6874999701976776,0.6652667751528634,1.0,False,True,0.08838838979516696,Run 2::agentmemorybench:fact-mh-262k:context-0/factconsolidation_mh_262k_no98,True,0.0,1.75,False
Run 2,agentmemorybench:fact-mh-262k:context-0/factconsolidation_mh_262k_no98,4,19,0.2105263157894736,0.6666666666666666,-0.0625,0.48439531331312186,0.0,False,True,0.08838834764831845,Run 2::agentmemorybench:fact-mh-262k:context-0/factconsolidation_mh_262k_no98,False,0.6666666666666666,-0.7499999701976776,True
Run 2,agentmemorybench:fact-mh-262k:context-0/factconsolidation_mh_262k_no98,5,19,0.2631578947368421,0.6666666666666666,0.375,0.5926665999540697,1.0,False,True,0.0,Run 2::agentmemorybench:fact-mh-262k:context-0/factconsolidation_mh_262k_no98,True,0.0,0.4375,False
Run 2,agentmemorybench:fact-mh-262k:context-0/factconsolidation_mh_262k_no98,6,19,0.3157894736842105,0.6666666666666666,-3.0624999571591616,0.0447568025001049,0.0,False,True,0.0883884187711253,Run 2::agentmemorybench:fact-mh-262k:context-0/factconsolidation_mh_262k_no98,False,0.0,-3.4374999571591616,False
Run 2,agentmemorybench:fact-mh-262k:context-0/factconsolidation_mh_262k_no98,7,19,0.3684210526315789,0.6666666666666666,-3.0000000428408384,0.0477455272639854,0.0,False,True,0.17677679276122407,Run 2::agentmemorybench:fact-mh-262k:context-0/factconsolidation_mh_262k_no98,False,0.0,0.062499914318323135,False
Run 2,agentmemorybench:fact-mh-262k:context-0/factconsolidation_mh_262k_no98,8,19,0.4210526315789473,0.6666666666666666,-4.250000116415322,0.0141690198029468,0.0,False,True,0.17677681778591536,Run 2::agentmemorybench:fact-mh-262k:context-0/factconsolidation_mh_262k_no98,False,0.0,-1.2500000735744834,False
Run 2,agentmemorybench:fact-mh-262k:context-0/factconsolidation_mh_262k_no98,9,19,0.4736842105263157,0.6666666666666666,-4.624999990686774,0.00970847657101345,0.0,False,True,1.3302599061250928e-07,Run 2::agentmemorybench:fact-mh-262k:context-0/factconsolidation_mh_262k_no98,False,0.0,-0.3749998742714524,False
Run 2,agentmemorybench:fact-mh-262k:context-0/factconsolidation_mh_262k_no98,10,19,0.5263157894736842,0.6666666666666666,-4.249999951105565,0.014063627721208,0.0,False,True,1.4158706921628464e-07,Run 2::agentmemorybench:fact-mh-262k:context-0/factconsolidation_mh_262k_no98,False,0.0,0.3750000395812094,False
Run 2,agentmemorybench:fact-mh-262k:context-0/factconsolidation_mh_262k_no98,11,19,0.5789473684210527,0.6666666666666666,-3.500000021420419,0.029312230141880648,0.0,False,True,7.243989587809912e-08,Run 2::agentmemorybench:fact-mh-262k:context-0/factconsolidation_mh_262k_no98,False,0.0,0.7499999296851456,False
Run 2,agentmemorybench:fact-mh-262k:context-0/factconsolidation_mh_262k_no98,12,19,0.631578947368421,0.6666666666666666,-2.9374999068677425,0.05041460594638145,0.0,False,True,0.08838834764831845,Run 2::agentmemorybench:fact-mh-262k:context-0/factconsolidation_mh_262k_no98,False,0.0,0.5625001145526767,False
Run 2,agentmemorybench:fact-mh-262k:context-0/factconsolidation_mh_262k_no98,13,19,0.6842105263157895,1.0,-4.062500037252903,0.0169463001078555,0.0,False,True,0.08838819486599259,Run 2::agentmemorybench:fact-mh-262k:context-0/factconsolidation_mh_262k_no98,False,0.33333333333333337,-1.1250001303851604,True
Run 2,agentmemorybench:fact-mh-262k:context-0/factconsolidation_mh_262k_no98,14,19,0.7368421052631579,1.0,-3.8750000316649675,0.02033235271192585,0.0,False,True,8.692787505371894e-08,Run 2::agentmemorybench:fact-mh-262k:context-0/factconsolidation_mh_262k_no98,False,0.0,0.18750000558793545,False
Run 2,agentmemorybench:fact-mh-262k:context-0/factconsolidation_mh_262k_no98,15,19,0.7894736842105263,1.0,-4.625000104308128,0.0097084754786326,0.0,False,True,1.3170890159654385e-08,Run 2::agentmemorybench:fact-mh-262k:context-0/factconsolidation_mh_262k_no98,False,0.0,-0.7500000726431608,False
Run 2,agentmemorybench:fact-mh-262k:context-0/factconsolidation_mh_262k_no98,16,19,0.8421052631578947,1.0,-3.7499999683350325,0.02297737062088545,0.0,False,True,7.639116292599543e-08,Run 2::agentmemorybench:fact-mh-262k:context-0/factconsolidation_mh_262k_no98,False,0.0,0.8750001359730959,False
Run 2,agentmemorybench:fact-mh-262k:context-0/factconsolidation_mh_262k_no98,17,19,0.8947368421052632,1.0,-4.312499886844307,0.0132476405024184,0.0,False,True,0.08838848133285356,Run 2::agentmemorybench:fact-mh-262k:context-0/factconsolidation_mh_262k_no98,False,0.0,-0.5624999185092747,False
Run 2,agentmemorybench:fact-mh-262k:context-0/factconsolidation_mh_262k_no98,18,19,0.9473684210526316,1.0,-3.4375000903382897,0.03119910183486915,0.0,False,True,0.0883883436970514,Run 2::agentmemorybench:fact-mh-262k:context-0/factconsolidation_mh_262k_no98,False,0.0,0.8749997965060174,False
Run 2,agentmemorybench:fact-mh-262k:context-0/factconsolidation_mh_262k_no98,19,19,1.0,1.0,-3.6250000139698386,0.0259573568445894,0.0,False,True,3.8195581934025457e-08,Run 2::agentmemorybench:fact-mh-262k:context-0/factconsolidation_mh_262k_no98,False,0.0,-0.18749992363154888,False
Run 2,agentmemorybench:fact-mh-262k:context-0/factconsolidation_mh_262k_no99,1,14,0.0714285714285714,0.0,-4.1249999441206455,0.0159063925865154,0.0,False,True,0.0,Run 2::agentmemorybench:fact-mh-262k:context-0/factconsolidation_mh_262k_no99,False,,,False
Run 2,agentmemorybench:fact-mh-262k:context-0/factconsolidation_mh_262k_no99,2,14,0.1428571428571428,0.0,2.187499962747097,0.8989799669259916,1.0,False,True,0.08838843194201562,Run 2::agentmemorybench:fact-mh-262k:context-0/factconsolidation_mh_262k_no99,True,0.0,6.3124999068677425,False
Run 2,agentmemorybench:fact-mh-262k:context-0/factconsolidation_mh_262k_no99,3,14,0.2142857142857142,0.0,3.7499999292194843,0.9770226285009935,1.0,False,True,4.741520410372805e-08,Run 2::agentmemorybench:fact-mh-262k:context-0/factconsolidation_mh_262k_no99,True,0.0,1.5624999664723873,False
Run 2,agentmemorybench:fact-mh-262k:context-0/factconsolidation_mh_262k_no99,4,14,0.2857142857142857,0.6666666666666666,0.0625,0.5156046866868782,0.5,False,True,0.08838834764831845,Run 2::agentmemorybench:fact-mh-262k:context-0/factconsolidation_mh_262k_no99,True,0.6666666666666666,-3.6874999292194843,True
Run 2,agentmemorybench:fact-mh-262k:context-0/factconsolidation_mh_262k_no99,5,14,0.3571428571428571,0.6666666666666666,-0.1875,0.4533070628702228,0.0,False,True,0.08838834764831845,Run 2::agentmemorybench:fact-mh-262k:context-0/factconsolidation_mh_262k_no99,False,0.0,-0.25,False
Run 2,agentmemorybench:fact-mh-262k:context-0/factconsolidation_mh_262k_no99,6,14,0.4285714285714285,0.6666666666666666,-1.1874999850988388,0.2338925785583026,0.0,False,True,0.08838832657489419,Run 2::agentmemorybench:fact-mh-262k:context-0/factconsolidation_mh_262k_no99,False,0.0,-0.9999999850988388,False
Run 2,agentmemorybench:fact-mh-262k:context-0/factconsolidation_mh_262k_no99,7,14,0.5,0.6666666666666666,-2.374999947845936,0.08509904906758961,0.0,False,True,6.322027323736878e-08,Run 2::agentmemorybench:fact-mh-262k:context-0/factconsolidation_mh_262k_no99,False,0.0,-1.187499962747097,False
Run 2,agentmemorybench:fact-mh-262k:context-0/factconsolidation_mh_262k_no99,8,14,0.5714285714285714,0.6666666666666666,-3.2500000186264515,0.03732688667481425,0.0,False,True,1.2644054553268208e-07,Run 2::agentmemorybench:fact-mh-262k:context-0/factconsolidation_mh_262k_no99,False,0.0,-0.8750000707805157,False
Run 2,agentmemorybench:fact-mh-262k:context-0/factconsolidation_mh_262k_no99,9,14,0.6428571428571429,0.6666666666666666,-4.312500024214387,0.01324763850592985,0.0,False,True,0.08838812374318572,Run 2::agentmemorybench:fact-mh-262k:context-0/factconsolidation_mh_262k_no99,False,0.0,-1.0625000055879354,False
Run 2,agentmemorybench:fact-mh-262k:context-0/factconsolidation_mh_262k_no99,10,14,0.7142857142857143,0.6666666666666666,-5.312499984400347,0.004914848999034,0.0,False,True,0.0883882834402289,Run 2::agentmemorybench:fact-mh-262k:context-0/factconsolidation_mh_262k_no99,False,0.0,-0.9999999601859599,False
Run 2,agentmemorybench:fact-mh-262k:context-0/factconsolidation_mh_262k_no99,11,14,0.7857142857142857,0.6666666666666666,-4.687499896623194,0.00914298195078715,0.0,False,True,0.0883885175528015,Run 2::agentmemorybench:fact-mh-262k:context-0/factconsolidation_mh_262k_no99,False,0.0,0.6250000877771527,False
Run 2,agentmemorybench:fact-mh-262k:context-0/factconsolidation_mh_262k_no99,12,14,0.8571428571428571,0.6666666666666666,-4.125000058673322,0.015906390793379098,0.0,False,True,1.8044119518726507e-07,Run 2::agentmemorybench:fact-mh-262k:context-0/factconsolidation_mh_262k_no99,False,0.0,0.562499837949872,False
Run 2,agentmemorybench:fact-mh-262k:context-0/factconsolidation_mh_262k_no99,13,14,0.9285714285714286,0.6666666666666666,-5.187499785562977,0.0055655984595557,0.0,False,True,0.08838833875796759,Run 2::agentmemorybench:fact-mh-262k:context-0/factconsolidation_mh_262k_no99,False,0.0,-1.062499726889655,False
Run 2,agentmemorybench:fact-mh-262k:context-0/factconsolidation_mh_262k_no99,14,14,1.0,0.6666666666666666,-4.43750006519258,0.011709296003927401,0.0,False,True,0.08838838057554384,Run 2::agentmemorybench:fact-mh-262k:context-0/factconsolidation_mh_262k_no99,False,0.0,0.749999720370397,False
Run 3,agentmemorybench:fact-mh-262k:context-0/factconsolidation_mh_262k_no0,1,6,0.1666666666666666,0.0,-4.812499966239557,0.008077363550208801,0.0,True,False,0.08838817214620706,Run 3::agentmemorybench:fact-mh-262k:context-0/factconsolidation_mh_262k_no0,False,,,False
Run 3,agentmemorybench:fact-mh-262k:context-0/factconsolidation_mh_262k_no0,2,6,0.3333333333333333,0.0,1.7500000149011612,0.8519528038477825,1.0,True,False,0.0,Run 3::agentmemorybench:fact-mh-262k:context-0/factconsolidation_mh_262k_no0,True,0.0,6.562499981140718,False
Run 3,agentmemorybench:fact-mh-262k:context-0/factconsolidation_mh_262k_no0,3,6,0.5,0.6666666666666666,5.000000101979822,0.9933071497536828,1.0,True,False,0.0,Run 3::agentmemorybench:fact-mh-262k:context-0/factconsolidation_mh_262k_no0,True,0.6666666666666666,3.2500000870786607,True
Run 3,agentmemorybench:fact-mh-262k:context-0/factconsolidation_mh_262k_no0,4,6,0.6666666666666666,0.6666666666666666,2.3125000596046448,0.9097757497188808,1.0,True,False,0.08838842140530334,Run 3::agentmemorybench:fact-mh-262k:context-0/factconsolidation_mh_262k_no0,True,0.0,-2.687500042375177,False
Run 3,agentmemorybench:fact-mh-262k:context-0/factconsolidation_mh_262k_no0,5,6,0.8333333333333334,1.0,3.6250000270083547,0.9740426434850709,1.0,True,False,8.297660784881338e-08,Run 3::agentmemorybench:fact-mh-262k:context-0/factconsolidation_mh_262k_no0,True,0.33333333333333337,1.3124999674037099,True
Run 3,agentmemorybench:fact-mh-262k:context-0/factconsolidation_mh_262k_no0,6,6,1.0,1.0,5.499999931780621,0.9959298620075718,1.0,True,False,8.396442476779671e-08,Run 3::agentmemorybench:fact-mh-262k:context-0/factconsolidation_mh_262k_no0,True,0.0,1.8749999047722667,False
Run 3,agentmemorybench:fact-mh-262k:context-0/factconsolidation_mh_262k_no1,1,4,0.25,0.0,-3.750000052154064,0.0229773687391976,0.0,True,False,0.0,Run 3::agentmemorybench:fact-mh-262k:context-0/factconsolidation_mh_262k_no1,False,,,False
Run 3,agentmemorybench:fact-mh-262k:context-0/factconsolidation_mh_262k_no1,2,4,0.5,0.0,1.8749998807907104,0.8670357460591569,1.0,True,False,0.0,Run 3::agentmemorybench:fact-mh-262k:context-0/factconsolidation_mh_262k_no1,True,0.0,5.624999932944775,False
Run 3,agentmemorybench:fact-mh-262k:context-0/factconsolidation_mh_262k_no1,3,4,0.75,0.0,2.749999947845936,0.9399133468805266,1.0,True,False,0.0,Run 3::agentmemorybench:fact-mh-262k:context-0/factconsolidation_mh_262k_no1,True,0.0,0.8750000670552254,False
Run 3,agentmemorybench:fact-mh-262k:context-0/factconsolidation_mh_262k_no1,4,4,1.0,1.0,6.937500178115442,0.9990283590572966,1.0,True,False,0.08838834814222682,Run 3::agentmemorybench:fact-mh-262k:context-0/factconsolidation_mh_262k_no1,True,1.0,4.187500230269507,True
Run 3,agentmemorybench:fact-mh-262k:context-0/factconsolidation_mh_262k_no10,1,4,0.25,0.0,-5.3125000218860805,0.00491484887517665,0.0,False,True,0.08838856167528353,Run 3::agentmemorybench:fact-mh-262k:context-0/factconsolidation_mh_262k_no10,False,,,False
Run 3,agentmemorybench:fact-mh-262k:context-0/factconsolidation_mh_262k_no10,2,4,0.5,0.0,-1.3750000074505806,0.20256282984759788,0.0,False,True,0.1767766636865005,Run 3::agentmemorybench:fact-mh-262k:context-0/factconsolidation_mh_262k_no10,False,0.0,3.9375000144355,False
Run 3,agentmemorybench:fact-mh-262k:context-0/factconsolidation_mh_262k_no10,3,4,0.75,0.0,1.624999962747097,0.8354835319829956,1.0,False,True,1.0536712127723509e-08,Run 3::agentmemorybench:fact-mh-262k:context-0/factconsolidation_mh_262k_no10,True,0.0,2.9999999701976776,False
Run 3,agentmemorybench:fact-mh-262k:context-0/factconsolidation_mh_262k_no10,4,4,1.0,0.75,3.875000001862645,0.9796676466944432,1.0,False,True,1.2644054506165437e-07,Run 3::agentmemorybench:fact-mh-262k:context-0/factconsolidation_mh_262k_no10,True,0.75,2.250000039115548,True
Run 3,agentmemorybench:fact-mh-262k:context-0/factconsolidation_mh_262k_no11,1,14,0.0714285714285714,0.0,-5.12499990966171,0.00591106938708315,0.0,False,True,3.490285892308412e-08,Run 3::agentmemorybench:fact-mh-262k:context-0/factconsolidation_mh_262k_no11,False,,,False
Run 3,agentmemorybench:fact-mh-262k:context-0/factconsolidation_mh_262k_no11,2,14,0.1428571428571428,0.0,0.4375000149011612,0.6075629690797903,1.0,False,True,0.0883883687217427,Run 3::agentmemorybench:fact-mh-262k:context-0/factconsolidation_mh_262k_no11,True,0.0,5.5624999245628715,False
Run 3,agentmemorybench:fact-mh-262k:context-0/factconsolidation_mh_262k_no11,3,14,0.2142857142857142,0.0,1.4375000223517418,0.8078806304782082,1.0,False,True,0.08838833711160632,Run 3::agentmemorybench:fact-mh-262k:context-0/factconsolidation_mh_262k_no11,True,0.0,1.0000000074505806,False
Run 3,agentmemorybench:fact-mh-262k:context-0/factconsolidation_mh_262k_no11,4,14,0.2857142857142857,0.3333333333333333,0.6875,0.6652667816466401,1.0,False,True,0.08838843194201547,Run 3::agentmemorybench:fact-mh-262k:context-0/factconsolidation_mh_262k_no11,True,0.3333333333333333,-0.7500000223517418,True
Run 3,agentmemorybench:fact-mh-262k:context-0/factconsolidation_mh_262k_no11,5,14,0.3571428571428571,0.3333333333333333,-0.25,0.4378234991142019,0.0,False,True,0.0,Run 3::agentmemorybench:fact-mh-262k:context-0/factconsolidation_mh_262k_no11,False,0.0,-0.9375,False
Run 3,agentmemorybench:fact-mh-262k:context-0/factconsolidation_mh_262k_no11,6,14,0.4285714285714285,0.3333333333333333,-1.6875000298023224,0.15628182662083023,0.0,False,True,0.0883883687217427,Run 3::agentmemorybench:fact-mh-262k:context-0/factconsolidation_mh_262k_no11,False,0.0,-1.4375000298023224,False
Run 3,agentmemorybench:fact-mh-262k:context-0/factconsolidation_mh_262k_no11,7,14,0.5,0.3333333333333333,-1.9999999552965164,0.1192029267156966,0.0,False,True,2.1073424255447017e-08,Run 3::agentmemorybench:fact-mh-262k:context-0/factconsolidation_mh_262k_no11,False,0.0,-0.31249992549419403,False
Run 3,agentmemorybench:fact-mh-262k:context-0/factconsolidation_mh_262k_no11,8,14,0.5714285714285714,0.3333333333333333,-3.1250000055879354,0.04208772769033365,0.0,False,True,4.4781026542824906e-08,Run 3::agentmemorybench:fact-mh-262k:context-0/factconsolidation_mh_262k_no11,False,0.0,-1.125000050291419,False
Run 3,agentmemorybench:fact-mh-262k:context-0/factconsolidation_mh_262k_no11,9,14,0.6428571428571429,0.3333333333333333,-2.8124999906867743,0.056744990700501596,0.0,False,True,0.08838845038126168,Run 3::agentmemorybench:fact-mh-262k:context-0/factconsolidation_mh_262k_no11,False,0.0,0.3125000149011612,False
Run 3,agentmemorybench:fact-mh-262k:context-0/factconsolidation_mh_262k_no11,10,14,0.7142857142857143,0.3333333333333333,-1.6875,0.15628183046412636,0.0,False,True,0.08838834764831845,Run 3::agentmemorybench:fact-mh-262k:context-0/factconsolidation_mh_262k_no11,False,0.0,1.1249999906867743,False
Run 3,agentmemorybench:fact-mh-262k:context-0/factconsolidation_mh_262k_no11,11,14,0.7857142857142857,0.3333333333333333,-1.6249999925494194,0.16523636151577548,0.0,False,True,0.17677664261307624,Run 3::agentmemorybench:fact-mh-262k:context-0/factconsolidation_mh_262k_no11,False,0.0,0.0625000074505806,False
Run 3,agentmemorybench:fact-mh-262k:context-0/factconsolidation_mh_262k_no11,12,14,0.8571428571428571,0.3333333333333333,-2.687500011175871,0.0638166701711099,0.0,False,True,0.08838842667365955,Run 3::agentmemorybench:fact-mh-262k:context-0/factconsolidation_mh_262k_no11,False,0.0,-1.0625000186264515,False
Run 3,agentmemorybench:fact-mh-262k:context-0/factconsolidation_mh_262k_no11,13,14,0.9285714285714286,0.3333333333333333,0.125,0.5312093733737563,1.0,False,True,0.0,Run 3::agentmemorybench:fact-mh-262k:context-0/factconsolidation_mh_262k_no11,True,0.0,2.812500011175871,False
Run 3,agentmemorybench:fact-mh-262k:context-0/factconsolidation_mh_262k_no11,14,14,1.0,0.3333333333333333,-1.9375000968575478,0.12608357040382645,0.0,False,True,0.08838833711160632,Run 3::agentmemorybench:fact-mh-262k:context-0/factconsolidation_mh_262k_no11,False,0.0,-2.0625000968575478,False
Run 3,agentmemorybench:fact-mh-262k:context-0/factconsolidation_mh_262k_no12,1,3,0.3333333333333333,0.0,-4.000000113621354,0.017986207955231,0.0,False,False,0.0,Run 3::agentmemorybench:fact-mh-262k:context-0/factconsolidation_mh_262k_no12,False,,,False
Run 3,agentmemorybench:fact-mh-262k:context-0/factconsolidation_mh_262k_no12,2,3,0.6666666666666666,0.0,2.875,0.946243738176883,1.0,False,False,0.17677673217512932,Run 3::agentmemorybench:fact-mh-262k:context-0/factconsolidation_mh_262k_no12,True,0.0,6.875000113621354,False
Run 3,agentmemorybench:fact-mh-262k:context-0/factconsolidation_mh_262k_no12,3,3,1.0,0.5,7.750000093714334,0.9995694429590072,1.0,False,False,0.0,Run 3::agentmemorybench:fact-mh-262k:context-0/factconsolidation_mh_262k_no12,True,0.5,4.875000093714334,True
Run 3,agentmemorybench:fact-mh-262k:context-0/factconsolidation_mh_262k_no13,1,5,0.2,0.0,-3.375000022351742,0.0330859776736429,0.0,True,False,0.0,Run 3::agentmemorybench:fact-mh-262k:context-0/factconsolidation_mh_262k_no13,False,,,False
Run 3,agentmemorybench:fact-mh-262k:context-0/factconsolidation_mh_262k_no13,2,5,0.4,0.0,3.687499969266355,0.9755326357297414,1.0,True,False,0.08838833052616107,Run 3::agentmemorybench:fact-mh-262k:context-0/factconsolidation_mh_262k_no13,True,0.0,7.062499991618097,False
Run 3,agentmemorybench:fact-mh-262k:context-0/factconsolidation_mh_262k_no13,3,5,0.6,0.5,2.7499999832361937,0.9399133488792353,1.0,True,False,1.3434307962847473e-07,Run 3::agentmemorybench:fact-mh-262k:context-0/factconsolidation_mh_262k_no13,True,0.5,-0.9374999860301614,True
Run 3,agentmemorybench:fact-mh-262k:context-0/factconsolidation_mh_262k_no13,4,5,0.8,0.5,3.749999964609742,0.9770226292954839,1.0,True,False,3.42443144151014e-08,Run 3::agentmemorybench:fact-mh-262k:context-0/factconsolidation_mh_262k_no13,True,0.0,0.9999999813735485,False
Run 3,agentmemorybench:fact-mh-262k:context-0/factconsolidation_mh_262k_no13,5,5,1.0,1.0,6.749999885360012,0.9987938831545948,1.0,True,False,0.3535533028833771,Run 3::agentmemorybench:fact-mh-262k:context-0/factconsolidation_mh_262k_no13,True,0.5,2.9999999207502697,True
Run 3,agentmemorybench:fact-mh-262k:context-0/factconsolidation_mh_262k_no14,1,3,0.3333333333333333,0.0,-3.8749999282881618,0.020332354771083153,0.0,True,False,5.136647115162436e-08,Run 3::agentmemorybench:fact-mh-262k:context-0/factconsolidation_mh_262k_no14,False,,,False
Run 3,agentmemorybench:fact-mh-262k:context-0/factconsolidation_mh_262k_no14,2,3,0.6666666666666666,0.0,3.375000100582838,0.9669140248290712,1.0,True,False,0.0,Run 3::agentmemorybench:fact-mh-262k:context-0/factconsolidation_mh_262k_no14,True,0.0,7.250000028871,False
Run 3,agentmemorybench:fact-mh-262k:context-0/factconsolidation_mh_262k_no14,3,3,1.0,1.0,7.4374998784333,0.9994104435294666,1.0,True,False,0.08838840111390069,Run 3::agentmemorybench:fact-mh-262k:context-0/factconsolidation_mh_262k_no14,True,1.0,4.062499777850462,True
Run 3,agentmemorybench:fact-mh-262k:context-0/factconsolidation_mh_262k_no15,1,5,0.2,0.0,-4.2500001937150955,0.0140636243572229,0.0,True,False,0.0,Run 3::agentmemorybench:fact-mh-262k:context-0/factconsolidation_mh_262k_no15,False,,,False
Run 3,agentmemorybench:fact-mh-262k:context-0/factconsolidation_mh_262k_no15,2,5,0.4,0.0,2.5625000074505806,0.928297565154057,1.0,True,False,0.0883882528179093,Run 3::agentmemorybench:fact-mh-262k:context-0/factconsolidation_mh_262k_no15,True,0.0,6.812500201165676,False
Run 3,agentmemorybench:fact-mh-262k:context-0/factconsolidation_mh_262k_no15,3,5,0.6,0.5,3.6250000540167098,0.9740426441679384,1.0,True,False,0.0,Run 3::agentmemorybench:fact-mh-262k:context-0/factconsolidation_mh_262k_no15,True,0.5,1.0625000465661292,True
Run 3,agentmemorybench:fact-mh-262k:context-0/factconsolidation_mh_262k_no15,4,5,0.8,0.5,4.062500021420419,0.9830536997360075,1.0,True,False,0.08838804340075575,Run 3::agentmemorybench:fact-mh-262k:context-0/factconsolidation_mh_262k_no15,True,0.0,0.43749996740370944,False
Run 3,agentmemorybench:fact-mh-262k:context-0/factconsolidation_mh_262k_no15,5,5,1.0,1.0,6.624999989347998,0.9986749775686914,1.0,True,False,8.421137895829023e-08,Run 3::agentmemorybench:fact-mh-262k:context-0/factconsolidation_mh_262k_no15,True,0.5,2.562499967927579,True
Run 3,agentmemorybench:fact-mh-262k:context-0/factconsolidation_mh_262k_no16,1,15,0.0666666666666666,0.0,-4.874999864958227,0.0075772422833516,0.0,False,True,0.0,Run 3::agentmemorybench:fact-mh-262k:context-0/factconsolidation_mh_262k_no16,False,,,False
Run 3,agentmemorybench:fact-mh-262k:context-0/factconsolidation_mh_262k_no16,2,15,0.1333333333333333,0.0,-2.624999977648258,0.0675466925474342,0.0,False,True,0.0,Run 3::agentmemorybench:fact-mh-262k:context-0/factconsolidation_mh_262k_no16,False,0.0,2.2499998873099685,False
Run 3,agentmemorybench:fact-mh-262k:context-0/factconsolidation_mh_262k_no16,3,15,0.2,0.25,-0.75,0.3208213008246069,0.0,False,True,0.0,Run 3::agentmemorybench:fact-mh-262k:context-0/factconsolidation_mh_262k_no16,False,0.25,1.8749999776482582,True
Run 3,agentmemorybench:fact-mh-262k:context-0/factconsolidation_mh_262k_no16,4,15,0.2666666666666666,0.25,-3.8749998593702912,0.020481792638400248,0.0,False,True,0.17677662549091888,Run 3::agentmemorybench:fact-mh-262k:context-0/factconsolidation_mh_262k_no16,False,0.0,-3.1249998593702912,False
Run 3,agentmemorybench:fact-mh-262k:context-0/factconsolidation_mh_262k_no16,5,15,0.3333333333333333,0.25,-3.2499999813735485,0.03758685356196635,0.0,False,True,0.17677660573458379,Run 3::agentmemorybench:fact-mh-262k:context-0/factconsolidation_mh_262k_no16,False,0.0,0.6249998779967427,False
Run 3,agentmemorybench:fact-mh-262k:context-0/factconsolidation_mh_262k_no16,6,15,0.4,0.25,0.8125000149011612,0.6924818669057151,1.0,False,True,0.08838828442804568,Run 3::agentmemorybench:fact-mh-262k:context-0/factconsolidation_mh_262k_no16,True,0.0,4.06249999627471,False
Run 3,agentmemorybench:fact-mh-262k:context-0/factconsolidation_mh_262k_no16,7,15,0.4666666666666667,0.5,0.0,0.5,0.0,False,True,0.0,Run 3::agentmemorybench:fact-mh-262k:context-0/factconsolidation_mh_262k_no16,False,0.25,-0.8125000149011612,True
Run 3,agentmemorybench:fact-mh-262k:context-0/factconsolidation_mh_262k_no16,8,15,0.5333333333333333,0.5,1.1875000149011612,0.7661074269556738,1.0,False,True,0.08838828442804568,Run 3::agentmemorybench:fact-mh-262k:context-0/factconsolidation_mh_262k_no16,True,0.0,1.1875000149011612,False
Run 3,agentmemorybench:fact-mh-262k:context-0/factconsolidation_mh_262k_no16,9,15,0.6,0.75,3.187500050291419,0.9602926943813652,1.0,False,True,0.08838828706222371,Run 3::agentmemorybench:fact-mh-262k:context-0/factconsolidation_mh_262k_no16,True,0.25,2.000000035390258,True
Run 3,agentmemorybench:fact-mh-262k:context-0/factconsolidation_mh_262k_no16,10,15,0.6666666666666666,0.75,2.25,0.9046505351008902,1.0,False,True,1.369772582884426e-07,Run 3::agentmemorybench:fact-mh-262k:context-0/factconsolidation_mh_262k_no16,True,0.0,-0.937500050291419,False
Run 3,agentmemorybench:fact-mh-262k:context-0/factconsolidation_mh_262k_no16,11,15,0.7333333333333333,0.75,3.3124999403953552,0.9647935651533224,1.0,False,True,0.08838831603818206,Run 3::agentmemorybench:fact-mh-262k:context-0/factconsolidation_mh_262k_no16,True,0.0,1.0624999403953552,False
Run 3,agentmemorybench:fact-mh-262k:context-0/factconsolidation_mh_262k_no16,12,15,0.8,0.75,6.937500057392754,0.999028358932889,1.0,False,True,0.08838851705889311,Run 3::agentmemorybench:fact-mh-262k:context-0/factconsolidation_mh_262k_no16,True,0.0,3.6250001169973984,False
Run 3,agentmemorybench:fact-mh-262k:context-0/factconsolidation_mh_262k_no16,13,15,0.8666666666666667,0.75,5.875000012340024,0.9971773470080243,1.0,False,True,0.17677680560284198,Run 3::agentmemorybench:fact-mh-262k:context-0/factconsolidation_mh_262k_no16,True,0.0,-1.0625000450527295,False
Run 3,agentmemorybench:fact-mh-262k:context-0/factconsolidation_mh_262k_no16,14,15,0.9333333333333332,0.75,5.874999889638275,0.9971990727246296,1.0,False,True,0.0,Run 3::agentmemorybench:fact-mh-262k:context-0/factconsolidation_mh_262k_no16,True,0.0,-1.227017492055893e-07,False
Run 3,agentmemorybench:fact-mh-262k:context-0/factconsolidation_mh_262k_no16,15,15,1.0,0.75,5.1875000081490725,0.9944344028038459,1.0,False,True,0.088388208366155,Run 3::agentmemorybench:fact-mh-262k:context-0/factconsolidation_mh_262k_no16,True,0.0,-0.6874998814892024,False
Run 3,agentmemorybench:fact-mh-262k:context-0/factconsolidation_mh_262k_no17,1,9,0.1111111111111111,0.0,-4.374999896623194,0.0124316521223537,0.0,False,True,0.0,Run 3::agentmemorybench:fact-mh-262k:context-0/factconsolidation_mh_262k_no17,False,,,False
Run 3,agentmemorybench:fact-mh-262k:context-0/factconsolidation_mh_262k_no17,2,9,0.2222222222222222,0.0,-5.749999890802428,0.0031726831878352,0.0,False,True,0.0,Run 3::agentmemorybench:fact-mh-262k:context-0/factconsolidation_mh_262k_no17,False,0.0,-1.374999994179234,False
Run 3,agentmemorybench:fact-mh-262k:context-0/factconsolidation_mh_262k_no17,3,9,0.3333333333333333,0.0,-9.624999885352736,6.605215242684585e-05,0.0,False,True,0.0,Run 3::agentmemorybench:fact-mh-262k:context-0/factconsolidation_mh_262k_no17,False,0.0,-3.8749999945503077,False
Run 3,agentmemorybench:fact-mh-262k:context-0/factconsolidation_mh_262k_no17,4,9,0.4444444444444444,0.0,-5.562499925377779,0.00383187044206125,0.0,False,True,0.08838839885015394,Run 3::agentmemorybench:fact-mh-262k:context-0/factconsolidation_mh_262k_no17,False,0.0,4.062499959974957,False
Run 3,agentmemorybench:fact-mh-262k:context-0/factconsolidation_mh_262k_no17,5,9,0.5555555555555556,0.0,-5.687500010244548,0.0033831426725932,0.0,False,True,0.08838831505036529,Run 3::agentmemorybench:fact-mh-262k:context-0/factconsolidation_mh_262k_no17,False,0.0,-0.1250000848667696,False
Run 3,agentmemorybench:fact-mh-262k:context-0/factconsolidation_mh_262k_no17,6,9,0.6666666666666666,0.0,-4.75000010477379,0.0085774845227249,0.0,False,True,1.3105035708856113e-07,Run 3::agentmemorybench:fact-mh-262k:context-0/factconsolidation_mh_262k_no17,False,0.0,0.9374999054707587,False
Run 3,agentmemorybench:fact-mh-262k:context-0/factconsolidation_mh_262k_no17,7,9,0.7777777777777778,0.3333333333333333,-3.249999932944774,0.0373268897536645,0.0,False,True,0.0,Run 3::agentmemorybench:fact-mh-262k:context-0/factconsolidation_mh_262k_no17,False,0.3333333333333333,1.5000001718290155,True
Run 3,agentmemorybench:fact-mh-262k:context-0/factconsolidation_mh_262k_no17,8,9,0.8888888888888888,0.3333333333333333,-4.875000066123903,0.0075772407706205,0.0,False,True,0.0,Run 3::agentmemorybench:fact-mh-262k:context-0/factconsolidation_mh_262k_no17,False,0.0,-1.6250001331791286,False
Run 3,agentmemorybench:fact-mh-262k:context-0/factconsolidation_mh_262k_no17,9,9,1.0,0.3333333333333333,-5.12500014482066,0.00591106800525905,0.0,False,True,1.2051364496083762e-07,Run 3::agentmemorybench:fact-mh-262k:context-0/factconsolidation_mh_262k_no17,False,0.0,-0.25000007869675756,False
Run 3,agentmemorybench:fact-mh-262k:context-0/factconsolidation_mh_262k_no18,1,13,0.0769230769230769,0.0,-4.374999928288162,0.0124316517335996,0.0,False,True,0.0,Run 3::agentmemorybench:fact-mh-262k:context-0/factconsolidation_mh_262k_no18,False,,,False
Run 3,agentmemorybench:fact-mh-262k:context-0/factconsolidation_mh_262k_no18,2,13,0.1538461538461538,0.0,1.2499999850988388,0.7772998585952288,1.0,False,True,2.1073424255447017e-08,Run 3::agentmemorybench:fact-mh-262k:context-0/factconsolidation_mh_262k_no18,True,0.0,5.624999913387001,False
Run 3,agentmemorybench:fact-mh-262k:context-0/factconsolidation_mh_262k_no18,3,13,0.2307692307692307,0.0,0.25,0.5621765008857981,1.0,False,True,0.0,Run 3::agentmemorybench:fact-mh-262k:context-0/factconsolidation_mh_262k_no18,True,0.0,-0.9999999850988388,False
Run 3,agentmemorybench:fact-mh-262k:context-0/factconsolidation_mh_262k_no18,4,13,0.3076923076923077,0.25,5.749999821651727,0.9968273165934676,1.0,False,True,0.0,Run 3::agentmemorybench:fact-mh-262k:context-0/factconsolidation_mh_262k_no18,True,0.25,5.499999821651727,True
Run 3,agentmemorybench:fact-mh-262k:context-0/factconsolidation_mh_262k_no18,5,13,0.3846153846153846,0.25,1.3749999552965164,0.7981867705385763,1.0,False,True,0.0,Run 3::agentmemorybench:fact-mh-262k:context-0/factconsolidation_mh_262k_no18,True,0.0,-4.3749998663552105,False
Run 3,agentmemorybench:fact-mh-262k:context-0/factconsolidation_mh_262k_no18,6,13,0.4615384615384615,0.25,0.5,0.6224593312018546,1.0,False,True,0.0,Run 3::agentmemorybench:fact-mh-262k:context-0/factconsolidation_mh_262k_no18,True,0.0,-0.8749999552965164,False
Run 3,agentmemorybench:fact-mh-262k:context-0/factconsolidation_mh_262k_no18,7,13,0.5384615384615384,0.25,0.75,0.679178699175393,1.0,False,True,0.0,Run 3::agentmemorybench:fact-mh-262k:context-0/factconsolidation_mh_262k_no18,True,0.0,0.25,False
Run 3,agentmemorybench:fact-mh-262k:context-0/factconsolidation_mh_262k_no18,8,13,0.6153846153846154,0.25,-1.1875000298023224,0.2338925706423897,0.0,False,True,0.08838834764831845,Run 3::agentmemorybench:fact-mh-262k:context-0/factconsolidation_mh_262k_no18,False,0.0,-1.9375000298023224,False
Run 3,agentmemorybench:fact-mh-262k:context-0/factconsolidation_mh_262k_no18,9,13,0.6923076923076923,0.25,0.6249999403953552,0.6513548511303336,1.0,False,True,0.0,Run 3::agentmemorybench:fact-mh-262k:context-0/factconsolidation_mh_262k_no18,True,0.0,1.8124999701976776,False
Run 3,agentmemorybench:fact-mh-262k:context-0/factconsolidation_mh_262k_no18,10,13,0.7692307692307693,0.25,0.7500000298023224,0.6791787056691698,1.0,False,True,0.0,Run 3::agentmemorybench:fact-mh-262k:context-0/factconsolidation_mh_262k_no18,True,0.0,0.12500008940696716,False
Run 3,agentmemorybench:fact-mh-262k:context-0/factconsolidation_mh_262k_no18,11,13,0.8461538461538461,0.25,3.9374998910352588,0.9808407163788853,1.0,False,True,0.08838824886664225,Run 3::agentmemorybench:fact-mh-262k:context-0/factconsolidation_mh_262k_no18,True,0.0,3.1874998612329364,False
Run 3,agentmemorybench:fact-mh-262k:context-0/factconsolidation_mh_262k_no18,12,13,0.9230769230769232,0.25,3.3749999310821295,0.9669140194065237,1.0,False,True,2.8975958351239646e-08,Run 3::agentmemorybench:fact-mh-262k:context-0/factconsolidation_mh_262k_no18,True,0.0,-0.5624999599531293,False
Run 3,agentmemorybench:fact-mh-262k:context-0/factconsolidation_mh_262k_no18,13,13,1.0,0.25,5.812499927706085,0.99701319488424,1.0,False,True,0.08838831455645692,Run 3::agentmemorybench:fact-mh-262k:context-0/factconsolidation_mh_262k_no18,True,0.0,2.4374999966239557,False
Run 3,agentmemorybench:fact-mh-262k:context-0/factconsolidation_mh_262k_no19,1,26,0.0384615384615384,0.0,-4.3125000121071935,0.0132476387411291,0.0,False,True,0.08838826072044338,Run 3::agentmemorybench:fact-mh-262k:context-0/factconsolidation_mh_262k_no19,False,,,False
Run 3,agentmemorybench:fact-mh-262k:context-0/factconsolidation_mh_262k_no19,2,26,0.0769230769230769,0.0,1.812499962747097,0.8594942766713465,1.0,False,True,0.08838827389133355,Run 3::agentmemorybench:fact-mh-262k:context-0/factconsolidation_mh_262k_no19,True,0.0,6.1249999748542905,False
Run 3,agentmemorybench:fact-mh-262k:context-0/factconsolidation_mh_262k_no19,3,26,0.1153846153846153,0.25,1.8749999925494194,0.8663749393483061,1.0,False,True,0.1767766636865005,Run 3::agentmemorybench:fact-mh-262k:context-0/factconsolidation_mh_262k_no19,True,0.25,0.06250002980232239,True
Run 3,agentmemorybench:fact-mh-262k:context-0/factconsolidation_mh_262k_no19,4,26,0.1538461538461538,0.25,-2.1874999441206455,0.10102003447840971,0.0,False,True,0.08838834237996238,Run 3::agentmemorybench:fact-mh-262k:context-0/factconsolidation_mh_262k_no19,False,0.0,-4.062499936670065,False
Run 3,agentmemorybench:fact-mh-262k:context-0/factconsolidation_mh_262k_no19,5,26,0.1923076923076923,0.25,1.3750000149011612,0.7981867801399694,1.0,False,True,2.1073424255447017e-08,Run 3::agentmemorybench:fact-mh-262k:context-0/factconsolidation_mh_262k_no19,True,0.0,3.5624999590218067,False
Run 3,agentmemorybench:fact-mh-262k:context-0/factconsolidation_mh_262k_no19,6,26,0.2307692307692307,0.25,0.8749999552965164,0.70578501855422,1.0,False,True,2.1073424255447017e-08,Run 3::agentmemorybench:fact-mh-262k:context-0/factconsolidation_mh_262k_no19,True,0.0,-0.5000000596046448,False
Run 3,agentmemorybench:fact-mh-262k:context-0/factconsolidation_mh_262k_no19,7,26,0.2692307692307692,0.25,-0.125,0.4687906266262437,0.0,False,True,0.0,Run 3::agentmemorybench:fact-mh-262k:context-0/factconsolidation_mh_262k_no19,False,0.0,-0.9999999552965164,False
Run 3,agentmemorybench:fact-mh-262k:context-0/factconsolidation_mh_262k_no19,8,26,0.3076923076923077,0.5,-0.3125,0.4225784495800661,0.0,False,True,0.08838834764831845,Run 3::agentmemorybench:fact-mh-262k:context-0/factconsolidation_mh_262k_no19,False,0.25,-0.1875,True
Run 3,agentmemorybench:fact-mh-262k:context-0/factconsolidation_mh_262k_no19,9,26,0.3461538461538461,0.5,-2.3749999962747097,0.0850990452970609,0.0,False,True,2.634178031930877e-08,Run 3::agentmemorybench:fact-mh-262k:context-0/factconsolidation_mh_262k_no19,False,0.0,-2.0624999962747097,False
Run 3,agentmemorybench:fact-mh-262k:context-0/factconsolidation_mh_262k_no19,10,26,0.3846153846153846,0.5,-3.1249999180436134,0.04208773121980135,0.0,False,True,1.0536712127723509e-08,Run 3::agentmemorybench:fact-mh-262k:context-0/factconsolidation_mh_262k_no19,False,0.0,-0.7499999217689037,False
Run 3,agentmemorybench:fact-mh-262k:context-0/factconsolidation_mh_262k_no19,11,26,0.4230769230769231,0.5,-2.999999988824129,0.04742587368245525,0.0,False,True,4.7415204574755785e-08,Run 3::agentmemorybench:fact-mh-262k:context-0/factconsolidation_mh_262k_no19,False,0.0,0.12499992921948433,False
Run 3,agentmemorybench:fact-mh-262k:context-0/factconsolidation_mh_262k_no19,12,26,0.4615384615384615,0.5,-2.375000022351742,0.08509904326677635,0.0,False,True,8.429369702178807e-08,Run 3::agentmemorybench:fact-mh-262k:context-0/factconsolidation_mh_262k_no19,False,0.0,0.6249999664723873,False
Run 3,agentmemorybench:fact-mh-262k:context-0/factconsolidation_mh_262k_no19,13,26,0.5,0.5,-2.000000022351742,0.1192029196753281,0.0,False,True,7.375698489406456e-08,Run 3::agentmemorybench:fact-mh-262k:context-0/factconsolidation_mh_262k_no19,False,0.0,0.375,False
Run 3,agentmemorybench:fact-mh-262k:context-0/factconsolidation_mh_262k_no19,14,26,0.5384615384615384,0.5,-2.625000074505806,0.06754668644694545,0.0,False,True,3.1610136854198264e-08,Run 3::agentmemorybench:fact-mh-262k:context-0/factconsolidation_mh_262k_no19,False,0.0,-0.6250000521540642,False
Run 3,agentmemorybench:fact-mh-262k:context-0/factconsolidation_mh_262k_no19,15,26,0.5769230769230769,0.5,-2.437500011175871,0.08047861152847405,0.0,False,True,0.08838828969640174,Run 3::agentmemorybench:fact-mh-262k:context-0/factconsolidation_mh_262k_no19,False,0.0,0.18750006332993507,False
Run 3,agentmemorybench:fact-mh-262k:context-0/factconsolidation_mh_262k_no19,16,26,0.6153846153846154,0.5,-2.062500014901161,0.1129467564915234,0.0,False,True,0.08838834764831845,Run 3::agentmemorybench:fact-mh-262k:context-0/factconsolidation_mh_262k_no19,False,0.0,0.3749999962747097,False
Run 3,agentmemorybench:fact-mh-262k:context-0/factconsolidation_mh_262k_no19,17,26,0.6538461538461539,0.5,-2.0000000074505806,0.11920292123985485,0.0,False,True,1.5805068191585263e-07,Run 3::agentmemorybench:fact-mh-262k:context-0/factconsolidation_mh_262k_no19,False,0.0,0.0625000074505806,False
Run 3,agentmemorybench:fact-mh-262k:context-0/factconsolidation_mh_262k_no19,18,26,0.6923076923076923,0.5,-2.3749999962747097,0.08509904529706125,0.0,False,True,1.5278232585199085e-07,Run 3::agentmemorybench:fact-mh-262k:context-0/factconsolidation_mh_262k_no19,False,0.0,-0.3749999888241291,False
Run 3,agentmemorybench:fact-mh-262k:context-0/factconsolidation_mh_262k_no19,19,26,0.7307692307692307,0.5,-1.1249999701976776,0.2450850186463482,0.0,False,True,0.0,Run 3::agentmemorybench:fact-mh-262k:context-0/factconsolidation_mh_262k_no19,False,0.0,1.250000026077032,False
Run 3,agentmemorybench:fact-mh-262k:context-0/factconsolidation_mh_262k_no19,20,26,0.7692307692307693,0.5,-0.8750000298023224,0.2942149659744614,0.0,False,True,4.2146848510894035e-08,Run 3::agentmemorybench:fact-mh-262k:context-0/factconsolidation_mh_262k_no19,False,0.0,0.24999994039535522,False
Run 3,agentmemorybench:fact-mh-262k:context-0/factconsolidation_mh_262k_no19,21,26,0.8076923076923077,0.75,1.4999999925494194,0.8175744750824159,1.0,False,True,7.375698489406456e-08,Run 3::agentmemorybench:fact-mh-262k:context-0/factconsolidation_mh_262k_no19,True,0.25,2.375000022351742,True
Run 3,agentmemorybench:fact-mh-262k:context-0/factconsolidation_mh_262k_no19,22,26,0.8461538461538461,0.75,1.3125000149011612,0.7877433218575043,1.0,False,True,0.0883883687217427,Run 3::agentmemorybench:fact-mh-262k:context-0/factconsolidation_mh_262k_no19,True,0.0,-0.1874999776482582,False
Run 3,agentmemorybench:fact-mh-262k:context-0/factconsolidation_mh_262k_no19,23,26,0.8846153846153846,0.75,0.1875,0.5466929371297772,1.0,False,True,0.08838834764831845,Run 3::agentmemorybench:fact-mh-262k:context-0/factconsolidation_mh_262k_no19,True,0.0,-1.1250000149011612,False
Run 3,agentmemorybench:fact-mh-262k:context-0/factconsolidation_mh_262k_no19,24,26,0.9230769230769232,0.75,-0.5,0.3775406687981454,0.0,False,True,0.0,Run 3::agentmemorybench:fact-mh-262k:context-0/factconsolidation_mh_262k_no19,False,0.0,-0.6875,False
Run 3,agentmemorybench:fact-mh-262k:context-0/factconsolidation_mh_262k_no19,25,26,0.9615384615384616,0.75,0.0625,0.5156046866868782,0.5,False,True,0.08838834764831845,Run 3::agentmemorybench:fact-mh-262k:context-0/factconsolidation_mh_262k_no19,True,0.0,0.5625,False
Run 3,agentmemorybench:fact-mh-262k:context-0/factconsolidation_mh_262k_no19,26,26,1.0,0.75,1.3750000521540642,0.79818678614084,1.0,False,True,1.0536712127723509e-08,Run 3::agentmemorybench:fact-mh-262k:context-0/factconsolidation_mh_262k_no19,True,0.0,1.3125000521540642,False
Run 3,agentmemorybench:fact-mh-262k:context-0/factconsolidation_mh_262k_no2,1,17,0.0588235294117647,0.0,-3.875000100582838,0.0203323513391544,0.0,False,True,0.0,Run 3::agentmemorybench:fact-mh-262k:context-0/factconsolidation_mh_262k_no2,False,,,False
Run 3,agentmemorybench:fact-mh-262k:context-0/factconsolidation_mh_262k_no2,2,17,0.1176470588235294,0.0,-0.25,0.4378234991142019,0.0,False,True,0.0,Run 3::agentmemorybench:fact-mh-262k:context-0/factconsolidation_mh_262k_no2,False,0.0,3.625000100582838,False
Run 3,agentmemorybench:fact-mh-262k:context-0/factconsolidation_mh_262k_no2,3,17,0.1764705882352941,0.0,0.8125000596046448,0.6924818761885062,1.0,False,True,0.08838834764831845,Run 3::agentmemorybench:fact-mh-262k:context-0/factconsolidation_mh_262k_no2,True,0.0,1.0625000596046448,False
Run 3,agentmemorybench:fact-mh-262k:context-0/factconsolidation_mh_262k_no2,4,17,0.2352941176470588,0.75,0.0625,0.5156046866868782,0.5,False,True,0.08838834764831845,Run 3::agentmemorybench:fact-mh-262k:context-0/factconsolidation_mh_262k_no2,True,0.75,-0.7500000596046448,True
Run 3,agentmemorybench:fact-mh-262k:context-0/factconsolidation_mh_262k_no2,5,17,0.2941176470588235,0.75,2.9375,0.9495853986514622,1.0,False,True,0.08838827389133355,Run 3::agentmemorybench:fact-mh-262k:context-0/factconsolidation_mh_262k_no2,True,0.0,2.875,False
Run 3,agentmemorybench:fact-mh-262k:context-0/factconsolidation_mh_262k_no2,6,17,0.3529411764705882,0.75,1.7500000074505806,0.8519528029080465,1.0,False,True,1.0536712127723509e-08,Run 3::agentmemorybench:fact-mh-262k:context-0/factconsolidation_mh_262k_no2,True,0.0,-1.1874999925494194,False
Run 3,agentmemorybench:fact-mh-262k:context-0/factconsolidation_mh_262k_no2,7,17,0.4117647058823529,0.75,-0.8749999701976776,0.2942149783515162,0.0,False,True,0.0,Run 3::agentmemorybench:fact-mh-262k:context-0/factconsolidation_mh_262k_no2,False,0.0,-2.624999977648258,False
Run 3,agentmemorybench:fact-mh-262k:context-0/factconsolidation_mh_262k_no2,8,17,0.4705882352941176,0.75,-2.1875,0.1010200290852504,0.0,False,True,0.08838824228119717,Run 3::agentmemorybench:fact-mh-262k:context-0/factconsolidation_mh_262k_no2,False,0.0,-1.3125000298023224,False
Run 3,agentmemorybench:fact-mh-262k:context-0/factconsolidation_mh_262k_no2,9,17,0.5294117647058824,0.75,-2.562499988824129,0.07170243628433885,0.0,False,True,0.08838833184325025,Run 3::agentmemorybench:fact-mh-262k:context-0/factconsolidation_mh_262k_no2,False,0.0,-0.3749999888241291,False
Run 3,agentmemorybench:fact-mh-262k:context-0/factconsolidation_mh_262k_no2,10,17,0.5882352941176471,0.75,-2.562500022351742,0.07170243398697365,0.0,False,True,0.08838830550146994,Run 3::agentmemorybench:fact-mh-262k:context-0/factconsolidation_mh_262k_no2,False,0.0,-3.3527612686157227e-08,False
Run 3,agentmemorybench:fact-mh-262k:context-0/factconsolidation_mh_262k_no2,11,17,0.6470588235294118,0.75,-2.625000048428774,0.0675466880893847,0.0,False,True,5.795191670247929e-08,Run 3::agentmemorybench:fact-mh-262k:context-0/factconsolidation_mh_262k_no2,False,0.0,-0.06250002607703209,False
Run 3,agentmemorybench:fact-mh-262k:context-0/factconsolidation_mh_262k_no2,12,17,0.7058823529411765,0.75,-3.0625,0.04475680080007785,0.0,False,True,0.08838849516228822,Run 3::agentmemorybench:fact-mh-262k:context-0/factconsolidation_mh_262k_no2,False,0.0,-0.4374999515712261,False
Run 3,agentmemorybench:fact-mh-262k:context-0/factconsolidation_mh_262k_no2,13,17,0.7647058823529411,0.75,-2.3124999962747097,0.09022425508662946,0.0,False,True,0.08838828969640174,Run 3::agentmemorybench:fact-mh-262k:context-0/factconsolidation_mh_262k_no2,False,0.0,0.7500000037252903,False
Run 3,agentmemorybench:fact-mh-262k:context-0/factconsolidation_mh_262k_no2,14,17,0.8235294117647058,0.75,-1.562499962747097,0.1734709985590404,0.0,False,True,0.08838831603818206,Run 3::agentmemorybench:fact-mh-262k:context-0/factconsolidation_mh_262k_no2,False,0.0,0.7500000335276127,False
Run 3,agentmemorybench:fact-mh-262k:context-0/factconsolidation_mh_262k_no2,15,17,0.8823529411764706,0.75,-2.6249999906867743,0.06797241567436785,0.0,False,True,0.17677669266245885,Run 3::agentmemorybench:fact-mh-262k:context-0/factconsolidation_mh_262k_no2,False,0.0,-1.0625000279396772,False
Run 3,agentmemorybench:fact-mh-262k:context-0/factconsolidation_mh_262k_no2,16,17,0.9411764705882352,0.75,-3.312500037252903,0.03520643171870675,0.0,False,True,0.08838843194201562,Run 3::agentmemorybench:fact-mh-262k:context-0/factconsolidation_mh_262k_no2,False,0.0,-0.6875000465661287,False
Run 3,agentmemorybench:fact-mh-262k:context-0/factconsolidation_mh_262k_no2,17,17,1.0,0.75,-2.0000000298023224,0.1192029188930649,0.0,False,True,6.322027276634104e-08,Run 3::agentmemorybench:fact-mh-262k:context-0/factconsolidation_mh_262k_no2,False,0.0,1.3125000074505806,False
Run 3,agentmemorybench:fact-mh-262k:context-0/factconsolidation_mh_262k_no20,1,6,0.1666666666666666,0.0,-4.124999972991645,0.0159063921345867,0.0,False,True,6.453736178230649e-08,Run 3::agentmemorybench:fact-mh-262k:context-0/factconsolidation_mh_262k_no20,False,,,False
Run 3,agentmemorybench:fact-mh-262k:context-0/factconsolidation_mh_262k_no20,2,6,0.3333333333333333,0.0,1.1250000149011612,0.7549149896246163,1.0,False,True,6.322027276634104e-08,Run 3::agentmemorybench:fact-mh-262k:context-0/factconsolidation_mh_262k_no20,True,0.0,5.2499999878928065,False
Run 3,agentmemorybench:fact-mh-262k:context-0/factconsolidation_mh_262k_no20,3,6,0.5,0.3333333333333333,0.7499999850988388,0.6791786959285045,1.0,False,True,2.1073424255447017e-08,Run 3::agentmemorybench:fact-mh-262k:context-0/factconsolidation_mh_262k_no20,True,0.3333333333333333,-0.3750000298023224,True
Run 3,agentmemorybench:fact-mh-262k:context-0/factconsolidation_mh_262k_no20,4,6,0.6666666666666666,0.3333333333333333,0.8124999701976776,0.69248185716505,1.0,False,True,0.08838834764831845,Run 3::agentmemorybench:fact-mh-262k:context-0/factconsolidation_mh_262k_no20,True,0.0,0.062499985098838806,False
Run 3,agentmemorybench:fact-mh-262k:context-0/factconsolidation_mh_262k_no20,5,6,0.8333333333333334,0.3333333333333333,2.2499999590218067,0.9046505315661957,1.0,False,True,5.795191670247929e-08,Run 3::agentmemorybench:fact-mh-262k:context-0/factconsolidation_mh_262k_no20,True,0.0,1.437499988824129,False
Run 3,agentmemorybench:fact-mh-262k:context-0/factconsolidation_mh_262k_no20,6,6,1.0,1.0,6.750000033935066,0.9988304897745854,1.0,False,True,2.52963409128862e-07,Run 3::agentmemorybench:fact-mh-262k:context-0/factconsolidation_mh_262k_no20,True,0.6666666666666667,4.50000007491326,True
Run 3,agentmemorybench:fact-mh-262k:context-0/factconsolidation_mh_262k_no21,1,5,0.2,0.0,-4.3749999855645,0.01243165103041195,0.0,True,False,1.2578200102469939e-07,Run 3::agentmemorybench:fact-mh-262k:context-0/factconsolidation_mh_262k_no21,False,,,False
Run 3,agentmemorybench:fact-mh-262k:context-0/factconsolidation_mh_262k_no21,2,5,0.4,0.0,2.75,0.9399133498259922,1.0,True,False,1.3170890159654385e-07,Run 3::agentmemorybench:fact-mh-262k:context-0/factconsolidation_mh_262k_no21,True,0.0,7.1249999855645,False
Run 3,agentmemorybench:fact-mh-262k:context-0/factconsolidation_mh_262k_no21,3,5,0.6,1.0,5.6250001090811566,0.9964063978091656,1.0,True,False,1.75337475250399e-07,Run 3::agentmemorybench:fact-mh-262k:context-0/factconsolidation_mh_262k_no21,True,1.0,2.8750001090811566,True
Run 3,agentmemorybench:fact-mh-262k:context-0/factconsolidation_mh_262k_no21,4,5,0.8,1.0,3.5625000139698386,0.9723652064819432,1.0,True,False,0.08838827520842303,Run 3::agentmemorybench:fact-mh-262k:context-0/factconsolidation_mh_262k_no21,True,0.0,-2.062500095111318,False
Run 3,agentmemorybench:fact-mh-262k:context-0/factconsolidation_mh_262k_no21,5,5,1.0,1.0,5.812500039348379,0.9970131952385692,1.0,True,False,0.08838814712151576,Run 3::agentmemorybench:fact-mh-262k:context-0/factconsolidation_mh_262k_no21,True,0.0,2.25000002537854,False
Run 3,agentmemorybench:fact-mh-262k:context-0/factconsolidation_mh_262k_no22,1,5,0.2,0.0,-4.6875000153668225,0.0091429809110142,0.0,False,False,0.08838860909048811,Run 3::agentmemorybench:fact-mh-262k:context-0/factconsolidation_mh_262k_no22,False,,,False
Run 3,agentmemorybench:fact-mh-262k:context-0/factconsolidation_mh_262k_no22,2,5,0.4,0.0,2.9374999571591616,0.9495853963156058,1.0,False,False,0.08838842403948184,Run 3::agentmemorybench:fact-mh-262k:context-0/factconsolidation_mh_262k_no22,True,0.0,7.624999972525984,False
Run 3,agentmemorybench:fact-mh-262k:context-0/factconsolidation_mh_262k_no22,3,5,0.6,0.3333333333333333,1.2499999776482582,0.7765508787031024,1.0,False,False,0.1767766636865005,Run 3::agentmemorybench:fact-mh-262k:context-0/factconsolidation_mh_262k_no22,True,0.3333333333333333,-1.6874999795109034,True
Run 3,agentmemorybench:fact-mh-262k:context-0/factconsolidation_mh_262k_no22,4,5,0.8,0.3333333333333333,2.374999936670065,0.9149009500622883,1.0,False,False,1.580506819158526e-08,Run 3::agentmemorybench:fact-mh-262k:context-0/factconsolidation_mh_262k_no22,True,0.0,1.1249999590218067,False
Run 3,agentmemorybench:fact-mh-262k:context-0/factconsolidation_mh_262k_no22,5,5,1.0,0.3333333333333333,7.125000086874934,0.9991959141341695,1.0,False,False,1.687108711388229e-07,Run 3::agentmemorybench:fact-mh-262k:context-0/factconsolidation_mh_262k_no22,True,0.0,4.750000150204869,False
Run 3,agentmemorybench:fact-mh-262k:context-0/factconsolidation_mh_262k_no23,1,5,0.2,0.0,-4.499999913852662,0.011070064737369899,0.0,True,False,0.17677683029826102,Run 3::agentmemorybench:fact-mh-262k:context-0/factconsolidation_mh_262k_no23,False,,,False
Run 3,agentmemorybench:fact-mh-262k:context-0/factconsolidation_mh_262k_no23,2,5,0.4,0.0,1.437499962747097,0.8078806211436547,1.0,True,False,0.08838835818503057,Run 3::agentmemorybench:fact-mh-262k:context-0/factconsolidation_mh_262k_no23,True,0.0,5.937499876599759,False
Run 3,agentmemorybench:fact-mh-262k:context-0/factconsolidation_mh_262k_no23,3,5,0.6,0.5,0.5000000149011612,0.6224593347036828,1.0,True,False,2.1073424255447017e-08,Run 3::agentmemorybench:fact-mh-262k:context-0/factconsolidation_mh_262k_no23,True,0.5,-0.9374999478459358,True
Run 3,agentmemorybench:fact-mh-262k:context-0/factconsolidation_mh_262k_no23,4,5,0.8,0.5,3.4999999292194843,0.9706877672347239,1.0,True,False,2.8975958351239646e-08,Run 3::agentmemorybench:fact-mh-262k:context-0/factconsolidation_mh_262k_no23,True,0.0,2.999999914318323,False
Run 3,agentmemorybench:fact-mh-262k:context-0/factconsolidation_mh_262k_no23,5,5,1.0,1.0,4.624999851919711,0.9902915220948492,1.0,True,False,9.351332013354613e-08,Run 3::agentmemorybench:fact-mh-262k:context-0/factconsolidation_mh_262k_no23,True,0.5,1.1249999227002263,True
Run 3,agentmemorybench:fact-mh-262k:context-0/factconsolidation_mh_262k_no24,1,3,0.3333333333333333,0.0,-3.187499985098839,0.039707308255125154,0.0,False,False,0.08838838452681089,Run 3::agentmemorybench:fact-mh-262k:context-0/factconsolidation_mh_262k_no24,False,,,False
Run 3,agentmemorybench:fact-mh-262k:context-0/factconsolidation_mh_262k_no24,2,3,0.6666666666666666,0.0,3.5624999748542905,0.9719683247351609,1.0,False,False,0.2651651707025897,Run 3::agentmemorybench:fact-mh-262k:context-0/factconsolidation_mh_262k_no24,True,0.0,6.749999959953129,False
Run 3,agentmemorybench:fact-mh-262k:context-0/factconsolidation_mh_262k_no24,3,3,1.0,0.5,7.875000192085281,0.9996200155582096,1.0,False,False,0.0,Run 3::agentmemorybench:fact-mh-262k:context-0/factconsolidation_mh_262k_no24,True,0.5,4.3125002172309905,True
Run 3,agentmemorybench:fact-mh-262k:context-0/factconsolidation_mh_262k_no25,1,7,0.1428571428571428,0.0,-3.87500006146729,0.0204817886586874,0.0,False,True,0.17677666895485655,Run 3::agentmemorybench:fact-mh-262k:context-0/factconsolidation_mh_262k_no25,False,,,False
Run 3,agentmemorybench:fact-mh-262k:context-0/factconsolidation_mh_262k_no25,2,7,0.2857142857142857,0.0,0.0,0.5,0.0,False,True,0.0,Run 3::agentmemorybench:fact-mh-262k:context-0/factconsolidation_mh_262k_no25,False,0.0,3.87500006146729,False
Run 3,agentmemorybench:fact-mh-262k:context-0/factconsolidation_mh_262k_no25,3,7,0.4285714285714285,0.0,0.125,0.5312093733737563,1.0,False,True,0.0,Run 3::agentmemorybench:fact-mh-262k:context-0/factconsolidation_mh_262k_no25,True,0.0,0.125,False
Run 3,agentmemorybench:fact-mh-262k:context-0/factconsolidation_mh_262k_no25,4,7,0.5714285714285714,0.0,1.8125000596046448,0.8594942880799377,1.0,False,True,0.08838834764831845,Run 3::agentmemorybench:fact-mh-262k:context-0/factconsolidation_mh_262k_no25,True,0.0,1.6875000596046448,False
Run 3,agentmemorybench:fact-mh-262k:context-0/factconsolidation_mh_262k_no25,5,7,0.7142857142857143,0.0,1.4374999552965164,0.807880620032427,1.0,False,True,0.08838834764831845,Run 3::agentmemorybench:fact-mh-262k:context-0/factconsolidation_mh_262k_no25,True,0.0,-0.37500010430812836,False
Run 3,agentmemorybench:fact-mh-262k:context-0/factconsolidation_mh_262k_no25,6,7,0.8571428571428571,0.0,4.749999949708581,0.9914225141586142,1.0,False,True,0.0,Run 3::agentmemorybench:fact-mh-262k:context-0/factconsolidation_mh_262k_no25,True,0.0,3.3124999944120646,False
Run 3,agentmemorybench:fact-mh-262k:context-0/factconsolidation_mh_262k_no25,7,7,1.0,0.0,4.56250006519258,0.9896522911646071,1.0,False,True,0.08838822779321799,Run 3::agentmemorybench:fact-mh-262k:context-0/factconsolidation_mh_262k_no25,True,0.0,-0.18749988451600075,False
Run 3,agentmemorybench:fact-mh-262k:context-0/factconsolidation_mh_262k_no26,1,3,0.3333333333333333,0.0,-4.500000074971467,0.010986941815936051,0.0,True,False,1.7188011658348974e-07,Run 3::agentmemorybench:fact-mh-262k:context-0/factconsolidation_mh_262k_no26,False,,,False
Run 3,agentmemorybench:fact-mh-262k:context-0/factconsolidation_mh_262k_no26,2,3,0.6666666666666666,0.0,3.187499890103936,0.9602926881925866,1.0,True,False,0.08838833974578435,Run 3::agentmemorybench:fact-mh-262k:context-0/factconsolidation_mh_262k_no26,True,0.0,7.6874999650754035,False
Run 3,agentmemorybench:fact-mh-262k:context-0/factconsolidation_mh_262k_no26,3,3,1.0,1.0,7.750000036918209,0.9995660792017271,1.0,True,False,0.17677657768470365,Run 3::agentmemorybench:fact-mh-262k:context-0/factconsolidation_mh_262k_no26,True,1.0,4.562500146814273,True
Run 3,agentmemorybench:fact-mh-262k:context-0/factconsolidation_mh_262k_no27,1,10,0.1,0.0,-4.562499932479113,0.0103477102996423,0.0,False,True,0.08838846552778537,Run 3::agentmemorybench:fact-mh-262k:context-0/factconsolidation_mh_262k_no27,False,,,False
Run 3,agentmemorybench:fact-mh-262k:context-0/factconsolidation_mh_262k_no27,2,10,0.2,0.0,-3.4999999152496457,0.02931223316276025,0.0,False,True,2.7658869806301946e-08,Run 3::agentmemorybench:fact-mh-262k:context-0/factconsolidation_mh_262k_no27,False,0.0,1.0625000172294676,False
Run 3,agentmemorybench:fact-mh-262k:context-0/factconsolidation_mh_262k_no27,3,10,0.3,0.5,0.3125,0.5774215504199338,1.0,False,True,0.08838834764831845,Run 3::agentmemorybench:fact-mh-262k:context-0/factconsolidation_mh_262k_no27,True,0.5,3.8124999152496457,True
Run 3,agentmemorybench:fact-mh-262k:context-0/factconsolidation_mh_262k_no27,4,10,0.4,0.75,1.3750000447034836,0.7974371760655473,1.0,False,True,0.17677667422321264,Run 3::agentmemorybench:fact-mh-262k:context-0/factconsolidation_mh_262k_no27,True,0.25,1.0625000447034836,True
Run 3,agentmemorybench:fact-mh-262k:context-0/factconsolidation_mh_262k_no27,5,10,0.5,0.75,0.125,0.5312093733737563,1.0,False,True,0.0,Run 3::agentmemorybench:fact-mh-262k:context-0/factconsolidation_mh_262k_no27,True,0.0,-1.2500000447034836,False
Run 3,agentmemorybench:fact-mh-262k:context-0/factconsolidation_mh_262k_no27,6,10,0.6,0.75,1.8124999403953552,0.8594942737713409,1.0,False,True,0.08838832657489419,Run 3::agentmemorybench:fact-mh-262k:context-0/factconsolidation_mh_262k_no27,True,0.0,1.6874999403953552,False
Run 3,agentmemorybench:fact-mh-262k:context-0/factconsolidation_mh_262k_no27,7,10,0.7,0.75,3.499999980442226,0.9706877686921658,1.0,False,True,1.0405003226126965e-07,Run 3::agentmemorybench:fact-mh-262k:context-0/factconsolidation_mh_262k_no27,True,0.0,1.6875000400468707,False
Run 3,agentmemorybench:fact-mh-262k:context-0/factconsolidation_mh_262k_no27,8,10,0.8,0.75,5.375000108731911,0.995390428319523,1.0,False,True,1.695752108055502e-07,Run 3::agentmemorybench:fact-mh-262k:context-0/factconsolidation_mh_262k_no27,True,0.0,1.8750001282896847,False
Run 3,agentmemorybench:fact-mh-262k:context-0/factconsolidation_mh_262k_no27,9,10,0.9,0.75,3.2499999813735485,0.9626731119865553,1.0,False,True,4.2146848510894035e-08,Run 3::agentmemorybench:fact-mh-262k:context-0/factconsolidation_mh_262k_no27,True,0.0,-2.125000127358362,False
Run 3,agentmemorybench:fact-mh-262k:context-0/factconsolidation_mh_262k_no27,10,10,1.0,0.75,5.312500096624717,0.995085151526726,1.0,False,True,0.08838839144152823,Run 3::agentmemorybench:fact-mh-262k:context-0/factconsolidation_mh_262k_no27,True,0.0,2.0625001152511686,False
Run 3,agentmemorybench:fact-mh-262k:context-0/factconsolidation_mh_262k_no28,1,7,0.1428571428571428,0.0,-3.687500043772161,0.02446736246567125,0.0,True,False,0.08838830418438091,Run 3::agentmemorybench:fact-mh-262k:context-0/factconsolidation_mh_262k_no28,False,,,False
Run 3,agentmemorybench:fact-mh-262k:context-0/factconsolidation_mh_262k_no28,2,7,0.2857142857142857,0.0,1.4375000074505806,0.8078806278110207,1.0,True,False,0.08838842140530334,Run 3::agentmemorybench:fact-mh-262k:context-0/factconsolidation_mh_262k_no28,True,0.0,5.125000051222742,False
Run 3,agentmemorybench:fact-mh-262k:context-0/factconsolidation_mh_262k_no28,3,7,0.4285714285714285,0.0,-1.1249999850988388,0.24582078232683058,0.0,True,False,0.17677663207636413,Run 3::agentmemorybench:fact-mh-262k:context-0/factconsolidation_mh_262k_no28,False,0.0,-2.5624999925494194,False
Run 3,agentmemorybench:fact-mh-262k:context-0/factconsolidation_mh_262k_no28,4,7,0.5714285714285714,0.0,1.2499999850988388,0.7772998585952288,1.0,True,False,2.1073424255447017e-08,Run 3::agentmemorybench:fact-mh-262k:context-0/factconsolidation_mh_262k_no28,True,0.0,2.3749999701976776,False
Run 3,agentmemorybench:fact-mh-262k:context-0/factconsolidation_mh_262k_no28,5,7,0.7142857142857143,0.5,1.1875000596046448,0.7661074346940606,1.0,True,False,0.08838834764831845,Run 3::agentmemorybench:fact-mh-262k:context-0/factconsolidation_mh_262k_no28,True,0.5,-0.06249992549419403,True
Run 3,agentmemorybench:fact-mh-262k:context-0/factconsolidation_mh_262k_no28,6,7,0.8571428571428571,0.5,3.1875000279396772,0.96029269342308,1.0,True,False,0.08838835555085253,Run 3::agentmemorybench:fact-mh-262k:context-0/factconsolidation_mh_262k_no28,True,0.0,1.9999999683350325,False
Run 3,agentmemorybench:fact-mh-262k:context-0/factconsolidation_mh_262k_no28,7,7,1.0,1.0,5.937499813386239,0.9973632244406179,1.0,True,False,0.08838840609414353,Run 3::agentmemorybench:fact-mh-262k:context-0/factconsolidation_mh_262k_no28,True,0.5,2.749999785446562,True
Run 3,agentmemorybench:fact-mh-262k:context-0/factconsolidation_mh_262k_no29,1,4,0.25,0.0,-4.312499995809048,0.013247638937524099,0.0,True,False,0.08838823108594053,Run 3::agentmemorybench:fact-mh-262k:context-0/factconsolidation_mh_262k_no29,False,,,False
Run 3,agentmemorybench:fact-mh-262k:context-0/factconsolidation_mh_262k_no29,2,4,0.5,0.0,1.3750000596046448,0.7981867873410141,1.0,True,False,0.0,Run 3::agentmemorybench:fact-mh-262k:context-0/factconsolidation_mh_262k_no29,True,0.0,5.687500055413693,False
Run 3,agentmemorybench:fact-mh-262k:context-0/factconsolidation_mh_262k_no29,3,4,0.75,0.0,3.125000001862645,0.9579122721594764,1.0,True,False,3.42443144151014e-08,Run 3::agentmemorybench:fact-mh-262k:context-0/factconsolidation_mh_262k_no29,True,0.0,1.7499999422580004,False
Run 3,agentmemorybench:fact-mh-262k:context-0/factconsolidation_mh_262k_no29,4,4,1.0,1.0,9.437499645624484,0.9999201713365039,1.0,True,False,0.08838851568006556,Run 3::agentmemorybench:fact-mh-262k:context-0/factconsolidation_mh_262k_no29,True,1.0,6.312499643761839,True
Run 3,agentmemorybench:fact-mh-262k:context-0/factconsolidation_mh_262k_no3,1,5,0.2,0.0,-4.500000076368451,0.010986941800756,0.0,True,False,0.0,Run 3::agentmemorybench:fact-mh-262k:context-0/factconsolidation_mh_262k_no3,False,,,False
Run 3,agentmemorybench:fact-mh-262k:context-0/factconsolidation_mh_262k_no3,2,5,0.4,0.0,2.8749999441206455,0.9465966673753954,1.0,True,False,0.0,Run 3::agentmemorybench:fact-mh-262k:context-0/factconsolidation_mh_262k_no3,True,0.0,7.375000020489097,False
Run 3,agentmemorybench:fact-mh-262k:context-0/factconsolidation_mh_262k_no3,3,5,0.6,0.5,6.375000168336555,0.9982992778743714,1.0,True,False,0.0,Run 3::agentmemorybench:fact-mh-262k:context-0/factconsolidation_mh_262k_no3,True,0.5,3.50000022421591,True
Run 3,agentmemorybench:fact-mh-262k:context-0/factconsolidation_mh_262k_no3,4,5,0.8,0.5,3.625000021420419,0.974042643343788,1.0,True,False,5.400064965458298e-08,Run 3::agentmemorybench:fact-mh-262k:context-0/factconsolidation_mh_262k_no3,True,0.0,-2.750000146916136,False
Run 3,agentmemorybench:fact-mh-262k:context-0/factconsolidation_mh_262k_no3,5,5,1.0,1.0,7.062499953521183,0.9991424314008119,1.0,True,False,0.08838819795291997,Run 3::agentmemorybench:fact-mh-262k:context-0/factconsolidation_mh_262k_no3,True,0.5,3.4374999321007635,True
Run 3,agentmemorybench:fact-mh-262k:context-0/factconsolidation_mh_262k_no30,1,5,0.2,0.0,-3.874999947845936,0.0203323543815129,0.0,True,False,6.585445126929966e-08,Run 3::agentmemorybench:fact-mh-262k:context-0/factconsolidation_mh_262k_no30,False,,,False
Run 3,agentmemorybench:fact-mh-262k:context-0/factconsolidation_mh_262k_no30,2,5,0.4,0.0,3.0000000447034836,0.9522544731733312,1.0,True,False,0.1767766952966369,Run 3::agentmemorybench:fact-mh-262k:context-0/factconsolidation_mh_262k_no30,True,0.0,6.874999992549419,False
Run 3,agentmemorybench:fact-mh-262k:context-0/factconsolidation_mh_262k_no30,3,5,0.6,0.0,0.8124999552965164,0.6924818539181614,1.0,True,False,0.0883883687217427,Run 3::agentmemorybench:fact-mh-262k:context-0/factconsolidation_mh_262k_no30,True,0.0,-2.187500089406967,False
Run 3,agentmemorybench:fact-mh-262k:context-0/factconsolidation_mh_262k_no30,4,5,0.8,0.5,6.875000119151082,0.9989677690861095,1.0,True,False,8.421137895829023e-08,Run 3::agentmemorybench:fact-mh-262k:context-0/factconsolidation_mh_262k_no30,True,0.5,6.0625001638545655,True
Run 3,agentmemorybench:fact-mh-262k:context-0/factconsolidation_mh_262k_no30,5,5,1.0,1.0,6.312499993189704,0.998186271433321,1.0,True,False,0.08838856076978484,Run 3::agentmemorybench:fact-mh-262k:context-0/factconsolidation_mh_262k_no30,True,0.5,-0.5625001259613782,True
Run 3,agentmemorybench:fact-mh-262k:context-0/factconsolidation_mh_262k_no31,1,3,0.3333333333333333,0.0,-4.562499960884452,0.010347709869134,0.0,False,False,0.08838815008496605,Run 3::agentmemorybench:fact-mh-262k:context-0/factconsolidation_mh_262k_no31,False,,,False
Run 3,agentmemorybench:fact-mh-262k:context-0/factconsolidation_mh_262k_no31,2,3,0.6666666666666666,0.0,3.6875000037252903,0.9755326364610919,1.0,False,False,0.08838842140530334,Run 3::agentmemorybench:fact-mh-262k:context-0/factconsolidation_mh_262k_no31,True,0.0,8.249999964609742,False
Run 3,agentmemorybench:fact-mh-262k:context-0/factconsolidation_mh_262k_no31,3,3,1.0,0.5,6.687499891035259,0.9987527335260893,1.0,False,False,0.08838829364766879,Run 3::agentmemorybench:fact-mh-262k:context-0/factconsolidation_mh_262k_no31,True,0.5,2.9999998873099685,True
Run 3,agentmemorybench:fact-mh-262k:context-0/factconsolidation_mh_262k_no32,1,16,0.0625,0.0,-3.9375000121071935,0.019159281501568003,0.0,False,False,0.0883884437958166,Run 3::agentmemorybench:fact-mh-262k:context-0/factconsolidation_mh_262k_no32,False,,,False
Run 3,agentmemorybench:fact-mh-262k:context-0/factconsolidation_mh_262k_no32,2,16,0.125,0.0,-6.4374999784631655,0.00160095236411065,0.0,False,False,0.08838828508659018,Run 3::agentmemorybench:fact-mh-262k:context-0/factconsolidation_mh_262k_no32,False,0.0,-2.499999966355972,False
Run 3,agentmemorybench:fact-mh-262k:context-0/factconsolidation_mh_262k_no32,3,16,0.1875,0.0,-5.625000084983185,0.0035936022771217,0.0,False,False,1.1524528889697587e-08,Run 3::agentmemorybench:fact-mh-262k:context-0/factconsolidation_mh_262k_no32,False,0.0,0.8124998934799805,False
Run 3,agentmemorybench:fact-mh-262k:context-0/factconsolidation_mh_262k_no32,4,16,0.25,0.0,-4.9999999813735485,0.00669285104811465,0.0,False,False,2.989792066241545e-07,Run 3::agentmemorybench:fact-mh-262k:context-0/factconsolidation_mh_262k_no32,False,0.0,0.6250001036096364,False
Run 3,agentmemorybench:fact-mh-262k:context-0/factconsolidation_mh_262k_no32,5,16,0.3125,0.0,-0.6875,0.3347332180792763,0.0,False,False,0.08838834764831845,Run 3::agentmemorybench:fact-mh-262k:context-0/factconsolidation_mh_262k_no32,False,0.0,4.3124999813735485,False
Run 3,agentmemorybench:fact-mh-262k:context-0/factconsolidation_mh_262k_no32,6,16,0.375,0.0,-1.5625000223517418,0.1734709903663345,0.0,False,False,0.08838840033187909,Run 3::agentmemorybench:fact-mh-262k:context-0/factconsolidation_mh_262k_no32,False,0.0,-0.8750000223517418,False
Run 3,agentmemorybench:fact-mh-262k:context-0/factconsolidation_mh_262k_no32,7,16,0.4375,0.0,-1.1250000149011612,0.2450850103753835,0.0,False,False,6.322027276634104e-08,Run 3::agentmemorybench:fact-mh-262k:context-0/factconsolidation_mh_262k_no32,False,0.0,0.4375000074505806,False
Run 3,agentmemorybench:fact-mh-262k:context-0/factconsolidation_mh_262k_no32,8,16,0.5,0.0,0.9999999701976776,0.7310585727705126,1.0,False,False,4.2146848510894035e-08,Run 3::agentmemorybench:fact-mh-262k:context-0/factconsolidation_mh_262k_no32,True,0.0,2.124999985098839,False
Run 3,agentmemorybench:fact-mh-262k:context-0/factconsolidation_mh_262k_no32,9,16,0.5625,0.5,0.8124999701976776,0.6924818573176746,1.0,False,False,0.08838830550146994,Run 3::agentmemorybench:fact-mh-262k:context-0/factconsolidation_mh_262k_no32,True,0.5,-0.1875,True
Run 3,agentmemorybench:fact-mh-262k:context-0/factconsolidation_mh_262k_no32,10,16,0.625,0.5,2.9999999590218067,0.9525741249711752,1.0,False,False,4.7415204574755785e-08,Run 3::agentmemorybench:fact-mh-262k:context-0/factconsolidation_mh_262k_no32,True,0.0,2.187499988824129,False
Run 3,agentmemorybench:fact-mh-262k:context-0/factconsolidation_mh_262k_no32,11,16,0.6875,0.5,-1.0625000298023224,0.25701321139169125,0.0,False,False,0.08838830550146994,Run 3::agentmemorybench:fact-mh-262k:context-0/factconsolidation_mh_262k_no32,False,0.0,-4.062499988824129,False
Run 3,agentmemorybench:fact-mh-262k:context-0/factconsolidation_mh_262k_no32,12,16,0.75,0.5,-0.125,0.4689117495571009,0.0,False,False,0.1767766952966369,Run 3::agentmemorybench:fact-mh-262k:context-0/factconsolidation_mh_262k_no32,False,0.0,0.9375000298023224,False
Run 3,agentmemorybench:fact-mh-262k:context-0/factconsolidation_mh_262k_no32,13,16,0.8125,0.5,1.1874999701976776,0.766107418507183,1.0,False,False,0.08838838979516696,Run 3::agentmemorybench:fact-mh-262k:context-0/factconsolidation_mh_262k_no32,True,0.0,1.3124999701976776,False
Run 3,agentmemorybench:fact-mh-262k:context-0/factconsolidation_mh_262k_no32,14,16,0.875,0.5,1.5,0.8175744761936437,1.0,False,False,4.2146848510894035e-08,Run 3::agentmemorybench:fact-mh-262k:context-0/factconsolidation_mh_262k_no32,True,0.0,0.3125000298023224,False
Run 3,agentmemorybench:fact-mh-262k:context-0/factconsolidation_mh_262k_no32,15,16,0.9375,0.5,-1.3125000074505806,0.21225667916355564,0.0,False,False,0.08838831603818206,Run 3::agentmemorybench:fact-mh-262k:context-0/factconsolidation_mh_262k_no32,False,0.0,-2.8125000074505806,False
Run 3,agentmemorybench:fact-mh-262k:context-0/factconsolidation_mh_262k_no32,16,16,1.0,0.5,-3.5624999897554517,0.0276347943369077,0.0,False,False,0.08838842535656975,Run 3::agentmemorybench:fact-mh-262k:context-0/factconsolidation_mh_262k_no32,False,0.0,-2.249999982304871,False
Run 3,agentmemorybench:fact-mh-262k:context-0/factconsolidation_mh_262k_no33,1,7,0.1428571428571428,0.0,-4.375000040978193,0.012807433933271502,0.0,True,True,0.3535535565464898,Run 3::agentmemorybench:fact-mh-262k:context-0/factconsolidation_mh_262k_no33,False,,,False
Run 3,agentmemorybench:fact-mh-262k:context-0/factconsolidation_mh_262k_no33,2,7,0.2857142857142857,0.0,0.1875,0.5466929371297772,1.0,True,True,0.08838834764831845,Run 3::agentmemorybench:fact-mh-262k:context-0/factconsolidation_mh_262k_no33,True,0.0,4.562500040978193,False
Run 3,agentmemorybench:fact-mh-262k:context-0/factconsolidation_mh_262k_no33,3,7,0.4285714285714285,0.3333333333333333,0.8125,0.6924818636588268,1.0,True,True,0.08838830550146994,Run 3::agentmemorybench:fact-mh-262k:context-0/factconsolidation_mh_262k_no33,True,0.3333333333333333,0.625,True
Run 3,agentmemorybench:fact-mh-262k:context-0/factconsolidation_mh_262k_no33,4,7,0.5714285714285714,0.3333333333333333,1.812499925494194,0.8594942721342618,1.0,True,True,0.08838828442804568,Run 3::agentmemorybench:fact-mh-262k:context-0/factconsolidation_mh_262k_no33,True,0.0,0.999999925494194,False
Run 3,agentmemorybench:fact-mh-262k:context-0/factconsolidation_mh_262k_no33,5,7,0.7142857142857143,0.6666666666666666,6.812499896215741,0.998899129231998,1.0,True,True,0.08838840897527575,Run 3::agentmemorybench:fact-mh-262k:context-0/factconsolidation_mh_262k_no33,True,0.3333333333333333,4.999999970721547,True
Run 3,agentmemorybench:fact-mh-262k:context-0/factconsolidation_mh_262k_no33,6,7,0.8571428571428571,0.6666666666666666,5.37500000349246,0.9953548682274629,1.0,True,True,0.17677690372597366,Run 3::agentmemorybench:fact-mh-262k:context-0/factconsolidation_mh_262k_no33,True,0.0,-1.437499892723281,False
Run 3,agentmemorybench:fact-mh-262k:context-0/factconsolidation_mh_262k_no33,7,7,1.0,0.6666666666666666,4.750000027008355,0.9914225148159648,1.0,True,True,0.0,Run 3::agentmemorybench:fact-mh-262k:context-0/factconsolidation_mh_262k_no33,True,0.0,-0.624999976484105,False
Run 3,agentmemorybench:fact-mh-262k:context-0/factconsolidation_mh_262k_no34,1,12,0.0833333333333333,0.0,-5.187499973224476,0.00556559748457555,0.0,True,False,0.08838860217577078,Run 3::agentmemorybench:fact-mh-262k:context-0/factconsolidation_mh_262k_no34,False,,,False
Run 3,agentmemorybench:fact-mh-262k:context-0/factconsolidation_mh_262k_no34,2,12,0.1666666666666666,0.0,-3.0625000651925802,0.04475679765572805,0.0,True,False,0.08838828706222371,Run 3::agentmemorybench:fact-mh-262k:context-0/factconsolidation_mh_262k_no34,False,0.0,2.1249999080318958,False
Run 3,agentmemorybench:fact-mh-262k:context-0/factconsolidation_mh_262k_no34,3,12,0.25,0.0,-7.187499963823939,0.00075687819288255,0.0,True,False,0.0883882923717388,Run 3::agentmemorybench:fact-mh-262k:context-0/factconsolidation_mh_262k_no34,False,0.0,-4.1249998986313585,False
Run 3,agentmemorybench:fact-mh-262k:context-0/factconsolidation_mh_262k_no34,4,12,0.3333333333333333,0.3333333333333333,-4.999999965773895,0.0066928511518219505,0.0,True,False,1.557457761379131e-07,Run 3::agentmemorybench:fact-mh-262k:context-0/factconsolidation_mh_262k_no34,False,0.3333333333333333,2.1874999980500434,True
Run 3,agentmemorybench:fact-mh-262k:context-0/factconsolidation_mh_262k_no34,5,12,0.4166666666666667,0.3333333333333333,-5.062500037951395,0.006301959597702101,0.0,True,False,0.08838814646297125,Run 3::agentmemorybench:fact-mh-262k:context-0/factconsolidation_mh_262k_no34,False,0.0,-0.06250007217749953,False
Run 3,agentmemorybench:fact-mh-262k:context-0/factconsolidation_mh_262k_no34,6,12,0.5,0.3333333333333333,-5.375000008614734,0.00460957213984705,0.0,True,False,3.203819031335929e-07,Run 3::agentmemorybench:fact-mh-262k:context-0/factconsolidation_mh_262k_no34,False,0.0,-0.3124999706633389,False
Run 3,agentmemorybench:fact-mh-262k:context-0/factconsolidation_mh_262k_no34,7,12,0.5833333333333334,0.3333333333333333,-4.624999992549419,0.009708476553105801,0.0,True,False,2.976621176081891e-07,Run 3::agentmemorybench:fact-mh-262k:context-0/factconsolidation_mh_262k_no34,False,0.0,0.7500000160653144,False
Run 3,agentmemorybench:fact-mh-262k:context-0/factconsolidation_mh_262k_no34,8,12,0.6666666666666666,0.3333333333333333,-0.375,0.4073334000459302,0.0,True,False,0.0,Run 3::agentmemorybench:fact-mh-262k:context-0/factconsolidation_mh_262k_no34,False,0.0,4.249999992549419,False
Run 3,agentmemorybench:fact-mh-262k:context-0/factconsolidation_mh_262k_no34,9,12,0.75,0.3333333333333333,-0.9375000149011612,0.28157819383674576,0.0,True,False,0.0883883687217427,Run 3::agentmemorybench:fact-mh-262k:context-0/factconsolidation_mh_262k_no34,False,0.0,-0.5625000149011612,False
Run 3,agentmemorybench:fact-mh-262k:context-0/factconsolidation_mh_262k_no34,10,12,0.8333333333333334,0.3333333333333333,-0.6249999850988388,0.34864513871787584,0.0,True,False,2.1073424255447017e-08,Run 3::agentmemorybench:fact-mh-262k:context-0/factconsolidation_mh_262k_no34,False,0.0,0.3125000298023224,False
Run 3,agentmemorybench:fact-mh-262k:context-0/factconsolidation_mh_262k_no34,11,12,0.9166666666666666,0.3333333333333333,-2.062500052154064,0.1129467525802077,0.0,True,False,0.08838829496475781,Run 3::agentmemorybench:fact-mh-262k:context-0/factconsolidation_mh_262k_no34,False,0.0,-1.4375000670552254,False
Run 3,agentmemorybench:fact-mh-262k:context-0/factconsolidation_mh_262k_no34,12,12,1.0,0.3333333333333333,-1.3125000074505806,0.21225667916355564,0.0,True,False,0.08838831603818206,Run 3::agentmemorybench:fact-mh-262k:context-0/factconsolidation_mh_262k_no34,False,0.0,0.7500000447034836,False
Run 3,agentmemorybench:fact-mh-262k:context-0/factconsolidation_mh_262k_no35,1,9,0.1111111111111111,0.0,-4.500000097323209,0.01098694157305685,0.0,False,True,1.0470857676925236e-07,Run 3::agentmemorybench:fact-mh-262k:context-0/factconsolidation_mh_262k_no35,False,,,False
Run 3,agentmemorybench:fact-mh-262k:context-0/factconsolidation_mh_262k_no35,2,9,0.2222222222222222,0.0,1.6250000223517418,0.8354835401757015,1.0,False,True,3.161013638317052e-08,Run 3::agentmemorybench:fact-mh-262k:context-0/factconsolidation_mh_262k_no35,True,0.0,6.125000119674951,False
Run 3,agentmemorybench:fact-mh-262k:context-0/factconsolidation_mh_262k_no35,3,9,0.3333333333333333,0.0,1.4374999850988388,0.8078806247441771,1.0,False,True,0.08838832657489419,Run 3::agentmemorybench:fact-mh-262k:context-0/factconsolidation_mh_262k_no35,True,0.0,-0.18750003725290298,False
Run 3,agentmemorybench:fact-mh-262k:context-0/factconsolidation_mh_262k_no35,4,9,0.4444444444444444,0.5,2.8125000167638063,0.9432550109156974,1.0,False,True,0.0883883450141404,Run 3::agentmemorybench:fact-mh-262k:context-0/factconsolidation_mh_262k_no35,True,0.5,1.3750000316649675,True
Run 3,agentmemorybench:fact-mh-262k:context-0/factconsolidation_mh_262k_no35,5,9,0.5555555555555556,0.5,2.874999975785613,0.9465966689761043,1.0,False,True,1.0800129930916596e-07,Run 3::agentmemorybench:fact-mh-262k:context-0/factconsolidation_mh_262k_no35,True,0.0,0.06249995902180672,False
Run 3,agentmemorybench:fact-mh-262k:context-0/factconsolidation_mh_262k_no35,6,9,0.6666666666666666,0.5,2.9374999813735485,0.9495853975096435,1.0,False,True,0.08838840560023514,Run 3::agentmemorybench:fact-mh-262k:context-0/factconsolidation_mh_262k_no35,True,0.0,0.06250000558793545,False
Run 3,agentmemorybench:fact-mh-262k:context-0/factconsolidation_mh_262k_no35,7,9,0.7777777777777778,0.5,3.0624999720603228,0.9552431984627766,1.0,False,True,0.088388229110307,Run 3::agentmemorybench:fact-mh-262k:context-0/factconsolidation_mh_262k_no35,True,0.0,0.12499999068677425,False
Run 3,agentmemorybench:fact-mh-262k:context-0/factconsolidation_mh_262k_no35,8,9,0.8888888888888888,0.5,1.562500037252903,0.8265290120303996,1.0,False,True,0.08838833711160632,Run 3::agentmemorybench:fact-mh-262k:context-0/factconsolidation_mh_262k_no35,True,0.0,-1.4999999348074198,False
Run 3,agentmemorybench:fact-mh-262k:context-0/factconsolidation_mh_262k_no35,9,9,1.0,0.75,3.437500006519258,0.9688008957472733,1.0,False,True,0.08838825150082028,Run 3::agentmemorybench:fact-mh-262k:context-0/factconsolidation_mh_262k_no35,True,0.25,1.874999969266355,True
Run 3,agentmemorybench:fact-mh-262k:context-0/factconsolidation_mh_262k_no36,1,5,0.2,0.0,-3.7499999832361937,0.0229773702863631,0.0,False,True,0.0,Run 3::agentmemorybench:fact-mh-262k:context-0/factconsolidation_mh_262k_no36,False,,,False
Run 3,agentmemorybench:fact-mh-262k:context-0/factconsolidation_mh_262k_no36,2,5,0.4,0.0,-0.9999999850988388,0.26964999607921947,0.0,False,True,0.17677675851690966,Run 3::agentmemorybench:fact-mh-262k:context-0/factconsolidation_mh_262k_no36,False,0.0,2.749999998137355,False
Run 3,agentmemorybench:fact-mh-262k:context-0/factconsolidation_mh_262k_no36,3,5,0.6,0.25,1.3125,0.7877433196362702,1.0,False,True,0.08838830550146994,Run 3::agentmemorybench:fact-mh-262k:context-0/factconsolidation_mh_262k_no36,True,0.25,2.312499985098839,True
Run 3,agentmemorybench:fact-mh-262k:context-0/factconsolidation_mh_262k_no36,4,5,0.8,0.25,1.437499962747097,0.8078806210547083,1.0,False,True,0.08838837925845483,Run 3::agentmemorybench:fact-mh-262k:context-0/factconsolidation_mh_262k_no36,True,0.0,0.12499996274709702,False
Run 3,agentmemorybench:fact-mh-262k:context-0/factconsolidation_mh_262k_no36,5,5,1.0,0.25,6.562500112631824,0.9985868978172714,1.0,False,True,0.08838842313398267,Run 3::agentmemorybench:fact-mh-262k:context-0/factconsolidation_mh_262k_no36,True,0.0,5.125000149884727,False
Run 3,agentmemorybench:fact-mh-262k:context-0/factconsolidation_mh_262k_no37,1,5,0.2,0.0,-4.937500147148967,0.0071350450285093,0.0,True,False,0.08838826598879945,Run 3::agentmemorybench:fact-mh-262k:context-0/factconsolidation_mh_262k_no37,False,,,False
Run 3,agentmemorybench:fact-mh-262k:context-0/factconsolidation_mh_262k_no37,2,5,0.4,0.0,2.5624999552965164,0.9282975617100432,1.0,True,False,0.08838824228119717,Run 3::agentmemorybench:fact-mh-262k:context-0/factconsolidation_mh_262k_no37,True,0.0,7.500000102445483,False
Run 3,agentmemorybench:fact-mh-262k:context-0/factconsolidation_mh_262k_no37,3,5,0.6,0.5,2.437500048428774,0.9195213912275124,1.0,True,False,0.08838828969640174,Run 3::agentmemorybench:fact-mh-262k:context-0/factconsolidation_mh_262k_no37,True,0.5,-0.12499990686774254,True
Run 3,agentmemorybench:fact-mh-262k:context-0/factconsolidation_mh_262k_no37,4,5,0.8,0.5,2.625000037252903,0.9324533112067126,1.0,True,False,8.42936974928158e-08,Run 3::agentmemorybench:fact-mh-262k:context-0/factconsolidation_mh_262k_no37,True,0.0,0.1874999888241291,False
Run 3,agentmemorybench:fact-mh-262k:context-0/factconsolidation_mh_262k_no37,5,5,1.0,1.0,7.437499996711267,0.9994104435991547,1.0,True,False,0.08838840119621874,Run 3::agentmemorybench:fact-mh-262k:context-0/factconsolidation_mh_262k_no37,True,0.5,4.812499959458364,True
Run 3,agentmemorybench:fact-mh-262k:context-0/factconsolidation_mh_262k_no38,1,7,0.1428571428571428,0.0,-3.500000013038516,0.0293122303803711,0.0,True,False,0.0,Run 3::agentmemorybench:fact-mh-262k:context-0/factconsolidation_mh_262k_no38,False,,,False
Run 3,agentmemorybench:fact-mh-262k:context-0/factconsolidation_mh_262k_no38,2,7,0.2857142857142857,0.0,3.000000022351742,0.952254471719326,1.0,True,False,0.17677681646882634,Run 3::agentmemorybench:fact-mh-262k:context-0/factconsolidation_mh_262k_no38,True,0.0,6.500000035390258,False
Run 3,agentmemorybench:fact-mh-262k:context-0/factconsolidation_mh_262k_no38,3,7,0.4285714285714285,0.5,3.5624999441206455,0.9723652044915706,1.0,True,False,0.08838837662427679,Run 3::agentmemorybench:fact-mh-262k:context-0/factconsolidation_mh_262k_no38,True,0.5,0.5624999217689037,True
Run 3,agentmemorybench:fact-mh-262k:context-0/factconsolidation_mh_262k_no38,4,7,0.5714285714285714,0.5,3.750000013038516,0.9770226303826813,1.0,True,False,1.0536712598751245e-08,Run 3::agentmemorybench:fact-mh-262k:context-0/factconsolidation_mh_262k_no38,True,0.0,0.18750006891787052,False
Run 3,agentmemorybench:fact-mh-262k:context-0/factconsolidation_mh_262k_no38,5,7,0.7142857142857143,0.5,1.6874999776482582,0.8437181664636089,1.0,True,False,0.08838837925845483,Run 3::agentmemorybench:fact-mh-262k:context-0/factconsolidation_mh_262k_no38,True,0.0,-2.062500035390258,False
Run 3,agentmemorybench:fact-mh-262k:context-0/factconsolidation_mh_262k_no38,6,7,0.8571428571428571,0.5,4.874999935505912,0.9923648314342166,1.0,True,False,0.17677655535592893,Run 3::agentmemorybench:fact-mh-262k:context-0/factconsolidation_mh_262k_no38,True,0.0,3.1874999578576535,False
Run 3,agentmemorybench:fact-mh-262k:context-0/factconsolidation_mh_262k_no38,7,7,1.0,1.0,7.562499957566615,0.9994796820966962,1.0,True,False,0.08838840798745899,Run 3::agentmemorybench:fact-mh-262k:context-0/factconsolidation_mh_262k_no38,True,0.5,2.6875000220607035,True
Run 3,agentmemorybench:fact-mh-262k:context-0/factconsolidation_mh_262k_no39,1,8,0.125,0.0,-6.125000233296305,0.002182715937237,0.0,True,False,0.0,Run 3::agentmemorybench:fact-mh-262k:context-0/factconsolidation_mh_262k_no39,False,,,False
Run 3,agentmemorybench:fact-mh-262k:context-0/factconsolidation_mh_262k_no39,2,8,0.25,0.0,1.1250000596046448,0.754914997895581,1.0,True,False,0.0,Run 3::agentmemorybench:fact-mh-262k:context-0/factconsolidation_mh_262k_no39,True,0.0,7.25000029290095,False
Run 3,agentmemorybench:fact-mh-262k:context-0/factconsolidation_mh_262k_no39,3,8,0.375,0.0,1.6250000149011612,0.8354835391516132,1.0,True,False,0.0,Run 3::agentmemorybench:fact-mh-262k:context-0/factconsolidation_mh_262k_no39,True,0.0,0.4999999552965164,False
Run 3,agentmemorybench:fact-mh-262k:context-0/factconsolidation_mh_262k_no39,4,8,0.5,0.0,-3.5624998891726136,0.0276347969508441,0.0,True,False,0.08838834633122943,Run 3::agentmemorybench:fact-mh-262k:context-0/factconsolidation_mh_262k_no39,False,0.0,-5.187499904073775,False
Run 3,agentmemorybench:fact-mh-262k:context-0/factconsolidation_mh_262k_no39,5,8,0.625,0.0,1.4375000223517418,0.8063917027426144,1.0,True,False,0.2651650324082432,Run 3::agentmemorybench:fact-mh-262k:context-0/factconsolidation_mh_262k_no39,True,0.0,4.999999911524355,False
Run 3,agentmemorybench:fact-mh-262k:context-0/factconsolidation_mh_262k_no39,6,8,0.75,0.5,-1.5000000149011612,0.18316484070638045,0.0,True,False,0.1767767374434854,Run 3::agentmemorybench:fact-mh-262k:context-0/factconsolidation_mh_262k_no39,False,0.5,-2.937500037252903,True
Run 3,agentmemorybench:fact-mh-262k:context-0/factconsolidation_mh_262k_no39,7,8,0.875,0.5,4.187499954365194,0.9850149899131253,1.0,True,False,0.08838840428314612,Run 3::agentmemorybench:fact-mh-262k:context-0/factconsolidation_mh_262k_no39,True,0.0,5.687499969266355,False
Run 3,agentmemorybench:fact-mh-262k:context-0/factconsolidation_mh_262k_no39,8,8,1.0,1.0,7.68750004710455,0.9995407929182389,1.0,True,False,0.08838841327639456,Run 3::agentmemorybench:fact-mh-262k:context-0/factconsolidation_mh_262k_no39,True,0.5,3.5000000927393558,True
Run 3,agentmemorybench:fact-mh-262k:context-0/factconsolidation_mh_262k_no4,1,14,0.0714285714285714,0.0,-4.18750006519258,0.0149850083970005,0.0,False,True,0.08838831867236009,Run 3::agentmemorybench:fact-mh-262k:context-0/factconsolidation_mh_262k_no4,False,,,False
Run 3,agentmemorybench:fact-mh-262k:context-0/factconsolidation_mh_262k_no4,2,14,0.1428571428571428,0.0,-1.5000000298023224,0.1824255193614457,0.0,False,True,0.0,Run 3::agentmemorybench:fact-mh-262k:context-0/factconsolidation_mh_262k_no4,False,0.0,2.687500035390258,False
Run 3,agentmemorybench:fact-mh-262k:context-0/factconsolidation_mh_262k_no4,3,14,0.2142857142857142,0.0,0.6249999701976776,0.651354857898194,1.0,False,True,0.0,Run 3::agentmemorybench:fact-mh-262k:context-0/factconsolidation_mh_262k_no4,True,0.0,2.125,False
Run 3,agentmemorybench:fact-mh-262k:context-0/factconsolidation_mh_262k_no4,4,14,0.2857142857142857,0.0,2.249999977648258,0.9046505331728752,1.0,False,True,0.0,Run 3::agentmemorybench:fact-mh-262k:context-0/factconsolidation_mh_262k_no4,True,0.0,1.6250000074505806,False
Run 3,agentmemorybench:fact-mh-262k:context-0/factconsolidation_mh_262k_no4,5,14,0.3571428571428571,0.0,-0.9999999701976776,0.2689414272294874,0.0,False,True,0.0,Run 3::agentmemorybench:fact-mh-262k:context-0/factconsolidation_mh_262k_no4,False,0.0,-3.249999947845936,False
Run 3,agentmemorybench:fact-mh-262k:context-0/factconsolidation_mh_262k_no4,6,14,0.4285714285714285,0.0,-0.9999999403953552,0.2689414330889798,0.0,False,True,0.0,Run 3::agentmemorybench:fact-mh-262k:context-0/factconsolidation_mh_262k_no4,False,0.0,2.9802322387695312e-08,False
Run 3,agentmemorybench:fact-mh-262k:context-0/factconsolidation_mh_262k_no4,7,14,0.5,0.0,0.1875,0.5466929371297772,1.0,False,True,0.08838834764831845,Run 3::agentmemorybench:fact-mh-262k:context-0/factconsolidation_mh_262k_no4,True,0.0,1.1874999403953552,False
Run 3,agentmemorybench:fact-mh-262k:context-0/factconsolidation_mh_262k_no4,8,14,0.5714285714285714,0.0,-0.4375000149011612,0.39243703092020965,0.0,False,True,0.0883883687217427,Run 3::agentmemorybench:fact-mh-262k:context-0/factconsolidation_mh_262k_no4,False,0.0,-0.6250000149011612,False
Run 3,agentmemorybench:fact-mh-262k:context-0/factconsolidation_mh_262k_no4,9,14,0.6428571428571429,0.0,-1.0000000447034836,0.2689414125807569,0.0,False,True,2.1073424255447017e-08,Run 3::agentmemorybench:fact-mh-262k:context-0/factconsolidation_mh_262k_no4,False,0.0,-0.5625000298023224,False
Run 3,agentmemorybench:fact-mh-262k:context-0/factconsolidation_mh_262k_no4,10,14,0.7142857142857143,0.0,0.5625000447034836,0.6369071082036428,1.0,False,True,0.0883883687217427,Run 3::agentmemorybench:fact-mh-262k:context-0/factconsolidation_mh_262k_no4,True,0.0,1.5625000894069672,False
Run 3,agentmemorybench:fact-mh-262k:context-0/factconsolidation_mh_262k_no4,11,14,0.7857142857142857,0.0,-1.2500000149011612,0.2227001362458465,0.0,False,True,2.1073424255447017e-08,Run 3::agentmemorybench:fact-mh-262k:context-0/factconsolidation_mh_262k_no4,False,0.0,-1.8125000596046448,False
Run 3,agentmemorybench:fact-mh-262k:context-0/factconsolidation_mh_262k_no4,12,14,0.8571428571428571,0.0,-2.125000089406967,0.10727618491100416,0.0,False,True,0.1767766952966369,Run 3::agentmemorybench:fact-mh-262k:context-0/factconsolidation_mh_262k_no4,False,0.0,-0.875000074505806,False
Run 3,agentmemorybench:fact-mh-262k:context-0/factconsolidation_mh_262k_no4,13,14,0.9285714285714286,1.0,3.312499912455678,0.9643000176010852,1.0,False,True,0.2651650561158457,Run 3::agentmemorybench:fact-mh-262k:context-0/factconsolidation_mh_262k_no4,True,1.0,5.437500001862645,True
Run 3,agentmemorybench:fact-mh-262k:context-0/factconsolidation_mh_262k_no4,14,14,1.0,1.0,3.812499958090484,0.9783451374375272,1.0,False,True,0.08838840164896809,Run 3::agentmemorybench:fact-mh-262k:context-0/factconsolidation_mh_262k_no4,True,0.0,0.5000000456348062,False
Run 3,agentmemorybench:fact-mh-262k:context-0/factconsolidation_mh_262k_no40,1,13,0.0769230769230769,0.0,-4.062499862164259,0.01694630320039485,0.0,False,False,0.0883884424787276,Run 3::agentmemorybench:fact-mh-262k:context-0/factconsolidation_mh_262k_no40,False,,,False
Run 3,agentmemorybench:fact-mh-262k:context-0/factconsolidation_mh_262k_no40,2,13,0.1538461538461538,0.0,2.7499999292194843,0.9399133458285746,1.0,False,False,0.0,Run 3::agentmemorybench:fact-mh-262k:context-0/factconsolidation_mh_262k_no40,True,0.0,6.812499791383743,False
Run 3,agentmemorybench:fact-mh-262k:context-0/factconsolidation_mh_262k_no40,3,13,0.2307692307692307,0.5,2.3124999590218067,0.9097757417626021,1.0,False,False,0.08838832130653812,Run 3::agentmemorybench:fact-mh-262k:context-0/factconsolidation_mh_262k_no40,True,0.5,-0.4374999701976776,True
Run 3,agentmemorybench:fact-mh-262k:context-0/factconsolidation_mh_262k_no40,4,13,0.3076923076923077,0.5,2.8749999664723873,0.9465966685053074,1.0,False,False,1.0536712127723508e-07,Run 3::agentmemorybench:fact-mh-262k:context-0/factconsolidation_mh_262k_no40,True,0.0,0.5625000074505806,False
Run 3,agentmemorybench:fact-mh-262k:context-0/factconsolidation_mh_262k_no40,5,13,0.3846153846153846,0.5,1.25,0.777299861174691,1.0,False,False,8.429369702178807e-08,Run 3::agentmemorybench:fact-mh-262k:context-0/factconsolidation_mh_262k_no40,True,0.0,-1.6249999664723873,False
Run 3,agentmemorybench:fact-mh-262k:context-0/factconsolidation_mh_262k_no40,6,13,0.4615384615384615,0.5,0.6249999850988388,0.6508190119417354,1.0,False,False,0.17677667422321264,Run 3::agentmemorybench:fact-mh-262k:context-0/factconsolidation_mh_262k_no40,True,0.0,-0.6250000149011612,False
Run 3,agentmemorybench:fact-mh-262k:context-0/factconsolidation_mh_262k_no40,7,13,0.5384615384615384,0.5,-0.1875,0.4533070628702228,0.0,False,False,0.08838834764831845,Run 3::agentmemorybench:fact-mh-262k:context-0/factconsolidation_mh_262k_no40,False,0.0,-0.8124999850988388,False
Run 3,agentmemorybench:fact-mh-262k:context-0/factconsolidation_mh_262k_no40,8,13,0.6153846153846154,0.5,-1.5625000074505806,0.17347099215309264,0.0,False,False,0.08838831603818206,Run 3::agentmemorybench:fact-mh-262k:context-0/factconsolidation_mh_262k_no40,False,0.0,-1.3750000074505806,False
Run 3,agentmemorybench:fact-mh-262k:context-0/factconsolidation_mh_262k_no40,9,13,0.6923076923076923,0.5,-2.6249998919665813,0.06754669794402085,0.0,False,False,1.5805068034576014e-08,Run 3::agentmemorybench:fact-mh-262k:context-0/factconsolidation_mh_262k_no40,False,0.0,-1.0624998845160007,False
Run 3,agentmemorybench:fact-mh-262k:context-0/factconsolidation_mh_262k_no40,10,13,0.7692307692307693,0.5,-3.06250006146729,0.04475679804129695,0.0,False,False,0.0883884187711253,Run 3::agentmemorybench:fact-mh-262k:context-0/factconsolidation_mh_262k_no40,False,0.0,-0.4375001695007086,False
Run 3,agentmemorybench:fact-mh-262k:context-0/factconsolidation_mh_262k_no40,11,13,0.8461538461538461,0.5,-3.1875000279396772,0.0397073065932471,0.0,False,False,0.08838836608756466,Run 3::agentmemorybench:fact-mh-262k:context-0/factconsolidation_mh_262k_no40,False,0.0,-0.12499996647238731,False
Run 3,agentmemorybench:fact-mh-262k:context-0/factconsolidation_mh_262k_no40,12,13,0.9230769230769232,0.5,-3.5625000847503543,0.02763479166058155,0.0,False,False,0.08838831472109304,Run 3::agentmemorybench:fact-mh-262k:context-0/factconsolidation_mh_262k_no40,False,0.0,-0.37500005681067705,False
Run 3,agentmemorybench:fact-mh-262k:context-0/factconsolidation_mh_262k_no40,13,13,1.0,0.5,-4.187499885912985,0.014985011110937,0.0,False,False,0.08838842601511489,Run 3::agentmemorybench:fact-mh-262k:context-0/factconsolidation_mh_262k_no40,False,0.0,-0.6249998011626303,False
Run 3,agentmemorybench:fact-mh-262k:context-0/factconsolidation_mh_262k_no41,1,14,0.0714285714285714,0.0,-3.9374999618157744,0.01915928235202735,0.0,False,False,0.08838832525780502,Run 3::agentmemorybench:fact-mh-262k:context-0/factconsolidation_mh_262k_no41,False,,,False
Run 3,agentmemorybench:fact-mh-262k:context-0/factconsolidation_mh_262k_no41,2,14,0.1428571428571428,0.0,-2.0000000596046448,0.1192029157640123,0.0,False,False,0.0,Run 3::agentmemorybench:fact-mh-262k:context-0/factconsolidation_mh_262k_no41,False,0.0,1.9374999022111297,False
Run 3,agentmemorybench:fact-mh-262k:context-0/factconsolidation_mh_262k_no41,3,14,0.2142857142857142,0.0,-0.6249999850988388,0.34864513871787595,0.0,False,False,6.322027276634104e-08,Run 3::agentmemorybench:fact-mh-262k:context-0/factconsolidation_mh_262k_no41,False,0.0,1.375000074505806,False
Run 3,agentmemorybench:fact-mh-262k:context-0/factconsolidation_mh_262k_no41,4,14,0.2857142857142857,1.0,0.4375000149011612,0.6075629690797903,1.0,False,False,0.0883883687217427,Run 3::agentmemorybench:fact-mh-262k:context-0/factconsolidation_mh_262k_no41,True,1.0,1.0625,True
Run 3,agentmemorybench:fact-mh-262k:context-0/factconsolidation_mh_262k_no41,5,14,0.3571428571428571,1.0,-1.1250000298023224,0.2450850076183952,0.0,False,False,0.0,Run 3::agentmemorybench:fact-mh-262k:context-0/factconsolidation_mh_262k_no41,False,0.0,-1.5625000447034836,False
Run 3,agentmemorybench:fact-mh-262k:context-0/factconsolidation_mh_262k_no41,6,14,0.4285714285714285,1.0,-2.624999925494194,0.06754669583231306,0.0,False,False,5.268356063861754e-08,Run 3::agentmemorybench:fact-mh-262k:context-0/factconsolidation_mh_262k_no41,False,0.0,-1.4999998956918716,False
Run 3,agentmemorybench:fact-mh-262k:context-0/factconsolidation_mh_262k_no41,7,14,0.5,1.0,-3.062499986961484,0.0447568010541521,0.0,False,False,0.08838831867236009,Run 3::agentmemorybench:fact-mh-262k:context-0/factconsolidation_mh_262k_no41,False,0.0,-0.4375000614672899,False
Run 3,agentmemorybench:fact-mh-262k:context-0/factconsolidation_mh_262k_no41,8,14,0.5714285714285714,1.0,-3.7499999925494194,0.02297737007728675,0.0,False,False,8.956205324265907e-08,Run 3::agentmemorybench:fact-mh-262k:context-0/factconsolidation_mh_262k_no41,False,0.0,-0.6875000055879354,False
Run 3,agentmemorybench:fact-mh-262k:context-0/factconsolidation_mh_262k_no41,9,14,0.6428571428571429,1.0,-3.625000006519258,0.02614480028498085,0.0,False,False,0.17677675193146455,Run 3::agentmemorybench:fact-mh-262k:context-0/factconsolidation_mh_262k_no41,False,0.0,0.12499998603016138,False
Run 3,agentmemorybench:fact-mh-262k:context-0/factconsolidation_mh_262k_no41,10,14,0.7142857142857143,1.0,-4.374999921768904,0.01243165181363725,0.0,False,False,1.3829434667637105e-07,Run 3::agentmemorybench:fact-mh-262k:context-0/factconsolidation_mh_262k_no41,False,0.0,-0.7499999152496457,False
Run 3,agentmemorybench:fact-mh-262k:context-0/factconsolidation_mh_262k_no41,11,14,0.7857142857142857,1.0,-3.937500124797225,0.01915927937457345,0.0,False,False,0.08838843194201562,Run 3::agentmemorybench:fact-mh-262k:context-0/factconsolidation_mh_262k_no41,False,0.0,0.43749979697167873,False
Run 3,agentmemorybench:fact-mh-262k:context-0/factconsolidation_mh_262k_no41,12,14,0.8571428571428571,1.0,-1.499999962747097,0.1824255293624947,0.0,False,False,1.0536712127723509e-08,Run 3::agentmemorybench:fact-mh-262k:context-0/factconsolidation_mh_262k_no41,False,0.0,2.437500162050128,False
Run 3,agentmemorybench:fact-mh-262k:context-0/factconsolidation_mh_262k_no41,13,14,0.9285714285714286,1.0,-4.500000019092113,0.010986942423133951,0.0,False,False,1.9295354083893674e-07,Run 3::agentmemorybench:fact-mh-262k:context-0/factconsolidation_mh_262k_no41,False,0.0,-3.0000000563450158,False
Run 3,agentmemorybench:fact-mh-262k:context-0/factconsolidation_mh_262k_no41,14,14,1.0,1.0,-3.4999999683350325,0.0293122316523204,0.0,False,False,7.902534095792631e-08,Run 3::agentmemorybench:fact-mh-262k:context-0/factconsolidation_mh_262k_no41,False,0.0,1.0000000507570803,False
Run 3,agentmemorybench:fact-mh-262k:context-0/factconsolidation_mh_262k_no42,1,7,0.1428571428571428,0.0,-4.687499998603016,0.0092820923212556,0.0,False,True,0.2651653465339735,Run 3::agentmemorybench:fact-mh-262k:context-0/factconsolidation_mh_262k_no42,False,,,False
Run 3,agentmemorybench:fact-mh-262k:context-0/factconsolidation_mh_262k_no42,2,7,0.2857142857142857,0.0,0.25,0.5621765008857981,1.0,False,True,0.0,Run 3::agentmemorybench:fact-mh-262k:context-0/factconsolidation_mh_262k_no42,True,0.0,4.937499998603016,False
Run 3,agentmemorybench:fact-mh-262k:context-0/factconsolidation_mh_262k_no42,3,7,0.4285714285714285,0.25,3.0624999217689037,0.955243196100248,1.0,False,True,0.0883883529166745,Run 3::agentmemorybench:fact-mh-262k:context-0/factconsolidation_mh_262k_no42,True,0.25,2.8124999217689037,True
Run 3,agentmemorybench:fact-mh-262k:context-0/factconsolidation_mh_262k_no42,4,7,0.5714285714285714,0.25,2.5625000447034836,0.9282975675799664,1.0,False,True,0.08838827389133339,Run 3::agentmemorybench:fact-mh-262k:context-0/factconsolidation_mh_262k_no42,True,0.0,-0.49999987706542015,False
Run 3,agentmemorybench:fact-mh-262k:context-0/factconsolidation_mh_262k_no42,5,7,0.7142857142857143,0.25,0.875,0.7051186389026989,1.0,False,True,0.1767766952966369,Run 3::agentmemorybench:fact-mh-262k:context-0/factconsolidation_mh_262k_no42,True,0.0,-1.6875000447034836,False
Run 3,agentmemorybench:fact-mh-262k:context-0/factconsolidation_mh_262k_no42,6,7,0.8571428571428571,0.25,2.4999999329447746,0.9241418152779358,1.0,False,True,1.0536712127723509e-08,Run 3::agentmemorybench:fact-mh-262k:context-0/factconsolidation_mh_262k_no42,True,0.0,1.6249999329447746,False
Run 3,agentmemorybench:fact-mh-262k:context-0/factconsolidation_mh_262k_no42,7,7,1.0,0.25,4.125000129453838,0.984093610314575,1.0,False,True,8.297660800582262e-08,Run 3::agentmemorybench:fact-mh-262k:context-0/factconsolidation_mh_262k_no42,True,0.0,1.6250001965090632,False
Run 3,agentmemorybench:fact-mh-262k:context-0/factconsolidation_mh_262k_no43,1,6,0.1666666666666666,0.0,-4.124999910593033,0.0159063931113358,0.0,True,False,0.0,Run 3::agentmemorybench:fact-mh-262k:context-0/factconsolidation_mh_262k_no43,False,,,False
Run 3,agentmemorybench:fact-mh-262k:context-0/factconsolidation_mh_262k_no43,2,6,0.3333333333333333,0.0,-1.4375000298023224,0.19211936841056398,0.0,True,False,0.08838834764831845,Run 3::agentmemorybench:fact-mh-262k:context-0/factconsolidation_mh_262k_no43,False,0.0,2.6874998807907104,False
Run 3,agentmemorybench:fact-mh-262k:context-0/factconsolidation_mh_262k_no43,3,6,0.5,0.5,0.25,0.5621765008857981,1.0,True,False,0.0,Run 3::agentmemorybench:fact-mh-262k:context-0/factconsolidation_mh_262k_no43,True,0.5,1.6875000298023224,True
Run 3,agentmemorybench:fact-mh-262k:context-0/factconsolidation_mh_262k_no43,4,6,0.6666666666666666,0.5,4.499999829102308,0.9889299344614613,1.0,True,False,0.1767766959551814,Run 3::agentmemorybench:fact-mh-262k:context-0/factconsolidation_mh_262k_no43,True,0.0,4.249999829102308,False
Run 3,agentmemorybench:fact-mh-262k:context-0/factconsolidation_mh_262k_no43,5,6,0.8333333333333334,1.0,5.749999945051968,0.9968273169837352,1.0,True,False,0.0,Run 3::agentmemorybench:fact-mh-262k:context-0/factconsolidation_mh_262k_no43,True,0.5,1.2500001159496605,True
Run 3,agentmemorybench:fact-mh-262k:context-0/factconsolidation_mh_262k_no43,6,6,1.0,1.0,4.75000004703179,0.9914225149862421,1.0,True,False,2.390516563977271e-07,Run 3::agentmemorybench:fact-mh-262k:context-0/factconsolidation_mh_262k_no43,True,0.0,-0.9999998980201781,False
Run 3,agentmemorybench:fact-mh-262k:context-0/factconsolidation_mh_262k_no44,1,7,0.1428571428571428,0.0,-3.749999960884452,0.0229773707881466,0.0,True,False,0.0,Run 3::agentmemorybench:fact-mh-262k:context-0/factconsolidation_mh_262k_no44,False,,,False
Run 3,agentmemorybench:fact-mh-262k:context-0/factconsolidation_mh_262k_no44,2,7,0.2857142857142857,0.0,2.687499964609742,0.9361833269808157,1.0,True,False,0.08838845564961775,Run 3::agentmemorybench:fact-mh-262k:context-0/factconsolidation_mh_262k_no44,True,0.0,6.437499925494194,False
Run 3,agentmemorybench:fact-mh-262k:context-0/factconsolidation_mh_262k_no44,3,7,0.4285714285714285,0.5,4.250000122003257,0.9859363746484322,1.0,True,False,1.5146523683602543e-07,Run 3::agentmemorybench:fact-mh-262k:context-0/factconsolidation_mh_262k_no44,True,0.5,1.562500157393515,True
Run 3,agentmemorybench:fact-mh-262k:context-0/factconsolidation_mh_262k_no44,4,7,0.5714285714285714,0.5,3.6874999534338713,0.9755326352370564,1.0,True,False,0.08838844511290563,Run 3::agentmemorybench:fact-mh-262k:context-0/factconsolidation_mh_262k_no44,True,0.0,-0.562500168569386,False
Run 3,agentmemorybench:fact-mh-262k:context-0/factconsolidation_mh_262k_no44,5,7,0.7142857142857143,1.0,5.937499990570359,0.9973632248968431,1.0,True,False,0.08838849038784054,Run 3::agentmemorybench:fact-mh-262k:context-0/factconsolidation_mh_262k_no44,True,0.5,2.2500000371364877,True
Run 3,agentmemorybench:fact-mh-262k:context-0/factconsolidation_mh_262k_no44,6,7,0.8571428571428571,1.0,3.9375,0.9808407183623338,1.0,True,False,0.08838832920907222,Run 3::agentmemorybench:fact-mh-262k:context-0/factconsolidation_mh_262k_no44,True,0.0,-1.999999990570359,False
Run 3,agentmemorybench:fact-mh-262k:context-0/factconsolidation_mh_262k_no44,7,7,1.0,1.0,4.437500008381903,0.9882907032907181,1.0,True,False,0.08838847672304201,Run 3::agentmemorybench:fact-mh-262k:context-0/factconsolidation_mh_262k_no44,True,0.0,0.5000000083819032,False
Run 3,agentmemorybench:fact-mh-262k:context-0/factconsolidation_mh_262k_no45,1,5,0.2,0.0,-4.749999979510903,0.0085774855879494,0.0,True,False,0.0,Run 3::agentmemorybench:fact-mh-262k:context-0/factconsolidation_mh_262k_no45,False,,,False
Run 3,agentmemorybench:fact-mh-262k:context-0/factconsolidation_mh_262k_no45,2,5,0.4,0.0,0.6875000149011612,0.6652667853046537,1.0,True,False,0.08838832657489419,Run 3::agentmemorybench:fact-mh-262k:context-0/factconsolidation_mh_262k_no45,True,0.0,5.4374999944120646,False
Run 3,agentmemorybench:fact-mh-262k:context-0/factconsolidation_mh_262k_no45,3,5,0.6,0.5,2.312500052154064,0.9097757493891614,1.0,True,False,0.08838832657489402,Run 3::agentmemorybench:fact-mh-262k:context-0/factconsolidation_mh_262k_no45,True,0.5,1.625000037252903,True
Run 3,agentmemorybench:fact-mh-262k:context-0/factconsolidation_mh_262k_no45,4,5,0.8,0.5,2.687500024214387,0.9361833305167688,1.0,True,False,0.08838846618632988,Run 3::agentmemorybench:fact-mh-262k:context-0/factconsolidation_mh_262k_no45,True,0.0,0.37499997206032276,False
Run 3,agentmemorybench:fact-mh-262k:context-0/factconsolidation_mh_262k_no45,5,5,1.0,1.0,7.6249997621634975,0.999512142761244,1.0,True,False,0.0,Run 3::agentmemorybench:fact-mh-262k:context-0/factconsolidation_mh_262k_no45,True,0.5,4.937499737949111,True
Run 3,agentmemorybench:fact-mh-262k:context-0/factconsolidation_mh_262k_no46,1,5,0.2,0.0,-4.1249999683350325,0.0159063922074784,0.0,False,False,0.0,Run 3::agentmemorybench:fact-mh-262k:context-0/factconsolidation_mh_262k_no46,False,,,False
Run 3,agentmemorybench:fact-mh-262k:context-0/factconsolidation_mh_262k_no46,2,5,0.4,0.0,1.8125000149011612,0.8594942825223197,1.0,False,False,0.08838838979516696,Run 3::agentmemorybench:fact-mh-262k:context-0/factconsolidation_mh_262k_no46,True,0.0,5.937499983236194,False
Run 3,agentmemorybench:fact-mh-262k:context-0/factconsolidation_mh_262k_no46,3,5,0.6,0.5,1.2500000298023224,0.7772998663336157,1.0,False,False,0.0,Run 3::agentmemorybench:fact-mh-262k:context-0/factconsolidation_mh_262k_no46,True,0.5,-0.5624999850988388,True
Run 3,agentmemorybench:fact-mh-262k:context-0/factconsolidation_mh_262k_no46,4,5,0.8,0.5,3.6874999618157744,0.9755326355017712,1.0,False,False,0.08838838057554384,Run 3::agentmemorybench:fact-mh-262k:context-0/factconsolidation_mh_262k_no46,True,0.0,2.437499932013452,False
Run 3,agentmemorybench:fact-mh-262k:context-0/factconsolidation_mh_262k_no46,5,5,1.0,1.0,7.37500001853914,0.9993736658534951,1.0,False,False,2.529222500971131e-07,Run 3::agentmemorybench:fact-mh-262k:context-0/factconsolidation_mh_262k_no46,True,0.5,3.6875000567233656,True
Run 3,agentmemorybench:fact-mh-262k:context-0/factconsolidation_mh_262k_no47,1,9,0.1111111111111111,0.0,-4.3749999748542905,0.0124316511619023,0.0,False,True,0.0,Run 3::agentmemorybench:fact-mh-262k:context-0/factconsolidation_mh_262k_no47,False,,,False
Run 3,agentmemorybench:fact-mh-262k:context-0/factconsolidation_mh_262k_no47,2,9,0.2222222222222222,0.0,-0.1875,0.4533070628702228,0.0,False,True,0.08838834764831845,Run 3::agentmemorybench:fact-mh-262k:context-0/factconsolidation_mh_262k_no47,False,0.0,4.1874999748542905,False
Run 3,agentmemorybench:fact-mh-262k:context-0/factconsolidation_mh_262k_no47,3,9,0.3333333333333333,0.25,3.25,0.9626731126558705,1.0,False,True,6.84886288302028e-08,Run 3::agentmemorybench:fact-mh-262k:context-0/factconsolidation_mh_262k_no47,True,0.25,3.4375,True
Run 3,agentmemorybench:fact-mh-262k:context-0/factconsolidation_mh_262k_no47,4,9,0.4444444444444444,0.25,0.7500000149011612,0.6791787024222814,1.0,False,True,2.1073424255447017e-08,Run 3::agentmemorybench:fact-mh-262k:context-0/factconsolidation_mh_262k_no47,True,0.0,-2.499999985098839,False
Run 3,agentmemorybench:fact-mh-262k:context-0/factconsolidation_mh_262k_no47,5,9,0.5555555555555556,0.25,-0.4375,0.3924370344220378,0.0,False,True,0.08838834764831845,Run 3::agentmemorybench:fact-mh-262k:context-0/factconsolidation_mh_262k_no47,False,0.0,-1.1875000149011612,False
Run 3,agentmemorybench:fact-mh-262k:context-0/factconsolidation_mh_262k_no47,6,9,0.6666666666666666,0.25,1.312500037252903,0.787743325816255,1.0,False,True,0.08838831603818206,Run 3::agentmemorybench:fact-mh-262k:context-0/factconsolidation_mh_262k_no47,True,0.0,1.750000037252903,False
Run 3,agentmemorybench:fact-mh-262k:context-0/factconsolidation_mh_262k_no47,7,9,0.7777777777777778,0.25,3.1250000167638063,0.9579122727602366,1.0,False,True,9.746458718144245e-08,Run 3::agentmemorybench:fact-mh-262k:context-0/factconsolidation_mh_262k_no47,True,0.0,1.8124999795109034,False
Run 3,agentmemorybench:fact-mh-262k:context-0/factconsolidation_mh_262k_no47,8,9,0.8888888888888888,0.25,4.374999979510903,0.9875683488952673,1.0,False,True,1.7912410617129963e-07,Run 3::agentmemorybench:fact-mh-262k:context-0/factconsolidation_mh_262k_no47,True,0.0,1.249999962747097,False
Run 3,agentmemorybench:fact-mh-262k:context-0/factconsolidation_mh_262k_no47,9,9,1.0,0.25,5.937500114436261,0.9973632252226232,1.0,False,True,0.08838849005856829,Run 3::agentmemorybench:fact-mh-262k:context-0/factconsolidation_mh_262k_no47,True,0.0,1.562500134925358,False
Run 3,agentmemorybench:fact-mh-262k:context-0/factconsolidation_mh_262k_no48,1,9,0.1111111111111111,0.0,-4.749999915249646,0.0085774861344215,0.0,True,False,0.0,Run 3::agentmemorybench:fact-mh-262k:context-0/factconsolidation_mh_262k_no48,False,,,False
Run 3,agentmemorybench:fact-mh-262k:context-0/factconsolidation_mh_262k_no48,2,9,0.2222222222222222,0.0,-6.312500036263373,0.00181372845339775,0.0,True,False,0.08838811740469484,Run 3::agentmemorybench:fact-mh-262k:context-0/factconsolidation_mh_262k_no48,False,0.0,-1.562500121013727,False
Run 3,agentmemorybench:fact-mh-262k:context-0/factconsolidation_mh_262k_no48,3,9,0.3333333333333333,0.0,-0.125,0.4687906266262437,0.0,True,False,0.0,Run 3::agentmemorybench:fact-mh-262k:context-0/factconsolidation_mh_262k_no48,False,0.0,6.187500036263373,False
Run 3,agentmemorybench:fact-mh-262k:context-0/factconsolidation_mh_262k_no48,4,9,0.4444444444444444,0.0,-0.375,0.4073334000459302,0.0,True,False,0.0,Run 3::agentmemorybench:fact-mh-262k:context-0/factconsolidation_mh_262k_no48,False,0.0,-0.25,False
Run 3,agentmemorybench:fact-mh-262k:context-0/factconsolidation_mh_262k_no48,5,9,0.5555555555555556,0.5,-1.2500000149011612,0.22270013624584656,0.0,True,False,6.322027276634104e-08,Run 3::agentmemorybench:fact-mh-262k:context-0/factconsolidation_mh_262k_no48,False,0.5,-0.8750000149011612,True
Run 3,agentmemorybench:fact-mh-262k:context-0/factconsolidation_mh_262k_no48,6,9,0.6666666666666666,0.5,2.3125000074505806,0.9097757460338541,1.0,True,False,0.08838822120777244,Run 3::agentmemorybench:fact-mh-262k:context-0/factconsolidation_mh_262k_no48,True,0.0,3.562500022351742,False
Run 3,agentmemorybench:fact-mh-262k:context-0/factconsolidation_mh_262k_no48,7,9,0.7777777777777778,0.75,0.3125,0.5774215504199338,1.0,True,False,0.08838834764831845,Run 3::agentmemorybench:fact-mh-262k:context-0/factconsolidation_mh_262k_no48,True,0.25,-2.0000000074505806,True
Run 3,agentmemorybench:fact-mh-262k:context-0/factconsolidation_mh_262k_no48,8,9,0.8888888888888888,0.75,3.1874999552965164,0.9602926905106998,1.0,True,False,0.08838844774708365,Run 3::agentmemorybench:fact-mh-262k:context-0/factconsolidation_mh_262k_no48,True,0.0,2.8749999552965164,False
Run 3,agentmemorybench:fact-mh-262k:context-0/factconsolidation_mh_262k_no48,9,9,1.0,1.0,8.437500143227226,0.9997830331810854,1.0,True,False,0.08838834337806889,Run 3::agentmemorybench:fact-mh-262k:context-0/factconsolidation_mh_262k_no48,True,0.25,5.250000187930709,True
Run 3,agentmemorybench:fact-mh-262k:context-0/factconsolidation_mh_262k_no49,1,5,0.2,0.0,-4.499999809078872,0.0109869447051862,0.0,True,False,0.0,Run 3::agentmemorybench:fact-mh-262k:context-0/factconsolidation_mh_262k_no49,False,,,False
Run 3,agentmemorybench:fact-mh-262k:context-0/factconsolidation_mh_262k_no49,2,5,0.4,0.0,1.6874999850988388,0.8437181676564018,1.0,True,False,0.08838832657489419,Run 3::agentmemorybench:fact-mh-262k:context-0/factconsolidation_mh_262k_no49,True,0.0,6.187499794177711,False
Run 3,agentmemorybench:fact-mh-262k:context-0/factconsolidation_mh_262k_no49,3,5,0.6,0.5,3.187499962747097,0.9602926910314953,1.0,True,False,0.08838829496475781,Run 3::agentmemorybench:fact-mh-262k:context-0/factconsolidation_mh_262k_no49,True,0.5,1.4999999776482582,True
Run 3,agentmemorybench:fact-mh-262k:context-0/factconsolidation_mh_262k_no49,4,5,0.8,0.5,2.7500000707805157,0.93991335382341,1.0,True,False,2.634178031930877e-08,Run 3::agentmemorybench:fact-mh-262k:context-0/factconsolidation_mh_262k_no49,True,0.0,-0.43749989196658134,False
Run 3,agentmemorybench:fact-mh-262k:context-0/factconsolidation_mh_262k_no49,5,5,1.0,1.0,5.687500122003257,0.9966168577122002,1.0,True,False,0.08838826104971564,Run 3::agentmemorybench:fact-mh-262k:context-0/factconsolidation_mh_262k_no49,True,0.5,2.9375000512227416,True
Run 3,agentmemorybench:fact-mh-262k:context-0/factconsolidation_mh_262k_no5,1,7,0.1428571428571428,0.0,-4.9999997965060174,0.0066928522771245,0.0,True,False,0.0,Run 3::agentmemorybench:fact-mh-262k:context-0/factconsolidation_mh_262k_no5,False,,,False
Run 3,agentmemorybench:fact-mh-262k:context-0/factconsolidation_mh_262k_no5,2,7,0.2857142857142857,0.0,-0.375,0.4073334000459302,0.0,True,False,0.0,Run 3::agentmemorybench:fact-mh-262k:context-0/factconsolidation_mh_262k_no5,False,0.0,4.6249997965060174,False
Run 3,agentmemorybench:fact-mh-262k:context-0/factconsolidation_mh_262k_no5,3,7,0.4285714285714285,0.25,0.375,0.5926665999540697,1.0,True,False,0.0,Run 3::agentmemorybench:fact-mh-262k:context-0/factconsolidation_mh_262k_no5,True,0.25,0.75,True
Run 3,agentmemorybench:fact-mh-262k:context-0/factconsolidation_mh_262k_no5,4,7,0.5714285714285714,0.25,0.5,0.6224593312018546,1.0,True,False,0.0,Run 3::agentmemorybench:fact-mh-262k:context-0/factconsolidation_mh_262k_no5,True,0.0,0.125,False
Run 3,agentmemorybench:fact-mh-262k:context-0/factconsolidation_mh_262k_no5,5,7,0.7142857142857143,1.0,3.4375000381842256,0.9688008966877805,1.0,True,False,0.08838826467171028,Run 3::agentmemorybench:fact-mh-262k:context-0/factconsolidation_mh_262k_no5,True,0.75,2.9375000381842256,True
Run 3,agentmemorybench:fact-mh-262k:context-0/factconsolidation_mh_262k_no5,6,7,0.8571428571428571,1.0,3.687500100582838,0.9755326388572061,1.0,True,False,0.08838833711160647,Run 3::agentmemorybench:fact-mh-262k:context-0/factconsolidation_mh_262k_no5,True,0.0,0.2500000623986125,False
Run 3,agentmemorybench:fact-mh-262k:context-0/factconsolidation_mh_262k_no5,7,7,1.0,1.0,6.625000046333298,0.998674977644098,1.0,True,False,0.0,Run 3::agentmemorybench:fact-mh-262k:context-0/factconsolidation_mh_262k_no5,True,0.0,2.93749994575046,False
Run 3,agentmemorybench:fact-mh-262k:context-0/factconsolidation_mh_262k_no50,1,5,0.2,0.0,-4.437499848660082,0.0117092984717926,0.0,True,False,0.08838830484292542,Run 3::agentmemorybench:fact-mh-262k:context-0/factconsolidation_mh_262k_no50,False,,,False
Run 3,agentmemorybench:fact-mh-262k:context-0/factconsolidation_mh_262k_no50,2,5,0.4,0.0,0.8749999552965164,0.70578501855422,1.0,True,False,2.1073424255447017e-08,Run 3::agentmemorybench:fact-mh-262k:context-0/factconsolidation_mh_262k_no50,True,0.0,5.312499803956598,False
Run 3,agentmemorybench:fact-mh-262k:context-0/factconsolidation_mh_262k_no50,3,5,0.6,0.5,1.4999999850988388,0.8175744739711882,1.0,True,False,6.322027276634104e-08,Run 3::agentmemorybench:fact-mh-262k:context-0/factconsolidation_mh_262k_no50,True,0.5,0.6250000298023224,True
Run 3,agentmemorybench:fact-mh-262k:context-0/factconsolidation_mh_262k_no50,4,5,0.8,0.5,2.5624999180436134,0.9282975590454312,1.0,True,False,0.08838831603818206,Run 3::agentmemorybench:fact-mh-262k:context-0/factconsolidation_mh_262k_no50,True,0.0,1.0624999329447746,False
Run 3,agentmemorybench:fact-mh-262k:context-0/factconsolidation_mh_262k_no50,5,5,1.0,1.0,7.375000078289304,0.9993736658908952,1.0,True,False,0.0,Run 3::agentmemorybench:fact-mh-262k:context-0/factconsolidation_mh_262k_no50,True,0.5,4.8125001602456905,True
Run 3,agentmemorybench:fact-mh-262k:context-0/factconsolidation_mh_262k_no51,1,5,0.2,0.0,-4.375000011175871,0.0124316507159784,0.0,False,False,0.0,Run 3::agentmemorybench:fact-mh-262k:context-0/factconsolidation_mh_262k_no51,False,,,False
Run 3,agentmemorybench:fact-mh-262k:context-0/factconsolidation_mh_262k_no51,2,5,0.4,0.0,1.4374999925494194,0.8078806259443512,1.0,False,False,0.08838831603818206,Run 3::agentmemorybench:fact-mh-262k:context-0/factconsolidation_mh_262k_no51,True,0.0,5.81250000372529,False
Run 3,agentmemorybench:fact-mh-262k:context-0/factconsolidation_mh_262k_no51,3,5,0.6,0.5,2.6874999664723873,0.9361833273769364,1.0,False,False,0.08838833184325025,Run 3::agentmemorybench:fact-mh-262k:context-0/factconsolidation_mh_262k_no51,True,0.5,1.249999973922968,True
Run 3,agentmemorybench:fact-mh-262k:context-0/factconsolidation_mh_262k_no51,4,5,0.8,0.5,2.999999977648258,0.9525741258126562,1.0,False,False,0.0,Run 3::agentmemorybench:fact-mh-262k:context-0/factconsolidation_mh_262k_no51,True,0.0,0.3125000111758709,False
Run 3,agentmemorybench:fact-mh-262k:context-0/factconsolidation_mh_262k_no51,5,5,1.0,1.0,6.68749995023245,0.9987527336044231,1.0,False,False,0.0883882099301982,Run 3::agentmemorybench:fact-mh-262k:context-0/factconsolidation_mh_262k_no51,True,0.5,3.6874999725841917,True
Run 3,agentmemorybench:fact-mh-262k:context-0/factconsolidation_mh_262k_no52,1,5,0.2,0.0,-4.625000087544322,0.009708475639803552,0.0,True,False,1.7385575010743788e-07,Run 3::agentmemorybench:fact-mh-262k:context-0/factconsolidation_mh_262k_no52,False,,,False
Run 3,agentmemorybench:fact-mh-262k:context-0/factconsolidation_mh_262k_no52,2,5,0.4,0.0,4.187500076368451,0.9850149916364337,1.0,True,False,0.0883885267724246,Run 3::agentmemorybench:fact-mh-262k:context-0/factconsolidation_mh_262k_no52,True,0.0,8.812500163912773,False
Run 3,agentmemorybench:fact-mh-262k:context-0/factconsolidation_mh_262k_no52,3,5,0.6,0.0,1.7499999701976776,0.8519527982093666,1.0,True,False,4.2146848510894035e-08,Run 3::agentmemorybench:fact-mh-262k:context-0/factconsolidation_mh_262k_no52,True,0.0,-2.4375001061707735,False
Run 3,agentmemorybench:fact-mh-262k:context-0/factconsolidation_mh_262k_no52,4,5,0.8,0.0,3.5625000232830644,0.9723652067085595,1.0,True,False,0.08838829628184681,Run 3::agentmemorybench:fact-mh-262k:context-0/factconsolidation_mh_262k_no52,True,0.0,1.8125000530853868,False
Run 3,agentmemorybench:fact-mh-262k:context-0/factconsolidation_mh_262k_no52,5,5,1.0,0.0,8.124999925945303,0.9997040428645765,1.0,True,False,1.6852565549595275e-07,Run 3::agentmemorybench:fact-mh-262k:context-0/factconsolidation_mh_262k_no52,True,0.0,4.562499902662239,False
Run 3,agentmemorybench:fact-mh-262k:context-0/factconsolidation_mh_262k_no53,1,7,0.1428571428571428,0.0,-5.000000016763806,0.0066928508128381,0.0,False,True,0.0,Run 3::agentmemorybench:fact-mh-262k:context-0/factconsolidation_mh_262k_no53,False,,,False
Run 3,agentmemorybench:fact-mh-262k:context-0/factconsolidation_mh_262k_no53,2,7,0.2857142857142857,0.0,0.4375000149011612,0.6075629690797903,1.0,False,True,0.0883883687217427,Run 3::agentmemorybench:fact-mh-262k:context-0/factconsolidation_mh_262k_no53,True,0.0,5.4375000316649675,False
Run 3,agentmemorybench:fact-mh-262k:context-0/factconsolidation_mh_262k_no53,3,7,0.4285714285714285,0.0,0.7499999552965164,0.6791786894347276,1.0,False,True,2.1073424255447017e-08,Run 3::agentmemorybench:fact-mh-262k:context-0/factconsolidation_mh_262k_no53,True,0.0,0.3124999403953552,False
Run 3,agentmemorybench:fact-mh-262k:context-0/factconsolidation_mh_262k_no53,4,7,0.5714285714285714,0.3333333333333333,6.125000014202669,0.9978172835855876,1.0,False,True,1.6891666629756747e-07,Run 3::agentmemorybench:fact-mh-262k:context-0/factconsolidation_mh_262k_no53,True,0.3333333333333333,5.375000058906153,True
Run 3,agentmemorybench:fact-mh-262k:context-0/factconsolidation_mh_262k_no53,5,7,0.7142857142857143,0.3333333333333333,5.24999981909059,0.9947396785027995,1.0,False,True,0.1767767674072605,Run 3::agentmemorybench:fact-mh-262k:context-0/factconsolidation_mh_262k_no53,True,0.0,-0.8750001951120794,False
Run 3,agentmemorybench:fact-mh-262k:context-0/factconsolidation_mh_262k_no53,6,7,0.8571428571428571,0.3333333333333333,3.8125000512227416,0.9783451394198843,1.0,False,True,0.08838839111225597,Run 3::agentmemorybench:fact-mh-262k:context-0/factconsolidation_mh_262k_no53,True,0.0,-1.4374997678678483,False
Run 3,agentmemorybench:fact-mh-262k:context-0/factconsolidation_mh_262k_no53,7,7,1.0,0.3333333333333333,6.124999902502168,0.9978003208617824,1.0,False,True,0.1767767694652121,Run 3::agentmemorybench:fact-mh-262k:context-0/factconsolidation_mh_262k_no53,True,0.0,2.3124998512794264,False
Run 3,agentmemorybench:fact-mh-262k:context-0/factconsolidation_mh_262k_no54,1,6,0.1666666666666666,0.0,-4.9999998062849045,0.0066928522121139,0.0,True,False,0.0,Run 3::agentmemorybench:fact-mh-262k:context-0/factconsolidation_mh_262k_no54,False,,,False
Run 3,agentmemorybench:fact-mh-262k:context-0/factconsolidation_mh_262k_no54,2,6,0.3333333333333333,0.0,1.6250000596046448,0.8354835452961425,1.0,True,False,0.0,Run 3::agentmemorybench:fact-mh-262k:context-0/factconsolidation_mh_262k_no54,True,0.0,6.624999865889549,False
Run 3,agentmemorybench:fact-mh-262k:context-0/factconsolidation_mh_262k_no54,3,6,0.5,0.0,1.2500000298023224,0.7772998663336157,1.0,True,False,4.2146848510894035e-08,Run 3::agentmemorybench:fact-mh-262k:context-0/factconsolidation_mh_262k_no54,True,0.0,-0.3750000298023224,False
Run 3,agentmemorybench:fact-mh-262k:context-0/factconsolidation_mh_262k_no54,4,6,0.6666666666666666,0.3333333333333333,-0.6250000298023224,0.3486451285660856,0.0,True,False,0.0,Run 3::agentmemorybench:fact-mh-262k:context-0/factconsolidation_mh_262k_no54,False,0.3333333333333333,-1.8750000596046448,True
Run 3,agentmemorybench:fact-mh-262k:context-0/factconsolidation_mh_262k_no54,5,6,0.8333333333333334,0.3333333333333333,3.5625000540167093,0.9723652075712172,1.0,True,False,0.0883882633546219,Run 3::agentmemorybench:fact-mh-262k:context-0/factconsolidation_mh_262k_no54,True,0.0,4.187500083819032,False
Run 3,agentmemorybench:fact-mh-262k:context-0/factconsolidation_mh_262k_no54,6,6,1.0,1.0,7.749999855688657,0.9995694428565679,1.0,True,False,1.4405661112121984e-10,Run 3::agentmemorybench:fact-mh-262k:context-0/factconsolidation_mh_262k_no54,True,0.6666666666666667,4.187499801671947,True
Run 3,agentmemorybench:fact-mh-262k:context-0/factconsolidation_mh_262k_no55,1,6,0.1666666666666666,0.0,-3.749999947845936,0.0229773710808536,0.0,True,False,0.0,Run 3::agentmemorybench:fact-mh-262k:context-0/factconsolidation_mh_262k_no55,False,,,False
Run 3,agentmemorybench:fact-mh-262k:context-0/factconsolidation_mh_262k_no55,2,6,0.3333333333333333,0.0,0.125,0.5312093733737563,1.0,True,False,0.0,Run 3::agentmemorybench:fact-mh-262k:context-0/factconsolidation_mh_262k_no55,True,0.0,3.874999947845936,False
Run 3,agentmemorybench:fact-mh-262k:context-0/factconsolidation_mh_262k_no55,3,6,0.5,0.25,0.25,0.5621765008857981,1.0,True,False,0.0,Run 3::agentmemorybench:fact-mh-262k:context-0/factconsolidation_mh_262k_no55,True,0.25,0.125,True
Run 3,agentmemorybench:fact-mh-262k:context-0/factconsolidation_mh_262k_no55,4,6,0.6666666666666666,0.75,2.124999925494194,0.8933093989533707,1.0,True,False,4.2146848510894035e-08,Run 3::agentmemorybench:fact-mh-262k:context-0/factconsolidation_mh_262k_no55,True,0.5,1.874999925494194,True
Run 3,agentmemorybench:fact-mh-262k:context-0/factconsolidation_mh_262k_no55,5,6,0.8333333333333334,0.75,2.3749999552965164,0.9149009515124917,1.0,True,False,7.375698536509229e-08,Run 3::agentmemorybench:fact-mh-262k:context-0/factconsolidation_mh_262k_no55,True,0.0,0.2500000298023224,False
Run 3,agentmemorybench:fact-mh-262k:context-0/factconsolidation_mh_262k_no55,6,6,1.0,1.0,2.999999975785613,0.9525741257285079,1.0,True,False,8.692787505371894e-08,Run 3::agentmemorybench:fact-mh-262k:context-0/factconsolidation_mh_262k_no55,True,0.25,0.6250000204890966,True
Run 3,agentmemorybench:fact-mh-262k:context-0/factconsolidation_mh_262k_no56,1,3,0.3333333333333333,0.0,-3.624999955296517,0.0259573583280606,0.0,False,True,0.0,Run 3::agentmemorybench:fact-mh-262k:context-0/factconsolidation_mh_262k_no56,False,,,False
Run 3,agentmemorybench:fact-mh-262k:context-0/factconsolidation_mh_262k_no56,2,3,0.6666666666666666,0.0,1.6249999925494194,0.8354835360793487,1.0,False,True,1.0536712127723509e-08,Run 3::agentmemorybench:fact-mh-262k:context-0/factconsolidation_mh_262k_no56,True,0.0,5.249999947845936,False
Run 3,agentmemorybench:fact-mh-262k:context-0/factconsolidation_mh_262k_no56,3,3,1.0,1.0,6.500000036612619,0.99848712763879,1.0,False,True,0.17677671184256763,Run 3::agentmemorybench:fact-mh-262k:context-0/factconsolidation_mh_262k_no56,True,1.0,4.875000044063199,True
Run 3,agentmemorybench:fact-mh-262k:context-0/factconsolidation_mh_262k_no57,1,14,0.0714285714285714,0.0,-5.874999871477485,0.0028009273260948,0.0,False,True,0.0,Run 3::agentmemorybench:fact-mh-262k:context-0/factconsolidation_mh_262k_no57,False,,,False
Run 3,agentmemorybench:fact-mh-262k:context-0/factconsolidation_mh_262k_no57,2,14,0.1428571428571428,0.0,0.0,0.5,0.0,False,True,0.0,Run 3::agentmemorybench:fact-mh-262k:context-0/factconsolidation_mh_262k_no57,False,0.0,5.874999871477485,False
Run 3,agentmemorybench:fact-mh-262k:context-0/factconsolidation_mh_262k_no57,3,14,0.2142857142857142,0.3333333333333333,1.5624999776482582,0.8265290035762755,1.0,False,True,0.08838831603818206,Run 3::agentmemorybench:fact-mh-262k:context-0/factconsolidation_mh_262k_no57,True,0.3333333333333333,1.5624999776482582,True
Run 3,agentmemorybench:fact-mh-262k:context-0/factconsolidation_mh_262k_no57,4,14,0.2857142857142857,0.3333333333333333,3.3125,0.9647935671849849,1.0,False,True,0.08838831076982599,Run 3::agentmemorybench:fact-mh-262k:context-0/factconsolidation_mh_262k_no57,True,0.0,1.7500000223517418,False
Run 3,agentmemorybench:fact-mh-262k:context-0/factconsolidation_mh_262k_no57,5,14,0.3571428571428571,0.3333333333333333,2.81249993853271,0.9432550066078574,1.0,False,True,0.08838840296605711,Run 3::agentmemorybench:fact-mh-262k:context-0/factconsolidation_mh_262k_no57,True,0.0,-0.5000000614672899,False
Run 3,agentmemorybench:fact-mh-262k:context-0/factconsolidation_mh_262k_no57,6,14,0.4285714285714285,1.0,5.999999836087227,0.997508177868313,1.0,False,True,0.1767767782732449,Run 3::agentmemorybench:fact-mh-262k:context-0/factconsolidation_mh_262k_no57,True,0.6666666666666667,3.187499897554517,True
Run 3,agentmemorybench:fact-mh-262k:context-0/factconsolidation_mh_262k_no57,7,14,0.5,1.0,0.7499999850988388,0.6791786959285044,1.0,False,True,6.322027276634104e-08,Run 3::agentmemorybench:fact-mh-262k:context-0/factconsolidation_mh_262k_no57,True,0.0,-5.249999850988388,False
Run 3,agentmemorybench:fact-mh-262k:context-0/factconsolidation_mh_262k_no57,8,14,0.5714285714285714,1.0,-2.2499999813735485,0.09534946650578904,0.0,False,True,1.0009876521337333e-07,Run 3::agentmemorybench:fact-mh-262k:context-0/factconsolidation_mh_262k_no57,False,0.0,-2.9999999664723873,False
Run 3,agentmemorybench:fact-mh-262k:context-0/factconsolidation_mh_262k_no57,9,14,0.6428571428571429,1.0,-3.4999999990686774,0.0295216680167034,0.0,False,True,0.17677677827324503,Run 3::agentmemorybench:fact-mh-262k:context-0/factconsolidation_mh_262k_no57,False,0.0,-1.250000017695129,False
Run 3,agentmemorybench:fact-mh-262k:context-0/factconsolidation_mh_262k_no57,10,14,0.7142857142857143,1.0,-4.374999945517629,0.012525285565824,0.0,False,True,0.17677674732165302,Run 3::agentmemorybench:fact-mh-262k:context-0/factconsolidation_mh_262k_no57,False,0.0,-0.874999946448952,False
Run 3,agentmemorybench:fact-mh-262k:context-0/factconsolidation_mh_262k_no57,11,14,0.7857142857142857,1.0,-3.0624999906867743,0.044756801066916596,0.0,False,True,0.0883884187711253,Run 3::agentmemorybench:fact-mh-262k:context-0/factconsolidation_mh_262k_no57,False,0.0,1.3124999548308551,False
Run 3,agentmemorybench:fact-mh-262k:context-0/factconsolidation_mh_262k_no57,12,14,0.8571428571428571,1.0,-3.3750000428408384,0.03308597701817015,0.0,False,True,1.843924622351614e-08,Run 3::agentmemorybench:fact-mh-262k:context-0/factconsolidation_mh_262k_no57,False,0.0,-0.3125000521540642,False
Run 3,agentmemorybench:fact-mh-262k:context-0/factconsolidation_mh_262k_no57,13,14,0.9285714285714286,1.0,-3.812499929219484,0.021654863142266098,0.0,False,True,0.08838836608756466,Run 3::agentmemorybench:fact-mh-262k:context-0/factconsolidation_mh_262k_no57,False,0.0,-0.43749988637864545,False
Run 3,agentmemorybench:fact-mh-262k:context-0/factconsolidation_mh_262k_no57,14,14,1.0,1.0,-3.437500043772161,0.03119910317299735,0.0,False,True,0.08838828837931272,Run 3::agentmemorybench:fact-mh-262k:context-0/factconsolidation_mh_262k_no57,False,0.0,0.3749998854473229,False
Run 3,agentmemorybench:fact-mh-262k:context-0/factconsolidation_mh_262k_no58,1,10,0.1,0.0,-3.875000066123903,0.020481788919702502,0.0,False,False,0.1767768783720101,Run 3::agentmemorybench:fact-mh-262k:context-0/factconsolidation_mh_262k_no58,False,,,False
Run 3,agentmemorybench:fact-mh-262k:context-0/factconsolidation_mh_262k_no58,2,10,0.2,0.0,-0.6249999850988388,0.34864513871787584,0.0,False,False,2.1073424255447017e-08,Run 3::agentmemorybench:fact-mh-262k:context-0/factconsolidation_mh_262k_no58,False,0.0,3.250000081025064,False
Run 3,agentmemorybench:fact-mh-262k:context-0/factconsolidation_mh_262k_no58,3,10,0.3,0.5,1.9999999031424522,0.8807970678084608,1.0,False,False,1.0536712127723509e-08,Run 3::agentmemorybench:fact-mh-262k:context-0/factconsolidation_mh_262k_no58,True,0.5,2.624999888241291,True
Run 3,agentmemorybench:fact-mh-262k:context-0/factconsolidation_mh_262k_no58,4,10,0.4,0.5,0.1875,0.5466929371297772,1.0,False,False,0.08838834764831845,Run 3::agentmemorybench:fact-mh-262k:context-0/factconsolidation_mh_262k_no58,True,0.0,-1.8124999031424522,False
Run 3,agentmemorybench:fact-mh-262k:context-0/factconsolidation_mh_262k_no58,5,10,0.5,0.5,-0.7499999850988388,0.3208213040714954,0.0,False,False,2.1073424255447017e-08,Run 3::agentmemorybench:fact-mh-262k:context-0/factconsolidation_mh_262k_no58,False,0.0,-0.9374999850988388,False
Run 3,agentmemorybench:fact-mh-262k:context-0/factconsolidation_mh_262k_no58,6,10,0.6,0.5,-0.125,0.4687906266262437,0.0,False,False,0.0,Run 3::agentmemorybench:fact-mh-262k:context-0/factconsolidation_mh_262k_no58,False,0.0,0.6249999850988388,False
Run 3,agentmemorybench:fact-mh-262k:context-0/factconsolidation_mh_262k_no58,7,10,0.7,0.5,-1.2500000223517418,0.2234491137392129,0.0,False,False,0.17677668475992475,Run 3::agentmemorybench:fact-mh-262k:context-0/factconsolidation_mh_262k_no58,False,0.0,-1.1250000223517418,False
Run 3,agentmemorybench:fact-mh-262k:context-0/factconsolidation_mh_262k_no58,8,10,0.8,0.5,-0.9999999850988388,0.2689414242997412,0.0,False,False,2.1073424255447017e-08,Run 3::agentmemorybench:fact-mh-262k:context-0/factconsolidation_mh_262k_no58,False,0.0,0.250000037252903,False
Run 3,agentmemorybench:fact-mh-262k:context-0/factconsolidation_mh_262k_no58,9,10,0.9,0.5,-1.5625000074505806,0.1734709923273715,0.0,False,False,0.08838835818503057,Run 3::agentmemorybench:fact-mh-262k:context-0/factconsolidation_mh_262k_no58,False,0.0,-0.5625000223517418,False
Run 3,agentmemorybench:fact-mh-262k:context-0/factconsolidation_mh_262k_no58,10,10,1.0,0.5,-2.1250000409781933,0.10669059004011339,0.0,False,False,5.268356063861754e-09,Run 3::agentmemorybench:fact-mh-262k:context-0/factconsolidation_mh_262k_no58,False,0.0,-0.5625000335276127,False
Run 3,agentmemorybench:fact-mh-262k:context-0/factconsolidation_mh_262k_no59,1,4,0.25,0.0,-5.625000216765329,0.003593601805251,0.0,False,False,0.0,Run 3::agentmemorybench:fact-mh-262k:context-0/factconsolidation_mh_262k_no59,False,,,False
Run 3,agentmemorybench:fact-mh-262k:context-0/factconsolidation_mh_262k_no59,2,4,0.5,0.0,-0.1875,0.4533070628702228,0.0,False,False,0.08838834764831845,Run 3::agentmemorybench:fact-mh-262k:context-0/factconsolidation_mh_262k_no59,False,0.0,5.437500216765329,False
Run 3,agentmemorybench:fact-mh-262k:context-0/factconsolidation_mh_262k_no59,3,4,0.75,0.0,2.4999999962747097,0.9241418197175998,1.0,False,False,4.7415204574755785e-08,Run 3::agentmemorybench:fact-mh-262k:context-0/factconsolidation_mh_262k_no59,True,0.0,2.6874999962747097,False
Run 3,agentmemorybench:fact-mh-262k:context-0/factconsolidation_mh_262k_no59,4,4,1.0,0.5,7.937500244137482,0.999642332760873,1.0,False,False,0.08838858902546012,Run 3::agentmemorybench:fact-mh-262k:context-0/factconsolidation_mh_262k_no59,True,0.5,5.437500247862772,True
Run 3,agentmemorybench:fact-mh-262k:context-0/factconsolidation_mh_262k_no6,1,3,0.3333333333333333,0.0,-3.6250000596046448,0.0259573556907785,0.0,True,False,0.0,Run 3::agentmemorybench:fact-mh-262k:context-0/factconsolidation_mh_262k_no6,False,,,False
Run 3,agentmemorybench:fact-mh-262k:context-0/factconsolidation_mh_262k_no6,2,3,0.6666666666666666,0.0,3.625000096857548,0.9740426452511078,1.0,True,False,0.0,Run 3::agentmemorybench:fact-mh-262k:context-0/factconsolidation_mh_262k_no6,True,0.0,7.2500001564621925,False
Run 3,agentmemorybench:fact-mh-262k:context-0/factconsolidation_mh_262k_no6,3,3,1.0,1.0,8.250000214160536,0.9997388097368263,1.0,True,False,2.5281935251774083e-07,Run 3::agentmemorybench:fact-mh-262k:context-0/factconsolidation_mh_262k_no6,True,1.0,4.625000117302989,True
Run 3,agentmemorybench:fact-mh-262k:context-0/factconsolidation_mh_262k_no60,1,5,0.2,0.0,-3.8125000298023224,0.0216548610657047,0.0,True,False,0.0883884266736594,Run 3::agentmemorybench:fact-mh-262k:context-0/factconsolidation_mh_262k_no60,False,,,False
Run 3,agentmemorybench:fact-mh-262k:context-0/factconsolidation_mh_262k_no60,2,5,0.4,0.0,2.812499977648258,0.9425137161019067,1.0,True,False,0.2651651272386523,Run 3::agentmemorybench:fact-mh-262k:context-0/factconsolidation_mh_262k_no60,True,0.0,6.625000007450581,False
Run 3,agentmemorybench:fact-mh-262k:context-0/factconsolidation_mh_262k_no60,3,5,0.6,0.5,0.9374999701976776,0.7184217973740158,1.0,True,False,0.08838830550146994,Run 3::agentmemorybench:fact-mh-262k:context-0/factconsolidation_mh_262k_no60,True,0.5,-1.8750000074505806,True
Run 3,agentmemorybench:fact-mh-262k:context-0/factconsolidation_mh_262k_no60,4,5,0.8,0.5,3.93749987706542,0.9808407161636594,1.0,True,False,0.08838818959763653,Run 3::agentmemorybench:fact-mh-262k:context-0/factconsolidation_mh_262k_no60,True,0.0,2.9999999068677425,False
Run 3,agentmemorybench:fact-mh-262k:context-0/factconsolidation_mh_262k_no60,5,5,1.0,1.0,8.687499776249751,0.9998310178679909,1.0,True,False,0.08838834511703798,Run 3::agentmemorybench:fact-mh-262k:context-0/factconsolidation_mh_262k_no60,True,0.5,4.749999899184331,True
Run 3,agentmemorybench:fact-mh-262k:context-0/factconsolidation_mh_262k_no61,1,4,0.25,0.0,-4.875000046798959,0.007635167831086051,0.0,True,False,0.17677672065060043,Run 3::agentmemorybench:fact-mh-262k:context-0/factconsolidation_mh_262k_no61,False,,,False
Run 3,agentmemorybench:fact-mh-262k:context-0/factconsolidation_mh_262k_no61,2,4,0.5,0.0,3.124999962747097,0.9579122705824801,1.0,True,False,1.580506819158526e-08,Run 3::agentmemorybench:fact-mh-262k:context-0/factconsolidation_mh_262k_no61,True,0.0,8.000000009546056,False
Run 3,agentmemorybench:fact-mh-262k:context-0/factconsolidation_mh_262k_no61,3,4,0.75,0.0,2.0624999701976776,0.8870532393922204,1.0,True,False,0.08838824228119717,Run 3::agentmemorybench:fact-mh-262k:context-0/factconsolidation_mh_262k_no61,True,0.0,-1.0624999925494194,False
Run 3,agentmemorybench:fact-mh-262k:context-0/factconsolidation_mh_262k_no61,4,4,1.0,1.0,6.624999956402462,0.9986646536980914,1.0,True,False,0.17677654885280192,Run 3::agentmemorybench:fact-mh-262k:context-0/factconsolidation_mh_262k_no61,True,1.0,4.562499986204784,True
Run 3,agentmemorybench:fact-mh-262k:context-0/factconsolidation_mh_262k_no62,1,4,0.25,0.0,-4.250000151339918,0.01416901925783115,0.0,True,False,0.17677676971216627,Run 3::agentmemorybench:fact-mh-262k:context-0/factconsolidation_mh_262k_no62,False,,,False
Run 3,agentmemorybench:fact-mh-262k:context-0/factconsolidation_mh_262k_no62,2,4,0.5,0.0,0.5625000149011612,0.6369071013178845,1.0,True,False,0.0883883687217427,Run 3::agentmemorybench:fact-mh-262k:context-0/factconsolidation_mh_262k_no62,True,0.0,4.81250016624108,False
Run 3,agentmemorybench:fact-mh-262k:context-0/factconsolidation_mh_262k_no62,3,4,0.75,0.0,2.250000037252903,0.9046505383142492,1.0,True,False,3.161013638317052e-08,Run 3::agentmemorybench:fact-mh-262k:context-0/factconsolidation_mh_262k_no62,True,0.0,1.6875000223517418,False
Run 3,agentmemorybench:fact-mh-262k:context-0/factconsolidation_mh_262k_no62,4,4,1.0,1.0,7.500000034982804,0.9994472213824036,1.0,True,False,1.6866971210707397e-07,Run 3::agentmemorybench:fact-mh-262k:context-0/factconsolidation_mh_262k_no62,True,1.0,5.249999997729901,True
Run 3,agentmemorybench:fact-mh-262k:context-0/factconsolidation_mh_262k_no63,1,7,0.1428571428571428,0.0,-4.1250001871958375,0.01590638878156765,0.0,False,True,2.2390513271412453e-08,Run 3::agentmemorybench:fact-mh-262k:context-0/factconsolidation_mh_262k_no63,False,,,False
Run 3,agentmemorybench:fact-mh-262k:context-0/factconsolidation_mh_262k_no63,2,7,0.2857142857142857,0.0,0.0,0.5,0.0,False,True,0.0,Run 3::agentmemorybench:fact-mh-262k:context-0/factconsolidation_mh_262k_no63,False,0.0,4.1250001871958375,False
Run 3,agentmemorybench:fact-mh-262k:context-0/factconsolidation_mh_262k_no63,3,7,0.4285714285714285,0.25,2.3124999664723873,0.9097757425304548,1.0,False,True,0.08838826862297748,Run 3::agentmemorybench:fact-mh-262k:context-0/factconsolidation_mh_262k_no63,True,0.25,2.3124999664723873,True
Run 3,agentmemorybench:fact-mh-262k:context-0/factconsolidation_mh_262k_no63,4,7,0.5714285714285714,0.25,0.7500000298023224,0.6791787056691698,1.0,False,True,4.2146848510894035e-08,Run 3::agentmemorybench:fact-mh-262k:context-0/factconsolidation_mh_262k_no63,True,0.0,-1.562499936670065,False
Run 3,agentmemorybench:fact-mh-262k:context-0/factconsolidation_mh_262k_no63,5,7,0.7142857142857143,0.5,1.4374999552965164,0.8078806199434805,1.0,False,True,0.0883883687217427,Run 3::agentmemorybench:fact-mh-262k:context-0/factconsolidation_mh_262k_no63,True,0.25,0.687499925494194,True
Run 3,agentmemorybench:fact-mh-262k:context-0/factconsolidation_mh_262k_no63,6,7,0.8571428571428571,0.5,2.250000089406967,0.9046505428129514,1.0,False,True,3.161013622616128e-08,Run 3::agentmemorybench:fact-mh-262k:context-0/factconsolidation_mh_262k_no63,True,0.0,0.8125001341104507,False
Run 3,agentmemorybench:fact-mh-262k:context-0/factconsolidation_mh_262k_no63,7,7,1.0,0.75,3.5624999729916453,0.9723652053632181,1.0,False,True,0.08838829101349029,Run 3::agentmemorybench:fact-mh-262k:context-0/factconsolidation_mh_262k_no63,True,0.25,1.3124998835846782,True
Run 3,agentmemorybench:fact-mh-262k:context-0/factconsolidation_mh_262k_no64,1,7,0.1428571428571428,0.0,-3.374999910593033,0.033085981248949,0.0,False,False,0.0,Run 3::agentmemorybench:fact-mh-262k:context-0/factconsolidation_mh_262k_no64,False,,,False
Run 3,agentmemorybench:fact-mh-262k:context-0/factconsolidation_mh_262k_no64,2,7,0.2857142857142857,0.0,3.1250000167638063,0.9579122727602367,1.0,False,False,6.585445079827193e-08,Run 3::agentmemorybench:fact-mh-262k:context-0/factconsolidation_mh_262k_no64,True,0.0,6.499999927356839,False
Run 3,agentmemorybench:fact-mh-262k:context-0/factconsolidation_mh_262k_no64,3,7,0.4285714285714285,0.5,7.499999915307853,0.9994472213162862,1.0,False,False,1.6866971210707397e-07,Run 3::agentmemorybench:fact-mh-262k:context-0/factconsolidation_mh_262k_no64,True,0.5,4.374999898544047,True
Run 3,agentmemorybench:fact-mh-262k:context-0/factconsolidation_mh_262k_no64,4,7,0.5714285714285714,0.5,2.8124999944120646,0.9432550100175381,1.0,False,False,0.08838820276852653,Run 3::agentmemorybench:fact-mh-262k:context-0/factconsolidation_mh_262k_no64,True,0.0,-4.687499920895789,False
Run 3,agentmemorybench:fact-mh-262k:context-0/factconsolidation_mh_262k_no64,5,7,0.7142857142857143,1.0,4.3749997853301466,0.9875683465112897,1.0,False,False,1.2512345651671666e-08,Run 3::agentmemorybench:fact-mh-262k:context-0/factconsolidation_mh_262k_no64,True,0.5,1.562499790918082,True
Run 3,agentmemorybench:fact-mh-262k:context-0/factconsolidation_mh_262k_no64,6,7,0.8571428571428571,1.0,3.5000000279396772,0.9706877700436118,1.0,False,False,1.580506819158526e-08,Run 3::agentmemorybench:fact-mh-262k:context-0/factconsolidation_mh_262k_no64,True,0.0,-0.8749997573904693,False
Run 3,agentmemorybench:fact-mh-262k:context-0/factconsolidation_mh_262k_no64,7,7,1.0,1.0,4.875000094529241,0.9924227594429826,1.0,False,False,7.90253409579263e-09,Run 3::agentmemorybench:fact-mh-262k:context-0/factconsolidation_mh_262k_no64,True,0.0,1.375000066589564,False
Run 3,agentmemorybench:fact-mh-262k:context-0/factconsolidation_mh_262k_no65,1,5,0.2,0.0,-4.0000000558793545,0.017986208975111002,0.0,False,False,1.4487979175619824e-07,Run 3::agentmemorybench:fact-mh-262k:context-0/factconsolidation_mh_262k_no65,False,,,False
Run 3,agentmemorybench:fact-mh-262k:context-0/factconsolidation_mh_262k_no65,2,5,0.4,0.0,0.6875000298023224,0.6652667884145004,1.0,False,False,0.08838838979516696,Run 3::agentmemorybench:fact-mh-262k:context-0/factconsolidation_mh_262k_no65,True,0.0,4.687500085681677,False
Run 3,agentmemorybench:fact-mh-262k:context-0/factconsolidation_mh_262k_no65,3,5,0.6,0.5,3.8125000074505806,0.978345138555059,1.0,False,False,0.08838832130653812,Run 3::agentmemorybench:fact-mh-262k:context-0/factconsolidation_mh_262k_no65,True,0.5,3.124999977648258,True
Run 3,agentmemorybench:fact-mh-262k:context-0/factconsolidation_mh_262k_no65,4,5,0.8,0.5,2.187499914318323,0.898979962714912,1.0,False,False,0.0883883739900986,Run 3::agentmemorybench:fact-mh-262k:context-0/factconsolidation_mh_262k_no65,True,0.0,-1.6250000931322575,False
Run 3,agentmemorybench:fact-mh-262k:context-0/factconsolidation_mh_262k_no65,5,5,1.0,1.0,5.312500189524144,0.9950851519812711,1.0,False,False,0.08838839045371145,Run 3::agentmemorybench:fact-mh-262k:context-0/factconsolidation_mh_262k_no65,True,0.5,3.125000275205821,True
Run 3,agentmemorybench:fact-mh-262k:context-0/factconsolidation_mh_262k_no66,1,5,0.2,0.0,-4.374999833293259,0.0124316528998621,0.0,True,False,0.0,Run 3::agentmemorybench:fact-mh-262k:context-0/factconsolidation_mh_262k_no66,False,,,False
Run 3,agentmemorybench:fact-mh-262k:context-0/factconsolidation_mh_262k_no66,2,5,0.4,0.0,2.8750000167638063,0.9465966710476098,1.0,True,False,1.843924622351614e-08,Run 3::agentmemorybench:fact-mh-262k:context-0/factconsolidation_mh_262k_no66,True,0.0,7.2499998500570655,False
Run 3,agentmemorybench:fact-mh-262k:context-0/factconsolidation_mh_262k_no66,3,5,0.6,0.5,7.56249995843973,0.9994796821010196,1.0,True,False,0.08838823923542881,Run 3::agentmemorybench:fact-mh-262k:context-0/factconsolidation_mh_262k_no66,True,0.5,4.687499941675924,True
Run 3,agentmemorybench:fact-mh-262k:context-0/factconsolidation_mh_262k_no66,4,5,0.8,0.5,2.5000000037252903,0.9241418202399128,1.0,True,False,1.5278232585199085e-07,Run 3::agentmemorybench:fact-mh-262k:context-0/factconsolidation_mh_262k_no66,True,0.0,-5.06249995471444,False
Run 3,agentmemorybench:fact-mh-262k:context-0/factconsolidation_mh_262k_no66,5,5,1.0,1.0,6.562500111642294,0.9985868978158392,1.0,True,False,0.08838842371020911,Run 3::agentmemorybench:fact-mh-262k:context-0/factconsolidation_mh_262k_no66,True,0.5,4.062500107917003,True
Run 3,agentmemorybench:fact-mh-262k:context-0/factconsolidation_mh_262k_no67,1,4,0.25,0.0,-5.125000073108822,0.005911068426647,0.0,False,False,0.0,Run 3::agentmemorybench:fact-mh-262k:context-0/factconsolidation_mh_262k_no67,False,,,False
Run 3,agentmemorybench:fact-mh-262k:context-0/factconsolidation_mh_262k_no67,2,4,0.5,0.0,1.3749999478459358,0.7981867693384022,1.0,False,False,1.0536712127723509e-08,Run 3::agentmemorybench:fact-mh-262k:context-0/factconsolidation_mh_262k_no67,True,0.0,6.500000020954758,False
Run 3,agentmemorybench:fact-mh-262k:context-0/factconsolidation_mh_262k_no67,3,4,0.75,0.0,0.375,0.5926665999540697,1.0,False,False,0.0,Run 3::agentmemorybench:fact-mh-262k:context-0/factconsolidation_mh_262k_no67,True,0.0,-0.9999999478459358,False
Run 3,agentmemorybench:fact-mh-262k:context-0/factconsolidation_mh_262k_no67,4,4,1.0,0.5,8.250000333340722,0.9997388097679469,1.0,False,False,8.42731175059136e-08,Run 3::agentmemorybench:fact-mh-262k:context-0/factconsolidation_mh_262k_no67,True,0.5,7.875000333340722,True
Run 3,agentmemorybench:fact-mh-262k:context-0/factconsolidation_mh_262k_no68,1,15,0.0666666666666666,0.0,-4.187500138767064,0.0149850072836012,0.0,True,False,0.08838827520842256,Run 3::agentmemorybench:fact-mh-262k:context-0/factconsolidation_mh_262k_no68,False,,,False
Run 3,agentmemorybench:fact-mh-262k:context-0/factconsolidation_mh_262k_no68,2,15,0.1333333333333333,0.0,0.9999999850988388,0.7310585757002588,1.0,True,False,2.1073424255447017e-08,Run 3::agentmemorybench:fact-mh-262k:context-0/factconsolidation_mh_262k_no68,True,0.0,5.187500123865902,False
Run 3,agentmemorybench:fact-mh-262k:context-0/factconsolidation_mh_262k_no68,3,15,0.2,0.0,1.5625000074505806,0.8265290079340467,1.0,True,False,0.08838829496475781,Run 3::agentmemorybench:fact-mh-262k:context-0/factconsolidation_mh_262k_no68,True,0.0,0.5625000223517418,False
Run 3,agentmemorybench:fact-mh-262k:context-0/factconsolidation_mh_262k_no68,4,15,0.2666666666666666,0.5,6.625000017520506,0.9986646537698326,1.0,True,False,0.1767766323233183,Run 3::agentmemorybench:fact-mh-262k:context-0/factconsolidation_mh_262k_no68,True,0.5,5.062500010069925,True
Run 3,agentmemorybench:fact-mh-262k:context-0/factconsolidation_mh_262k_no68,5,15,0.3333333333333333,0.5,6.312500166008249,0.9981862717662053,1.0,True,False,0.08838830945273697,Run 3::agentmemorybench:fact-mh-262k:context-0/factconsolidation_mh_262k_no68,True,0.0,-0.312499851512257,False
Run 3,agentmemorybench:fact-mh-262k:context-0/factconsolidation_mh_262k_no68,6,15,0.4,0.5,-0.6249999850988388,0.34864513871787584,0.0,True,False,2.1073424255447017e-08,Run 3::agentmemorybench:fact-mh-262k:context-0/factconsolidation_mh_262k_no68,False,0.0,-6.937500151107088,False
Run 3,agentmemorybench:fact-mh-262k:context-0/factconsolidation_mh_262k_no68,7,15,0.4666666666666667,1.0,4.937500052852556,0.9927557234631499,1.0,True,False,0.26516480817383825,Run 3::agentmemorybench:fact-mh-262k:context-0/factconsolidation_mh_262k_no68,True,0.5,5.562500037951395,True
Run 3,agentmemorybench:fact-mh-262k:context-0/factconsolidation_mh_262k_no68,8,15,0.5333333333333333,1.0,1.3750000074505806,0.7981867789397953,1.0,True,False,3.161013638317052e-08,Run 3::agentmemorybench:fact-mh-262k:context-0/factconsolidation_mh_262k_no68,True,0.0,-3.5625000454019755,False
Run 3,agentmemorybench:fact-mh-262k:context-0/factconsolidation_mh_262k_no68,9,15,0.6,1.0,3.062500013038516,0.955243200142027,1.0,True,False,0.08838827125715504,Run 3::agentmemorybench:fact-mh-262k:context-0/factconsolidation_mh_262k_no68,True,0.0,1.6875000055879354,False
Run 3,agentmemorybench:fact-mh-262k:context-0/factconsolidation_mh_262k_no68,10,15,0.6666666666666666,1.0,0.0625,0.5156046866868782,0.5,True,False,0.08838834764831845,Run 3::agentmemorybench:fact-mh-262k:context-0/factconsolidation_mh_262k_no68,True,0.0,-3.000000013038516,False
Run 3,agentmemorybench:fact-mh-262k:context-0/factconsolidation_mh_262k_no68,11,15,0.7333333333333333,1.0,0.6250000149011612,0.6513548680499843,1.0,True,False,2.1073424255447017e-08,Run 3::agentmemorybench:fact-mh-262k:context-0/factconsolidation_mh_262k_no68,True,0.0,0.5625000149011612,False
Run 3,agentmemorybench:fact-mh-262k:context-0/factconsolidation_mh_262k_no68,12,15,0.8,1.0,1.2499999850988388,0.7772998585952287,1.0,True,False,6.322027276634104e-08,Run 3::agentmemorybench:fact-mh-262k:context-0/factconsolidation_mh_262k_no68,True,0.0,0.6249999701976776,False
Run 3,agentmemorybench:fact-mh-262k:context-0/factconsolidation_mh_262k_no68,13,15,0.8666666666666667,1.0,0.25,0.5619379866639129,1.0,True,False,0.1767766952966369,Run 3::agentmemorybench:fact-mh-262k:context-0/factconsolidation_mh_262k_no68,True,0.0,-0.9999999850988388,False
Run 3,agentmemorybench:fact-mh-262k:context-0/factconsolidation_mh_262k_no68,14,15,0.9333333333333332,1.0,0.0625,0.5156046866868782,0.5,True,False,0.08838834764831845,Run 3::agentmemorybench:fact-mh-262k:context-0/factconsolidation_mh_262k_no68,True,0.0,-0.1875,False
Run 3,agentmemorybench:fact-mh-262k:context-0/factconsolidation_mh_262k_no68,15,15,1.0,1.0,-1.4375,0.19211937303336754,0.0,True,False,0.08838834764831845,Run 3::agentmemorybench:fact-mh-262k:context-0/factconsolidation_mh_262k_no68,False,0.0,-1.5,False
Run 3,agentmemorybench:fact-mh-262k:context-0/factconsolidation_mh_262k_no69,1,9,0.1111111111111111,0.0,-5.187499952502549,0.0055655975805689005,0.0,True,False,0.08838852479679109,Run 3::agentmemorybench:fact-mh-262k:context-0/factconsolidation_mh_262k_no69,False,,,False
Run 3,agentmemorybench:fact-mh-262k:context-0/factconsolidation_mh_262k_no69,2,9,0.2222222222222222,0.0,-0.4375,0.3924370344220378,0.0,True,False,0.08838834764831845,Run 3::agentmemorybench:fact-mh-262k:context-0/factconsolidation_mh_262k_no69,False,0.0,4.749999952502549,False
Run 3,agentmemorybench:fact-mh-262k:context-0/factconsolidation_mh_262k_no69,3,9,0.3333333333333333,0.25,-0.0625,0.4845164362439791,0.5,True,False,0.2651650429449553,Run 3::agentmemorybench:fact-mh-262k:context-0/factconsolidation_mh_262k_no69,False,0.25,0.375,True
Run 3,agentmemorybench:fact-mh-262k:context-0/factconsolidation_mh_262k_no69,4,9,0.4444444444444444,0.25,1.0625000149011612,0.7429867856785626,1.0,True,False,0.08838832657489419,Run 3::agentmemorybench:fact-mh-262k:context-0/factconsolidation_mh_262k_no69,True,0.0,1.1250000149011612,False
Run 3,agentmemorybench:fact-mh-262k:context-0/factconsolidation_mh_262k_no69,5,9,0.5555555555555556,0.25,0.7499999850988388,0.6785699428676026,1.0,True,False,0.17677671637006115,Run 3::agentmemorybench:fact-mh-262k:context-0/factconsolidation_mh_262k_no69,True,0.0,-0.3125000298023224,False
Run 3,agentmemorybench:fact-mh-262k:context-0/factconsolidation_mh_262k_no69,6,9,0.6666666666666666,0.5,1.3125,0.7877433196362702,1.0,True,False,0.08838830550146994,Run 3::agentmemorybench:fact-mh-262k:context-0/factconsolidation_mh_262k_no69,True,0.25,0.5625000149011612,True
Run 3,agentmemorybench:fact-mh-262k:context-0/factconsolidation_mh_262k_no69,7,9,0.7777777777777778,0.75,0.6874999552965164,0.6652667720430165,1.0,True,False,0.08838832657489419,Run 3::agentmemorybench:fact-mh-262k:context-0/factconsolidation_mh_262k_no69,True,0.25,-0.6250000447034836,True
Run 3,agentmemorybench:fact-mh-262k:context-0/factconsolidation_mh_262k_no69,8,9,0.8888888888888888,0.75,2.4375000335276127,0.919521390038466,1.0,True,False,0.08838832130653812,Run 3::agentmemorybench:fact-mh-262k:context-0/factconsolidation_mh_262k_no69,True,0.0,1.7500000782310963,False
Run 3,agentmemorybench:fact-mh-262k:context-0/factconsolidation_mh_262k_no69,9,9,1.0,1.0,5.750000117113814,0.996827317527901,1.0,True,False,8.396442476779671e-08,Run 3::agentmemorybench:fact-mh-262k:context-0/factconsolidation_mh_262k_no69,True,0.25,3.312500083586201,True
Run 3,agentmemorybench:fact-mh-262k:context-0/factconsolidation_mh_262k_no7,1,20,0.05,0.0,-4.4999997820705175,0.0109869449986652,0.0,False,False,0.0,Run 3::agentmemorybench:fact-mh-262k:context-0/factconsolidation_mh_262k_no7,False,,,False
Run 3,agentmemorybench:fact-mh-262k:context-0/factconsolidation_mh_262k_no7,2,20,0.1,0.0,-1.3749999552965164,0.2018132294614237,0.0,False,False,0.0,Run 3::agentmemorybench:fact-mh-262k:context-0/factconsolidation_mh_262k_no7,False,0.0,3.124999826774001,False
Run 3,agentmemorybench:fact-mh-262k:context-0/factconsolidation_mh_262k_no7,3,20,0.15,0.25,2.062499973922968,0.8870532393864425,1.0,False,False,0.0883883529166745,Run 3::agentmemorybench:fact-mh-262k:context-0/factconsolidation_mh_262k_no7,True,0.25,3.4374999292194843,True
Run 3,agentmemorybench:fact-mh-262k:context-0/factconsolidation_mh_262k_no7,4,20,0.2,0.25,-0.6249999850988388,0.34918098805826464,0.0,False,False,0.17677667422321264,Run 3::agentmemorybench:fact-mh-262k:context-0/factconsolidation_mh_262k_no7,False,0.0,-2.6874999590218067,False
Run 3,agentmemorybench:fact-mh-262k:context-0/factconsolidation_mh_262k_no7,5,20,0.25,0.5,-0.1875,0.4533070628702228,0.0,False,False,0.08838834764831845,Run 3::agentmemorybench:fact-mh-262k:context-0/factconsolidation_mh_262k_no7,False,0.25,0.4374999850988388,True
Run 3,agentmemorybench:fact-mh-262k:context-0/factconsolidation_mh_262k_no7,6,20,0.3,0.5,2.187500011175871,0.8989799715753404,1.0,False,False,0.0883883529166745,Run 3::agentmemorybench:fact-mh-262k:context-0/factconsolidation_mh_262k_no7,True,0.0,2.375000011175871,False
Run 3,agentmemorybench:fact-mh-262k:context-0/factconsolidation_mh_262k_no7,7,20,0.35,0.5,0.25,0.5621765008857981,1.0,False,False,0.0,Run 3::agentmemorybench:fact-mh-262k:context-0/factconsolidation_mh_262k_no7,True,0.0,-1.937500011175871,False
Run 3,agentmemorybench:fact-mh-262k:context-0/factconsolidation_mh_262k_no7,8,20,0.4,0.5,-1.3125,0.2122566803637298,0.0,False,False,0.08838830550146994,Run 3::agentmemorybench:fact-mh-262k:context-0/factconsolidation_mh_262k_no7,False,0.0,-1.5625,False
Run 3,agentmemorybench:fact-mh-262k:context-0/factconsolidation_mh_262k_no7,9,20,0.45,0.5,-1.625,0.1645164628965633,0.0,False,False,8.429369702178807e-08,Run 3::agentmemorybench:fact-mh-262k:context-0/factconsolidation_mh_262k_no7,False,0.0,-0.3125,False
Run 3,agentmemorybench:fact-mh-262k:context-0/factconsolidation_mh_262k_no7,10,20,0.5,0.5,-1.8125000074505806,0.14050571809422574,0.0,False,False,0.08838831603818206,Run 3::agentmemorybench:fact-mh-262k:context-0/factconsolidation_mh_262k_no7,False,0.0,-0.1875000074505806,False
Run 3,agentmemorybench:fact-mh-262k:context-0/factconsolidation_mh_262k_no7,11,20,0.55,0.5,-2.062499925494194,0.1129467653735239,0.0,False,False,0.08838832657489419,Run 3::agentmemorybench:fact-mh-262k:context-0/factconsolidation_mh_262k_no7,False,0.0,-0.24999991804361343,False
Run 3,agentmemorybench:fact-mh-262k:context-0/factconsolidation_mh_262k_no7,12,20,0.6,0.5,-2.437499899417162,0.0804786199697385,0.0,False,False,0.08838835291667435,Run 3::agentmemorybench:fact-mh-262k:context-0/factconsolidation_mh_262k_no7,False,0.0,-0.3749999739229679,False
Run 3,agentmemorybench:fact-mh-262k:context-0/factconsolidation_mh_262k_no7,13,20,0.65,0.5,-3.4999999571591616,0.029312231970307752,0.0,False,False,8.165951898985718e-08,Run 3::agentmemorybench:fact-mh-262k:context-0/factconsolidation_mh_262k_no7,False,0.0,-1.0625000577419996,False
Run 3,agentmemorybench:fact-mh-262k:context-0/factconsolidation_mh_262k_no7,14,20,0.7,0.5,-2.1249999217689037,0.1066906014016781,0.0,False,False,2.6341780790336507e-08,Run 3::agentmemorybench:fact-mh-262k:context-0/factconsolidation_mh_262k_no7,False,0.0,1.3750000353902578,False
Run 3,agentmemorybench:fact-mh-262k:context-0/factconsolidation_mh_262k_no7,15,20,0.75,0.5,-2.2499999925494194,0.0953494655417812,0.0,False,False,0.0,Run 3::agentmemorybench:fact-mh-262k:context-0/factconsolidation_mh_262k_no7,False,0.0,-0.12500007078051567,False
Run 3,agentmemorybench:fact-mh-262k:context-0/factconsolidation_mh_262k_no7,16,20,0.8,0.5,-2.0000001043081284,0.1192029110704336,0.0,False,False,0.0,Run 3::agentmemorybench:fact-mh-262k:context-0/factconsolidation_mh_262k_no7,False,0.0,0.24999988824129105,False
Run 3,agentmemorybench:fact-mh-262k:context-0/factconsolidation_mh_262k_no7,17,20,0.85,0.5,3.1250000298023224,0.957912273285902,1.0,False,False,0.0,Run 3::agentmemorybench:fact-mh-262k:context-0/factconsolidation_mh_262k_no7,True,0.0,5.125000134110451,False
Run 3,agentmemorybench:fact-mh-262k:context-0/factconsolidation_mh_262k_no7,18,20,0.9,0.5,-1.1249999701976776,0.2450850186463482,0.0,False,False,0.0,Run 3::agentmemorybench:fact-mh-262k:context-0/factconsolidation_mh_262k_no7,False,0.0,-4.25,False
Run 3,agentmemorybench:fact-mh-262k:context-0/factconsolidation_mh_262k_no7,19,20,0.95,0.5,-2.437499988824129,0.08047861315318215,0.0,False,False,0.08838827915968961,Run 3::agentmemorybench:fact-mh-262k:context-0/factconsolidation_mh_262k_no7,False,0.0,-1.3125000186264515,False
Run 3,agentmemorybench:fact-mh-262k:context-0/factconsolidation_mh_262k_no7,20,20,1.0,0.5,1.4375000149011612,0.8078806291890878,1.0,False,False,0.0883883687217427,Run 3::agentmemorybench:fact-mh-262k:context-0/factconsolidation_mh_262k_no7,True,0.0,3.8750000037252903,False
Run 3,agentmemorybench:fact-mh-262k:context-0/factconsolidation_mh_262k_no70,1,6,0.1666666666666666,0.0,-4.62499990593642,0.0097084773858222,0.0,True,False,0.0,Run 3::agentmemorybench:fact-mh-262k:context-0/factconsolidation_mh_262k_no70,False,,,False
Run 3,agentmemorybench:fact-mh-262k:context-0/factconsolidation_mh_262k_no70,2,6,0.3333333333333333,0.0,1.0625,0.7429867825760587,1.0,True,False,0.08838838979516696,Run 3::agentmemorybench:fact-mh-262k:context-0/factconsolidation_mh_262k_no70,True,0.0,5.68749990593642,False
Run 3,agentmemorybench:fact-mh-262k:context-0/factconsolidation_mh_262k_no70,3,6,0.5,0.0,0.8749999701976776,0.7057850216484838,1.0,True,False,0.0,Run 3::agentmemorybench:fact-mh-262k:context-0/factconsolidation_mh_262k_no70,True,0.0,-0.1875000298023224,False
Run 3,agentmemorybench:fact-mh-262k:context-0/factconsolidation_mh_262k_no70,4,6,0.6666666666666666,0.6666666666666666,2.6874999795109034,0.9361833278223775,1.0,True,False,0.08838847672304201,Run 3::agentmemorybench:fact-mh-262k:context-0/factconsolidation_mh_262k_no70,True,0.6666666666666666,1.8125000093132257,True
Run 3,agentmemorybench:fact-mh-262k:context-0/factconsolidation_mh_262k_no70,5,6,0.8333333333333334,0.6666666666666666,3.250000050291419,0.9626731144630218,1.0,True,False,2.634178031930877e-09,Run 3::agentmemorybench:fact-mh-262k:context-0/factconsolidation_mh_262k_no70,True,0.0,0.5625000707805157,False
Run 3,agentmemorybench:fact-mh-262k:context-0/factconsolidation_mh_262k_no70,6,6,1.0,1.0,7.5624999576830305,0.9994796821044878,1.0,True,False,0.0883880708126709,Run 3::agentmemorybench:fact-mh-262k:context-0/factconsolidation_mh_262k_no70,True,0.33333333333333337,4.3124999073916115,True
Run 3,agentmemorybench:fact-mh-262k:context-0/factconsolidation_mh_262k_no71,1,3,0.3333333333333333,0.0,-4.062499993480742,0.016946300914674202,0.0,True,True,0.08838830418438091,Run 3::agentmemorybench:fact-mh-262k:context-0/factconsolidation_mh_262k_no71,False,,,False
Run 3,agentmemorybench:fact-mh-262k:context-0/factconsolidation_mh_262k_no71,2,3,0.6666666666666666,0.0,1.625,0.8354835371034369,1.0,True,True,0.0,Run 3::agentmemorybench:fact-mh-262k:context-0/factconsolidation_mh_262k_no71,True,0.0,5.687499993480742,False
Run 3,agentmemorybench:fact-mh-262k:context-0/factconsolidation_mh_262k_no71,3,3,1.0,1.0,8.437499785781256,0.9997830331067761,1.0,True,True,0.08838800611067299,Run 3::agentmemorybench:fact-mh-262k:context-0/factconsolidation_mh_262k_no71,True,1.0,6.812499785781256,True
Run 3,agentmemorybench:fact-mh-262k:context-0/factconsolidation_mh_262k_no72,1,6,0.1666666666666666,0.0,-4.875000134110451,0.0075772402593735,0.0,False,True,0.0,Run 3::agentmemorybench:fact-mh-262k:context-0/factconsolidation_mh_262k_no72,False,,,False
Run 3,agentmemorybench:fact-mh-262k:context-0/factconsolidation_mh_262k_no72,2,6,0.3333333333333333,0.0,-0.4374999850988388,0.392437037923866,0.0,False,True,0.08838832657489419,Run 3::agentmemorybench:fact-mh-262k:context-0/factconsolidation_mh_262k_no72,False,0.0,4.437500149011612,False
Run 3,agentmemorybench:fact-mh-262k:context-0/factconsolidation_mh_262k_no72,3,6,0.5,0.0,-0.3125,0.4225784495800661,0.0,False,True,0.08838834764831845,Run 3::agentmemorybench:fact-mh-262k:context-0/factconsolidation_mh_262k_no72,False,0.0,0.1249999850988388,False
Run 3,agentmemorybench:fact-mh-262k:context-0/factconsolidation_mh_262k_no72,4,6,0.6666666666666666,0.25,2.187500074505806,0.8989799774763192,1.0,False,True,0.08838830550146994,Run 3::agentmemorybench:fact-mh-262k:context-0/factconsolidation_mh_262k_no72,True,0.25,2.500000074505806,True
Run 3,agentmemorybench:fact-mh-262k:context-0/factconsolidation_mh_262k_no72,5,6,0.8333333333333334,0.25,3.124999949708581,0.9576236174671535,1.0,False,True,0.17677676641944373,Run 3::agentmemorybench:fact-mh-262k:context-0/factconsolidation_mh_262k_no72,True,0.0,0.937499875202775,False
Run 3,agentmemorybench:fact-mh-262k:context-0/factconsolidation_mh_262k_no72,6,6,1.0,0.25,5.999999854713678,0.9975273764850152,1.0,False,True,0.0,Run 3::agentmemorybench:fact-mh-262k:context-0/factconsolidation_mh_262k_no72,True,0.0,2.8749999050050974,False
Run 3,agentmemorybench:fact-mh-262k:context-0/factconsolidation_mh_262k_no73,1,6,0.1666666666666666,0.0,-3.8750000381842256,0.0203323525820691,0.0,True,False,2.7658869963311193e-08,Run 3::agentmemorybench:fact-mh-262k:context-0/factconsolidation_mh_262k_no73,False,,,False
Run 3,agentmemorybench:fact-mh-262k:context-0/factconsolidation_mh_262k_no73,2,6,0.3333333333333333,0.0,2.437499977648258,0.9195213860922317,1.0,True,False,0.0883882528179093,Run 3::agentmemorybench:fact-mh-262k:context-0/factconsolidation_mh_262k_no73,True,0.0,6.312500015832484,False
Run 3,agentmemorybench:fact-mh-262k:context-0/factconsolidation_mh_262k_no73,3,6,0.5,0.0,1.4375000223517418,0.8078806304782082,1.0,True,False,0.08838833711160632,Run 3::agentmemorybench:fact-mh-262k:context-0/factconsolidation_mh_262k_no73,True,0.0,-0.9999999552965164,False
Run 3,agentmemorybench:fact-mh-262k:context-0/factconsolidation_mh_262k_no73,4,6,0.6666666666666666,0.5,4.56250014482066,0.9896522919185088,1.0,True,False,0.08838836674610917,Run 3::agentmemorybench:fact-mh-262k:context-0/factconsolidation_mh_262k_no73,True,0.5,3.1250001224689186,True
Run 3,agentmemorybench:fact-mh-262k:context-0/factconsolidation_mh_262k_no73,5,6,0.8333333333333334,0.5,3.374999995343387,0.9666804411681031,1.0,True,False,0.1767765570022902,Run 3::agentmemorybench:fact-mh-262k:context-0/factconsolidation_mh_262k_no73,True,0.0,-1.1875001494772732,False
Run 3,agentmemorybench:fact-mh-262k:context-0/factconsolidation_mh_262k_no73,6,6,1.0,1.0,6.312499989639036,0.9981862714670617,1.0,True,False,0.08838805624237366,Run 3::agentmemorybench:fact-mh-262k:context-0/factconsolidation_mh_262k_no73,True,0.5,2.9374999942956492,True
Run 3,agentmemorybench:fact-mh-262k:context-0/factconsolidation_mh_262k_no74,1,4,0.25,0.0,-3.749999947845936,0.0229773710808536,0.0,False,False,0.0,Run 3::agentmemorybench:fact-mh-262k:context-0/factconsolidation_mh_262k_no74,False,,,False
Run 3,agentmemorybench:fact-mh-262k:context-0/factconsolidation_mh_262k_no74,2,4,0.5,0.0,1.5625000074505806,0.8265290078469074,1.0,False,False,0.08838831603818206,Run 3::agentmemorybench:fact-mh-262k:context-0/factconsolidation_mh_262k_no74,True,0.0,5.312499955296516,False
Run 3,agentmemorybench:fact-mh-262k:context-0/factconsolidation_mh_262k_no74,3,4,0.75,0.0,1.3749999925494194,0.7974371679299467,1.0,False,False,0.17677664261307624,Run 3::agentmemorybench:fact-mh-262k:context-0/factconsolidation_mh_262k_no74,True,0.0,-0.1875000149011612,False
Run 3,agentmemorybench:fact-mh-262k:context-0/factconsolidation_mh_262k_no74,4,4,1.0,0.5,8.062500110507244,0.9996843464118339,1.0,False,False,0.08838842288702847,Run 3::agentmemorybench:fact-mh-262k:context-0/factconsolidation_mh_262k_no74,True,0.5,6.687500117957825,True
Run 3,agentmemorybench:fact-mh-262k:context-0/factconsolidation_mh_262k_no75,1,10,0.1,0.0,-4.249999929219484,0.0140636280246769,0.0,False,True,0.0,Run 3::agentmemorybench:fact-mh-262k:context-0/factconsolidation_mh_262k_no75,False,,,False
Run 3,agentmemorybench:fact-mh-262k:context-0/factconsolidation_mh_262k_no75,2,10,0.2,0.0,-6.9374998907442205,0.00097164122858345,0.0,False,True,0.08838851022649385,Run 3::agentmemorybench:fact-mh-262k:context-0/factconsolidation_mh_262k_no75,False,0.0,-2.687499961524736,False
Run 3,agentmemorybench:fact-mh-262k:context-0/factconsolidation_mh_262k_no75,3,10,0.3,0.0,-1.6874999776482582,0.15628183362074338,0.0,False,True,0.08838840033187909,Run 3::agentmemorybench:fact-mh-262k:context-0/factconsolidation_mh_262k_no75,False,0.0,5.249999913095962,False
Run 3,agentmemorybench:fact-mh-262k:context-0/factconsolidation_mh_262k_no75,4,10,0.4,0.5,-0.5624999850988388,0.36309290556787377,0.0,False,True,0.0883883687217427,Run 3::agentmemorybench:fact-mh-262k:context-0/factconsolidation_mh_262k_no75,False,0.5,1.1249999925494194,True
Run 3,agentmemorybench:fact-mh-262k:context-0/factconsolidation_mh_262k_no75,5,10,0.5,0.5,1.375,0.7974371686841674,1.0,False,True,0.1767766952966369,Run 3::agentmemorybench:fact-mh-262k:context-0/factconsolidation_mh_262k_no75,True,0.0,1.9374999850988388,False
Run 3,agentmemorybench:fact-mh-262k:context-0/factconsolidation_mh_262k_no75,6,10,0.6,0.5,-0.375,0.4073334000459302,0.0,False,True,0.0,Run 3::agentmemorybench:fact-mh-262k:context-0/factconsolidation_mh_262k_no75,False,0.0,-1.75,False
Run 3,agentmemorybench:fact-mh-262k:context-0/factconsolidation_mh_262k_no75,7,10,0.7,0.5,2.8125000707805157,0.9432550137897846,1.0,False,True,0.08838835291667403,Run 3::agentmemorybench:fact-mh-262k:context-0/factconsolidation_mh_262k_no75,True,0.0,3.1875000707805157,False
Run 3,agentmemorybench:fact-mh-262k:context-0/factconsolidation_mh_262k_no75,8,10,0.8,0.5,2.125000022351742,0.8933094081846421,1.0,False,True,5.268356063861754e-08,Run 3::agentmemorybench:fact-mh-262k:context-0/factconsolidation_mh_262k_no75,True,0.0,-0.6875000484287739,False
Run 3,agentmemorybench:fact-mh-262k:context-0/factconsolidation_mh_262k_no75,9,10,0.9,0.5,3.187500037252903,0.9602926938067189,1.0,False,True,0.08838833711160632,Run 3::agentmemorybench:fact-mh-262k:context-0/factconsolidation_mh_262k_no75,True,0.0,1.0625000149011612,False
Run 3,agentmemorybench:fact-mh-262k:context-0/factconsolidation_mh_262k_no75,10,10,1.0,0.5,6.749999976658728,0.9988304897076785,1.0,False,True,1.6883434823406965e-07,Run 3::agentmemorybench:fact-mh-262k:context-0/factconsolidation_mh_262k_no75,True,0.0,3.562499939405825,False
Run 3,agentmemorybench:fact-mh-262k:context-0/factconsolidation_mh_262k_no76,1,4,0.25,0.0,-4.624999828636646,0.00970847812899945,0.0,False,True,3.951267047896315e-09,Run 3::agentmemorybench:fact-mh-262k:context-0/factconsolidation_mh_262k_no76,False,,,False
Run 3,agentmemorybench:fact-mh-262k:context-0/factconsolidation_mh_262k_no76,2,4,0.5,0.0,1.437499962747097,0.8078806211436547,1.0,False,True,0.08838835818503057,Run 3::agentmemorybench:fact-mh-262k:context-0/factconsolidation_mh_262k_no76,True,0.0,6.062499791383743,False
Run 3,agentmemorybench:fact-mh-262k:context-0/factconsolidation_mh_262k_no76,3,4,0.75,0.0,2.2499999552965164,0.9046505312448598,1.0,False,True,1.0536712127723509e-08,Run 3::agentmemorybench:fact-mh-262k:context-0/factconsolidation_mh_262k_no76,True,0.0,0.8124999925494194,False
Run 3,agentmemorybench:fact-mh-262k:context-0/factconsolidation_mh_262k_no76,4,4,1.0,1.0,7.562500017374987,0.9994796821258676,1.0,False,True,0.08838849223999698,Run 3::agentmemorybench:fact-mh-262k:context-0/factconsolidation_mh_262k_no76,True,1.0,5.31250006207847,True
Run 3,agentmemorybench:fact-mh-262k:context-0/factconsolidation_mh_262k_no77,1,10,0.1,0.0,-5.562499939231202,0.00383187041844045,0.0,False,True,0.08838857385835693,Run 3::agentmemorybench:fact-mh-262k:context-0/factconsolidation_mh_262k_no77,False,,,False
Run 3,agentmemorybench:fact-mh-262k:context-0/factconsolidation_mh_262k_no77,2,10,0.2,0.0,-0.25,0.43806201333608696,0.0,False,True,0.1767766952966369,Run 3::agentmemorybench:fact-mh-262k:context-0/factconsolidation_mh_262k_no77,False,0.0,5.312499939231202,False
Run 3,agentmemorybench:fact-mh-262k:context-0/factconsolidation_mh_262k_no77,3,10,0.3,0.25,1.3750000074505806,0.7981867789397954,1.0,False,True,1.0536712127723509e-08,Run 3::agentmemorybench:fact-mh-262k:context-0/factconsolidation_mh_262k_no77,True,0.25,1.6250000074505806,True
Run 3,agentmemorybench:fact-mh-262k:context-0/factconsolidation_mh_262k_no77,4,10,0.4,0.25,1.1875,0.7661074243762114,1.0,False,True,0.08838826335462142,Run 3::agentmemorybench:fact-mh-262k:context-0/factconsolidation_mh_262k_no77,True,0.0,-0.1875000074505806,False
Run 3,agentmemorybench:fact-mh-262k:context-0/factconsolidation_mh_262k_no77,5,10,0.5,0.25,1.1249999701976776,0.7541792147434232,1.0,False,True,0.17677665314978838,Run 3::agentmemorybench:fact-mh-262k:context-0/factconsolidation_mh_262k_no77,True,0.0,-0.06250002980232239,False
Run 3,agentmemorybench:fact-mh-262k:context-0/factconsolidation_mh_262k_no77,6,10,0.6,0.25,0.9374999850988388,0.7184218001392444,1.0,False,True,0.0883883687217427,Run 3::agentmemorybench:fact-mh-262k:context-0/factconsolidation_mh_262k_no77,True,0.0,-0.1874999850988388,False
Run 3,agentmemorybench:fact-mh-262k:context-0/factconsolidation_mh_262k_no77,7,10,0.7,0.25,1.7499999552965164,0.8519527963298947,1.0,False,True,0.0,Run 3::agentmemorybench:fact-mh-262k:context-0/factconsolidation_mh_262k_no77,True,0.0,0.8124999701976776,False
Run 3,agentmemorybench:fact-mh-262k:context-0/factconsolidation_mh_262k_no77,8,10,0.8,0.25,0.4999999850988388,0.6224593277000263,1.0,False,True,2.1073424255447017e-08,Run 3::agentmemorybench:fact-mh-262k:context-0/factconsolidation_mh_262k_no77,True,0.0,-1.2499999701976776,False
Run 3,agentmemorybench:fact-mh-262k:context-0/factconsolidation_mh_262k_no77,9,10,0.9,0.25,1.8749999776482582,0.8663749373113614,1.0,False,True,0.176776705833349,Run 3::agentmemorybench:fact-mh-262k:context-0/factconsolidation_mh_262k_no77,True,0.0,1.3749999925494194,False
Run 3,agentmemorybench:fact-mh-262k:context-0/factconsolidation_mh_262k_no77,10,10,1.0,0.25,6.312499989231583,0.9981862714394726,1.0,False,True,0.08838839349947981,Run 3::agentmemorybench:fact-mh-262k:context-0/factconsolidation_mh_262k_no77,True,0.0,4.4375000115833245,False
Run 3,agentmemorybench:fact-mh-262k:context-0/factconsolidation_mh_262k_no78,1,4,0.25,0.0,-3.7500000754371285,0.023144853592732648,0.0,False,False,0.17677670978461651,Run 3::agentmemorybench:fact-mh-262k:context-0/factconsolidation_mh_262k_no78,False,,,False
Run 3,agentmemorybench:fact-mh-262k:context-0/factconsolidation_mh_262k_no78,2,4,0.5,0.0,3.0000000074505806,0.9522544710423086,1.0,False,False,0.17677681646882634,Run 3::agentmemorybench:fact-mh-262k:context-0/factconsolidation_mh_262k_no78,True,0.0,6.750000082887709,False
Run 3,agentmemorybench:fact-mh-262k:context-0/factconsolidation_mh_262k_no78,3,4,0.75,0.0,1.3749999776482582,0.7981867741390988,1.0,False,False,3.161013638317052e-08,Run 3::agentmemorybench:fact-mh-262k:context-0/factconsolidation_mh_262k_no78,True,0.0,-1.6250000298023224,False
Run 3,agentmemorybench:fact-mh-262k:context-0/factconsolidation_mh_262k_no78,4,4,1.0,0.5,7.500000039901352,0.9994429043927064,1.0,False,False,0.17677647167961738,Run 3::agentmemorybench:fact-mh-262k:context-0/factconsolidation_mh_262k_no78,True,0.5,6.125000062253093,True
Run 3,agentmemorybench:fact-mh-262k:context-0/factconsolidation_mh_262k_no79,1,5,0.2,0.0,-3.6875000093132257,0.024467363360671852,0.0,True,True,0.08838837662427679,Run 3::agentmemorybench:fact-mh-262k:context-0/factconsolidation_mh_262k_no79,False,,,False
Run 3,agentmemorybench:fact-mh-262k:context-0/factconsolidation_mh_262k_no79,2,5,0.4,0.0,1.6874999701976776,0.8437181656925776,1.0,True,True,0.08838832657489419,Run 3::agentmemorybench:fact-mh-262k:context-0/factconsolidation_mh_262k_no79,True,0.0,5.374999979510903,False
Run 3,agentmemorybench:fact-mh-262k:context-0/factconsolidation_mh_262k_no79,3,5,0.6,0.0,3.4374999217689037,0.9688008930392948,1.0,True,True,0.0883883687217427,Run 3::agentmemorybench:fact-mh-262k:context-0/factconsolidation_mh_262k_no79,True,0.0,1.7499999515712261,False
Run 3,agentmemorybench:fact-mh-262k:context-0/factconsolidation_mh_262k_no79,4,5,0.8,1.0,6.499999917927198,0.9984871274818898,1.0,True,True,0.1767765428435833,Run 3::agentmemorybench:fact-mh-262k:context-0/factconsolidation_mh_262k_no79,True,1.0,3.0624999961582944,True
Run 3,agentmemorybench:fact-mh-262k:context-0/factconsolidation_mh_262k_no79,5,5,1.0,1.0,3.3750000074505806,0.9669140218496495,1.0,True,True,1.4224561372426737e-07,Run 3::agentmemorybench:fact-mh-262k:context-0/factconsolidation_mh_262k_no79,True,0.0,-3.1249999104766175,False
Run 3,agentmemorybench:fact-mh-262k:context-0/factconsolidation_mh_262k_no8,1,14,0.0714285714285714,0.0,-5.249999885447323,0.0052201262884162,0.0,False,True,0.0,Run 3::agentmemorybench:fact-mh-262k:context-0/factconsolidation_mh_262k_no8,False,,,False
Run 3,agentmemorybench:fact-mh-262k:context-0/factconsolidation_mh_262k_no8,2,14,0.1428571428571428,0.0,0.4375,0.6075629655779622,1.0,False,True,0.08838834764831845,Run 3::agentmemorybench:fact-mh-262k:context-0/factconsolidation_mh_262k_no8,True,0.0,5.687499885447323,False
Run 3,agentmemorybench:fact-mh-262k:context-0/factconsolidation_mh_262k_no8,3,14,0.2142857142857142,0.5,0.5,0.6224593312018546,1.0,False,True,0.0,Run 3::agentmemorybench:fact-mh-262k:context-0/factconsolidation_mh_262k_no8,True,0.5,0.0625,True
Run 3,agentmemorybench:fact-mh-262k:context-0/factconsolidation_mh_262k_no8,4,14,0.2857142857142857,0.5,0.6249999552965164,0.6513548545142638,1.0,False,True,2.1073424255447017e-08,Run 3::agentmemorybench:fact-mh-262k:context-0/factconsolidation_mh_262k_no8,True,0.0,0.12499995529651642,False
Run 3,agentmemorybench:fact-mh-262k:context-0/factconsolidation_mh_262k_no8,5,14,0.3571428571428571,0.5,-2.624999988824129,0.06754669184353175,0.0,False,True,1.0009876521337333e-07,Run 3::agentmemorybench:fact-mh-262k:context-0/factconsolidation_mh_262k_no8,False,0.0,-3.2499999441206455,False
Run 3,agentmemorybench:fact-mh-262k:context-0/factconsolidation_mh_262k_no8,6,14,0.4285714285714285,0.5,-3.124999998137355,0.042087727990714,0.0,False,True,1.1853801143688947e-07,Run 3::agentmemorybench:fact-mh-262k:context-0/factconsolidation_mh_262k_no8,False,0.0,-0.5000000093132257,False
Run 3,agentmemorybench:fact-mh-262k:context-0/factconsolidation_mh_262k_no8,7,14,0.5,0.5,-3.124999998137355,0.042087727990714,0.0,False,True,1.1853801143688947e-07,Run 3::agentmemorybench:fact-mh-262k:context-0/factconsolidation_mh_262k_no8,False,0.0,0.0,False
Run 3,agentmemorybench:fact-mh-262k:context-0/factconsolidation_mh_262k_no8,8,14,0.5714285714285714,0.5,-2.3750000409781933,0.08509904181657305,0.0,False,True,7.902534142895404e-08,Run 3::agentmemorybench:fact-mh-262k:context-0/factconsolidation_mh_262k_no8,False,0.0,0.7499999571591616,False
Run 3,agentmemorybench:fact-mh-262k:context-0/factconsolidation_mh_262k_no8,9,14,0.6428571428571429,0.5,-3.999999813735485,0.0179862132520272,0.0,False,True,6.585445126929966e-08,Run 3::agentmemorybench:fact-mh-262k:context-0/factconsolidation_mh_262k_no8,False,0.0,-1.6249997727572918,False
Run 3,agentmemorybench:fact-mh-262k:context-0/factconsolidation_mh_262k_no8,10,14,0.7142857142857143,0.5,-2.437500011175871,0.08047861135517045,0.0,False,True,0.08838822647612882,Run 3::agentmemorybench:fact-mh-262k:context-0/factconsolidation_mh_262k_no8,False,0.0,1.5624998025596142,False
Run 3,agentmemorybench:fact-mh-262k:context-0/factconsolidation_mh_262k_no8,11,14,0.7857142857142857,0.5,-2.6875000074505806,0.06381667050271936,0.0,False,True,0.08838847408886413,Run 3::agentmemorybench:fact-mh-262k:context-0/factconsolidation_mh_262k_no8,False,0.0,-0.2499999962747097,False
Run 3,agentmemorybench:fact-mh-262k:context-0/factconsolidation_mh_262k_no8,12,14,0.8571428571428571,0.5,-3.5625000335276127,0.027634793112119797,0.0,False,True,0.08838838189263301,Run 3::agentmemorybench:fact-mh-262k:context-0/factconsolidation_mh_262k_no8,False,0.0,-0.8750000260770321,False
Run 3,agentmemorybench:fact-mh-262k:context-0/factconsolidation_mh_262k_no8,13,14,0.9285714285714286,0.5,-1.625,0.1652363612620063,0.0,False,True,0.1767767374434854,Run 3::agentmemorybench:fact-mh-262k:context-0/factconsolidation_mh_262k_no8,False,0.0,1.9375000335276127,False
Run 3,agentmemorybench:fact-mh-262k:context-0/factconsolidation_mh_262k_no8,14,14,1.0,0.5,0.8124999850988388,0.6924818602593137,1.0,False,True,0.0883883687217427,Run 3::agentmemorybench:fact-mh-262k:context-0/factconsolidation_mh_262k_no8,True,0.0,2.437499985098839,False
Run 3,agentmemorybench:fact-mh-262k:context-0/factconsolidation_mh_262k_no80,1,11,0.0909090909090909,0.0,-4.062500153668225,0.01694629819948125,0.0,False,False,0.08838823832993012,Run 3::agentmemorybench:fact-mh-262k:context-0/factconsolidation_mh_262k_no80,False,,,False
Run 3,agentmemorybench:fact-mh-262k:context-0/factconsolidation_mh_262k_no80,2,11,0.1818181818181818,0.0,1.4374999701976776,0.8078806224327753,1.0,False,False,0.08838832657489419,Run 3::agentmemorybench:fact-mh-262k:context-0/factconsolidation_mh_262k_no80,True,0.0,5.500000123865902,False
Run 3,agentmemorybench:fact-mh-262k:context-0/factconsolidation_mh_262k_no80,3,11,0.2727272727272727,0.5,7.062499920109985,0.9991290492354068,1.0,False,False,0.2651648422123575,Run 3::agentmemorybench:fact-mh-262k:context-0/factconsolidation_mh_262k_no80,True,0.5,5.624999949912308,True
Run 3,agentmemorybench:fact-mh-262k:context-0/factconsolidation_mh_262k_no80,4,11,0.3636363636363636,0.5,1.9999999403953552,0.8807970717197768,1.0,False,False,4.2146848510894035e-08,Run 3::agentmemorybench:fact-mh-262k:context-0/factconsolidation_mh_262k_no80,True,0.0,-5.06249997971463,False
Run 3,agentmemorybench:fact-mh-262k:context-0/factconsolidation_mh_262k_no80,5,11,0.4545454545454545,0.5,1.1874999701976776,0.7661074186847091,1.0,False,False,0.08838834764831845,Run 3::agentmemorybench:fact-mh-262k:context-0/factconsolidation_mh_262k_no80,True,0.0,-0.8124999701976776,False
Run 3,agentmemorybench:fact-mh-262k:context-0/factconsolidation_mh_262k_no80,6,11,0.5454545454545454,0.5,1.6875000074505806,0.843718170306905,1.0,False,False,0.08838840033187909,Run 3::agentmemorybench:fact-mh-262k:context-0/factconsolidation_mh_262k_no80,True,0.0,0.500000037252903,False
Run 3,agentmemorybench:fact-mh-262k:context-0/factconsolidation_mh_262k_no80,7,11,0.6363636363636364,0.5,1.3749999925494194,0.798186776539447,1.0,False,False,5.268356063861754e-08,Run 3::agentmemorybench:fact-mh-262k:context-0/factconsolidation_mh_262k_no80,True,0.0,-0.3125000149011612,False
Run 3,agentmemorybench:fact-mh-262k:context-0/factconsolidation_mh_262k_no80,8,11,0.7272727272727273,0.5,0.4375000149011612,0.6075629690797903,1.0,False,False,0.0883883687217427,Run 3::agentmemorybench:fact-mh-262k:context-0/factconsolidation_mh_262k_no80,True,0.0,-0.9374999776482582,False
Run 3,agentmemorybench:fact-mh-262k:context-0/factconsolidation_mh_262k_no80,9,11,0.8181818181818182,0.5,0.3125,0.5774215504199338,1.0,False,False,0.08838834764831845,Run 3::agentmemorybench:fact-mh-262k:context-0/factconsolidation_mh_262k_no80,True,0.0,-0.1250000149011612,False
Run 3,agentmemorybench:fact-mh-262k:context-0/factconsolidation_mh_262k_no80,10,11,0.9090909090909092,0.5,-0.125,0.4687906266262437,0.0,False,False,0.0,Run 3::agentmemorybench:fact-mh-262k:context-0/factconsolidation_mh_262k_no80,False,0.0,-0.4375,False
Run 3,agentmemorybench:fact-mh-262k:context-0/factconsolidation_mh_262k_no80,11,11,1.0,0.5,1.5000000074505806,0.8175744773048714,1.0,False,False,3.161013638317052e-08,Run 3::agentmemorybench:fact-mh-262k:context-0/factconsolidation_mh_262k_no80,True,0.0,1.6250000074505806,False
Run 3,agentmemorybench:fact-mh-262k:context-0/factconsolidation_mh_262k_no81,1,5,0.2,0.0,-4.499999889638275,0.011070064866012249,0.0,False,False,0.17677668541846925,Run 3::agentmemorybench:fact-mh-262k:context-0/factconsolidation_mh_262k_no81,False,,,False
Run 3,agentmemorybench:fact-mh-262k:context-0/factconsolidation_mh_262k_no81,2,5,0.4,0.0,3.8124999878928065,0.9783451381819854,1.0,False,False,0.08838827520842256,Run 3::agentmemorybench:fact-mh-262k:context-0/factconsolidation_mh_262k_no81,True,0.0,8.312499877531081,False
Run 3,agentmemorybench:fact-mh-262k:context-0/factconsolidation_mh_262k_no81,3,5,0.6,0.5,6.624999898194801,0.9986646536106499,1.0,False,False,0.1767766328172267,Run 3::agentmemorybench:fact-mh-262k:context-0/factconsolidation_mh_262k_no81,True,0.5,2.8124999103019945,True
Run 3,agentmemorybench:fact-mh-262k:context-0/factconsolidation_mh_262k_no81,4,5,0.8,0.5,3.312500039115548,0.9647935684730574,1.0,False,False,0.08838833974578435,Run 3::agentmemorybench:fact-mh-262k:context-0/factconsolidation_mh_262k_no81,True,0.0,-3.312499859079253,False
Run 3,agentmemorybench:fact-mh-262k:context-0/factconsolidation_mh_262k_no81,5,5,1.0,0.5,5.8125000995351,0.9970131953849939,1.0,False,False,0.08838839819160943,Run 3::agentmemorybench:fact-mh-262k:context-0/factconsolidation_mh_262k_no81,True,0.0,2.500000060419552,False
Run 3,agentmemorybench:fact-mh-262k:context-0/factconsolidation_mh_262k_no82,1,6,0.1666666666666666,0.0,-4.312499860767275,0.013247640744888451,0.0,False,True,0.08838830616001443,Run 3::agentmemorybench:fact-mh-262k:context-0/factconsolidation_mh_262k_no82,False,,,False
Run 3,agentmemorybench:fact-mh-262k:context-0/factconsolidation_mh_262k_no82,2,6,0.3333333333333333,0.0,2.3750000558793545,0.9149009593435894,1.0,False,True,7.902534095792631e-08,Run 3::agentmemorybench:fact-mh-262k:context-0/factconsolidation_mh_262k_no82,True,0.0,6.68749991664663,False
Run 3,agentmemorybench:fact-mh-262k:context-0/factconsolidation_mh_262k_no82,3,6,0.5,0.3333333333333333,3.124999962747097,0.9576236179701074,1.0,False,True,0.17677677432197783,Run 3::agentmemorybench:fact-mh-262k:context-0/factconsolidation_mh_262k_no82,True,0.3333333333333333,0.7499999068677425,True
Run 3,agentmemorybench:fact-mh-262k:context-0/factconsolidation_mh_262k_no82,4,6,0.6666666666666666,0.3333333333333333,1.7499999850988388,0.8519528000888387,1.0,False,True,2.1073424255447017e-08,Run 3::agentmemorybench:fact-mh-262k:context-0/factconsolidation_mh_262k_no82,True,0.0,-1.3749999776482582,False
Run 3,agentmemorybench:fact-mh-262k:context-0/factconsolidation_mh_262k_no82,5,6,0.8333333333333334,0.6666666666666666,1.8750000819563866,0.8670357692504922,1.0,False,True,3.161013638317052e-08,Run 3::agentmemorybench:fact-mh-262k:context-0/factconsolidation_mh_262k_no82,True,0.3333333333333333,0.12500009685754776,True
Run 3,agentmemorybench:fact-mh-262k:context-0/factconsolidation_mh_262k_no82,6,6,1.0,1.0,7.062499916908564,0.9991290491940764,1.0,False,True,0.26516518078655266,Run 3::agentmemorybench:fact-mh-262k:context-0/factconsolidation_mh_262k_no82,True,0.33333333333333337,5.1874998349521775,True
Run 3,agentmemorybench:fact-mh-262k:context-0/factconsolidation_mh_262k_no83,1,3,0.3333333333333333,0.0,-4.250000094994903,0.01406362572606135,0.0,False,False,1.9624626337885033e-07,Run 3::agentmemorybench:fact-mh-262k:context-0/factconsolidation_mh_262k_no83,False,,,False
Run 3,agentmemorybench:fact-mh-262k:context-0/factconsolidation_mh_262k_no83,2,3,0.6666666666666666,0.0,1.3749999701976776,0.7981867729389247,1.0,False,False,2.1073424255447017e-08,Run 3::agentmemorybench:fact-mh-262k:context-0/factconsolidation_mh_262k_no83,True,0.0,5.62500006519258,False
Run 3,agentmemorybench:fact-mh-262k:context-0/factconsolidation_mh_262k_no83,3,3,1.0,0.5,8.124999806197593,0.9997040428291468,1.0,False,False,0.0,Run 3::agentmemorybench:fact-mh-262k:context-0/factconsolidation_mh_262k_no83,True,0.5,6.749999835999915,True
Run 3,agentmemorybench:fact-mh-262k:context-0/factconsolidation_mh_262k_no84,1,8,0.125,0.0,-5.249999911291525,0.0052201261542105006,0.0,False,True,1.6759957728160205e-07,Run 3::agentmemorybench:fact-mh-262k:context-0/factconsolidation_mh_262k_no84,False,,,False
Run 3,agentmemorybench:fact-mh-262k:context-0/factconsolidation_mh_262k_no84,2,8,0.25,0.0,-0.0625,0.48439531331312186,0.0,False,True,0.08838834764831845,Run 3::agentmemorybench:fact-mh-262k:context-0/factconsolidation_mh_262k_no84,False,0.0,5.187499911291525,False
Run 3,agentmemorybench:fact-mh-262k:context-0/factconsolidation_mh_262k_no84,3,8,0.375,0.25,0.8124999850988388,0.6924818601066889,1.0,False,True,0.08838841086859121,Run 3::agentmemorybench:fact-mh-262k:context-0/factconsolidation_mh_262k_no84,True,0.25,0.8749999850988388,True
Run 3,agentmemorybench:fact-mh-262k:context-0/factconsolidation_mh_262k_no84,4,8,0.5,0.25,-1.3750000074505806,0.20256283056161195,0.0,False,True,0.17677674798019752,Run 3::agentmemorybench:fact-mh-262k:context-0/factconsolidation_mh_262k_no84,False,0.0,-2.1874999925494194,False
Run 3,agentmemorybench:fact-mh-262k:context-0/factconsolidation_mh_262k_no84,5,8,0.625,0.5,1.375,0.7981867777396212,1.0,False,True,0.0,Run 3::agentmemorybench:fact-mh-262k:context-0/factconsolidation_mh_262k_no84,True,0.25,2.7500000074505806,True
Run 3,agentmemorybench:fact-mh-262k:context-0/factconsolidation_mh_262k_no84,6,8,0.75,0.5,2.7499999683350325,0.9399133480376739,1.0,False,True,7.90253409579263e-09,Run 3::agentmemorybench:fact-mh-262k:context-0/factconsolidation_mh_262k_no84,True,0.0,1.3749999683350325,False
Run 3,agentmemorybench:fact-mh-262k:context-0/factconsolidation_mh_262k_no84,7,8,0.875,0.5,3.562499954365194,0.9723652048981783,1.0,False,True,0.08838825940335485,Run 3::agentmemorybench:fact-mh-262k:context-0/factconsolidation_mh_262k_no84,True,0.0,0.8124999860301614,False
Run 3,agentmemorybench:fact-mh-262k:context-0/factconsolidation_mh_262k_no84,8,8,1.0,0.5,6.874999939580448,0.9989677689009426,1.0,False,True,0.0,Run 3::agentmemorybench:fact-mh-262k:context-0/factconsolidation_mh_262k_no84,True,0.0,3.312499985215254,False
Run 3,agentmemorybench:fact-mh-262k:context-0/factconsolidation_mh_262k_no85,1,5,0.2,0.0,-4.562499886844307,0.01034771070107275,0.0,False,True,0.08838831669672656,Run 3::agentmemorybench:fact-mh-262k:context-0/factconsolidation_mh_262k_no85,False,,,False
Run 3,agentmemorybench:fact-mh-262k:context-0/factconsolidation_mh_262k_no85,2,5,0.4,0.0,1.2500000447034836,0.777299868913078,1.0,False,True,2.1073424255447017e-08,Run 3::agentmemorybench:fact-mh-262k:context-0/factconsolidation_mh_262k_no85,True,0.0,5.812499931547791,False
Run 3,agentmemorybench:fact-mh-262k:context-0/factconsolidation_mh_262k_no85,3,5,0.6,0.5,3.999999962747097,0.9820137893799212,1.0,False,True,1.5014814797706924e-07,Run 3::agentmemorybench:fact-mh-262k:context-0/factconsolidation_mh_262k_no85,True,0.5,2.7499999180436134,True
Run 3,agentmemorybench:fact-mh-262k:context-0/factconsolidation_mh_262k_no85,4,5,0.8,0.5,2.5000000186264515,0.9241418212845396,1.0,False,True,1.4224561372426737e-07,Run 3::agentmemorybench:fact-mh-262k:context-0/factconsolidation_mh_262k_no85,True,0.0,-1.4999999441206455,False
Run 3,agentmemorybench:fact-mh-262k:context-0/factconsolidation_mh_262k_no85,5,5,1.0,1.0,5.875000009778887,0.9971990730601923,1.0,False,True,1.6825812178958478e-07,Run 3::agentmemorybench:fact-mh-262k:context-0/factconsolidation_mh_262k_no85,True,0.5,3.3749999911524355,True
Run 3,agentmemorybench:fact-mh-262k:context-0/factconsolidation_mh_262k_no86,1,3,0.3333333333333333,0.0,-4.125000041909516,0.0159063910557892,0.0,True,False,9.351332013354613e-08,Run 3::agentmemorybench:fact-mh-262k:context-0/factconsolidation_mh_262k_no86,False,,,False
Run 3,agentmemorybench:fact-mh-262k:context-0/factconsolidation_mh_262k_no86,2,3,0.6666666666666666,0.0,3.0625000577419996,0.9552432018356722,1.0,True,False,0.08838839769770104,Run 3::agentmemorybench:fact-mh-262k:context-0/factconsolidation_mh_262k_no86,True,0.0,7.1875000996515155,False
Run 3,agentmemorybench:fact-mh-262k:context-0/factconsolidation_mh_262k_no86,3,3,1.0,1.0,9.0624997684572,0.9998838542292462,1.0,True,False,0.0883885150318108,Run 3::agentmemorybench:fact-mh-262k:context-0/factconsolidation_mh_262k_no86,True,1.0,5.999999710715201,True
Run 3,agentmemorybench:fact-mh-262k:context-0/factconsolidation_mh_262k_no87,1,6,0.1666666666666666,0.0,-5.31249984446913,0.0049148497107591,0.0,True,False,0.08838841152713571,Run 3::agentmemorybench:fact-mh-262k:context-0/factconsolidation_mh_262k_no87,False,,,False
Run 3,agentmemorybench:fact-mh-262k:context-0/factconsolidation_mh_262k_no87,2,6,0.3333333333333333,0.0,0.25,0.5621765008857981,1.0,True,False,0.0,Run 3::agentmemorybench:fact-mh-262k:context-0/factconsolidation_mh_262k_no87,True,0.0,5.56249984446913,False
Run 3,agentmemorybench:fact-mh-262k:context-0/factconsolidation_mh_262k_no87,3,6,0.5,0.0,0.8124999850988388,0.6924818604119384,1.0,True,False,0.08838832657489419,Run 3::agentmemorybench:fact-mh-262k:context-0/factconsolidation_mh_262k_no87,True,0.0,0.5624999850988388,False
Run 3,agentmemorybench:fact-mh-262k:context-0/factconsolidation_mh_262k_no87,4,6,0.6666666666666666,0.6666666666666666,0.8750000149011612,0.705785030931275,1.0,True,False,2.1073424255447017e-08,Run 3::agentmemorybench:fact-mh-262k:context-0/factconsolidation_mh_262k_no87,True,0.6666666666666666,0.06250002980232239,True
Run 3,agentmemorybench:fact-mh-262k:context-0/factconsolidation_mh_262k_no87,5,6,0.8333333333333334,0.6666666666666666,3.0624999534338713,0.9552431973859169,1.0,True,False,0.08838839242934499,Run 3::agentmemorybench:fact-mh-262k:context-0/factconsolidation_mh_262k_no87,True,0.0,2.18749993853271,False
Run 3,agentmemorybench:fact-mh-262k:context-0/factconsolidation_mh_262k_no87,6,6,1.0,1.0,9.937500001306034,0.9999515799592017,1.0,True,False,0.08838817882940547,Run 3::agentmemorybench:fact-mh-262k:context-0/factconsolidation_mh_262k_no87,True,0.33333333333333337,6.875000047872163,True
Run 3,agentmemorybench:fact-mh-262k:context-0/factconsolidation_mh_262k_no88,1,4,0.25,0.0,-4.1250000931322575,0.0159063902539803,0.0,False,True,0.0,Run 3::agentmemorybench:fact-mh-262k:context-0/factconsolidation_mh_262k_no88,False,,,False
Run 3,agentmemorybench:fact-mh-262k:context-0/factconsolidation_mh_262k_no88,2,4,0.5,0.0,1.4374999850988388,0.8078806247441771,1.0,False,True,0.08838832657489419,Run 3::agentmemorybench:fact-mh-262k:context-0/factconsolidation_mh_262k_no88,True,0.0,5.562500078231096,False
Run 3,agentmemorybench:fact-mh-262k:context-0/factconsolidation_mh_262k_no88,3,4,0.75,0.0,1.1250000298023224,0.7549149923816048,1.0,False,True,0.0,Run 3::agentmemorybench:fact-mh-262k:context-0/factconsolidation_mh_262k_no88,True,0.0,-0.3124999552965164,False
Run 3,agentmemorybench:fact-mh-262k:context-0/factconsolidation_mh_262k_no88,4,4,1.0,1.0,6.4999998831772245,0.9984988175681541,1.0,False,True,8.470528733927726e-08,Run 3::agentmemorybench:fact-mh-262k:context-0/factconsolidation_mh_262k_no88,True,1.0,5.374999853374902,True
Run 3,agentmemorybench:fact-mh-262k:context-0/factconsolidation_mh_262k_no89,1,7,0.1428571428571428,0.0,-4.999999883119017,0.0066928517013163,0.0,True,False,0.0,Run 3::agentmemorybench:fact-mh-262k:context-0/factconsolidation_mh_262k_no89,False,,,False
Run 3,agentmemorybench:fact-mh-262k:context-0/factconsolidation_mh_262k_no89,2,7,0.2857142857142857,0.0,-2.1875000409781933,0.1010200256854076,0.0,True,False,0.08838834237996238,Run 3::agentmemorybench:fact-mh-262k:context-0/factconsolidation_mh_262k_no89,False,0.0,2.8124998421408236,False
Run 3,agentmemorybench:fact-mh-262k:context-0/factconsolidation_mh_262k_no89,3,7,0.4285714285714285,0.0,0.5625000149011612,0.6369071014357826,1.0,True,False,0.08838832657489419,Run 3::agentmemorybench:fact-mh-262k:context-0/factconsolidation_mh_262k_no89,True,0.0,2.7500000558793545,False
Run 3,agentmemorybench:fact-mh-262k:context-0/factconsolidation_mh_262k_no89,4,7,0.5714285714285714,0.0,0.0,0.5,0.0,True,False,0.0,Run 3::agentmemorybench:fact-mh-262k:context-0/factconsolidation_mh_262k_no89,False,0.0,-0.5625000149011612,False
Run 3,agentmemorybench:fact-mh-262k:context-0/factconsolidation_mh_262k_no89,5,7,0.7142857142857143,0.0,0.9374999850988388,0.7184218004682794,1.0,True,False,0.08838828442804568,Run 3::agentmemorybench:fact-mh-262k:context-0/factconsolidation_mh_262k_no89,True,0.0,0.9374999850988388,False
Run 3,agentmemorybench:fact-mh-262k:context-0/factconsolidation_mh_262k_no89,6,7,0.8571428571428571,1.0,5.312499827705324,0.9950851502113378,1.0,True,False,0.08838839242934499,Run 3::agentmemorybench:fact-mh-262k:context-0/factconsolidation_mh_262k_no89,True,1.0,4.374999842606485,True
Run 3,agentmemorybench:fact-mh-262k:context-0/factconsolidation_mh_262k_no89,7,7,1.0,1.0,1.9375000298023224,0.8739164220190792,1.0,True,False,0.08838838979516696,Run 3::agentmemorybench:fact-mh-262k:context-0/factconsolidation_mh_262k_no89,True,0.0,-3.3749997979030013,False
Run 3,agentmemorybench:fact-mh-262k:context-0/factconsolidation_mh_262k_no9,1,6,0.1666666666666666,0.0,-4.750000176485628,0.008577483912893799,0.0,False,True,2.568323581132605e-08,Run 3::agentmemorybench:fact-mh-262k:context-0/factconsolidation_mh_262k_no9,False,,,False
Run 3,agentmemorybench:fact-mh-262k:context-0/factconsolidation_mh_262k_no9,2,6,0.3333333333333333,0.0,2.4375000186264515,0.9195213892249108,1.0,False,True,0.08838821593941684,Run 3::agentmemorybench:fact-mh-262k:context-0/factconsolidation_mh_262k_no9,True,0.0,7.187500195112079,False
Run 3,agentmemorybench:fact-mh-262k:context-0/factconsolidation_mh_262k_no9,3,6,0.5,0.6666666666666666,3.0624999310821295,0.9552431966115188,1.0,False,True,0.08838828706222371,Run 3::agentmemorybench:fact-mh-262k:context-0/factconsolidation_mh_262k_no9,True,0.6666666666666666,0.624999912455678,True
Run 3,agentmemorybench:fact-mh-262k:context-0/factconsolidation_mh_262k_no9,4,6,0.6666666666666666,0.6666666666666666,3.187500001862645,0.9602926922819504,1.0,False,True,0.08838845038126168,Run 3::agentmemorybench:fact-mh-262k:context-0/factconsolidation_mh_262k_no9,True,0.0,0.12500007078051567,False
Run 3,agentmemorybench:fact-mh-262k:context-0/factconsolidation_mh_262k_no9,5,6,0.8333333333333334,0.6666666666666666,6.812499955471139,0.9988991293094132,1.0,False,True,0.08838815592954856,Run 3::agentmemorybench:fact-mh-262k:context-0/factconsolidation_mh_262k_no9,True,0.0,3.6249999536084943,False
Run 3,agentmemorybench:fact-mh-262k:context-0/factconsolidation_mh_262k_no9,6,6,1.0,1.0,8.124999806197593,0.9997040428291468,1.0,False,True,0.0,Run 3::agentmemorybench:fact-mh-262k:context-0/factconsolidation_mh_262k_no9,True,0.33333333333333337,1.3124998507264536,True
Run 3,agentmemorybench:fact-mh-262k:context-0/factconsolidation_mh_262k_no90,1,4,0.25,0.0,-4.499999803490937,0.010986944765906,0.0,True,False,0.0,Run 3::agentmemorybench:fact-mh-262k:context-0/factconsolidation_mh_262k_no90,False,,,False
Run 3,agentmemorybench:fact-mh-262k:context-0/factconsolidation_mh_262k_no90,2,4,0.5,0.0,2.187499951571226,0.8989799661979749,1.0,True,False,0.08838834237996238,Run 3::agentmemorybench:fact-mh-262k:context-0/factconsolidation_mh_262k_no90,True,0.0,6.687499755062163,False
Run 3,agentmemorybench:fact-mh-262k:context-0/factconsolidation_mh_262k_no90,3,4,0.75,0.0,0.8125,0.6924818636588268,1.0,True,False,0.08838830550146994,Run 3::agentmemorybench:fact-mh-262k:context-0/factconsolidation_mh_262k_no90,True,0.0,-1.3749999515712261,False
Run 3,agentmemorybench:fact-mh-262k:context-0/factconsolidation_mh_262k_no90,4,4,1.0,1.0,8.062500050917151,0.9996843463988945,1.0,True,False,0.08838800156259999,Run 3::agentmemorybench:fact-mh-262k:context-0/factconsolidation_mh_262k_no90,True,1.0,7.250000050917151,True
Run 3,agentmemorybench:fact-mh-262k:context-0/factconsolidation_mh_262k_no91,1,9,0.1111111111111111,0.0,-4.2499997625127435,0.0140636303362064,0.0,False,True,0.0,Run 3::agentmemorybench:fact-mh-262k:context-0/factconsolidation_mh_262k_no91,False,,,False
Run 3,agentmemorybench:fact-mh-262k:context-0/factconsolidation_mh_262k_no91,2,9,0.2222222222222222,0.0,2.8124999571591616,0.943255007847419,1.0,False,True,0.08838828706222371,Run 3::agentmemorybench:fact-mh-262k:context-0/factconsolidation_mh_262k_no91,True,0.0,7.062499719671905,False
Run 3,agentmemorybench:fact-mh-262k:context-0/factconsolidation_mh_262k_no91,3,9,0.3333333333333333,0.0,-1.4999999850988388,0.18242552602881168,0.0,False,True,6.322027276634104e-08,Run 3::agentmemorybench:fact-mh-262k:context-0/factconsolidation_mh_262k_no91,False,0.0,-4.312499942258,False
Run 3,agentmemorybench:fact-mh-262k:context-0/factconsolidation_mh_262k_no91,4,9,0.4444444444444444,0.0,-2.499999962747097,0.07632287086291835,0.0,False,True,0.17677672690677326,Run 3::agentmemorybench:fact-mh-262k:context-0/factconsolidation_mh_262k_no91,False,0.0,-0.9999999776482582,False
Run 3,agentmemorybench:fact-mh-262k:context-0/factconsolidation_mh_262k_no91,5,9,0.5555555555555556,0.3333333333333333,3.3125000931322575,0.9647935703039252,1.0,False,True,0.0883883423799619,Run 3::agentmemorybench:fact-mh-262k:context-0/factconsolidation_mh_262k_no91,True,0.3333333333333333,5.8125000558793545,True
Run 3,agentmemorybench:fact-mh-262k:context-0/factconsolidation_mh_262k_no91,6,9,0.6666666666666666,0.3333333333333333,1.7499999925494194,0.8519528010285746,1.0,False,True,1.0536712127723509e-08,Run 3::agentmemorybench:fact-mh-262k:context-0/factconsolidation_mh_262k_no91,True,0.0,-1.562500100582838,False
Run 3,agentmemorybench:fact-mh-262k:context-0/factconsolidation_mh_262k_no91,7,9,0.7777777777777778,0.6666666666666666,5.499999836436473,0.9958984119597964,1.0,False,True,0.17677667208294298,Run 3::agentmemorybench:fact-mh-262k:context-0/factconsolidation_mh_262k_no91,True,0.3333333333333333,3.7499998438870534,True
Run 3,agentmemorybench:fact-mh-262k:context-0/factconsolidation_mh_262k_no91,8,9,0.8888888888888888,0.6666666666666666,2.437500063329935,0.9195213923010235,1.0,False,True,0.08838830023311339,Run 3::agentmemorybench:fact-mh-262k:context-0/factconsolidation_mh_262k_no91,True,0.0,-3.0624997731065378,False
Run 3,agentmemorybench:fact-mh-262k:context-0/factconsolidation_mh_262k_no91,9,9,1.0,1.0,4.624999925727025,0.9899955529511923,1.0,False,True,0.35355354107069387,Run 3::agentmemorybench:fact-mh-262k:context-0/factconsolidation_mh_262k_no91,True,0.33333333333333337,2.1874998623970896,True
Run 3,agentmemorybench:fact-mh-262k:context-0/factconsolidation_mh_262k_no92,1,13,0.0769230769230769,0.0,-4.87500014482066,0.0075772401788346,0.0,False,False,0.0,Run 3::agentmemorybench:fact-mh-262k:context-0/factconsolidation_mh_262k_no92,False,,,False
Run 3,agentmemorybench:fact-mh-262k:context-0/factconsolidation_mh_262k_no92,2,13,0.1538461538461538,0.0,1.0625000447034836,0.742986791365297,1.0,False,False,0.08838832657489419,Run 3::agentmemorybench:fact-mh-262k:context-0/factconsolidation_mh_262k_no92,True,0.0,5.937500189524144,False
Run 3,agentmemorybench:fact-mh-262k:context-0/factconsolidation_mh_262k_no92,3,13,0.2307692307692307,0.0,-0.8125000298023224,0.3075181301526458,0.0,False,False,0.08838834764831845,Run 3::agentmemorybench:fact-mh-262k:context-0/factconsolidation_mh_262k_no92,False,0.0,-1.875000074505806,False
Run 3,agentmemorybench:fact-mh-262k:context-0/factconsolidation_mh_262k_no92,4,13,0.3076923076923077,0.3333333333333333,2.3750000074505806,0.914900955573061,1.0,False,False,1.0536712143424433e-07,Run 3::agentmemorybench:fact-mh-262k:context-0/factconsolidation_mh_262k_no92,True,0.3333333333333333,3.187500037252903,True
Run 3,agentmemorybench:fact-mh-262k:context-0/factconsolidation_mh_262k_no92,5,13,0.3846153846153846,0.3333333333333333,-1.4374999850988388,0.19211937534476936,0.0,False,False,0.08838834764831845,Run 3::agentmemorybench:fact-mh-262k:context-0/factconsolidation_mh_262k_no92,False,0.0,-3.8124999925494194,False
Run 3,agentmemorybench:fact-mh-262k:context-0/factconsolidation_mh_262k_no92,6,13,0.4615384615384615,0.3333333333333333,-1.9999999850988388,0.11920292358664394,0.0,False,False,6.322027276634104e-08,Run 3::agentmemorybench:fact-mh-262k:context-0/factconsolidation_mh_262k_no92,False,0.0,-0.5625,False
Run 3,agentmemorybench:fact-mh-262k:context-0/factconsolidation_mh_262k_no92,7,13,0.5384615384615384,0.3333333333333333,-2.5000000409781933,0.0758581771485201,0.0,False,False,1.1063547734109683e-07,Run 3::agentmemorybench:fact-mh-262k:context-0/factconsolidation_mh_262k_no92,False,0.0,-0.5000000558793545,False
Run 3,agentmemorybench:fact-mh-262k:context-0/factconsolidation_mh_262k_no92,8,13,0.6153846153846154,0.3333333333333333,-1.2500000149011612,0.22270013624584656,0.0,False,False,6.322027276634104e-08,Run 3::agentmemorybench:fact-mh-262k:context-0/factconsolidation_mh_262k_no92,False,0.0,1.250000026077032,False
Run 3,agentmemorybench:fact-mh-262k:context-0/factconsolidation_mh_262k_no92,9,13,0.6923076923076923,0.3333333333333333,-1.499999962747097,0.18316484805108402,0.0,False,False,0.17677668475992475,Run 3::agentmemorybench:fact-mh-262k:context-0/factconsolidation_mh_262k_no92,False,0.0,-0.24999994784593582,False
Run 3,agentmemorybench:fact-mh-262k:context-0/factconsolidation_mh_262k_no92,10,13,0.7692307692307693,0.3333333333333333,-2.9375000093132257,0.05041460105794375,0.0,False,False,0.08838835555085253,Run 3::agentmemorybench:fact-mh-262k:context-0/factconsolidation_mh_262k_no92,False,0.0,-1.4375000465661287,False
Run 3,agentmemorybench:fact-mh-262k:context-0/factconsolidation_mh_262k_no92,11,13,0.8461538461538461,0.3333333333333333,-2.999999947845936,0.0477455314941833,0.0,False,False,0.17677676905362177,Run 3::agentmemorybench:fact-mh-262k:context-0/factconsolidation_mh_262k_no92,False,0.0,-0.062499938532710075,False
Run 3,agentmemorybench:fact-mh-262k:context-0/factconsolidation_mh_262k_no92,12,13,0.9230769230769232,0.3333333333333333,-0.5,0.3775406687981454,0.0,False,False,0.0,Run 3::agentmemorybench:fact-mh-262k:context-0/factconsolidation_mh_262k_no92,False,0.0,2.499999947845936,False
Run 3,agentmemorybench:fact-mh-262k:context-0/factconsolidation_mh_262k_no92,13,13,1.0,0.3333333333333333,0.5625000149011612,0.6369071013178845,1.0,False,False,0.0883883687217427,Run 3::agentmemorybench:fact-mh-262k:context-0/factconsolidation_mh_262k_no92,True,0.0,1.0625000149011612,False
Run 3,agentmemorybench:fact-mh-262k:context-0/factconsolidation_mh_262k_no93,1,8,0.125,0.0,-4.5624999566935,0.0103477099298321,0.0,False,False,0.08838819025618103,Run 3::agentmemorybench:fact-mh-262k:context-0/factconsolidation_mh_262k_no93,False,,,False
Run 3,agentmemorybench:fact-mh-262k:context-0/factconsolidation_mh_262k_no93,2,8,0.25,0.0,1.3124999701976776,0.7877433144773456,1.0,False,False,0.08838834764831845,Run 3::agentmemorybench:fact-mh-262k:context-0/factconsolidation_mh_262k_no93,True,0.0,5.874999926891178,False
Run 3,agentmemorybench:fact-mh-262k:context-0/factconsolidation_mh_262k_no93,3,8,0.375,0.25,1.9374999329447746,0.873916411389607,1.0,False,False,0.08838837925845483,Run 3::agentmemorybench:fact-mh-262k:context-0/factconsolidation_mh_262k_no93,True,0.25,0.624999962747097,True
Run 3,agentmemorybench:fact-mh-262k:context-0/factconsolidation_mh_262k_no93,4,8,0.5,0.25,-0.1875,0.4533070628702228,0.0,False,False,0.08838834764831845,Run 3::agentmemorybench:fact-mh-262k:context-0/factconsolidation_mh_262k_no93,False,0.0,-2.1249999329447746,False
Run 3,agentmemorybench:fact-mh-262k:context-0/factconsolidation_mh_262k_no93,5,8,0.625,0.5,0.8125000149011612,0.6924818669057151,1.0,False,False,0.08838828442804568,Run 3::agentmemorybench:fact-mh-262k:context-0/factconsolidation_mh_262k_no93,True,0.25,1.0000000149011612,True
Run 3,agentmemorybench:fact-mh-262k:context-0/factconsolidation_mh_262k_no93,6,8,0.75,0.5,0.875,0.7057850278370112,1.0,False,False,4.2146848510894035e-08,Run 3::agentmemorybench:fact-mh-262k:context-0/factconsolidation_mh_262k_no93,True,0.0,0.062499985098838806,False
Run 3,agentmemorybench:fact-mh-262k:context-0/factconsolidation_mh_262k_no93,7,8,0.875,0.5,1.3124999850988388,0.7877433170568078,1.0,False,False,0.08838832657489419,Run 3::agentmemorybench:fact-mh-262k:context-0/factconsolidation_mh_262k_no93,True,0.0,0.4374999850988388,False
Run 3,agentmemorybench:fact-mh-262k:context-0/factconsolidation_mh_262k_no93,8,8,1.0,0.5,3.750000041909516,0.9770226310308182,1.0,False,False,1.0668421076422825e-07,Run 3::agentmemorybench:fact-mh-262k:context-0/factconsolidation_mh_262k_no93,True,0.0,2.437500056810677,False
Run 3,agentmemorybench:fact-mh-262k:context-0/factconsolidation_mh_262k_no94,1,5,0.2,0.0,-3.7500000335276127,0.02297736915735055,0.0,True,False,1.0800129930916596e-07,Run 3::agentmemorybench:fact-mh-262k:context-0/factconsolidation_mh_262k_no94,False,,,False
Run 3,agentmemorybench:fact-mh-262k:context-0/factconsolidation_mh_262k_no94,2,5,0.4,0.0,3.125000022351742,0.9579122729855217,1.0,True,False,1.0536712143424433e-07,Run 3::agentmemorybench:fact-mh-262k:context-0/factconsolidation_mh_262k_no94,True,0.0,6.8750000558793545,False
Run 3,agentmemorybench:fact-mh-262k:context-0/factconsolidation_mh_262k_no94,3,5,0.6,0.5,1.8124999850988388,0.8594942788441733,1.0,True,False,0.08838841086859121,Run 3::agentmemorybench:fact-mh-262k:context-0/factconsolidation_mh_262k_no94,True,0.5,-1.312500037252903,True
Run 3,agentmemorybench:fact-mh-262k:context-0/factconsolidation_mh_262k_no94,4,5,0.8,0.5,2.999999998137355,0.9525741267382851,1.0,True,False,7.90253409579263e-09,Run 3::agentmemorybench:fact-mh-262k:context-0/factconsolidation_mh_262k_no94,True,0.0,1.187500013038516,False
Run 3,agentmemorybench:fact-mh-262k:context-0/factconsolidation_mh_262k_no94,5,5,1.0,1.0,5.999999834340997,0.9975081779006731,1.0,True,False,0.1767766095212147,Run 3::agentmemorybench:fact-mh-262k:context-0/factconsolidation_mh_262k_no94,True,0.5,2.999999836203642,True
Run 3,agentmemorybench:fact-mh-262k:context-0/factconsolidation_mh_262k_no95,1,8,0.125,0.0,-5.3750000898726285,0.0046095717670094,0.0,False,False,0.0,Run 3::agentmemorybench:fact-mh-262k:context-0/factconsolidation_mh_262k_no95,False,,,False
Run 3,agentmemorybench:fact-mh-262k:context-0/factconsolidation_mh_262k_no95,2,8,0.25,0.0,-1.6250000223517418,0.1652363574138483,0.0,False,False,0.17677664261307624,Run 3::agentmemorybench:fact-mh-262k:context-0/factconsolidation_mh_262k_no95,False,0.0,3.7500000675208867,False
Run 3,agentmemorybench:fact-mh-262k:context-0/factconsolidation_mh_262k_no95,3,8,0.375,0.5,3.4374999860301614,0.9688008951445247,1.0,False,False,0.08838823832993012,Run 3::agentmemorybench:fact-mh-262k:context-0/factconsolidation_mh_262k_no95,True,0.5,5.062500008381903,True
Run 3,agentmemorybench:fact-mh-262k:context-0/factconsolidation_mh_262k_no95,4,8,0.5,0.5,1.3124999701976776,0.7877433142982314,1.0,False,False,0.08838838979516696,Run 3::agentmemorybench:fact-mh-262k:context-0/factconsolidation_mh_262k_no95,True,0.0,-2.1250000158324838,False
Run 3,agentmemorybench:fact-mh-262k:context-0/factconsolidation_mh_262k_no95,5,8,0.625,0.5,1.1875000149011612,0.7661074267781479,1.0,False,False,0.08838832657489419,Run 3::agentmemorybench:fact-mh-262k:context-0/factconsolidation_mh_262k_no95,True,0.0,-0.12499995529651642,False
Run 3,agentmemorybench:fact-mh-262k:context-0/factconsolidation_mh_262k_no95,6,8,0.75,0.5,-0.375,0.4073334000459302,0.0,False,False,0.0,Run 3::agentmemorybench:fact-mh-262k:context-0/factconsolidation_mh_262k_no95,False,0.0,-1.5625000149011612,False
Run 3,agentmemorybench:fact-mh-262k:context-0/factconsolidation_mh_262k_no95,7,8,0.875,0.5,-0.125,0.4689117495571009,0.0,False,False,0.1767766952966369,Run 3::agentmemorybench:fact-mh-262k:context-0/factconsolidation_mh_262k_no95,False,0.0,0.25,False
Run 3,agentmemorybench:fact-mh-262k:context-0/factconsolidation_mh_262k_no95,8,8,1.0,0.5,4.312500088475645,0.9867523622748744,1.0,False,False,0.088388229110307,Run 3::agentmemorybench:fact-mh-262k:context-0/factconsolidation_mh_262k_no95,True,0.0,4.437500088475645,False
Run 3,agentmemorybench:fact-mh-262k:context-0/factconsolidation_mh_262k_no96,1,12,0.0833333333333333,0.0,-4.7499999813735485,0.0085774855721097,0.0,False,True,2.081000645225393e-07,Run 3::agentmemorybench:fact-mh-262k:context-0/factconsolidation_mh_262k_no96,False,,,False
Run 3,agentmemorybench:fact-mh-262k:context-0/factconsolidation_mh_262k_no96,2,12,0.1666666666666666,0.0,1.6250000298023224,0.8354835411997896,1.0,False,True,2.1073424255447017e-08,Run 3::agentmemorybench:fact-mh-262k:context-0/factconsolidation_mh_262k_no96,True,0.0,6.375000011175871,False
Run 3,agentmemorybench:fact-mh-262k:context-0/factconsolidation_mh_262k_no96,3,12,0.25,0.0,0.7500000298023224,0.6791787056691698,1.0,False,True,0.0,Run 3::agentmemorybench:fact-mh-262k:context-0/factconsolidation_mh_262k_no96,True,0.0,-0.875,False
Run 3,agentmemorybench:fact-mh-262k:context-0/factconsolidation_mh_262k_no96,4,12,0.3333333333333333,0.0,1.2500000298023224,0.7772998663336157,1.0,False,True,4.2146848510894035e-08,Run 3::agentmemorybench:fact-mh-262k:context-0/factconsolidation_mh_262k_no96,True,0.0,0.5,False
Run 3,agentmemorybench:fact-mh-262k:context-0/factconsolidation_mh_262k_no96,5,12,0.4166666666666667,0.0,6.312499993189704,0.998186271433321,1.0,False,True,0.08838856076978484,Run 3::agentmemorybench:fact-mh-262k:context-0/factconsolidation_mh_262k_no96,True,0.0,5.062499963387381,False
Run 3,agentmemorybench:fact-mh-262k:context-0/factconsolidation_mh_262k_no96,6,12,0.5,0.0,1.4374999701976776,0.8078806222548824,1.0,False,True,0.0883883687217427,Run 3::agentmemorybench:fact-mh-262k:context-0/factconsolidation_mh_262k_no96,True,0.0,-4.875000022992026,False
Run 3,agentmemorybench:fact-mh-262k:context-0/factconsolidation_mh_262k_no96,7,12,0.5833333333333334,0.0,0.6875000298023224,0.6652667884145004,1.0,False,True,0.08838838979516696,Run 3::agentmemorybench:fact-mh-262k:context-0/factconsolidation_mh_262k_no96,True,0.0,-0.7499999403953552,False
Run 3,agentmemorybench:fact-mh-262k:context-0/factconsolidation_mh_262k_no96,8,12,0.6666666666666666,0.0,0.4375,0.6075629655779622,1.0,False,True,0.08838834764831845,Run 3::agentmemorybench:fact-mh-262k:context-0/factconsolidation_mh_262k_no96,True,0.0,-0.2500000298023224,False
Run 3,agentmemorybench:fact-mh-262k:context-0/factconsolidation_mh_262k_no96,9,12,0.75,0.0,-0.6250000149011612,0.3486451319500157,0.0,False,True,2.1073424255447017e-08,Run 3::agentmemorybench:fact-mh-262k:context-0/factconsolidation_mh_262k_no96,False,0.0,-1.0625000149011612,False
Run 3,agentmemorybench:fact-mh-262k:context-0/factconsolidation_mh_262k_no96,10,12,0.8333333333333334,0.0,-1.6874999925494194,0.15628183115080554,0.0,False,True,0.08838827389133355,Run 3::agentmemorybench:fact-mh-262k:context-0/factconsolidation_mh_262k_no96,False,0.0,-1.0624999776482582,False
Run 3,agentmemorybench:fact-mh-262k:context-0/factconsolidation_mh_262k_no96,11,12,0.9166666666666666,0.0,-1.1249999850988388,0.24508501588935994,0.0,False,True,2.1073424255447017e-08,Run 3::agentmemorybench:fact-mh-262k:context-0/factconsolidation_mh_262k_no96,False,0.0,0.5625000074505806,False
Run 3,agentmemorybench:fact-mh-262k:context-0/factconsolidation_mh_262k_no96,12,12,1.0,0.0,-2.1250000409781933,0.10669059004011361,0.0,False,True,1.0009876521337333e-07,Run 3::agentmemorybench:fact-mh-262k:context-0/factconsolidation_mh_262k_no96,False,0.0,-1.0000000558793545,False
Run 3,agentmemorybench:fact-mh-262k:context-0/factconsolidation_mh_262k_no97,1,5,0.2,0.0,-4.125000063329935,0.015906390720487447,0.0,True,False,2.0019753042674665e-07,Run 3::agentmemorybench:fact-mh-262k:context-0/factconsolidation_mh_262k_no97,False,,,False
Run 3,agentmemorybench:fact-mh-262k:context-0/factconsolidation_mh_262k_no97,2,5,0.4,0.0,3.624999945051968,0.9740426414129205,1.0,True,False,3.95126751892405e-09,Run 3::agentmemorybench:fact-mh-262k:context-0/factconsolidation_mh_262k_no97,True,0.0,7.750000008381903,False
Run 3,agentmemorybench:fact-mh-262k:context-0/factconsolidation_mh_262k_no97,3,5,0.6,0.5,4.3125000121071935,0.986752361355786,1.0,True,False,0.0883880881817823,Run 3::agentmemorybench:fact-mh-262k:context-0/factconsolidation_mh_262k_no97,True,0.5,0.6875000670552254,True
Run 3,agentmemorybench:fact-mh-262k:context-0/factconsolidation_mh_262k_no97,4,5,0.8,0.5,2.8749999217689037,0.946596666245483,1.0,True,False,5.795191670247929e-08,Run 3::agentmemorybench:fact-mh-262k:context-0/factconsolidation_mh_262k_no97,True,0.0,-1.4375000903382897,False
Run 3,agentmemorybench:fact-mh-262k:context-0/factconsolidation_mh_262k_no97,5,5,1.0,1.0,9.124999709463737,0.9998911030583384,1.0,True,False,2.530148572905112e-07,Run 3::agentmemorybench:fact-mh-262k:context-0/factconsolidation_mh_262k_no97,True,0.5,6.249999787694833,True
Run 3,agentmemorybench:fact-mh-262k:context-0/factconsolidation_mh_262k_no98,1,13,0.0769230769230769,0.0,-5.125000222353265,0.0059110675496676,0.0,False,True,1.0865984381714868e-08,Run 3::agentmemorybench:fact-mh-262k:context-0/factconsolidation_mh_262k_no98,False,,,False
Run 3,agentmemorybench:fact-mh-262k:context-0/factconsolidation_mh_262k_no98,2,13,0.1538461538461538,0.0,0.6249999701976776,0.6513548578981939,1.0,False,True,4.2146848510894035e-08,Run 3::agentmemorybench:fact-mh-262k:context-0/factconsolidation_mh_262k_no98,True,0.0,5.750000192550942,False
Run 3,agentmemorybench:fact-mh-262k:context-0/factconsolidation_mh_262k_no98,3,13,0.2307692307692307,0.3333333333333333,-0.3125,0.4225784495800661,0.0,False,True,0.08838834764831845,Run 3::agentmemorybench:fact-mh-262k:context-0/factconsolidation_mh_262k_no98,False,0.3333333333333333,-0.9374999701976776,True
Run 3,agentmemorybench:fact-mh-262k:context-0/factconsolidation_mh_262k_no98,4,13,0.3076923076923077,0.3333333333333333,1.3124999552965164,0.7877433120769972,1.0,False,True,0.08838832657489419,Run 3::agentmemorybench:fact-mh-262k:context-0/factconsolidation_mh_262k_no98,True,0.0,1.6249999552965164,False
Run 3,agentmemorybench:fact-mh-262k:context-0/factconsolidation_mh_262k_no98,5,13,0.3846153846153846,0.6666666666666666,-0.5624999850988388,0.36309290544997563,0.0,False,True,0.08838832657489419,Run 3::agentmemorybench:fact-mh-262k:context-0/factconsolidation_mh_262k_no98,False,0.3333333333333333,-1.8749999403953552,True
Run 3,agentmemorybench:fact-mh-262k:context-0/factconsolidation_mh_262k_no98,6,13,0.4615384615384615,0.6666666666666666,-1.2500000149011612,0.2234491145827471,0.0,False,True,0.17677663207636413,Run 3::agentmemorybench:fact-mh-262k:context-0/factconsolidation_mh_262k_no98,False,0.0,-0.6875000298023224,False
Run 3,agentmemorybench:fact-mh-262k:context-0/factconsolidation_mh_262k_no98,7,13,0.5384615384615384,0.6666666666666666,-2.750000109896064,0.06047500426590855,0.0,False,True,0.17677670319917096,Run 3::agentmemorybench:fact-mh-262k:context-0/factconsolidation_mh_262k_no98,False,0.0,-1.5000000949949026,False
Run 3,agentmemorybench:fact-mh-262k:context-0/factconsolidation_mh_262k_no98,8,13,0.6153846153846154,0.6666666666666666,-3.2500000093132257,0.03732688700947185,0.0,False,True,8.692787505371894e-08,Run 3::agentmemorybench:fact-mh-262k:context-0/factconsolidation_mh_262k_no98,False,0.0,-0.49999989941716194,False
Run 3,agentmemorybench:fact-mh-262k:context-0/factconsolidation_mh_262k_no98,9,13,0.6923076923076923,0.6666666666666666,-3.062500022351742,0.044756799763141605,0.0,False,True,0.08838844774708365,Run 3::agentmemorybench:fact-mh-262k:context-0/factconsolidation_mh_262k_no98,False,0.0,0.18749998696148396,False
Run 3,agentmemorybench:fact-mh-262k:context-0/factconsolidation_mh_262k_no98,10,13,0.7692307692307693,0.6666666666666666,-3.125000013038516,0.04208772738995355,0.0,False,True,1.0800129930916596e-07,Run 3::agentmemorybench:fact-mh-262k:context-0/factconsolidation_mh_262k_no98,False,0.0,-0.062499990686774254,False
Run 3,agentmemorybench:fact-mh-262k:context-0/factconsolidation_mh_262k_no98,11,13,0.8461538461538461,0.6666666666666666,-3.4375000689178705,0.03119910254320295,0.0,False,True,0.08838839242934499,Run 3::agentmemorybench:fact-mh-262k:context-0/factconsolidation_mh_262k_no98,False,0.0,-0.3125000558793545,False
Run 3,agentmemorybench:fact-mh-262k:context-0/factconsolidation_mh_262k_no98,12,13,0.9230769230769232,0.6666666666666666,-3.750000074505806,0.0229773682374142,0.0,False,True,3.161013654017977e-08,Run 3::agentmemorybench:fact-mh-262k:context-0/factconsolidation_mh_262k_no98,False,0.0,-0.31250000558793545,False
Run 3,agentmemorybench:fact-mh-262k:context-0/factconsolidation_mh_262k_no98,13,13,1.0,0.6666666666666666,-2.4374999925494194,0.08047861297867734,0.0,False,True,0.08838831603818206,Run 3::agentmemorybench:fact-mh-262k:context-0/factconsolidation_mh_262k_no98,False,0.0,1.3125000819563866,False
Run 3,agentmemorybench:fact-mh-262k:context-0/factconsolidation_mh_262k_no99,1,10,0.1,0.0,-4.124999988824129,0.01590639188675485,0.0,False,True,6.322027276634104e-08,Run 3::agentmemorybench:fact-mh-262k:context-0/factconsolidation_mh_262k_no99,False,,,False
Run 3,agentmemorybench:fact-mh-262k:context-0/factconsolidation_mh_262k_no99,2,10,0.2,0.0,1.6875000074505806,0.843718170306905,1.0,False,True,0.08838840033187909,Run 3::agentmemorybench:fact-mh-262k:context-0/factconsolidation_mh_262k_no99,True,0.0,5.81249999627471,False
Run 3,agentmemorybench:fact-mh-262k:context-0/factconsolidation_mh_262k_no99,3,10,0.3,0.0,3.624999994412065,0.97404264266092,1.0,False,True,8.429369702178807e-08,Run 3::agentmemorybench:fact-mh-262k:context-0/factconsolidation_mh_262k_no99,True,0.0,1.9374999869614844,False
Run 3,agentmemorybench:fact-mh-262k:context-0/factconsolidation_mh_262k_no99,4,10,0.4,0.0,2.124999951571226,0.8933094014387131,1.0,False,True,2.6341780476318014e-08,Run 3::agentmemorybench:fact-mh-262k:context-0/factconsolidation_mh_262k_no99,True,0.0,-1.5000000428408389,False
Run 3,agentmemorybench:fact-mh-262k:context-0/factconsolidation_mh_262k_no99,5,10,0.5,1.0,6.562500171770807,0.9985868979059164,1.0,False,True,0.08838833949883015,Run 3::agentmemorybench:fact-mh-262k:context-0/factconsolidation_mh_262k_no99,True,1.0,4.437500220199581,True
Run 3,agentmemorybench:fact-mh-262k:context-0/factconsolidation_mh_262k_no99,6,10,0.6,1.0,1.6875,0.8437181695358738,1.0,False,True,0.08838834764831845,Run 3::agentmemorybench:fact-mh-262k:context-0/factconsolidation_mh_262k_no99,True,0.0,-4.875000171770807,False
Run 3,agentmemorybench:fact-mh-262k:context-0/factconsolidation_mh_262k_no99,7,10,0.7,1.0,-0.4374999850988388,0.392437037923866,0.0,False,True,0.08838832657489419,Run 3::agentmemorybench:fact-mh-262k:context-0/factconsolidation_mh_262k_no99,False,0.0,-2.124999985098839,False
Run 3,agentmemorybench:fact-mh-262k:context-0/factconsolidation_mh_262k_no99,8,10,0.8,1.0,-0.3125,0.4225784495800661,0.0,False,True,0.08838834764831845,Run 3::agentmemorybench:fact-mh-262k:context-0/factconsolidation_mh_262k_no99,False,0.0,0.1249999850988388,False
Run 3,agentmemorybench:fact-mh-262k:context-0/factconsolidation_mh_262k_no99,9,10,0.9,1.0,-0.25,0.43806201333608696,0.0,False,True,0.1767766952966369,Run 3::agentmemorybench:fact-mh-262k:context-0/factconsolidation_mh_262k_no99,False,0.0,0.0625,False
Run 3,agentmemorybench:fact-mh-262k:context-0/factconsolidation_mh_262k_no99,10,10,1.0,1.0,-0.6249999850988388,0.34864513871787584,0.0,False,True,2.1073424255447017e-08,Run 3::agentmemorybench:fact-mh-262k:context-0/factconsolidation_mh_262k_no99,False,0.0,-0.3749999850988388,False
