round,question_id,decision_step,gold_hop_count,committed_coverage_r,current_preview_hop_indices,current_preview_gold_count,current_preview_coverage,current_read_result_hop_indices,current_tool_hop_indices,visible_or_committed_hop_indices,visible_or_committed_coverage,cumulative_preview_hop_indices,ever_seen_or_committed_hop_indices,ever_seen_or_committed_coverage
Run 1,agentmemorybench:fact-mh-262k:context-0/factconsolidation_mh_262k_no0,1,3,0.0,[],0,0.0,[],[],[],0.0,[],[],0.0
Run 1,agentmemorybench:fact-mh-262k:context-0/factconsolidation_mh_262k_no0,2,3,0.0,[1],1,0.3333333333333333,[],[1],[1],0.3333333333333333,[1],[1],0.3333333333333333
Run 1,agentmemorybench:fact-mh-262k:context-0/factconsolidation_mh_262k_no0,3,3,0.3333333333333333,[],0,0.0,[1],[1],[1],0.3333333333333333,[1],[1],0.3333333333333333
Run 1,agentmemorybench:fact-mh-262k:context-0/factconsolidation_mh_262k_no0,4,3,0.3333333333333333,[],0,0.0,[],[],[1],0.3333333333333333,[1],[1],0.3333333333333333
Run 1,agentmemorybench:fact-mh-262k:context-0/factconsolidation_mh_262k_no0,5,3,0.3333333333333333,[],0,0.0,[],[],[1],0.3333333333333333,[1],[1],0.3333333333333333
Run 1,agentmemorybench:fact-mh-262k:context-0/factconsolidation_mh_262k_no0,6,3,0.3333333333333333,[],0,0.0,[],[],[1],0.3333333333333333,[1],[1],0.3333333333333333
Run 1,agentmemorybench:fact-mh-262k:context-0/factconsolidation_mh_262k_no0,7,3,0.3333333333333333,[],0,0.0,[],[],[1],0.3333333333333333,[1],[1],0.3333333333333333
Run 1,agentmemorybench:fact-mh-262k:context-0/factconsolidation_mh_262k_no0,8,3,0.3333333333333333,[],0,0.0,[1],[1],[1],0.3333333333333333,[1],[1],0.3333333333333333
Run 1,agentmemorybench:fact-mh-262k:context-0/factconsolidation_mh_262k_no1,1,2,0.0,[],0,0.0,[],[],[],0.0,[],[],0.0
Run 1,agentmemorybench:fact-mh-262k:context-0/factconsolidation_mh_262k_no1,2,2,0.0,[1],1,0.5,[],[1],[1],0.5,[1],[1],0.5
Run 1,agentmemorybench:fact-mh-262k:context-0/factconsolidation_mh_262k_no1,3,2,0.5,[],0,0.0,[1],[1],[1],0.5,[1],[1],0.5
Run 1,agentmemorybench:fact-mh-262k:context-0/factconsolidation_mh_262k_no1,4,2,0.5,[2],1,0.5,[],[2],"[1,2]",1.0,"[1,2]","[1,2]",1.0
Run 1,agentmemorybench:fact-mh-262k:context-0/factconsolidation_mh_262k_no1,5,2,1.0,[],0,0.0,[2],[2],"[1,2]",1.0,"[1,2]","[1,2]",1.0
Run 1,agentmemorybench:fact-mh-262k:context-0/factconsolidation_mh_262k_no1,6,2,1.0,[],0,0.0,[],[2],"[1,2]",1.0,"[1,2]","[1,2]",1.0
Run 1,agentmemorybench:fact-mh-262k:context-0/factconsolidation_mh_262k_no10,1,4,0.0,[],0,0.0,[],[],[],0.0,[],[],0.0
Run 1,agentmemorybench:fact-mh-262k:context-0/factconsolidation_mh_262k_no10,2,4,0.0,[1],1,0.25,[],[1],[1],0.25,[1],[1],0.25
Run 1,agentmemorybench:fact-mh-262k:context-0/factconsolidation_mh_262k_no10,3,4,0.0,"[1,2]",2,0.5,[],"[1,2]","[1,2]",0.5,"[1,2]","[1,2]",0.5
Run 1,agentmemorybench:fact-mh-262k:context-0/factconsolidation_mh_262k_no10,4,4,0.0,"[2,3]",2,0.5,[],"[2,3]","[2,3]",0.5,"[1,2,3]","[1,2,3]",0.75
Run 1,agentmemorybench:fact-mh-262k:context-0/factconsolidation_mh_262k_no10,5,4,0.0,[4],1,0.25,[],[4],[4],0.25,"[1,2,3,4]","[1,2,3,4]",1.0
Run 1,agentmemorybench:fact-mh-262k:context-0/factconsolidation_mh_262k_no10,6,4,1.0,[],0,0.0,"[1,2,3,4]","[1,2,3,4]","[1,2,3,4]",1.0,"[1,2,3,4]","[1,2,3,4]",1.0
Run 1,agentmemorybench:fact-mh-262k:context-0/factconsolidation_mh_262k_no11,1,3,0.0,[],0,0.0,[],[],[],0.0,[],[],0.0
Run 1,agentmemorybench:fact-mh-262k:context-0/factconsolidation_mh_262k_no11,2,3,0.0,[1],1,0.3333333333333333,[],[1],[1],0.3333333333333333,[1],[1],0.3333333333333333
Run 1,agentmemorybench:fact-mh-262k:context-0/factconsolidation_mh_262k_no11,3,3,0.3333333333333333,[],0,0.0,[1],[1],[1],0.3333333333333333,[1],[1],0.3333333333333333
Run 1,agentmemorybench:fact-mh-262k:context-0/factconsolidation_mh_262k_no11,4,3,0.3333333333333333,[2],1,0.3333333333333333,[],[2],"[1,2]",0.6666666666666666,"[1,2]","[1,2]",0.6666666666666666
Run 1,agentmemorybench:fact-mh-262k:context-0/factconsolidation_mh_262k_no11,5,3,0.3333333333333333,"[2,3]",2,0.6666666666666666,[],"[2,3]","[1,2,3]",1.0,"[1,2,3]","[1,2,3]",1.0
Run 1,agentmemorybench:fact-mh-262k:context-0/factconsolidation_mh_262k_no11,6,3,1.0,[],0,0.0,"[2,3]","[2,3]","[1,2,3]",1.0,"[1,2,3]","[1,2,3]",1.0
Run 1,agentmemorybench:fact-mh-262k:context-0/factconsolidation_mh_262k_no11,7,3,1.0,[],0,0.0,[],[],"[1,2,3]",1.0,"[1,2,3]","[1,2,3]",1.0
Run 1,agentmemorybench:fact-mh-262k:context-0/factconsolidation_mh_262k_no11,8,3,1.0,[],0,0.0,[],[],"[1,2,3]",1.0,"[1,2,3]","[1,2,3]",1.0
Run 1,agentmemorybench:fact-mh-262k:context-0/factconsolidation_mh_262k_no11,9,3,1.0,[],0,0.0,[],[],"[1,2,3]",1.0,"[1,2,3]","[1,2,3]",1.0
Run 1,agentmemorybench:fact-mh-262k:context-0/factconsolidation_mh_262k_no11,10,3,1.0,[],0,0.0,[],[],"[1,2,3]",1.0,"[1,2,3]","[1,2,3]",1.0
Run 1,agentmemorybench:fact-mh-262k:context-0/factconsolidation_mh_262k_no11,11,3,1.0,[],0,0.0,[],[],"[1,2,3]",1.0,"[1,2,3]","[1,2,3]",1.0
Run 1,agentmemorybench:fact-mh-262k:context-0/factconsolidation_mh_262k_no11,12,3,1.0,[],0,0.0,[],[],"[1,2,3]",1.0,"[1,2,3]","[1,2,3]",1.0
Run 1,agentmemorybench:fact-mh-262k:context-0/factconsolidation_mh_262k_no11,13,3,1.0,[],0,0.0,[],[],"[1,2,3]",1.0,"[1,2,3]","[1,2,3]",1.0
Run 1,agentmemorybench:fact-mh-262k:context-0/factconsolidation_mh_262k_no11,14,3,1.0,[],0,0.0,[],[],"[1,2,3]",1.0,"[1,2,3]","[1,2,3]",1.0
Run 1,agentmemorybench:fact-mh-262k:context-0/factconsolidation_mh_262k_no12,1,2,0.0,[],0,0.0,[],[],[],0.0,[],[],0.0
Run 1,agentmemorybench:fact-mh-262k:context-0/factconsolidation_mh_262k_no12,2,2,0.0,[1],1,0.5,[],[1],[1],0.5,[1],[1],0.5
Run 1,agentmemorybench:fact-mh-262k:context-0/factconsolidation_mh_262k_no12,3,2,0.5,[],0,0.0,[1],[1],[1],0.5,[1],[1],0.5
Run 1,agentmemorybench:fact-mh-262k:context-0/factconsolidation_mh_262k_no12,4,2,0.5,[2],1,0.5,[],[2],"[1,2]",1.0,"[1,2]","[1,2]",1.0
Run 1,agentmemorybench:fact-mh-262k:context-0/factconsolidation_mh_262k_no12,5,2,1.0,[],0,0.0,[2],[2],"[1,2]",1.0,"[1,2]","[1,2]",1.0
Run 1,agentmemorybench:fact-mh-262k:context-0/factconsolidation_mh_262k_no13,1,2,0.0,[],0,0.0,[],[],[],0.0,[],[],0.0
Run 1,agentmemorybench:fact-mh-262k:context-0/factconsolidation_mh_262k_no13,2,2,0.0,[1],1,0.5,[],[1],[1],0.5,[1],[1],0.5
Run 1,agentmemorybench:fact-mh-262k:context-0/factconsolidation_mh_262k_no13,3,2,0.0,"[1,2]",2,1.0,[],"[1,2]","[1,2]",1.0,"[1,2]","[1,2]",1.0
Run 1,agentmemorybench:fact-mh-262k:context-0/factconsolidation_mh_262k_no13,4,2,1.0,[],0,0.0,"[1,2]","[1,2]","[1,2]",1.0,"[1,2]","[1,2]",1.0
Run 1,agentmemorybench:fact-mh-262k:context-0/factconsolidation_mh_262k_no14,1,2,0.0,[],0,0.0,[],[],[],0.0,[],[],0.0
Run 1,agentmemorybench:fact-mh-262k:context-0/factconsolidation_mh_262k_no14,2,2,0.0,"[1,2]",2,1.0,[],"[1,2]","[1,2]",1.0,"[1,2]","[1,2]",1.0
Run 1,agentmemorybench:fact-mh-262k:context-0/factconsolidation_mh_262k_no14,3,2,1.0,[],0,0.0,"[1,2]","[1,2]","[1,2]",1.0,"[1,2]","[1,2]",1.0
Run 1,agentmemorybench:fact-mh-262k:context-0/factconsolidation_mh_262k_no15,1,2,0.0,[],0,0.0,[],[],[],0.0,[],[],0.0
Run 1,agentmemorybench:fact-mh-262k:context-0/factconsolidation_mh_262k_no15,2,2,0.0,[1],1,0.5,[],[1],[1],0.5,[1],[1],0.5
Run 1,agentmemorybench:fact-mh-262k:context-0/factconsolidation_mh_262k_no15,3,2,0.0,[1],1,0.5,[],[1],[1],0.5,[1],[1],0.5
Run 1,agentmemorybench:fact-mh-262k:context-0/factconsolidation_mh_262k_no15,4,2,1.0,[],0,0.0,"[1,2]","[1,2]","[1,2]",1.0,[1],"[1,2]",1.0
Run 1,agentmemorybench:fact-mh-262k:context-0/factconsolidation_mh_262k_no16,1,4,0.0,[],0,0.0,[],[],[],0.0,[],[],0.0
Run 1,agentmemorybench:fact-mh-262k:context-0/factconsolidation_mh_262k_no16,2,4,0.0,"[1,2]",2,0.5,[],"[1,2]","[1,2]",0.5,"[1,2]","[1,2]",0.5
Run 1,agentmemorybench:fact-mh-262k:context-0/factconsolidation_mh_262k_no16,3,4,0.25,[2],1,0.25,[1],"[1,2]","[1,2]",0.5,"[1,2]","[1,2]",0.5
Run 1,agentmemorybench:fact-mh-262k:context-0/factconsolidation_mh_262k_no16,4,4,0.25,[2],1,0.25,[],[2],"[1,2]",0.5,"[1,2]","[1,2]",0.5
Run 1,agentmemorybench:fact-mh-262k:context-0/factconsolidation_mh_262k_no16,5,4,0.25,"[2,3]",2,0.5,[],"[2,3]","[1,2,3]",0.75,"[1,2,3]","[1,2,3]",0.75
Run 1,agentmemorybench:fact-mh-262k:context-0/factconsolidation_mh_262k_no16,6,4,0.75,[],0,0.0,"[2,3]","[2,3]","[1,2,3]",0.75,"[1,2,3]","[1,2,3]",0.75
Run 1,agentmemorybench:fact-mh-262k:context-0/factconsolidation_mh_262k_no16,7,4,0.75,[],0,0.0,[],[],"[1,2,3]",0.75,"[1,2,3]","[1,2,3]",0.75
Run 1,agentmemorybench:fact-mh-262k:context-0/factconsolidation_mh_262k_no16,8,4,0.75,[],0,0.0,[],[],"[1,2,3]",0.75,"[1,2,3]","[1,2,3]",0.75
Run 1,agentmemorybench:fact-mh-262k:context-0/factconsolidation_mh_262k_no17,1,3,0.0,[],0,0.0,[],[],[],0.0,[],[],0.0
Run 1,agentmemorybench:fact-mh-262k:context-0/factconsolidation_mh_262k_no17,2,3,0.0,[1],1,0.3333333333333333,[],[1],[1],0.3333333333333333,[1],[1],0.3333333333333333
Run 1,agentmemorybench:fact-mh-262k:context-0/factconsolidation_mh_262k_no17,3,3,0.0,[],0,0.0,[],[],[],0.0,[1],[1],0.3333333333333333
Run 1,agentmemorybench:fact-mh-262k:context-0/factconsolidation_mh_262k_no17,4,3,0.0,[1],1,0.3333333333333333,[],[1],[1],0.3333333333333333,[1],[1],0.3333333333333333
Run 1,agentmemorybench:fact-mh-262k:context-0/factconsolidation_mh_262k_no17,5,3,0.0,[],0,0.0,[],[],[],0.0,[1],[1],0.3333333333333333
Run 1,agentmemorybench:fact-mh-262k:context-0/factconsolidation_mh_262k_no17,6,3,0.0,[],0,0.0,[],[],[],0.0,[1],[1],0.3333333333333333
Run 1,agentmemorybench:fact-mh-262k:context-0/factconsolidation_mh_262k_no17,7,3,0.3333333333333333,[],0,0.0,[1],[1],[1],0.3333333333333333,[1],[1],0.3333333333333333
Run 1,agentmemorybench:fact-mh-262k:context-0/factconsolidation_mh_262k_no17,8,3,0.3333333333333333,[],0,0.0,[],[],[1],0.3333333333333333,[1],[1],0.3333333333333333
Run 1,agentmemorybench:fact-mh-262k:context-0/factconsolidation_mh_262k_no17,9,3,0.3333333333333333,[],0,0.0,[],[],[1],0.3333333333333333,[1],[1],0.3333333333333333
Run 1,agentmemorybench:fact-mh-262k:context-0/factconsolidation_mh_262k_no17,10,3,0.3333333333333333,[],0,0.0,[],[],[1],0.3333333333333333,[1],[1],0.3333333333333333
Run 1,agentmemorybench:fact-mh-262k:context-0/factconsolidation_mh_262k_no17,11,3,0.3333333333333333,[],0,0.0,[],[],[1],0.3333333333333333,[1],[1],0.3333333333333333
Run 1,agentmemorybench:fact-mh-262k:context-0/factconsolidation_mh_262k_no18,1,4,0.0,[],0,0.0,[],[],[],0.0,[],[],0.0
Run 1,agentmemorybench:fact-mh-262k:context-0/factconsolidation_mh_262k_no18,2,4,0.0,[1],1,0.25,[],[1],[1],0.25,[1],[1],0.25
Run 1,agentmemorybench:fact-mh-262k:context-0/factconsolidation_mh_262k_no18,3,4,0.25,[],0,0.0,[1],[1],[1],0.25,[1],[1],0.25
Run 1,agentmemorybench:fact-mh-262k:context-0/factconsolidation_mh_262k_no18,4,4,0.25,[4],1,0.25,[],[4],"[1,4]",0.5,"[1,4]","[1,4]",0.5
Run 1,agentmemorybench:fact-mh-262k:context-0/factconsolidation_mh_262k_no18,5,4,0.25,[4],1,0.25,[],[4],"[1,4]",0.5,"[1,4]","[1,4]",0.5
Run 1,agentmemorybench:fact-mh-262k:context-0/factconsolidation_mh_262k_no19,1,4,0.0,[],0,0.0,[],[],[],0.0,[],[],0.0
Run 1,agentmemorybench:fact-mh-262k:context-0/factconsolidation_mh_262k_no19,2,4,0.0,"[1,3]",2,0.5,[],"[1,3]","[1,3]",0.5,"[1,3]","[1,3]",0.5
Run 1,agentmemorybench:fact-mh-262k:context-0/factconsolidation_mh_262k_no19,3,4,0.25,[3],1,0.25,[1],"[1,3]","[1,3]",0.5,"[1,3]","[1,3]",0.5
Run 1,agentmemorybench:fact-mh-262k:context-0/factconsolidation_mh_262k_no19,4,4,0.25,[4],1,0.25,[],[4],"[1,4]",0.5,"[1,3,4]","[1,3,4]",0.75
Run 1,agentmemorybench:fact-mh-262k:context-0/factconsolidation_mh_262k_no19,5,4,0.25,[4],1,0.25,[],[4],"[1,4]",0.5,"[1,3,4]","[1,3,4]",0.75
Run 1,agentmemorybench:fact-mh-262k:context-0/factconsolidation_mh_262k_no2,1,4,0.0,[],0,0.0,[],[],[],0.0,[],[],0.0
Run 1,agentmemorybench:fact-mh-262k:context-0/factconsolidation_mh_262k_no2,2,4,0.0,[1],1,0.25,[],[1],[1],0.25,[1],[1],0.25
Run 1,agentmemorybench:fact-mh-262k:context-0/factconsolidation_mh_262k_no2,3,4,0.0,"[1,2,3]",3,0.75,[],"[1,2,3]","[1,2,3]",0.75,"[1,2,3]","[1,2,3]",0.75
Run 1,agentmemorybench:fact-mh-262k:context-0/factconsolidation_mh_262k_no2,4,4,0.0,[],0,0.0,[],[],[],0.0,"[1,2,3]","[1,2,3]",0.75
Run 1,agentmemorybench:fact-mh-262k:context-0/factconsolidation_mh_262k_no2,5,4,0.25,[],0,0.0,[1],[1],[1],0.25,"[1,2,3]","[1,2,3]",0.75
Run 1,agentmemorybench:fact-mh-262k:context-0/factconsolidation_mh_262k_no2,6,4,0.25,[],0,0.0,[],[],[1],0.25,"[1,2,3]","[1,2,3]",0.75
Run 1,agentmemorybench:fact-mh-262k:context-0/factconsolidation_mh_262k_no2,7,4,0.25,[],0,0.0,[],[],[1],0.25,"[1,2,3]","[1,2,3]",0.75
Run 1,agentmemorybench:fact-mh-262k:context-0/factconsolidation_mh_262k_no20,1,3,0.0,[],0,0.0,[],[],[],0.0,[],[],0.0
Run 1,agentmemorybench:fact-mh-262k:context-0/factconsolidation_mh_262k_no20,2,3,0.0,[],0,0.0,[],[],[],0.0,[],[],0.0
Run 1,agentmemorybench:fact-mh-262k:context-0/factconsolidation_mh_262k_no20,3,3,0.0,[1],1,0.3333333333333333,[],[1],[1],0.3333333333333333,[1],[1],0.3333333333333333
Run 1,agentmemorybench:fact-mh-262k:context-0/factconsolidation_mh_262k_no20,4,3,0.0,[2],1,0.3333333333333333,[],[2],[2],0.3333333333333333,"[1,2]","[1,2]",0.6666666666666666
Run 1,agentmemorybench:fact-mh-262k:context-0/factconsolidation_mh_262k_no20,5,3,0.0,"[2,3]",2,0.6666666666666666,[],"[2,3]","[2,3]",0.6666666666666666,"[1,2,3]","[1,2,3]",1.0
Run 1,agentmemorybench:fact-mh-262k:context-0/factconsolidation_mh_262k_no20,6,3,0.0,[3],1,0.3333333333333333,[],[3],[3],0.3333333333333333,"[1,2,3]","[1,2,3]",1.0
Run 1,agentmemorybench:fact-mh-262k:context-0/factconsolidation_mh_262k_no20,7,3,1.0,[],0,0.0,"[1,2,3]","[1,2,3]","[1,2,3]",1.0,"[1,2,3]","[1,2,3]",1.0
Run 1,agentmemorybench:fact-mh-262k:context-0/factconsolidation_mh_262k_no21,1,2,0.0,[],0,0.0,[],[],[],0.0,[],[],0.0
Run 1,agentmemorybench:fact-mh-262k:context-0/factconsolidation_mh_262k_no21,2,2,0.0,[1],1,0.5,[],[1],[1],0.5,[1],[1],0.5
Run 1,agentmemorybench:fact-mh-262k:context-0/factconsolidation_mh_262k_no21,3,2,1.0,[],0,0.0,"[1,2]","[1,2]","[1,2]",1.0,[1],"[1,2]",1.0
Run 1,agentmemorybench:fact-mh-262k:context-0/factconsolidation_mh_262k_no21,4,2,1.0,[],0,0.0,[],[],"[1,2]",1.0,[1],"[1,2]",1.0
Run 1,agentmemorybench:fact-mh-262k:context-0/factconsolidation_mh_262k_no22,1,3,0.0,[],0,0.0,[],[],[],0.0,[],[],0.0
Run 1,agentmemorybench:fact-mh-262k:context-0/factconsolidation_mh_262k_no22,2,3,0.0,[1],1,0.3333333333333333,[],[1],[1],0.3333333333333333,[1],[1],0.3333333333333333
Run 1,agentmemorybench:fact-mh-262k:context-0/factconsolidation_mh_262k_no22,3,3,0.3333333333333333,[],0,0.0,[1],[1],[1],0.3333333333333333,[1],[1],0.3333333333333333
Run 1,agentmemorybench:fact-mh-262k:context-0/factconsolidation_mh_262k_no22,4,3,0.3333333333333333,[2],1,0.3333333333333333,[],"[1,2]","[1,2]",0.6666666666666666,"[1,2]","[1,2]",0.6666666666666666
Run 1,agentmemorybench:fact-mh-262k:context-0/factconsolidation_mh_262k_no22,5,3,0.3333333333333333,[],0,0.0,[],[1],[1],0.3333333333333333,"[1,2]","[1,2]",0.6666666666666666
Run 1,agentmemorybench:fact-mh-262k:context-0/factconsolidation_mh_262k_no22,6,3,0.3333333333333333,[2],1,0.3333333333333333,[],"[1,2]","[1,2]",0.6666666666666666,"[1,2]","[1,2]",0.6666666666666666
Run 1,agentmemorybench:fact-mh-262k:context-0/factconsolidation_mh_262k_no22,7,3,0.6666666666666666,[],0,0.0,[2],"[1,2]","[1,2]",0.6666666666666666,"[1,2]","[1,2]",0.6666666666666666
Run 1,agentmemorybench:fact-mh-262k:context-0/factconsolidation_mh_262k_no22,8,3,0.6666666666666666,[],0,0.0,[],"[1,2]","[1,2]",0.6666666666666666,"[1,2]","[1,2]",0.6666666666666666
Run 1,agentmemorybench:fact-mh-262k:context-0/factconsolidation_mh_262k_no22,9,3,0.6666666666666666,[],0,0.0,[],[],"[1,2]",0.6666666666666666,"[1,2]","[1,2]",0.6666666666666666
Run 1,agentmemorybench:fact-mh-262k:context-0/factconsolidation_mh_262k_no23,1,2,0.0,[],0,0.0,[],[],[],0.0,[],[],0.0
Run 1,agentmemorybench:fact-mh-262k:context-0/factconsolidation_mh_262k_no23,2,2,0.0,[1],1,0.5,[],[1],[1],0.5,[1],[1],0.5
Run 1,agentmemorybench:fact-mh-262k:context-0/factconsolidation_mh_262k_no23,3,2,0.5,[],0,0.0,[1],[1],[1],0.5,[1],[1],0.5
Run 1,agentmemorybench:fact-mh-262k:context-0/factconsolidation_mh_262k_no23,4,2,0.5,[2],1,0.5,[],"[1,2]","[1,2]",1.0,"[1,2]","[1,2]",1.0
Run 1,agentmemorybench:fact-mh-262k:context-0/factconsolidation_mh_262k_no23,5,2,1.0,[],0,0.0,[2],[2],"[1,2]",1.0,"[1,2]","[1,2]",1.0
Run 1,agentmemorybench:fact-mh-262k:context-0/factconsolidation_mh_262k_no24,1,2,0.0,[],0,0.0,[],[],[],0.0,[],[],0.0
Run 1,agentmemorybench:fact-mh-262k:context-0/factconsolidation_mh_262k_no24,2,2,0.0,[1],1,0.5,[],[1],[1],0.5,[1],[1],0.5
Run 1,agentmemorybench:fact-mh-262k:context-0/factconsolidation_mh_262k_no24,3,2,0.5,[],0,0.0,[1],[1],[1],0.5,[1],[1],0.5
Run 1,agentmemorybench:fact-mh-262k:context-0/factconsolidation_mh_262k_no25,1,4,0.0,[],0,0.0,[],[],[],0.0,[],[],0.0
Run 1,agentmemorybench:fact-mh-262k:context-0/factconsolidation_mh_262k_no25,2,4,0.0,"[1,2]",2,0.5,[],"[1,2]","[1,2]",0.5,"[1,2]","[1,2]",0.5
Run 1,agentmemorybench:fact-mh-262k:context-0/factconsolidation_mh_262k_no25,3,4,0.25,[2],1,0.25,[1],"[1,2]","[1,2]",0.5,"[1,2]","[1,2]",0.5
Run 1,agentmemorybench:fact-mh-262k:context-0/factconsolidation_mh_262k_no25,4,4,0.25,[],0,0.0,[],[],[1],0.25,"[1,2]","[1,2]",0.5
Run 1,agentmemorybench:fact-mh-262k:context-0/factconsolidation_mh_262k_no25,5,4,0.25,[],0,0.0,[],[],[1],0.25,"[1,2]","[1,2]",0.5
Run 1,agentmemorybench:fact-mh-262k:context-0/factconsolidation_mh_262k_no25,6,4,0.25,[],0,0.0,[],[],[1],0.25,"[1,2]","[1,2]",0.5
Run 1,agentmemorybench:fact-mh-262k:context-0/factconsolidation_mh_262k_no25,7,4,0.25,[],0,0.0,[],[],[1],0.25,"[1,2]","[1,2]",0.5
Run 1,agentmemorybench:fact-mh-262k:context-0/factconsolidation_mh_262k_no25,8,4,0.25,[],0,0.0,[],[],[1],0.25,"[1,2]","[1,2]",0.5
Run 1,agentmemorybench:fact-mh-262k:context-0/factconsolidation_mh_262k_no26,1,2,0.0,[],0,0.0,[],[],[],0.0,[],[],0.0
Run 1,agentmemorybench:fact-mh-262k:context-0/factconsolidation_mh_262k_no26,2,2,0.0,"[1,2]",2,1.0,[],"[1,2]","[1,2]",1.0,"[1,2]","[1,2]",1.0
Run 1,agentmemorybench:fact-mh-262k:context-0/factconsolidation_mh_262k_no26,3,2,1.0,[],0,0.0,"[1,2]","[1,2]","[1,2]",1.0,"[1,2]","[1,2]",1.0
Run 1,agentmemorybench:fact-mh-262k:context-0/factconsolidation_mh_262k_no27,1,4,0.0,[],0,0.0,[],[],[],0.0,[],[],0.0
Run 1,agentmemorybench:fact-mh-262k:context-0/factconsolidation_mh_262k_no27,2,4,0.0,[1],1,0.25,[],[1],[1],0.25,[1],[1],0.25
Run 1,agentmemorybench:fact-mh-262k:context-0/factconsolidation_mh_262k_no27,3,4,0.0,[],0,0.0,[],[],[],0.0,[1],[1],0.25
Run 1,agentmemorybench:fact-mh-262k:context-0/factconsolidation_mh_262k_no27,4,4,0.5,[],0,0.0,"[1,4]","[1,4]","[1,4]",0.5,[1],"[1,4]",0.5
Run 1,agentmemorybench:fact-mh-262k:context-0/factconsolidation_mh_262k_no27,5,4,0.5,[],0,0.0,[],[],"[1,4]",0.5,[1],"[1,4]",0.5
Run 1,agentmemorybench:fact-mh-262k:context-0/factconsolidation_mh_262k_no27,6,4,0.5,[],0,0.0,[],[],"[1,4]",0.5,[1],"[1,4]",0.5
Run 1,agentmemorybench:fact-mh-262k:context-0/factconsolidation_mh_262k_no27,7,4,0.5,[],0,0.0,[],[],"[1,4]",0.5,[1],"[1,4]",0.5
Run 1,agentmemorybench:fact-mh-262k:context-0/factconsolidation_mh_262k_no27,8,4,0.5,[],0,0.0,[],[],"[1,4]",0.5,[1],"[1,4]",0.5
Run 1,agentmemorybench:fact-mh-262k:context-0/factconsolidation_mh_262k_no28,1,2,0.0,[],0,0.0,[],[],[],0.0,[],[],0.0
Run 1,agentmemorybench:fact-mh-262k:context-0/factconsolidation_mh_262k_no28,2,2,0.0,[1],1,0.5,[],[1],[1],0.5,[1],[1],0.5
Run 1,agentmemorybench:fact-mh-262k:context-0/factconsolidation_mh_262k_no28,3,2,0.5,[],0,0.0,[1],[1],[1],0.5,[1],[1],0.5
Run 1,agentmemorybench:fact-mh-262k:context-0/factconsolidation_mh_262k_no28,4,2,0.5,[],0,0.0,[],[],[1],0.5,[1],[1],0.5
Run 1,agentmemorybench:fact-mh-262k:context-0/factconsolidation_mh_262k_no28,5,2,1.0,[],0,0.0,[2],[2],"[1,2]",1.0,[1],"[1,2]",1.0
Run 1,agentmemorybench:fact-mh-262k:context-0/factconsolidation_mh_262k_no29,1,2,0.0,[],0,0.0,[],[],[],0.0,[],[],0.0
Run 1,agentmemorybench:fact-mh-262k:context-0/factconsolidation_mh_262k_no29,2,2,0.0,[1],1,0.5,[],[1],[1],0.5,[1],[1],0.5
Run 1,agentmemorybench:fact-mh-262k:context-0/factconsolidation_mh_262k_no29,3,2,0.0,"[1,2]",2,1.0,[],"[1,2]","[1,2]",1.0,"[1,2]","[1,2]",1.0
Run 1,agentmemorybench:fact-mh-262k:context-0/factconsolidation_mh_262k_no29,4,2,1.0,[],0,0.0,"[1,2]","[1,2]","[1,2]",1.0,"[1,2]","[1,2]",1.0
Run 1,agentmemorybench:fact-mh-262k:context-0/factconsolidation_mh_262k_no3,1,2,0.0,[],0,0.0,[],[],[],0.0,[],[],0.0
Run 1,agentmemorybench:fact-mh-262k:context-0/factconsolidation_mh_262k_no3,2,2,0.0,[1],1,0.5,[],[1],[1],0.5,[1],[1],0.5
Run 1,agentmemorybench:fact-mh-262k:context-0/factconsolidation_mh_262k_no3,3,2,0.5,[],0,0.0,[1],[1],[1],0.5,[1],[1],0.5
Run 1,agentmemorybench:fact-mh-262k:context-0/factconsolidation_mh_262k_no30,1,2,0.0,[],0,0.0,[],[],[],0.0,[],[],0.0
Run 1,agentmemorybench:fact-mh-262k:context-0/factconsolidation_mh_262k_no30,2,2,0.0,"[1,2]",2,1.0,[],"[1,2]","[1,2]",1.0,"[1,2]","[1,2]",1.0
Run 1,agentmemorybench:fact-mh-262k:context-0/factconsolidation_mh_262k_no30,3,2,1.0,[],0,0.0,"[1,2]","[1,2]","[1,2]",1.0,"[1,2]","[1,2]",1.0
Run 1,agentmemorybench:fact-mh-262k:context-0/factconsolidation_mh_262k_no31,1,2,0.0,[],0,0.0,[],[],[],0.0,[],[],0.0
Run 1,agentmemorybench:fact-mh-262k:context-0/factconsolidation_mh_262k_no31,2,2,0.0,[1],1,0.5,[],[1],[1],0.5,[1],[1],0.5
Run 1,agentmemorybench:fact-mh-262k:context-0/factconsolidation_mh_262k_no31,3,2,0.5,[],0,0.0,[1],[1],[1],0.5,[1],[1],0.5
Run 1,agentmemorybench:fact-mh-262k:context-0/factconsolidation_mh_262k_no31,4,2,0.5,[2],1,0.5,[],"[1,2]","[1,2]",1.0,"[1,2]","[1,2]",1.0
Run 1,agentmemorybench:fact-mh-262k:context-0/factconsolidation_mh_262k_no31,5,2,1.0,[],0,0.0,[2],"[1,2]","[1,2]",1.0,"[1,2]","[1,2]",1.0
Run 1,agentmemorybench:fact-mh-262k:context-0/factconsolidation_mh_262k_no32,1,4,0.0,[],0,0.0,[],[],[],0.0,[],[],0.0
Run 1,agentmemorybench:fact-mh-262k:context-0/factconsolidation_mh_262k_no32,2,4,0.0,[],0,0.0,[],[],[],0.0,[],[],0.0
Run 1,agentmemorybench:fact-mh-262k:context-0/factconsolidation_mh_262k_no32,3,4,0.0,[],0,0.0,[],[],[],0.0,[],[],0.0
Run 1,agentmemorybench:fact-mh-262k:context-0/factconsolidation_mh_262k_no32,4,4,0.0,[],0,0.0,[],[],[],0.0,[],[],0.0
Run 1,agentmemorybench:fact-mh-262k:context-0/factconsolidation_mh_262k_no32,5,4,0.0,[],0,0.0,[],[],[],0.0,[],[],0.0
Run 1,agentmemorybench:fact-mh-262k:context-0/factconsolidation_mh_262k_no32,6,4,0.0,[],0,0.0,[],[],[],0.0,[],[],0.0
Run 1,agentmemorybench:fact-mh-262k:context-0/factconsolidation_mh_262k_no32,7,4,0.0,[4],1,0.25,[],[4],[4],0.25,[4],[4],0.25
Run 1,agentmemorybench:fact-mh-262k:context-0/factconsolidation_mh_262k_no32,8,4,0.0,[],0,0.0,[],[],[],0.0,[4],[4],0.25
Run 1,agentmemorybench:fact-mh-262k:context-0/factconsolidation_mh_262k_no32,9,4,0.0,[],0,0.0,[],[],[],0.0,[4],[4],0.25
Run 1,agentmemorybench:fact-mh-262k:context-0/factconsolidation_mh_262k_no32,10,4,0.0,[1],1,0.25,[],[1],[1],0.25,"[1,4]","[1,4]",0.5
Run 1,agentmemorybench:fact-mh-262k:context-0/factconsolidation_mh_262k_no32,11,4,0.0,[],0,0.0,[],[],[],0.0,"[1,4]","[1,4]",0.5
Run 1,agentmemorybench:fact-mh-262k:context-0/factconsolidation_mh_262k_no32,12,4,0.0,[],0,0.0,[],[],[],0.0,"[1,4]","[1,4]",0.5
Run 1,agentmemorybench:fact-mh-262k:context-0/factconsolidation_mh_262k_no32,13,4,0.0,[1],1,0.25,[],[1],[1],0.25,"[1,4]","[1,4]",0.5
Run 1,agentmemorybench:fact-mh-262k:context-0/factconsolidation_mh_262k_no32,14,4,0.0,[],0,0.0,[],[],[],0.0,"[1,4]","[1,4]",0.5
Run 1,agentmemorybench:fact-mh-262k:context-0/factconsolidation_mh_262k_no32,15,4,0.0,[],0,0.0,[],[],[],0.0,"[1,4]","[1,4]",0.5
Run 1,agentmemorybench:fact-mh-262k:context-0/factconsolidation_mh_262k_no32,16,4,0.0,[],0,0.0,[],[],[],0.0,"[1,4]","[1,4]",0.5
Run 1,agentmemorybench:fact-mh-262k:context-0/factconsolidation_mh_262k_no32,17,4,0.0,[1],1,0.25,[],[1],[1],0.25,"[1,4]","[1,4]",0.5
Run 1,agentmemorybench:fact-mh-262k:context-0/factconsolidation_mh_262k_no32,18,4,0.0,[1],1,0.25,[],[1],[1],0.25,"[1,4]","[1,4]",0.5
Run 1,agentmemorybench:fact-mh-262k:context-0/factconsolidation_mh_262k_no32,19,4,0.25,[1],1,0.25,[1],[1],[1],0.25,"[1,4]","[1,4]",0.5
Run 1,agentmemorybench:fact-mh-262k:context-0/factconsolidation_mh_262k_no32,20,4,0.25,[],0,0.0,[1],[1],[1],0.25,"[1,4]","[1,4]",0.5
Run 1,agentmemorybench:fact-mh-262k:context-0/factconsolidation_mh_262k_no32,21,4,0.25,[],0,0.0,[],[],[1],0.25,"[1,4]","[1,4]",0.5
Run 1,agentmemorybench:fact-mh-262k:context-0/factconsolidation_mh_262k_no32,22,4,0.25,[],0,0.0,[],[],[1],0.25,"[1,4]","[1,4]",0.5
Run 1,agentmemorybench:fact-mh-262k:context-0/factconsolidation_mh_262k_no33,1,3,0.0,[],0,0.0,[],[],[],0.0,[],[],0.0
Run 1,agentmemorybench:fact-mh-262k:context-0/factconsolidation_mh_262k_no33,2,3,0.0,[1],1,0.3333333333333333,[],[1],[1],0.3333333333333333,[1],[1],0.3333333333333333
Run 1,agentmemorybench:fact-mh-262k:context-0/factconsolidation_mh_262k_no33,3,3,0.3333333333333333,[],0,0.0,[1],[1],[1],0.3333333333333333,[1],[1],0.3333333333333333
Run 1,agentmemorybench:fact-mh-262k:context-0/factconsolidation_mh_262k_no33,4,3,0.3333333333333333,[],0,0.0,[],[],[1],0.3333333333333333,[1],[1],0.3333333333333333
Run 1,agentmemorybench:fact-mh-262k:context-0/factconsolidation_mh_262k_no33,5,3,0.3333333333333333,[],0,0.0,[],[],[1],0.3333333333333333,[1],[1],0.3333333333333333
Run 1,agentmemorybench:fact-mh-262k:context-0/factconsolidation_mh_262k_no33,6,3,0.3333333333333333,[],0,0.0,[],[],[1],0.3333333333333333,[1],[1],0.3333333333333333
Run 1,agentmemorybench:fact-mh-262k:context-0/factconsolidation_mh_262k_no33,7,3,0.3333333333333333,[],0,0.0,[],[],[1],0.3333333333333333,[1],[1],0.3333333333333333
Run 1,agentmemorybench:fact-mh-262k:context-0/factconsolidation_mh_262k_no33,8,3,0.3333333333333333,[],0,0.0,[],[],[1],0.3333333333333333,[1],[1],0.3333333333333333
Run 1,agentmemorybench:fact-mh-262k:context-0/factconsolidation_mh_262k_no33,9,3,0.3333333333333333,[],0,0.0,[],[],[1],0.3333333333333333,[1],[1],0.3333333333333333
Run 1,agentmemorybench:fact-mh-262k:context-0/factconsolidation_mh_262k_no33,10,3,0.3333333333333333,[],0,0.0,[],[],[1],0.3333333333333333,[1],[1],0.3333333333333333
Run 1,agentmemorybench:fact-mh-262k:context-0/factconsolidation_mh_262k_no33,11,3,0.3333333333333333,[],0,0.0,[],[],[1],0.3333333333333333,[1],[1],0.3333333333333333
Run 1,agentmemorybench:fact-mh-262k:context-0/factconsolidation_mh_262k_no33,12,3,0.3333333333333333,[],0,0.0,[],[],[1],0.3333333333333333,[1],[1],0.3333333333333333
Run 1,agentmemorybench:fact-mh-262k:context-0/factconsolidation_mh_262k_no34,1,3,0.0,[],0,0.0,[],[],[],0.0,[],[],0.0
Run 1,agentmemorybench:fact-mh-262k:context-0/factconsolidation_mh_262k_no34,2,3,0.0,[1],1,0.3333333333333333,[],[1],[1],0.3333333333333333,[1],[1],0.3333333333333333
Run 1,agentmemorybench:fact-mh-262k:context-0/factconsolidation_mh_262k_no34,3,3,0.0,[1],1,0.3333333333333333,[],[1],[1],0.3333333333333333,[1],[1],0.3333333333333333
Run 1,agentmemorybench:fact-mh-262k:context-0/factconsolidation_mh_262k_no34,4,3,0.0,[1],1,0.3333333333333333,[],[1],[1],0.3333333333333333,[1],[1],0.3333333333333333
Run 1,agentmemorybench:fact-mh-262k:context-0/factconsolidation_mh_262k_no34,5,3,0.0,[],0,0.0,[],[],[],0.0,[1],[1],0.3333333333333333
Run 1,agentmemorybench:fact-mh-262k:context-0/factconsolidation_mh_262k_no34,6,3,0.3333333333333333,[],0,0.0,[1],[1],[1],0.3333333333333333,[1],[1],0.3333333333333333
Run 1,agentmemorybench:fact-mh-262k:context-0/factconsolidation_mh_262k_no34,7,3,0.3333333333333333,[],0,0.0,[],[],[1],0.3333333333333333,[1],[1],0.3333333333333333
Run 1,agentmemorybench:fact-mh-262k:context-0/factconsolidation_mh_262k_no34,8,3,0.3333333333333333,[],0,0.0,[],[],[1],0.3333333333333333,[1],[1],0.3333333333333333
Run 1,agentmemorybench:fact-mh-262k:context-0/factconsolidation_mh_262k_no34,9,3,0.3333333333333333,[],0,0.0,[],[],[1],0.3333333333333333,[1],[1],0.3333333333333333
Run 1,agentmemorybench:fact-mh-262k:context-0/factconsolidation_mh_262k_no34,10,3,0.3333333333333333,[],0,0.0,[],[],[1],0.3333333333333333,[1],[1],0.3333333333333333
Run 1,agentmemorybench:fact-mh-262k:context-0/factconsolidation_mh_262k_no34,11,3,0.3333333333333333,[],0,0.0,[],[],[1],0.3333333333333333,[1],[1],0.3333333333333333
Run 1,agentmemorybench:fact-mh-262k:context-0/factconsolidation_mh_262k_no34,12,3,0.3333333333333333,[],0,0.0,[],[],[1],0.3333333333333333,[1],[1],0.3333333333333333
Run 1,agentmemorybench:fact-mh-262k:context-0/factconsolidation_mh_262k_no34,13,3,0.3333333333333333,[],0,0.0,[],[],[1],0.3333333333333333,[1],[1],0.3333333333333333
Run 1,agentmemorybench:fact-mh-262k:context-0/factconsolidation_mh_262k_no35,1,4,0.0,[],0,0.0,[],[],[],0.0,[],[],0.0
Run 1,agentmemorybench:fact-mh-262k:context-0/factconsolidation_mh_262k_no35,2,4,0.0,[1],1,0.25,[],[1],[1],0.25,[1],[1],0.25
Run 1,agentmemorybench:fact-mh-262k:context-0/factconsolidation_mh_262k_no35,3,4,0.0,[2],1,0.25,[],[2],[2],0.25,"[1,2]","[1,2]",0.5
Run 1,agentmemorybench:fact-mh-262k:context-0/factconsolidation_mh_262k_no35,4,4,0.5,[],0,0.0,"[1,2]","[1,2]","[1,2]",0.5,"[1,2]","[1,2]",0.5
Run 1,agentmemorybench:fact-mh-262k:context-0/factconsolidation_mh_262k_no35,5,4,0.5,[3],1,0.25,[],[3],"[1,2,3]",0.75,"[1,2,3]","[1,2,3]",0.75
Run 1,agentmemorybench:fact-mh-262k:context-0/factconsolidation_mh_262k_no35,6,4,0.75,[],0,0.0,[3],[3],"[1,2,3]",0.75,"[1,2,3]","[1,2,3]",0.75
Run 1,agentmemorybench:fact-mh-262k:context-0/factconsolidation_mh_262k_no35,7,4,0.75,[4],1,0.25,[],[4],"[1,2,3,4]",1.0,"[1,2,3,4]","[1,2,3,4]",1.0
Run 1,agentmemorybench:fact-mh-262k:context-0/factconsolidation_mh_262k_no35,8,4,1.0,[],0,0.0,[4],[4],"[1,2,3,4]",1.0,"[1,2,3,4]","[1,2,3,4]",1.0
Run 1,agentmemorybench:fact-mh-262k:context-0/factconsolidation_mh_262k_no36,1,4,0.0,[],0,0.0,[],[],[],0.0,[],[],0.0
Run 1,agentmemorybench:fact-mh-262k:context-0/factconsolidation_mh_262k_no36,2,4,0.0,[1],1,0.25,[],[1],[1],0.25,[1],[1],0.25
Run 1,agentmemorybench:fact-mh-262k:context-0/factconsolidation_mh_262k_no36,3,4,0.0,[1],1,0.25,[],[1],[1],0.25,[1],[1],0.25
Run 1,agentmemorybench:fact-mh-262k:context-0/factconsolidation_mh_262k_no36,4,4,0.25,[],0,0.0,[1],[1],[1],0.25,[1],[1],0.25
Run 1,agentmemorybench:fact-mh-262k:context-0/factconsolidation_mh_262k_no36,5,4,0.25,[],0,0.0,[],[1],[1],0.25,[1],[1],0.25
Run 1,agentmemorybench:fact-mh-262k:context-0/factconsolidation_mh_262k_no36,6,4,0.25,[],0,0.0,[],[1],[1],0.25,[1],[1],0.25
Run 1,agentmemorybench:fact-mh-262k:context-0/factconsolidation_mh_262k_no36,7,4,0.25,[3],1,0.25,[],"[1,3]","[1,3]",0.5,"[1,3]","[1,3]",0.5
Run 1,agentmemorybench:fact-mh-262k:context-0/factconsolidation_mh_262k_no36,8,4,0.25,[3],1,0.25,[],"[1,3]","[1,3]",0.5,"[1,3]","[1,3]",0.5
Run 1,agentmemorybench:fact-mh-262k:context-0/factconsolidation_mh_262k_no36,9,4,0.25,[3],1,0.25,[],"[1,3]","[1,3]",0.5,"[1,3]","[1,3]",0.5
Run 1,agentmemorybench:fact-mh-262k:context-0/factconsolidation_mh_262k_no36,10,4,0.25,[3],1,0.25,[],[3],"[1,3]",0.5,"[1,3]","[1,3]",0.5
Run 1,agentmemorybench:fact-mh-262k:context-0/factconsolidation_mh_262k_no37,1,2,0.0,[],0,0.0,[],[],[],0.0,[],[],0.0
Run 1,agentmemorybench:fact-mh-262k:context-0/factconsolidation_mh_262k_no37,2,2,0.0,[1],1,0.5,[],[1],[1],0.5,[1],[1],0.5
Run 1,agentmemorybench:fact-mh-262k:context-0/factconsolidation_mh_262k_no37,3,2,0.0,[2],1,0.5,[],[2],[2],0.5,"[1,2]","[1,2]",1.0
Run 1,agentmemorybench:fact-mh-262k:context-0/factconsolidation_mh_262k_no37,4,2,1.0,[],0,0.0,"[1,2]","[1,2]","[1,2]",1.0,"[1,2]","[1,2]",1.0
Run 1,agentmemorybench:fact-mh-262k:context-0/factconsolidation_mh_262k_no38,1,2,0.0,[],0,0.0,[],[],[],0.0,[],[],0.0
Run 1,agentmemorybench:fact-mh-262k:context-0/factconsolidation_mh_262k_no38,2,2,0.0,[1],1,0.5,[],[1],[1],0.5,[1],[1],0.5
Run 1,agentmemorybench:fact-mh-262k:context-0/factconsolidation_mh_262k_no38,3,2,0.0,"[1,2]",2,1.0,[],"[1,2]","[1,2]",1.0,"[1,2]","[1,2]",1.0
Run 1,agentmemorybench:fact-mh-262k:context-0/factconsolidation_mh_262k_no38,4,2,1.0,[],0,0.0,"[1,2]","[1,2]","[1,2]",1.0,"[1,2]","[1,2]",1.0
Run 1,agentmemorybench:fact-mh-262k:context-0/factconsolidation_mh_262k_no39,1,2,0.0,[],0,0.0,[],[],[],0.0,[],[],0.0
Run 1,agentmemorybench:fact-mh-262k:context-0/factconsolidation_mh_262k_no39,2,2,0.0,[1],1,0.5,[],[1],[1],0.5,[1],[1],0.5
Run 1,agentmemorybench:fact-mh-262k:context-0/factconsolidation_mh_262k_no39,3,2,0.5,[],0,0.0,[1],[1],[1],0.5,[1],[1],0.5
Run 1,agentmemorybench:fact-mh-262k:context-0/factconsolidation_mh_262k_no39,4,2,0.5,[2],1,0.5,[],[2],"[1,2]",1.0,"[1,2]","[1,2]",1.0
Run 1,agentmemorybench:fact-mh-262k:context-0/factconsolidation_mh_262k_no39,5,2,1.0,[],0,0.0,[2],[2],"[1,2]",1.0,"[1,2]","[1,2]",1.0
Run 1,agentmemorybench:fact-mh-262k:context-0/factconsolidation_mh_262k_no39,6,2,1.0,[],0,0.0,[],[],"[1,2]",1.0,"[1,2]","[1,2]",1.0
Run 1,agentmemorybench:fact-mh-262k:context-0/factconsolidation_mh_262k_no39,7,2,1.0,[],0,0.0,[],[],"[1,2]",1.0,"[1,2]","[1,2]",1.0
Run 1,agentmemorybench:fact-mh-262k:context-0/factconsolidation_mh_262k_no39,8,2,1.0,[],0,0.0,[],[],"[1,2]",1.0,"[1,2]","[1,2]",1.0
Run 1,agentmemorybench:fact-mh-262k:context-0/factconsolidation_mh_262k_no39,9,2,1.0,[],0,0.0,[],[],"[1,2]",1.0,"[1,2]","[1,2]",1.0
Run 1,agentmemorybench:fact-mh-262k:context-0/factconsolidation_mh_262k_no39,10,2,1.0,[],0,0.0,[],[],"[1,2]",1.0,"[1,2]","[1,2]",1.0
Run 1,agentmemorybench:fact-mh-262k:context-0/factconsolidation_mh_262k_no4,1,2,0.0,[],0,0.0,[],[],[],0.0,[],[],0.0
Run 1,agentmemorybench:fact-mh-262k:context-0/factconsolidation_mh_262k_no4,2,2,0.0,[],0,0.0,[],[],[],0.0,[],[],0.0
Run 1,agentmemorybench:fact-mh-262k:context-0/factconsolidation_mh_262k_no4,3,2,0.0,[],0,0.0,[],[],[],0.0,[],[],0.0
Run 1,agentmemorybench:fact-mh-262k:context-0/factconsolidation_mh_262k_no4,4,2,0.0,"[1,2]",2,1.0,[],"[1,2]","[1,2]",1.0,"[1,2]","[1,2]",1.0
Run 1,agentmemorybench:fact-mh-262k:context-0/factconsolidation_mh_262k_no4,5,2,1.0,[],0,0.0,"[1,2]","[1,2]","[1,2]",1.0,"[1,2]","[1,2]",1.0
Run 1,agentmemorybench:fact-mh-262k:context-0/factconsolidation_mh_262k_no40,1,2,0.0,[],0,0.0,[],[],[],0.0,[],[],0.0
Run 1,agentmemorybench:fact-mh-262k:context-0/factconsolidation_mh_262k_no40,2,2,0.0,[1],1,0.5,[],[1],[1],0.5,[1],[1],0.5
Run 1,agentmemorybench:fact-mh-262k:context-0/factconsolidation_mh_262k_no40,3,2,0.5,[],0,0.0,[1],[1],[1],0.5,[1],[1],0.5
Run 1,agentmemorybench:fact-mh-262k:context-0/factconsolidation_mh_262k_no40,4,2,0.5,[2],1,0.5,[],[2],"[1,2]",1.0,"[1,2]","[1,2]",1.0
Run 1,agentmemorybench:fact-mh-262k:context-0/factconsolidation_mh_262k_no40,5,2,1.0,[],0,0.0,[2],[2],"[1,2]",1.0,"[1,2]","[1,2]",1.0
Run 1,agentmemorybench:fact-mh-262k:context-0/factconsolidation_mh_262k_no41,1,2,0.0,[],0,0.0,[],[],[],0.0,[],[],0.0
Run 1,agentmemorybench:fact-mh-262k:context-0/factconsolidation_mh_262k_no41,2,2,0.0,"[1,2]",2,1.0,[],"[1,2]","[1,2]",1.0,"[1,2]","[1,2]",1.0
Run 1,agentmemorybench:fact-mh-262k:context-0/factconsolidation_mh_262k_no41,3,2,0.5,[2],1,0.5,[1],"[1,2]","[1,2]",1.0,"[1,2]","[1,2]",1.0
Run 1,agentmemorybench:fact-mh-262k:context-0/factconsolidation_mh_262k_no41,4,2,0.5,[2],1,0.5,[],[2],"[1,2]",1.0,"[1,2]","[1,2]",1.0
Run 1,agentmemorybench:fact-mh-262k:context-0/factconsolidation_mh_262k_no41,5,2,0.5,[2],1,0.5,[],[2],"[1,2]",1.0,"[1,2]","[1,2]",1.0
Run 1,agentmemorybench:fact-mh-262k:context-0/factconsolidation_mh_262k_no41,6,2,0.5,[2],1,0.5,[],[2],"[1,2]",1.0,"[1,2]","[1,2]",1.0
Run 1,agentmemorybench:fact-mh-262k:context-0/factconsolidation_mh_262k_no41,7,2,1.0,[],0,0.0,"[1,2]","[1,2]","[1,2]",1.0,"[1,2]","[1,2]",1.0
Run 1,agentmemorybench:fact-mh-262k:context-0/factconsolidation_mh_262k_no41,8,2,1.0,[],0,0.0,[],[],"[1,2]",1.0,"[1,2]","[1,2]",1.0
Run 1,agentmemorybench:fact-mh-262k:context-0/factconsolidation_mh_262k_no41,9,2,1.0,[],0,0.0,[],[],"[1,2]",1.0,"[1,2]","[1,2]",1.0
Run 1,agentmemorybench:fact-mh-262k:context-0/factconsolidation_mh_262k_no41,10,2,1.0,[],0,0.0,[],[],"[1,2]",1.0,"[1,2]","[1,2]",1.0
Run 1,agentmemorybench:fact-mh-262k:context-0/factconsolidation_mh_262k_no41,11,2,1.0,[],0,0.0,[],[],"[1,2]",1.0,"[1,2]","[1,2]",1.0
Run 1,agentmemorybench:fact-mh-262k:context-0/factconsolidation_mh_262k_no41,12,2,1.0,[],0,0.0,[],[],"[1,2]",1.0,"[1,2]","[1,2]",1.0
Run 1,agentmemorybench:fact-mh-262k:context-0/factconsolidation_mh_262k_no42,1,4,0.0,[],0,0.0,[],[],[],0.0,[],[],0.0
Run 1,agentmemorybench:fact-mh-262k:context-0/factconsolidation_mh_262k_no42,2,4,0.0,[1],1,0.25,[],[1],[1],0.25,[1],[1],0.25
Run 1,agentmemorybench:fact-mh-262k:context-0/factconsolidation_mh_262k_no42,3,4,0.25,[],0,0.0,[1],[1],[1],0.25,[1],[1],0.25
Run 1,agentmemorybench:fact-mh-262k:context-0/factconsolidation_mh_262k_no42,4,4,0.25,[2],1,0.25,[],[2],"[1,2]",0.5,"[1,2]","[1,2]",0.5
Run 1,agentmemorybench:fact-mh-262k:context-0/factconsolidation_mh_262k_no42,5,4,0.25,"[2,3]",2,0.5,[],"[2,3]","[1,2,3]",0.75,"[1,2,3]","[1,2,3]",0.75
Run 1,agentmemorybench:fact-mh-262k:context-0/factconsolidation_mh_262k_no42,6,4,0.25,[4],1,0.25,[],[4],"[1,4]",0.5,"[1,2,3,4]","[1,2,3,4]",1.0
Run 1,agentmemorybench:fact-mh-262k:context-0/factconsolidation_mh_262k_no42,7,4,1.0,[],0,0.0,"[2,3,4]","[2,3,4]","[1,2,3,4]",1.0,"[1,2,3,4]","[1,2,3,4]",1.0
Run 1,agentmemorybench:fact-mh-262k:context-0/factconsolidation_mh_262k_no43,1,2,0.0,[],0,0.0,[],[],[],0.0,[],[],0.0
Run 1,agentmemorybench:fact-mh-262k:context-0/factconsolidation_mh_262k_no43,2,2,0.0,[1],1,0.5,[],[1],[1],0.5,[1],[1],0.5
Run 1,agentmemorybench:fact-mh-262k:context-0/factconsolidation_mh_262k_no43,3,2,0.5,[],0,0.0,[1],[1],[1],0.5,[1],[1],0.5
Run 1,agentmemorybench:fact-mh-262k:context-0/factconsolidation_mh_262k_no43,4,2,0.5,[],0,0.0,[],[],[1],0.5,[1],[1],0.5
Run 1,agentmemorybench:fact-mh-262k:context-0/factconsolidation_mh_262k_no43,5,2,0.5,[2],1,0.5,[],[2],"[1,2]",1.0,"[1,2]","[1,2]",1.0
Run 1,agentmemorybench:fact-mh-262k:context-0/factconsolidation_mh_262k_no43,6,2,1.0,[],0,0.0,[2],[2],"[1,2]",1.0,"[1,2]","[1,2]",1.0
Run 1,agentmemorybench:fact-mh-262k:context-0/factconsolidation_mh_262k_no44,1,2,0.0,[],0,0.0,[],[],[],0.0,[],[],0.0
Run 1,agentmemorybench:fact-mh-262k:context-0/factconsolidation_mh_262k_no44,2,2,0.0,[1],1,0.5,[],[1],[1],0.5,[1],[1],0.5
Run 1,agentmemorybench:fact-mh-262k:context-0/factconsolidation_mh_262k_no44,3,2,0.0,[2],1,0.5,[],[2],[2],0.5,"[1,2]","[1,2]",1.0
Run 1,agentmemorybench:fact-mh-262k:context-0/factconsolidation_mh_262k_no44,4,2,0.0,[2],1,0.5,[],[2],[2],0.5,"[1,2]","[1,2]",1.0
Run 1,agentmemorybench:fact-mh-262k:context-0/factconsolidation_mh_262k_no44,5,2,1.0,[],0,0.0,"[1,2]","[1,2]","[1,2]",1.0,"[1,2]","[1,2]",1.0
Run 1,agentmemorybench:fact-mh-262k:context-0/factconsolidation_mh_262k_no45,1,2,0.0,[],0,0.0,[],[],[],0.0,[],[],0.0
Run 1,agentmemorybench:fact-mh-262k:context-0/factconsolidation_mh_262k_no45,2,2,0.0,[1],1,0.5,[],[1],[1],0.5,[1],[1],0.5
Run 1,agentmemorybench:fact-mh-262k:context-0/factconsolidation_mh_262k_no45,3,2,0.5,[],0,0.0,[1],[1],[1],0.5,[1],[1],0.5
Run 1,agentmemorybench:fact-mh-262k:context-0/factconsolidation_mh_262k_no45,4,2,0.5,[2],1,0.5,[],[2],"[1,2]",1.0,"[1,2]","[1,2]",1.0
Run 1,agentmemorybench:fact-mh-262k:context-0/factconsolidation_mh_262k_no45,5,2,1.0,[],0,0.0,[2],[2],"[1,2]",1.0,"[1,2]","[1,2]",1.0
Run 1,agentmemorybench:fact-mh-262k:context-0/factconsolidation_mh_262k_no46,1,2,0.0,[],0,0.0,[],[],[],0.0,[],[],0.0
Run 1,agentmemorybench:fact-mh-262k:context-0/factconsolidation_mh_262k_no46,2,2,0.0,[2],1,0.5,[],[2],[2],0.5,[2],[2],0.5
Run 1,agentmemorybench:fact-mh-262k:context-0/factconsolidation_mh_262k_no46,3,2,0.0,[2],1,0.5,[],[2],[2],0.5,[2],[2],0.5
Run 1,agentmemorybench:fact-mh-262k:context-0/factconsolidation_mh_262k_no46,4,2,0.0,[],0,0.0,[],[],[],0.0,[2],[2],0.5
Run 1,agentmemorybench:fact-mh-262k:context-0/factconsolidation_mh_262k_no46,5,2,0.0,[],0,0.0,[],[],[],0.0,[2],[2],0.5
Run 1,agentmemorybench:fact-mh-262k:context-0/factconsolidation_mh_262k_no47,1,4,0.0,[],0,0.0,[],[],[],0.0,[],[],0.0
Run 1,agentmemorybench:fact-mh-262k:context-0/factconsolidation_mh_262k_no47,2,4,0.0,[],0,0.0,[],[],[],0.0,[],[],0.0
Run 1,agentmemorybench:fact-mh-262k:context-0/factconsolidation_mh_262k_no47,3,4,0.25,[],0,0.0,[1],[1],[1],0.25,[],[1],0.25
Run 1,agentmemorybench:fact-mh-262k:context-0/factconsolidation_mh_262k_no47,4,4,0.25,[],0,0.0,[],[],[1],0.25,[],[1],0.25
Run 1,agentmemorybench:fact-mh-262k:context-0/factconsolidation_mh_262k_no47,5,4,0.25,[],0,0.0,[],[],[1],0.25,[],[1],0.25
Run 1,agentmemorybench:fact-mh-262k:context-0/factconsolidation_mh_262k_no47,6,4,0.25,[],0,0.0,[],[],[1],0.25,[],[1],0.25
Run 1,agentmemorybench:fact-mh-262k:context-0/factconsolidation_mh_262k_no47,7,4,0.25,[],0,0.0,[],[],[1],0.25,[],[1],0.25
Run 1,agentmemorybench:fact-mh-262k:context-0/factconsolidation_mh_262k_no47,8,4,0.25,[],0,0.0,[],[],[1],0.25,[],[1],0.25
Run 1,agentmemorybench:fact-mh-262k:context-0/factconsolidation_mh_262k_no48,1,4,0.0,[],0,0.0,[],[],[],0.0,[],[],0.0
Run 1,agentmemorybench:fact-mh-262k:context-0/factconsolidation_mh_262k_no48,2,4,0.0,[],0,0.0,[],[],[],0.0,[],[],0.0
Run 1,agentmemorybench:fact-mh-262k:context-0/factconsolidation_mh_262k_no48,3,4,0.0,[],0,0.0,[],[],[],0.0,[],[],0.0
Run 1,agentmemorybench:fact-mh-262k:context-0/factconsolidation_mh_262k_no48,4,4,0.25,[],0,0.0,[4],[4],[4],0.25,[],[4],0.25
Run 1,agentmemorybench:fact-mh-262k:context-0/factconsolidation_mh_262k_no48,5,4,0.25,[],0,0.0,[],[],[4],0.25,[],[4],0.25
Run 1,agentmemorybench:fact-mh-262k:context-0/factconsolidation_mh_262k_no48,6,4,0.25,[],0,0.0,[],[],[4],0.25,[],[4],0.25
Run 1,agentmemorybench:fact-mh-262k:context-0/factconsolidation_mh_262k_no48,7,4,0.25,[],0,0.0,[],[],[4],0.25,[],[4],0.25
Run 1,agentmemorybench:fact-mh-262k:context-0/factconsolidation_mh_262k_no48,8,4,0.25,[],0,0.0,[],[],[4],0.25,[],[4],0.25
Run 1,agentmemorybench:fact-mh-262k:context-0/factconsolidation_mh_262k_no48,9,4,0.25,[],0,0.0,[],[],[4],0.25,[],[4],0.25
Run 1,agentmemorybench:fact-mh-262k:context-0/factconsolidation_mh_262k_no48,10,4,0.25,[],0,0.0,[],[],[4],0.25,[],[4],0.25
Run 1,agentmemorybench:fact-mh-262k:context-0/factconsolidation_mh_262k_no48,11,4,0.25,[],0,0.0,[],[],[4],0.25,[],[4],0.25
Run 1,agentmemorybench:fact-mh-262k:context-0/factconsolidation_mh_262k_no48,12,4,0.25,[],0,0.0,[],[],[4],0.25,[],[4],0.25
Run 1,agentmemorybench:fact-mh-262k:context-0/factconsolidation_mh_262k_no48,13,4,0.25,[],0,0.0,[],[],[4],0.25,[],[4],0.25
Run 1,agentmemorybench:fact-mh-262k:context-0/factconsolidation_mh_262k_no48,14,4,0.25,[],0,0.0,[],[],[4],0.25,[],[4],0.25
Run 1,agentmemorybench:fact-mh-262k:context-0/factconsolidation_mh_262k_no49,1,2,0.0,[],0,0.0,[],[],[],0.0,[],[],0.0
Run 1,agentmemorybench:fact-mh-262k:context-0/factconsolidation_mh_262k_no49,2,2,0.0,[1],1,0.5,[],[1],[1],0.5,[1],[1],0.5
Run 1,agentmemorybench:fact-mh-262k:context-0/factconsolidation_mh_262k_no49,3,2,0.0,[1],1,0.5,[],[1],[1],0.5,[1],[1],0.5
Run 1,agentmemorybench:fact-mh-262k:context-0/factconsolidation_mh_262k_no49,4,2,1.0,[],0,0.0,"[1,2]","[1,2]","[1,2]",1.0,[1],"[1,2]",1.0
Run 1,agentmemorybench:fact-mh-262k:context-0/factconsolidation_mh_262k_no5,1,4,0.0,[],0,0.0,[],[],[],0.0,[],[],0.0
Run 1,agentmemorybench:fact-mh-262k:context-0/factconsolidation_mh_262k_no5,2,4,0.0,[1],1,0.25,[],[1],[1],0.25,[1],[1],0.25
Run 1,agentmemorybench:fact-mh-262k:context-0/factconsolidation_mh_262k_no5,3,4,0.25,[],0,0.0,[1],[1],[1],0.25,[1],[1],0.25
Run 1,agentmemorybench:fact-mh-262k:context-0/factconsolidation_mh_262k_no5,4,4,0.25,[2],1,0.25,[],[2],"[1,2]",0.5,"[1,2]","[1,2]",0.5
Run 1,agentmemorybench:fact-mh-262k:context-0/factconsolidation_mh_262k_no5,5,4,0.25,[],0,0.0,[],[],[1],0.25,"[1,2]","[1,2]",0.5
Run 1,agentmemorybench:fact-mh-262k:context-0/factconsolidation_mh_262k_no5,6,4,1.0,[],0,0.0,"[2,3,4]","[2,3,4]","[1,2,3,4]",1.0,"[1,2]","[1,2,3,4]",1.0
Run 1,agentmemorybench:fact-mh-262k:context-0/factconsolidation_mh_262k_no5,7,4,1.0,[],0,0.0,[],[],"[1,2,3,4]",1.0,"[1,2]","[1,2,3,4]",1.0
Run 1,agentmemorybench:fact-mh-262k:context-0/factconsolidation_mh_262k_no5,8,4,1.0,[],0,0.0,[],[],"[1,2,3,4]",1.0,"[1,2]","[1,2,3,4]",1.0
Run 1,agentmemorybench:fact-mh-262k:context-0/factconsolidation_mh_262k_no50,1,2,0.0,[],0,0.0,[],[],[],0.0,[],[],0.0
Run 1,agentmemorybench:fact-mh-262k:context-0/factconsolidation_mh_262k_no50,2,2,0.0,[1],1,0.5,[],[1],[1],0.5,[1],[1],0.5
Run 1,agentmemorybench:fact-mh-262k:context-0/factconsolidation_mh_262k_no50,3,2,0.0,[2],1,0.5,[],[2],[2],0.5,"[1,2]","[1,2]",1.0
Run 1,agentmemorybench:fact-mh-262k:context-0/factconsolidation_mh_262k_no50,4,2,1.0,[],0,0.0,"[1,2]","[1,2]","[1,2]",1.0,"[1,2]","[1,2]",1.0
Run 1,agentmemorybench:fact-mh-262k:context-0/factconsolidation_mh_262k_no51,1,2,0.0,[],0,0.0,[],[],[],0.0,[],[],0.0
Run 1,agentmemorybench:fact-mh-262k:context-0/factconsolidation_mh_262k_no51,2,2,0.0,[],0,0.0,[],[],[],0.0,[],[],0.0
Run 1,agentmemorybench:fact-mh-262k:context-0/factconsolidation_mh_262k_no51,3,2,0.5,[],0,0.0,[1],[1],[1],0.5,[],[1],0.5
Run 1,agentmemorybench:fact-mh-262k:context-0/factconsolidation_mh_262k_no51,4,2,0.5,[2],1,0.5,[],[2],"[1,2]",1.0,[2],"[1,2]",1.0
Run 1,agentmemorybench:fact-mh-262k:context-0/factconsolidation_mh_262k_no51,5,2,1.0,[],0,0.0,[2],[2],"[1,2]",1.0,[2],"[1,2]",1.0
Run 1,agentmemorybench:fact-mh-262k:context-0/factconsolidation_mh_262k_no52,1,4,0.0,[],0,0.0,[],[],[],0.0,[],[],0.0
Run 1,agentmemorybench:fact-mh-262k:context-0/factconsolidation_mh_262k_no52,2,4,0.0,[1],1,0.25,[],[1],[1],0.25,[1],[1],0.25
Run 1,agentmemorybench:fact-mh-262k:context-0/factconsolidation_mh_262k_no52,3,4,0.0,"[1,2]",2,0.5,[],"[1,2]","[1,2]",0.5,"[1,2]","[1,2]",0.5
Run 1,agentmemorybench:fact-mh-262k:context-0/factconsolidation_mh_262k_no52,4,4,0.0,"[2,3]",2,0.5,[],"[2,3]","[2,3]",0.5,"[1,2,3]","[1,2,3]",0.75
Run 1,agentmemorybench:fact-mh-262k:context-0/factconsolidation_mh_262k_no52,5,4,0.0,[4],1,0.25,[],[4],[4],0.25,"[1,2,3,4]","[1,2,3,4]",1.0
Run 1,agentmemorybench:fact-mh-262k:context-0/factconsolidation_mh_262k_no52,6,4,1.0,[],0,0.0,"[1,2,3,4]","[1,2,3,4]","[1,2,3,4]",1.0,"[1,2,3,4]","[1,2,3,4]",1.0
Run 1,agentmemorybench:fact-mh-262k:context-0/factconsolidation_mh_262k_no53,1,3,0.0,[],0,0.0,[],[],[],0.0,[],[],0.0
Run 1,agentmemorybench:fact-mh-262k:context-0/factconsolidation_mh_262k_no53,2,3,0.0,[1],1,0.3333333333333333,[],[1],[1],0.3333333333333333,[1],[1],0.3333333333333333
Run 1,agentmemorybench:fact-mh-262k:context-0/factconsolidation_mh_262k_no53,3,3,0.0,[],0,0.0,[],[],[],0.0,[1],[1],0.3333333333333333
Run 1,agentmemorybench:fact-mh-262k:context-0/factconsolidation_mh_262k_no53,4,3,0.3333333333333333,[],0,0.0,[1],[1],[1],0.3333333333333333,[1],[1],0.3333333333333333
Run 1,agentmemorybench:fact-mh-262k:context-0/factconsolidation_mh_262k_no53,5,3,0.3333333333333333,[],0,0.0,[],[],[1],0.3333333333333333,[1],[1],0.3333333333333333
Run 1,agentmemorybench:fact-mh-262k:context-0/factconsolidation_mh_262k_no53,6,3,0.3333333333333333,[],0,0.0,[],[],[1],0.3333333333333333,[1],[1],0.3333333333333333
Run 1,agentmemorybench:fact-mh-262k:context-0/factconsolidation_mh_262k_no54,1,3,0.0,[],0,0.0,[],[],[],0.0,[],[],0.0
Run 1,agentmemorybench:fact-mh-262k:context-0/factconsolidation_mh_262k_no54,2,3,0.0,[1],1,0.3333333333333333,[],[1],[1],0.3333333333333333,[1],[1],0.3333333333333333
Run 1,agentmemorybench:fact-mh-262k:context-0/factconsolidation_mh_262k_no54,3,3,0.0,[],0,0.0,[],[],[],0.0,[1],[1],0.3333333333333333
Run 1,agentmemorybench:fact-mh-262k:context-0/factconsolidation_mh_262k_no54,4,3,0.3333333333333333,[],0,0.0,[2],[2],[2],0.3333333333333333,[1],"[1,2]",0.6666666666666666
Run 1,agentmemorybench:fact-mh-262k:context-0/factconsolidation_mh_262k_no54,5,3,0.3333333333333333,[3],1,0.3333333333333333,[],[3],"[2,3]",0.6666666666666666,"[1,3]","[1,2,3]",1.0
Run 1,agentmemorybench:fact-mh-262k:context-0/factconsolidation_mh_262k_no54,6,3,0.6666666666666666,[],0,0.0,[3],[3],"[2,3]",0.6666666666666666,"[1,3]","[1,2,3]",1.0
Run 1,agentmemorybench:fact-mh-262k:context-0/factconsolidation_mh_262k_no55,1,4,0.0,[],0,0.0,[],[],[],0.0,[],[],0.0
Run 1,agentmemorybench:fact-mh-262k:context-0/factconsolidation_mh_262k_no55,2,4,0.0,[1],1,0.25,[],[1],[1],0.25,[1],[1],0.25
Run 1,agentmemorybench:fact-mh-262k:context-0/factconsolidation_mh_262k_no55,3,4,0.25,[],0,0.0,[1],[1],[1],0.25,[1],[1],0.25
Run 1,agentmemorybench:fact-mh-262k:context-0/factconsolidation_mh_262k_no55,4,4,0.25,[2],1,0.25,[],[2],"[1,2]",0.5,"[1,2]","[1,2]",0.5
Run 1,agentmemorybench:fact-mh-262k:context-0/factconsolidation_mh_262k_no55,5,4,0.75,[],0,0.0,"[2,3]","[2,3]","[1,2,3]",0.75,"[1,2]","[1,2,3]",0.75
Run 1,agentmemorybench:fact-mh-262k:context-0/factconsolidation_mh_262k_no55,6,4,0.75,[4],1,0.25,[],[4],"[1,2,3,4]",1.0,"[1,2,4]","[1,2,3,4]",1.0
Run 1,agentmemorybench:fact-mh-262k:context-0/factconsolidation_mh_262k_no55,7,4,1.0,[],0,0.0,[4],[4],"[1,2,3,4]",1.0,"[1,2,4]","[1,2,3,4]",1.0
Run 1,agentmemorybench:fact-mh-262k:context-0/factconsolidation_mh_262k_no55,8,4,1.0,[],0,0.0,[],[],"[1,2,3,4]",1.0,"[1,2,4]","[1,2,3,4]",1.0
Run 1,agentmemorybench:fact-mh-262k:context-0/factconsolidation_mh_262k_no55,9,4,1.0,[],0,0.0,[],[],"[1,2,3,4]",1.0,"[1,2,4]","[1,2,3,4]",1.0
Run 1,agentmemorybench:fact-mh-262k:context-0/factconsolidation_mh_262k_no56,1,2,0.0,[],0,0.0,[],[],[],0.0,[],[],0.0
Run 1,agentmemorybench:fact-mh-262k:context-0/factconsolidation_mh_262k_no56,2,2,0.0,"[1,2]",2,1.0,[],"[1,2]","[1,2]",1.0,"[1,2]","[1,2]",1.0
Run 1,agentmemorybench:fact-mh-262k:context-0/factconsolidation_mh_262k_no56,3,2,1.0,[],0,0.0,"[1,2]","[1,2]","[1,2]",1.0,"[1,2]","[1,2]",1.0
Run 1,agentmemorybench:fact-mh-262k:context-0/factconsolidation_mh_262k_no57,1,3,0.0,[],0,0.0,[],[],[],0.0,[],[],0.0
Run 1,agentmemorybench:fact-mh-262k:context-0/factconsolidation_mh_262k_no57,2,3,0.0,[1],1,0.3333333333333333,[],[1],[1],0.3333333333333333,[1],[1],0.3333333333333333
Run 1,agentmemorybench:fact-mh-262k:context-0/factconsolidation_mh_262k_no57,3,3,0.0,[2],1,0.3333333333333333,[],[2],[2],0.3333333333333333,"[1,2]","[1,2]",0.6666666666666666
Run 1,agentmemorybench:fact-mh-262k:context-0/factconsolidation_mh_262k_no57,4,3,0.3333333333333333,[],0,0.0,[2],[2],[2],0.3333333333333333,"[1,2]","[1,2]",0.6666666666666666
Run 1,agentmemorybench:fact-mh-262k:context-0/factconsolidation_mh_262k_no57,5,3,0.3333333333333333,[],0,0.0,[],[2],[2],0.3333333333333333,"[1,2]","[1,2]",0.6666666666666666
Run 1,agentmemorybench:fact-mh-262k:context-0/factconsolidation_mh_262k_no57,6,3,0.3333333333333333,[],0,0.0,[],[2],[2],0.3333333333333333,"[1,2]","[1,2]",0.6666666666666666
Run 1,agentmemorybench:fact-mh-262k:context-0/factconsolidation_mh_262k_no57,7,3,0.3333333333333333,[],0,0.0,[],[],[2],0.3333333333333333,"[1,2]","[1,2]",0.6666666666666666
Run 1,agentmemorybench:fact-mh-262k:context-0/factconsolidation_mh_262k_no57,8,3,0.3333333333333333,[],0,0.0,[],[],[2],0.3333333333333333,"[1,2]","[1,2]",0.6666666666666666
Run 1,agentmemorybench:fact-mh-262k:context-0/factconsolidation_mh_262k_no57,9,3,0.3333333333333333,[],0,0.0,[],[],[2],0.3333333333333333,"[1,2]","[1,2]",0.6666666666666666
Run 1,agentmemorybench:fact-mh-262k:context-0/factconsolidation_mh_262k_no57,10,3,0.3333333333333333,[],0,0.0,[],[],[2],0.3333333333333333,"[1,2]","[1,2]",0.6666666666666666
Run 1,agentmemorybench:fact-mh-262k:context-0/factconsolidation_mh_262k_no57,11,3,0.3333333333333333,[],0,0.0,[2],[2],[2],0.3333333333333333,"[1,2]","[1,2]",0.6666666666666666
Run 1,agentmemorybench:fact-mh-262k:context-0/factconsolidation_mh_262k_no57,12,3,0.3333333333333333,[],0,0.0,[],[],[2],0.3333333333333333,"[1,2]","[1,2]",0.6666666666666666
Run 1,agentmemorybench:fact-mh-262k:context-0/factconsolidation_mh_262k_no57,13,3,0.3333333333333333,[],0,0.0,[],[],[2],0.3333333333333333,"[1,2]","[1,2]",0.6666666666666666
Run 1,agentmemorybench:fact-mh-262k:context-0/factconsolidation_mh_262k_no57,14,3,0.3333333333333333,[],0,0.0,[],[],[2],0.3333333333333333,"[1,2]","[1,2]",0.6666666666666666
Run 1,agentmemorybench:fact-mh-262k:context-0/factconsolidation_mh_262k_no57,15,3,0.3333333333333333,[],0,0.0,[],[],[2],0.3333333333333333,"[1,2]","[1,2]",0.6666666666666666
Run 1,agentmemorybench:fact-mh-262k:context-0/factconsolidation_mh_262k_no57,16,3,0.3333333333333333,[],0,0.0,[],[],[2],0.3333333333333333,"[1,2]","[1,2]",0.6666666666666666
Run 1,agentmemorybench:fact-mh-262k:context-0/factconsolidation_mh_262k_no57,17,3,0.3333333333333333,[],0,0.0,[],[],[2],0.3333333333333333,"[1,2]","[1,2]",0.6666666666666666
Run 1,agentmemorybench:fact-mh-262k:context-0/factconsolidation_mh_262k_no57,18,3,0.3333333333333333,[],0,0.0,[],[],[2],0.3333333333333333,"[1,2]","[1,2]",0.6666666666666666
Run 1,agentmemorybench:fact-mh-262k:context-0/factconsolidation_mh_262k_no57,19,3,0.3333333333333333,[],0,0.0,[],[],[2],0.3333333333333333,"[1,2]","[1,2]",0.6666666666666666
Run 1,agentmemorybench:fact-mh-262k:context-0/factconsolidation_mh_262k_no57,20,3,0.6666666666666666,[],0,0.0,[1],[1],"[1,2]",0.6666666666666666,"[1,2]","[1,2]",0.6666666666666666
Run 1,agentmemorybench:fact-mh-262k:context-0/factconsolidation_mh_262k_no57,21,3,0.6666666666666666,[],0,0.0,[],[],"[1,2]",0.6666666666666666,"[1,2]","[1,2]",0.6666666666666666
Run 1,agentmemorybench:fact-mh-262k:context-0/factconsolidation_mh_262k_no57,22,3,0.6666666666666666,[],0,0.0,[],[],"[1,2]",0.6666666666666666,"[1,2]","[1,2]",0.6666666666666666
Run 1,agentmemorybench:fact-mh-262k:context-0/factconsolidation_mh_262k_no58,1,2,0.0,[],0,0.0,[],[],[],0.0,[],[],0.0
Run 1,agentmemorybench:fact-mh-262k:context-0/factconsolidation_mh_262k_no58,2,2,0.0,[1],1,0.5,[],[1],[1],0.5,[1],[1],0.5
Run 1,agentmemorybench:fact-mh-262k:context-0/factconsolidation_mh_262k_no58,3,2,0.5,[],0,0.0,[1],[1],[1],0.5,[1],[1],0.5
Run 1,agentmemorybench:fact-mh-262k:context-0/factconsolidation_mh_262k_no58,4,2,0.5,[],0,0.0,[],[],[1],0.5,[1],[1],0.5
Run 1,agentmemorybench:fact-mh-262k:context-0/factconsolidation_mh_262k_no58,5,2,0.5,[],0,0.0,[],[],[1],0.5,[1],[1],0.5
Run 1,agentmemorybench:fact-mh-262k:context-0/factconsolidation_mh_262k_no58,6,2,0.5,[],0,0.0,[],[],[1],0.5,[1],[1],0.5
Run 1,agentmemorybench:fact-mh-262k:context-0/factconsolidation_mh_262k_no58,7,2,0.5,[],0,0.0,[],[],[1],0.5,[1],[1],0.5
Run 1,agentmemorybench:fact-mh-262k:context-0/factconsolidation_mh_262k_no58,8,2,0.5,[],0,0.0,[],[],[1],0.5,[1],[1],0.5
Run 1,agentmemorybench:fact-mh-262k:context-0/factconsolidation_mh_262k_no58,9,2,0.5,[],0,0.0,[],[],[1],0.5,[1],[1],0.5
Run 1,agentmemorybench:fact-mh-262k:context-0/factconsolidation_mh_262k_no58,10,2,0.5,[],0,0.0,[],[],[1],0.5,[1],[1],0.5
Run 1,agentmemorybench:fact-mh-262k:context-0/factconsolidation_mh_262k_no58,11,2,1.0,[],0,0.0,[2],[2],"[1,2]",1.0,[1],"[1,2]",1.0
Run 1,agentmemorybench:fact-mh-262k:context-0/factconsolidation_mh_262k_no59,1,2,0.0,[],0,0.0,[],[],[],0.0,[],[],0.0
Run 1,agentmemorybench:fact-mh-262k:context-0/factconsolidation_mh_262k_no59,2,2,0.0,"[1,2]",2,1.0,[],"[1,2]","[1,2]",1.0,"[1,2]","[1,2]",1.0
Run 1,agentmemorybench:fact-mh-262k:context-0/factconsolidation_mh_262k_no59,3,2,1.0,[],0,0.0,"[1,2]","[1,2]","[1,2]",1.0,"[1,2]","[1,2]",1.0
Run 1,agentmemorybench:fact-mh-262k:context-0/factconsolidation_mh_262k_no6,1,2,0.0,[],0,0.0,[],[],[],0.0,[],[],0.0
Run 1,agentmemorybench:fact-mh-262k:context-0/factconsolidation_mh_262k_no6,2,2,0.0,"[1,2]",2,1.0,[],"[1,2]","[1,2]",1.0,"[1,2]","[1,2]",1.0
Run 1,agentmemorybench:fact-mh-262k:context-0/factconsolidation_mh_262k_no6,3,2,1.0,[],0,0.0,"[1,2]","[1,2]","[1,2]",1.0,"[1,2]","[1,2]",1.0
Run 1,agentmemorybench:fact-mh-262k:context-0/factconsolidation_mh_262k_no60,1,2,0.0,[],0,0.0,[],[],[],0.0,[],[],0.0
Run 1,agentmemorybench:fact-mh-262k:context-0/factconsolidation_mh_262k_no60,2,2,0.0,[1],1,0.5,[],[1],[1],0.5,[1],[1],0.5
Run 1,agentmemorybench:fact-mh-262k:context-0/factconsolidation_mh_262k_no60,3,2,0.5,[],0,0.0,[1],[1],[1],0.5,[1],[1],0.5
Run 1,agentmemorybench:fact-mh-262k:context-0/factconsolidation_mh_262k_no61,1,2,0.0,[],0,0.0,[],[],[],0.0,[],[],0.0
Run 1,agentmemorybench:fact-mh-262k:context-0/factconsolidation_mh_262k_no61,2,2,0.0,[1],1,0.5,[],[1],[1],0.5,[1],[1],0.5
Run 1,agentmemorybench:fact-mh-262k:context-0/factconsolidation_mh_262k_no61,3,2,0.0,"[1,2]",2,1.0,[],"[1,2]","[1,2]",1.0,"[1,2]","[1,2]",1.0
Run 1,agentmemorybench:fact-mh-262k:context-0/factconsolidation_mh_262k_no61,4,2,1.0,[],0,0.0,"[1,2]","[1,2]","[1,2]",1.0,"[1,2]","[1,2]",1.0
Run 1,agentmemorybench:fact-mh-262k:context-0/factconsolidation_mh_262k_no62,1,2,0.0,[],0,0.0,[],[],[],0.0,[],[],0.0
Run 1,agentmemorybench:fact-mh-262k:context-0/factconsolidation_mh_262k_no62,2,2,0.0,[1],1,0.5,[],[1],[1],0.5,[1],[1],0.5
Run 1,agentmemorybench:fact-mh-262k:context-0/factconsolidation_mh_262k_no62,3,2,0.0,"[1,2]",2,1.0,[],"[1,2]","[1,2]",1.0,"[1,2]","[1,2]",1.0
Run 1,agentmemorybench:fact-mh-262k:context-0/factconsolidation_mh_262k_no62,4,2,1.0,[],0,0.0,"[1,2]","[1,2]","[1,2]",1.0,"[1,2]","[1,2]",1.0
Run 1,agentmemorybench:fact-mh-262k:context-0/factconsolidation_mh_262k_no63,1,4,0.0,[],0,0.0,[],[],[],0.0,[],[],0.0
Run 1,agentmemorybench:fact-mh-262k:context-0/factconsolidation_mh_262k_no63,2,4,0.0,[1],1,0.25,[],[1],[1],0.25,[1],[1],0.25
Run 1,agentmemorybench:fact-mh-262k:context-0/factconsolidation_mh_262k_no63,3,4,0.25,[],0,0.0,[1],[1],[1],0.25,[1],[1],0.25
Run 1,agentmemorybench:fact-mh-262k:context-0/factconsolidation_mh_262k_no63,4,4,0.25,[2],1,0.25,[],[2],"[1,2]",0.5,"[1,2]","[1,2]",0.5
Run 1,agentmemorybench:fact-mh-262k:context-0/factconsolidation_mh_262k_no63,5,4,0.5,[],0,0.0,[2],[2],"[1,2]",0.5,"[1,2]","[1,2]",0.5
Run 1,agentmemorybench:fact-mh-262k:context-0/factconsolidation_mh_262k_no63,6,4,0.5,[3],1,0.25,[],[3],"[1,2,3]",0.75,"[1,2,3]","[1,2,3]",0.75
Run 1,agentmemorybench:fact-mh-262k:context-0/factconsolidation_mh_262k_no63,7,4,0.75,[],0,0.0,"[2,3]","[2,3]","[1,2,3]",0.75,"[1,2,3]","[1,2,3]",0.75
Run 1,agentmemorybench:fact-mh-262k:context-0/factconsolidation_mh_262k_no64,1,2,0.0,[],0,0.0,[],[],[],0.0,[],[],0.0
Run 1,agentmemorybench:fact-mh-262k:context-0/factconsolidation_mh_262k_no64,2,2,0.0,[1],1,0.5,[],[1],[1],0.5,[1],[1],0.5
Run 1,agentmemorybench:fact-mh-262k:context-0/factconsolidation_mh_262k_no64,3,2,0.5,[],0,0.0,[1],[1],[1],0.5,[1],[1],0.5
Run 1,agentmemorybench:fact-mh-262k:context-0/factconsolidation_mh_262k_no64,4,2,0.5,[],0,0.0,[],[1],[1],0.5,[1],[1],0.5
Run 1,agentmemorybench:fact-mh-262k:context-0/factconsolidation_mh_262k_no64,5,2,1.0,[],0,0.0,[2],"[1,2]","[1,2]",1.0,[1],"[1,2]",1.0
Run 1,agentmemorybench:fact-mh-262k:context-0/factconsolidation_mh_262k_no65,1,2,0.0,[],0,0.0,[],[],[],0.0,[],[],0.0
Run 1,agentmemorybench:fact-mh-262k:context-0/factconsolidation_mh_262k_no65,2,2,0.0,[1],1,0.5,[],[1],[1],0.5,[1],[1],0.5
Run 1,agentmemorybench:fact-mh-262k:context-0/factconsolidation_mh_262k_no65,3,2,0.0,[1],1,0.5,[],[1],[1],0.5,[1],[1],0.5
Run 1,agentmemorybench:fact-mh-262k:context-0/factconsolidation_mh_262k_no65,4,2,0.5,[],0,0.0,[1],[1],[1],0.5,[1],[1],0.5
Run 1,agentmemorybench:fact-mh-262k:context-0/factconsolidation_mh_262k_no65,5,2,0.5,[],0,0.0,[],[1],[1],0.5,[1],[1],0.5
Run 1,agentmemorybench:fact-mh-262k:context-0/factconsolidation_mh_262k_no65,6,2,0.5,[2],1,0.5,[],"[1,2]","[1,2]",1.0,"[1,2]","[1,2]",1.0
Run 1,agentmemorybench:fact-mh-262k:context-0/factconsolidation_mh_262k_no65,7,2,1.0,[],0,0.0,[2],[2],"[1,2]",1.0,"[1,2]","[1,2]",1.0
Run 1,agentmemorybench:fact-mh-262k:context-0/factconsolidation_mh_262k_no66,1,2,0.0,[],0,0.0,[],[],[],0.0,[],[],0.0
Run 1,agentmemorybench:fact-mh-262k:context-0/factconsolidation_mh_262k_no66,2,2,0.0,[1],1,0.5,[],[1],[1],0.5,[1],[1],0.5
Run 1,agentmemorybench:fact-mh-262k:context-0/factconsolidation_mh_262k_no66,3,2,0.5,[],0,0.0,[1],[1],[1],0.5,[1],[1],0.5
Run 1,agentmemorybench:fact-mh-262k:context-0/factconsolidation_mh_262k_no67,1,2,0.0,[],0,0.0,[],[],[],0.0,[],[],0.0
Run 1,agentmemorybench:fact-mh-262k:context-0/factconsolidation_mh_262k_no67,2,2,0.0,[1],1,0.5,[],[1],[1],0.5,[1],[1],0.5
Run 1,agentmemorybench:fact-mh-262k:context-0/factconsolidation_mh_262k_no67,3,2,0.0,[1],1,0.5,[],[1],[1],0.5,[1],[1],0.5
Run 1,agentmemorybench:fact-mh-262k:context-0/factconsolidation_mh_262k_no67,4,2,0.5,[],0,0.0,[1],[1],[1],0.5,[1],[1],0.5
Run 1,agentmemorybench:fact-mh-262k:context-0/factconsolidation_mh_262k_no67,5,2,0.5,[2],1,0.5,[],"[1,2]","[1,2]",1.0,"[1,2]","[1,2]",1.0
Run 1,agentmemorybench:fact-mh-262k:context-0/factconsolidation_mh_262k_no67,6,2,1.0,[],0,0.0,[2],"[1,2]","[1,2]",1.0,"[1,2]","[1,2]",1.0
Run 1,agentmemorybench:fact-mh-262k:context-0/factconsolidation_mh_262k_no68,1,2,0.0,[],0,0.0,[],[],[],0.0,[],[],0.0
Run 1,agentmemorybench:fact-mh-262k:context-0/factconsolidation_mh_262k_no68,2,2,0.0,[1],1,0.5,[],[1],[1],0.5,[1],[1],0.5
Run 1,agentmemorybench:fact-mh-262k:context-0/factconsolidation_mh_262k_no68,3,2,0.0,"[1,2]",2,1.0,[],"[1,2]","[1,2]",1.0,"[1,2]","[1,2]",1.0
Run 1,agentmemorybench:fact-mh-262k:context-0/factconsolidation_mh_262k_no68,4,2,1.0,[],0,0.0,"[1,2]","[1,2]","[1,2]",1.0,"[1,2]","[1,2]",1.0
Run 1,agentmemorybench:fact-mh-262k:context-0/factconsolidation_mh_262k_no68,5,2,1.0,[],0,0.0,[],[],"[1,2]",1.0,"[1,2]","[1,2]",1.0
Run 1,agentmemorybench:fact-mh-262k:context-0/factconsolidation_mh_262k_no68,6,2,1.0,[],0,0.0,[],[],"[1,2]",1.0,"[1,2]","[1,2]",1.0
Run 1,agentmemorybench:fact-mh-262k:context-0/factconsolidation_mh_262k_no69,1,4,0.0,[],0,0.0,[],[],[],0.0,[],[],0.0
Run 1,agentmemorybench:fact-mh-262k:context-0/factconsolidation_mh_262k_no69,2,4,0.0,[1],1,0.25,[],[1],[1],0.25,[1],[1],0.25
Run 1,agentmemorybench:fact-mh-262k:context-0/factconsolidation_mh_262k_no69,3,4,0.0,[1],1,0.25,[],[1],[1],0.25,[1],[1],0.25
Run 1,agentmemorybench:fact-mh-262k:context-0/factconsolidation_mh_262k_no69,4,4,0.25,[],0,0.0,[1],[1],[1],0.25,[1],[1],0.25
Run 1,agentmemorybench:fact-mh-262k:context-0/factconsolidation_mh_262k_no69,5,4,0.25,[2],1,0.25,[],[2],"[1,2]",0.5,"[1,2]","[1,2]",0.5
Run 1,agentmemorybench:fact-mh-262k:context-0/factconsolidation_mh_262k_no69,6,4,0.5,[],0,0.0,[2],[2],"[1,2]",0.5,"[1,2]","[1,2]",0.5
Run 1,agentmemorybench:fact-mh-262k:context-0/factconsolidation_mh_262k_no69,7,4,0.5,[3],1,0.25,[],[3],"[1,2,3]",0.75,"[1,2,3]","[1,2,3]",0.75
Run 1,agentmemorybench:fact-mh-262k:context-0/factconsolidation_mh_262k_no69,8,4,0.5,[3],1,0.25,[],[3],"[1,2,3]",0.75,"[1,2,3]","[1,2,3]",0.75
Run 1,agentmemorybench:fact-mh-262k:context-0/factconsolidation_mh_262k_no69,9,4,0.5,[4],1,0.25,[],[4],"[1,2,4]",0.75,"[1,2,3,4]","[1,2,3,4]",1.0
Run 1,agentmemorybench:fact-mh-262k:context-0/factconsolidation_mh_262k_no69,10,4,1.0,[],0,0.0,"[3,4]","[3,4]","[1,2,3,4]",1.0,"[1,2,3,4]","[1,2,3,4]",1.0
Run 1,agentmemorybench:fact-mh-262k:context-0/factconsolidation_mh_262k_no69,11,4,1.0,[],0,0.0,[],[],"[1,2,3,4]",1.0,"[1,2,3,4]","[1,2,3,4]",1.0
Run 1,agentmemorybench:fact-mh-262k:context-0/factconsolidation_mh_262k_no7,1,4,0.0,[],0,0.0,[],[],[],0.0,[],[],0.0
Run 1,agentmemorybench:fact-mh-262k:context-0/factconsolidation_mh_262k_no7,2,4,0.0,"[1,2]",2,0.5,[],"[1,2]","[1,2]",0.5,"[1,2]","[1,2]",0.5
Run 1,agentmemorybench:fact-mh-262k:context-0/factconsolidation_mh_262k_no7,3,4,0.5,[],0,0.0,"[1,2]","[1,2]","[1,2]",0.5,"[1,2]","[1,2]",0.5
Run 1,agentmemorybench:fact-mh-262k:context-0/factconsolidation_mh_262k_no7,4,4,0.5,[],0,0.0,[],[1],"[1,2]",0.5,"[1,2]","[1,2]",0.5
Run 1,agentmemorybench:fact-mh-262k:context-0/factconsolidation_mh_262k_no7,5,4,0.5,[],0,0.0,[],[1],"[1,2]",0.5,"[1,2]","[1,2]",0.5
Run 1,agentmemorybench:fact-mh-262k:context-0/factconsolidation_mh_262k_no7,6,4,0.5,[],0,0.0,[],[],"[1,2]",0.5,"[1,2]","[1,2]",0.5
Run 1,agentmemorybench:fact-mh-262k:context-0/factconsolidation_mh_262k_no7,7,4,0.5,[],0,0.0,[],[],"[1,2]",0.5,"[1,2]","[1,2]",0.5
Run 1,agentmemorybench:fact-mh-262k:context-0/factconsolidation_mh_262k_no7,8,4,0.5,[],0,0.0,[],[],"[1,2]",0.5,"[1,2]","[1,2]",0.5
Run 1,agentmemorybench:fact-mh-262k:context-0/factconsolidation_mh_262k_no7,9,4,0.5,[],0,0.0,[],[],"[1,2]",0.5,"[1,2]","[1,2]",0.5
Run 1,agentmemorybench:fact-mh-262k:context-0/factconsolidation_mh_262k_no7,10,4,0.5,[],0,0.0,[],[],"[1,2]",0.5,"[1,2]","[1,2]",0.5
Run 1,agentmemorybench:fact-mh-262k:context-0/factconsolidation_mh_262k_no7,11,4,0.5,[],0,0.0,[],[],"[1,2]",0.5,"[1,2]","[1,2]",0.5
Run 1,agentmemorybench:fact-mh-262k:context-0/factconsolidation_mh_262k_no7,12,4,0.5,[],0,0.0,[],[],"[1,2]",0.5,"[1,2]","[1,2]",0.5
Run 1,agentmemorybench:fact-mh-262k:context-0/factconsolidation_mh_262k_no7,13,4,0.5,[],0,0.0,[],[],"[1,2]",0.5,"[1,2]","[1,2]",0.5
Run 1,agentmemorybench:fact-mh-262k:context-0/factconsolidation_mh_262k_no7,14,4,0.5,[],0,0.0,[],[],"[1,2]",0.5,"[1,2]","[1,2]",0.5
Run 1,agentmemorybench:fact-mh-262k:context-0/factconsolidation_mh_262k_no7,15,4,0.5,[],0,0.0,[],[],"[1,2]",0.5,"[1,2]","[1,2]",0.5
Run 1,agentmemorybench:fact-mh-262k:context-0/factconsolidation_mh_262k_no7,16,4,0.5,[],0,0.0,[],[],"[1,2]",0.5,"[1,2]","[1,2]",0.5
Run 1,agentmemorybench:fact-mh-262k:context-0/factconsolidation_mh_262k_no7,17,4,0.5,[],0,0.0,[],[],"[1,2]",0.5,"[1,2]","[1,2]",0.5
Run 1,agentmemorybench:fact-mh-262k:context-0/factconsolidation_mh_262k_no7,18,4,0.5,[],0,0.0,[],[],"[1,2]",0.5,"[1,2]","[1,2]",0.5
Run 1,agentmemorybench:fact-mh-262k:context-0/factconsolidation_mh_262k_no7,19,4,0.5,[],0,0.0,[],[],"[1,2]",0.5,"[1,2]","[1,2]",0.5
Run 1,agentmemorybench:fact-mh-262k:context-0/factconsolidation_mh_262k_no7,20,4,0.5,[],0,0.0,[],[],"[1,2]",0.5,"[1,2]","[1,2]",0.5
Run 1,agentmemorybench:fact-mh-262k:context-0/factconsolidation_mh_262k_no7,21,4,0.5,[],0,0.0,[],[],"[1,2]",0.5,"[1,2]","[1,2]",0.5
Run 1,agentmemorybench:fact-mh-262k:context-0/factconsolidation_mh_262k_no7,22,4,0.5,[],0,0.0,[],[],"[1,2]",0.5,"[1,2]","[1,2]",0.5
Run 1,agentmemorybench:fact-mh-262k:context-0/factconsolidation_mh_262k_no7,23,4,0.5,[],0,0.0,[],[],"[1,2]",0.5,"[1,2]","[1,2]",0.5
Run 1,agentmemorybench:fact-mh-262k:context-0/factconsolidation_mh_262k_no70,1,3,0.0,[],0,0.0,[],[],[],0.0,[],[],0.0
Run 1,agentmemorybench:fact-mh-262k:context-0/factconsolidation_mh_262k_no70,2,3,0.0,[1],1,0.3333333333333333,[],[1],[1],0.3333333333333333,[1],[1],0.3333333333333333
Run 1,agentmemorybench:fact-mh-262k:context-0/factconsolidation_mh_262k_no70,3,3,0.3333333333333333,[],0,0.0,[1],[1],[1],0.3333333333333333,[1],[1],0.3333333333333333
Run 1,agentmemorybench:fact-mh-262k:context-0/factconsolidation_mh_262k_no70,4,3,0.3333333333333333,[2],1,0.3333333333333333,[],[2],"[1,2]",0.6666666666666666,"[1,2]","[1,2]",0.6666666666666666
Run 1,agentmemorybench:fact-mh-262k:context-0/factconsolidation_mh_262k_no70,5,3,0.3333333333333333,[3],1,0.3333333333333333,[],[3],"[1,3]",0.6666666666666666,"[1,2,3]","[1,2,3]",1.0
Run 1,agentmemorybench:fact-mh-262k:context-0/factconsolidation_mh_262k_no70,6,3,1.0,[],0,0.0,"[2,3]","[2,3]","[1,2,3]",1.0,"[1,2,3]","[1,2,3]",1.0
Run 1,agentmemorybench:fact-mh-262k:context-0/factconsolidation_mh_262k_no71,1,2,0.0,[],0,0.0,[],[],[],0.0,[],[],0.0
Run 1,agentmemorybench:fact-mh-262k:context-0/factconsolidation_mh_262k_no71,2,2,0.0,"[1,2]",2,1.0,[],"[1,2]","[1,2]",1.0,"[1,2]","[1,2]",1.0
Run 1,agentmemorybench:fact-mh-262k:context-0/factconsolidation_mh_262k_no71,3,2,1.0,[],0,0.0,"[1,2]","[1,2]","[1,2]",1.0,"[1,2]","[1,2]",1.0
Run 1,agentmemorybench:fact-mh-262k:context-0/factconsolidation_mh_262k_no72,1,4,0.0,[],0,0.0,[],[],[],0.0,[],[],0.0
Run 1,agentmemorybench:fact-mh-262k:context-0/factconsolidation_mh_262k_no72,2,4,0.0,"[1,2]",2,0.5,[],"[1,2]","[1,2]",0.5,"[1,2]","[1,2]",0.5
Run 1,agentmemorybench:fact-mh-262k:context-0/factconsolidation_mh_262k_no72,3,4,0.25,[2],1,0.25,[1],"[1,2]","[1,2]",0.5,"[1,2]","[1,2]",0.5
Run 1,agentmemorybench:fact-mh-262k:context-0/factconsolidation_mh_262k_no72,4,4,0.25,[],0,0.0,[],[],[1],0.25,"[1,2]","[1,2]",0.5
Run 1,agentmemorybench:fact-mh-262k:context-0/factconsolidation_mh_262k_no72,5,4,0.25,[],0,0.0,[],[],[1],0.25,"[1,2]","[1,2]",0.5
Run 1,agentmemorybench:fact-mh-262k:context-0/factconsolidation_mh_262k_no72,6,4,0.25,[],0,0.0,[],[],[1],0.25,"[1,2]","[1,2]",0.5
Run 1,agentmemorybench:fact-mh-262k:context-0/factconsolidation_mh_262k_no72,7,4,0.25,[],0,0.0,[],[],[1],0.25,"[1,2]","[1,2]",0.5
Run 1,agentmemorybench:fact-mh-262k:context-0/factconsolidation_mh_262k_no72,8,4,0.25,[],0,0.0,[],[],[1],0.25,"[1,2]","[1,2]",0.5
Run 1,agentmemorybench:fact-mh-262k:context-0/factconsolidation_mh_262k_no72,9,4,0.25,[],0,0.0,[],[],[1],0.25,"[1,2]","[1,2]",0.5
Run 1,agentmemorybench:fact-mh-262k:context-0/factconsolidation_mh_262k_no73,1,2,0.0,[],0,0.0,[],[],[],0.0,[],[],0.0
Run 1,agentmemorybench:fact-mh-262k:context-0/factconsolidation_mh_262k_no73,2,2,0.0,[1],1,0.5,[],[1],[1],0.5,[1],[1],0.5
Run 1,agentmemorybench:fact-mh-262k:context-0/factconsolidation_mh_262k_no73,3,2,0.0,[2],1,0.5,[],[2],[2],0.5,"[1,2]","[1,2]",1.0
Run 1,agentmemorybench:fact-mh-262k:context-0/factconsolidation_mh_262k_no73,4,2,1.0,[],0,0.0,"[1,2]","[1,2]","[1,2]",1.0,"[1,2]","[1,2]",1.0
Run 1,agentmemorybench:fact-mh-262k:context-0/factconsolidation_mh_262k_no74,1,2,0.0,[],0,0.0,[],[],[],0.0,[],[],0.0
Run 1,agentmemorybench:fact-mh-262k:context-0/factconsolidation_mh_262k_no74,2,2,0.0,[1],1,0.5,[],[1],[1],0.5,[1],[1],0.5
Run 1,agentmemorybench:fact-mh-262k:context-0/factconsolidation_mh_262k_no74,3,2,0.5,[],0,0.0,[1],[1],[1],0.5,[1],[1],0.5
Run 1,agentmemorybench:fact-mh-262k:context-0/factconsolidation_mh_262k_no74,4,2,0.5,[2],1,0.5,[],[2],"[1,2]",1.0,"[1,2]","[1,2]",1.0
Run 1,agentmemorybench:fact-mh-262k:context-0/factconsolidation_mh_262k_no74,5,2,1.0,[],0,0.0,[2],"[1,2]","[1,2]",1.0,"[1,2]","[1,2]",1.0
Run 1,agentmemorybench:fact-mh-262k:context-0/factconsolidation_mh_262k_no74,6,2,1.0,[],0,0.0,[],[1],"[1,2]",1.0,"[1,2]","[1,2]",1.0
Run 1,agentmemorybench:fact-mh-262k:context-0/factconsolidation_mh_262k_no74,7,2,1.0,[],0,0.0,[],[1],"[1,2]",1.0,"[1,2]","[1,2]",1.0
Run 1,agentmemorybench:fact-mh-262k:context-0/factconsolidation_mh_262k_no74,8,2,1.0,[],0,0.0,[],[1],"[1,2]",1.0,"[1,2]","[1,2]",1.0
Run 1,agentmemorybench:fact-mh-262k:context-0/factconsolidation_mh_262k_no75,1,4,0.0,[],0,0.0,[],[],[],0.0,[],[],0.0
Run 1,agentmemorybench:fact-mh-262k:context-0/factconsolidation_mh_262k_no75,2,4,0.0,[2],1,0.25,[],[2],[2],0.25,[2],[2],0.25
Run 1,agentmemorybench:fact-mh-262k:context-0/factconsolidation_mh_262k_no75,3,4,0.0,[2],1,0.25,[],[2],[2],0.25,[2],[2],0.25
Run 1,agentmemorybench:fact-mh-262k:context-0/factconsolidation_mh_262k_no75,4,4,0.0,[1],1,0.25,[],[1],[1],0.25,"[1,2]","[1,2]",0.5
Run 1,agentmemorybench:fact-mh-262k:context-0/factconsolidation_mh_262k_no75,5,4,0.75,[],0,0.0,"[1,2,3]","[1,2,3]","[1,2,3]",0.75,"[1,2]","[1,2,3]",0.75
Run 1,agentmemorybench:fact-mh-262k:context-0/factconsolidation_mh_262k_no75,6,4,0.75,[],0,0.0,[],[1],"[1,2,3]",0.75,"[1,2]","[1,2,3]",0.75
Run 1,agentmemorybench:fact-mh-262k:context-0/factconsolidation_mh_262k_no75,7,4,0.75,[],0,0.0,[],[1],"[1,2,3]",0.75,"[1,2]","[1,2,3]",0.75
Run 1,agentmemorybench:fact-mh-262k:context-0/factconsolidation_mh_262k_no75,8,4,0.75,[],0,0.0,[],[1],"[1,2,3]",0.75,"[1,2]","[1,2,3]",0.75
Run 1,agentmemorybench:fact-mh-262k:context-0/factconsolidation_mh_262k_no75,9,4,0.75,[],0,0.0,[],[1],"[1,2,3]",0.75,"[1,2]","[1,2,3]",0.75
Run 1,agentmemorybench:fact-mh-262k:context-0/factconsolidation_mh_262k_no75,10,4,0.75,[],0,0.0,[],[1],"[1,2,3]",0.75,"[1,2]","[1,2,3]",0.75
Run 1,agentmemorybench:fact-mh-262k:context-0/factconsolidation_mh_262k_no75,11,4,0.75,[],0,0.0,[],[1],"[1,2,3]",0.75,"[1,2]","[1,2,3]",0.75
Run 1,agentmemorybench:fact-mh-262k:context-0/factconsolidation_mh_262k_no75,12,4,0.75,[],0,0.0,[],[1],"[1,2,3]",0.75,"[1,2]","[1,2,3]",0.75
Run 1,agentmemorybench:fact-mh-262k:context-0/factconsolidation_mh_262k_no75,13,4,0.75,[],0,0.0,[],[],"[1,2,3]",0.75,"[1,2]","[1,2,3]",0.75
Run 1,agentmemorybench:fact-mh-262k:context-0/factconsolidation_mh_262k_no76,1,2,0.0,[],0,0.0,[],[],[],0.0,[],[],0.0
Run 1,agentmemorybench:fact-mh-262k:context-0/factconsolidation_mh_262k_no76,2,2,0.0,[1],1,0.5,[],[1],[1],0.5,[1],[1],0.5
Run 1,agentmemorybench:fact-mh-262k:context-0/factconsolidation_mh_262k_no76,3,2,0.0,"[1,2]",2,1.0,[],"[1,2]","[1,2]",1.0,"[1,2]","[1,2]",1.0
Run 1,agentmemorybench:fact-mh-262k:context-0/factconsolidation_mh_262k_no76,4,2,1.0,[],0,0.0,"[1,2]","[1,2]","[1,2]",1.0,"[1,2]","[1,2]",1.0
Run 1,agentmemorybench:fact-mh-262k:context-0/factconsolidation_mh_262k_no77,1,4,0.0,[],0,0.0,[],[],[],0.0,[],[],0.0
Run 1,agentmemorybench:fact-mh-262k:context-0/factconsolidation_mh_262k_no77,2,4,0.0,[1],1,0.25,[],[1],[1],0.25,[1],[1],0.25
Run 1,agentmemorybench:fact-mh-262k:context-0/factconsolidation_mh_262k_no77,3,4,0.0,"[1,2,3]",3,0.75,[],"[1,2,3]","[1,2,3]",0.75,"[1,2,3]","[1,2,3]",0.75
Run 1,agentmemorybench:fact-mh-262k:context-0/factconsolidation_mh_262k_no77,4,4,0.5,[3],1,0.25,"[1,2]","[1,2,3]","[1,2,3]",0.75,"[1,2,3]","[1,2,3]",0.75
Run 1,agentmemorybench:fact-mh-262k:context-0/factconsolidation_mh_262k_no77,5,4,0.5,[],0,0.0,[],[],"[1,2]",0.5,"[1,2,3]","[1,2,3]",0.75
Run 1,agentmemorybench:fact-mh-262k:context-0/factconsolidation_mh_262k_no77,6,4,0.5,[],0,0.0,[],[],"[1,2]",0.5,"[1,2,3]","[1,2,3]",0.75
Run 1,agentmemorybench:fact-mh-262k:context-0/factconsolidation_mh_262k_no77,7,4,0.5,[],0,0.0,[],[],"[1,2]",0.5,"[1,2,3]","[1,2,3]",0.75
Run 1,agentmemorybench:fact-mh-262k:context-0/factconsolidation_mh_262k_no77,8,4,0.5,[],0,0.0,[],[],"[1,2]",0.5,"[1,2,3]","[1,2,3]",0.75
Run 1,agentmemorybench:fact-mh-262k:context-0/factconsolidation_mh_262k_no77,9,4,0.5,[],0,0.0,[],[],"[1,2]",0.5,"[1,2,3]","[1,2,3]",0.75
Run 1,agentmemorybench:fact-mh-262k:context-0/factconsolidation_mh_262k_no77,10,4,0.5,[],0,0.0,[],[],"[1,2]",0.5,"[1,2,3]","[1,2,3]",0.75
Run 1,agentmemorybench:fact-mh-262k:context-0/factconsolidation_mh_262k_no78,1,2,0.0,[],0,0.0,[],[],[],0.0,[],[],0.0
Run 1,agentmemorybench:fact-mh-262k:context-0/factconsolidation_mh_262k_no78,2,2,0.0,[1],1,0.5,[],[1],[1],0.5,[1],[1],0.5
Run 1,agentmemorybench:fact-mh-262k:context-0/factconsolidation_mh_262k_no78,3,2,0.5,[],0,0.0,[1],[1],[1],0.5,[1],[1],0.5
Run 1,agentmemorybench:fact-mh-262k:context-0/factconsolidation_mh_262k_no78,4,2,0.5,[],0,0.0,[],[],[1],0.5,[1],[1],0.5
Run 1,agentmemorybench:fact-mh-262k:context-0/factconsolidation_mh_262k_no78,5,2,1.0,[],0,0.0,[2],[2],"[1,2]",1.0,[1],"[1,2]",1.0
Run 1,agentmemorybench:fact-mh-262k:context-0/factconsolidation_mh_262k_no79,1,2,0.0,[],0,0.0,[],[],[],0.0,[],[],0.0
Run 1,agentmemorybench:fact-mh-262k:context-0/factconsolidation_mh_262k_no79,2,2,0.0,[1],1,0.5,[],[1],[1],0.5,[1],[1],0.5
Run 1,agentmemorybench:fact-mh-262k:context-0/factconsolidation_mh_262k_no79,3,2,0.0,[1],1,0.5,[],[1],[1],0.5,[1],[1],0.5
Run 1,agentmemorybench:fact-mh-262k:context-0/factconsolidation_mh_262k_no79,4,2,0.5,[1],1,0.5,[2],"[1,2]","[1,2]",1.0,[1],"[1,2]",1.0
Run 1,agentmemorybench:fact-mh-262k:context-0/factconsolidation_mh_262k_no8,1,2,0.0,[],0,0.0,[],[],[],0.0,[],[],0.0
Run 1,agentmemorybench:fact-mh-262k:context-0/factconsolidation_mh_262k_no8,2,2,0.0,[1],1,0.5,[],[1],[1],0.5,[1],[1],0.5
Run 1,agentmemorybench:fact-mh-262k:context-0/factconsolidation_mh_262k_no8,3,2,0.0,[],0,0.0,[],[],[],0.0,[1],[1],0.5
Run 1,agentmemorybench:fact-mh-262k:context-0/factconsolidation_mh_262k_no8,4,2,0.5,[],0,0.0,[1],[1],[1],0.5,[1],[1],0.5
Run 1,agentmemorybench:fact-mh-262k:context-0/factconsolidation_mh_262k_no8,5,2,0.5,[],0,0.0,[],[],[1],0.5,[1],[1],0.5
Run 1,agentmemorybench:fact-mh-262k:context-0/factconsolidation_mh_262k_no8,6,2,0.5,[],0,0.0,[],[],[1],0.5,[1],[1],0.5
Run 1,agentmemorybench:fact-mh-262k:context-0/factconsolidation_mh_262k_no8,7,2,0.5,[],0,0.0,[],[],[1],0.5,[1],[1],0.5
Run 1,agentmemorybench:fact-mh-262k:context-0/factconsolidation_mh_262k_no8,8,2,0.5,[],0,0.0,[],[],[1],0.5,[1],[1],0.5
Run 1,agentmemorybench:fact-mh-262k:context-0/factconsolidation_mh_262k_no80,1,2,0.0,[],0,0.0,[],[],[],0.0,[],[],0.0
Run 1,agentmemorybench:fact-mh-262k:context-0/factconsolidation_mh_262k_no80,2,2,0.0,[1],1,0.5,[],[1],[1],0.5,[1],[1],0.5
Run 1,agentmemorybench:fact-mh-262k:context-0/factconsolidation_mh_262k_no80,3,2,0.0,[1],1,0.5,[],[1],[1],0.5,[1],[1],0.5
Run 1,agentmemorybench:fact-mh-262k:context-0/factconsolidation_mh_262k_no81,1,2,0.0,[],0,0.0,[],[],[],0.0,[],[],0.0
Run 1,agentmemorybench:fact-mh-262k:context-0/factconsolidation_mh_262k_no81,2,2,0.0,[1],1,0.5,[],[1],[1],0.5,[1],[1],0.5
Run 1,agentmemorybench:fact-mh-262k:context-0/factconsolidation_mh_262k_no81,3,2,0.5,[],0,0.0,[1],[1],[1],0.5,[1],[1],0.5
Run 1,agentmemorybench:fact-mh-262k:context-0/factconsolidation_mh_262k_no81,4,2,0.5,[],0,0.0,[],[1],[1],0.5,[1],[1],0.5
Run 1,agentmemorybench:fact-mh-262k:context-0/factconsolidation_mh_262k_no81,5,2,0.5,[],0,0.0,[],[],[1],0.5,[1],[1],0.5
Run 1,agentmemorybench:fact-mh-262k:context-0/factconsolidation_mh_262k_no82,1,3,0.0,[],0,0.0,[],[],[],0.0,[],[],0.0
Run 1,agentmemorybench:fact-mh-262k:context-0/factconsolidation_mh_262k_no82,2,3,0.0,[1],1,0.3333333333333333,[],[1],[1],0.3333333333333333,[1],[1],0.3333333333333333
Run 1,agentmemorybench:fact-mh-262k:context-0/factconsolidation_mh_262k_no82,3,3,0.3333333333333333,[],0,0.0,[1],[1],[1],0.3333333333333333,[1],[1],0.3333333333333333
Run 1,agentmemorybench:fact-mh-262k:context-0/factconsolidation_mh_262k_no82,4,3,0.3333333333333333,[2],1,0.3333333333333333,[],[2],"[1,2]",0.6666666666666666,"[1,2]","[1,2]",0.6666666666666666
Run 1,agentmemorybench:fact-mh-262k:context-0/factconsolidation_mh_262k_no82,5,3,0.3333333333333333,"[2,3]",2,0.6666666666666666,[],"[2,3]","[1,2,3]",1.0,"[1,2,3]","[1,2,3]",1.0
Run 1,agentmemorybench:fact-mh-262k:context-0/factconsolidation_mh_262k_no82,6,3,0.6666666666666666,[2],1,0.3333333333333333,[3],"[2,3]","[1,2,3]",1.0,"[1,2,3]","[1,2,3]",1.0
Run 1,agentmemorybench:fact-mh-262k:context-0/factconsolidation_mh_262k_no82,7,3,1.0,[],0,0.0,"[1,2]","[1,2]","[1,2,3]",1.0,"[1,2,3]","[1,2,3]",1.0
Run 1,agentmemorybench:fact-mh-262k:context-0/factconsolidation_mh_262k_no83,1,2,0.0,[],0,0.0,[],[],[],0.0,[],[],0.0
Run 1,agentmemorybench:fact-mh-262k:context-0/factconsolidation_mh_262k_no83,2,2,0.0,[1],1,0.5,[],[1],[1],0.5,[1],[1],0.5
Run 1,agentmemorybench:fact-mh-262k:context-0/factconsolidation_mh_262k_no83,3,2,0.5,[],0,0.0,[1],[1],[1],0.5,[1],[1],0.5
Run 1,agentmemorybench:fact-mh-262k:context-0/factconsolidation_mh_262k_no83,4,2,0.5,[2],1,0.5,[],[2],"[1,2]",1.0,"[1,2]","[1,2]",1.0
Run 1,agentmemorybench:fact-mh-262k:context-0/factconsolidation_mh_262k_no83,5,2,1.0,[],0,0.0,[2],[2],"[1,2]",1.0,"[1,2]","[1,2]",1.0
Run 1,agentmemorybench:fact-mh-262k:context-0/factconsolidation_mh_262k_no84,1,4,0.0,[],0,0.0,[],[],[],0.0,[],[],0.0
Run 1,agentmemorybench:fact-mh-262k:context-0/factconsolidation_mh_262k_no84,2,4,0.0,[1],1,0.25,[],[1],[1],0.25,[1],[1],0.25
Run 1,agentmemorybench:fact-mh-262k:context-0/factconsolidation_mh_262k_no84,3,4,0.25,[],0,0.0,[1],[1],[1],0.25,[1],[1],0.25
Run 1,agentmemorybench:fact-mh-262k:context-0/factconsolidation_mh_262k_no84,4,4,0.25,[],0,0.0,[],[],[1],0.25,[1],[1],0.25
Run 1,agentmemorybench:fact-mh-262k:context-0/factconsolidation_mh_262k_no84,5,4,0.25,[],0,0.0,[],[],[1],0.25,[1],[1],0.25
Run 1,agentmemorybench:fact-mh-262k:context-0/factconsolidation_mh_262k_no84,6,4,0.25,[],0,0.0,[],[],[1],0.25,[1],[1],0.25
Run 1,agentmemorybench:fact-mh-262k:context-0/factconsolidation_mh_262k_no84,7,4,0.25,[],0,0.0,[],[],[1],0.25,[1],[1],0.25
Run 1,agentmemorybench:fact-mh-262k:context-0/factconsolidation_mh_262k_no84,8,4,0.25,[],0,0.0,[],[],[1],0.25,[1],[1],0.25
Run 1,agentmemorybench:fact-mh-262k:context-0/factconsolidation_mh_262k_no85,1,2,0.0,[],0,0.0,[],[],[],0.0,[],[],0.0
Run 1,agentmemorybench:fact-mh-262k:context-0/factconsolidation_mh_262k_no85,2,2,0.0,[1],1,0.5,[],[1],[1],0.5,[1],[1],0.5
Run 1,agentmemorybench:fact-mh-262k:context-0/factconsolidation_mh_262k_no85,3,2,0.0,[1],1,0.5,[],[1],[1],0.5,[1],[1],0.5
Run 1,agentmemorybench:fact-mh-262k:context-0/factconsolidation_mh_262k_no85,4,2,0.5,[],0,0.0,[1],[1],[1],0.5,[1],[1],0.5
Run 1,agentmemorybench:fact-mh-262k:context-0/factconsolidation_mh_262k_no86,1,2,0.0,[],0,0.0,[],[],[],0.0,[],[],0.0
Run 1,agentmemorybench:fact-mh-262k:context-0/factconsolidation_mh_262k_no86,2,2,0.0,"[1,2]",2,1.0,[],"[1,2]","[1,2]",1.0,"[1,2]","[1,2]",1.0
Run 1,agentmemorybench:fact-mh-262k:context-0/factconsolidation_mh_262k_no86,3,2,1.0,[],0,0.0,"[1,2]","[1,2]","[1,2]",1.0,"[1,2]","[1,2]",1.0
Run 1,agentmemorybench:fact-mh-262k:context-0/factconsolidation_mh_262k_no87,1,3,0.0,[],0,0.0,[],[],[],0.0,[],[],0.0
Run 1,agentmemorybench:fact-mh-262k:context-0/factconsolidation_mh_262k_no87,2,3,0.0,[1],1,0.3333333333333333,[],[1],[1],0.3333333333333333,[1],[1],0.3333333333333333
Run 1,agentmemorybench:fact-mh-262k:context-0/factconsolidation_mh_262k_no87,3,3,0.0,"[1,2]",2,0.6666666666666666,[],"[1,2]","[1,2]",0.6666666666666666,"[1,2]","[1,2]",0.6666666666666666
Run 1,agentmemorybench:fact-mh-262k:context-0/factconsolidation_mh_262k_no87,4,3,0.3333333333333333,[2],1,0.3333333333333333,[1],"[1,2]","[1,2]",0.6666666666666666,"[1,2]","[1,2]",0.6666666666666666
Run 1,agentmemorybench:fact-mh-262k:context-0/factconsolidation_mh_262k_no87,5,3,0.3333333333333333,"[2,3]",2,0.6666666666666666,[],"[2,3]","[1,2,3]",1.0,"[1,2,3]","[1,2,3]",1.0
Run 1,agentmemorybench:fact-mh-262k:context-0/factconsolidation_mh_262k_no87,6,3,1.0,[],0,0.0,"[2,3]","[2,3]","[1,2,3]",1.0,"[1,2,3]","[1,2,3]",1.0
Run 1,agentmemorybench:fact-mh-262k:context-0/factconsolidation_mh_262k_no88,1,2,0.0,[],0,0.0,[],[],[],0.0,[],[],0.0
Run 1,agentmemorybench:fact-mh-262k:context-0/factconsolidation_mh_262k_no88,2,2,0.0,[1],1,0.5,[],[1],[1],0.5,[1],[1],0.5
Run 1,agentmemorybench:fact-mh-262k:context-0/factconsolidation_mh_262k_no88,3,2,0.5,[],0,0.0,[1],[1],[1],0.5,[1],[1],0.5
Run 1,agentmemorybench:fact-mh-262k:context-0/factconsolidation_mh_262k_no88,4,2,0.5,[2],1,0.5,[],[2],"[1,2]",1.0,"[1,2]","[1,2]",1.0
Run 1,agentmemorybench:fact-mh-262k:context-0/factconsolidation_mh_262k_no88,5,2,1.0,[],0,0.0,[2],[2],"[1,2]",1.0,"[1,2]","[1,2]",1.0
Run 1,agentmemorybench:fact-mh-262k:context-0/factconsolidation_mh_262k_no89,1,2,0.0,[],0,0.0,[],[],[],0.0,[],[],0.0
Run 1,agentmemorybench:fact-mh-262k:context-0/factconsolidation_mh_262k_no89,2,2,0.0,[2],1,0.5,[],[2],[2],0.5,[2],[2],0.5
Run 1,agentmemorybench:fact-mh-262k:context-0/factconsolidation_mh_262k_no89,3,2,0.0,[1],1,0.5,[],[1],[1],0.5,"[1,2]","[1,2]",1.0
Run 1,agentmemorybench:fact-mh-262k:context-0/factconsolidation_mh_262k_no89,4,2,0.0,[2],1,0.5,[],[2],[2],0.5,"[1,2]","[1,2]",1.0
Run 1,agentmemorybench:fact-mh-262k:context-0/factconsolidation_mh_262k_no89,5,2,1.0,[],0,0.0,"[1,2]","[1,2]","[1,2]",1.0,"[1,2]","[1,2]",1.0
Run 1,agentmemorybench:fact-mh-262k:context-0/factconsolidation_mh_262k_no9,1,3,0.0,[],0,0.0,[],[],[],0.0,[],[],0.0
Run 1,agentmemorybench:fact-mh-262k:context-0/factconsolidation_mh_262k_no9,2,3,0.0,[2],1,0.3333333333333333,[],[2],[2],0.3333333333333333,[2],[2],0.3333333333333333
Run 1,agentmemorybench:fact-mh-262k:context-0/factconsolidation_mh_262k_no9,3,3,0.0,[1],1,0.3333333333333333,[],[1],[1],0.3333333333333333,"[1,2]","[1,2]",0.6666666666666666
Run 1,agentmemorybench:fact-mh-262k:context-0/factconsolidation_mh_262k_no9,4,3,0.3333333333333333,[],0,0.0,[1],[1],[1],0.3333333333333333,"[1,2]","[1,2]",0.6666666666666666
Run 1,agentmemorybench:fact-mh-262k:context-0/factconsolidation_mh_262k_no9,5,3,0.3333333333333333,[2],1,0.3333333333333333,[],[2],"[1,2]",0.6666666666666666,"[1,2]","[1,2]",0.6666666666666666
Run 1,agentmemorybench:fact-mh-262k:context-0/factconsolidation_mh_262k_no9,6,3,0.6666666666666666,[],0,0.0,[2],[2],"[1,2]",0.6666666666666666,"[1,2]","[1,2]",0.6666666666666666
Run 1,agentmemorybench:fact-mh-262k:context-0/factconsolidation_mh_262k_no9,7,3,0.6666666666666666,[3],1,0.3333333333333333,[],[3],"[1,2,3]",1.0,"[1,2,3]","[1,2,3]",1.0
Run 1,agentmemorybench:fact-mh-262k:context-0/factconsolidation_mh_262k_no9,8,3,1.0,[],0,0.0,[3],[3],"[1,2,3]",1.0,"[1,2,3]","[1,2,3]",1.0
Run 1,agentmemorybench:fact-mh-262k:context-0/factconsolidation_mh_262k_no90,1,2,0.0,[],0,0.0,[],[],[],0.0,[],[],0.0
Run 1,agentmemorybench:fact-mh-262k:context-0/factconsolidation_mh_262k_no90,2,2,0.0,[1],1,0.5,[],[1],[1],0.5,[1],[1],0.5
Run 1,agentmemorybench:fact-mh-262k:context-0/factconsolidation_mh_262k_no90,3,2,0.0,[2],1,0.5,[],[2],[2],0.5,"[1,2]","[1,2]",1.0
Run 1,agentmemorybench:fact-mh-262k:context-0/factconsolidation_mh_262k_no90,4,2,0.5,[],0,0.0,[2],[2],[2],0.5,"[1,2]","[1,2]",1.0
Run 1,agentmemorybench:fact-mh-262k:context-0/factconsolidation_mh_262k_no90,5,2,1.0,[],0,0.0,[1],[1],"[1,2]",1.0,"[1,2]","[1,2]",1.0
Run 1,agentmemorybench:fact-mh-262k:context-0/factconsolidation_mh_262k_no90,6,2,1.0,[],0,0.0,[2],[2],"[1,2]",1.0,"[1,2]","[1,2]",1.0
Run 1,agentmemorybench:fact-mh-262k:context-0/factconsolidation_mh_262k_no90,7,2,1.0,[],0,0.0,[],[],"[1,2]",1.0,"[1,2]","[1,2]",1.0
Run 1,agentmemorybench:fact-mh-262k:context-0/factconsolidation_mh_262k_no91,1,3,0.0,[],0,0.0,[],[],[],0.0,[],[],0.0
Run 1,agentmemorybench:fact-mh-262k:context-0/factconsolidation_mh_262k_no91,2,3,0.0,[1],1,0.3333333333333333,[],[1],[1],0.3333333333333333,[1],[1],0.3333333333333333
Run 1,agentmemorybench:fact-mh-262k:context-0/factconsolidation_mh_262k_no91,3,3,0.3333333333333333,[],0,0.0,[1],[1],[1],0.3333333333333333,[1],[1],0.3333333333333333
Run 1,agentmemorybench:fact-mh-262k:context-0/factconsolidation_mh_262k_no91,4,3,0.3333333333333333,[],0,0.0,[],[],[1],0.3333333333333333,[1],[1],0.3333333333333333
Run 1,agentmemorybench:fact-mh-262k:context-0/factconsolidation_mh_262k_no91,5,3,0.3333333333333333,[],0,0.0,[],[],[1],0.3333333333333333,[1],[1],0.3333333333333333
Run 1,agentmemorybench:fact-mh-262k:context-0/factconsolidation_mh_262k_no91,6,3,0.3333333333333333,[],0,0.0,[],[],[1],0.3333333333333333,[1],[1],0.3333333333333333
Run 1,agentmemorybench:fact-mh-262k:context-0/factconsolidation_mh_262k_no91,7,3,0.3333333333333333,[],0,0.0,[],[],[1],0.3333333333333333,[1],[1],0.3333333333333333
Run 1,agentmemorybench:fact-mh-262k:context-0/factconsolidation_mh_262k_no91,8,3,0.3333333333333333,[],0,0.0,[],[],[1],0.3333333333333333,[1],[1],0.3333333333333333
Run 1,agentmemorybench:fact-mh-262k:context-0/factconsolidation_mh_262k_no91,9,3,0.3333333333333333,[],0,0.0,[],[],[1],0.3333333333333333,[1],[1],0.3333333333333333
Run 1,agentmemorybench:fact-mh-262k:context-0/factconsolidation_mh_262k_no91,10,3,0.6666666666666666,[],0,0.0,[2],[2],"[1,2]",0.6666666666666666,[1],"[1,2]",0.6666666666666666
Run 1,agentmemorybench:fact-mh-262k:context-0/factconsolidation_mh_262k_no91,11,3,0.6666666666666666,[3],1,0.3333333333333333,[],[3],"[1,2,3]",1.0,"[1,3]","[1,2,3]",1.0
Run 1,agentmemorybench:fact-mh-262k:context-0/factconsolidation_mh_262k_no91,12,3,1.0,[],0,0.0,[3],[3],"[1,2,3]",1.0,"[1,3]","[1,2,3]",1.0
Run 1,agentmemorybench:fact-mh-262k:context-0/factconsolidation_mh_262k_no92,1,3,0.0,[],0,0.0,[],[],[],0.0,[],[],0.0
Run 1,agentmemorybench:fact-mh-262k:context-0/factconsolidation_mh_262k_no92,2,3,0.0,[1],1,0.3333333333333333,[],[1],[1],0.3333333333333333,[1],[1],0.3333333333333333
Run 1,agentmemorybench:fact-mh-262k:context-0/factconsolidation_mh_262k_no92,3,3,0.0,[2],1,0.3333333333333333,[],[2],[2],0.3333333333333333,"[1,2]","[1,2]",0.6666666666666666
Run 1,agentmemorybench:fact-mh-262k:context-0/factconsolidation_mh_262k_no92,4,3,0.6666666666666666,[],0,0.0,"[1,2]","[1,2]","[1,2]",0.6666666666666666,"[1,2]","[1,2]",0.6666666666666666
Run 1,agentmemorybench:fact-mh-262k:context-0/factconsolidation_mh_262k_no92,5,3,0.6666666666666666,[3],1,0.3333333333333333,[],[3],"[1,2,3]",1.0,"[1,2,3]","[1,2,3]",1.0
Run 1,agentmemorybench:fact-mh-262k:context-0/factconsolidation_mh_262k_no92,6,3,1.0,[],0,0.0,[3],[3],"[1,2,3]",1.0,"[1,2,3]","[1,2,3]",1.0
Run 1,agentmemorybench:fact-mh-262k:context-0/factconsolidation_mh_262k_no93,1,4,0.0,[],0,0.0,[],[],[],0.0,[],[],0.0
Run 1,agentmemorybench:fact-mh-262k:context-0/factconsolidation_mh_262k_no93,2,4,0.0,[1],1,0.25,[],[1],[1],0.25,[1],[1],0.25
Run 1,agentmemorybench:fact-mh-262k:context-0/factconsolidation_mh_262k_no93,3,4,0.25,[],0,0.0,[1],[1],[1],0.25,[1],[1],0.25
Run 1,agentmemorybench:fact-mh-262k:context-0/factconsolidation_mh_262k_no93,4,4,0.25,[],0,0.0,[],[],[1],0.25,[1],[1],0.25
Run 1,agentmemorybench:fact-mh-262k:context-0/factconsolidation_mh_262k_no93,5,4,0.5,[],0,0.0,[2],[2],"[1,2]",0.5,[1],"[1,2]",0.5
Run 1,agentmemorybench:fact-mh-262k:context-0/factconsolidation_mh_262k_no93,6,4,0.5,[],0,0.0,[],[],"[1,2]",0.5,[1],"[1,2]",0.5
Run 1,agentmemorybench:fact-mh-262k:context-0/factconsolidation_mh_262k_no93,7,4,0.5,[],0,0.0,[2],[2],"[1,2]",0.5,[1],"[1,2]",0.5
Run 1,agentmemorybench:fact-mh-262k:context-0/factconsolidation_mh_262k_no93,8,4,0.5,[],0,0.0,[],[],"[1,2]",0.5,[1],"[1,2]",0.5
Run 1,agentmemorybench:fact-mh-262k:context-0/factconsolidation_mh_262k_no93,9,4,0.5,[],0,0.0,[],[],"[1,2]",0.5,[1],"[1,2]",0.5
Run 1,agentmemorybench:fact-mh-262k:context-0/factconsolidation_mh_262k_no93,10,4,0.5,[],0,0.0,[],[],"[1,2]",0.5,[1],"[1,2]",0.5
Run 1,agentmemorybench:fact-mh-262k:context-0/factconsolidation_mh_262k_no93,11,4,0.5,[],0,0.0,[],[],"[1,2]",0.5,[1],"[1,2]",0.5
Run 1,agentmemorybench:fact-mh-262k:context-0/factconsolidation_mh_262k_no93,12,4,0.5,[],0,0.0,[],[],"[1,2]",0.5,[1],"[1,2]",0.5
Run 1,agentmemorybench:fact-mh-262k:context-0/factconsolidation_mh_262k_no93,13,4,0.5,[2],1,0.25,[],[2],"[1,2]",0.5,"[1,2]","[1,2]",0.5
Run 1,agentmemorybench:fact-mh-262k:context-0/factconsolidation_mh_262k_no94,1,2,0.0,[],0,0.0,[],[],[],0.0,[],[],0.0
Run 1,agentmemorybench:fact-mh-262k:context-0/factconsolidation_mh_262k_no94,2,2,0.0,[1],1,0.5,[],[1],[1],0.5,[1],[1],0.5
Run 1,agentmemorybench:fact-mh-262k:context-0/factconsolidation_mh_262k_no94,3,2,0.5,[2],1,0.5,[1],"[1,2]","[1,2]",1.0,"[1,2]","[1,2]",1.0
Run 1,agentmemorybench:fact-mh-262k:context-0/factconsolidation_mh_262k_no94,4,2,1.0,[],0,0.0,[2],[2],"[1,2]",1.0,"[1,2]","[1,2]",1.0
Run 1,agentmemorybench:fact-mh-262k:context-0/factconsolidation_mh_262k_no95,1,2,0.0,[],0,0.0,[],[],[],0.0,[],[],0.0
Run 1,agentmemorybench:fact-mh-262k:context-0/factconsolidation_mh_262k_no95,2,2,0.0,[],0,0.0,[],[],[],0.0,[],[],0.0
Run 1,agentmemorybench:fact-mh-262k:context-0/factconsolidation_mh_262k_no95,3,2,0.5,[],0,0.0,[1],[1],[1],0.5,[],[1],0.5
Run 1,agentmemorybench:fact-mh-262k:context-0/factconsolidation_mh_262k_no95,4,2,0.5,[2],1,0.5,[],[2],"[1,2]",1.0,[2],"[1,2]",1.0
Run 1,agentmemorybench:fact-mh-262k:context-0/factconsolidation_mh_262k_no95,5,2,0.5,[2],1,0.5,[],"[1,2]","[1,2]",1.0,[2],"[1,2]",1.0
Run 1,agentmemorybench:fact-mh-262k:context-0/factconsolidation_mh_262k_no96,1,3,0.0,[],0,0.0,[],[],[],0.0,[],[],0.0
Run 1,agentmemorybench:fact-mh-262k:context-0/factconsolidation_mh_262k_no96,2,3,0.0,[1],1,0.3333333333333333,[],[1],[1],0.3333333333333333,[1],[1],0.3333333333333333
Run 1,agentmemorybench:fact-mh-262k:context-0/factconsolidation_mh_262k_no96,3,3,0.3333333333333333,[],0,0.0,[1],[1],[1],0.3333333333333333,[1],[1],0.3333333333333333
Run 1,agentmemorybench:fact-mh-262k:context-0/factconsolidation_mh_262k_no96,4,3,0.3333333333333333,[],0,0.0,[],[],[1],0.3333333333333333,[1],[1],0.3333333333333333
Run 1,agentmemorybench:fact-mh-262k:context-0/factconsolidation_mh_262k_no96,5,3,0.3333333333333333,[],0,0.0,[],[],[1],0.3333333333333333,[1],[1],0.3333333333333333
Run 1,agentmemorybench:fact-mh-262k:context-0/factconsolidation_mh_262k_no96,6,3,0.3333333333333333,[],0,0.0,[],[],[1],0.3333333333333333,[1],[1],0.3333333333333333
Run 1,agentmemorybench:fact-mh-262k:context-0/factconsolidation_mh_262k_no96,7,3,0.3333333333333333,[],0,0.0,[],[],[1],0.3333333333333333,[1],[1],0.3333333333333333
Run 1,agentmemorybench:fact-mh-262k:context-0/factconsolidation_mh_262k_no97,1,2,0.0,[],0,0.0,[],[],[],0.0,[],[],0.0
Run 1,agentmemorybench:fact-mh-262k:context-0/factconsolidation_mh_262k_no97,2,2,0.0,[1],1,0.5,[],[1],[1],0.5,[1],[1],0.5
Run 1,agentmemorybench:fact-mh-262k:context-0/factconsolidation_mh_262k_no97,3,2,0.0,[2],1,0.5,[],[2],[2],0.5,"[1,2]","[1,2]",1.0
Run 1,agentmemorybench:fact-mh-262k:context-0/factconsolidation_mh_262k_no97,4,2,0.5,[],0,0.0,[2],[2],[2],0.5,"[1,2]","[1,2]",1.0
Run 1,agentmemorybench:fact-mh-262k:context-0/factconsolidation_mh_262k_no98,1,3,0.0,[],0,0.0,[],[],[],0.0,[],[],0.0
Run 1,agentmemorybench:fact-mh-262k:context-0/factconsolidation_mh_262k_no98,2,3,0.0,[1],1,0.3333333333333333,[],[1],[1],0.3333333333333333,[1],[1],0.3333333333333333
Run 1,agentmemorybench:fact-mh-262k:context-0/factconsolidation_mh_262k_no98,3,3,0.0,[2],1,0.3333333333333333,[],[2],[2],0.3333333333333333,"[1,2]","[1,2]",0.6666666666666666
Run 1,agentmemorybench:fact-mh-262k:context-0/factconsolidation_mh_262k_no98,4,3,0.0,[],0,0.0,[],[],[],0.0,"[1,2]","[1,2]",0.6666666666666666
Run 1,agentmemorybench:fact-mh-262k:context-0/factconsolidation_mh_262k_no98,5,3,0.6666666666666666,[],0,0.0,"[1,2]","[1,2]","[1,2]",0.6666666666666666,"[1,2]","[1,2]",0.6666666666666666
Run 1,agentmemorybench:fact-mh-262k:context-0/factconsolidation_mh_262k_no98,6,3,0.6666666666666666,[],0,0.0,[],[],"[1,2]",0.6666666666666666,"[1,2]","[1,2]",0.6666666666666666
Run 1,agentmemorybench:fact-mh-262k:context-0/factconsolidation_mh_262k_no98,7,3,0.6666666666666666,[],0,0.0,[],[],"[1,2]",0.6666666666666666,"[1,2]","[1,2]",0.6666666666666666
Run 1,agentmemorybench:fact-mh-262k:context-0/factconsolidation_mh_262k_no98,8,3,0.6666666666666666,[],0,0.0,[],[],"[1,2]",0.6666666666666666,"[1,2]","[1,2]",0.6666666666666666
Run 1,agentmemorybench:fact-mh-262k:context-0/factconsolidation_mh_262k_no98,9,3,0.6666666666666666,[],0,0.0,[],[],"[1,2]",0.6666666666666666,"[1,2]","[1,2]",0.6666666666666666
Run 1,agentmemorybench:fact-mh-262k:context-0/factconsolidation_mh_262k_no98,10,3,0.6666666666666666,[],0,0.0,[],[],"[1,2]",0.6666666666666666,"[1,2]","[1,2]",0.6666666666666666
Run 1,agentmemorybench:fact-mh-262k:context-0/factconsolidation_mh_262k_no98,11,3,0.6666666666666666,[],0,0.0,[],[],"[1,2]",0.6666666666666666,"[1,2]","[1,2]",0.6666666666666666
Run 1,agentmemorybench:fact-mh-262k:context-0/factconsolidation_mh_262k_no98,12,3,0.6666666666666666,[],0,0.0,[],[],"[1,2]",0.6666666666666666,"[1,2]","[1,2]",0.6666666666666666
Run 1,agentmemorybench:fact-mh-262k:context-0/factconsolidation_mh_262k_no99,1,3,0.0,[],0,0.0,[],[],[],0.0,[],[],0.0
Run 1,agentmemorybench:fact-mh-262k:context-0/factconsolidation_mh_262k_no99,2,3,0.0,[1],1,0.3333333333333333,[],[1],[1],0.3333333333333333,[1],[1],0.3333333333333333
Run 1,agentmemorybench:fact-mh-262k:context-0/factconsolidation_mh_262k_no99,3,3,0.0,"[1,2]",2,0.6666666666666666,[],"[1,2]","[1,2]",0.6666666666666666,"[1,2]","[1,2]",0.6666666666666666
Run 1,agentmemorybench:fact-mh-262k:context-0/factconsolidation_mh_262k_no99,4,3,0.0,"[2,3]",2,0.6666666666666666,[],"[2,3]","[2,3]",0.6666666666666666,"[1,2,3]","[1,2,3]",1.0
Run 1,agentmemorybench:fact-mh-262k:context-0/factconsolidation_mh_262k_no99,5,3,1.0,[],0,0.0,"[1,2,3]","[1,2,3]","[1,2,3]",1.0,"[1,2,3]","[1,2,3]",1.0
Run 1,agentmemorybench:fact-mh-262k:context-0/factconsolidation_mh_262k_no99,6,3,1.0,[],0,0.0,[],[],"[1,2,3]",1.0,"[1,2,3]","[1,2,3]",1.0
Run 1,agentmemorybench:fact-mh-262k:context-0/factconsolidation_mh_262k_no99,7,3,1.0,[],0,0.0,[],[],"[1,2,3]",1.0,"[1,2,3]","[1,2,3]",1.0
Run 1,agentmemorybench:fact-mh-262k:context-0/factconsolidation_mh_262k_no99,8,3,1.0,[],0,0.0,[1],[1],"[1,2,3]",1.0,"[1,2,3]","[1,2,3]",1.0
Run 1,agentmemorybench:fact-mh-262k:context-0/factconsolidation_mh_262k_no99,9,3,1.0,[],0,0.0,[],[],"[1,2,3]",1.0,"[1,2,3]","[1,2,3]",1.0
Run 1,agentmemorybench:fact-mh-262k:context-0/factconsolidation_mh_262k_no99,10,3,1.0,[],0,0.0,[2],[2],"[1,2,3]",1.0,"[1,2,3]","[1,2,3]",1.0
Run 1,agentmemorybench:fact-mh-262k:context-0/factconsolidation_mh_262k_no99,11,3,1.0,[],0,0.0,[],[],"[1,2,3]",1.0,"[1,2,3]","[1,2,3]",1.0
Run 1,agentmemorybench:fact-mh-262k:context-0/factconsolidation_mh_262k_no99,12,3,1.0,[],0,0.0,[],[],"[1,2,3]",1.0,"[1,2,3]","[1,2,3]",1.0
Run 1,agentmemorybench:fact-mh-262k:context-0/factconsolidation_mh_262k_no99,13,3,1.0,[],0,0.0,[],[],"[1,2,3]",1.0,"[1,2,3]","[1,2,3]",1.0
Run 1,agentmemorybench:fact-mh-262k:context-0/factconsolidation_mh_262k_no99,14,3,1.0,[],0,0.0,[],[],"[1,2,3]",1.0,"[1,2,3]","[1,2,3]",1.0
Run 2,agentmemorybench:fact-mh-262k:context-0/factconsolidation_mh_262k_no0,1,3,0.0,[],0,0.0,[],[],[],0.0,[],[],0.0
Run 2,agentmemorybench:fact-mh-262k:context-0/factconsolidation_mh_262k_no0,2,3,0.0,[1],1,0.3333333333333333,[],[1],[1],0.3333333333333333,[1],[1],0.3333333333333333
Run 2,agentmemorybench:fact-mh-262k:context-0/factconsolidation_mh_262k_no0,3,3,0.6666666666666666,[],0,0.0,"[1,2]","[1,2]","[1,2]",0.6666666666666666,[1],"[1,2]",0.6666666666666666
Run 2,agentmemorybench:fact-mh-262k:context-0/factconsolidation_mh_262k_no0,4,3,0.6666666666666666,[],0,0.0,[],[],"[1,2]",0.6666666666666666,[1],"[1,2]",0.6666666666666666
Run 2,agentmemorybench:fact-mh-262k:context-0/factconsolidation_mh_262k_no0,5,3,0.6666666666666666,[],0,0.0,[],[],"[1,2]",0.6666666666666666,[1],"[1,2]",0.6666666666666666
Run 2,agentmemorybench:fact-mh-262k:context-0/factconsolidation_mh_262k_no0,6,3,0.6666666666666666,[],0,0.0,[],[],"[1,2]",0.6666666666666666,[1],"[1,2]",0.6666666666666666
Run 2,agentmemorybench:fact-mh-262k:context-0/factconsolidation_mh_262k_no0,7,3,0.6666666666666666,[],0,0.0,[],[],"[1,2]",0.6666666666666666,[1],"[1,2]",0.6666666666666666
Run 2,agentmemorybench:fact-mh-262k:context-0/factconsolidation_mh_262k_no0,8,3,0.6666666666666666,[],0,0.0,[],[],"[1,2]",0.6666666666666666,[1],"[1,2]",0.6666666666666666
Run 2,agentmemorybench:fact-mh-262k:context-0/factconsolidation_mh_262k_no0,9,3,0.6666666666666666,[],0,0.0,[],[],"[1,2]",0.6666666666666666,[1],"[1,2]",0.6666666666666666
Run 2,agentmemorybench:fact-mh-262k:context-0/factconsolidation_mh_262k_no0,10,3,0.6666666666666666,[],0,0.0,[],[],"[1,2]",0.6666666666666666,[1],"[1,2]",0.6666666666666666
Run 2,agentmemorybench:fact-mh-262k:context-0/factconsolidation_mh_262k_no0,11,3,0.6666666666666666,[],0,0.0,[],[],"[1,2]",0.6666666666666666,[1],"[1,2]",0.6666666666666666
Run 2,agentmemorybench:fact-mh-262k:context-0/factconsolidation_mh_262k_no0,12,3,0.6666666666666666,[],0,0.0,[],[],"[1,2]",0.6666666666666666,[1],"[1,2]",0.6666666666666666
Run 2,agentmemorybench:fact-mh-262k:context-0/factconsolidation_mh_262k_no0,13,3,0.6666666666666666,[],0,0.0,[],[],"[1,2]",0.6666666666666666,[1],"[1,2]",0.6666666666666666
Run 2,agentmemorybench:fact-mh-262k:context-0/factconsolidation_mh_262k_no1,1,2,0.0,[],0,0.0,[],[],[],0.0,[],[],0.0
Run 2,agentmemorybench:fact-mh-262k:context-0/factconsolidation_mh_262k_no1,2,2,0.0,[1],1,0.5,[],[1],[1],0.5,[1],[1],0.5
Run 2,agentmemorybench:fact-mh-262k:context-0/factconsolidation_mh_262k_no1,3,2,0.5,[],0,0.0,[1],[1],[1],0.5,[1],[1],0.5
Run 2,agentmemorybench:fact-mh-262k:context-0/factconsolidation_mh_262k_no1,4,2,0.5,[2],1,0.5,[],[2],"[1,2]",1.0,"[1,2]","[1,2]",1.0
Run 2,agentmemorybench:fact-mh-262k:context-0/factconsolidation_mh_262k_no1,5,2,1.0,[],0,0.0,[2],[2],"[1,2]",1.0,"[1,2]","[1,2]",1.0
Run 2,agentmemorybench:fact-mh-262k:context-0/factconsolidation_mh_262k_no10,1,4,0.0,[],0,0.0,[],[],[],0.0,[],[],0.0
Run 2,agentmemorybench:fact-mh-262k:context-0/factconsolidation_mh_262k_no10,2,4,0.0,[1],1,0.25,[],[1],[1],0.25,[1],[1],0.25
Run 2,agentmemorybench:fact-mh-262k:context-0/factconsolidation_mh_262k_no10,3,4,0.0,[1],1,0.25,[],[1],[1],0.25,[1],[1],0.25
Run 2,agentmemorybench:fact-mh-262k:context-0/factconsolidation_mh_262k_no10,4,4,0.0,[1],1,0.25,[],[1],[1],0.25,[1],[1],0.25
Run 2,agentmemorybench:fact-mh-262k:context-0/factconsolidation_mh_262k_no10,5,4,0.0,[],0,0.0,[],[],[],0.0,[1],[1],0.25
Run 2,agentmemorybench:fact-mh-262k:context-0/factconsolidation_mh_262k_no10,6,4,0.0,[],0,0.0,[],[],[],0.0,[1],[1],0.25
Run 2,agentmemorybench:fact-mh-262k:context-0/factconsolidation_mh_262k_no10,7,4,0.0,[],0,0.0,[],[],[],0.0,[1],[1],0.25
Run 2,agentmemorybench:fact-mh-262k:context-0/factconsolidation_mh_262k_no10,8,4,0.25,[],0,0.0,[4],[4],[4],0.25,[1],"[1,4]",0.5
Run 2,agentmemorybench:fact-mh-262k:context-0/factconsolidation_mh_262k_no11,1,3,0.0,[],0,0.0,[],[],[],0.0,[],[],0.0
Run 2,agentmemorybench:fact-mh-262k:context-0/factconsolidation_mh_262k_no11,2,3,0.0,[1],1,0.3333333333333333,[],[1],[1],0.3333333333333333,[1],[1],0.3333333333333333
Run 2,agentmemorybench:fact-mh-262k:context-0/factconsolidation_mh_262k_no11,3,3,0.0,[2],1,0.3333333333333333,[],[2],[2],0.3333333333333333,"[1,2]","[1,2]",0.6666666666666666
Run 2,agentmemorybench:fact-mh-262k:context-0/factconsolidation_mh_262k_no11,4,3,0.6666666666666666,[],0,0.0,"[1,2]","[1,2]","[1,2]",0.6666666666666666,"[1,2]","[1,2]",0.6666666666666666
Run 2,agentmemorybench:fact-mh-262k:context-0/factconsolidation_mh_262k_no11,5,3,0.6666666666666666,[],0,0.0,[],[],"[1,2]",0.6666666666666666,"[1,2]","[1,2]",0.6666666666666666
Run 2,agentmemorybench:fact-mh-262k:context-0/factconsolidation_mh_262k_no11,6,3,0.6666666666666666,[],0,0.0,[],[],"[1,2]",0.6666666666666666,"[1,2]","[1,2]",0.6666666666666666
Run 2,agentmemorybench:fact-mh-262k:context-0/factconsolidation_mh_262k_no11,7,3,0.6666666666666666,[],0,0.0,[],[],"[1,2]",0.6666666666666666,"[1,2]","[1,2]",0.6666666666666666
Run 2,agentmemorybench:fact-mh-262k:context-0/factconsolidation_mh_262k_no11,8,3,0.6666666666666666,[],0,0.0,[],[],"[1,2]",0.6666666666666666,"[1,2]","[1,2]",0.6666666666666666
Run 2,agentmemorybench:fact-mh-262k:context-0/factconsolidation_mh_262k_no11,9,3,0.6666666666666666,[],0,0.0,[],[],"[1,2]",0.6666666666666666,"[1,2]","[1,2]",0.6666666666666666
Run 2,agentmemorybench:fact-mh-262k:context-0/factconsolidation_mh_262k_no11,10,3,0.6666666666666666,[],0,0.0,[],[],"[1,2]",0.6666666666666666,"[1,2]","[1,2]",0.6666666666666666
Run 2,agentmemorybench:fact-mh-262k:context-0/factconsolidation_mh_262k_no11,11,3,0.6666666666666666,[],0,0.0,[],[],"[1,2]",0.6666666666666666,"[1,2]","[1,2]",0.6666666666666666
Run 2,agentmemorybench:fact-mh-262k:context-0/factconsolidation_mh_262k_no11,12,3,0.6666666666666666,[],0,0.0,[],[],"[1,2]",0.6666666666666666,"[1,2]","[1,2]",0.6666666666666666
Run 2,agentmemorybench:fact-mh-262k:context-0/factconsolidation_mh_262k_no11,13,3,0.6666666666666666,[],0,0.0,[],[],"[1,2]",0.6666666666666666,"[1,2]","[1,2]",0.6666666666666666
Run 2,agentmemorybench:fact-mh-262k:context-0/factconsolidation_mh_262k_no11,14,3,0.6666666666666666,[],0,0.0,[],[],"[1,2]",0.6666666666666666,"[1,2]","[1,2]",0.6666666666666666
Run 2,agentmemorybench:fact-mh-262k:context-0/factconsolidation_mh_262k_no11,15,3,0.6666666666666666,[],0,0.0,[],[],"[1,2]",0.6666666666666666,"[1,2]","[1,2]",0.6666666666666666
Run 2,agentmemorybench:fact-mh-262k:context-0/factconsolidation_mh_262k_no11,16,3,0.6666666666666666,[],0,0.0,[],[],"[1,2]",0.6666666666666666,"[1,2]","[1,2]",0.6666666666666666
Run 2,agentmemorybench:fact-mh-262k:context-0/factconsolidation_mh_262k_no12,1,2,0.0,[],0,0.0,[],[],[],0.0,[],[],0.0
Run 2,agentmemorybench:fact-mh-262k:context-0/factconsolidation_mh_262k_no12,2,2,0.0,[1],1,0.5,[],[1],[1],0.5,[1],[1],0.5
Run 2,agentmemorybench:fact-mh-262k:context-0/factconsolidation_mh_262k_no12,3,2,0.5,[],0,0.0,[1],[1],[1],0.5,[1],[1],0.5
Run 2,agentmemorybench:fact-mh-262k:context-0/factconsolidation_mh_262k_no13,1,2,0.0,[],0,0.0,[],[],[],0.0,[],[],0.0
Run 2,agentmemorybench:fact-mh-262k:context-0/factconsolidation_mh_262k_no13,2,2,0.0,[1],1,0.5,[],[1],[1],0.5,[1],[1],0.5
Run 2,agentmemorybench:fact-mh-262k:context-0/factconsolidation_mh_262k_no13,3,2,0.5,[],0,0.0,[1],[1],[1],0.5,[1],[1],0.5
Run 2,agentmemorybench:fact-mh-262k:context-0/factconsolidation_mh_262k_no13,4,2,0.5,[2],1,0.5,[],"[1,2]","[1,2]",1.0,"[1,2]","[1,2]",1.0
Run 2,agentmemorybench:fact-mh-262k:context-0/factconsolidation_mh_262k_no13,5,2,1.0,[],0,0.0,[2],[2],"[1,2]",1.0,"[1,2]","[1,2]",1.0
Run 2,agentmemorybench:fact-mh-262k:context-0/factconsolidation_mh_262k_no14,1,2,0.0,[],0,0.0,[],[],[],0.0,[],[],0.0
Run 2,agentmemorybench:fact-mh-262k:context-0/factconsolidation_mh_262k_no14,2,2,0.0,"[1,2]",2,1.0,[],"[1,2]","[1,2]",1.0,"[1,2]","[1,2]",1.0
Run 2,agentmemorybench:fact-mh-262k:context-0/factconsolidation_mh_262k_no14,3,2,0.5,[2],1,0.5,[1],"[1,2]","[1,2]",1.0,"[1,2]","[1,2]",1.0
Run 2,agentmemorybench:fact-mh-262k:context-0/factconsolidation_mh_262k_no14,4,2,0.5,[2],1,0.5,[],"[1,2]","[1,2]",1.0,"[1,2]","[1,2]",1.0
Run 2,agentmemorybench:fact-mh-262k:context-0/factconsolidation_mh_262k_no14,5,2,0.5,[2],1,0.5,[],"[1,2]","[1,2]",1.0,"[1,2]","[1,2]",1.0
Run 2,agentmemorybench:fact-mh-262k:context-0/factconsolidation_mh_262k_no14,6,2,1.0,[],0,0.0,[2],"[1,2]","[1,2]",1.0,"[1,2]","[1,2]",1.0
Run 2,agentmemorybench:fact-mh-262k:context-0/factconsolidation_mh_262k_no15,1,2,0.0,[],0,0.0,[],[],[],0.0,[],[],0.0
Run 2,agentmemorybench:fact-mh-262k:context-0/factconsolidation_mh_262k_no15,2,2,0.0,[1],1,0.5,[],[1],[1],0.5,[1],[1],0.5
Run 2,agentmemorybench:fact-mh-262k:context-0/factconsolidation_mh_262k_no15,3,2,0.0,"[1,2]",2,1.0,[],"[1,2]","[1,2]",1.0,"[1,2]","[1,2]",1.0
Run 2,agentmemorybench:fact-mh-262k:context-0/factconsolidation_mh_262k_no15,4,2,1.0,[],0,0.0,"[1,2]","[1,2]","[1,2]",1.0,"[1,2]","[1,2]",1.0
Run 2,agentmemorybench:fact-mh-262k:context-0/factconsolidation_mh_262k_no16,1,4,0.0,[],0,0.0,[],[],[],0.0,[],[],0.0
Run 2,agentmemorybench:fact-mh-262k:context-0/factconsolidation_mh_262k_no16,2,4,0.0,"[1,2]",2,0.5,[],"[1,2]","[1,2]",0.5,"[1,2]","[1,2]",0.5
Run 2,agentmemorybench:fact-mh-262k:context-0/factconsolidation_mh_262k_no16,3,4,0.5,[],0,0.0,"[1,2]","[1,2]","[1,2]",0.5,"[1,2]","[1,2]",0.5
Run 2,agentmemorybench:fact-mh-262k:context-0/factconsolidation_mh_262k_no16,4,4,0.5,[3],1,0.25,[],[3],"[1,2,3]",0.75,"[1,2,3]","[1,2,3]",0.75
Run 2,agentmemorybench:fact-mh-262k:context-0/factconsolidation_mh_262k_no16,5,4,0.5,[],0,0.0,[],[],"[1,2]",0.5,"[1,2,3]","[1,2,3]",0.75
Run 2,agentmemorybench:fact-mh-262k:context-0/factconsolidation_mh_262k_no16,6,4,0.75,[],0,0.0,[3],"[2,3]","[1,2,3]",0.75,"[1,2,3]","[1,2,3]",0.75
Run 2,agentmemorybench:fact-mh-262k:context-0/factconsolidation_mh_262k_no17,1,3,0.0,[],0,0.0,[],[],[],0.0,[],[],0.0
Run 2,agentmemorybench:fact-mh-262k:context-0/factconsolidation_mh_262k_no17,2,3,0.0,[1],1,0.3333333333333333,[],[1],[1],0.3333333333333333,[1],[1],0.3333333333333333
Run 2,agentmemorybench:fact-mh-262k:context-0/factconsolidation_mh_262k_no17,3,3,0.0,[1],1,0.3333333333333333,[],[1],[1],0.3333333333333333,[1],[1],0.3333333333333333
Run 2,agentmemorybench:fact-mh-262k:context-0/factconsolidation_mh_262k_no17,4,3,0.0,[],0,0.0,[],[],[],0.0,[1],[1],0.3333333333333333
Run 2,agentmemorybench:fact-mh-262k:context-0/factconsolidation_mh_262k_no17,5,3,0.3333333333333333,[],0,0.0,[1],[1],[1],0.3333333333333333,[1],[1],0.3333333333333333
Run 2,agentmemorybench:fact-mh-262k:context-0/factconsolidation_mh_262k_no17,6,3,0.3333333333333333,[],0,0.0,[],[],[1],0.3333333333333333,[1],[1],0.3333333333333333
Run 2,agentmemorybench:fact-mh-262k:context-0/factconsolidation_mh_262k_no17,7,3,0.3333333333333333,[],0,0.0,[],[],[1],0.3333333333333333,[1],[1],0.3333333333333333
Run 2,agentmemorybench:fact-mh-262k:context-0/factconsolidation_mh_262k_no17,8,3,0.3333333333333333,[],0,0.0,[],[],[1],0.3333333333333333,[1],[1],0.3333333333333333
Run 2,agentmemorybench:fact-mh-262k:context-0/factconsolidation_mh_262k_no17,9,3,0.3333333333333333,[],0,0.0,[],[],[1],0.3333333333333333,[1],[1],0.3333333333333333
Run 2,agentmemorybench:fact-mh-262k:context-0/factconsolidation_mh_262k_no17,10,3,0.3333333333333333,[],0,0.0,[],[],[1],0.3333333333333333,[1],[1],0.3333333333333333
Run 2,agentmemorybench:fact-mh-262k:context-0/factconsolidation_mh_262k_no17,11,3,0.3333333333333333,[],0,0.0,[],[],[1],0.3333333333333333,[1],[1],0.3333333333333333
Run 2,agentmemorybench:fact-mh-262k:context-0/factconsolidation_mh_262k_no18,1,4,0.0,[],0,0.0,[],[],[],0.0,[],[],0.0
Run 2,agentmemorybench:fact-mh-262k:context-0/factconsolidation_mh_262k_no18,2,4,0.0,[1],1,0.25,[],[1],[1],0.25,[1],[1],0.25
Run 2,agentmemorybench:fact-mh-262k:context-0/factconsolidation_mh_262k_no18,3,4,0.25,[],0,0.0,[1],[1],[1],0.25,[1],[1],0.25
Run 2,agentmemorybench:fact-mh-262k:context-0/factconsolidation_mh_262k_no18,4,4,0.25,[4],1,0.25,[],[4],"[1,4]",0.5,"[1,4]","[1,4]",0.5
Run 2,agentmemorybench:fact-mh-262k:context-0/factconsolidation_mh_262k_no18,5,4,0.25,[4],1,0.25,[],[4],"[1,4]",0.5,"[1,4]","[1,4]",0.5
Run 2,agentmemorybench:fact-mh-262k:context-0/factconsolidation_mh_262k_no18,6,4,0.25,[4],1,0.25,[],[4],"[1,4]",0.5,"[1,4]","[1,4]",0.5
Run 2,agentmemorybench:fact-mh-262k:context-0/factconsolidation_mh_262k_no18,7,4,0.25,[4],1,0.25,[],[4],"[1,4]",0.5,"[1,4]","[1,4]",0.5
Run 2,agentmemorybench:fact-mh-262k:context-0/factconsolidation_mh_262k_no18,8,4,0.25,[4],1,0.25,[],[4],"[1,4]",0.5,"[1,4]","[1,4]",0.5
Run 2,agentmemorybench:fact-mh-262k:context-0/factconsolidation_mh_262k_no18,9,4,0.25,[4],1,0.25,[],[4],"[1,4]",0.5,"[1,4]","[1,4]",0.5
Run 2,agentmemorybench:fact-mh-262k:context-0/factconsolidation_mh_262k_no18,10,4,0.25,[4],1,0.25,[],[4],"[1,4]",0.5,"[1,4]","[1,4]",0.5
Run 2,agentmemorybench:fact-mh-262k:context-0/factconsolidation_mh_262k_no18,11,4,0.5,[4],1,0.25,[2],"[2,4]","[1,2,4]",0.75,"[1,4]","[1,2,4]",0.75
Run 2,agentmemorybench:fact-mh-262k:context-0/factconsolidation_mh_262k_no18,12,4,0.5,[],0,0.0,[],[],"[1,2]",0.5,"[1,4]","[1,2,4]",0.75
Run 2,agentmemorybench:fact-mh-262k:context-0/factconsolidation_mh_262k_no18,13,4,0.5,[4],1,0.25,[],[4],"[1,2,4]",0.75,"[1,4]","[1,2,4]",0.75
Run 2,agentmemorybench:fact-mh-262k:context-0/factconsolidation_mh_262k_no18,14,4,0.5,[4],1,0.25,[],[4],"[1,2,4]",0.75,"[1,4]","[1,2,4]",0.75
Run 2,agentmemorybench:fact-mh-262k:context-0/factconsolidation_mh_262k_no18,15,4,0.5,[],0,0.0,[],[],"[1,2]",0.5,"[1,4]","[1,2,4]",0.75
Run 2,agentmemorybench:fact-mh-262k:context-0/factconsolidation_mh_262k_no19,1,4,0.0,[],0,0.0,[],[],[],0.0,[],[],0.0
Run 2,agentmemorybench:fact-mh-262k:context-0/factconsolidation_mh_262k_no19,2,4,0.0,[1],1,0.25,[],[1],[1],0.25,[1],[1],0.25
Run 2,agentmemorybench:fact-mh-262k:context-0/factconsolidation_mh_262k_no19,3,4,0.0,[],0,0.0,[],[],[],0.0,[1],[1],0.25
Run 2,agentmemorybench:fact-mh-262k:context-0/factconsolidation_mh_262k_no19,4,4,0.25,[],0,0.0,[1],[1],[1],0.25,[1],[1],0.25
Run 2,agentmemorybench:fact-mh-262k:context-0/factconsolidation_mh_262k_no19,5,4,0.25,[],0,0.0,[],[],[1],0.25,[1],[1],0.25
Run 2,agentmemorybench:fact-mh-262k:context-0/factconsolidation_mh_262k_no19,6,4,0.25,[],0,0.0,[],[],[1],0.25,[1],[1],0.25
Run 2,agentmemorybench:fact-mh-262k:context-0/factconsolidation_mh_262k_no19,7,4,0.25,[],0,0.0,[],[],[1],0.25,[1],[1],0.25
Run 2,agentmemorybench:fact-mh-262k:context-0/factconsolidation_mh_262k_no19,8,4,0.25,[],0,0.0,[],[],[1],0.25,[1],[1],0.25
Run 2,agentmemorybench:fact-mh-262k:context-0/factconsolidation_mh_262k_no19,9,4,0.25,[],0,0.0,[],[],[1],0.25,[1],[1],0.25
Run 2,agentmemorybench:fact-mh-262k:context-0/factconsolidation_mh_262k_no19,10,4,0.5,[],0,0.0,[4],[4],"[1,4]",0.5,[1],"[1,4]",0.5
Run 2,agentmemorybench:fact-mh-262k:context-0/factconsolidation_mh_262k_no19,11,4,0.5,[],0,0.0,[],[],"[1,4]",0.5,[1],"[1,4]",0.5
Run 2,agentmemorybench:fact-mh-262k:context-0/factconsolidation_mh_262k_no19,12,4,0.5,[],0,0.0,[],[],"[1,4]",0.5,[1],"[1,4]",0.5
Run 2,agentmemorybench:fact-mh-262k:context-0/factconsolidation_mh_262k_no19,13,4,0.5,[],0,0.0,[],[],"[1,4]",0.5,[1],"[1,4]",0.5
Run 2,agentmemorybench:fact-mh-262k:context-0/factconsolidation_mh_262k_no19,14,4,0.5,[],0,0.0,[],[],"[1,4]",0.5,[1],"[1,4]",0.5
Run 2,agentmemorybench:fact-mh-262k:context-0/factconsolidation_mh_262k_no19,15,4,0.75,[],0,0.0,[3],[3],"[1,3,4]",0.75,[1],"[1,3,4]",0.75
Run 2,agentmemorybench:fact-mh-262k:context-0/factconsolidation_mh_262k_no19,16,4,0.75,[],0,0.0,[],[],"[1,3,4]",0.75,[1],"[1,3,4]",0.75
Run 2,agentmemorybench:fact-mh-262k:context-0/factconsolidation_mh_262k_no19,17,4,0.75,[],0,0.0,[],[],"[1,3,4]",0.75,[1],"[1,3,4]",0.75
Run 2,agentmemorybench:fact-mh-262k:context-0/factconsolidation_mh_262k_no19,18,4,0.75,[],0,0.0,[],[],"[1,3,4]",0.75,[1],"[1,3,4]",0.75
Run 2,agentmemorybench:fact-mh-262k:context-0/factconsolidation_mh_262k_no19,19,4,0.75,[],0,0.0,[],[],"[1,3,4]",0.75,[1],"[1,3,4]",0.75
Run 2,agentmemorybench:fact-mh-262k:context-0/factconsolidation_mh_262k_no2,1,4,0.0,[],0,0.0,[],[],[],0.0,[],[],0.0
Run 2,agentmemorybench:fact-mh-262k:context-0/factconsolidation_mh_262k_no2,2,4,0.0,[1],1,0.25,[],[1],[1],0.25,[1],[1],0.25
Run 2,agentmemorybench:fact-mh-262k:context-0/factconsolidation_mh_262k_no2,3,4,0.25,[],0,0.0,[1],[1],[1],0.25,[1],[1],0.25
Run 2,agentmemorybench:fact-mh-262k:context-0/factconsolidation_mh_262k_no2,4,4,0.25,"[2,3]",2,0.5,[],"[2,3]","[1,2,3]",0.75,"[1,2,3]","[1,2,3]",0.75
Run 2,agentmemorybench:fact-mh-262k:context-0/factconsolidation_mh_262k_no2,5,4,0.25,[],0,0.0,[],[],[1],0.25,"[1,2,3]","[1,2,3]",0.75
Run 2,agentmemorybench:fact-mh-262k:context-0/factconsolidation_mh_262k_no2,6,4,0.25,[],0,0.0,[],[],[1],0.25,"[1,2,3]","[1,2,3]",0.75
Run 2,agentmemorybench:fact-mh-262k:context-0/factconsolidation_mh_262k_no2,7,4,0.25,[],0,0.0,[],[],[1],0.25,"[1,2,3]","[1,2,3]",0.75
Run 2,agentmemorybench:fact-mh-262k:context-0/factconsolidation_mh_262k_no2,8,4,0.25,[],0,0.0,[],[],[1],0.25,"[1,2,3]","[1,2,3]",0.75
Run 2,agentmemorybench:fact-mh-262k:context-0/factconsolidation_mh_262k_no2,9,4,0.25,[],0,0.0,[],[],[1],0.25,"[1,2,3]","[1,2,3]",0.75
Run 2,agentmemorybench:fact-mh-262k:context-0/factconsolidation_mh_262k_no2,10,4,0.25,[],0,0.0,[],[],[1],0.25,"[1,2,3]","[1,2,3]",0.75
Run 2,agentmemorybench:fact-mh-262k:context-0/factconsolidation_mh_262k_no2,11,4,0.25,[],0,0.0,[],[],[1],0.25,"[1,2,3]","[1,2,3]",0.75
Run 2,agentmemorybench:fact-mh-262k:context-0/factconsolidation_mh_262k_no2,12,4,0.25,[],0,0.0,[],[],[1],0.25,"[1,2,3]","[1,2,3]",0.75
Run 2,agentmemorybench:fact-mh-262k:context-0/factconsolidation_mh_262k_no2,13,4,0.25,[],0,0.0,[],[],[1],0.25,"[1,2,3]","[1,2,3]",0.75
Run 2,agentmemorybench:fact-mh-262k:context-0/factconsolidation_mh_262k_no2,14,4,0.25,[],0,0.0,[],[],[1],0.25,"[1,2,3]","[1,2,3]",0.75
Run 2,agentmemorybench:fact-mh-262k:context-0/factconsolidation_mh_262k_no2,15,4,0.25,[],0,0.0,[],[],[1],0.25,"[1,2,3]","[1,2,3]",0.75
Run 2,agentmemorybench:fact-mh-262k:context-0/factconsolidation_mh_262k_no2,16,4,0.5,[],0,0.0,[2],[2],"[1,2]",0.5,"[1,2,3]","[1,2,3]",0.75
Run 2,agentmemorybench:fact-mh-262k:context-0/factconsolidation_mh_262k_no2,17,4,0.5,[],0,0.0,[],[],"[1,2]",0.5,"[1,2,3]","[1,2,3]",0.75
Run 2,agentmemorybench:fact-mh-262k:context-0/factconsolidation_mh_262k_no2,18,4,0.5,[],0,0.0,[],[],"[1,2]",0.5,"[1,2,3]","[1,2,3]",0.75
Run 2,agentmemorybench:fact-mh-262k:context-0/factconsolidation_mh_262k_no2,19,4,0.5,[],0,0.0,[],[],"[1,2]",0.5,"[1,2,3]","[1,2,3]",0.75
Run 2,agentmemorybench:fact-mh-262k:context-0/factconsolidation_mh_262k_no20,1,3,0.0,[],0,0.0,[],[],[],0.0,[],[],0.0
Run 2,agentmemorybench:fact-mh-262k:context-0/factconsolidation_mh_262k_no20,2,3,0.0,[1],1,0.3333333333333333,[],[1],[1],0.3333333333333333,[1],[1],0.3333333333333333
Run 2,agentmemorybench:fact-mh-262k:context-0/factconsolidation_mh_262k_no20,3,3,0.3333333333333333,[],0,0.0,[1],[1],[1],0.3333333333333333,[1],[1],0.3333333333333333
Run 2,agentmemorybench:fact-mh-262k:context-0/factconsolidation_mh_262k_no20,4,3,0.3333333333333333,[],0,0.0,[],[],[1],0.3333333333333333,[1],[1],0.3333333333333333
Run 2,agentmemorybench:fact-mh-262k:context-0/factconsolidation_mh_262k_no20,5,3,0.3333333333333333,[],0,0.0,[],[],[1],0.3333333333333333,[1],[1],0.3333333333333333
Run 2,agentmemorybench:fact-mh-262k:context-0/factconsolidation_mh_262k_no20,6,3,0.3333333333333333,[2],1,0.3333333333333333,[],[2],"[1,2]",0.6666666666666666,"[1,2]","[1,2]",0.6666666666666666
Run 2,agentmemorybench:fact-mh-262k:context-0/factconsolidation_mh_262k_no20,7,3,0.3333333333333333,[3],1,0.3333333333333333,[],[3],"[1,3]",0.6666666666666666,"[1,2,3]","[1,2,3]",1.0
Run 2,agentmemorybench:fact-mh-262k:context-0/factconsolidation_mh_262k_no20,8,3,0.3333333333333333,[3],1,0.3333333333333333,[],[3],"[1,3]",0.6666666666666666,"[1,2,3]","[1,2,3]",1.0
Run 2,agentmemorybench:fact-mh-262k:context-0/factconsolidation_mh_262k_no20,9,3,0.3333333333333333,[],0,0.0,[],[],[1],0.3333333333333333,"[1,2,3]","[1,2,3]",1.0
Run 2,agentmemorybench:fact-mh-262k:context-0/factconsolidation_mh_262k_no20,10,3,0.6666666666666666,[],0,0.0,[2],[2],"[1,2]",0.6666666666666666,"[1,2,3]","[1,2,3]",1.0
Run 2,agentmemorybench:fact-mh-262k:context-0/factconsolidation_mh_262k_no20,11,3,0.6666666666666666,[3],1,0.3333333333333333,[],[3],"[1,2,3]",1.0,"[1,2,3]","[1,2,3]",1.0
Run 2,agentmemorybench:fact-mh-262k:context-0/factconsolidation_mh_262k_no20,12,3,1.0,[],0,0.0,[3],[3],"[1,2,3]",1.0,"[1,2,3]","[1,2,3]",1.0
Run 2,agentmemorybench:fact-mh-262k:context-0/factconsolidation_mh_262k_no20,13,3,1.0,[],0,0.0,[],[],"[1,2,3]",1.0,"[1,2,3]","[1,2,3]",1.0
Run 2,agentmemorybench:fact-mh-262k:context-0/factconsolidation_mh_262k_no20,14,3,1.0,[],0,0.0,[],[],"[1,2,3]",1.0,"[1,2,3]","[1,2,3]",1.0
Run 2,agentmemorybench:fact-mh-262k:context-0/factconsolidation_mh_262k_no20,15,3,1.0,[],0,0.0,[],[],"[1,2,3]",1.0,"[1,2,3]","[1,2,3]",1.0
Run 2,agentmemorybench:fact-mh-262k:context-0/factconsolidation_mh_262k_no21,1,2,0.0,[],0,0.0,[],[],[],0.0,[],[],0.0
Run 2,agentmemorybench:fact-mh-262k:context-0/factconsolidation_mh_262k_no21,2,2,0.0,[1],1,0.5,[],[1],[1],0.5,[1],[1],0.5
Run 2,agentmemorybench:fact-mh-262k:context-0/factconsolidation_mh_262k_no21,3,2,1.0,[],0,0.0,"[1,2]","[1,2]","[1,2]",1.0,[1],"[1,2]",1.0
Run 2,agentmemorybench:fact-mh-262k:context-0/factconsolidation_mh_262k_no21,4,2,1.0,[],0,0.0,[],[],"[1,2]",1.0,[1],"[1,2]",1.0
Run 2,agentmemorybench:fact-mh-262k:context-0/factconsolidation_mh_262k_no21,5,2,1.0,[],0,0.0,[],[],"[1,2]",1.0,[1],"[1,2]",1.0
Run 2,agentmemorybench:fact-mh-262k:context-0/factconsolidation_mh_262k_no21,6,2,1.0,[],0,0.0,"[1,2]","[1,2]","[1,2]",1.0,[1],"[1,2]",1.0
Run 2,agentmemorybench:fact-mh-262k:context-0/factconsolidation_mh_262k_no21,7,2,1.0,[],0,0.0,[],[],"[1,2]",1.0,[1],"[1,2]",1.0
Run 2,agentmemorybench:fact-mh-262k:context-0/factconsolidation_mh_262k_no21,8,2,1.0,[],0,0.0,[],[],"[1,2]",1.0,[1],"[1,2]",1.0
Run 2,agentmemorybench:fact-mh-262k:context-0/factconsolidation_mh_262k_no22,1,3,0.0,[],0,0.0,[],[],[],0.0,[],[],0.0
Run 2,agentmemorybench:fact-mh-262k:context-0/factconsolidation_mh_262k_no22,2,3,0.0,[1],1,0.3333333333333333,[],[1],[1],0.3333333333333333,[1],[1],0.3333333333333333
Run 2,agentmemorybench:fact-mh-262k:context-0/factconsolidation_mh_262k_no22,3,3,0.3333333333333333,[],0,0.0,[1],[1],[1],0.3333333333333333,[1],[1],0.3333333333333333
Run 2,agentmemorybench:fact-mh-262k:context-0/factconsolidation_mh_262k_no23,1,2,0.0,[],0,0.0,[],[],[],0.0,[],[],0.0
Run 2,agentmemorybench:fact-mh-262k:context-0/factconsolidation_mh_262k_no23,2,2,0.0,[1],1,0.5,[],[1],[1],0.5,[1],[1],0.5
Run 2,agentmemorybench:fact-mh-262k:context-0/factconsolidation_mh_262k_no23,3,2,0.5,[],0,0.0,[1],[1],[1],0.5,[1],[1],0.5
Run 2,agentmemorybench:fact-mh-262k:context-0/factconsolidation_mh_262k_no23,4,2,0.5,[2],1,0.5,[],[2],"[1,2]",1.0,"[1,2]","[1,2]",1.0
Run 2,agentmemorybench:fact-mh-262k:context-0/factconsolidation_mh_262k_no23,5,2,1.0,[],0,0.0,[2],[2],"[1,2]",1.0,"[1,2]","[1,2]",1.0
Run 2,agentmemorybench:fact-mh-262k:context-0/factconsolidation_mh_262k_no24,1,2,0.0,[],0,0.0,[],[],[],0.0,[],[],0.0
Run 2,agentmemorybench:fact-mh-262k:context-0/factconsolidation_mh_262k_no24,2,2,0.0,[1],1,0.5,[],[1],[1],0.5,[1],[1],0.5
Run 2,agentmemorybench:fact-mh-262k:context-0/factconsolidation_mh_262k_no24,3,2,0.5,[],0,0.0,[1],[1],[1],0.5,[1],[1],0.5
Run 2,agentmemorybench:fact-mh-262k:context-0/factconsolidation_mh_262k_no24,4,2,0.5,[2],1,0.5,[],[2],"[1,2]",1.0,"[1,2]","[1,2]",1.0
Run 2,agentmemorybench:fact-mh-262k:context-0/factconsolidation_mh_262k_no24,5,2,1.0,[],0,0.0,[2],[2],"[1,2]",1.0,"[1,2]","[1,2]",1.0
Run 2,agentmemorybench:fact-mh-262k:context-0/factconsolidation_mh_262k_no25,1,4,0.0,[],0,0.0,[],[],[],0.0,[],[],0.0
Run 2,agentmemorybench:fact-mh-262k:context-0/factconsolidation_mh_262k_no25,2,4,0.0,[1],1,0.25,[],[1],[1],0.25,[1],[1],0.25
Run 2,agentmemorybench:fact-mh-262k:context-0/factconsolidation_mh_262k_no25,3,4,0.25,[],0,0.0,[1],[1],[1],0.25,[1],[1],0.25
Run 2,agentmemorybench:fact-mh-262k:context-0/factconsolidation_mh_262k_no25,4,4,0.25,[],0,0.0,[],[],[1],0.25,[1],[1],0.25
Run 2,agentmemorybench:fact-mh-262k:context-0/factconsolidation_mh_262k_no25,5,4,0.25,[],0,0.0,[],[],[1],0.25,[1],[1],0.25
Run 2,agentmemorybench:fact-mh-262k:context-0/factconsolidation_mh_262k_no25,6,4,0.25,[],0,0.0,[],[],[1],0.25,[1],[1],0.25
Run 2,agentmemorybench:fact-mh-262k:context-0/factconsolidation_mh_262k_no26,1,2,0.0,[],0,0.0,[],[],[],0.0,[],[],0.0
Run 2,agentmemorybench:fact-mh-262k:context-0/factconsolidation_mh_262k_no26,2,2,0.0,"[1,2]",2,1.0,[],"[1,2]","[1,2]",1.0,"[1,2]","[1,2]",1.0
Run 2,agentmemorybench:fact-mh-262k:context-0/factconsolidation_mh_262k_no26,3,2,1.0,[],0,0.0,"[1,2]","[1,2]","[1,2]",1.0,"[1,2]","[1,2]",1.0
Run 2,agentmemorybench:fact-mh-262k:context-0/factconsolidation_mh_262k_no27,1,4,0.0,[],0,0.0,[],[],[],0.0,[],[],0.0
Run 2,agentmemorybench:fact-mh-262k:context-0/factconsolidation_mh_262k_no27,2,4,0.0,[1],1,0.25,[],[1],[1],0.25,[1],[1],0.25
Run 2,agentmemorybench:fact-mh-262k:context-0/factconsolidation_mh_262k_no27,3,4,0.0,[2],1,0.25,[],[2],[2],0.25,"[1,2]","[1,2]",0.5
Run 2,agentmemorybench:fact-mh-262k:context-0/factconsolidation_mh_262k_no27,4,4,0.0,[],0,0.0,[],[],[],0.0,"[1,2]","[1,2]",0.5
Run 2,agentmemorybench:fact-mh-262k:context-0/factconsolidation_mh_262k_no27,5,4,0.0,[],0,0.0,[],[],[],0.0,"[1,2]","[1,2]",0.5
Run 2,agentmemorybench:fact-mh-262k:context-0/factconsolidation_mh_262k_no27,6,4,0.5,[],0,0.0,"[1,4]","[1,4]","[1,4]",0.5,"[1,2]","[1,2,4]",0.75
Run 2,agentmemorybench:fact-mh-262k:context-0/factconsolidation_mh_262k_no28,1,2,0.0,[],0,0.0,[],[],[],0.0,[],[],0.0
Run 2,agentmemorybench:fact-mh-262k:context-0/factconsolidation_mh_262k_no28,2,2,0.0,[1],1,0.5,[],[1],[1],0.5,[1],[1],0.5
Run 2,agentmemorybench:fact-mh-262k:context-0/factconsolidation_mh_262k_no28,3,2,0.5,[],0,0.0,[1],[1],[1],0.5,[1],[1],0.5
Run 2,agentmemorybench:fact-mh-262k:context-0/factconsolidation_mh_262k_no28,4,2,0.5,[],0,0.0,[],[1],[1],0.5,[1],[1],0.5
Run 2,agentmemorybench:fact-mh-262k:context-0/factconsolidation_mh_262k_no28,5,2,1.0,[],0,0.0,[2],[2],"[1,2]",1.0,[1],"[1,2]",1.0
Run 2,agentmemorybench:fact-mh-262k:context-0/factconsolidation_mh_262k_no29,1,2,0.0,[],0,0.0,[],[],[],0.0,[],[],0.0
Run 2,agentmemorybench:fact-mh-262k:context-0/factconsolidation_mh_262k_no29,2,2,0.0,[1],1,0.5,[],[1],[1],0.5,[1],[1],0.5
Run 2,agentmemorybench:fact-mh-262k:context-0/factconsolidation_mh_262k_no29,3,2,0.5,[],0,0.0,[1],[1],[1],0.5,[1],[1],0.5
Run 2,agentmemorybench:fact-mh-262k:context-0/factconsolidation_mh_262k_no29,4,2,0.5,[2],1,0.5,[],[2],"[1,2]",1.0,"[1,2]","[1,2]",1.0
Run 2,agentmemorybench:fact-mh-262k:context-0/factconsolidation_mh_262k_no29,5,2,1.0,[],0,0.0,[2],[2],"[1,2]",1.0,"[1,2]","[1,2]",1.0
Run 2,agentmemorybench:fact-mh-262k:context-0/factconsolidation_mh_262k_no3,1,2,0.0,[],0,0.0,[],[],[],0.0,[],[],0.0
Run 2,agentmemorybench:fact-mh-262k:context-0/factconsolidation_mh_262k_no3,2,2,0.0,[1],1,0.5,[],[1],[1],0.5,[1],[1],0.5
Run 2,agentmemorybench:fact-mh-262k:context-0/factconsolidation_mh_262k_no3,3,2,0.5,[],0,0.0,[1],[1],[1],0.5,[1],[1],0.5
Run 2,agentmemorybench:fact-mh-262k:context-0/factconsolidation_mh_262k_no30,1,2,0.0,[],0,0.0,[],[],[],0.0,[],[],0.0
Run 2,agentmemorybench:fact-mh-262k:context-0/factconsolidation_mh_262k_no30,2,2,0.0,"[1,2]",2,1.0,[],"[1,2]","[1,2]",1.0,"[1,2]","[1,2]",1.0
Run 2,agentmemorybench:fact-mh-262k:context-0/factconsolidation_mh_262k_no30,3,2,1.0,[],0,0.0,"[1,2]","[1,2]","[1,2]",1.0,"[1,2]","[1,2]",1.0
Run 2,agentmemorybench:fact-mh-262k:context-0/factconsolidation_mh_262k_no30,4,2,1.0,[],0,0.0,[],"[1,2]","[1,2]",1.0,"[1,2]","[1,2]",1.0
Run 2,agentmemorybench:fact-mh-262k:context-0/factconsolidation_mh_262k_no30,5,2,1.0,[],0,0.0,[2],[2],"[1,2]",1.0,"[1,2]","[1,2]",1.0
Run 2,agentmemorybench:fact-mh-262k:context-0/factconsolidation_mh_262k_no31,1,2,0.0,[],0,0.0,[],[],[],0.0,[],[],0.0
Run 2,agentmemorybench:fact-mh-262k:context-0/factconsolidation_mh_262k_no31,2,2,0.0,[1],1,0.5,[],[1],[1],0.5,[1],[1],0.5
Run 2,agentmemorybench:fact-mh-262k:context-0/factconsolidation_mh_262k_no31,3,2,0.5,[],0,0.0,[1],[1],[1],0.5,[1],[1],0.5
Run 2,agentmemorybench:fact-mh-262k:context-0/factconsolidation_mh_262k_no32,1,4,0.0,[],0,0.0,[],[],[],0.0,[],[],0.0
Run 2,agentmemorybench:fact-mh-262k:context-0/factconsolidation_mh_262k_no32,2,4,0.0,[2],1,0.25,[],[2],[2],0.25,[2],[2],0.25
Run 2,agentmemorybench:fact-mh-262k:context-0/factconsolidation_mh_262k_no32,3,4,0.0,[],0,0.0,[],[],[],0.0,[2],[2],0.25
Run 2,agentmemorybench:fact-mh-262k:context-0/factconsolidation_mh_262k_no32,4,4,0.0,[],0,0.0,[],[],[],0.0,[2],[2],0.25
Run 2,agentmemorybench:fact-mh-262k:context-0/factconsolidation_mh_262k_no32,5,4,0.0,[],0,0.0,[],[],[],0.0,[2],[2],0.25
Run 2,agentmemorybench:fact-mh-262k:context-0/factconsolidation_mh_262k_no32,6,4,0.0,[],0,0.0,[],[],[],0.0,[2],[2],0.25
Run 2,agentmemorybench:fact-mh-262k:context-0/factconsolidation_mh_262k_no32,7,4,0.0,[],0,0.0,[],[],[],0.0,[2],[2],0.25
Run 2,agentmemorybench:fact-mh-262k:context-0/factconsolidation_mh_262k_no32,8,4,0.0,[2],1,0.25,[],[2],[2],0.25,[2],[2],0.25
Run 2,agentmemorybench:fact-mh-262k:context-0/factconsolidation_mh_262k_no32,9,4,0.0,[],0,0.0,[],[],[],0.0,[2],[2],0.25
Run 2,agentmemorybench:fact-mh-262k:context-0/factconsolidation_mh_262k_no32,10,4,0.0,[],0,0.0,[],[],[],0.0,[2],[2],0.25
Run 2,agentmemorybench:fact-mh-262k:context-0/factconsolidation_mh_262k_no32,11,4,0.0,[4],1,0.25,[],[4],[4],0.25,"[2,4]","[2,4]",0.5
Run 2,agentmemorybench:fact-mh-262k:context-0/factconsolidation_mh_262k_no32,12,4,0.0,[4],1,0.25,[],[4],[4],0.25,"[2,4]","[2,4]",0.5
Run 2,agentmemorybench:fact-mh-262k:context-0/factconsolidation_mh_262k_no33,1,3,0.0,[],0,0.0,[],[],[],0.0,[],[],0.0
Run 2,agentmemorybench:fact-mh-262k:context-0/factconsolidation_mh_262k_no33,2,3,0.0,[1],1,0.3333333333333333,[],[1],[1],0.3333333333333333,[1],[1],0.3333333333333333
Run 2,agentmemorybench:fact-mh-262k:context-0/factconsolidation_mh_262k_no33,3,3,0.3333333333333333,[],0,0.0,[1],[1],[1],0.3333333333333333,[1],[1],0.3333333333333333
Run 2,agentmemorybench:fact-mh-262k:context-0/factconsolidation_mh_262k_no33,4,3,0.3333333333333333,[],0,0.0,[],[],[1],0.3333333333333333,[1],[1],0.3333333333333333
Run 2,agentmemorybench:fact-mh-262k:context-0/factconsolidation_mh_262k_no33,5,3,0.3333333333333333,[],0,0.0,[],[],[1],0.3333333333333333,[1],[1],0.3333333333333333
Run 2,agentmemorybench:fact-mh-262k:context-0/factconsolidation_mh_262k_no33,6,3,0.3333333333333333,[],0,0.0,[],[],[1],0.3333333333333333,[1],[1],0.3333333333333333
Run 2,agentmemorybench:fact-mh-262k:context-0/factconsolidation_mh_262k_no33,7,3,0.3333333333333333,[],0,0.0,[],[],[1],0.3333333333333333,[1],[1],0.3333333333333333
Run 2,agentmemorybench:fact-mh-262k:context-0/factconsolidation_mh_262k_no33,8,3,0.3333333333333333,[],0,0.0,[],[],[1],0.3333333333333333,[1],[1],0.3333333333333333
Run 2,agentmemorybench:fact-mh-262k:context-0/factconsolidation_mh_262k_no33,9,3,0.3333333333333333,[],0,0.0,[],[],[1],0.3333333333333333,[1],[1],0.3333333333333333
Run 2,agentmemorybench:fact-mh-262k:context-0/factconsolidation_mh_262k_no33,10,3,0.3333333333333333,[],0,0.0,[],[],[1],0.3333333333333333,[1],[1],0.3333333333333333
Run 2,agentmemorybench:fact-mh-262k:context-0/factconsolidation_mh_262k_no33,11,3,0.3333333333333333,[],0,0.0,[],[],[1],0.3333333333333333,[1],[1],0.3333333333333333
Run 2,agentmemorybench:fact-mh-262k:context-0/factconsolidation_mh_262k_no33,12,3,0.3333333333333333,[],0,0.0,[],[],[1],0.3333333333333333,[1],[1],0.3333333333333333
Run 2,agentmemorybench:fact-mh-262k:context-0/factconsolidation_mh_262k_no33,13,3,0.3333333333333333,[],0,0.0,[],[],[1],0.3333333333333333,[1],[1],0.3333333333333333
Run 2,agentmemorybench:fact-mh-262k:context-0/factconsolidation_mh_262k_no34,1,3,0.0,[],0,0.0,[],[],[],0.0,[],[],0.0
Run 2,agentmemorybench:fact-mh-262k:context-0/factconsolidation_mh_262k_no34,2,3,0.0,[1],1,0.3333333333333333,[],[1],[1],0.3333333333333333,[1],[1],0.3333333333333333
Run 2,agentmemorybench:fact-mh-262k:context-0/factconsolidation_mh_262k_no34,3,3,0.0,[1],1,0.3333333333333333,[],[1],[1],0.3333333333333333,[1],[1],0.3333333333333333
Run 2,agentmemorybench:fact-mh-262k:context-0/factconsolidation_mh_262k_no34,4,3,0.3333333333333333,[],0,0.0,[1],[1],[1],0.3333333333333333,[1],[1],0.3333333333333333
Run 2,agentmemorybench:fact-mh-262k:context-0/factconsolidation_mh_262k_no34,5,3,0.3333333333333333,[],0,0.0,[],[],[1],0.3333333333333333,[1],[1],0.3333333333333333
Run 2,agentmemorybench:fact-mh-262k:context-0/factconsolidation_mh_262k_no34,6,3,0.3333333333333333,[],0,0.0,[],[],[1],0.3333333333333333,[1],[1],0.3333333333333333
Run 2,agentmemorybench:fact-mh-262k:context-0/factconsolidation_mh_262k_no34,7,3,0.3333333333333333,[],0,0.0,[],[],[1],0.3333333333333333,[1],[1],0.3333333333333333
Run 2,agentmemorybench:fact-mh-262k:context-0/factconsolidation_mh_262k_no34,8,3,0.3333333333333333,[],0,0.0,[],[],[1],0.3333333333333333,[1],[1],0.3333333333333333
Run 2,agentmemorybench:fact-mh-262k:context-0/factconsolidation_mh_262k_no34,9,3,0.3333333333333333,[],0,0.0,[],[],[1],0.3333333333333333,[1],[1],0.3333333333333333
Run 2,agentmemorybench:fact-mh-262k:context-0/factconsolidation_mh_262k_no35,1,4,0.0,[],0,0.0,[],[],[],0.0,[],[],0.0
Run 2,agentmemorybench:fact-mh-262k:context-0/factconsolidation_mh_262k_no35,2,4,0.0,[1],1,0.25,[],[1],[1],0.25,[1],[1],0.25
Run 2,agentmemorybench:fact-mh-262k:context-0/factconsolidation_mh_262k_no35,3,4,0.25,[],0,0.0,[1],[1],[1],0.25,[1],[1],0.25
Run 2,agentmemorybench:fact-mh-262k:context-0/factconsolidation_mh_262k_no35,4,4,0.25,[2],1,0.25,[],[2],"[1,2]",0.5,"[1,2]","[1,2]",0.5
Run 2,agentmemorybench:fact-mh-262k:context-0/factconsolidation_mh_262k_no35,5,4,0.25,"[2,3]",2,0.5,[],"[2,3]","[1,2,3]",0.75,"[1,2,3]","[1,2,3]",0.75
Run 2,agentmemorybench:fact-mh-262k:context-0/factconsolidation_mh_262k_no35,6,4,0.5,[2],1,0.25,[3],"[2,3]","[1,2,3]",0.75,"[1,2,3]","[1,2,3]",0.75
Run 2,agentmemorybench:fact-mh-262k:context-0/factconsolidation_mh_262k_no35,7,4,0.5,[4],1,0.25,[],[4],"[1,3,4]",0.75,"[1,2,3,4]","[1,2,3,4]",1.0
Run 2,agentmemorybench:fact-mh-262k:context-0/factconsolidation_mh_262k_no35,8,4,0.75,[],0,0.0,[4],[4],"[1,3,4]",0.75,"[1,2,3,4]","[1,2,3,4]",1.0
Run 2,agentmemorybench:fact-mh-262k:context-0/factconsolidation_mh_262k_no35,9,4,0.75,[],0,0.0,[],[],"[1,3,4]",0.75,"[1,2,3,4]","[1,2,3,4]",1.0
Run 2,agentmemorybench:fact-mh-262k:context-0/factconsolidation_mh_262k_no35,10,4,0.75,[],0,0.0,[4],[4],"[1,3,4]",0.75,"[1,2,3,4]","[1,2,3,4]",1.0
Run 2,agentmemorybench:fact-mh-262k:context-0/factconsolidation_mh_262k_no36,1,4,0.0,[],0,0.0,[],[],[],0.0,[],[],0.0
Run 2,agentmemorybench:fact-mh-262k:context-0/factconsolidation_mh_262k_no36,2,4,0.0,[1],1,0.25,[],[1],[1],0.25,[1],[1],0.25
Run 2,agentmemorybench:fact-mh-262k:context-0/factconsolidation_mh_262k_no36,3,4,0.0,[1],1,0.25,[],[1],[1],0.25,[1],[1],0.25
Run 2,agentmemorybench:fact-mh-262k:context-0/factconsolidation_mh_262k_no36,4,4,0.25,[],0,0.0,[1],[1],[1],0.25,[1],[1],0.25
Run 2,agentmemorybench:fact-mh-262k:context-0/factconsolidation_mh_262k_no36,5,4,0.25,[],0,0.0,[],[],[1],0.25,[1],[1],0.25
Run 2,agentmemorybench:fact-mh-262k:context-0/factconsolidation_mh_262k_no36,6,4,0.25,[],0,0.0,[],[],[1],0.25,[1],[1],0.25
Run 2,agentmemorybench:fact-mh-262k:context-0/factconsolidation_mh_262k_no36,7,4,0.25,[],0,0.0,[],[],[1],0.25,[1],[1],0.25
Run 2,agentmemorybench:fact-mh-262k:context-0/factconsolidation_mh_262k_no36,8,4,0.25,[],0,0.0,[],[],[1],0.25,[1],[1],0.25
Run 2,agentmemorybench:fact-mh-262k:context-0/factconsolidation_mh_262k_no36,9,4,0.25,[],0,0.0,[],[],[1],0.25,[1],[1],0.25
Run 2,agentmemorybench:fact-mh-262k:context-0/factconsolidation_mh_262k_no36,10,4,0.25,[],0,0.0,[],[],[1],0.25,[1],[1],0.25
Run 2,agentmemorybench:fact-mh-262k:context-0/factconsolidation_mh_262k_no36,11,4,0.25,[],0,0.0,[],[],[1],0.25,[1],[1],0.25
Run 2,agentmemorybench:fact-mh-262k:context-0/factconsolidation_mh_262k_no36,12,4,0.25,[],0,0.0,[],[],[1],0.25,[1],[1],0.25
Run 2,agentmemorybench:fact-mh-262k:context-0/factconsolidation_mh_262k_no37,1,2,0.0,[],0,0.0,[],[],[],0.0,[],[],0.0
Run 2,agentmemorybench:fact-mh-262k:context-0/factconsolidation_mh_262k_no37,2,2,0.0,[1],1,0.5,[],[1],[1],0.5,[1],[1],0.5
Run 2,agentmemorybench:fact-mh-262k:context-0/factconsolidation_mh_262k_no37,3,2,0.5,[2],1,0.5,[1],"[1,2]","[1,2]",1.0,"[1,2]","[1,2]",1.0
Run 2,agentmemorybench:fact-mh-262k:context-0/factconsolidation_mh_262k_no37,4,2,1.0,[],0,0.0,[2],[2],"[1,2]",1.0,"[1,2]","[1,2]",1.0
Run 2,agentmemorybench:fact-mh-262k:context-0/factconsolidation_mh_262k_no38,1,2,0.0,[],0,0.0,[],[],[],0.0,[],[],0.0
Run 2,agentmemorybench:fact-mh-262k:context-0/factconsolidation_mh_262k_no38,2,2,0.0,[],0,0.0,[],[],[],0.0,[],[],0.0
Run 2,agentmemorybench:fact-mh-262k:context-0/factconsolidation_mh_262k_no38,3,2,0.0,[],0,0.0,[],[],[],0.0,[],[],0.0
Run 2,agentmemorybench:fact-mh-262k:context-0/factconsolidation_mh_262k_no38,4,2,0.5,[],0,0.0,[1],[1],[1],0.5,[],[1],0.5
Run 2,agentmemorybench:fact-mh-262k:context-0/factconsolidation_mh_262k_no38,5,2,0.5,[2],1,0.5,[],[2],"[1,2]",1.0,[2],"[1,2]",1.0
Run 2,agentmemorybench:fact-mh-262k:context-0/factconsolidation_mh_262k_no38,6,2,1.0,[],0,0.0,[2],[2],"[1,2]",1.0,[2],"[1,2]",1.0
Run 2,agentmemorybench:fact-mh-262k:context-0/factconsolidation_mh_262k_no39,1,2,0.0,[],0,0.0,[],[],[],0.0,[],[],0.0
Run 2,agentmemorybench:fact-mh-262k:context-0/factconsolidation_mh_262k_no39,2,2,0.0,[],0,0.0,[],[],[],0.0,[],[],0.0
Run 2,agentmemorybench:fact-mh-262k:context-0/factconsolidation_mh_262k_no39,3,2,0.0,[1],1,0.5,[],[1],[1],0.5,[1],[1],0.5
Run 2,agentmemorybench:fact-mh-262k:context-0/factconsolidation_mh_262k_no39,4,2,0.5,[],0,0.0,[1],[1],[1],0.5,[1],[1],0.5
Run 2,agentmemorybench:fact-mh-262k:context-0/factconsolidation_mh_262k_no39,5,2,0.5,[2],1,0.5,[],[2],"[1,2]",1.0,"[1,2]","[1,2]",1.0
Run 2,agentmemorybench:fact-mh-262k:context-0/factconsolidation_mh_262k_no39,6,2,1.0,[],0,0.0,[2],[2],"[1,2]",1.0,"[1,2]","[1,2]",1.0
Run 2,agentmemorybench:fact-mh-262k:context-0/factconsolidation_mh_262k_no4,1,2,0.0,[],0,0.0,[],[],[],0.0,[],[],0.0
Run 2,agentmemorybench:fact-mh-262k:context-0/factconsolidation_mh_262k_no4,2,2,0.0,[],0,0.0,[],[],[],0.0,[],[],0.0
Run 2,agentmemorybench:fact-mh-262k:context-0/factconsolidation_mh_262k_no4,3,2,0.0,[],0,0.0,[],[],[],0.0,[],[],0.0
Run 2,agentmemorybench:fact-mh-262k:context-0/factconsolidation_mh_262k_no4,4,2,0.0,[],0,0.0,[],[],[],0.0,[],[],0.0
Run 2,agentmemorybench:fact-mh-262k:context-0/factconsolidation_mh_262k_no4,5,2,0.0,[],0,0.0,[],[],[],0.0,[],[],0.0
Run 2,agentmemorybench:fact-mh-262k:context-0/factconsolidation_mh_262k_no4,6,2,0.0,[],0,0.0,[],[],[],0.0,[],[],0.0
Run 2,agentmemorybench:fact-mh-262k:context-0/factconsolidation_mh_262k_no4,7,2,0.5,[],0,0.0,[2],[2],[2],0.5,[],[2],0.5
Run 2,agentmemorybench:fact-mh-262k:context-0/factconsolidation_mh_262k_no40,1,2,0.0,[],0,0.0,[],[],[],0.0,[],[],0.0
Run 2,agentmemorybench:fact-mh-262k:context-0/factconsolidation_mh_262k_no40,2,2,0.0,[1],1,0.5,[],[1],[1],0.5,[1],[1],0.5
Run 2,agentmemorybench:fact-mh-262k:context-0/factconsolidation_mh_262k_no40,3,2,0.0,[2],1,0.5,[],[2],[2],0.5,"[1,2]","[1,2]",1.0
Run 2,agentmemorybench:fact-mh-262k:context-0/factconsolidation_mh_262k_no40,4,2,1.0,[],0,0.0,"[1,2]","[1,2]","[1,2]",1.0,"[1,2]","[1,2]",1.0
Run 2,agentmemorybench:fact-mh-262k:context-0/factconsolidation_mh_262k_no41,1,2,0.0,[],0,0.0,[],[],[],0.0,[],[],0.0
Run 2,agentmemorybench:fact-mh-262k:context-0/factconsolidation_mh_262k_no41,2,2,0.0,"[1,2]",2,1.0,[],"[1,2]","[1,2]",1.0,"[1,2]","[1,2]",1.0
Run 2,agentmemorybench:fact-mh-262k:context-0/factconsolidation_mh_262k_no41,3,2,1.0,[],0,0.0,"[1,2]","[1,2]","[1,2]",1.0,"[1,2]","[1,2]",1.0
Run 2,agentmemorybench:fact-mh-262k:context-0/factconsolidation_mh_262k_no41,4,2,1.0,[],0,0.0,[],[1],"[1,2]",1.0,"[1,2]","[1,2]",1.0
Run 2,agentmemorybench:fact-mh-262k:context-0/factconsolidation_mh_262k_no41,5,2,1.0,[],0,0.0,[],[1],"[1,2]",1.0,"[1,2]","[1,2]",1.0
Run 2,agentmemorybench:fact-mh-262k:context-0/factconsolidation_mh_262k_no41,6,2,1.0,[],0,0.0,[],[1],"[1,2]",1.0,"[1,2]","[1,2]",1.0
Run 2,agentmemorybench:fact-mh-262k:context-0/factconsolidation_mh_262k_no41,7,2,1.0,[],0,0.0,[],[1],"[1,2]",1.0,"[1,2]","[1,2]",1.0
Run 2,agentmemorybench:fact-mh-262k:context-0/factconsolidation_mh_262k_no41,8,2,1.0,[],0,0.0,[],[1],"[1,2]",1.0,"[1,2]","[1,2]",1.0
Run 2,agentmemorybench:fact-mh-262k:context-0/factconsolidation_mh_262k_no41,9,2,1.0,[],0,0.0,[],[1],"[1,2]",1.0,"[1,2]","[1,2]",1.0
Run 2,agentmemorybench:fact-mh-262k:context-0/factconsolidation_mh_262k_no41,10,2,1.0,[],0,0.0,[],[1],"[1,2]",1.0,"[1,2]","[1,2]",1.0
Run 2,agentmemorybench:fact-mh-262k:context-0/factconsolidation_mh_262k_no41,11,2,1.0,[],0,0.0,[],[],"[1,2]",1.0,"[1,2]","[1,2]",1.0
Run 2,agentmemorybench:fact-mh-262k:context-0/factconsolidation_mh_262k_no42,1,4,0.0,[],0,0.0,[],[],[],0.0,[],[],0.0
Run 2,agentmemorybench:fact-mh-262k:context-0/factconsolidation_mh_262k_no42,2,4,0.0,[1],1,0.25,[],[1],[1],0.25,[1],[1],0.25
Run 2,agentmemorybench:fact-mh-262k:context-0/factconsolidation_mh_262k_no42,3,4,0.25,[],0,0.0,[1],[1],[1],0.25,[1],[1],0.25
Run 2,agentmemorybench:fact-mh-262k:context-0/factconsolidation_mh_262k_no42,4,4,0.25,[2],1,0.25,[],[2],"[1,2]",0.5,"[1,2]","[1,2]",0.5
Run 2,agentmemorybench:fact-mh-262k:context-0/factconsolidation_mh_262k_no42,5,4,0.25,"[2,3]",2,0.5,[],"[2,3]","[1,2,3]",0.75,"[1,2,3]","[1,2,3]",0.75
Run 2,agentmemorybench:fact-mh-262k:context-0/factconsolidation_mh_262k_no42,6,4,0.75,[2],1,0.25,"[3,4]","[2,3,4]","[1,2,3,4]",1.0,"[1,2,3]","[1,2,3,4]",1.0
Run 2,agentmemorybench:fact-mh-262k:context-0/factconsolidation_mh_262k_no43,1,2,0.0,[],0,0.0,[],[],[],0.0,[],[],0.0
Run 2,agentmemorybench:fact-mh-262k:context-0/factconsolidation_mh_262k_no43,2,2,0.0,[1],1,0.5,[],[1],[1],0.5,[1],[1],0.5
Run 2,agentmemorybench:fact-mh-262k:context-0/factconsolidation_mh_262k_no43,3,2,0.5,[],0,0.0,[1],[1],[1],0.5,[1],[1],0.5
Run 2,agentmemorybench:fact-mh-262k:context-0/factconsolidation_mh_262k_no43,4,2,0.5,[2],1,0.5,[],[2],"[1,2]",1.0,"[1,2]","[1,2]",1.0
Run 2,agentmemorybench:fact-mh-262k:context-0/factconsolidation_mh_262k_no43,5,2,1.0,[],0,0.0,[2],[2],"[1,2]",1.0,"[1,2]","[1,2]",1.0
Run 2,agentmemorybench:fact-mh-262k:context-0/factconsolidation_mh_262k_no44,1,2,0.0,[],0,0.0,[],[],[],0.0,[],[],0.0
Run 2,agentmemorybench:fact-mh-262k:context-0/factconsolidation_mh_262k_no44,2,2,0.0,[1],1,0.5,[],[1],[1],0.5,[1],[1],0.5
Run 2,agentmemorybench:fact-mh-262k:context-0/factconsolidation_mh_262k_no44,3,2,0.0,[2],1,0.5,[],[2],[2],0.5,"[1,2]","[1,2]",1.0
Run 2,agentmemorybench:fact-mh-262k:context-0/factconsolidation_mh_262k_no44,4,2,0.5,[],0,0.0,[2],[2],[2],0.5,"[1,2]","[1,2]",1.0
Run 2,agentmemorybench:fact-mh-262k:context-0/factconsolidation_mh_262k_no44,5,2,0.5,[1],1,0.5,[],[1],"[1,2]",1.0,"[1,2]","[1,2]",1.0
Run 2,agentmemorybench:fact-mh-262k:context-0/factconsolidation_mh_262k_no44,6,2,0.5,[],0,0.0,[],[],[2],0.5,"[1,2]","[1,2]",1.0
Run 2,agentmemorybench:fact-mh-262k:context-0/factconsolidation_mh_262k_no44,7,2,1.0,[],0,0.0,[1],[1],"[1,2]",1.0,"[1,2]","[1,2]",1.0
Run 2,agentmemorybench:fact-mh-262k:context-0/factconsolidation_mh_262k_no45,1,2,0.0,[],0,0.0,[],[],[],0.0,[],[],0.0
Run 2,agentmemorybench:fact-mh-262k:context-0/factconsolidation_mh_262k_no45,2,2,0.0,[1],1,0.5,[],[1],[1],0.5,[1],[1],0.5
Run 2,agentmemorybench:fact-mh-262k:context-0/factconsolidation_mh_262k_no45,3,2,0.5,[],0,0.0,[1],[1],[1],0.5,[1],[1],0.5
Run 2,agentmemorybench:fact-mh-262k:context-0/factconsolidation_mh_262k_no45,4,2,0.5,[2],1,0.5,[],[2],"[1,2]",1.0,"[1,2]","[1,2]",1.0
Run 2,agentmemorybench:fact-mh-262k:context-0/factconsolidation_mh_262k_no45,5,2,1.0,[],0,0.0,[2],[2],"[1,2]",1.0,"[1,2]","[1,2]",1.0
Run 2,agentmemorybench:fact-mh-262k:context-0/factconsolidation_mh_262k_no46,1,2,0.0,[],0,0.0,[],[],[],0.0,[],[],0.0
Run 2,agentmemorybench:fact-mh-262k:context-0/factconsolidation_mh_262k_no46,2,2,0.0,[],0,0.0,[],[],[],0.0,[],[],0.0
Run 2,agentmemorybench:fact-mh-262k:context-0/factconsolidation_mh_262k_no46,3,2,0.0,[],0,0.0,[],[],[],0.0,[],[],0.0
Run 2,agentmemorybench:fact-mh-262k:context-0/factconsolidation_mh_262k_no46,4,2,0.0,[],0,0.0,[],[],[],0.0,[],[],0.0
Run 2,agentmemorybench:fact-mh-262k:context-0/factconsolidation_mh_262k_no47,1,4,0.0,[],0,0.0,[],[],[],0.0,[],[],0.0
Run 2,agentmemorybench:fact-mh-262k:context-0/factconsolidation_mh_262k_no47,2,4,0.0,[],0,0.0,[],[],[],0.0,[],[],0.0
Run 2,agentmemorybench:fact-mh-262k:context-0/factconsolidation_mh_262k_no47,3,4,0.25,[],0,0.0,[1],[1],[1],0.25,[],[1],0.25
Run 2,agentmemorybench:fact-mh-262k:context-0/factconsolidation_mh_262k_no47,4,4,0.25,[],0,0.0,[],[],[1],0.25,[],[1],0.25
Run 2,agentmemorybench:fact-mh-262k:context-0/factconsolidation_mh_262k_no47,5,4,0.25,[],0,0.0,[],[],[1],0.25,[],[1],0.25
Run 2,agentmemorybench:fact-mh-262k:context-0/factconsolidation_mh_262k_no47,6,4,0.25,[],0,0.0,[],[],[1],0.25,[],[1],0.25
Run 2,agentmemorybench:fact-mh-262k:context-0/factconsolidation_mh_262k_no47,7,4,0.25,[],0,0.0,[],[],[1],0.25,[],[1],0.25
Run 2,agentmemorybench:fact-mh-262k:context-0/factconsolidation_mh_262k_no47,8,4,0.25,[],0,0.0,[],[],[1],0.25,[],[1],0.25
Run 2,agentmemorybench:fact-mh-262k:context-0/factconsolidation_mh_262k_no47,9,4,0.25,[],0,0.0,[],[],[1],0.25,[],[1],0.25
Run 2,agentmemorybench:fact-mh-262k:context-0/factconsolidation_mh_262k_no47,10,4,0.25,[],0,0.0,[],[],[1],0.25,[],[1],0.25
Run 2,agentmemorybench:fact-mh-262k:context-0/factconsolidation_mh_262k_no48,1,4,0.0,[],0,0.0,[],[],[],0.0,[],[],0.0
Run 2,agentmemorybench:fact-mh-262k:context-0/factconsolidation_mh_262k_no48,2,4,0.0,[],0,0.0,[],[],[],0.0,[],[],0.0
Run 2,agentmemorybench:fact-mh-262k:context-0/factconsolidation_mh_262k_no48,3,4,0.0,[1],1,0.25,[],[1],[1],0.25,[1],[1],0.25
Run 2,agentmemorybench:fact-mh-262k:context-0/factconsolidation_mh_262k_no48,4,4,0.5,[],0,0.0,"[1,4]","[1,4]","[1,4]",0.5,[1],"[1,4]",0.5
Run 2,agentmemorybench:fact-mh-262k:context-0/factconsolidation_mh_262k_no48,5,4,0.5,[2],1,0.25,[],[2],"[1,2,4]",0.75,"[1,2]","[1,2,4]",0.75
Run 2,agentmemorybench:fact-mh-262k:context-0/factconsolidation_mh_262k_no48,6,4,0.5,"[2,3]",2,0.5,[],"[2,3]","[1,2,3,4]",1.0,"[1,2,3]","[1,2,3,4]",1.0
Run 2,agentmemorybench:fact-mh-262k:context-0/factconsolidation_mh_262k_no48,7,4,0.5,[],0,0.0,[],[],"[1,4]",0.5,"[1,2,3]","[1,2,3,4]",1.0
Run 2,agentmemorybench:fact-mh-262k:context-0/factconsolidation_mh_262k_no48,8,4,1.0,[],0,0.0,"[2,3]","[2,3]","[1,2,3,4]",1.0,"[1,2,3]","[1,2,3,4]",1.0
Run 2,agentmemorybench:fact-mh-262k:context-0/factconsolidation_mh_262k_no49,1,2,0.0,[],0,0.0,[],[],[],0.0,[],[],0.0
Run 2,agentmemorybench:fact-mh-262k:context-0/factconsolidation_mh_262k_no49,2,2,0.0,[1],1,0.5,[],[1],[1],0.5,[1],[1],0.5
Run 2,agentmemorybench:fact-mh-262k:context-0/factconsolidation_mh_262k_no49,3,2,0.0,"[1,2]",2,1.0,[],"[1,2]","[1,2]",1.0,"[1,2]","[1,2]",1.0
Run 2,agentmemorybench:fact-mh-262k:context-0/factconsolidation_mh_262k_no49,4,2,1.0,[],0,0.0,"[1,2]","[1,2]","[1,2]",1.0,"[1,2]","[1,2]",1.0
Run 2,agentmemorybench:fact-mh-262k:context-0/factconsolidation_mh_262k_no5,1,4,0.0,[],0,0.0,[],[],[],0.0,[],[],0.0
Run 2,agentmemorybench:fact-mh-262k:context-0/factconsolidation_mh_262k_no5,2,4,0.0,[1],1,0.25,[],[1],[1],0.25,[1],[1],0.25
Run 2,agentmemorybench:fact-mh-262k:context-0/factconsolidation_mh_262k_no5,3,4,0.25,[],0,0.0,[1],[1],[1],0.25,[1],[1],0.25
Run 2,agentmemorybench:fact-mh-262k:context-0/factconsolidation_mh_262k_no5,4,4,0.25,[2],1,0.25,[],[2],"[1,2]",0.5,"[1,2]","[1,2]",0.5
Run 2,agentmemorybench:fact-mh-262k:context-0/factconsolidation_mh_262k_no5,5,4,1.0,[],0,0.0,"[2,3,4]","[2,3,4]","[1,2,3,4]",1.0,"[1,2]","[1,2,3,4]",1.0
Run 2,agentmemorybench:fact-mh-262k:context-0/factconsolidation_mh_262k_no50,1,2,0.0,[],0,0.0,[],[],[],0.0,[],[],0.0
Run 2,agentmemorybench:fact-mh-262k:context-0/factconsolidation_mh_262k_no50,2,2,0.0,[1],1,0.5,[],[1],[1],0.5,[1],[1],0.5
Run 2,agentmemorybench:fact-mh-262k:context-0/factconsolidation_mh_262k_no50,3,2,0.0,[1],1,0.5,[],[1],[1],0.5,[1],[1],0.5
Run 2,agentmemorybench:fact-mh-262k:context-0/factconsolidation_mh_262k_no50,4,2,0.5,[],0,0.0,[1],[1],[1],0.5,[1],[1],0.5
Run 2,agentmemorybench:fact-mh-262k:context-0/factconsolidation_mh_262k_no51,1,2,0.0,[],0,0.0,[],[],[],0.0,[],[],0.0
Run 2,agentmemorybench:fact-mh-262k:context-0/factconsolidation_mh_262k_no51,2,2,0.0,[],0,0.0,[],[],[],0.0,[],[],0.0
Run 2,agentmemorybench:fact-mh-262k:context-0/factconsolidation_mh_262k_no51,3,2,0.0,[],0,0.0,[],[],[],0.0,[],[],0.0
Run 2,agentmemorybench:fact-mh-262k:context-0/factconsolidation_mh_262k_no51,4,2,0.5,[],0,0.0,[1],[1],[1],0.5,[],[1],0.5
Run 2,agentmemorybench:fact-mh-262k:context-0/factconsolidation_mh_262k_no51,5,2,0.5,[2],1,0.5,[],[2],"[1,2]",1.0,[2],"[1,2]",1.0
Run 2,agentmemorybench:fact-mh-262k:context-0/factconsolidation_mh_262k_no51,6,2,1.0,[],0,0.0,[2],[2],"[1,2]",1.0,[2],"[1,2]",1.0
Run 2,agentmemorybench:fact-mh-262k:context-0/factconsolidation_mh_262k_no52,1,4,0.0,[],0,0.0,[],[],[],0.0,[],[],0.0
Run 2,agentmemorybench:fact-mh-262k:context-0/factconsolidation_mh_262k_no52,2,4,0.0,[1],1,0.25,[],[1],[1],0.25,[1],[1],0.25
Run 2,agentmemorybench:fact-mh-262k:context-0/factconsolidation_mh_262k_no52,3,4,0.0,"[1,2]",2,0.5,[],"[1,2]","[1,2]",0.5,"[1,2]","[1,2]",0.5
Run 2,agentmemorybench:fact-mh-262k:context-0/factconsolidation_mh_262k_no52,4,4,0.0,"[2,3]",2,0.5,[],"[2,3]","[2,3]",0.5,"[1,2,3]","[1,2,3]",0.75
Run 2,agentmemorybench:fact-mh-262k:context-0/factconsolidation_mh_262k_no52,5,4,0.75,[],0,0.0,"[1,2,3]","[1,2,3]","[1,2,3]",0.75,"[1,2,3]","[1,2,3]",0.75
Run 2,agentmemorybench:fact-mh-262k:context-0/factconsolidation_mh_262k_no52,6,4,0.75,[4],1,0.25,[],[4],"[1,2,3,4]",1.0,"[1,2,3,4]","[1,2,3,4]",1.0
Run 2,agentmemorybench:fact-mh-262k:context-0/factconsolidation_mh_262k_no52,7,4,1.0,[],0,0.0,[4],[4],"[1,2,3,4]",1.0,"[1,2,3,4]","[1,2,3,4]",1.0
Run 2,agentmemorybench:fact-mh-262k:context-0/factconsolidation_mh_262k_no53,1,3,0.0,[],0,0.0,[],[],[],0.0,[],[],0.0
Run 2,agentmemorybench:fact-mh-262k:context-0/factconsolidation_mh_262k_no53,2,3,0.0,[1],1,0.3333333333333333,[],[1],[1],0.3333333333333333,[1],[1],0.3333333333333333
Run 2,agentmemorybench:fact-mh-262k:context-0/factconsolidation_mh_262k_no53,3,3,0.0,[],0,0.0,[],[],[],0.0,[1],[1],0.3333333333333333
Run 2,agentmemorybench:fact-mh-262k:context-0/factconsolidation_mh_262k_no53,4,3,0.3333333333333333,[],0,0.0,[2],[2],[2],0.3333333333333333,[1],"[1,2]",0.6666666666666666
Run 2,agentmemorybench:fact-mh-262k:context-0/factconsolidation_mh_262k_no53,5,3,0.3333333333333333,[],0,0.0,[],[],[2],0.3333333333333333,[1],"[1,2]",0.6666666666666666
Run 2,agentmemorybench:fact-mh-262k:context-0/factconsolidation_mh_262k_no53,6,3,0.3333333333333333,[],0,0.0,[],[],[2],0.3333333333333333,[1],"[1,2]",0.6666666666666666
Run 2,agentmemorybench:fact-mh-262k:context-0/factconsolidation_mh_262k_no54,1,3,0.0,[],0,0.0,[],[],[],0.0,[],[],0.0
Run 2,agentmemorybench:fact-mh-262k:context-0/factconsolidation_mh_262k_no54,2,3,0.0,[1],1,0.3333333333333333,[],[1],[1],0.3333333333333333,[1],[1],0.3333333333333333
Run 2,agentmemorybench:fact-mh-262k:context-0/factconsolidation_mh_262k_no54,3,3,0.0,[],0,0.0,[],[],[],0.0,[1],[1],0.3333333333333333
Run 2,agentmemorybench:fact-mh-262k:context-0/factconsolidation_mh_262k_no54,4,3,0.6666666666666666,[],0,0.0,"[1,2]","[1,2]","[1,2]",0.6666666666666666,[1],"[1,2]",0.6666666666666666
Run 2,agentmemorybench:fact-mh-262k:context-0/factconsolidation_mh_262k_no54,5,3,0.6666666666666666,[3],1,0.3333333333333333,[],[3],"[1,2,3]",1.0,"[1,3]","[1,2,3]",1.0
Run 2,agentmemorybench:fact-mh-262k:context-0/factconsolidation_mh_262k_no54,6,3,1.0,[],0,0.0,"[1,3]","[1,3]","[1,2,3]",1.0,"[1,3]","[1,2,3]",1.0
Run 2,agentmemorybench:fact-mh-262k:context-0/factconsolidation_mh_262k_no55,1,4,0.0,[],0,0.0,[],[],[],0.0,[],[],0.0
Run 2,agentmemorybench:fact-mh-262k:context-0/factconsolidation_mh_262k_no55,2,4,0.0,[1],1,0.25,[],[1],[1],0.25,[1],[1],0.25
Run 2,agentmemorybench:fact-mh-262k:context-0/factconsolidation_mh_262k_no55,3,4,0.25,[],0,0.0,[1],[1],[1],0.25,[1],[1],0.25
Run 2,agentmemorybench:fact-mh-262k:context-0/factconsolidation_mh_262k_no55,4,4,0.25,[2],1,0.25,[],[2],"[1,2]",0.5,"[1,2]","[1,2]",0.5
Run 2,agentmemorybench:fact-mh-262k:context-0/factconsolidation_mh_262k_no55,5,4,0.75,[],0,0.0,"[2,3]","[2,3]","[1,2,3]",0.75,"[1,2]","[1,2,3]",0.75
Run 2,agentmemorybench:fact-mh-262k:context-0/factconsolidation_mh_262k_no55,6,4,0.75,[4],1,0.25,[],[4],"[1,2,3,4]",1.0,"[1,2,4]","[1,2,3,4]",1.0
Run 2,agentmemorybench:fact-mh-262k:context-0/factconsolidation_mh_262k_no55,7,4,1.0,[],0,0.0,[4],[4],"[1,2,3,4]",1.0,"[1,2,4]","[1,2,3,4]",1.0
Run 2,agentmemorybench:fact-mh-262k:context-0/factconsolidation_mh_262k_no55,8,4,1.0,[],0,0.0,[],[],"[1,2,3,4]",1.0,"[1,2,4]","[1,2,3,4]",1.0
Run 2,agentmemorybench:fact-mh-262k:context-0/factconsolidation_mh_262k_no56,1,2,0.0,[],0,0.0,[],[],[],0.0,[],[],0.0
Run 2,agentmemorybench:fact-mh-262k:context-0/factconsolidation_mh_262k_no56,2,2,0.0,"[1,2]",2,1.0,[],"[1,2]","[1,2]",1.0,"[1,2]","[1,2]",1.0
Run 2,agentmemorybench:fact-mh-262k:context-0/factconsolidation_mh_262k_no56,3,2,1.0,[],0,0.0,"[1,2]","[1,2]","[1,2]",1.0,"[1,2]","[1,2]",1.0
Run 2,agentmemorybench:fact-mh-262k:context-0/factconsolidation_mh_262k_no57,1,3,0.0,[],0,0.0,[],[],[],0.0,[],[],0.0
Run 2,agentmemorybench:fact-mh-262k:context-0/factconsolidation_mh_262k_no57,2,3,0.0,[1],1,0.3333333333333333,[],[1],[1],0.3333333333333333,[1],[1],0.3333333333333333
Run 2,agentmemorybench:fact-mh-262k:context-0/factconsolidation_mh_262k_no57,3,3,0.0,[2],1,0.3333333333333333,[],[2],[2],0.3333333333333333,"[1,2]","[1,2]",0.6666666666666666
Run 2,agentmemorybench:fact-mh-262k:context-0/factconsolidation_mh_262k_no57,4,3,0.0,"[2,3]",2,0.6666666666666666,[],"[2,3]","[2,3]",0.6666666666666666,"[1,2,3]","[1,2,3]",1.0
Run 2,agentmemorybench:fact-mh-262k:context-0/factconsolidation_mh_262k_no57,5,3,0.6666666666666666,[],0,0.0,"[2,3]","[2,3]","[2,3]",0.6666666666666666,"[1,2,3]","[1,2,3]",1.0
Run 2,agentmemorybench:fact-mh-262k:context-0/factconsolidation_mh_262k_no57,6,3,0.6666666666666666,[1],1,0.3333333333333333,[],[1],"[1,2,3]",1.0,"[1,2,3]","[1,2,3]",1.0
Run 2,agentmemorybench:fact-mh-262k:context-0/factconsolidation_mh_262k_no57,7,3,0.6666666666666666,[],0,0.0,[],[],"[2,3]",0.6666666666666666,"[1,2,3]","[1,2,3]",1.0
Run 2,agentmemorybench:fact-mh-262k:context-0/factconsolidation_mh_262k_no57,8,3,0.6666666666666666,[],0,0.0,[],[],"[2,3]",0.6666666666666666,"[1,2,3]","[1,2,3]",1.0
Run 2,agentmemorybench:fact-mh-262k:context-0/factconsolidation_mh_262k_no57,9,3,0.6666666666666666,[1],1,0.3333333333333333,[],[1],"[1,2,3]",1.0,"[1,2,3]","[1,2,3]",1.0
Run 2,agentmemorybench:fact-mh-262k:context-0/factconsolidation_mh_262k_no57,10,3,0.6666666666666666,[],0,0.0,[],[],"[2,3]",0.6666666666666666,"[1,2,3]","[1,2,3]",1.0
Run 2,agentmemorybench:fact-mh-262k:context-0/factconsolidation_mh_262k_no57,11,3,1.0,[],0,0.0,[1],[1],"[1,2,3]",1.0,"[1,2,3]","[1,2,3]",1.0
Run 2,agentmemorybench:fact-mh-262k:context-0/factconsolidation_mh_262k_no57,12,3,1.0,[],0,0.0,[],[],"[1,2,3]",1.0,"[1,2,3]","[1,2,3]",1.0
Run 2,agentmemorybench:fact-mh-262k:context-0/factconsolidation_mh_262k_no57,13,3,1.0,[],0,0.0,[],[],"[1,2,3]",1.0,"[1,2,3]","[1,2,3]",1.0
Run 2,agentmemorybench:fact-mh-262k:context-0/factconsolidation_mh_262k_no57,14,3,1.0,[],0,0.0,[],[],"[1,2,3]",1.0,"[1,2,3]","[1,2,3]",1.0
Run 2,agentmemorybench:fact-mh-262k:context-0/factconsolidation_mh_262k_no58,1,2,0.0,[],0,0.0,[],[],[],0.0,[],[],0.0
Run 2,agentmemorybench:fact-mh-262k:context-0/factconsolidation_mh_262k_no58,2,2,0.0,[1],1,0.5,[],[1],[1],0.5,[1],[1],0.5
Run 2,agentmemorybench:fact-mh-262k:context-0/factconsolidation_mh_262k_no58,3,2,0.5,[],0,0.0,[1],[1],[1],0.5,[1],[1],0.5
Run 2,agentmemorybench:fact-mh-262k:context-0/factconsolidation_mh_262k_no59,1,2,0.0,[],0,0.0,[],[],[],0.0,[],[],0.0
Run 2,agentmemorybench:fact-mh-262k:context-0/factconsolidation_mh_262k_no59,2,2,0.0,[1],1,0.5,[],[1],[1],0.5,[1],[1],0.5
Run 2,agentmemorybench:fact-mh-262k:context-0/factconsolidation_mh_262k_no59,3,2,0.5,[],0,0.0,[1],[1],[1],0.5,[1],[1],0.5
Run 2,agentmemorybench:fact-mh-262k:context-0/factconsolidation_mh_262k_no59,4,2,0.5,[],0,0.0,[],[1],[1],0.5,[1],[1],0.5
Run 2,agentmemorybench:fact-mh-262k:context-0/factconsolidation_mh_262k_no59,5,2,0.5,[],0,0.0,[],[],[1],0.5,[1],[1],0.5
Run 2,agentmemorybench:fact-mh-262k:context-0/factconsolidation_mh_262k_no6,1,2,0.0,[],0,0.0,[],[],[],0.0,[],[],0.0
Run 2,agentmemorybench:fact-mh-262k:context-0/factconsolidation_mh_262k_no6,2,2,0.0,"[1,2]",2,1.0,[],"[1,2]","[1,2]",1.0,"[1,2]","[1,2]",1.0
Run 2,agentmemorybench:fact-mh-262k:context-0/factconsolidation_mh_262k_no6,3,2,1.0,[],0,0.0,"[1,2]","[1,2]","[1,2]",1.0,"[1,2]","[1,2]",1.0
Run 2,agentmemorybench:fact-mh-262k:context-0/factconsolidation_mh_262k_no60,1,2,0.0,[],0,0.0,[],[],[],0.0,[],[],0.0
Run 2,agentmemorybench:fact-mh-262k:context-0/factconsolidation_mh_262k_no60,2,2,0.0,[1],1,0.5,[],[1],[1],0.5,[1],[1],0.5
Run 2,agentmemorybench:fact-mh-262k:context-0/factconsolidation_mh_262k_no60,3,2,0.5,[],0,0.0,[1],[1],[1],0.5,[1],[1],0.5
Run 2,agentmemorybench:fact-mh-262k:context-0/factconsolidation_mh_262k_no60,4,2,0.5,[2],1,0.5,[],[2],"[1,2]",1.0,"[1,2]","[1,2]",1.0
Run 2,agentmemorybench:fact-mh-262k:context-0/factconsolidation_mh_262k_no60,5,2,1.0,[],0,0.0,[2],[2],"[1,2]",1.0,"[1,2]","[1,2]",1.0
Run 2,agentmemorybench:fact-mh-262k:context-0/factconsolidation_mh_262k_no61,1,2,0.0,[],0,0.0,[],[],[],0.0,[],[],0.0
Run 2,agentmemorybench:fact-mh-262k:context-0/factconsolidation_mh_262k_no61,2,2,0.0,[1],1,0.5,[],[1],[1],0.5,[1],[1],0.5
Run 2,agentmemorybench:fact-mh-262k:context-0/factconsolidation_mh_262k_no61,3,2,0.0,"[1,2]",2,1.0,[],"[1,2]","[1,2]",1.0,"[1,2]","[1,2]",1.0
Run 2,agentmemorybench:fact-mh-262k:context-0/factconsolidation_mh_262k_no61,4,2,1.0,[],0,0.0,"[1,2]","[1,2]","[1,2]",1.0,"[1,2]","[1,2]",1.0
Run 2,agentmemorybench:fact-mh-262k:context-0/factconsolidation_mh_262k_no62,1,2,0.0,[],0,0.0,[],[],[],0.0,[],[],0.0
Run 2,agentmemorybench:fact-mh-262k:context-0/factconsolidation_mh_262k_no62,2,2,0.0,[1],1,0.5,[],[1],[1],0.5,[1],[1],0.5
Run 2,agentmemorybench:fact-mh-262k:context-0/factconsolidation_mh_262k_no62,3,2,0.5,[],0,0.0,[1],[1],[1],0.5,[1],[1],0.5
Run 2,agentmemorybench:fact-mh-262k:context-0/factconsolidation_mh_262k_no62,4,2,0.5,[2],1,0.5,[],[2],"[1,2]",1.0,"[1,2]","[1,2]",1.0
Run 2,agentmemorybench:fact-mh-262k:context-0/factconsolidation_mh_262k_no62,5,2,1.0,[],0,0.0,[2],[2],"[1,2]",1.0,"[1,2]","[1,2]",1.0
Run 2,agentmemorybench:fact-mh-262k:context-0/factconsolidation_mh_262k_no63,1,4,0.0,[],0,0.0,[],[],[],0.0,[],[],0.0
Run 2,agentmemorybench:fact-mh-262k:context-0/factconsolidation_mh_262k_no63,2,4,0.0,[1],1,0.25,[],[1],[1],0.25,[1],[1],0.25
Run 2,agentmemorybench:fact-mh-262k:context-0/factconsolidation_mh_262k_no63,3,4,0.0,[2],1,0.25,[],[2],[2],0.25,"[1,2]","[1,2]",0.5
Run 2,agentmemorybench:fact-mh-262k:context-0/factconsolidation_mh_262k_no63,4,4,0.25,[],0,0.0,[2],[2],[2],0.25,"[1,2]","[1,2]",0.5
Run 2,agentmemorybench:fact-mh-262k:context-0/factconsolidation_mh_262k_no63,5,4,0.5,[],0,0.0,[1],[1],"[1,2]",0.5,"[1,2]","[1,2]",0.5
Run 2,agentmemorybench:fact-mh-262k:context-0/factconsolidation_mh_262k_no63,6,4,0.5,[3],1,0.25,[],[3],"[1,2,3]",0.75,"[1,2,3]","[1,2,3]",0.75
Run 2,agentmemorybench:fact-mh-262k:context-0/factconsolidation_mh_262k_no63,7,4,0.75,[],0,0.0,[3],[3],"[1,2,3]",0.75,"[1,2,3]","[1,2,3]",0.75
Run 2,agentmemorybench:fact-mh-262k:context-0/factconsolidation_mh_262k_no63,8,4,0.75,[],0,0.0,[],[],"[1,2,3]",0.75,"[1,2,3]","[1,2,3]",0.75
Run 2,agentmemorybench:fact-mh-262k:context-0/factconsolidation_mh_262k_no63,9,4,0.75,[],0,0.0,"[2,3]","[2,3]","[1,2,3]",0.75,"[1,2,3]","[1,2,3]",0.75
Run 2,agentmemorybench:fact-mh-262k:context-0/factconsolidation_mh_262k_no64,1,2,0.0,[],0,0.0,[],[],[],0.0,[],[],0.0
Run 2,agentmemorybench:fact-mh-262k:context-0/factconsolidation_mh_262k_no64,2,2,0.0,[1],1,0.5,[],[1],[1],0.5,[1],[1],0.5
Run 2,agentmemorybench:fact-mh-262k:context-0/factconsolidation_mh_262k_no64,3,2,0.5,[],0,0.0,[1],[1],[1],0.5,[1],[1],0.5
Run 2,agentmemorybench:fact-mh-262k:context-0/factconsolidation_mh_262k_no65,1,2,0.0,[],0,0.0,[],[],[],0.0,[],[],0.0
Run 2,agentmemorybench:fact-mh-262k:context-0/factconsolidation_mh_262k_no65,2,2,0.0,[1],1,0.5,[],[1],[1],0.5,[1],[1],0.5
Run 2,agentmemorybench:fact-mh-262k:context-0/factconsolidation_mh_262k_no65,3,2,0.5,[],0,0.0,[1],[1],[1],0.5,[1],[1],0.5
Run 2,agentmemorybench:fact-mh-262k:context-0/factconsolidation_mh_262k_no66,1,2,0.0,[],0,0.0,[],[],[],0.0,[],[],0.0
Run 2,agentmemorybench:fact-mh-262k:context-0/factconsolidation_mh_262k_no66,2,2,0.0,[1],1,0.5,[],[1],[1],0.5,[1],[1],0.5
Run 2,agentmemorybench:fact-mh-262k:context-0/factconsolidation_mh_262k_no66,3,2,0.5,[],0,0.0,[1],[1],[1],0.5,[1],[1],0.5
Run 2,agentmemorybench:fact-mh-262k:context-0/factconsolidation_mh_262k_no66,4,2,0.5,[2],1,0.5,[],[2],"[1,2]",1.0,"[1,2]","[1,2]",1.0
Run 2,agentmemorybench:fact-mh-262k:context-0/factconsolidation_mh_262k_no66,5,2,1.0,[],0,0.0,[2],[2],"[1,2]",1.0,"[1,2]","[1,2]",1.0
Run 2,agentmemorybench:fact-mh-262k:context-0/factconsolidation_mh_262k_no67,1,2,0.0,[],0,0.0,[],[],[],0.0,[],[],0.0
Run 2,agentmemorybench:fact-mh-262k:context-0/factconsolidation_mh_262k_no67,2,2,0.0,[1],1,0.5,[],[1],[1],0.5,[1],[1],0.5
Run 2,agentmemorybench:fact-mh-262k:context-0/factconsolidation_mh_262k_no67,3,2,0.5,[],0,0.0,[1],[1],[1],0.5,[1],[1],0.5
Run 2,agentmemorybench:fact-mh-262k:context-0/factconsolidation_mh_262k_no67,4,2,0.5,[2],1,0.5,[],[2],"[1,2]",1.0,"[1,2]","[1,2]",1.0
Run 2,agentmemorybench:fact-mh-262k:context-0/factconsolidation_mh_262k_no67,5,2,1.0,[],0,0.0,[2],[2],"[1,2]",1.0,"[1,2]","[1,2]",1.0
Run 2,agentmemorybench:fact-mh-262k:context-0/factconsolidation_mh_262k_no68,1,2,0.0,[],0,0.0,[],[],[],0.0,[],[],0.0
Run 2,agentmemorybench:fact-mh-262k:context-0/factconsolidation_mh_262k_no68,2,2,0.0,[1],1,0.5,[],[1],[1],0.5,[1],[1],0.5
Run 2,agentmemorybench:fact-mh-262k:context-0/factconsolidation_mh_262k_no68,3,2,0.5,[],0,0.0,[1],[1],[1],0.5,[1],[1],0.5
Run 2,agentmemorybench:fact-mh-262k:context-0/factconsolidation_mh_262k_no68,4,2,0.5,[2],1,0.5,[],[2],"[1,2]",1.0,"[1,2]","[1,2]",1.0
Run 2,agentmemorybench:fact-mh-262k:context-0/factconsolidation_mh_262k_no68,5,2,1.0,[],0,0.0,[2],[2],"[1,2]",1.0,"[1,2]","[1,2]",1.0
Run 2,agentmemorybench:fact-mh-262k:context-0/factconsolidation_mh_262k_no69,1,4,0.0,[],0,0.0,[],[],[],0.0,[],[],0.0
Run 2,agentmemorybench:fact-mh-262k:context-0/factconsolidation_mh_262k_no69,2,4,0.0,[1],1,0.25,[],[1],[1],0.25,[1],[1],0.25
Run 2,agentmemorybench:fact-mh-262k:context-0/factconsolidation_mh_262k_no69,3,4,0.25,[],0,0.0,[1],[1],[1],0.25,[1],[1],0.25
Run 2,agentmemorybench:fact-mh-262k:context-0/factconsolidation_mh_262k_no69,4,4,0.25,[2],1,0.25,[],[2],"[1,2]",0.5,"[1,2]","[1,2]",0.5
Run 2,agentmemorybench:fact-mh-262k:context-0/factconsolidation_mh_262k_no69,5,4,0.5,[],0,0.0,[2],[2],"[1,2]",0.5,"[1,2]","[1,2]",0.5
Run 2,agentmemorybench:fact-mh-262k:context-0/factconsolidation_mh_262k_no69,6,4,0.5,[3],1,0.25,[],[3],"[1,2,3]",0.75,"[1,2,3]","[1,2,3]",0.75
Run 2,agentmemorybench:fact-mh-262k:context-0/factconsolidation_mh_262k_no69,7,4,0.75,[],0,0.0,[3],[3],"[1,2,3]",0.75,"[1,2,3]","[1,2,3]",0.75
Run 2,agentmemorybench:fact-mh-262k:context-0/factconsolidation_mh_262k_no69,8,4,0.75,[4],1,0.25,[],[4],"[1,2,3,4]",1.0,"[1,2,3,4]","[1,2,3,4]",1.0
Run 2,agentmemorybench:fact-mh-262k:context-0/factconsolidation_mh_262k_no69,9,4,1.0,[],0,0.0,[4],[4],"[1,2,3,4]",1.0,"[1,2,3,4]","[1,2,3,4]",1.0
Run 2,agentmemorybench:fact-mh-262k:context-0/factconsolidation_mh_262k_no69,10,4,1.0,[],0,0.0,[],[],"[1,2,3,4]",1.0,"[1,2,3,4]","[1,2,3,4]",1.0
Run 2,agentmemorybench:fact-mh-262k:context-0/factconsolidation_mh_262k_no69,11,4,1.0,[],0,0.0,[],[],"[1,2,3,4]",1.0,"[1,2,3,4]","[1,2,3,4]",1.0
Run 2,agentmemorybench:fact-mh-262k:context-0/factconsolidation_mh_262k_no7,1,4,0.0,[],0,0.0,[],[],[],0.0,[],[],0.0
Run 2,agentmemorybench:fact-mh-262k:context-0/factconsolidation_mh_262k_no7,2,4,0.0,[],0,0.0,[],[],[],0.0,[],[],0.0
Run 2,agentmemorybench:fact-mh-262k:context-0/factconsolidation_mh_262k_no7,3,4,0.0,[1],1,0.25,[],[1],[1],0.25,[1],[1],0.25
Run 2,agentmemorybench:fact-mh-262k:context-0/factconsolidation_mh_262k_no7,4,4,0.5,[],0,0.0,"[1,2]","[1,2]","[1,2]",0.5,[1],"[1,2]",0.5
Run 2,agentmemorybench:fact-mh-262k:context-0/factconsolidation_mh_262k_no7,5,4,0.5,[],0,0.0,[],[],"[1,2]",0.5,[1],"[1,2]",0.5
Run 2,agentmemorybench:fact-mh-262k:context-0/factconsolidation_mh_262k_no7,6,4,0.5,[],0,0.0,[],"[1,2]","[1,2]",0.5,[1],"[1,2]",0.5
Run 2,agentmemorybench:fact-mh-262k:context-0/factconsolidation_mh_262k_no7,7,4,0.5,[],0,0.0,[],"[1,2]","[1,2]",0.5,[1],"[1,2]",0.5
Run 2,agentmemorybench:fact-mh-262k:context-0/factconsolidation_mh_262k_no7,8,4,0.5,[],0,0.0,[],"[1,2]","[1,2]",0.5,[1],"[1,2]",0.5
Run 2,agentmemorybench:fact-mh-262k:context-0/factconsolidation_mh_262k_no7,9,4,0.5,[],0,0.0,[],[],"[1,2]",0.5,[1],"[1,2]",0.5
Run 2,agentmemorybench:fact-mh-262k:context-0/factconsolidation_mh_262k_no7,10,4,0.5,[],0,0.0,[],[],"[1,2]",0.5,[1],"[1,2]",0.5
Run 2,agentmemorybench:fact-mh-262k:context-0/factconsolidation_mh_262k_no7,11,4,0.75,[],0,0.0,[3],[3],"[1,2,3]",0.75,[1],"[1,2,3]",0.75
Run 2,agentmemorybench:fact-mh-262k:context-0/factconsolidation_mh_262k_no7,12,4,0.75,[],0,0.0,[],[],"[1,2,3]",0.75,[1],"[1,2,3]",0.75
Run 2,agentmemorybench:fact-mh-262k:context-0/factconsolidation_mh_262k_no7,13,4,0.75,[],0,0.0,[],[],"[1,2,3]",0.75,[1],"[1,2,3]",0.75
Run 2,agentmemorybench:fact-mh-262k:context-0/factconsolidation_mh_262k_no7,14,4,0.75,[],0,0.0,[],[],"[1,2,3]",0.75,[1],"[1,2,3]",0.75
Run 2,agentmemorybench:fact-mh-262k:context-0/factconsolidation_mh_262k_no7,15,4,0.75,[],0,0.0,[],[],"[1,2,3]",0.75,[1],"[1,2,3]",0.75
Run 2,agentmemorybench:fact-mh-262k:context-0/factconsolidation_mh_262k_no7,16,4,0.75,[],0,0.0,[],[],"[1,2,3]",0.75,[1],"[1,2,3]",0.75
Run 2,agentmemorybench:fact-mh-262k:context-0/factconsolidation_mh_262k_no7,17,4,0.75,[],0,0.0,[],[],"[1,2,3]",0.75,[1],"[1,2,3]",0.75
Run 2,agentmemorybench:fact-mh-262k:context-0/factconsolidation_mh_262k_no7,18,4,0.75,[],0,0.0,[3],[3],"[1,2,3]",0.75,[1],"[1,2,3]",0.75
Run 2,agentmemorybench:fact-mh-262k:context-0/factconsolidation_mh_262k_no7,19,4,0.75,[],0,0.0,[],[],"[1,2,3]",0.75,[1],"[1,2,3]",0.75
Run 2,agentmemorybench:fact-mh-262k:context-0/factconsolidation_mh_262k_no7,20,4,0.75,[],0,0.0,[],[],"[1,2,3]",0.75,[1],"[1,2,3]",0.75
Run 2,agentmemorybench:fact-mh-262k:context-0/factconsolidation_mh_262k_no7,21,4,0.75,[],0,0.0,[],[],"[1,2,3]",0.75,[1],"[1,2,3]",0.75
Run 2,agentmemorybench:fact-mh-262k:context-0/factconsolidation_mh_262k_no7,22,4,0.75,[],0,0.0,[],[],"[1,2,3]",0.75,[1],"[1,2,3]",0.75
Run 2,agentmemorybench:fact-mh-262k:context-0/factconsolidation_mh_262k_no70,1,3,0.0,[],0,0.0,[],[],[],0.0,[],[],0.0
Run 2,agentmemorybench:fact-mh-262k:context-0/factconsolidation_mh_262k_no70,2,3,0.0,[1],1,0.3333333333333333,[],[1],[1],0.3333333333333333,[1],[1],0.3333333333333333
Run 2,agentmemorybench:fact-mh-262k:context-0/factconsolidation_mh_262k_no70,3,3,0.0,"[1,2]",2,0.6666666666666666,[],"[1,2]","[1,2]",0.6666666666666666,"[1,2]","[1,2]",0.6666666666666666
Run 2,agentmemorybench:fact-mh-262k:context-0/factconsolidation_mh_262k_no70,4,3,0.0,"[2,3]",2,0.6666666666666666,[],"[2,3]","[2,3]",0.6666666666666666,"[1,2,3]","[1,2,3]",1.0
Run 2,agentmemorybench:fact-mh-262k:context-0/factconsolidation_mh_262k_no70,5,3,1.0,[],0,0.0,"[1,2,3]","[1,2,3]","[1,2,3]",1.0,"[1,2,3]","[1,2,3]",1.0
Run 2,agentmemorybench:fact-mh-262k:context-0/factconsolidation_mh_262k_no71,1,2,0.0,[],0,0.0,[],[],[],0.0,[],[],0.0
Run 2,agentmemorybench:fact-mh-262k:context-0/factconsolidation_mh_262k_no71,2,2,0.0,"[1,2]",2,1.0,[],"[1,2]","[1,2]",1.0,"[1,2]","[1,2]",1.0
Run 2,agentmemorybench:fact-mh-262k:context-0/factconsolidation_mh_262k_no71,3,2,1.0,[],0,0.0,"[1,2]","[1,2]","[1,2]",1.0,"[1,2]","[1,2]",1.0
Run 2,agentmemorybench:fact-mh-262k:context-0/factconsolidation_mh_262k_no72,1,4,0.0,[],0,0.0,[],[],[],0.0,[],[],0.0
Run 2,agentmemorybench:fact-mh-262k:context-0/factconsolidation_mh_262k_no72,2,4,0.0,"[1,2]",2,0.5,[],"[1,2]","[1,2]",0.5,"[1,2]","[1,2]",0.5
Run 2,agentmemorybench:fact-mh-262k:context-0/factconsolidation_mh_262k_no72,3,4,0.25,[1],1,0.25,[2],"[1,2]","[1,2]",0.5,"[1,2]","[1,2]",0.5
Run 2,agentmemorybench:fact-mh-262k:context-0/factconsolidation_mh_262k_no72,4,4,0.25,[],0,0.0,[],[],[2],0.25,"[1,2]","[1,2]",0.5
Run 2,agentmemorybench:fact-mh-262k:context-0/factconsolidation_mh_262k_no72,5,4,0.25,[],0,0.0,[],[],[2],0.25,"[1,2]","[1,2]",0.5
Run 2,agentmemorybench:fact-mh-262k:context-0/factconsolidation_mh_262k_no72,6,4,0.25,[],0,0.0,[],[],[2],0.25,"[1,2]","[1,2]",0.5
Run 2,agentmemorybench:fact-mh-262k:context-0/factconsolidation_mh_262k_no72,7,4,0.25,[],0,0.0,[],[],[2],0.25,"[1,2]","[1,2]",0.5
Run 2,agentmemorybench:fact-mh-262k:context-0/factconsolidation_mh_262k_no72,8,4,0.25,[],0,0.0,[],[],[2],0.25,"[1,2]","[1,2]",0.5
Run 2,agentmemorybench:fact-mh-262k:context-0/factconsolidation_mh_262k_no72,9,4,0.25,[],0,0.0,[],[],[2],0.25,"[1,2]","[1,2]",0.5
Run 2,agentmemorybench:fact-mh-262k:context-0/factconsolidation_mh_262k_no72,10,4,0.25,[],0,0.0,[],[],[2],0.25,"[1,2]","[1,2]",0.5
Run 2,agentmemorybench:fact-mh-262k:context-0/factconsolidation_mh_262k_no73,1,2,0.0,[],0,0.0,[],[],[],0.0,[],[],0.0
Run 2,agentmemorybench:fact-mh-262k:context-0/factconsolidation_mh_262k_no73,2,2,0.0,[1],1,0.5,[],[1],[1],0.5,[1],[1],0.5
Run 2,agentmemorybench:fact-mh-262k:context-0/factconsolidation_mh_262k_no73,3,2,0.5,[],0,0.0,[1],[1],[1],0.5,[1],[1],0.5
Run 2,agentmemorybench:fact-mh-262k:context-0/factconsolidation_mh_262k_no73,4,2,0.5,[2],1,0.5,[],"[1,2]","[1,2]",1.0,"[1,2]","[1,2]",1.0
Run 2,agentmemorybench:fact-mh-262k:context-0/factconsolidation_mh_262k_no73,5,2,1.0,[],0,0.0,[2],"[1,2]","[1,2]",1.0,"[1,2]","[1,2]",1.0
Run 2,agentmemorybench:fact-mh-262k:context-0/factconsolidation_mh_262k_no74,1,2,0.0,[],0,0.0,[],[],[],0.0,[],[],0.0
Run 2,agentmemorybench:fact-mh-262k:context-0/factconsolidation_mh_262k_no74,2,2,0.0,[1],1,0.5,[],[1],[1],0.5,[1],[1],0.5
Run 2,agentmemorybench:fact-mh-262k:context-0/factconsolidation_mh_262k_no74,3,2,0.5,[],0,0.0,[1],[1],[1],0.5,[1],[1],0.5
Run 2,agentmemorybench:fact-mh-262k:context-0/factconsolidation_mh_262k_no74,4,2,0.5,[],0,0.0,[],[],[1],0.5,[1],[1],0.5
Run 2,agentmemorybench:fact-mh-262k:context-0/factconsolidation_mh_262k_no74,5,2,0.5,[],0,0.0,[],[],[1],0.5,[1],[1],0.5
Run 2,agentmemorybench:fact-mh-262k:context-0/factconsolidation_mh_262k_no75,1,4,0.0,[],0,0.0,[],[],[],0.0,[],[],0.0
Run 2,agentmemorybench:fact-mh-262k:context-0/factconsolidation_mh_262k_no75,2,4,0.0,[2],1,0.25,[],[2],[2],0.25,[2],[2],0.25
Run 2,agentmemorybench:fact-mh-262k:context-0/factconsolidation_mh_262k_no75,3,4,0.0,[1],1,0.25,[],[1],[1],0.25,"[1,2]","[1,2]",0.5
Run 2,agentmemorybench:fact-mh-262k:context-0/factconsolidation_mh_262k_no75,4,4,0.75,[],0,0.0,"[1,2,3]","[1,2,3]","[1,2,3]",0.75,"[1,2]","[1,2,3]",0.75
Run 2,agentmemorybench:fact-mh-262k:context-0/factconsolidation_mh_262k_no75,5,4,0.75,[4],1,0.25,[],[4],"[1,2,3,4]",1.0,"[1,2,4]","[1,2,3,4]",1.0
Run 2,agentmemorybench:fact-mh-262k:context-0/factconsolidation_mh_262k_no75,6,4,1.0,[],0,0.0,[4],[4],"[1,2,3,4]",1.0,"[1,2,4]","[1,2,3,4]",1.0
Run 2,agentmemorybench:fact-mh-262k:context-0/factconsolidation_mh_262k_no76,1,2,0.0,[],0,0.0,[],[],[],0.0,[],[],0.0
Run 2,agentmemorybench:fact-mh-262k:context-0/factconsolidation_mh_262k_no76,2,2,0.0,[2],1,0.5,[],[2],[2],0.5,[2],[2],0.5
Run 2,agentmemorybench:fact-mh-262k:context-0/factconsolidation_mh_262k_no76,3,2,0.0,[],0,0.0,[],[],[],0.0,[2],[2],0.5
Run 2,agentmemorybench:fact-mh-262k:context-0/factconsolidation_mh_262k_no76,4,2,0.0,[],0,0.0,[],[],[],0.0,[2],[2],0.5
Run 2,agentmemorybench:fact-mh-262k:context-0/factconsolidation_mh_262k_no77,1,4,0.0,[],0,0.0,[],[],[],0.0,[],[],0.0
Run 2,agentmemorybench:fact-mh-262k:context-0/factconsolidation_mh_262k_no77,2,4,0.0,[1],1,0.25,[],[1],[1],0.25,[1],[1],0.25
Run 2,agentmemorybench:fact-mh-262k:context-0/factconsolidation_mh_262k_no77,3,4,0.0,"[1,2,3]",3,0.75,[],"[1,2,3]","[1,2,3]",0.75,"[1,2,3]","[1,2,3]",0.75
Run 2,agentmemorybench:fact-mh-262k:context-0/factconsolidation_mh_262k_no77,4,4,0.0,[],0,0.0,[],[],[],0.0,"[1,2,3]","[1,2,3]",0.75
Run 2,agentmemorybench:fact-mh-262k:context-0/factconsolidation_mh_262k_no77,5,4,0.0,[],0,0.0,[],[],[],0.0,"[1,2,3]","[1,2,3]",0.75
Run 2,agentmemorybench:fact-mh-262k:context-0/factconsolidation_mh_262k_no77,6,4,0.5,[],0,0.0,"[1,2]","[1,2]","[1,2]",0.5,"[1,2,3]","[1,2,3]",0.75
Run 2,agentmemorybench:fact-mh-262k:context-0/factconsolidation_mh_262k_no77,7,4,0.5,[],0,0.0,[],[],"[1,2]",0.5,"[1,2,3]","[1,2,3]",0.75
Run 2,agentmemorybench:fact-mh-262k:context-0/factconsolidation_mh_262k_no77,8,4,0.5,[],0,0.0,[],[],"[1,2]",0.5,"[1,2,3]","[1,2,3]",0.75
Run 2,agentmemorybench:fact-mh-262k:context-0/factconsolidation_mh_262k_no77,9,4,0.5,[],0,0.0,[],[],"[1,2]",0.5,"[1,2,3]","[1,2,3]",0.75
Run 2,agentmemorybench:fact-mh-262k:context-0/factconsolidation_mh_262k_no78,1,2,0.0,[],0,0.0,[],[],[],0.0,[],[],0.0
Run 2,agentmemorybench:fact-mh-262k:context-0/factconsolidation_mh_262k_no78,2,2,0.0,[1],1,0.5,[],[1],[1],0.5,[1],[1],0.5
Run 2,agentmemorybench:fact-mh-262k:context-0/factconsolidation_mh_262k_no78,3,2,0.5,[],0,0.0,[1],[1],[1],0.5,[1],[1],0.5
Run 2,agentmemorybench:fact-mh-262k:context-0/factconsolidation_mh_262k_no78,4,2,0.5,[],0,0.0,[],[],[1],0.5,[1],[1],0.5
Run 2,agentmemorybench:fact-mh-262k:context-0/factconsolidation_mh_262k_no78,5,2,0.5,[],0,0.0,[],[],[1],0.5,[1],[1],0.5
Run 2,agentmemorybench:fact-mh-262k:context-0/factconsolidation_mh_262k_no79,1,2,0.0,[],0,0.0,[],[],[],0.0,[],[],0.0
Run 2,agentmemorybench:fact-mh-262k:context-0/factconsolidation_mh_262k_no79,2,2,0.0,[1],1,0.5,[],[1],[1],0.5,[1],[1],0.5
Run 2,agentmemorybench:fact-mh-262k:context-0/factconsolidation_mh_262k_no79,3,2,0.0,[1],1,0.5,[],[1],[1],0.5,[1],[1],0.5
Run 2,agentmemorybench:fact-mh-262k:context-0/factconsolidation_mh_262k_no79,4,2,1.0,[],0,0.0,"[1,2]","[1,2]","[1,2]",1.0,[1],"[1,2]",1.0
Run 2,agentmemorybench:fact-mh-262k:context-0/factconsolidation_mh_262k_no8,1,2,0.0,[],0,0.0,[],[],[],0.0,[],[],0.0
Run 2,agentmemorybench:fact-mh-262k:context-0/factconsolidation_mh_262k_no8,2,2,0.0,[1],1,0.5,[],[1],[1],0.5,[1],[1],0.5
Run 2,agentmemorybench:fact-mh-262k:context-0/factconsolidation_mh_262k_no8,3,2,0.5,[],0,0.0,[1],[1],[1],0.5,[1],[1],0.5
Run 2,agentmemorybench:fact-mh-262k:context-0/factconsolidation_mh_262k_no8,4,2,0.5,[],0,0.0,[],[],[1],0.5,[1],[1],0.5
Run 2,agentmemorybench:fact-mh-262k:context-0/factconsolidation_mh_262k_no8,5,2,0.5,[],0,0.0,[],[],[1],0.5,[1],[1],0.5
Run 2,agentmemorybench:fact-mh-262k:context-0/factconsolidation_mh_262k_no8,6,2,0.5,[],0,0.0,[],[],[1],0.5,[1],[1],0.5
Run 2,agentmemorybench:fact-mh-262k:context-0/factconsolidation_mh_262k_no8,7,2,0.5,[],0,0.0,[],[],[1],0.5,[1],[1],0.5
Run 2,agentmemorybench:fact-mh-262k:context-0/factconsolidation_mh_262k_no8,8,2,0.5,[],0,0.0,[],[],[1],0.5,[1],[1],0.5
Run 2,agentmemorybench:fact-mh-262k:context-0/factconsolidation_mh_262k_no8,9,2,0.5,[],0,0.0,[],[],[1],0.5,[1],[1],0.5
Run 2,agentmemorybench:fact-mh-262k:context-0/factconsolidation_mh_262k_no8,10,2,0.5,[],0,0.0,[],[],[1],0.5,[1],[1],0.5
Run 2,agentmemorybench:fact-mh-262k:context-0/factconsolidation_mh_262k_no8,11,2,0.5,[],0,0.0,[],[],[1],0.5,[1],[1],0.5
Run 2,agentmemorybench:fact-mh-262k:context-0/factconsolidation_mh_262k_no80,1,2,0.0,[],0,0.0,[],[],[],0.0,[],[],0.0
Run 2,agentmemorybench:fact-mh-262k:context-0/factconsolidation_mh_262k_no80,2,2,0.0,[1],1,0.5,[],[1],[1],0.5,[1],[1],0.5
Run 2,agentmemorybench:fact-mh-262k:context-0/factconsolidation_mh_262k_no80,3,2,0.5,[],0,0.0,[1],[1],[1],0.5,[1],[1],0.5
Run 2,agentmemorybench:fact-mh-262k:context-0/factconsolidation_mh_262k_no80,4,2,0.5,[],0,0.0,[],[],[1],0.5,[1],[1],0.5
Run 2,agentmemorybench:fact-mh-262k:context-0/factconsolidation_mh_262k_no80,5,2,0.5,[],0,0.0,[],[],[1],0.5,[1],[1],0.5
Run 2,agentmemorybench:fact-mh-262k:context-0/factconsolidation_mh_262k_no80,6,2,0.5,[],0,0.0,[],[],[1],0.5,[1],[1],0.5
Run 2,agentmemorybench:fact-mh-262k:context-0/factconsolidation_mh_262k_no80,7,2,0.5,[],0,0.0,[],[],[1],0.5,[1],[1],0.5
Run 2,agentmemorybench:fact-mh-262k:context-0/factconsolidation_mh_262k_no80,8,2,0.5,[],0,0.0,[],[],[1],0.5,[1],[1],0.5
Run 2,agentmemorybench:fact-mh-262k:context-0/factconsolidation_mh_262k_no80,9,2,0.5,[],0,0.0,[],[],[1],0.5,[1],[1],0.5
Run 2,agentmemorybench:fact-mh-262k:context-0/factconsolidation_mh_262k_no81,1,2,0.0,[],0,0.0,[],[],[],0.0,[],[],0.0
Run 2,agentmemorybench:fact-mh-262k:context-0/factconsolidation_mh_262k_no81,2,2,0.0,[1],1,0.5,[],[1],[1],0.5,[1],[1],0.5
Run 2,agentmemorybench:fact-mh-262k:context-0/factconsolidation_mh_262k_no81,3,2,0.5,[],0,0.0,[1],[1],[1],0.5,[1],[1],0.5
Run 2,agentmemorybench:fact-mh-262k:context-0/factconsolidation_mh_262k_no81,4,2,0.5,[],0,0.0,[],[],[1],0.5,[1],[1],0.5
Run 2,agentmemorybench:fact-mh-262k:context-0/factconsolidation_mh_262k_no81,5,2,0.5,[],0,0.0,[],[],[1],0.5,[1],[1],0.5
Run 2,agentmemorybench:fact-mh-262k:context-0/factconsolidation_mh_262k_no82,1,3,0.0,[],0,0.0,[],[],[],0.0,[],[],0.0
Run 2,agentmemorybench:fact-mh-262k:context-0/factconsolidation_mh_262k_no82,2,3,0.0,[1],1,0.3333333333333333,[],[1],[1],0.3333333333333333,[1],[1],0.3333333333333333
Run 2,agentmemorybench:fact-mh-262k:context-0/factconsolidation_mh_262k_no82,3,3,0.0,"[1,2]",2,0.6666666666666666,[],"[1,2]","[1,2]",0.6666666666666666,"[1,2]","[1,2]",0.6666666666666666
Run 2,agentmemorybench:fact-mh-262k:context-0/factconsolidation_mh_262k_no82,4,3,0.6666666666666666,[],0,0.0,"[1,2]","[1,2]","[1,2]",0.6666666666666666,"[1,2]","[1,2]",0.6666666666666666
Run 2,agentmemorybench:fact-mh-262k:context-0/factconsolidation_mh_262k_no82,5,3,0.6666666666666666,[3],1,0.3333333333333333,[],[3],"[1,2,3]",1.0,"[1,2,3]","[1,2,3]",1.0
Run 2,agentmemorybench:fact-mh-262k:context-0/factconsolidation_mh_262k_no82,6,3,1.0,[],0,0.0,[3],[3],"[1,2,3]",1.0,"[1,2,3]","[1,2,3]",1.0
Run 2,agentmemorybench:fact-mh-262k:context-0/factconsolidation_mh_262k_no83,1,2,0.0,[],0,0.0,[],[],[],0.0,[],[],0.0
Run 2,agentmemorybench:fact-mh-262k:context-0/factconsolidation_mh_262k_no83,2,2,0.0,[1],1,0.5,[],[1],[1],0.5,[1],[1],0.5
Run 2,agentmemorybench:fact-mh-262k:context-0/factconsolidation_mh_262k_no83,3,2,0.5,[],0,0.0,[1],[1],[1],0.5,[1],[1],0.5
Run 2,agentmemorybench:fact-mh-262k:context-0/factconsolidation_mh_262k_no84,1,4,0.0,[],0,0.0,[],[],[],0.0,[],[],0.0
Run 2,agentmemorybench:fact-mh-262k:context-0/factconsolidation_mh_262k_no84,2,4,0.0,[1],1,0.25,[],[1],[1],0.25,[1],[1],0.25
Run 2,agentmemorybench:fact-mh-262k:context-0/factconsolidation_mh_262k_no84,3,4,0.25,[],0,0.0,[1],[1],[1],0.25,[1],[1],0.25
Run 2,agentmemorybench:fact-mh-262k:context-0/factconsolidation_mh_262k_no84,4,4,0.25,[2],1,0.25,[],[2],"[1,2]",0.5,"[1,2]","[1,2]",0.5
Run 2,agentmemorybench:fact-mh-262k:context-0/factconsolidation_mh_262k_no84,5,4,0.5,[2],1,0.25,[2],[2],"[1,2]",0.5,"[1,2]","[1,2]",0.5
Run 2,agentmemorybench:fact-mh-262k:context-0/factconsolidation_mh_262k_no84,6,4,0.5,[],0,0.0,[],[],"[1,2]",0.5,"[1,2]","[1,2]",0.5
Run 2,agentmemorybench:fact-mh-262k:context-0/factconsolidation_mh_262k_no84,7,4,0.5,[],0,0.0,[],[],"[1,2]",0.5,"[1,2]","[1,2]",0.5
Run 2,agentmemorybench:fact-mh-262k:context-0/factconsolidation_mh_262k_no84,8,4,0.5,[],0,0.0,[],[],"[1,2]",0.5,"[1,2]","[1,2]",0.5
Run 2,agentmemorybench:fact-mh-262k:context-0/factconsolidation_mh_262k_no84,9,4,0.5,[],0,0.0,[],[],"[1,2]",0.5,"[1,2]","[1,2]",0.5
Run 2,agentmemorybench:fact-mh-262k:context-0/factconsolidation_mh_262k_no85,1,2,0.0,[],0,0.0,[],[],[],0.0,[],[],0.0
Run 2,agentmemorybench:fact-mh-262k:context-0/factconsolidation_mh_262k_no85,2,2,0.0,[1],1,0.5,[],[1],[1],0.5,[1],[1],0.5
Run 2,agentmemorybench:fact-mh-262k:context-0/factconsolidation_mh_262k_no85,3,2,0.0,[1],1,0.5,[],[1],[1],0.5,[1],[1],0.5
Run 2,agentmemorybench:fact-mh-262k:context-0/factconsolidation_mh_262k_no85,4,2,1.0,[],0,0.0,"[1,2]","[1,2]","[1,2]",1.0,[1],"[1,2]",1.0
Run 2,agentmemorybench:fact-mh-262k:context-0/factconsolidation_mh_262k_no86,1,2,0.0,[],0,0.0,[],[],[],0.0,[],[],0.0
Run 2,agentmemorybench:fact-mh-262k:context-0/factconsolidation_mh_262k_no86,2,2,0.0,"[1,2]",2,1.0,[],"[1,2]","[1,2]",1.0,"[1,2]","[1,2]",1.0
Run 2,agentmemorybench:fact-mh-262k:context-0/factconsolidation_mh_262k_no86,3,2,1.0,[],0,0.0,"[1,2]","[1,2]","[1,2]",1.0,"[1,2]","[1,2]",1.0
Run 2,agentmemorybench:fact-mh-262k:context-0/factconsolidation_mh_262k_no87,1,3,0.0,[],0,0.0,[],[],[],0.0,[],[],0.0
Run 2,agentmemorybench:fact-mh-262k:context-0/factconsolidation_mh_262k_no87,2,3,0.0,[1],1,0.3333333333333333,[],[1],[1],0.3333333333333333,[1],[1],0.3333333333333333
Run 2,agentmemorybench:fact-mh-262k:context-0/factconsolidation_mh_262k_no87,3,3,0.0,"[1,2]",2,0.6666666666666666,[],"[1,2]","[1,2]",0.6666666666666666,"[1,2]","[1,2]",0.6666666666666666
Run 2,agentmemorybench:fact-mh-262k:context-0/factconsolidation_mh_262k_no87,4,3,0.0,"[2,3]",2,0.6666666666666666,[],"[2,3]","[2,3]",0.6666666666666666,"[1,2,3]","[1,2,3]",1.0
Run 2,agentmemorybench:fact-mh-262k:context-0/factconsolidation_mh_262k_no87,5,3,1.0,[],0,0.0,"[1,2,3]","[1,2,3]","[1,2,3]",1.0,"[1,2,3]","[1,2,3]",1.0
Run 2,agentmemorybench:fact-mh-262k:context-0/factconsolidation_mh_262k_no88,1,2,0.0,[],0,0.0,[],[],[],0.0,[],[],0.0
Run 2,agentmemorybench:fact-mh-262k:context-0/factconsolidation_mh_262k_no88,2,2,0.0,[1],1,0.5,[],[1],[1],0.5,[1],[1],0.5
Run 2,agentmemorybench:fact-mh-262k:context-0/factconsolidation_mh_262k_no88,3,2,0.0,[2],1,0.5,[],[2],[2],0.5,"[1,2]","[1,2]",1.0
Run 2,agentmemorybench:fact-mh-262k:context-0/factconsolidation_mh_262k_no88,4,2,1.0,[],0,0.0,"[1,2]","[1,2]","[1,2]",1.0,"[1,2]","[1,2]",1.0
Run 2,agentmemorybench:fact-mh-262k:context-0/factconsolidation_mh_262k_no89,1,2,0.0,[],0,0.0,[],[],[],0.0,[],[],0.0
Run 2,agentmemorybench:fact-mh-262k:context-0/factconsolidation_mh_262k_no89,2,2,0.0,[2],1,0.5,[],[2],[2],0.5,[2],[2],0.5
Run 2,agentmemorybench:fact-mh-262k:context-0/factconsolidation_mh_262k_no89,3,2,0.0,[2],1,0.5,[],[2],[2],0.5,[2],[2],0.5
Run 2,agentmemorybench:fact-mh-262k:context-0/factconsolidation_mh_262k_no89,4,2,0.0,[1],1,0.5,[],[1],[1],0.5,"[1,2]","[1,2]",1.0
Run 2,agentmemorybench:fact-mh-262k:context-0/factconsolidation_mh_262k_no89,5,2,0.5,[],0,0.0,[1],[1],[1],0.5,"[1,2]","[1,2]",1.0
Run 2,agentmemorybench:fact-mh-262k:context-0/factconsolidation_mh_262k_no89,6,2,0.5,[2],1,0.5,[],[2],"[1,2]",1.0,"[1,2]","[1,2]",1.0
Run 2,agentmemorybench:fact-mh-262k:context-0/factconsolidation_mh_262k_no89,7,2,1.0,[],0,0.0,[2],[2],"[1,2]",1.0,"[1,2]","[1,2]",1.0
Run 2,agentmemorybench:fact-mh-262k:context-0/factconsolidation_mh_262k_no9,1,3,0.0,[],0,0.0,[],[],[],0.0,[],[],0.0
Run 2,agentmemorybench:fact-mh-262k:context-0/factconsolidation_mh_262k_no9,2,3,0.0,[1],1,0.3333333333333333,[],[1],[1],0.3333333333333333,[1],[1],0.3333333333333333
Run 2,agentmemorybench:fact-mh-262k:context-0/factconsolidation_mh_262k_no9,3,3,0.3333333333333333,[],0,0.0,[1],[1],[1],0.3333333333333333,[1],[1],0.3333333333333333
Run 2,agentmemorybench:fact-mh-262k:context-0/factconsolidation_mh_262k_no9,4,3,0.3333333333333333,[2],1,0.3333333333333333,[],[2],"[1,2]",0.6666666666666666,"[1,2]","[1,2]",0.6666666666666666
Run 2,agentmemorybench:fact-mh-262k:context-0/factconsolidation_mh_262k_no9,5,3,0.6666666666666666,[],0,0.0,[2],[2],"[1,2]",0.6666666666666666,"[1,2]","[1,2]",0.6666666666666666
Run 2,agentmemorybench:fact-mh-262k:context-0/factconsolidation_mh_262k_no9,6,3,0.6666666666666666,[3],1,0.3333333333333333,[],[3],"[1,2,3]",1.0,"[1,2,3]","[1,2,3]",1.0
Run 2,agentmemorybench:fact-mh-262k:context-0/factconsolidation_mh_262k_no9,7,3,1.0,[],0,0.0,[3],[3],"[1,2,3]",1.0,"[1,2,3]","[1,2,3]",1.0
Run 2,agentmemorybench:fact-mh-262k:context-0/factconsolidation_mh_262k_no90,1,2,0.0,[],0,0.0,[],[],[],0.0,[],[],0.0
Run 2,agentmemorybench:fact-mh-262k:context-0/factconsolidation_mh_262k_no90,2,2,0.0,[1],1,0.5,[],[1],[1],0.5,[1],[1],0.5
Run 2,agentmemorybench:fact-mh-262k:context-0/factconsolidation_mh_262k_no90,3,2,0.0,[2],1,0.5,[],[2],[2],0.5,"[1,2]","[1,2]",1.0
Run 2,agentmemorybench:fact-mh-262k:context-0/factconsolidation_mh_262k_no90,4,2,1.0,[],0,0.0,"[1,2]","[1,2]","[1,2]",1.0,"[1,2]","[1,2]",1.0
Run 2,agentmemorybench:fact-mh-262k:context-0/factconsolidation_mh_262k_no91,1,3,0.0,[],0,0.0,[],[],[],0.0,[],[],0.0
Run 2,agentmemorybench:fact-mh-262k:context-0/factconsolidation_mh_262k_no91,2,3,0.0,[1],1,0.3333333333333333,[],[1],[1],0.3333333333333333,[1],[1],0.3333333333333333
Run 2,agentmemorybench:fact-mh-262k:context-0/factconsolidation_mh_262k_no91,3,3,0.3333333333333333,[],0,0.0,[1],[1],[1],0.3333333333333333,[1],[1],0.3333333333333333
Run 2,agentmemorybench:fact-mh-262k:context-0/factconsolidation_mh_262k_no91,4,3,0.3333333333333333,[],0,0.0,[],[],[1],0.3333333333333333,[1],[1],0.3333333333333333
Run 2,agentmemorybench:fact-mh-262k:context-0/factconsolidation_mh_262k_no91,5,3,0.6666666666666666,[],0,0.0,[2],[2],"[1,2]",0.6666666666666666,[1],"[1,2]",0.6666666666666666
Run 2,agentmemorybench:fact-mh-262k:context-0/factconsolidation_mh_262k_no91,6,3,0.6666666666666666,[3],1,0.3333333333333333,[],[3],"[1,2,3]",1.0,"[1,3]","[1,2,3]",1.0
Run 2,agentmemorybench:fact-mh-262k:context-0/factconsolidation_mh_262k_no91,7,3,1.0,[],0,0.0,[3],[3],"[1,2,3]",1.0,"[1,3]","[1,2,3]",1.0
Run 2,agentmemorybench:fact-mh-262k:context-0/factconsolidation_mh_262k_no91,8,3,1.0,[],0,0.0,[],[],"[1,2,3]",1.0,"[1,3]","[1,2,3]",1.0
Run 2,agentmemorybench:fact-mh-262k:context-0/factconsolidation_mh_262k_no91,9,3,1.0,[],0,0.0,[],[],"[1,2,3]",1.0,"[1,3]","[1,2,3]",1.0
Run 2,agentmemorybench:fact-mh-262k:context-0/factconsolidation_mh_262k_no91,10,3,1.0,[],0,0.0,[],[],"[1,2,3]",1.0,"[1,3]","[1,2,3]",1.0
Run 2,agentmemorybench:fact-mh-262k:context-0/factconsolidation_mh_262k_no91,11,3,1.0,[],0,0.0,[],[],"[1,2,3]",1.0,"[1,3]","[1,2,3]",1.0
Run 2,agentmemorybench:fact-mh-262k:context-0/factconsolidation_mh_262k_no91,12,3,1.0,[],0,0.0,[],[],"[1,2,3]",1.0,"[1,3]","[1,2,3]",1.0
Run 2,agentmemorybench:fact-mh-262k:context-0/factconsolidation_mh_262k_no91,13,3,1.0,[],0,0.0,[],[],"[1,2,3]",1.0,"[1,3]","[1,2,3]",1.0
Run 2,agentmemorybench:fact-mh-262k:context-0/factconsolidation_mh_262k_no91,14,3,1.0,[],0,0.0,[],[],"[1,2,3]",1.0,"[1,3]","[1,2,3]",1.0
Run 2,agentmemorybench:fact-mh-262k:context-0/factconsolidation_mh_262k_no91,15,3,1.0,[],0,0.0,[],[],"[1,2,3]",1.0,"[1,3]","[1,2,3]",1.0
Run 2,agentmemorybench:fact-mh-262k:context-0/factconsolidation_mh_262k_no91,16,3,1.0,[],0,0.0,[],[],"[1,2,3]",1.0,"[1,3]","[1,2,3]",1.0
Run 2,agentmemorybench:fact-mh-262k:context-0/factconsolidation_mh_262k_no91,17,3,1.0,[],0,0.0,[],[],"[1,2,3]",1.0,"[1,3]","[1,2,3]",1.0
Run 2,agentmemorybench:fact-mh-262k:context-0/factconsolidation_mh_262k_no92,1,3,0.0,[],0,0.0,[],[],[],0.0,[],[],0.0
Run 2,agentmemorybench:fact-mh-262k:context-0/factconsolidation_mh_262k_no92,2,3,0.0,[],0,0.0,[],[],[],0.0,[],[],0.0
Run 2,agentmemorybench:fact-mh-262k:context-0/factconsolidation_mh_262k_no92,3,3,0.0,[],0,0.0,[],[],[],0.0,[],[],0.0
Run 2,agentmemorybench:fact-mh-262k:context-0/factconsolidation_mh_262k_no92,4,3,0.0,[],0,0.0,[],[],[],0.0,[],[],0.0
Run 2,agentmemorybench:fact-mh-262k:context-0/factconsolidation_mh_262k_no92,5,3,0.0,[],0,0.0,[],[],[],0.0,[],[],0.0
Run 2,agentmemorybench:fact-mh-262k:context-0/factconsolidation_mh_262k_no92,6,3,0.0,[],0,0.0,[],[],[],0.0,[],[],0.0
Run 2,agentmemorybench:fact-mh-262k:context-0/factconsolidation_mh_262k_no92,7,3,0.0,[],0,0.0,[],[],[],0.0,[],[],0.0
Run 2,agentmemorybench:fact-mh-262k:context-0/factconsolidation_mh_262k_no92,8,3,0.0,[],0,0.0,[],[],[],0.0,[],[],0.0
Run 2,agentmemorybench:fact-mh-262k:context-0/factconsolidation_mh_262k_no92,9,3,0.0,[],0,0.0,[],[],[],0.0,[],[],0.0
Run 2,agentmemorybench:fact-mh-262k:context-0/factconsolidation_mh_262k_no93,1,4,0.0,[],0,0.0,[],[],[],0.0,[],[],0.0
Run 2,agentmemorybench:fact-mh-262k:context-0/factconsolidation_mh_262k_no93,2,4,0.0,[],0,0.0,[],[],[],0.0,[],[],0.0
Run 2,agentmemorybench:fact-mh-262k:context-0/factconsolidation_mh_262k_no93,3,4,0.0,[],0,0.0,[],[],[],0.0,[],[],0.0
Run 2,agentmemorybench:fact-mh-262k:context-0/factconsolidation_mh_262k_no93,4,4,0.0,[],0,0.0,[],[],[],0.0,[],[],0.0
Run 2,agentmemorybench:fact-mh-262k:context-0/factconsolidation_mh_262k_no94,1,2,0.0,[],0,0.0,[],[],[],0.0,[],[],0.0
Run 2,agentmemorybench:fact-mh-262k:context-0/factconsolidation_mh_262k_no94,2,2,0.0,[1],1,0.5,[],[1],[1],0.5,[1],[1],0.5
Run 2,agentmemorybench:fact-mh-262k:context-0/factconsolidation_mh_262k_no94,3,2,0.0,[2],1,0.5,[],[2],[2],0.5,"[1,2]","[1,2]",1.0
Run 2,agentmemorybench:fact-mh-262k:context-0/factconsolidation_mh_262k_no94,4,2,1.0,[],0,0.0,"[1,2]","[1,2]","[1,2]",1.0,"[1,2]","[1,2]",1.0
Run 2,agentmemorybench:fact-mh-262k:context-0/factconsolidation_mh_262k_no95,1,2,0.0,[],0,0.0,[],[],[],0.0,[],[],0.0
Run 2,agentmemorybench:fact-mh-262k:context-0/factconsolidation_mh_262k_no95,2,2,0.0,[],0,0.0,[],[],[],0.0,[],[],0.0
Run 2,agentmemorybench:fact-mh-262k:context-0/factconsolidation_mh_262k_no95,3,2,0.5,[],0,0.0,[1],[1],[1],0.5,[],[1],0.5
Run 2,agentmemorybench:fact-mh-262k:context-0/factconsolidation_mh_262k_no95,4,2,0.5,[],0,0.0,[],[],[1],0.5,[],[1],0.5
Run 2,agentmemorybench:fact-mh-262k:context-0/factconsolidation_mh_262k_no95,5,2,0.5,[],0,0.0,[],[],[1],0.5,[],[1],0.5
Run 2,agentmemorybench:fact-mh-262k:context-0/factconsolidation_mh_262k_no95,6,2,0.5,[],0,0.0,[],[],[1],0.5,[],[1],0.5
Run 2,agentmemorybench:fact-mh-262k:context-0/factconsolidation_mh_262k_no95,7,2,0.5,[],0,0.0,[],[],[1],0.5,[],[1],0.5
Run 2,agentmemorybench:fact-mh-262k:context-0/factconsolidation_mh_262k_no95,8,2,0.5,[],0,0.0,[],[],[1],0.5,[],[1],0.5
Run 2,agentmemorybench:fact-mh-262k:context-0/factconsolidation_mh_262k_no95,9,2,0.5,[],0,0.0,[],[],[1],0.5,[],[1],0.5
Run 2,agentmemorybench:fact-mh-262k:context-0/factconsolidation_mh_262k_no95,10,2,0.5,[2],1,0.5,[],[2],"[1,2]",1.0,[2],"[1,2]",1.0
Run 2,agentmemorybench:fact-mh-262k:context-0/factconsolidation_mh_262k_no95,11,2,1.0,[],0,0.0,[2],[2],"[1,2]",1.0,[2],"[1,2]",1.0
Run 2,agentmemorybench:fact-mh-262k:context-0/factconsolidation_mh_262k_no95,12,2,1.0,[],0,0.0,[],[],"[1,2]",1.0,[2],"[1,2]",1.0
Run 2,agentmemorybench:fact-mh-262k:context-0/factconsolidation_mh_262k_no95,13,2,1.0,[],0,0.0,[],[],"[1,2]",1.0,[2],"[1,2]",1.0
Run 2,agentmemorybench:fact-mh-262k:context-0/factconsolidation_mh_262k_no96,1,3,0.0,[],0,0.0,[],[],[],0.0,[],[],0.0
Run 2,agentmemorybench:fact-mh-262k:context-0/factconsolidation_mh_262k_no96,2,3,0.0,[1],1,0.3333333333333333,[],[1],[1],0.3333333333333333,[1],[1],0.3333333333333333
Run 2,agentmemorybench:fact-mh-262k:context-0/factconsolidation_mh_262k_no96,3,3,0.3333333333333333,[],0,0.0,[1],[1],[1],0.3333333333333333,[1],[1],0.3333333333333333
Run 2,agentmemorybench:fact-mh-262k:context-0/factconsolidation_mh_262k_no96,4,3,0.3333333333333333,[],0,0.0,[],[],[1],0.3333333333333333,[1],[1],0.3333333333333333
Run 2,agentmemorybench:fact-mh-262k:context-0/factconsolidation_mh_262k_no96,5,3,0.3333333333333333,[],0,0.0,[],[],[1],0.3333333333333333,[1],[1],0.3333333333333333
Run 2,agentmemorybench:fact-mh-262k:context-0/factconsolidation_mh_262k_no96,6,3,0.3333333333333333,[],0,0.0,[],[],[1],0.3333333333333333,[1],[1],0.3333333333333333
Run 2,agentmemorybench:fact-mh-262k:context-0/factconsolidation_mh_262k_no96,7,3,0.3333333333333333,[],0,0.0,[],[],[1],0.3333333333333333,[1],[1],0.3333333333333333
Run 2,agentmemorybench:fact-mh-262k:context-0/factconsolidation_mh_262k_no96,8,3,0.3333333333333333,[],0,0.0,[],[],[1],0.3333333333333333,[1],[1],0.3333333333333333
Run 2,agentmemorybench:fact-mh-262k:context-0/factconsolidation_mh_262k_no97,1,2,0.0,[],0,0.0,[],[],[],0.0,[],[],0.0
Run 2,agentmemorybench:fact-mh-262k:context-0/factconsolidation_mh_262k_no97,2,2,0.0,[1],1,0.5,[],[1],[1],0.5,[1],[1],0.5
Run 2,agentmemorybench:fact-mh-262k:context-0/factconsolidation_mh_262k_no97,3,2,0.5,[],0,0.0,[1],[1],[1],0.5,[1],[1],0.5
Run 2,agentmemorybench:fact-mh-262k:context-0/factconsolidation_mh_262k_no97,4,2,0.5,[2],1,0.5,[],[2],"[1,2]",1.0,"[1,2]","[1,2]",1.0
Run 2,agentmemorybench:fact-mh-262k:context-0/factconsolidation_mh_262k_no97,5,2,1.0,[],0,0.0,[2],[2],"[1,2]",1.0,"[1,2]","[1,2]",1.0
Run 2,agentmemorybench:fact-mh-262k:context-0/factconsolidation_mh_262k_no98,1,3,0.0,[],0,0.0,[],[],[],0.0,[],[],0.0
Run 2,agentmemorybench:fact-mh-262k:context-0/factconsolidation_mh_262k_no98,2,3,0.0,[1],1,0.3333333333333333,[],[1],[1],0.3333333333333333,[1],[1],0.3333333333333333
Run 2,agentmemorybench:fact-mh-262k:context-0/factconsolidation_mh_262k_no98,3,3,0.0,[2],1,0.3333333333333333,[],[2],[2],0.3333333333333333,"[1,2]","[1,2]",0.6666666666666666
Run 2,agentmemorybench:fact-mh-262k:context-0/factconsolidation_mh_262k_no98,4,3,0.6666666666666666,[],0,0.0,"[1,2]","[1,2]","[1,2]",0.6666666666666666,"[1,2]","[1,2]",0.6666666666666666
Run 2,agentmemorybench:fact-mh-262k:context-0/factconsolidation_mh_262k_no98,5,3,0.6666666666666666,[],0,0.0,[],[],"[1,2]",0.6666666666666666,"[1,2]","[1,2]",0.6666666666666666
Run 2,agentmemorybench:fact-mh-262k:context-0/factconsolidation_mh_262k_no98,6,3,0.6666666666666666,[],0,0.0,[],[],"[1,2]",0.6666666666666666,"[1,2]","[1,2]",0.6666666666666666
Run 2,agentmemorybench:fact-mh-262k:context-0/factconsolidation_mh_262k_no98,7,3,0.6666666666666666,[],0,0.0,[],[],"[1,2]",0.6666666666666666,"[1,2]","[1,2]",0.6666666666666666
Run 2,agentmemorybench:fact-mh-262k:context-0/factconsolidation_mh_262k_no98,8,3,0.6666666666666666,[],0,0.0,[],[],"[1,2]",0.6666666666666666,"[1,2]","[1,2]",0.6666666666666666
Run 2,agentmemorybench:fact-mh-262k:context-0/factconsolidation_mh_262k_no98,9,3,0.6666666666666666,[],0,0.0,[],[],"[1,2]",0.6666666666666666,"[1,2]","[1,2]",0.6666666666666666
Run 2,agentmemorybench:fact-mh-262k:context-0/factconsolidation_mh_262k_no98,10,3,0.6666666666666666,[],0,0.0,[],[],"[1,2]",0.6666666666666666,"[1,2]","[1,2]",0.6666666666666666
Run 2,agentmemorybench:fact-mh-262k:context-0/factconsolidation_mh_262k_no98,11,3,0.6666666666666666,[],0,0.0,[],[],"[1,2]",0.6666666666666666,"[1,2]","[1,2]",0.6666666666666666
Run 2,agentmemorybench:fact-mh-262k:context-0/factconsolidation_mh_262k_no98,12,3,0.6666666666666666,[],0,0.0,"[1,2]","[1,2]","[1,2]",0.6666666666666666,"[1,2]","[1,2]",0.6666666666666666
Run 2,agentmemorybench:fact-mh-262k:context-0/factconsolidation_mh_262k_no98,13,3,1.0,[],0,0.0,[3],[3],"[1,2,3]",1.0,"[1,2]","[1,2,3]",1.0
Run 2,agentmemorybench:fact-mh-262k:context-0/factconsolidation_mh_262k_no98,14,3,1.0,[],0,0.0,[],[],"[1,2,3]",1.0,"[1,2]","[1,2,3]",1.0
Run 2,agentmemorybench:fact-mh-262k:context-0/factconsolidation_mh_262k_no98,15,3,1.0,[],0,0.0,[],[],"[1,2,3]",1.0,"[1,2]","[1,2,3]",1.0
Run 2,agentmemorybench:fact-mh-262k:context-0/factconsolidation_mh_262k_no98,16,3,1.0,[],0,0.0,[],[],"[1,2,3]",1.0,"[1,2]","[1,2,3]",1.0
Run 2,agentmemorybench:fact-mh-262k:context-0/factconsolidation_mh_262k_no98,17,3,1.0,[],0,0.0,[],[],"[1,2,3]",1.0,"[1,2]","[1,2,3]",1.0
Run 2,agentmemorybench:fact-mh-262k:context-0/factconsolidation_mh_262k_no98,18,3,1.0,[],0,0.0,[],[],"[1,2,3]",1.0,"[1,2]","[1,2,3]",1.0
Run 2,agentmemorybench:fact-mh-262k:context-0/factconsolidation_mh_262k_no98,19,3,1.0,[],0,0.0,[],[],"[1,2,3]",1.0,"[1,2]","[1,2,3]",1.0
Run 2,agentmemorybench:fact-mh-262k:context-0/factconsolidation_mh_262k_no99,1,3,0.0,[],0,0.0,[],[],[],0.0,[],[],0.0
Run 2,agentmemorybench:fact-mh-262k:context-0/factconsolidation_mh_262k_no99,2,3,0.0,[1],1,0.3333333333333333,[],[1],[1],0.3333333333333333,[1],[1],0.3333333333333333
Run 2,agentmemorybench:fact-mh-262k:context-0/factconsolidation_mh_262k_no99,3,3,0.0,"[1,2]",2,0.6666666666666666,[],"[1,2]","[1,2]",0.6666666666666666,"[1,2]","[1,2]",0.6666666666666666
Run 2,agentmemorybench:fact-mh-262k:context-0/factconsolidation_mh_262k_no99,4,3,0.6666666666666666,[],0,0.0,"[1,2]","[1,2]","[1,2]",0.6666666666666666,"[1,2]","[1,2]",0.6666666666666666
Run 2,agentmemorybench:fact-mh-262k:context-0/factconsolidation_mh_262k_no99,5,3,0.6666666666666666,[],0,0.0,[],[2],"[1,2]",0.6666666666666666,"[1,2]","[1,2]",0.6666666666666666
Run 2,agentmemorybench:fact-mh-262k:context-0/factconsolidation_mh_262k_no99,6,3,0.6666666666666666,[],0,0.0,[],[2],"[1,2]",0.6666666666666666,"[1,2]","[1,2]",0.6666666666666666
Run 2,agentmemorybench:fact-mh-262k:context-0/factconsolidation_mh_262k_no99,7,3,0.6666666666666666,[],0,0.0,[],[],"[1,2]",0.6666666666666666,"[1,2]","[1,2]",0.6666666666666666
Run 2,agentmemorybench:fact-mh-262k:context-0/factconsolidation_mh_262k_no99,8,3,0.6666666666666666,[],0,0.0,[],[],"[1,2]",0.6666666666666666,"[1,2]","[1,2]",0.6666666666666666
Run 2,agentmemorybench:fact-mh-262k:context-0/factconsolidation_mh_262k_no99,9,3,0.6666666666666666,[],0,0.0,[],[],"[1,2]",0.6666666666666666,"[1,2]","[1,2]",0.6666666666666666
Run 2,agentmemorybench:fact-mh-262k:context-0/factconsolidation_mh_262k_no99,10,3,0.6666666666666666,[],0,0.0,[],[],"[1,2]",0.6666666666666666,"[1,2]","[1,2]",0.6666666666666666
Run 2,agentmemorybench:fact-mh-262k:context-0/factconsolidation_mh_262k_no99,11,3,0.6666666666666666,[],0,0.0,[],[],"[1,2]",0.6666666666666666,"[1,2]","[1,2]",0.6666666666666666
Run 2,agentmemorybench:fact-mh-262k:context-0/factconsolidation_mh_262k_no99,12,3,0.6666666666666666,[],0,0.0,[],[],"[1,2]",0.6666666666666666,"[1,2]","[1,2]",0.6666666666666666
Run 2,agentmemorybench:fact-mh-262k:context-0/factconsolidation_mh_262k_no99,13,3,0.6666666666666666,[],0,0.0,[],[],"[1,2]",0.6666666666666666,"[1,2]","[1,2]",0.6666666666666666
Run 2,agentmemorybench:fact-mh-262k:context-0/factconsolidation_mh_262k_no99,14,3,0.6666666666666666,[],0,0.0,[],[],"[1,2]",0.6666666666666666,"[1,2]","[1,2]",0.6666666666666666
Run 3,agentmemorybench:fact-mh-262k:context-0/factconsolidation_mh_262k_no0,1,3,0.0,[],0,0.0,[],[],[],0.0,[],[],0.0
Run 3,agentmemorybench:fact-mh-262k:context-0/factconsolidation_mh_262k_no0,2,3,0.0,[1],1,0.3333333333333333,[],[1],[1],0.3333333333333333,[1],[1],0.3333333333333333
Run 3,agentmemorybench:fact-mh-262k:context-0/factconsolidation_mh_262k_no0,3,3,0.6666666666666666,[],0,0.0,"[1,2]","[1,2]","[1,2]",0.6666666666666666,[1],"[1,2]",0.6666666666666666
Run 3,agentmemorybench:fact-mh-262k:context-0/factconsolidation_mh_262k_no0,4,3,0.6666666666666666,[],0,0.0,[],[],"[1,2]",0.6666666666666666,[1],"[1,2]",0.6666666666666666
Run 3,agentmemorybench:fact-mh-262k:context-0/factconsolidation_mh_262k_no0,5,3,1.0,[],0,0.0,[3],[3],"[1,2,3]",1.0,[1],"[1,2,3]",1.0
Run 3,agentmemorybench:fact-mh-262k:context-0/factconsolidation_mh_262k_no0,6,3,1.0,[],0,0.0,[],[],"[1,2,3]",1.0,[1],"[1,2,3]",1.0
Run 3,agentmemorybench:fact-mh-262k:context-0/factconsolidation_mh_262k_no1,1,2,0.0,[],0,0.0,[],[],[],0.0,[],[],0.0
Run 3,agentmemorybench:fact-mh-262k:context-0/factconsolidation_mh_262k_no1,2,2,0.0,[1],1,0.5,[],[1],[1],0.5,[1],[1],0.5
Run 3,agentmemorybench:fact-mh-262k:context-0/factconsolidation_mh_262k_no1,3,2,0.0,"[1,2]",2,1.0,[],"[1,2]","[1,2]",1.0,"[1,2]","[1,2]",1.0
Run 3,agentmemorybench:fact-mh-262k:context-0/factconsolidation_mh_262k_no1,4,2,1.0,[],0,0.0,"[1,2]","[1,2]","[1,2]",1.0,"[1,2]","[1,2]",1.0
Run 3,agentmemorybench:fact-mh-262k:context-0/factconsolidation_mh_262k_no10,1,4,0.0,[],0,0.0,[],[],[],0.0,[],[],0.0
Run 3,agentmemorybench:fact-mh-262k:context-0/factconsolidation_mh_262k_no10,2,4,0.0,"[1,2]",2,0.5,[],"[1,2]","[1,2]",0.5,"[1,2]","[1,2]",0.5
Run 3,agentmemorybench:fact-mh-262k:context-0/factconsolidation_mh_262k_no10,3,4,0.0,"[2,3]",2,0.5,[],"[2,3]","[2,3]",0.5,"[1,2,3]","[1,2,3]",0.75
Run 3,agentmemorybench:fact-mh-262k:context-0/factconsolidation_mh_262k_no10,4,4,0.75,[],0,0.0,"[1,2,3]","[1,2,3]","[1,2,3]",0.75,"[1,2,3]","[1,2,3]",0.75
Run 3,agentmemorybench:fact-mh-262k:context-0/factconsolidation_mh_262k_no11,1,3,0.0,[],0,0.0,[],[],[],0.0,[],[],0.0
Run 3,agentmemorybench:fact-mh-262k:context-0/factconsolidation_mh_262k_no11,2,3,0.0,[1],1,0.3333333333333333,[],[1],[1],0.3333333333333333,[1],[1],0.3333333333333333
Run 3,agentmemorybench:fact-mh-262k:context-0/factconsolidation_mh_262k_no11,3,3,0.0,[2],1,0.3333333333333333,[],[2],[2],0.3333333333333333,"[1,2]","[1,2]",0.6666666666666666
Run 3,agentmemorybench:fact-mh-262k:context-0/factconsolidation_mh_262k_no11,4,3,0.3333333333333333,[],0,0.0,[2],[2],[2],0.3333333333333333,"[1,2]","[1,2]",0.6666666666666666
Run 3,agentmemorybench:fact-mh-262k:context-0/factconsolidation_mh_262k_no11,5,3,0.3333333333333333,[],0,0.0,[],[],[2],0.3333333333333333,"[1,2]","[1,2]",0.6666666666666666
Run 3,agentmemorybench:fact-mh-262k:context-0/factconsolidation_mh_262k_no11,6,3,0.3333333333333333,[],0,0.0,[],[],[2],0.3333333333333333,"[1,2]","[1,2]",0.6666666666666666
Run 3,agentmemorybench:fact-mh-262k:context-0/factconsolidation_mh_262k_no11,7,3,0.3333333333333333,[],0,0.0,[],[],[2],0.3333333333333333,"[1,2]","[1,2]",0.6666666666666666
Run 3,agentmemorybench:fact-mh-262k:context-0/factconsolidation_mh_262k_no11,8,3,0.3333333333333333,[],0,0.0,[],[],[2],0.3333333333333333,"[1,2]","[1,2]",0.6666666666666666
Run 3,agentmemorybench:fact-mh-262k:context-0/factconsolidation_mh_262k_no11,9,3,0.3333333333333333,[],0,0.0,[],[],[2],0.3333333333333333,"[1,2]","[1,2]",0.6666666666666666
Run 3,agentmemorybench:fact-mh-262k:context-0/factconsolidation_mh_262k_no11,10,3,0.3333333333333333,[],0,0.0,[],[],[2],0.3333333333333333,"[1,2]","[1,2]",0.6666666666666666
Run 3,agentmemorybench:fact-mh-262k:context-0/factconsolidation_mh_262k_no11,11,3,0.3333333333333333,[],0,0.0,[],[],[2],0.3333333333333333,"[1,2]","[1,2]",0.6666666666666666
Run 3,agentmemorybench:fact-mh-262k:context-0/factconsolidation_mh_262k_no11,12,3,0.3333333333333333,[],0,0.0,[],[],[2],0.3333333333333333,"[1,2]","[1,2]",0.6666666666666666
Run 3,agentmemorybench:fact-mh-262k:context-0/factconsolidation_mh_262k_no11,13,3,0.3333333333333333,[],0,0.0,[],[],[2],0.3333333333333333,"[1,2]","[1,2]",0.6666666666666666
Run 3,agentmemorybench:fact-mh-262k:context-0/factconsolidation_mh_262k_no11,14,3,0.3333333333333333,[],0,0.0,[],[],[2],0.3333333333333333,"[1,2]","[1,2]",0.6666666666666666
Run 3,agentmemorybench:fact-mh-262k:context-0/factconsolidation_mh_262k_no12,1,2,0.0,[],0,0.0,[],[],[],0.0,[],[],0.0
Run 3,agentmemorybench:fact-mh-262k:context-0/factconsolidation_mh_262k_no12,2,2,0.0,[1],1,0.5,[],[1],[1],0.5,[1],[1],0.5
Run 3,agentmemorybench:fact-mh-262k:context-0/factconsolidation_mh_262k_no12,3,2,0.5,[],0,0.0,[1],[1],[1],0.5,[1],[1],0.5
Run 3,agentmemorybench:fact-mh-262k:context-0/factconsolidation_mh_262k_no13,1,2,0.0,[],0,0.0,[],[],[],0.0,[],[],0.0
Run 3,agentmemorybench:fact-mh-262k:context-0/factconsolidation_mh_262k_no13,2,2,0.0,[1],1,0.5,[],[1],[1],0.5,[1],[1],0.5
Run 3,agentmemorybench:fact-mh-262k:context-0/factconsolidation_mh_262k_no13,3,2,0.5,[],0,0.0,[1],[1],[1],0.5,[1],[1],0.5
Run 3,agentmemorybench:fact-mh-262k:context-0/factconsolidation_mh_262k_no13,4,2,0.5,[2],1,0.5,[],[2],"[1,2]",1.0,"[1,2]","[1,2]",1.0
Run 3,agentmemorybench:fact-mh-262k:context-0/factconsolidation_mh_262k_no13,5,2,1.0,[],0,0.0,[2],[2],"[1,2]",1.0,"[1,2]","[1,2]",1.0
Run 3,agentmemorybench:fact-mh-262k:context-0/factconsolidation_mh_262k_no14,1,2,0.0,[],0,0.0,[],[],[],0.0,[],[],0.0
Run 3,agentmemorybench:fact-mh-262k:context-0/factconsolidation_mh_262k_no14,2,2,0.0,"[1,2]",2,1.0,[],"[1,2]","[1,2]",1.0,"[1,2]","[1,2]",1.0
Run 3,agentmemorybench:fact-mh-262k:context-0/factconsolidation_mh_262k_no14,3,2,1.0,[],0,0.0,"[1,2]","[1,2]","[1,2]",1.0,"[1,2]","[1,2]",1.0
Run 3,agentmemorybench:fact-mh-262k:context-0/factconsolidation_mh_262k_no15,1,2,0.0,[],0,0.0,[],[],[],0.0,[],[],0.0
Run 3,agentmemorybench:fact-mh-262k:context-0/factconsolidation_mh_262k_no15,2,2,0.0,[1],1,0.5,[],[1],[1],0.5,[1],[1],0.5
Run 3,agentmemorybench:fact-mh-262k:context-0/factconsolidation_mh_262k_no15,3,2,0.5,[],0,0.0,[1],[1],[1],0.5,[1],[1],0.5
Run 3,agentmemorybench:fact-mh-262k:context-0/factconsolidation_mh_262k_no15,4,2,0.5,[],0,0.0,[],[],[1],0.5,[1],[1],0.5
Run 3,agentmemorybench:fact-mh-262k:context-0/factconsolidation_mh_262k_no15,5,2,1.0,[],0,0.0,[2],[2],"[1,2]",1.0,[1],"[1,2]",1.0
Run 3,agentmemorybench:fact-mh-262k:context-0/factconsolidation_mh_262k_no16,1,4,0.0,[],0,0.0,[],[],[],0.0,[],[],0.0
Run 3,agentmemorybench:fact-mh-262k:context-0/factconsolidation_mh_262k_no16,2,4,0.0,"[1,2]",2,0.5,[],"[1,2]","[1,2]",0.5,"[1,2]","[1,2]",0.5
Run 3,agentmemorybench:fact-mh-262k:context-0/factconsolidation_mh_262k_no16,3,4,0.25,[2],1,0.25,[1],"[1,2]","[1,2]",0.5,"[1,2]","[1,2]",0.5
Run 3,agentmemorybench:fact-mh-262k:context-0/factconsolidation_mh_262k_no16,4,4,0.25,[2],1,0.25,[],[2],"[1,2]",0.5,"[1,2]","[1,2]",0.5
Run 3,agentmemorybench:fact-mh-262k:context-0/factconsolidation_mh_262k_no16,5,4,0.25,[2],1,0.25,[],[2],"[1,2]",0.5,"[1,2]","[1,2]",0.5
Run 3,agentmemorybench:fact-mh-262k:context-0/factconsolidation_mh_262k_no16,6,4,0.25,"[2,3]",2,0.5,[],"[2,3]","[1,2,3]",0.75,"[1,2,3]","[1,2,3]",0.75
Run 3,agentmemorybench:fact-mh-262k:context-0/factconsolidation_mh_262k_no16,7,4,0.5,[3],1,0.25,[2],"[2,3]","[1,2,3]",0.75,"[1,2,3]","[1,2,3]",0.75
Run 3,agentmemorybench:fact-mh-262k:context-0/factconsolidation_mh_262k_no16,8,4,0.5,[3],1,0.25,[],[3],"[1,2,3]",0.75,"[1,2,3]","[1,2,3]",0.75
Run 3,agentmemorybench:fact-mh-262k:context-0/factconsolidation_mh_262k_no16,9,4,0.75,[],0,0.0,[3],[3],"[1,2,3]",0.75,"[1,2,3]","[1,2,3]",0.75
Run 3,agentmemorybench:fact-mh-262k:context-0/factconsolidation_mh_262k_no16,10,4,0.75,[],0,0.0,[],[],"[1,2,3]",0.75,"[1,2,3]","[1,2,3]",0.75
Run 3,agentmemorybench:fact-mh-262k:context-0/factconsolidation_mh_262k_no16,11,4,0.75,[],0,0.0,[],"[1,2,3]","[1,2,3]",0.75,"[1,2,3]","[1,2,3]",0.75
Run 3,agentmemorybench:fact-mh-262k:context-0/factconsolidation_mh_262k_no16,12,4,0.75,[],0,0.0,[],[],"[1,2,3]",0.75,"[1,2,3]","[1,2,3]",0.75
Run 3,agentmemorybench:fact-mh-262k:context-0/factconsolidation_mh_262k_no16,13,4,0.75,[],0,0.0,[],"[1,2,3]","[1,2,3]",0.75,"[1,2,3]","[1,2,3]",0.75
Run 3,agentmemorybench:fact-mh-262k:context-0/factconsolidation_mh_262k_no16,14,4,0.75,[],0,0.0,[],"[1,2,3]","[1,2,3]",0.75,"[1,2,3]","[1,2,3]",0.75
Run 3,agentmemorybench:fact-mh-262k:context-0/factconsolidation_mh_262k_no16,15,4,0.75,[],0,0.0,[],"[1,2,3]","[1,2,3]",0.75,"[1,2,3]","[1,2,3]",0.75
Run 3,agentmemorybench:fact-mh-262k:context-0/factconsolidation_mh_262k_no17,1,3,0.0,[],0,0.0,[],[],[],0.0,[],[],0.0
Run 3,agentmemorybench:fact-mh-262k:context-0/factconsolidation_mh_262k_no17,2,3,0.0,[1],1,0.3333333333333333,[],[1],[1],0.3333333333333333,[1],[1],0.3333333333333333
Run 3,agentmemorybench:fact-mh-262k:context-0/factconsolidation_mh_262k_no17,3,3,0.0,[],0,0.0,[],[],[],0.0,[1],[1],0.3333333333333333
Run 3,agentmemorybench:fact-mh-262k:context-0/factconsolidation_mh_262k_no17,4,3,0.0,[],0,0.0,[],[],[],0.0,[1],[1],0.3333333333333333
Run 3,agentmemorybench:fact-mh-262k:context-0/factconsolidation_mh_262k_no17,5,3,0.0,[1],1,0.3333333333333333,[],[1],[1],0.3333333333333333,[1],[1],0.3333333333333333
Run 3,agentmemorybench:fact-mh-262k:context-0/factconsolidation_mh_262k_no17,6,3,0.0,[1],1,0.3333333333333333,[],[1],[1],0.3333333333333333,[1],[1],0.3333333333333333
Run 3,agentmemorybench:fact-mh-262k:context-0/factconsolidation_mh_262k_no17,7,3,0.3333333333333333,[],0,0.0,[1],[1],[1],0.3333333333333333,[1],[1],0.3333333333333333
Run 3,agentmemorybench:fact-mh-262k:context-0/factconsolidation_mh_262k_no17,8,3,0.3333333333333333,[],0,0.0,[],[],[1],0.3333333333333333,[1],[1],0.3333333333333333
Run 3,agentmemorybench:fact-mh-262k:context-0/factconsolidation_mh_262k_no17,9,3,0.3333333333333333,[],0,0.0,[],[],[1],0.3333333333333333,[1],[1],0.3333333333333333
Run 3,agentmemorybench:fact-mh-262k:context-0/factconsolidation_mh_262k_no18,1,4,0.0,[],0,0.0,[],[],[],0.0,[],[],0.0
Run 3,agentmemorybench:fact-mh-262k:context-0/factconsolidation_mh_262k_no18,2,4,0.0,[4],1,0.25,[],[4],[4],0.25,[4],[4],0.25
Run 3,agentmemorybench:fact-mh-262k:context-0/factconsolidation_mh_262k_no18,3,4,0.0,[4],1,0.25,[],[4],[4],0.25,[4],[4],0.25
Run 3,agentmemorybench:fact-mh-262k:context-0/factconsolidation_mh_262k_no18,4,4,0.25,[4],1,0.25,[1],"[1,4]","[1,4]",0.5,[4],"[1,4]",0.5
Run 3,agentmemorybench:fact-mh-262k:context-0/factconsolidation_mh_262k_no18,5,4,0.25,[],0,0.0,[],[],[1],0.25,[4],"[1,4]",0.5
Run 3,agentmemorybench:fact-mh-262k:context-0/factconsolidation_mh_262k_no18,6,4,0.25,[],0,0.0,[],[],[1],0.25,[4],"[1,4]",0.5
Run 3,agentmemorybench:fact-mh-262k:context-0/factconsolidation_mh_262k_no18,7,4,0.25,[],0,0.0,[],[],[1],0.25,[4],"[1,4]",0.5
Run 3,agentmemorybench:fact-mh-262k:context-0/factconsolidation_mh_262k_no18,8,4,0.25,[],0,0.0,[],[],[1],0.25,[4],"[1,4]",0.5
Run 3,agentmemorybench:fact-mh-262k:context-0/factconsolidation_mh_262k_no18,9,4,0.25,[],0,0.0,[],[],[1],0.25,[4],"[1,4]",0.5
Run 3,agentmemorybench:fact-mh-262k:context-0/factconsolidation_mh_262k_no18,10,4,0.25,[],0,0.0,[],[],[1],0.25,[4],"[1,4]",0.5
Run 3,agentmemorybench:fact-mh-262k:context-0/factconsolidation_mh_262k_no18,11,4,0.25,[4],1,0.25,[],[4],"[1,4]",0.5,[4],"[1,4]",0.5
Run 3,agentmemorybench:fact-mh-262k:context-0/factconsolidation_mh_262k_no18,12,4,0.25,[],0,0.0,[],[],[1],0.25,[4],"[1,4]",0.5
Run 3,agentmemorybench:fact-mh-262k:context-0/factconsolidation_mh_262k_no18,13,4,0.25,[],0,0.0,[1],[1],[1],0.25,[4],"[1,4]",0.5
Run 3,agentmemorybench:fact-mh-262k:context-0/factconsolidation_mh_262k_no19,1,4,0.0,[],0,0.0,[],[],[],0.0,[],[],0.0
Run 3,agentmemorybench:fact-mh-262k:context-0/factconsolidation_mh_262k_no19,2,4,0.0,[1],1,0.25,[],[1],[1],0.25,[1],[1],0.25
Run 3,agentmemorybench:fact-mh-262k:context-0/factconsolidation_mh_262k_no19,3,4,0.25,[],0,0.0,[1],[1],[1],0.25,[1],[1],0.25
Run 3,agentmemorybench:fact-mh-262k:context-0/factconsolidation_mh_262k_no19,4,4,0.25,[],0,0.0,[],[],[1],0.25,[1],[1],0.25
Run 3,agentmemorybench:fact-mh-262k:context-0/factconsolidation_mh_262k_no19,5,4,0.25,[],0,0.0,[],[],[1],0.25,[1],[1],0.25
Run 3,agentmemorybench:fact-mh-262k:context-0/factconsolidation_mh_262k_no19,6,4,0.25,[],0,0.0,[],[],[1],0.25,[1],[1],0.25
Run 3,agentmemorybench:fact-mh-262k:context-0/factconsolidation_mh_262k_no19,7,4,0.25,[],0,0.0,[],[],[1],0.25,[1],[1],0.25
Run 3,agentmemorybench:fact-mh-262k:context-0/factconsolidation_mh_262k_no19,8,4,0.5,[],0,0.0,[4],[4],"[1,4]",0.5,[1],"[1,4]",0.5
Run 3,agentmemorybench:fact-mh-262k:context-0/factconsolidation_mh_262k_no19,9,4,0.5,[],0,0.0,[],[],"[1,4]",0.5,[1],"[1,4]",0.5
Run 3,agentmemorybench:fact-mh-262k:context-0/factconsolidation_mh_262k_no19,10,4,0.5,[],0,0.0,[],[],"[1,4]",0.5,[1],"[1,4]",0.5
Run 3,agentmemorybench:fact-mh-262k:context-0/factconsolidation_mh_262k_no19,11,4,0.5,[],0,0.0,[],[],"[1,4]",0.5,[1],"[1,4]",0.5
Run 3,agentmemorybench:fact-mh-262k:context-0/factconsolidation_mh_262k_no19,12,4,0.5,[],0,0.0,[],[],"[1,4]",0.5,[1],"[1,4]",0.5
Run 3,agentmemorybench:fact-mh-262k:context-0/factconsolidation_mh_262k_no19,13,4,0.5,[],0,0.0,[],[],"[1,4]",0.5,[1],"[1,4]",0.5
Run 3,agentmemorybench:fact-mh-262k:context-0/factconsolidation_mh_262k_no19,14,4,0.5,[],0,0.0,[],[],"[1,4]",0.5,[1],"[1,4]",0.5
Run 3,agentmemorybench:fact-mh-262k:context-0/factconsolidation_mh_262k_no19,15,4,0.5,[],0,0.0,[],[],"[1,4]",0.5,[1],"[1,4]",0.5
Run 3,agentmemorybench:fact-mh-262k:context-0/factconsolidation_mh_262k_no19,16,4,0.5,[],0,0.0,[],[],"[1,4]",0.5,[1],"[1,4]",0.5
Run 3,agentmemorybench:fact-mh-262k:context-0/factconsolidation_mh_262k_no19,17,4,0.5,[],0,0.0,[],[],"[1,4]",0.5,[1],"[1,4]",0.5
Run 3,agentmemorybench:fact-mh-262k:context-0/factconsolidation_mh_262k_no19,18,4,0.5,[],0,0.0,[],[],"[1,4]",0.5,[1],"[1,4]",0.5
Run 3,agentmemorybench:fact-mh-262k:context-0/factconsolidation_mh_262k_no19,19,4,0.5,[],0,0.0,[],[],"[1,4]",0.5,[1],"[1,4]",0.5
Run 3,agentmemorybench:fact-mh-262k:context-0/factconsolidation_mh_262k_no19,20,4,0.5,[],0,0.0,[],[],"[1,4]",0.5,[1],"[1,4]",0.5
Run 3,agentmemorybench:fact-mh-262k:context-0/factconsolidation_mh_262k_no19,21,4,0.75,[],0,0.0,[2],[2],"[1,2,4]",0.75,[1],"[1,2,4]",0.75
Run 3,agentmemorybench:fact-mh-262k:context-0/factconsolidation_mh_262k_no19,22,4,0.75,[],0,0.0,[],[],"[1,2,4]",0.75,[1],"[1,2,4]",0.75
Run 3,agentmemorybench:fact-mh-262k:context-0/factconsolidation_mh_262k_no19,23,4,0.75,[],0,0.0,[],[],"[1,2,4]",0.75,[1],"[1,2,4]",0.75
Run 3,agentmemorybench:fact-mh-262k:context-0/factconsolidation_mh_262k_no19,24,4,0.75,[],0,0.0,[],[],"[1,2,4]",0.75,[1],"[1,2,4]",0.75
Run 3,agentmemorybench:fact-mh-262k:context-0/factconsolidation_mh_262k_no19,25,4,0.75,[],0,0.0,[],[],"[1,2,4]",0.75,[1],"[1,2,4]",0.75
Run 3,agentmemorybench:fact-mh-262k:context-0/factconsolidation_mh_262k_no19,26,4,0.75,[],0,0.0,[],[],"[1,2,4]",0.75,[1],"[1,2,4]",0.75
Run 3,agentmemorybench:fact-mh-262k:context-0/factconsolidation_mh_262k_no2,1,4,0.0,[],0,0.0,[],[],[],0.0,[],[],0.0
Run 3,agentmemorybench:fact-mh-262k:context-0/factconsolidation_mh_262k_no2,2,4,0.0,[1],1,0.25,[],[1],[1],0.25,[1],[1],0.25
Run 3,agentmemorybench:fact-mh-262k:context-0/factconsolidation_mh_262k_no2,3,4,0.0,"[1,2,3]",3,0.75,[],"[1,2,3]","[1,2,3]",0.75,"[1,2,3]","[1,2,3]",0.75
Run 3,agentmemorybench:fact-mh-262k:context-0/factconsolidation_mh_262k_no2,4,4,0.75,[],0,0.0,"[1,2,3]","[1,2,3]","[1,2,3]",0.75,"[1,2,3]","[1,2,3]",0.75
Run 3,agentmemorybench:fact-mh-262k:context-0/factconsolidation_mh_262k_no2,5,4,0.75,[],0,0.0,[],[],"[1,2,3]",0.75,"[1,2,3]","[1,2,3]",0.75
Run 3,agentmemorybench:fact-mh-262k:context-0/factconsolidation_mh_262k_no2,6,4,0.75,[],0,0.0,[],[],"[1,2,3]",0.75,"[1,2,3]","[1,2,3]",0.75
Run 3,agentmemorybench:fact-mh-262k:context-0/factconsolidation_mh_262k_no2,7,4,0.75,[],0,0.0,[],[],"[1,2,3]",0.75,"[1,2,3]","[1,2,3]",0.75
Run 3,agentmemorybench:fact-mh-262k:context-0/factconsolidation_mh_262k_no2,8,4,0.75,[],0,0.0,[],[],"[1,2,3]",0.75,"[1,2,3]","[1,2,3]",0.75
Run 3,agentmemorybench:fact-mh-262k:context-0/factconsolidation_mh_262k_no2,9,4,0.75,[],0,0.0,[],[],"[1,2,3]",0.75,"[1,2,3]","[1,2,3]",0.75
Run 3,agentmemorybench:fact-mh-262k:context-0/factconsolidation_mh_262k_no2,10,4,0.75,[],0,0.0,[],[],"[1,2,3]",0.75,"[1,2,3]","[1,2,3]",0.75
Run 3,agentmemorybench:fact-mh-262k:context-0/factconsolidation_mh_262k_no2,11,4,0.75,[],0,0.0,[],[],"[1,2,3]",0.75,"[1,2,3]","[1,2,3]",0.75
Run 3,agentmemorybench:fact-mh-262k:context-0/factconsolidation_mh_262k_no2,12,4,0.75,[],0,0.0,[],[],"[1,2,3]",0.75,"[1,2,3]","[1,2,3]",0.75
Run 3,agentmemorybench:fact-mh-262k:context-0/factconsolidation_mh_262k_no2,13,4,0.75,[],0,0.0,[],[],"[1,2,3]",0.75,"[1,2,3]","[1,2,3]",0.75
Run 3,agentmemorybench:fact-mh-262k:context-0/factconsolidation_mh_262k_no2,14,4,0.75,[],0,0.0,[],[],"[1,2,3]",0.75,"[1,2,3]","[1,2,3]",0.75
Run 3,agentmemorybench:fact-mh-262k:context-0/factconsolidation_mh_262k_no2,15,4,0.75,[],0,0.0,[],[],"[1,2,3]",0.75,"[1,2,3]","[1,2,3]",0.75
Run 3,agentmemorybench:fact-mh-262k:context-0/factconsolidation_mh_262k_no2,16,4,0.75,[],0,0.0,[1],[1],"[1,2,3]",0.75,"[1,2,3]","[1,2,3]",0.75
Run 3,agentmemorybench:fact-mh-262k:context-0/factconsolidation_mh_262k_no2,17,4,0.75,[],0,0.0,[],[],"[1,2,3]",0.75,"[1,2,3]","[1,2,3]",0.75
Run 3,agentmemorybench:fact-mh-262k:context-0/factconsolidation_mh_262k_no20,1,3,0.0,[],0,0.0,[],[],[],0.0,[],[],0.0
Run 3,agentmemorybench:fact-mh-262k:context-0/factconsolidation_mh_262k_no20,2,3,0.0,[1],1,0.3333333333333333,[],[1],[1],0.3333333333333333,[1],[1],0.3333333333333333
Run 3,agentmemorybench:fact-mh-262k:context-0/factconsolidation_mh_262k_no20,3,3,0.3333333333333333,[],0,0.0,[1],[1],[1],0.3333333333333333,[1],[1],0.3333333333333333
Run 3,agentmemorybench:fact-mh-262k:context-0/factconsolidation_mh_262k_no20,4,3,0.3333333333333333,[2],1,0.3333333333333333,[],[2],"[1,2]",0.6666666666666666,"[1,2]","[1,2]",0.6666666666666666
Run 3,agentmemorybench:fact-mh-262k:context-0/factconsolidation_mh_262k_no20,5,3,0.3333333333333333,"[2,3]",2,0.6666666666666666,[],"[2,3]","[1,2,3]",1.0,"[1,2,3]","[1,2,3]",1.0
Run 3,agentmemorybench:fact-mh-262k:context-0/factconsolidation_mh_262k_no20,6,3,1.0,[],0,0.0,"[2,3]","[2,3]","[1,2,3]",1.0,"[1,2,3]","[1,2,3]",1.0
Run 3,agentmemorybench:fact-mh-262k:context-0/factconsolidation_mh_262k_no21,1,2,0.0,[],0,0.0,[],[],[],0.0,[],[],0.0
Run 3,agentmemorybench:fact-mh-262k:context-0/factconsolidation_mh_262k_no21,2,2,0.0,[1],1,0.5,[],[1],[1],0.5,[1],[1],0.5
Run 3,agentmemorybench:fact-mh-262k:context-0/factconsolidation_mh_262k_no21,3,2,1.0,[],0,0.0,"[1,2]","[1,2]","[1,2]",1.0,[1],"[1,2]",1.0
Run 3,agentmemorybench:fact-mh-262k:context-0/factconsolidation_mh_262k_no21,4,2,1.0,[],0,0.0,[],[],"[1,2]",1.0,[1],"[1,2]",1.0
Run 3,agentmemorybench:fact-mh-262k:context-0/factconsolidation_mh_262k_no21,5,2,1.0,[],0,0.0,[],[],"[1,2]",1.0,[1],"[1,2]",1.0
Run 3,agentmemorybench:fact-mh-262k:context-0/factconsolidation_mh_262k_no22,1,3,0.0,[],0,0.0,[],[],[],0.0,[],[],0.0
Run 3,agentmemorybench:fact-mh-262k:context-0/factconsolidation_mh_262k_no22,2,3,0.0,[1],1,0.3333333333333333,[],[1],[1],0.3333333333333333,[1],[1],0.3333333333333333
Run 3,agentmemorybench:fact-mh-262k:context-0/factconsolidation_mh_262k_no22,3,3,0.3333333333333333,[],0,0.0,[1],[1],[1],0.3333333333333333,[1],[1],0.3333333333333333
Run 3,agentmemorybench:fact-mh-262k:context-0/factconsolidation_mh_262k_no22,4,3,0.3333333333333333,[],0,0.0,[],[1],[1],0.3333333333333333,[1],[1],0.3333333333333333
Run 3,agentmemorybench:fact-mh-262k:context-0/factconsolidation_mh_262k_no22,5,3,0.3333333333333333,[],0,0.0,[],[],[1],0.3333333333333333,[1],[1],0.3333333333333333
Run 3,agentmemorybench:fact-mh-262k:context-0/factconsolidation_mh_262k_no23,1,2,0.0,[],0,0.0,[],[],[],0.0,[],[],0.0
Run 3,agentmemorybench:fact-mh-262k:context-0/factconsolidation_mh_262k_no23,2,2,0.0,[1],1,0.5,[],[1],[1],0.5,[1],[1],0.5
Run 3,agentmemorybench:fact-mh-262k:context-0/factconsolidation_mh_262k_no23,3,2,0.5,[],0,0.0,[1],[1],[1],0.5,[1],[1],0.5
Run 3,agentmemorybench:fact-mh-262k:context-0/factconsolidation_mh_262k_no23,4,2,0.5,[2],1,0.5,[],"[1,2]","[1,2]",1.0,"[1,2]","[1,2]",1.0
Run 3,agentmemorybench:fact-mh-262k:context-0/factconsolidation_mh_262k_no23,5,2,1.0,[],0,0.0,[2],"[1,2]","[1,2]",1.0,"[1,2]","[1,2]",1.0
Run 3,agentmemorybench:fact-mh-262k:context-0/factconsolidation_mh_262k_no24,1,2,0.0,[],0,0.0,[],[],[],0.0,[],[],0.0
Run 3,agentmemorybench:fact-mh-262k:context-0/factconsolidation_mh_262k_no24,2,2,0.0,[1],1,0.5,[],[1],[1],0.5,[1],[1],0.5
Run 3,agentmemorybench:fact-mh-262k:context-0/factconsolidation_mh_262k_no24,3,2,0.5,[],0,0.0,[1],[1],[1],0.5,[1],[1],0.5
Run 3,agentmemorybench:fact-mh-262k:context-0/factconsolidation_mh_262k_no25,1,4,0.0,[],0,0.0,[],[],[],0.0,[],[],0.0
Run 3,agentmemorybench:fact-mh-262k:context-0/factconsolidation_mh_262k_no25,2,4,0.0,"[1,2]",2,0.5,[],"[1,2]","[1,2]",0.5,"[1,2]","[1,2]",0.5
Run 3,agentmemorybench:fact-mh-262k:context-0/factconsolidation_mh_262k_no25,3,4,0.0,"[1,2]",2,0.5,[],"[1,2]","[1,2]",0.5,"[1,2]","[1,2]",0.5
Run 3,agentmemorybench:fact-mh-262k:context-0/factconsolidation_mh_262k_no25,4,4,0.0,[],0,0.0,[],[],[],0.0,"[1,2]","[1,2]",0.5
Run 3,agentmemorybench:fact-mh-262k:context-0/factconsolidation_mh_262k_no25,5,4,0.0,[],0,0.0,[],[],[],0.0,"[1,2]","[1,2]",0.5
Run 3,agentmemorybench:fact-mh-262k:context-0/factconsolidation_mh_262k_no25,6,4,0.0,[],0,0.0,[],[],[],0.0,"[1,2]","[1,2]",0.5
Run 3,agentmemorybench:fact-mh-262k:context-0/factconsolidation_mh_262k_no25,7,4,0.0,[],0,0.0,[],[],[],0.0,"[1,2]","[1,2]",0.5
Run 3,agentmemorybench:fact-mh-262k:context-0/factconsolidation_mh_262k_no26,1,2,0.0,[],0,0.0,[],[],[],0.0,[],[],0.0
Run 3,agentmemorybench:fact-mh-262k:context-0/factconsolidation_mh_262k_no26,2,2,0.0,"[1,2]",2,1.0,[],"[1,2]","[1,2]",1.0,"[1,2]","[1,2]",1.0
Run 3,agentmemorybench:fact-mh-262k:context-0/factconsolidation_mh_262k_no26,3,2,1.0,[],0,0.0,"[1,2]","[1,2]","[1,2]",1.0,"[1,2]","[1,2]",1.0
Run 3,agentmemorybench:fact-mh-262k:context-0/factconsolidation_mh_262k_no27,1,4,0.0,[],0,0.0,[],[],[],0.0,[],[],0.0
Run 3,agentmemorybench:fact-mh-262k:context-0/factconsolidation_mh_262k_no27,2,4,0.0,[1],1,0.25,[],[1],[1],0.25,[1],[1],0.25
Run 3,agentmemorybench:fact-mh-262k:context-0/factconsolidation_mh_262k_no27,3,4,0.5,[2],1,0.25,"[1,4]","[1,2,4]","[1,2,4]",0.75,"[1,2]","[1,2,4]",0.75
Run 3,agentmemorybench:fact-mh-262k:context-0/factconsolidation_mh_262k_no27,4,4,0.75,[],0,0.0,[2],[2],"[1,2,4]",0.75,"[1,2]","[1,2,4]",0.75
Run 3,agentmemorybench:fact-mh-262k:context-0/factconsolidation_mh_262k_no27,5,4,0.75,[],0,0.0,"[1,4]","[1,4]","[1,2,4]",0.75,"[1,2]","[1,2,4]",0.75
Run 3,agentmemorybench:fact-mh-262k:context-0/factconsolidation_mh_262k_no27,6,4,0.75,[],0,0.0,[],[],"[1,2,4]",0.75,"[1,2]","[1,2,4]",0.75
Run 3,agentmemorybench:fact-mh-262k:context-0/factconsolidation_mh_262k_no27,7,4,0.75,[],0,0.0,[],[],"[1,2,4]",0.75,"[1,2]","[1,2,4]",0.75
Run 3,agentmemorybench:fact-mh-262k:context-0/factconsolidation_mh_262k_no27,8,4,0.75,[],0,0.0,[],[],"[1,2,4]",0.75,"[1,2]","[1,2,4]",0.75
Run 3,agentmemorybench:fact-mh-262k:context-0/factconsolidation_mh_262k_no27,9,4,0.75,[],0,0.0,[],[],"[1,2,4]",0.75,"[1,2]","[1,2,4]",0.75
Run 3,agentmemorybench:fact-mh-262k:context-0/factconsolidation_mh_262k_no27,10,4,0.75,[],0,0.0,[],[],"[1,2,4]",0.75,"[1,2]","[1,2,4]",0.75
Run 3,agentmemorybench:fact-mh-262k:context-0/factconsolidation_mh_262k_no28,1,2,0.0,[],0,0.0,[],[],[],0.0,[],[],0.0
Run 3,agentmemorybench:fact-mh-262k:context-0/factconsolidation_mh_262k_no28,2,2,0.0,[1],1,0.5,[],[1],[1],0.5,[1],[1],0.5
Run 3,agentmemorybench:fact-mh-262k:context-0/factconsolidation_mh_262k_no28,3,2,0.0,[],0,0.0,[],[],[],0.0,[1],[1],0.5
Run 3,agentmemorybench:fact-mh-262k:context-0/factconsolidation_mh_262k_no28,4,2,0.0,[],0,0.0,[],[],[],0.0,[1],[1],0.5
Run 3,agentmemorybench:fact-mh-262k:context-0/factconsolidation_mh_262k_no28,5,2,0.5,[],0,0.0,[1],[1],[1],0.5,[1],[1],0.5
Run 3,agentmemorybench:fact-mh-262k:context-0/factconsolidation_mh_262k_no28,6,2,0.5,[],0,0.0,[],[],[1],0.5,[1],[1],0.5
Run 3,agentmemorybench:fact-mh-262k:context-0/factconsolidation_mh_262k_no28,7,2,1.0,[],0,0.0,[2],[2],"[1,2]",1.0,[1],"[1,2]",1.0
Run 3,agentmemorybench:fact-mh-262k:context-0/factconsolidation_mh_262k_no29,1,2,0.0,[],0,0.0,[],[],[],0.0,[],[],0.0
Run 3,agentmemorybench:fact-mh-262k:context-0/factconsolidation_mh_262k_no29,2,2,0.0,[1],1,0.5,[],[1],[1],0.5,[1],[1],0.5
Run 3,agentmemorybench:fact-mh-262k:context-0/factconsolidation_mh_262k_no29,3,2,0.0,"[1,2]",2,1.0,[],"[1,2]","[1,2]",1.0,"[1,2]","[1,2]",1.0
Run 3,agentmemorybench:fact-mh-262k:context-0/factconsolidation_mh_262k_no29,4,2,1.0,[],0,0.0,"[1,2]","[1,2]","[1,2]",1.0,"[1,2]","[1,2]",1.0
Run 3,agentmemorybench:fact-mh-262k:context-0/factconsolidation_mh_262k_no3,1,2,0.0,[],0,0.0,[],[],[],0.0,[],[],0.0
Run 3,agentmemorybench:fact-mh-262k:context-0/factconsolidation_mh_262k_no3,2,2,0.0,[1],1,0.5,[],[1],[1],0.5,[1],[1],0.5
Run 3,agentmemorybench:fact-mh-262k:context-0/factconsolidation_mh_262k_no3,3,2,0.5,[],0,0.0,[1],[1],[1],0.5,[1],[1],0.5
Run 3,agentmemorybench:fact-mh-262k:context-0/factconsolidation_mh_262k_no3,4,2,0.5,[2],1,0.5,[],[2],"[1,2]",1.0,"[1,2]","[1,2]",1.0
Run 3,agentmemorybench:fact-mh-262k:context-0/factconsolidation_mh_262k_no3,5,2,1.0,[],0,0.0,[2],[2],"[1,2]",1.0,"[1,2]","[1,2]",1.0
Run 3,agentmemorybench:fact-mh-262k:context-0/factconsolidation_mh_262k_no30,1,2,0.0,[],0,0.0,[],[],[],0.0,[],[],0.0
Run 3,agentmemorybench:fact-mh-262k:context-0/factconsolidation_mh_262k_no30,2,2,0.0,[1],1,0.5,[],[1],[1],0.5,[1],[1],0.5
Run 3,agentmemorybench:fact-mh-262k:context-0/factconsolidation_mh_262k_no30,3,2,0.0,[],0,0.0,[],[],[],0.0,[1],[1],0.5
Run 3,agentmemorybench:fact-mh-262k:context-0/factconsolidation_mh_262k_no30,4,2,0.5,[],0,0.0,[1],[1],[1],0.5,[1],[1],0.5
Run 3,agentmemorybench:fact-mh-262k:context-0/factconsolidation_mh_262k_no30,5,2,1.0,[],0,0.0,[2],[2],"[1,2]",1.0,[1],"[1,2]",1.0
Run 3,agentmemorybench:fact-mh-262k:context-0/factconsolidation_mh_262k_no31,1,2,0.0,[],0,0.0,[],[],[],0.0,[],[],0.0
Run 3,agentmemorybench:fact-mh-262k:context-0/factconsolidation_mh_262k_no31,2,2,0.0,[1],1,0.5,[],[1],[1],0.5,[1],[1],0.5
Run 3,agentmemorybench:fact-mh-262k:context-0/factconsolidation_mh_262k_no31,3,2,0.5,[],0,0.0,[1],[1],[1],0.5,[1],[1],0.5
Run 3,agentmemorybench:fact-mh-262k:context-0/factconsolidation_mh_262k_no32,1,4,0.0,[],0,0.0,[],[],[],0.0,[],[],0.0
Run 3,agentmemorybench:fact-mh-262k:context-0/factconsolidation_mh_262k_no32,2,4,0.0,[2],1,0.25,[],[2],[2],0.25,[2],[2],0.25
Run 3,agentmemorybench:fact-mh-262k:context-0/factconsolidation_mh_262k_no32,3,4,0.0,[],0,0.0,[],[],[],0.0,[2],[2],0.25
Run 3,agentmemorybench:fact-mh-262k:context-0/factconsolidation_mh_262k_no32,4,4,0.0,[1],1,0.25,[],[1],[1],0.25,"[1,2]","[1,2]",0.5
Run 3,agentmemorybench:fact-mh-262k:context-0/factconsolidation_mh_262k_no32,5,4,0.0,"[1,2]",2,0.5,[],"[1,2]","[1,2]",0.5,"[1,2]","[1,2]",0.5
Run 3,agentmemorybench:fact-mh-262k:context-0/factconsolidation_mh_262k_no32,6,4,0.0,[],0,0.0,[],[],[],0.0,"[1,2]","[1,2]",0.5
Run 3,agentmemorybench:fact-mh-262k:context-0/factconsolidation_mh_262k_no32,7,4,0.0,[],0,0.0,[],[],[],0.0,"[1,2]","[1,2]",0.5
Run 3,agentmemorybench:fact-mh-262k:context-0/factconsolidation_mh_262k_no32,8,4,0.0,[2],1,0.25,[],[2],[2],0.25,"[1,2]","[1,2]",0.5
Run 3,agentmemorybench:fact-mh-262k:context-0/factconsolidation_mh_262k_no32,9,4,0.5,[],0,0.0,"[1,2]","[1,2]","[1,2]",0.5,"[1,2]","[1,2]",0.5
Run 3,agentmemorybench:fact-mh-262k:context-0/factconsolidation_mh_262k_no32,10,4,0.5,[],0,0.0,[],[],"[1,2]",0.5,"[1,2]","[1,2]",0.5
Run 3,agentmemorybench:fact-mh-262k:context-0/factconsolidation_mh_262k_no32,11,4,0.5,[],0,0.0,[],[],"[1,2]",0.5,"[1,2]","[1,2]",0.5
Run 3,agentmemorybench:fact-mh-262k:context-0/factconsolidation_mh_262k_no32,12,4,0.5,[],0,0.0,[],[],"[1,2]",0.5,"[1,2]","[1,2]",0.5
Run 3,agentmemorybench:fact-mh-262k:context-0/factconsolidation_mh_262k_no32,13,4,0.5,[1],1,0.25,[],[1],"[1,2]",0.5,"[1,2]","[1,2]",0.5
Run 3,agentmemorybench:fact-mh-262k:context-0/factconsolidation_mh_262k_no32,14,4,0.5,[1],1,0.25,[],[1],"[1,2]",0.5,"[1,2]","[1,2]",0.5
Run 3,agentmemorybench:fact-mh-262k:context-0/factconsolidation_mh_262k_no32,15,4,0.5,[],0,0.0,[],[],"[1,2]",0.5,"[1,2]","[1,2]",0.5
Run 3,agentmemorybench:fact-mh-262k:context-0/factconsolidation_mh_262k_no32,16,4,0.5,[],0,0.0,[],[],"[1,2]",0.5,"[1,2]","[1,2]",0.5
Run 3,agentmemorybench:fact-mh-262k:context-0/factconsolidation_mh_262k_no33,1,3,0.0,[],0,0.0,[],[],[],0.0,[],[],0.0
Run 3,agentmemorybench:fact-mh-262k:context-0/factconsolidation_mh_262k_no33,2,3,0.0,[1],1,0.3333333333333333,[],[1],[1],0.3333333333333333,[1],[1],0.3333333333333333
Run 3,agentmemorybench:fact-mh-262k:context-0/factconsolidation_mh_262k_no33,3,3,0.3333333333333333,[],0,0.0,[1],[1],[1],0.3333333333333333,[1],[1],0.3333333333333333
Run 3,agentmemorybench:fact-mh-262k:context-0/factconsolidation_mh_262k_no33,4,3,0.3333333333333333,[3],1,0.3333333333333333,[],[3],"[1,3]",0.6666666666666666,"[1,3]","[1,3]",0.6666666666666666
Run 3,agentmemorybench:fact-mh-262k:context-0/factconsolidation_mh_262k_no33,5,3,0.6666666666666666,[],0,0.0,[3],[3],"[1,3]",0.6666666666666666,"[1,3]","[1,3]",0.6666666666666666
Run 3,agentmemorybench:fact-mh-262k:context-0/factconsolidation_mh_262k_no33,6,3,0.6666666666666666,[2],1,0.3333333333333333,[],"[2,3]","[1,2,3]",1.0,"[1,2,3]","[1,2,3]",1.0
Run 3,agentmemorybench:fact-mh-262k:context-0/factconsolidation_mh_262k_no33,7,3,0.6666666666666666,[],0,0.0,[],[],"[1,3]",0.6666666666666666,"[1,2,3]","[1,2,3]",1.0
Run 3,agentmemorybench:fact-mh-262k:context-0/factconsolidation_mh_262k_no34,1,3,0.0,[],0,0.0,[],[],[],0.0,[],[],0.0
Run 3,agentmemorybench:fact-mh-262k:context-0/factconsolidation_mh_262k_no34,2,3,0.0,[1],1,0.3333333333333333,[],[1],[1],0.3333333333333333,[1],[1],0.3333333333333333
Run 3,agentmemorybench:fact-mh-262k:context-0/factconsolidation_mh_262k_no34,3,3,0.0,[1],1,0.3333333333333333,[],[1],[1],0.3333333333333333,[1],[1],0.3333333333333333
Run 3,agentmemorybench:fact-mh-262k:context-0/factconsolidation_mh_262k_no34,4,3,0.3333333333333333,[],0,0.0,[1],[1],[1],0.3333333333333333,[1],[1],0.3333333333333333
Run 3,agentmemorybench:fact-mh-262k:context-0/factconsolidation_mh_262k_no34,5,3,0.3333333333333333,[],0,0.0,[],[],[1],0.3333333333333333,[1],[1],0.3333333333333333
Run 3,agentmemorybench:fact-mh-262k:context-0/factconsolidation_mh_262k_no34,6,3,0.3333333333333333,[],0,0.0,[],[],[1],0.3333333333333333,[1],[1],0.3333333333333333
Run 3,agentmemorybench:fact-mh-262k:context-0/factconsolidation_mh_262k_no34,7,3,0.3333333333333333,[],0,0.0,[],[],[1],0.3333333333333333,[1],[1],0.3333333333333333
Run 3,agentmemorybench:fact-mh-262k:context-0/factconsolidation_mh_262k_no34,8,3,0.3333333333333333,[],0,0.0,[],[],[1],0.3333333333333333,[1],[1],0.3333333333333333
Run 3,agentmemorybench:fact-mh-262k:context-0/factconsolidation_mh_262k_no34,9,3,0.3333333333333333,[],0,0.0,[],[],[1],0.3333333333333333,[1],[1],0.3333333333333333
Run 3,agentmemorybench:fact-mh-262k:context-0/factconsolidation_mh_262k_no34,10,3,0.3333333333333333,[],0,0.0,[],[],[1],0.3333333333333333,[1],[1],0.3333333333333333
Run 3,agentmemorybench:fact-mh-262k:context-0/factconsolidation_mh_262k_no34,11,3,0.3333333333333333,[],0,0.0,[],[],[1],0.3333333333333333,[1],[1],0.3333333333333333
Run 3,agentmemorybench:fact-mh-262k:context-0/factconsolidation_mh_262k_no34,12,3,0.3333333333333333,[],0,0.0,[],[],[1],0.3333333333333333,[1],[1],0.3333333333333333
Run 3,agentmemorybench:fact-mh-262k:context-0/factconsolidation_mh_262k_no35,1,4,0.0,[],0,0.0,[],[],[],0.0,[],[],0.0
Run 3,agentmemorybench:fact-mh-262k:context-0/factconsolidation_mh_262k_no35,2,4,0.0,[1],1,0.25,[],[1],[1],0.25,[1],[1],0.25
Run 3,agentmemorybench:fact-mh-262k:context-0/factconsolidation_mh_262k_no35,3,4,0.0,[2],1,0.25,[],[2],[2],0.25,"[1,2]","[1,2]",0.5
Run 3,agentmemorybench:fact-mh-262k:context-0/factconsolidation_mh_262k_no35,4,4,0.5,[],0,0.0,"[1,2]","[1,2]","[1,2]",0.5,"[1,2]","[1,2]",0.5
Run 3,agentmemorybench:fact-mh-262k:context-0/factconsolidation_mh_262k_no35,5,4,0.5,[3],1,0.25,[],[3],"[1,2,3]",0.75,"[1,2,3]","[1,2,3]",0.75
Run 3,agentmemorybench:fact-mh-262k:context-0/factconsolidation_mh_262k_no35,6,4,0.5,"[3,4]",2,0.5,[],"[3,4]","[1,2,3,4]",1.0,"[1,2,3,4]","[1,2,3,4]",1.0
Run 3,agentmemorybench:fact-mh-262k:context-0/factconsolidation_mh_262k_no35,7,4,0.5,[],0,0.0,[],[],"[1,2]",0.5,"[1,2,3,4]","[1,2,3,4]",1.0
Run 3,agentmemorybench:fact-mh-262k:context-0/factconsolidation_mh_262k_no35,8,4,0.5,[],0,0.0,[],[],"[1,2]",0.5,"[1,2,3,4]","[1,2,3,4]",1.0
Run 3,agentmemorybench:fact-mh-262k:context-0/factconsolidation_mh_262k_no35,9,4,0.75,[3],1,0.25,[4],"[3,4]","[1,2,3,4]",1.0,"[1,2,3,4]","[1,2,3,4]",1.0
Run 3,agentmemorybench:fact-mh-262k:context-0/factconsolidation_mh_262k_no36,1,4,0.0,[],0,0.0,[],[],[],0.0,[],[],0.0
Run 3,agentmemorybench:fact-mh-262k:context-0/factconsolidation_mh_262k_no36,2,4,0.0,[1],1,0.25,[],[1],[1],0.25,[1],[1],0.25
Run 3,agentmemorybench:fact-mh-262k:context-0/factconsolidation_mh_262k_no36,3,4,0.25,[],0,0.0,[1],[1],[1],0.25,[1],[1],0.25
Run 3,agentmemorybench:fact-mh-262k:context-0/factconsolidation_mh_262k_no36,4,4,0.25,[3],1,0.25,[],[3],"[1,3]",0.5,"[1,3]","[1,3]",0.5
Run 3,agentmemorybench:fact-mh-262k:context-0/factconsolidation_mh_262k_no36,5,4,0.25,[3],1,0.25,[],[3],"[1,3]",0.5,"[1,3]","[1,3]",0.5
Run 3,agentmemorybench:fact-mh-262k:context-0/factconsolidation_mh_262k_no37,1,2,0.0,[],0,0.0,[],[],[],0.0,[],[],0.0
Run 3,agentmemorybench:fact-mh-262k:context-0/factconsolidation_mh_262k_no37,2,2,0.0,[1],1,0.5,[],[1],[1],0.5,[1],[1],0.5
Run 3,agentmemorybench:fact-mh-262k:context-0/factconsolidation_mh_262k_no37,3,2,0.5,[],0,0.0,[1],[1],[1],0.5,[1],[1],0.5
Run 3,agentmemorybench:fact-mh-262k:context-0/factconsolidation_mh_262k_no37,4,2,0.5,[2],1,0.5,[],[2],"[1,2]",1.0,"[1,2]","[1,2]",1.0
Run 3,agentmemorybench:fact-mh-262k:context-0/factconsolidation_mh_262k_no37,5,2,1.0,[],0,0.0,[2],[2],"[1,2]",1.0,"[1,2]","[1,2]",1.0
Run 3,agentmemorybench:fact-mh-262k:context-0/factconsolidation_mh_262k_no38,1,2,0.0,[],0,0.0,[],[],[],0.0,[],[],0.0
Run 3,agentmemorybench:fact-mh-262k:context-0/factconsolidation_mh_262k_no38,2,2,0.0,[1],1,0.5,[],[1],[1],0.5,[1],[1],0.5
Run 3,agentmemorybench:fact-mh-262k:context-0/factconsolidation_mh_262k_no38,3,2,0.5,[],0,0.0,[1],[1],[1],0.5,[1],[1],0.5
Run 3,agentmemorybench:fact-mh-262k:context-0/factconsolidation_mh_262k_no38,4,2,0.5,[2],1,0.5,[],[2],"[1,2]",1.0,"[1,2]","[1,2]",1.0
Run 3,agentmemorybench:fact-mh-262k:context-0/factconsolidation_mh_262k_no38,5,2,0.5,[],0,0.0,[],[],[1],0.5,"[1,2]","[1,2]",1.0
Run 3,agentmemorybench:fact-mh-262k:context-0/factconsolidation_mh_262k_no38,6,2,0.5,[2],1,0.5,[],[2],"[1,2]",1.0,"[1,2]","[1,2]",1.0
Run 3,agentmemorybench:fact-mh-262k:context-0/factconsolidation_mh_262k_no38,7,2,1.0,[],0,0.0,[2],[2],"[1,2]",1.0,"[1,2]","[1,2]",1.0
Run 3,agentmemorybench:fact-mh-262k:context-0/factconsolidation_mh_262k_no39,1,2,0.0,[],0,0.0,[],[],[],0.0,[],[],0.0
Run 3,agentmemorybench:fact-mh-262k:context-0/factconsolidation_mh_262k_no39,2,2,0.0,[1],1,0.5,[],[1],[1],0.5,[1],[1],0.5
Run 3,agentmemorybench:fact-mh-262k:context-0/factconsolidation_mh_262k_no39,3,2,0.0,[2],1,0.5,[],[2],[2],0.5,"[1,2]","[1,2]",1.0
Run 3,agentmemorybench:fact-mh-262k:context-0/factconsolidation_mh_262k_no39,4,2,0.0,[],0,0.0,[],[],[],0.0,"[1,2]","[1,2]",1.0
Run 3,agentmemorybench:fact-mh-262k:context-0/factconsolidation_mh_262k_no39,5,2,0.0,[1],1,0.5,[],[1],[1],0.5,"[1,2]","[1,2]",1.0
Run 3,agentmemorybench:fact-mh-262k:context-0/factconsolidation_mh_262k_no39,6,2,0.5,[],0,0.0,[1],[1],[1],0.5,"[1,2]","[1,2]",1.0
Run 3,agentmemorybench:fact-mh-262k:context-0/factconsolidation_mh_262k_no39,7,2,0.5,[2],1,0.5,[],[2],"[1,2]",1.0,"[1,2]","[1,2]",1.0
Run 3,agentmemorybench:fact-mh-262k:context-0/factconsolidation_mh_262k_no39,8,2,1.0,[],0,0.0,"[1,2]","[1,2]","[1,2]",1.0,"[1,2]","[1,2]",1.0
Run 3,agentmemorybench:fact-mh-262k:context-0/factconsolidation_mh_262k_no4,1,2,0.0,[],0,0.0,[],[],[],0.0,[],[],0.0
Run 3,agentmemorybench:fact-mh-262k:context-0/factconsolidation_mh_262k_no4,2,2,0.0,[],0,0.0,[],[],[],0.0,[],[],0.0
Run 3,agentmemorybench:fact-mh-262k:context-0/factconsolidation_mh_262k_no4,3,2,0.0,[],0,0.0,[],[],[],0.0,[],[],0.0
Run 3,agentmemorybench:fact-mh-262k:context-0/factconsolidation_mh_262k_no4,4,2,0.0,"[1,2]",2,1.0,[],"[1,2]","[1,2]",1.0,"[1,2]","[1,2]",1.0
Run 3,agentmemorybench:fact-mh-262k:context-0/factconsolidation_mh_262k_no4,5,2,0.0,[],0,0.0,[],[],[],0.0,"[1,2]","[1,2]",1.0
Run 3,agentmemorybench:fact-mh-262k:context-0/factconsolidation_mh_262k_no4,6,2,0.0,[],0,0.0,[],[],[],0.0,"[1,2]","[1,2]",1.0
Run 3,agentmemorybench:fact-mh-262k:context-0/factconsolidation_mh_262k_no4,7,2,0.0,[1],1,0.5,[],[1],[1],0.5,"[1,2]","[1,2]",1.0
Run 3,agentmemorybench:fact-mh-262k:context-0/factconsolidation_mh_262k_no4,8,2,0.0,[],0,0.0,[],[],[],0.0,"[1,2]","[1,2]",1.0
Run 3,agentmemorybench:fact-mh-262k:context-0/factconsolidation_mh_262k_no4,9,2,0.0,[],0,0.0,[],[],[],0.0,"[1,2]","[1,2]",1.0
Run 3,agentmemorybench:fact-mh-262k:context-0/factconsolidation_mh_262k_no4,10,2,0.0,[],0,0.0,[],[],[],0.0,"[1,2]","[1,2]",1.0
Run 3,agentmemorybench:fact-mh-262k:context-0/factconsolidation_mh_262k_no4,11,2,0.0,[],0,0.0,[],[],[],0.0,"[1,2]","[1,2]",1.0
Run 3,agentmemorybench:fact-mh-262k:context-0/factconsolidation_mh_262k_no4,12,2,0.0,[],0,0.0,[],[],[],0.0,"[1,2]","[1,2]",1.0
Run 3,agentmemorybench:fact-mh-262k:context-0/factconsolidation_mh_262k_no4,13,2,1.0,[],0,0.0,"[1,2]","[1,2]","[1,2]",1.0,"[1,2]","[1,2]",1.0
Run 3,agentmemorybench:fact-mh-262k:context-0/factconsolidation_mh_262k_no4,14,2,1.0,[],0,0.0,[],[],"[1,2]",1.0,"[1,2]","[1,2]",1.0
Run 3,agentmemorybench:fact-mh-262k:context-0/factconsolidation_mh_262k_no40,1,2,0.0,[],0,0.0,[],[],[],0.0,[],[],0.0
Run 3,agentmemorybench:fact-mh-262k:context-0/factconsolidation_mh_262k_no40,2,2,0.0,[1],1,0.5,[],[1],[1],0.5,[1],[1],0.5
Run 3,agentmemorybench:fact-mh-262k:context-0/factconsolidation_mh_262k_no40,3,2,0.5,[],0,0.0,[1],[1],[1],0.5,[1],[1],0.5
Run 3,agentmemorybench:fact-mh-262k:context-0/factconsolidation_mh_262k_no40,4,2,0.5,[2],1,0.5,[],[2],"[1,2]",1.0,"[1,2]","[1,2]",1.0
Run 3,agentmemorybench:fact-mh-262k:context-0/factconsolidation_mh_262k_no40,5,2,0.5,[],0,0.0,[],[],[1],0.5,"[1,2]","[1,2]",1.0
Run 3,agentmemorybench:fact-mh-262k:context-0/factconsolidation_mh_262k_no40,6,2,0.5,[2],1,0.5,[],[2],"[1,2]",1.0,"[1,2]","[1,2]",1.0
Run 3,agentmemorybench:fact-mh-262k:context-0/factconsolidation_mh_262k_no40,7,2,0.5,[2],1,0.5,[],[2],"[1,2]",1.0,"[1,2]","[1,2]",1.0
Run 3,agentmemorybench:fact-mh-262k:context-0/factconsolidation_mh_262k_no40,8,2,0.5,[],0,0.0,[],[],[1],0.5,"[1,2]","[1,2]",1.0
Run 3,agentmemorybench:fact-mh-262k:context-0/factconsolidation_mh_262k_no40,9,2,0.5,[],0,0.0,[],[],[1],0.5,"[1,2]","[1,2]",1.0
Run 3,agentmemorybench:fact-mh-262k:context-0/factconsolidation_mh_262k_no40,10,2,0.5,[],0,0.0,[],[],[1],0.5,"[1,2]","[1,2]",1.0
Run 3,agentmemorybench:fact-mh-262k:context-0/factconsolidation_mh_262k_no40,11,2,0.5,[],0,0.0,[],[],[1],0.5,"[1,2]","[1,2]",1.0
Run 3,agentmemorybench:fact-mh-262k:context-0/factconsolidation_mh_262k_no40,12,2,0.5,[],0,0.0,[],[],[1],0.5,"[1,2]","[1,2]",1.0
Run 3,agentmemorybench:fact-mh-262k:context-0/factconsolidation_mh_262k_no40,13,2,0.5,[],0,0.0,[],[],[1],0.5,"[1,2]","[1,2]",1.0
Run 3,agentmemorybench:fact-mh-262k:context-0/factconsolidation_mh_262k_no41,1,2,0.0,[],0,0.0,[],[],[],0.0,[],[],0.0
Run 3,agentmemorybench:fact-mh-262k:context-0/factconsolidation_mh_262k_no41,2,2,0.0,[],0,0.0,[],[],[],0.0,[],[],0.0
Run 3,agentmemorybench:fact-mh-262k:context-0/factconsolidation_mh_262k_no41,3,2,0.0,"[1,2]",2,1.0,[],"[1,2]","[1,2]",1.0,"[1,2]","[1,2]",1.0
Run 3,agentmemorybench:fact-mh-262k:context-0/factconsolidation_mh_262k_no41,4,2,1.0,[],0,0.0,"[1,2]","[1,2]","[1,2]",1.0,"[1,2]","[1,2]",1.0
Run 3,agentmemorybench:fact-mh-262k:context-0/factconsolidation_mh_262k_no41,5,2,1.0,[],0,0.0,[],[],"[1,2]",1.0,"[1,2]","[1,2]",1.0
Run 3,agentmemorybench:fact-mh-262k:context-0/factconsolidation_mh_262k_no41,6,2,1.0,[],0,0.0,[],"[1,2]","[1,2]",1.0,"[1,2]","[1,2]",1.0
Run 3,agentmemorybench:fact-mh-262k:context-0/factconsolidation_mh_262k_no41,7,2,1.0,[],0,0.0,[],"[1,2]","[1,2]",1.0,"[1,2]","[1,2]",1.0
Run 3,agentmemorybench:fact-mh-262k:context-0/factconsolidation_mh_262k_no41,8,2,1.0,[],0,0.0,[],"[1,2]","[1,2]",1.0,"[1,2]","[1,2]",1.0
Run 3,agentmemorybench:fact-mh-262k:context-0/factconsolidation_mh_262k_no41,9,2,1.0,[],0,0.0,[],"[1,2]","[1,2]",1.0,"[1,2]","[1,2]",1.0
Run 3,agentmemorybench:fact-mh-262k:context-0/factconsolidation_mh_262k_no41,10,2,1.0,[],0,0.0,[],"[1,2]","[1,2]",1.0,"[1,2]","[1,2]",1.0
Run 3,agentmemorybench:fact-mh-262k:context-0/factconsolidation_mh_262k_no41,11,2,1.0,[],0,0.0,[],"[1,2]","[1,2]",1.0,"[1,2]","[1,2]",1.0
Run 3,agentmemorybench:fact-mh-262k:context-0/factconsolidation_mh_262k_no41,12,2,1.0,[],0,0.0,[],"[1,2]","[1,2]",1.0,"[1,2]","[1,2]",1.0
Run 3,agentmemorybench:fact-mh-262k:context-0/factconsolidation_mh_262k_no41,13,2,1.0,[],0,0.0,[],"[1,2]","[1,2]",1.0,"[1,2]","[1,2]",1.0
Run 3,agentmemorybench:fact-mh-262k:context-0/factconsolidation_mh_262k_no41,14,2,1.0,[],0,0.0,[],[],"[1,2]",1.0,"[1,2]","[1,2]",1.0
Run 3,agentmemorybench:fact-mh-262k:context-0/factconsolidation_mh_262k_no42,1,4,0.0,[],0,0.0,[],[],[],0.0,[],[],0.0
Run 3,agentmemorybench:fact-mh-262k:context-0/factconsolidation_mh_262k_no42,2,4,0.0,[1],1,0.25,[],[1],[1],0.25,[1],[1],0.25
Run 3,agentmemorybench:fact-mh-262k:context-0/factconsolidation_mh_262k_no42,3,4,0.25,[],0,0.0,[1],[1],[1],0.25,[1],[1],0.25
Run 3,agentmemorybench:fact-mh-262k:context-0/factconsolidation_mh_262k_no42,4,4,0.25,[],0,0.0,[],[],[1],0.25,[1],[1],0.25
Run 3,agentmemorybench:fact-mh-262k:context-0/factconsolidation_mh_262k_no42,5,4,0.25,[],0,0.0,[],[],[1],0.25,[1],[1],0.25
Run 3,agentmemorybench:fact-mh-262k:context-0/factconsolidation_mh_262k_no42,6,4,0.25,[],0,0.0,[],[],[1],0.25,[1],[1],0.25
Run 3,agentmemorybench:fact-mh-262k:context-0/factconsolidation_mh_262k_no42,7,4,0.25,[],0,0.0,[],[],[1],0.25,[1],[1],0.25
Run 3,agentmemorybench:fact-mh-262k:context-0/factconsolidation_mh_262k_no43,1,2,0.0,[],0,0.0,[],[],[],0.0,[],[],0.0
Run 3,agentmemorybench:fact-mh-262k:context-0/factconsolidation_mh_262k_no43,2,2,0.0,[1],1,0.5,[],[1],[1],0.5,[1],[1],0.5
Run 3,agentmemorybench:fact-mh-262k:context-0/factconsolidation_mh_262k_no43,3,2,0.5,[],0,0.0,[1],[1],[1],0.5,[1],[1],0.5
Run 3,agentmemorybench:fact-mh-262k:context-0/factconsolidation_mh_262k_no43,4,2,0.5,[2],1,0.5,[],[2],"[1,2]",1.0,"[1,2]","[1,2]",1.0
Run 3,agentmemorybench:fact-mh-262k:context-0/factconsolidation_mh_262k_no43,5,2,1.0,[],0,0.0,[2],"[1,2]","[1,2]",1.0,"[1,2]","[1,2]",1.0
Run 3,agentmemorybench:fact-mh-262k:context-0/factconsolidation_mh_262k_no43,6,2,1.0,[],0,0.0,[],[1],"[1,2]",1.0,"[1,2]","[1,2]",1.0
Run 3,agentmemorybench:fact-mh-262k:context-0/factconsolidation_mh_262k_no44,1,2,0.0,[],0,0.0,[],[],[],0.0,[],[],0.0
Run 3,agentmemorybench:fact-mh-262k:context-0/factconsolidation_mh_262k_no44,2,2,0.0,[1],1,0.5,[],[1],[1],0.5,[1],[1],0.5
Run 3,agentmemorybench:fact-mh-262k:context-0/factconsolidation_mh_262k_no44,3,2,0.5,[],0,0.0,[1],[1],[1],0.5,[1],[1],0.5
Run 3,agentmemorybench:fact-mh-262k:context-0/factconsolidation_mh_262k_no44,4,2,0.5,[2],1,0.5,[],[2],"[1,2]",1.0,"[1,2]","[1,2]",1.0
Run 3,agentmemorybench:fact-mh-262k:context-0/factconsolidation_mh_262k_no44,5,2,1.0,[],0,0.0,[2],[2],"[1,2]",1.0,"[1,2]","[1,2]",1.0
Run 3,agentmemorybench:fact-mh-262k:context-0/factconsolidation_mh_262k_no44,6,2,1.0,[],0,0.0,[],[],"[1,2]",1.0,"[1,2]","[1,2]",1.0
Run 3,agentmemorybench:fact-mh-262k:context-0/factconsolidation_mh_262k_no44,7,2,1.0,[],0,0.0,[],[],"[1,2]",1.0,"[1,2]","[1,2]",1.0
Run 3,agentmemorybench:fact-mh-262k:context-0/factconsolidation_mh_262k_no45,1,2,0.0,[],0,0.0,[],[],[],0.0,[],[],0.0
Run 3,agentmemorybench:fact-mh-262k:context-0/factconsolidation_mh_262k_no45,2,2,0.0,[1],1,0.5,[],[1],[1],0.5,[1],[1],0.5
Run 3,agentmemorybench:fact-mh-262k:context-0/factconsolidation_mh_262k_no45,3,2,0.5,[],0,0.0,[1],[1],[1],0.5,[1],[1],0.5
Run 3,agentmemorybench:fact-mh-262k:context-0/factconsolidation_mh_262k_no45,4,2,0.5,[],0,0.0,[],[],[1],0.5,[1],[1],0.5
Run 3,agentmemorybench:fact-mh-262k:context-0/factconsolidation_mh_262k_no45,5,2,1.0,[],0,0.0,[2],[2],"[1,2]",1.0,[1],"[1,2]",1.0
Run 3,agentmemorybench:fact-mh-262k:context-0/factconsolidation_mh_262k_no46,1,2,0.0,[],0,0.0,[],[],[],0.0,[],[],0.0
Run 3,agentmemorybench:fact-mh-262k:context-0/factconsolidation_mh_262k_no46,2,2,0.0,[1],1,0.5,[],[1],[1],0.5,[1],[1],0.5
Run 3,agentmemorybench:fact-mh-262k:context-0/factconsolidation_mh_262k_no46,3,2,0.5,[],0,0.0,[1],[1],[1],0.5,[1],[1],0.5
Run 3,agentmemorybench:fact-mh-262k:context-0/factconsolidation_mh_262k_no46,4,2,0.5,[2],1,0.5,[],"[1,2]","[1,2]",1.0,"[1,2]","[1,2]",1.0
Run 3,agentmemorybench:fact-mh-262k:context-0/factconsolidation_mh_262k_no46,5,2,1.0,[],0,0.0,[2],"[1,2]","[1,2]",1.0,"[1,2]","[1,2]",1.0
Run 3,agentmemorybench:fact-mh-262k:context-0/factconsolidation_mh_262k_no47,1,4,0.0,[],0,0.0,[],[],[],0.0,[],[],0.0
Run 3,agentmemorybench:fact-mh-262k:context-0/factconsolidation_mh_262k_no47,2,4,0.0,[],0,0.0,[],[],[],0.0,[],[],0.0
Run 3,agentmemorybench:fact-mh-262k:context-0/factconsolidation_mh_262k_no47,3,4,0.25,[],0,0.0,[1],[1],[1],0.25,[],[1],0.25
Run 3,agentmemorybench:fact-mh-262k:context-0/factconsolidation_mh_262k_no47,4,4,0.25,[],0,0.0,[],[],[1],0.25,[],[1],0.25
Run 3,agentmemorybench:fact-mh-262k:context-0/factconsolidation_mh_262k_no47,5,4,0.25,[],0,0.0,[],[],[1],0.25,[],[1],0.25
Run 3,agentmemorybench:fact-mh-262k:context-0/factconsolidation_mh_262k_no47,6,4,0.25,[],0,0.0,[],[],[1],0.25,[],[1],0.25
Run 3,agentmemorybench:fact-mh-262k:context-0/factconsolidation_mh_262k_no47,7,4,0.25,[],0,0.0,[],[],[1],0.25,[],[1],0.25
Run 3,agentmemorybench:fact-mh-262k:context-0/factconsolidation_mh_262k_no47,8,4,0.25,[],0,0.0,[],[],[1],0.25,[],[1],0.25
Run 3,agentmemorybench:fact-mh-262k:context-0/factconsolidation_mh_262k_no47,9,4,0.25,[],0,0.0,[],[],[1],0.25,[],[1],0.25
Run 3,agentmemorybench:fact-mh-262k:context-0/factconsolidation_mh_262k_no48,1,4,0.0,[],0,0.0,[],[],[],0.0,[],[],0.0
Run 3,agentmemorybench:fact-mh-262k:context-0/factconsolidation_mh_262k_no48,2,4,0.0,[],0,0.0,[],[],[],0.0,[],[],0.0
Run 3,agentmemorybench:fact-mh-262k:context-0/factconsolidation_mh_262k_no48,3,4,0.0,[1],1,0.25,[],[1],[1],0.25,[1],[1],0.25
Run 3,agentmemorybench:fact-mh-262k:context-0/factconsolidation_mh_262k_no48,4,4,0.0,"[1,2]",2,0.5,[],"[1,2]","[1,2]",0.5,"[1,2]","[1,2]",0.5
Run 3,agentmemorybench:fact-mh-262k:context-0/factconsolidation_mh_262k_no48,5,4,0.5,[],0,0.0,"[1,2]","[1,2]","[1,2]",0.5,"[1,2]","[1,2]",0.5
Run 3,agentmemorybench:fact-mh-262k:context-0/factconsolidation_mh_262k_no48,6,4,0.5,[3],1,0.25,[],[3],"[1,2,3]",0.75,"[1,2,3]","[1,2,3]",0.75
Run 3,agentmemorybench:fact-mh-262k:context-0/factconsolidation_mh_262k_no48,7,4,0.75,[],0,0.0,[3],[3],"[1,2,3]",0.75,"[1,2,3]","[1,2,3]",0.75
Run 3,agentmemorybench:fact-mh-262k:context-0/factconsolidation_mh_262k_no48,8,4,0.75,[4],1,0.25,[],[4],"[1,2,3,4]",1.0,"[1,2,3,4]","[1,2,3,4]",1.0
Run 3,agentmemorybench:fact-mh-262k:context-0/factconsolidation_mh_262k_no48,9,4,1.0,[],0,0.0,[4],[4],"[1,2,3,4]",1.0,"[1,2,3,4]","[1,2,3,4]",1.0
Run 3,agentmemorybench:fact-mh-262k:context-0/factconsolidation_mh_262k_no49,1,2,0.0,[],0,0.0,[],[],[],0.0,[],[],0.0
Run 3,agentmemorybench:fact-mh-262k:context-0/factconsolidation_mh_262k_no49,2,2,0.0,[1],1,0.5,[],[1],[1],0.5,[1],[1],0.5
Run 3,agentmemorybench:fact-mh-262k:context-0/factconsolidation_mh_262k_no49,3,2,0.5,[],0,0.0,[1],[1],[1],0.5,[1],[1],0.5
Run 3,agentmemorybench:fact-mh-262k:context-0/factconsolidation_mh_262k_no49,4,2,0.5,[],0,0.0,[],[],[1],0.5,[1],[1],0.5
Run 3,agentmemorybench:fact-mh-262k:context-0/factconsolidation_mh_262k_no49,5,2,1.0,[],0,0.0,[2],[2],"[1,2]",1.0,[1],"[1,2]",1.0
Run 3,agentmemorybench:fact-mh-262k:context-0/factconsolidation_mh_262k_no5,1,4,0.0,[],0,0.0,[],[],[],0.0,[],[],0.0
Run 3,agentmemorybench:fact-mh-262k:context-0/factconsolidation_mh_262k_no5,2,4,0.0,[1],1,0.25,[],[1],[1],0.25,[1],[1],0.25
Run 3,agentmemorybench:fact-mh-262k:context-0/factconsolidation_mh_262k_no5,3,4,0.25,[],0,0.0,[1],[1],[1],0.25,[1],[1],0.25
Run 3,agentmemorybench:fact-mh-262k:context-0/factconsolidation_mh_262k_no5,4,4,0.25,[2],1,0.25,[],[2],"[1,2]",0.5,"[1,2]","[1,2]",0.5
Run 3,agentmemorybench:fact-mh-262k:context-0/factconsolidation_mh_262k_no5,5,4,1.0,[],0,0.0,"[2,3,4]","[2,3,4]","[1,2,3,4]",1.0,"[1,2]","[1,2,3,4]",1.0
Run 3,agentmemorybench:fact-mh-262k:context-0/factconsolidation_mh_262k_no5,6,4,1.0,[],0,0.0,[],[],"[1,2,3,4]",1.0,"[1,2]","[1,2,3,4]",1.0
Run 3,agentmemorybench:fact-mh-262k:context-0/factconsolidation_mh_262k_no5,7,4,1.0,[],0,0.0,[],[],"[1,2,3,4]",1.0,"[1,2]","[1,2,3,4]",1.0
Run 3,agentmemorybench:fact-mh-262k:context-0/factconsolidation_mh_262k_no50,1,2,0.0,[],0,0.0,[],[],[],0.0,[],[],0.0
Run 3,agentmemorybench:fact-mh-262k:context-0/factconsolidation_mh_262k_no50,2,2,0.0,[1],1,0.5,[],[1],[1],0.5,[1],[1],0.5
Run 3,agentmemorybench:fact-mh-262k:context-0/factconsolidation_mh_262k_no50,3,2,0.5,[],0,0.0,[1],[1],[1],0.5,[1],[1],0.5
Run 3,agentmemorybench:fact-mh-262k:context-0/factconsolidation_mh_262k_no50,4,2,0.5,[2],1,0.5,[],[2],"[1,2]",1.0,"[1,2]","[1,2]",1.0
Run 3,agentmemorybench:fact-mh-262k:context-0/factconsolidation_mh_262k_no50,5,2,1.0,[],0,0.0,[2],[2],"[1,2]",1.0,"[1,2]","[1,2]",1.0
Run 3,agentmemorybench:fact-mh-262k:context-0/factconsolidation_mh_262k_no51,1,2,0.0,[],0,0.0,[],[],[],0.0,[],[],0.0
Run 3,agentmemorybench:fact-mh-262k:context-0/factconsolidation_mh_262k_no51,2,2,0.0,[],0,0.0,[],[],[],0.0,[],[],0.0
Run 3,agentmemorybench:fact-mh-262k:context-0/factconsolidation_mh_262k_no51,3,2,0.5,[],0,0.0,[1],[1],[1],0.5,[],[1],0.5
Run 3,agentmemorybench:fact-mh-262k:context-0/factconsolidation_mh_262k_no51,4,2,0.5,[2],1,0.5,[],[2],"[1,2]",1.0,[2],"[1,2]",1.0
Run 3,agentmemorybench:fact-mh-262k:context-0/factconsolidation_mh_262k_no51,5,2,1.0,[],0,0.0,[2],[2],"[1,2]",1.0,[2],"[1,2]",1.0
Run 3,agentmemorybench:fact-mh-262k:context-0/factconsolidation_mh_262k_no52,1,4,0.0,[],0,0.0,[],[],[],0.0,[],[],0.0
Run 3,agentmemorybench:fact-mh-262k:context-0/factconsolidation_mh_262k_no52,2,4,0.0,[],0,0.0,[],[],[],0.0,[],[],0.0
Run 3,agentmemorybench:fact-mh-262k:context-0/factconsolidation_mh_262k_no52,3,4,0.0,[],0,0.0,[],[],[],0.0,[],[],0.0
Run 3,agentmemorybench:fact-mh-262k:context-0/factconsolidation_mh_262k_no52,4,4,0.0,[],0,0.0,[],[],[],0.0,[],[],0.0
Run 3,agentmemorybench:fact-mh-262k:context-0/factconsolidation_mh_262k_no52,5,4,0.0,[],0,0.0,[],[],[],0.0,[],[],0.0
Run 3,agentmemorybench:fact-mh-262k:context-0/factconsolidation_mh_262k_no53,1,3,0.0,[],0,0.0,[],[],[],0.0,[],[],0.0
Run 3,agentmemorybench:fact-mh-262k:context-0/factconsolidation_mh_262k_no53,2,3,0.0,[1],1,0.3333333333333333,[],[1],[1],0.3333333333333333,[1],[1],0.3333333333333333
Run 3,agentmemorybench:fact-mh-262k:context-0/factconsolidation_mh_262k_no53,3,3,0.0,[],0,0.0,[],[],[],0.0,[1],[1],0.3333333333333333
Run 3,agentmemorybench:fact-mh-262k:context-0/factconsolidation_mh_262k_no53,4,3,0.3333333333333333,[],0,0.0,[1],[1],[1],0.3333333333333333,[1],[1],0.3333333333333333
Run 3,agentmemorybench:fact-mh-262k:context-0/factconsolidation_mh_262k_no53,5,3,0.3333333333333333,[],0,0.0,[],[],[1],0.3333333333333333,[1],[1],0.3333333333333333
Run 3,agentmemorybench:fact-mh-262k:context-0/factconsolidation_mh_262k_no53,6,3,0.3333333333333333,[],0,0.0,[],[],[1],0.3333333333333333,[1],[1],0.3333333333333333
Run 3,agentmemorybench:fact-mh-262k:context-0/factconsolidation_mh_262k_no53,7,3,0.3333333333333333,[],0,0.0,[],[],[1],0.3333333333333333,[1],[1],0.3333333333333333
Run 3,agentmemorybench:fact-mh-262k:context-0/factconsolidation_mh_262k_no54,1,3,0.0,[],0,0.0,[],[],[],0.0,[],[],0.0
Run 3,agentmemorybench:fact-mh-262k:context-0/factconsolidation_mh_262k_no54,2,3,0.0,[1],1,0.3333333333333333,[],[1],[1],0.3333333333333333,[1],[1],0.3333333333333333
Run 3,agentmemorybench:fact-mh-262k:context-0/factconsolidation_mh_262k_no54,3,3,0.0,[],0,0.0,[],[],[],0.0,[1],[1],0.3333333333333333
Run 3,agentmemorybench:fact-mh-262k:context-0/factconsolidation_mh_262k_no54,4,3,0.3333333333333333,[],0,0.0,[2],[2],[2],0.3333333333333333,[1],"[1,2]",0.6666666666666666
Run 3,agentmemorybench:fact-mh-262k:context-0/factconsolidation_mh_262k_no54,5,3,0.3333333333333333,[3],1,0.3333333333333333,[],"[2,3]","[2,3]",0.6666666666666666,"[1,3]","[1,2,3]",1.0
Run 3,agentmemorybench:fact-mh-262k:context-0/factconsolidation_mh_262k_no54,6,3,1.0,[],0,0.0,"[1,2,3]","[1,2,3]","[1,2,3]",1.0,"[1,3]","[1,2,3]",1.0
Run 3,agentmemorybench:fact-mh-262k:context-0/factconsolidation_mh_262k_no55,1,4,0.0,[],0,0.0,[],[],[],0.0,[],[],0.0
Run 3,agentmemorybench:fact-mh-262k:context-0/factconsolidation_mh_262k_no55,2,4,0.0,[1],1,0.25,[],[1],[1],0.25,[1],[1],0.25
Run 3,agentmemorybench:fact-mh-262k:context-0/factconsolidation_mh_262k_no55,3,4,0.25,[2],1,0.25,[1],"[1,2]","[1,2]",0.5,"[1,2]","[1,2]",0.5
Run 3,agentmemorybench:fact-mh-262k:context-0/factconsolidation_mh_262k_no55,4,4,0.75,[],0,0.0,"[2,3]","[2,3]","[1,2,3]",0.75,"[1,2]","[1,2,3]",0.75
Run 3,agentmemorybench:fact-mh-262k:context-0/factconsolidation_mh_262k_no55,5,4,0.75,[4],1,0.25,[],[4],"[1,2,3,4]",1.0,"[1,2,4]","[1,2,3,4]",1.0
Run 3,agentmemorybench:fact-mh-262k:context-0/factconsolidation_mh_262k_no55,6,4,1.0,[],0,0.0,[4],[4],"[1,2,3,4]",1.0,"[1,2,4]","[1,2,3,4]",1.0
Run 3,agentmemorybench:fact-mh-262k:context-0/factconsolidation_mh_262k_no56,1,2,0.0,[],0,0.0,[],[],[],0.0,[],[],0.0
Run 3,agentmemorybench:fact-mh-262k:context-0/factconsolidation_mh_262k_no56,2,2,0.0,"[1,2]",2,1.0,[],"[1,2]","[1,2]",1.0,"[1,2]","[1,2]",1.0
Run 3,agentmemorybench:fact-mh-262k:context-0/factconsolidation_mh_262k_no56,3,2,1.0,[],0,0.0,"[1,2]","[1,2]","[1,2]",1.0,"[1,2]","[1,2]",1.0
Run 3,agentmemorybench:fact-mh-262k:context-0/factconsolidation_mh_262k_no57,1,3,0.0,[],0,0.0,[],[],[],0.0,[],[],0.0
Run 3,agentmemorybench:fact-mh-262k:context-0/factconsolidation_mh_262k_no57,2,3,0.0,[1],1,0.3333333333333333,[],[1],[1],0.3333333333333333,[1],[1],0.3333333333333333
Run 3,agentmemorybench:fact-mh-262k:context-0/factconsolidation_mh_262k_no57,3,3,0.3333333333333333,[],0,0.0,[1],[1],[1],0.3333333333333333,[1],[1],0.3333333333333333
Run 3,agentmemorybench:fact-mh-262k:context-0/factconsolidation_mh_262k_no57,4,3,0.3333333333333333,[2],1,0.3333333333333333,[],[2],"[1,2]",0.6666666666666666,"[1,2]","[1,2]",0.6666666666666666
Run 3,agentmemorybench:fact-mh-262k:context-0/factconsolidation_mh_262k_no57,5,3,0.3333333333333333,"[2,3]",2,0.6666666666666666,[],"[2,3]","[1,2,3]",1.0,"[1,2,3]","[1,2,3]",1.0
Run 3,agentmemorybench:fact-mh-262k:context-0/factconsolidation_mh_262k_no57,6,3,1.0,[],0,0.0,"[2,3]","[2,3]","[1,2,3]",1.0,"[1,2,3]","[1,2,3]",1.0
Run 3,agentmemorybench:fact-mh-262k:context-0/factconsolidation_mh_262k_no57,7,3,1.0,[],0,0.0,[],[],"[1,2,3]",1.0,"[1,2,3]","[1,2,3]",1.0
Run 3,agentmemorybench:fact-mh-262k:context-0/factconsolidation_mh_262k_no57,8,3,1.0,[],0,0.0,[],[],"[1,2,3]",1.0,"[1,2,3]","[1,2,3]",1.0
Run 3,agentmemorybench:fact-mh-262k:context-0/factconsolidation_mh_262k_no57,9,3,1.0,[],0,0.0,[],[],"[1,2,3]",1.0,"[1,2,3]","[1,2,3]",1.0
Run 3,agentmemorybench:fact-mh-262k:context-0/factconsolidation_mh_262k_no57,10,3,1.0,[],0,0.0,[],[],"[1,2,3]",1.0,"[1,2,3]","[1,2,3]",1.0
Run 3,agentmemorybench:fact-mh-262k:context-0/factconsolidation_mh_262k_no57,11,3,1.0,[],0,0.0,[],[],"[1,2,3]",1.0,"[1,2,3]","[1,2,3]",1.0
Run 3,agentmemorybench:fact-mh-262k:context-0/factconsolidation_mh_262k_no57,12,3,1.0,[],0,0.0,[],[],"[1,2,3]",1.0,"[1,2,3]","[1,2,3]",1.0
Run 3,agentmemorybench:fact-mh-262k:context-0/factconsolidation_mh_262k_no57,13,3,1.0,[],0,0.0,[],[],"[1,2,3]",1.0,"[1,2,3]","[1,2,3]",1.0
Run 3,agentmemorybench:fact-mh-262k:context-0/factconsolidation_mh_262k_no57,14,3,1.0,[],0,0.0,[3],[3],"[1,2,3]",1.0,"[1,2,3]","[1,2,3]",1.0
Run 3,agentmemorybench:fact-mh-262k:context-0/factconsolidation_mh_262k_no58,1,2,0.0,[],0,0.0,[],[],[],0.0,[],[],0.0
Run 3,agentmemorybench:fact-mh-262k:context-0/factconsolidation_mh_262k_no58,2,2,0.0,[1],1,0.5,[],[1],[1],0.5,[1],[1],0.5
Run 3,agentmemorybench:fact-mh-262k:context-0/factconsolidation_mh_262k_no58,3,2,0.5,[],0,0.0,[1],[1],[1],0.5,[1],[1],0.5
Run 3,agentmemorybench:fact-mh-262k:context-0/factconsolidation_mh_262k_no58,4,2,0.5,[],0,0.0,[],[],[1],0.5,[1],[1],0.5
Run 3,agentmemorybench:fact-mh-262k:context-0/factconsolidation_mh_262k_no58,5,2,0.5,[],0,0.0,[],[],[1],0.5,[1],[1],0.5
Run 3,agentmemorybench:fact-mh-262k:context-0/factconsolidation_mh_262k_no58,6,2,0.5,[],0,0.0,[],[],[1],0.5,[1],[1],0.5
Run 3,agentmemorybench:fact-mh-262k:context-0/factconsolidation_mh_262k_no58,7,2,0.5,[],0,0.0,[],[],[1],0.5,[1],[1],0.5
Run 3,agentmemorybench:fact-mh-262k:context-0/factconsolidation_mh_262k_no58,8,2,0.5,[],0,0.0,[],[],[1],0.5,[1],[1],0.5
Run 3,agentmemorybench:fact-mh-262k:context-0/factconsolidation_mh_262k_no58,9,2,0.5,[],0,0.0,[],[],[1],0.5,[1],[1],0.5
Run 3,agentmemorybench:fact-mh-262k:context-0/factconsolidation_mh_262k_no58,10,2,0.5,[],0,0.0,[],[],[1],0.5,[1],[1],0.5
Run 3,agentmemorybench:fact-mh-262k:context-0/factconsolidation_mh_262k_no59,1,2,0.0,[],0,0.0,[],[],[],0.0,[],[],0.0
Run 3,agentmemorybench:fact-mh-262k:context-0/factconsolidation_mh_262k_no59,2,2,0.0,[1],1,0.5,[],[1],[1],0.5,[1],[1],0.5
Run 3,agentmemorybench:fact-mh-262k:context-0/factconsolidation_mh_262k_no59,3,2,0.0,[1],1,0.5,[],[1],[1],0.5,[1],[1],0.5
Run 3,agentmemorybench:fact-mh-262k:context-0/factconsolidation_mh_262k_no59,4,2,0.5,[],0,0.0,[1],[1],[1],0.5,[1],[1],0.5
Run 3,agentmemorybench:fact-mh-262k:context-0/factconsolidation_mh_262k_no6,1,2,0.0,[],0,0.0,[],[],[],0.0,[],[],0.0
Run 3,agentmemorybench:fact-mh-262k:context-0/factconsolidation_mh_262k_no6,2,2,0.0,"[1,2]",2,1.0,[],"[1,2]","[1,2]",1.0,"[1,2]","[1,2]",1.0
Run 3,agentmemorybench:fact-mh-262k:context-0/factconsolidation_mh_262k_no6,3,2,1.0,[],0,0.0,"[1,2]","[1,2]","[1,2]",1.0,"[1,2]","[1,2]",1.0
Run 3,agentmemorybench:fact-mh-262k:context-0/factconsolidation_mh_262k_no60,1,2,0.0,[],0,0.0,[],[],[],0.0,[],[],0.0
Run 3,agentmemorybench:fact-mh-262k:context-0/factconsolidation_mh_262k_no60,2,2,0.0,[1],1,0.5,[],[1],[1],0.5,[1],[1],0.5
Run 3,agentmemorybench:fact-mh-262k:context-0/factconsolidation_mh_262k_no60,3,2,0.5,[],0,0.0,[1],[1],[1],0.5,[1],[1],0.5
Run 3,agentmemorybench:fact-mh-262k:context-0/factconsolidation_mh_262k_no60,4,2,0.5,[2],1,0.5,[],[2],"[1,2]",1.0,"[1,2]","[1,2]",1.0
Run 3,agentmemorybench:fact-mh-262k:context-0/factconsolidation_mh_262k_no60,5,2,1.0,[],0,0.0,[2],[2],"[1,2]",1.0,"[1,2]","[1,2]",1.0
Run 3,agentmemorybench:fact-mh-262k:context-0/factconsolidation_mh_262k_no61,1,2,0.0,[],0,0.0,[],[],[],0.0,[],[],0.0
Run 3,agentmemorybench:fact-mh-262k:context-0/factconsolidation_mh_262k_no61,2,2,0.0,[1],1,0.5,[],[1],[1],0.5,[1],[1],0.5
Run 3,agentmemorybench:fact-mh-262k:context-0/factconsolidation_mh_262k_no61,3,2,0.0,"[1,2]",2,1.0,[],"[1,2]","[1,2]",1.0,"[1,2]","[1,2]",1.0
Run 3,agentmemorybench:fact-mh-262k:context-0/factconsolidation_mh_262k_no61,4,2,1.0,[],0,0.0,"[1,2]","[1,2]","[1,2]",1.0,"[1,2]","[1,2]",1.0
Run 3,agentmemorybench:fact-mh-262k:context-0/factconsolidation_mh_262k_no62,1,2,0.0,[],0,0.0,[],[],[],0.0,[],[],0.0
Run 3,agentmemorybench:fact-mh-262k:context-0/factconsolidation_mh_262k_no62,2,2,0.0,[1],1,0.5,[],[1],[1],0.5,[1],[1],0.5
Run 3,agentmemorybench:fact-mh-262k:context-0/factconsolidation_mh_262k_no62,3,2,0.0,"[1,2]",2,1.0,[],"[1,2]","[1,2]",1.0,"[1,2]","[1,2]",1.0
Run 3,agentmemorybench:fact-mh-262k:context-0/factconsolidation_mh_262k_no62,4,2,1.0,[],0,0.0,"[1,2]","[1,2]","[1,2]",1.0,"[1,2]","[1,2]",1.0
Run 3,agentmemorybench:fact-mh-262k:context-0/factconsolidation_mh_262k_no63,1,4,0.0,[],0,0.0,[],[],[],0.0,[],[],0.0
Run 3,agentmemorybench:fact-mh-262k:context-0/factconsolidation_mh_262k_no63,2,4,0.0,[1],1,0.25,[],[1],[1],0.25,[1],[1],0.25
Run 3,agentmemorybench:fact-mh-262k:context-0/factconsolidation_mh_262k_no63,3,4,0.25,[],0,0.0,[1],[1],[1],0.25,[1],[1],0.25
Run 3,agentmemorybench:fact-mh-262k:context-0/factconsolidation_mh_262k_no63,4,4,0.25,[2],1,0.25,[],[2],"[1,2]",0.5,"[1,2]","[1,2]",0.5
Run 3,agentmemorybench:fact-mh-262k:context-0/factconsolidation_mh_262k_no63,5,4,0.5,[],0,0.0,[2],[2],"[1,2]",0.5,"[1,2]","[1,2]",0.5
Run 3,agentmemorybench:fact-mh-262k:context-0/factconsolidation_mh_262k_no63,6,4,0.5,[3],1,0.25,[],[3],"[1,2,3]",0.75,"[1,2,3]","[1,2,3]",0.75
Run 3,agentmemorybench:fact-mh-262k:context-0/factconsolidation_mh_262k_no63,7,4,0.75,[],0,0.0,[3],[3],"[1,2,3]",0.75,"[1,2,3]","[1,2,3]",0.75
Run 3,agentmemorybench:fact-mh-262k:context-0/factconsolidation_mh_262k_no64,1,2,0.0,[],0,0.0,[],[],[],0.0,[],[],0.0
Run 3,agentmemorybench:fact-mh-262k:context-0/factconsolidation_mh_262k_no64,2,2,0.0,[1],1,0.5,[],[1],[1],0.5,[1],[1],0.5
Run 3,agentmemorybench:fact-mh-262k:context-0/factconsolidation_mh_262k_no64,3,2,0.5,[],0,0.0,[1],[1],[1],0.5,[1],[1],0.5
Run 3,agentmemorybench:fact-mh-262k:context-0/factconsolidation_mh_262k_no64,4,2,0.5,[],0,0.0,[],[],[1],0.5,[1],[1],0.5
Run 3,agentmemorybench:fact-mh-262k:context-0/factconsolidation_mh_262k_no64,5,2,1.0,[],0,0.0,[2],[2],"[1,2]",1.0,[1],"[1,2]",1.0
Run 3,agentmemorybench:fact-mh-262k:context-0/factconsolidation_mh_262k_no64,6,2,1.0,[],0,0.0,[],[],"[1,2]",1.0,[1],"[1,2]",1.0
Run 3,agentmemorybench:fact-mh-262k:context-0/factconsolidation_mh_262k_no64,7,2,1.0,[],0,0.0,[],[],"[1,2]",1.0,[1],"[1,2]",1.0
Run 3,agentmemorybench:fact-mh-262k:context-0/factconsolidation_mh_262k_no65,1,2,0.0,[],0,0.0,[],[],[],0.0,[],[],0.0
Run 3,agentmemorybench:fact-mh-262k:context-0/factconsolidation_mh_262k_no65,2,2,0.0,[1],1,0.5,[],[1],[1],0.5,[1],[1],0.5
Run 3,agentmemorybench:fact-mh-262k:context-0/factconsolidation_mh_262k_no65,3,2,0.5,[],0,0.0,[1],[1],[1],0.5,[1],[1],0.5
Run 3,agentmemorybench:fact-mh-262k:context-0/factconsolidation_mh_262k_no65,4,2,0.5,[2],1,0.5,[],[2],"[1,2]",1.0,"[1,2]","[1,2]",1.0
Run 3,agentmemorybench:fact-mh-262k:context-0/factconsolidation_mh_262k_no65,5,2,1.0,[],0,0.0,[2],[2],"[1,2]",1.0,"[1,2]","[1,2]",1.0
Run 3,agentmemorybench:fact-mh-262k:context-0/factconsolidation_mh_262k_no66,1,2,0.0,[],0,0.0,[],[],[],0.0,[],[],0.0
Run 3,agentmemorybench:fact-mh-262k:context-0/factconsolidation_mh_262k_no66,2,2,0.0,[1],1,0.5,[],[1],[1],0.5,[1],[1],0.5
Run 3,agentmemorybench:fact-mh-262k:context-0/factconsolidation_mh_262k_no66,3,2,0.5,[],0,0.0,[1],[1],[1],0.5,[1],[1],0.5
Run 3,agentmemorybench:fact-mh-262k:context-0/factconsolidation_mh_262k_no66,4,2,0.5,[2],1,0.5,[],[2],"[1,2]",1.0,"[1,2]","[1,2]",1.0
Run 3,agentmemorybench:fact-mh-262k:context-0/factconsolidation_mh_262k_no66,5,2,1.0,[],0,0.0,[2],[2],"[1,2]",1.0,"[1,2]","[1,2]",1.0
Run 3,agentmemorybench:fact-mh-262k:context-0/factconsolidation_mh_262k_no67,1,2,0.0,[],0,0.0,[],[],[],0.0,[],[],0.0
Run 3,agentmemorybench:fact-mh-262k:context-0/factconsolidation_mh_262k_no67,2,2,0.0,[1],1,0.5,[],[1],[1],0.5,[1],[1],0.5
Run 3,agentmemorybench:fact-mh-262k:context-0/factconsolidation_mh_262k_no67,3,2,0.0,[],0,0.0,[],[],[],0.0,[1],[1],0.5
Run 3,agentmemorybench:fact-mh-262k:context-0/factconsolidation_mh_262k_no67,4,2,0.5,[],0,0.0,[1],[1],[1],0.5,[1],[1],0.5
Run 3,agentmemorybench:fact-mh-262k:context-0/factconsolidation_mh_262k_no68,1,2,0.0,[],0,0.0,[],[],[],0.0,[],[],0.0
Run 3,agentmemorybench:fact-mh-262k:context-0/factconsolidation_mh_262k_no68,2,2,0.0,[1],1,0.5,[],[1],[1],0.5,[1],[1],0.5
Run 3,agentmemorybench:fact-mh-262k:context-0/factconsolidation_mh_262k_no68,3,2,0.0,[],0,0.0,[],[],[],0.0,[1],[1],0.5
Run 3,agentmemorybench:fact-mh-262k:context-0/factconsolidation_mh_262k_no68,4,2,0.5,[],0,0.0,[2],[2],[2],0.5,[1],"[1,2]",1.0
Run 3,agentmemorybench:fact-mh-262k:context-0/factconsolidation_mh_262k_no68,5,2,0.5,[],0,0.0,[],[],[2],0.5,[1],"[1,2]",1.0
Run 3,agentmemorybench:fact-mh-262k:context-0/factconsolidation_mh_262k_no68,6,2,0.5,[1],1,0.5,[],[1],"[1,2]",1.0,[1],"[1,2]",1.0
Run 3,agentmemorybench:fact-mh-262k:context-0/factconsolidation_mh_262k_no68,7,2,1.0,[],0,0.0,[1],[1],"[1,2]",1.0,[1],"[1,2]",1.0
Run 3,agentmemorybench:fact-mh-262k:context-0/factconsolidation_mh_262k_no68,8,2,1.0,[],0,0.0,[],[],"[1,2]",1.0,[1],"[1,2]",1.0
Run 3,agentmemorybench:fact-mh-262k:context-0/factconsolidation_mh_262k_no68,9,2,1.0,[],0,0.0,[],[],"[1,2]",1.0,[1],"[1,2]",1.0
Run 3,agentmemorybench:fact-mh-262k:context-0/factconsolidation_mh_262k_no68,10,2,1.0,[],0,0.0,[],[],"[1,2]",1.0,[1],"[1,2]",1.0
Run 3,agentmemorybench:fact-mh-262k:context-0/factconsolidation_mh_262k_no68,11,2,1.0,[],0,0.0,[],[],"[1,2]",1.0,[1],"[1,2]",1.0
Run 3,agentmemorybench:fact-mh-262k:context-0/factconsolidation_mh_262k_no68,12,2,1.0,[],0,0.0,[],[],"[1,2]",1.0,[1],"[1,2]",1.0
Run 3,agentmemorybench:fact-mh-262k:context-0/factconsolidation_mh_262k_no68,13,2,1.0,[],0,0.0,[],[],"[1,2]",1.0,[1],"[1,2]",1.0
Run 3,agentmemorybench:fact-mh-262k:context-0/factconsolidation_mh_262k_no68,14,2,1.0,[],0,0.0,[],[],"[1,2]",1.0,[1],"[1,2]",1.0
Run 3,agentmemorybench:fact-mh-262k:context-0/factconsolidation_mh_262k_no68,15,2,1.0,[],0,0.0,[],[],"[1,2]",1.0,[1],"[1,2]",1.0
Run 3,agentmemorybench:fact-mh-262k:context-0/factconsolidation_mh_262k_no69,1,4,0.0,[],0,0.0,[],[],[],0.0,[],[],0.0
Run 3,agentmemorybench:fact-mh-262k:context-0/factconsolidation_mh_262k_no69,2,4,0.0,[1],1,0.25,[],[1],[1],0.25,[1],[1],0.25
Run 3,agentmemorybench:fact-mh-262k:context-0/factconsolidation_mh_262k_no69,3,4,0.25,[],0,0.0,[1],[1],[1],0.25,[1],[1],0.25
Run 3,agentmemorybench:fact-mh-262k:context-0/factconsolidation_mh_262k_no69,4,4,0.25,[2],1,0.25,[],[2],"[1,2]",0.5,"[1,2]","[1,2]",0.5
Run 3,agentmemorybench:fact-mh-262k:context-0/factconsolidation_mh_262k_no69,5,4,0.25,[3],1,0.25,[],[3],"[1,3]",0.5,"[1,2,3]","[1,2,3]",0.75
Run 3,agentmemorybench:fact-mh-262k:context-0/factconsolidation_mh_262k_no69,6,4,0.5,[],0,0.0,[3],[3],"[1,3]",0.5,"[1,2,3]","[1,2,3]",0.75
Run 3,agentmemorybench:fact-mh-262k:context-0/factconsolidation_mh_262k_no69,7,4,0.75,[],0,0.0,[2],[2],"[1,2,3]",0.75,"[1,2,3]","[1,2,3]",0.75
Run 3,agentmemorybench:fact-mh-262k:context-0/factconsolidation_mh_262k_no69,8,4,0.75,[4],1,0.25,[],[4],"[1,2,3,4]",1.0,"[1,2,3,4]","[1,2,3,4]",1.0
Run 3,agentmemorybench:fact-mh-262k:context-0/factconsolidation_mh_262k_no69,9,4,1.0,[],0,0.0,[4],[4],"[1,2,3,4]",1.0,"[1,2,3,4]","[1,2,3,4]",1.0
Run 3,agentmemorybench:fact-mh-262k:context-0/factconsolidation_mh_262k_no7,1,4,0.0,[],0,0.0,[],[],[],0.0,[],[],0.0
Run 3,agentmemorybench:fact-mh-262k:context-0/factconsolidation_mh_262k_no7,2,4,0.0,[1],1,0.25,[],[1],[1],0.25,[1],[1],0.25
Run 3,agentmemorybench:fact-mh-262k:context-0/factconsolidation_mh_262k_no7,3,4,0.25,[],0,0.0,[1],[1],[1],0.25,[1],[1],0.25
Run 3,agentmemorybench:fact-mh-262k:context-0/factconsolidation_mh_262k_no7,4,4,0.25,[2],1,0.25,[],[2],"[1,2]",0.5,"[1,2]","[1,2]",0.5
Run 3,agentmemorybench:fact-mh-262k:context-0/factconsolidation_mh_262k_no7,5,4,0.5,[],0,0.0,[2],[2],"[1,2]",0.5,"[1,2]","[1,2]",0.5
Run 3,agentmemorybench:fact-mh-262k:context-0/factconsolidation_mh_262k_no7,6,4,0.5,[],0,0.0,[],[],"[1,2]",0.5,"[1,2]","[1,2]",0.5
Run 3,agentmemorybench:fact-mh-262k:context-0/factconsolidation_mh_262k_no7,7,4,0.5,[],0,0.0,[],[],"[1,2]",0.5,"[1,2]","[1,2]",0.5
Run 3,agentmemorybench:fact-mh-262k:context-0/factconsolidation_mh_262k_no7,8,4,0.5,[],0,0.0,[],[],"[1,2]",0.5,"[1,2]","[1,2]",0.5
Run 3,agentmemorybench:fact-mh-262k:context-0/factconsolidation_mh_262k_no7,9,4,0.5,[],0,0.0,[],[],"[1,2]",0.5,"[1,2]","[1,2]",0.5
Run 3,agentmemorybench:fact-mh-262k:context-0/factconsolidation_mh_262k_no7,10,4,0.5,[],0,0.0,[],[],"[1,2]",0.5,"[1,2]","[1,2]",0.5
Run 3,agentmemorybench:fact-mh-262k:context-0/factconsolidation_mh_262k_no7,11,4,0.5,[],0,0.0,[],[],"[1,2]",0.5,"[1,2]","[1,2]",0.5
Run 3,agentmemorybench:fact-mh-262k:context-0/factconsolidation_mh_262k_no7,12,4,0.5,[],0,0.0,[],[],"[1,2]",0.5,"[1,2]","[1,2]",0.5
Run 3,agentmemorybench:fact-mh-262k:context-0/factconsolidation_mh_262k_no7,13,4,0.5,[],0,0.0,[],[],"[1,2]",0.5,"[1,2]","[1,2]",0.5
Run 3,agentmemorybench:fact-mh-262k:context-0/factconsolidation_mh_262k_no7,14,4,0.5,[],0,0.0,[],[],"[1,2]",0.5,"[1,2]","[1,2]",0.5
Run 3,agentmemorybench:fact-mh-262k:context-0/factconsolidation_mh_262k_no7,15,4,0.5,[],0,0.0,[],[],"[1,2]",0.5,"[1,2]","[1,2]",0.5
Run 3,agentmemorybench:fact-mh-262k:context-0/factconsolidation_mh_262k_no7,16,4,0.5,[],0,0.0,[],[],"[1,2]",0.5,"[1,2]","[1,2]",0.5
Run 3,agentmemorybench:fact-mh-262k:context-0/factconsolidation_mh_262k_no7,17,4,0.5,[],0,0.0,"[1,2]","[1,2]","[1,2]",0.5,"[1,2]","[1,2]",0.5
Run 3,agentmemorybench:fact-mh-262k:context-0/factconsolidation_mh_262k_no7,18,4,0.5,[],0,0.0,[],[],"[1,2]",0.5,"[1,2]","[1,2]",0.5
Run 3,agentmemorybench:fact-mh-262k:context-0/factconsolidation_mh_262k_no7,19,4,0.5,[],0,0.0,[],[],"[1,2]",0.5,"[1,2]","[1,2]",0.5
Run 3,agentmemorybench:fact-mh-262k:context-0/factconsolidation_mh_262k_no7,20,4,0.5,[],0,0.0,[],[],"[1,2]",0.5,"[1,2]","[1,2]",0.5
Run 3,agentmemorybench:fact-mh-262k:context-0/factconsolidation_mh_262k_no70,1,3,0.0,[],0,0.0,[],[],[],0.0,[],[],0.0
Run 3,agentmemorybench:fact-mh-262k:context-0/factconsolidation_mh_262k_no70,2,3,0.0,[1],1,0.3333333333333333,[],[1],[1],0.3333333333333333,[1],[1],0.3333333333333333
Run 3,agentmemorybench:fact-mh-262k:context-0/factconsolidation_mh_262k_no70,3,3,0.0,"[1,2]",2,0.6666666666666666,[],"[1,2]","[1,2]",0.6666666666666666,"[1,2]","[1,2]",0.6666666666666666
Run 3,agentmemorybench:fact-mh-262k:context-0/factconsolidation_mh_262k_no70,4,3,0.6666666666666666,[],0,0.0,"[1,2]","[1,2]","[1,2]",0.6666666666666666,"[1,2]","[1,2]",0.6666666666666666
Run 3,agentmemorybench:fact-mh-262k:context-0/factconsolidation_mh_262k_no70,5,3,0.6666666666666666,[3],1,0.3333333333333333,[],[3],"[1,2,3]",1.0,"[1,2,3]","[1,2,3]",1.0
Run 3,agentmemorybench:fact-mh-262k:context-0/factconsolidation_mh_262k_no70,6,3,1.0,[],0,0.0,[3],[3],"[1,2,3]",1.0,"[1,2,3]","[1,2,3]",1.0
Run 3,agentmemorybench:fact-mh-262k:context-0/factconsolidation_mh_262k_no71,1,2,0.0,[],0,0.0,[],[],[],0.0,[],[],0.0
Run 3,agentmemorybench:fact-mh-262k:context-0/factconsolidation_mh_262k_no71,2,2,0.0,"[1,2]",2,1.0,[],"[1,2]","[1,2]",1.0,"[1,2]","[1,2]",1.0
Run 3,agentmemorybench:fact-mh-262k:context-0/factconsolidation_mh_262k_no71,3,2,1.0,[],0,0.0,"[1,2]","[1,2]","[1,2]",1.0,"[1,2]","[1,2]",1.0
Run 3,agentmemorybench:fact-mh-262k:context-0/factconsolidation_mh_262k_no72,1,4,0.0,[],0,0.0,[],[],[],0.0,[],[],0.0
Run 3,agentmemorybench:fact-mh-262k:context-0/factconsolidation_mh_262k_no72,2,4,0.0,"[1,2]",2,0.5,[],"[1,2]","[1,2]",0.5,"[1,2]","[1,2]",0.5
Run 3,agentmemorybench:fact-mh-262k:context-0/factconsolidation_mh_262k_no72,3,4,0.0,[],0,0.0,[],[],[],0.0,"[1,2]","[1,2]",0.5
Run 3,agentmemorybench:fact-mh-262k:context-0/factconsolidation_mh_262k_no72,4,4,0.25,[],0,0.0,[1],[1],[1],0.25,"[1,2]","[1,2]",0.5
Run 3,agentmemorybench:fact-mh-262k:context-0/factconsolidation_mh_262k_no72,5,4,0.25,[],0,0.0,[],[],[1],0.25,"[1,2]","[1,2]",0.5
Run 3,agentmemorybench:fact-mh-262k:context-0/factconsolidation_mh_262k_no72,6,4,0.25,[],0,0.0,[],[],[1],0.25,"[1,2]","[1,2]",0.5
Run 3,agentmemorybench:fact-mh-262k:context-0/factconsolidation_mh_262k_no73,1,2,0.0,[],0,0.0,[],[],[],0.0,[],[],0.0
Run 3,agentmemorybench:fact-mh-262k:context-0/factconsolidation_mh_262k_no73,2,2,0.0,[1],1,0.5,[],[1],[1],0.5,[1],[1],0.5
Run 3,agentmemorybench:fact-mh-262k:context-0/factconsolidation_mh_262k_no73,3,2,0.0,[2],1,0.5,[],[2],[2],0.5,"[1,2]","[1,2]",1.0
Run 3,agentmemorybench:fact-mh-262k:context-0/factconsolidation_mh_262k_no73,4,2,0.5,[],0,0.0,[2],[2],[2],0.5,"[1,2]","[1,2]",1.0
Run 3,agentmemorybench:fact-mh-262k:context-0/factconsolidation_mh_262k_no73,5,2,0.5,[1],1,0.5,[],[1],"[1,2]",1.0,"[1,2]","[1,2]",1.0
Run 3,agentmemorybench:fact-mh-262k:context-0/factconsolidation_mh_262k_no73,6,2,1.0,[],0,0.0,[1],[1],"[1,2]",1.0,"[1,2]","[1,2]",1.0
Run 3,agentmemorybench:fact-mh-262k:context-0/factconsolidation_mh_262k_no74,1,2,0.0,[],0,0.0,[],[],[],0.0,[],[],0.0
Run 3,agentmemorybench:fact-mh-262k:context-0/factconsolidation_mh_262k_no74,2,2,0.0,[1],1,0.5,[],[1],[1],0.5,[1],[1],0.5
Run 3,agentmemorybench:fact-mh-262k:context-0/factconsolidation_mh_262k_no74,3,2,0.0,[],0,0.0,[],[],[],0.0,[1],[1],0.5
Run 3,agentmemorybench:fact-mh-262k:context-0/factconsolidation_mh_262k_no74,4,2,0.5,[],0,0.0,[1],[1],[1],0.5,[1],[1],0.5
Run 3,agentmemorybench:fact-mh-262k:context-0/factconsolidation_mh_262k_no75,1,4,0.0,[],0,0.0,[],[],[],0.0,[],[],0.0
Run 3,agentmemorybench:fact-mh-262k:context-0/factconsolidation_mh_262k_no75,2,4,0.0,[],0,0.0,[],[],[],0.0,[],[],0.0
Run 3,agentmemorybench:fact-mh-262k:context-0/factconsolidation_mh_262k_no75,3,4,0.0,[1],1,0.25,[],[1],[1],0.25,[1],[1],0.25
Run 3,agentmemorybench:fact-mh-262k:context-0/factconsolidation_mh_262k_no75,4,4,0.5,[],0,0.0,"[1,2]","[1,2]","[1,2]",0.5,[1],"[1,2]",0.5
Run 3,agentmemorybench:fact-mh-262k:context-0/factconsolidation_mh_262k_no75,5,4,0.5,[],0,0.0,[],[],"[1,2]",0.5,[1],"[1,2]",0.5
Run 3,agentmemorybench:fact-mh-262k:context-0/factconsolidation_mh_262k_no75,6,4,0.5,[],0,0.0,[],[],"[1,2]",0.5,[1],"[1,2]",0.5
Run 3,agentmemorybench:fact-mh-262k:context-0/factconsolidation_mh_262k_no75,7,4,0.5,[],0,0.0,[],[],"[1,2]",0.5,[1],"[1,2]",0.5
Run 3,agentmemorybench:fact-mh-262k:context-0/factconsolidation_mh_262k_no75,8,4,0.5,[],0,0.0,[],[],"[1,2]",0.5,[1],"[1,2]",0.5
Run 3,agentmemorybench:fact-mh-262k:context-0/factconsolidation_mh_262k_no75,9,4,0.5,[],0,0.0,[],[],"[1,2]",0.5,[1],"[1,2]",0.5
Run 3,agentmemorybench:fact-mh-262k:context-0/factconsolidation_mh_262k_no75,10,4,0.5,[],0,0.0,[],[],"[1,2]",0.5,[1],"[1,2]",0.5
Run 3,agentmemorybench:fact-mh-262k:context-0/factconsolidation_mh_262k_no76,1,2,0.0,[],0,0.0,[],[],[],0.0,[],[],0.0
Run 3,agentmemorybench:fact-mh-262k:context-0/factconsolidation_mh_262k_no76,2,2,0.0,[1],1,0.5,[],[1],[1],0.5,[1],[1],0.5
Run 3,agentmemorybench:fact-mh-262k:context-0/factconsolidation_mh_262k_no76,3,2,0.0,"[1,2]",2,1.0,[],"[1,2]","[1,2]",1.0,"[1,2]","[1,2]",1.0
Run 3,agentmemorybench:fact-mh-262k:context-0/factconsolidation_mh_262k_no76,4,2,1.0,[],0,0.0,"[1,2]","[1,2]","[1,2]",1.0,"[1,2]","[1,2]",1.0
Run 3,agentmemorybench:fact-mh-262k:context-0/factconsolidation_mh_262k_no77,1,4,0.0,[],0,0.0,[],[],[],0.0,[],[],0.0
Run 3,agentmemorybench:fact-mh-262k:context-0/factconsolidation_mh_262k_no77,2,4,0.0,[1],1,0.25,[],[1],[1],0.25,[1],[1],0.25
Run 3,agentmemorybench:fact-mh-262k:context-0/factconsolidation_mh_262k_no77,3,4,0.25,[],0,0.0,[1],[1],[1],0.25,[1],[1],0.25
Run 3,agentmemorybench:fact-mh-262k:context-0/factconsolidation_mh_262k_no77,4,4,0.25,"[2,3]",2,0.5,[],"[2,3]","[1,2,3]",0.75,"[1,2,3]","[1,2,3]",0.75
Run 3,agentmemorybench:fact-mh-262k:context-0/factconsolidation_mh_262k_no77,5,4,0.25,[],0,0.0,[],[],[1],0.25,"[1,2,3]","[1,2,3]",0.75
Run 3,agentmemorybench:fact-mh-262k:context-0/factconsolidation_mh_262k_no77,6,4,0.25,[],0,0.0,[],[],[1],0.25,"[1,2,3]","[1,2,3]",0.75
Run 3,agentmemorybench:fact-mh-262k:context-0/factconsolidation_mh_262k_no77,7,4,0.25,[],0,0.0,[],[],[1],0.25,"[1,2,3]","[1,2,3]",0.75
Run 3,agentmemorybench:fact-mh-262k:context-0/factconsolidation_mh_262k_no77,8,4,0.25,[],0,0.0,[],[],[1],0.25,"[1,2,3]","[1,2,3]",0.75
Run 3,agentmemorybench:fact-mh-262k:context-0/factconsolidation_mh_262k_no77,9,4,0.25,[],0,0.0,[],[],[1],0.25,"[1,2,3]","[1,2,3]",0.75
Run 3,agentmemorybench:fact-mh-262k:context-0/factconsolidation_mh_262k_no77,10,4,0.25,[],0,0.0,[],[],[1],0.25,"[1,2,3]","[1,2,3]",0.75
Run 3,agentmemorybench:fact-mh-262k:context-0/factconsolidation_mh_262k_no78,1,2,0.0,[],0,0.0,[],[],[],0.0,[],[],0.0
Run 3,agentmemorybench:fact-mh-262k:context-0/factconsolidation_mh_262k_no78,2,2,0.0,[1],1,0.5,[],[1],[1],0.5,[1],[1],0.5
Run 3,agentmemorybench:fact-mh-262k:context-0/factconsolidation_mh_262k_no78,3,2,0.0,[],0,0.0,[],[],[],0.0,[1],[1],0.5
Run 3,agentmemorybench:fact-mh-262k:context-0/factconsolidation_mh_262k_no78,4,2,0.5,[],0,0.0,[1],[1],[1],0.5,[1],[1],0.5
Run 3,agentmemorybench:fact-mh-262k:context-0/factconsolidation_mh_262k_no79,1,2,0.0,[],0,0.0,[],[],[],0.0,[],[],0.0
Run 3,agentmemorybench:fact-mh-262k:context-0/factconsolidation_mh_262k_no79,2,2,0.0,[1],1,0.5,[],[1],[1],0.5,[1],[1],0.5
Run 3,agentmemorybench:fact-mh-262k:context-0/factconsolidation_mh_262k_no79,3,2,0.0,[1],1,0.5,[],[1],[1],0.5,[1],[1],0.5
Run 3,agentmemorybench:fact-mh-262k:context-0/factconsolidation_mh_262k_no79,4,2,1.0,[],0,0.0,"[1,2]","[1,2]","[1,2]",1.0,[1],"[1,2]",1.0
Run 3,agentmemorybench:fact-mh-262k:context-0/factconsolidation_mh_262k_no79,5,2,1.0,[],0,0.0,[],[],"[1,2]",1.0,[1],"[1,2]",1.0
Run 3,agentmemorybench:fact-mh-262k:context-0/factconsolidation_mh_262k_no8,1,2,0.0,[],0,0.0,[],[],[],0.0,[],[],0.0
Run 3,agentmemorybench:fact-mh-262k:context-0/factconsolidation_mh_262k_no8,2,2,0.0,[1],1,0.5,[],[1],[1],0.5,[1],[1],0.5
Run 3,agentmemorybench:fact-mh-262k:context-0/factconsolidation_mh_262k_no8,3,2,0.5,[],0,0.0,[1],[1],[1],0.5,[1],[1],0.5
Run 3,agentmemorybench:fact-mh-262k:context-0/factconsolidation_mh_262k_no8,4,2,0.5,[],0,0.0,[],[],[1],0.5,[1],[1],0.5
Run 3,agentmemorybench:fact-mh-262k:context-0/factconsolidation_mh_262k_no8,5,2,0.5,[],0,0.0,[],[],[1],0.5,[1],[1],0.5
Run 3,agentmemorybench:fact-mh-262k:context-0/factconsolidation_mh_262k_no8,6,2,0.5,[],0,0.0,[],[],[1],0.5,[1],[1],0.5
Run 3,agentmemorybench:fact-mh-262k:context-0/factconsolidation_mh_262k_no8,7,2,0.5,[],0,0.0,[],[],[1],0.5,[1],[1],0.5
Run 3,agentmemorybench:fact-mh-262k:context-0/factconsolidation_mh_262k_no8,8,2,0.5,[],0,0.0,[],[],[1],0.5,[1],[1],0.5
Run 3,agentmemorybench:fact-mh-262k:context-0/factconsolidation_mh_262k_no8,9,2,0.5,[],0,0.0,[],[],[1],0.5,[1],[1],0.5
Run 3,agentmemorybench:fact-mh-262k:context-0/factconsolidation_mh_262k_no8,10,2,0.5,[],0,0.0,[],[],[1],0.5,[1],[1],0.5
Run 3,agentmemorybench:fact-mh-262k:context-0/factconsolidation_mh_262k_no8,11,2,0.5,[],0,0.0,[1],[1],[1],0.5,[1],[1],0.5
Run 3,agentmemorybench:fact-mh-262k:context-0/factconsolidation_mh_262k_no8,12,2,0.5,[],0,0.0,[],[],[1],0.5,[1],[1],0.5
Run 3,agentmemorybench:fact-mh-262k:context-0/factconsolidation_mh_262k_no8,13,2,0.5,[],0,0.0,[],[],[1],0.5,[1],[1],0.5
Run 3,agentmemorybench:fact-mh-262k:context-0/factconsolidation_mh_262k_no8,14,2,0.5,[],0,0.0,[],[1],[1],0.5,[1],[1],0.5
Run 3,agentmemorybench:fact-mh-262k:context-0/factconsolidation_mh_262k_no80,1,2,0.0,[],0,0.0,[],[],[],0.0,[],[],0.0
Run 3,agentmemorybench:fact-mh-262k:context-0/factconsolidation_mh_262k_no80,2,2,0.0,[1],1,0.5,[],[1],[1],0.5,[1],[1],0.5
Run 3,agentmemorybench:fact-mh-262k:context-0/factconsolidation_mh_262k_no80,3,2,0.5,[],0,0.0,[1],[1],[1],0.5,[1],[1],0.5
Run 3,agentmemorybench:fact-mh-262k:context-0/factconsolidation_mh_262k_no80,4,2,0.5,[],0,0.0,[],[],[1],0.5,[1],[1],0.5
Run 3,agentmemorybench:fact-mh-262k:context-0/factconsolidation_mh_262k_no80,5,2,0.5,[],0,0.0,[],[],[1],0.5,[1],[1],0.5
Run 3,agentmemorybench:fact-mh-262k:context-0/factconsolidation_mh_262k_no80,6,2,0.5,[],0,0.0,[],[],[1],0.5,[1],[1],0.5
Run 3,agentmemorybench:fact-mh-262k:context-0/factconsolidation_mh_262k_no80,7,2,0.5,[],0,0.0,[],[],[1],0.5,[1],[1],0.5
Run 3,agentmemorybench:fact-mh-262k:context-0/factconsolidation_mh_262k_no80,8,2,0.5,[],0,0.0,[],[],[1],0.5,[1],[1],0.5
Run 3,agentmemorybench:fact-mh-262k:context-0/factconsolidation_mh_262k_no80,9,2,0.5,[],0,0.0,[],[],[1],0.5,[1],[1],0.5
Run 3,agentmemorybench:fact-mh-262k:context-0/factconsolidation_mh_262k_no80,10,2,0.5,[],0,0.0,[],[],[1],0.5,[1],[1],0.5
Run 3,agentmemorybench:fact-mh-262k:context-0/factconsolidation_mh_262k_no80,11,2,0.5,[],0,0.0,[],[],[1],0.5,[1],[1],0.5
Run 3,agentmemorybench:fact-mh-262k:context-0/factconsolidation_mh_262k_no81,1,2,0.0,[],0,0.0,[],[],[],0.0,[],[],0.0
Run 3,agentmemorybench:fact-mh-262k:context-0/factconsolidation_mh_262k_no81,2,2,0.0,[1],1,0.5,[],[1],[1],0.5,[1],[1],0.5
Run 3,agentmemorybench:fact-mh-262k:context-0/factconsolidation_mh_262k_no81,3,2,0.5,[],0,0.0,[1],[1],[1],0.5,[1],[1],0.5
Run 3,agentmemorybench:fact-mh-262k:context-0/factconsolidation_mh_262k_no81,4,2,0.5,[],0,0.0,[],[],[1],0.5,[1],[1],0.5
Run 3,agentmemorybench:fact-mh-262k:context-0/factconsolidation_mh_262k_no81,5,2,0.5,[],0,0.0,[],[],[1],0.5,[1],[1],0.5
Run 3,agentmemorybench:fact-mh-262k:context-0/factconsolidation_mh_262k_no82,1,3,0.0,[],0,0.0,[],[],[],0.0,[],[],0.0
Run 3,agentmemorybench:fact-mh-262k:context-0/factconsolidation_mh_262k_no82,2,3,0.0,[1],1,0.3333333333333333,[],[1],[1],0.3333333333333333,[1],[1],0.3333333333333333
Run 3,agentmemorybench:fact-mh-262k:context-0/factconsolidation_mh_262k_no82,3,3,0.3333333333333333,[],0,0.0,[1],[1],[1],0.3333333333333333,[1],[1],0.3333333333333333
Run 3,agentmemorybench:fact-mh-262k:context-0/factconsolidation_mh_262k_no82,4,3,0.3333333333333333,[2],1,0.3333333333333333,[],[2],"[1,2]",0.6666666666666666,"[1,2]","[1,2]",0.6666666666666666
Run 3,agentmemorybench:fact-mh-262k:context-0/factconsolidation_mh_262k_no82,5,3,0.6666666666666666,[3],1,0.3333333333333333,[2],"[2,3]","[1,2,3]",1.0,"[1,2,3]","[1,2,3]",1.0
Run 3,agentmemorybench:fact-mh-262k:context-0/factconsolidation_mh_262k_no82,6,3,1.0,[],0,0.0,[3],"[2,3]","[1,2,3]",1.0,"[1,2,3]","[1,2,3]",1.0
Run 3,agentmemorybench:fact-mh-262k:context-0/factconsolidation_mh_262k_no83,1,2,0.0,[],0,0.0,[],[],[],0.0,[],[],0.0
Run 3,agentmemorybench:fact-mh-262k:context-0/factconsolidation_mh_262k_no83,2,2,0.0,[1],1,0.5,[],[1],[1],0.5,[1],[1],0.5
Run 3,agentmemorybench:fact-mh-262k:context-0/factconsolidation_mh_262k_no83,3,2,0.5,[],0,0.0,[1],[1],[1],0.5,[1],[1],0.5
Run 3,agentmemorybench:fact-mh-262k:context-0/factconsolidation_mh_262k_no84,1,4,0.0,[],0,0.0,[],[],[],0.0,[],[],0.0
Run 3,agentmemorybench:fact-mh-262k:context-0/factconsolidation_mh_262k_no84,2,4,0.0,[1],1,0.25,[],[1],[1],0.25,[1],[1],0.25
Run 3,agentmemorybench:fact-mh-262k:context-0/factconsolidation_mh_262k_no84,3,4,0.25,[],0,0.0,[1],[1],[1],0.25,[1],[1],0.25
Run 3,agentmemorybench:fact-mh-262k:context-0/factconsolidation_mh_262k_no84,4,4,0.25,[],0,0.0,[],[1],[1],0.25,[1],[1],0.25
Run 3,agentmemorybench:fact-mh-262k:context-0/factconsolidation_mh_262k_no84,5,4,0.5,[],0,0.0,[2],"[1,2]","[1,2]",0.5,[1],"[1,2]",0.5
Run 3,agentmemorybench:fact-mh-262k:context-0/factconsolidation_mh_262k_no84,6,4,0.5,[],0,0.0,[],[1],"[1,2]",0.5,[1],"[1,2]",0.5
Run 3,agentmemorybench:fact-mh-262k:context-0/factconsolidation_mh_262k_no84,7,4,0.5,[],0,0.0,[],[1],"[1,2]",0.5,[1],"[1,2]",0.5
Run 3,agentmemorybench:fact-mh-262k:context-0/factconsolidation_mh_262k_no84,8,4,0.5,[],0,0.0,[],"[1,2]","[1,2]",0.5,[1],"[1,2]",0.5
Run 3,agentmemorybench:fact-mh-262k:context-0/factconsolidation_mh_262k_no85,1,2,0.0,[],0,0.0,[],[],[],0.0,[],[],0.0
Run 3,agentmemorybench:fact-mh-262k:context-0/factconsolidation_mh_262k_no85,2,2,0.0,[1],1,0.5,[],[1],[1],0.5,[1],[1],0.5
Run 3,agentmemorybench:fact-mh-262k:context-0/factconsolidation_mh_262k_no85,3,2,0.5,[],0,0.0,[1],[1],[1],0.5,[1],[1],0.5
Run 3,agentmemorybench:fact-mh-262k:context-0/factconsolidation_mh_262k_no85,4,2,0.5,[],0,0.0,[],[],[1],0.5,[1],[1],0.5
Run 3,agentmemorybench:fact-mh-262k:context-0/factconsolidation_mh_262k_no85,5,2,1.0,[],0,0.0,[2],[2],"[1,2]",1.0,[1],"[1,2]",1.0
Run 3,agentmemorybench:fact-mh-262k:context-0/factconsolidation_mh_262k_no86,1,2,0.0,[],0,0.0,[],[],[],0.0,[],[],0.0
Run 3,agentmemorybench:fact-mh-262k:context-0/factconsolidation_mh_262k_no86,2,2,0.0,"[1,2]",2,1.0,[],"[1,2]","[1,2]",1.0,"[1,2]","[1,2]",1.0
Run 3,agentmemorybench:fact-mh-262k:context-0/factconsolidation_mh_262k_no86,3,2,1.0,[],0,0.0,"[1,2]","[1,2]","[1,2]",1.0,"[1,2]","[1,2]",1.0
Run 3,agentmemorybench:fact-mh-262k:context-0/factconsolidation_mh_262k_no87,1,3,0.0,[],0,0.0,[],[],[],0.0,[],[],0.0
Run 3,agentmemorybench:fact-mh-262k:context-0/factconsolidation_mh_262k_no87,2,3,0.0,[1],1,0.3333333333333333,[],[1],[1],0.3333333333333333,[1],[1],0.3333333333333333
Run 3,agentmemorybench:fact-mh-262k:context-0/factconsolidation_mh_262k_no87,3,3,0.0,"[1,2]",2,0.6666666666666666,[],"[1,2]","[1,2]",0.6666666666666666,"[1,2]","[1,2]",0.6666666666666666
Run 3,agentmemorybench:fact-mh-262k:context-0/factconsolidation_mh_262k_no87,4,3,0.6666666666666666,[],0,0.0,"[1,2]","[1,2]","[1,2]",0.6666666666666666,"[1,2]","[1,2]",0.6666666666666666
Run 3,agentmemorybench:fact-mh-262k:context-0/factconsolidation_mh_262k_no87,5,3,0.6666666666666666,[3],1,0.3333333333333333,[],[3],"[1,2,3]",1.0,"[1,2,3]","[1,2,3]",1.0
Run 3,agentmemorybench:fact-mh-262k:context-0/factconsolidation_mh_262k_no87,6,3,1.0,[],0,0.0,[3],[3],"[1,2,3]",1.0,"[1,2,3]","[1,2,3]",1.0
Run 3,agentmemorybench:fact-mh-262k:context-0/factconsolidation_mh_262k_no88,1,2,0.0,[],0,0.0,[],[],[],0.0,[],[],0.0
Run 3,agentmemorybench:fact-mh-262k:context-0/factconsolidation_mh_262k_no88,2,2,0.0,[1],1,0.5,[],[1],[1],0.5,[1],[1],0.5
Run 3,agentmemorybench:fact-mh-262k:context-0/factconsolidation_mh_262k_no88,3,2,0.0,[2],1,0.5,[],[2],[2],0.5,"[1,2]","[1,2]",1.0
Run 3,agentmemorybench:fact-mh-262k:context-0/factconsolidation_mh_262k_no88,4,2,1.0,[],0,0.0,"[1,2]","[1,2]","[1,2]",1.0,"[1,2]","[1,2]",1.0
Run 3,agentmemorybench:fact-mh-262k:context-0/factconsolidation_mh_262k_no89,1,2,0.0,[],0,0.0,[],[],[],0.0,[],[],0.0
Run 3,agentmemorybench:fact-mh-262k:context-0/factconsolidation_mh_262k_no89,2,2,0.0,[],0,0.0,[],[],[],0.0,[],[],0.0
Run 3,agentmemorybench:fact-mh-262k:context-0/factconsolidation_mh_262k_no89,3,2,0.0,[1],1,0.5,[],[1],[1],0.5,[1],[1],0.5
Run 3,agentmemorybench:fact-mh-262k:context-0/factconsolidation_mh_262k_no89,4,2,0.0,[2],1,0.5,[],[2],[2],0.5,"[1,2]","[1,2]",1.0
Run 3,agentmemorybench:fact-mh-262k:context-0/factconsolidation_mh_262k_no89,5,2,0.0,[],0,0.0,[],[],[],0.0,"[1,2]","[1,2]",1.0
Run 3,agentmemorybench:fact-mh-262k:context-0/factconsolidation_mh_262k_no89,6,2,1.0,[],0,0.0,"[1,2]","[1,2]","[1,2]",1.0,"[1,2]","[1,2]",1.0
Run 3,agentmemorybench:fact-mh-262k:context-0/factconsolidation_mh_262k_no89,7,2,1.0,[],0,0.0,[],[],"[1,2]",1.0,"[1,2]","[1,2]",1.0
Run 3,agentmemorybench:fact-mh-262k:context-0/factconsolidation_mh_262k_no9,1,3,0.0,[],0,0.0,[],[],[],0.0,[],[],0.0
Run 3,agentmemorybench:fact-mh-262k:context-0/factconsolidation_mh_262k_no9,2,3,0.0,"[1,2]",2,0.6666666666666666,[],"[1,2]","[1,2]",0.6666666666666666,"[1,2]","[1,2]",0.6666666666666666
Run 3,agentmemorybench:fact-mh-262k:context-0/factconsolidation_mh_262k_no9,3,3,0.6666666666666666,[],0,0.0,"[1,2]","[1,2]","[1,2]",0.6666666666666666,"[1,2]","[1,2]",0.6666666666666666
Run 3,agentmemorybench:fact-mh-262k:context-0/factconsolidation_mh_262k_no9,4,3,0.6666666666666666,[3],1,0.3333333333333333,[],[3],"[1,2,3]",1.0,"[1,2,3]","[1,2,3]",1.0
Run 3,agentmemorybench:fact-mh-262k:context-0/factconsolidation_mh_262k_no9,5,3,0.6666666666666666,[3],1,0.3333333333333333,[],[3],"[1,2,3]",1.0,"[1,2,3]","[1,2,3]",1.0
Run 3,agentmemorybench:fact-mh-262k:context-0/factconsolidation_mh_262k_no9,6,3,1.0,[],0,0.0,[3],[3],"[1,2,3]",1.0,"[1,2,3]","[1,2,3]",1.0
Run 3,agentmemorybench:fact-mh-262k:context-0/factconsolidation_mh_262k_no90,1,2,0.0,[],0,0.0,[],[],[],0.0,[],[],0.0
Run 3,agentmemorybench:fact-mh-262k:context-0/factconsolidation_mh_262k_no90,2,2,0.0,[1],1,0.5,[],[1],[1],0.5,[1],[1],0.5
Run 3,agentmemorybench:fact-mh-262k:context-0/factconsolidation_mh_262k_no90,3,2,0.0,[2],1,0.5,[],[2],[2],0.5,"[1,2]","[1,2]",1.0
Run 3,agentmemorybench:fact-mh-262k:context-0/factconsolidation_mh_262k_no90,4,2,1.0,[],0,0.0,"[1,2]","[1,2]","[1,2]",1.0,"[1,2]","[1,2]",1.0
Run 3,agentmemorybench:fact-mh-262k:context-0/factconsolidation_mh_262k_no91,1,3,0.0,[],0,0.0,[],[],[],0.0,[],[],0.0
Run 3,agentmemorybench:fact-mh-262k:context-0/factconsolidation_mh_262k_no91,2,3,0.0,[1],1,0.3333333333333333,[],[1],[1],0.3333333333333333,[1],[1],0.3333333333333333
Run 3,agentmemorybench:fact-mh-262k:context-0/factconsolidation_mh_262k_no91,3,3,0.0,[1],1,0.3333333333333333,[],[1],[1],0.3333333333333333,[1],[1],0.3333333333333333
Run 3,agentmemorybench:fact-mh-262k:context-0/factconsolidation_mh_262k_no91,4,3,0.0,[],0,0.0,[],[],[],0.0,[1],[1],0.3333333333333333
Run 3,agentmemorybench:fact-mh-262k:context-0/factconsolidation_mh_262k_no91,5,3,0.3333333333333333,[],0,0.0,[1],[1],[1],0.3333333333333333,[1],[1],0.3333333333333333
Run 3,agentmemorybench:fact-mh-262k:context-0/factconsolidation_mh_262k_no91,6,3,0.3333333333333333,[],0,0.0,[],[],[1],0.3333333333333333,[1],[1],0.3333333333333333
Run 3,agentmemorybench:fact-mh-262k:context-0/factconsolidation_mh_262k_no91,7,3,0.6666666666666666,[],0,0.0,[2],[2],"[1,2]",0.6666666666666666,[1],"[1,2]",0.6666666666666666
Run 3,agentmemorybench:fact-mh-262k:context-0/factconsolidation_mh_262k_no91,8,3,0.6666666666666666,[3],1,0.3333333333333333,[],[3],"[1,2,3]",1.0,"[1,3]","[1,2,3]",1.0
Run 3,agentmemorybench:fact-mh-262k:context-0/factconsolidation_mh_262k_no91,9,3,1.0,[],0,0.0,[3],[3],"[1,2,3]",1.0,"[1,3]","[1,2,3]",1.0
Run 3,agentmemorybench:fact-mh-262k:context-0/factconsolidation_mh_262k_no92,1,3,0.0,[],0,0.0,[],[],[],0.0,[],[],0.0
Run 3,agentmemorybench:fact-mh-262k:context-0/factconsolidation_mh_262k_no92,2,3,0.0,[1],1,0.3333333333333333,[],[1],[1],0.3333333333333333,[1],[1],0.3333333333333333
Run 3,agentmemorybench:fact-mh-262k:context-0/factconsolidation_mh_262k_no92,3,3,0.0,[],0,0.0,[],[],[],0.0,[1],[1],0.3333333333333333
Run 3,agentmemorybench:fact-mh-262k:context-0/factconsolidation_mh_262k_no92,4,3,0.3333333333333333,[],0,0.0,[1],[1],[1],0.3333333333333333,[1],[1],0.3333333333333333
Run 3,agentmemorybench:fact-mh-262k:context-0/factconsolidation_mh_262k_no92,5,3,0.3333333333333333,[],0,0.0,[],[],[1],0.3333333333333333,[1],[1],0.3333333333333333
Run 3,agentmemorybench:fact-mh-262k:context-0/factconsolidation_mh_262k_no92,6,3,0.3333333333333333,[],0,0.0,[],[],[1],0.3333333333333333,[1],[1],0.3333333333333333
Run 3,agentmemorybench:fact-mh-262k:context-0/factconsolidation_mh_262k_no92,7,3,0.3333333333333333,[],0,0.0,[],[],[1],0.3333333333333333,[1],[1],0.3333333333333333
Run 3,agentmemorybench:fact-mh-262k:context-0/factconsolidation_mh_262k_no92,8,3,0.3333333333333333,[],0,0.0,[],[],[1],0.3333333333333333,[1],[1],0.3333333333333333
Run 3,agentmemorybench:fact-mh-262k:context-0/factconsolidation_mh_262k_no92,9,3,0.3333333333333333,[],0,0.0,[],[],[1],0.3333333333333333,[1],[1],0.3333333333333333
Run 3,agentmemorybench:fact-mh-262k:context-0/factconsolidation_mh_262k_no92,10,3,0.3333333333333333,[],0,0.0,[],[],[1],0.3333333333333333,[1],[1],0.3333333333333333
Run 3,agentmemorybench:fact-mh-262k:context-0/factconsolidation_mh_262k_no92,11,3,0.3333333333333333,[],0,0.0,[],[],[1],0.3333333333333333,[1],[1],0.3333333333333333
Run 3,agentmemorybench:fact-mh-262k:context-0/factconsolidation_mh_262k_no92,12,3,0.3333333333333333,[],0,0.0,[],[],[1],0.3333333333333333,[1],[1],0.3333333333333333
Run 3,agentmemorybench:fact-mh-262k:context-0/factconsolidation_mh_262k_no92,13,3,0.3333333333333333,[],0,0.0,[],[],[1],0.3333333333333333,[1],[1],0.3333333333333333
Run 3,agentmemorybench:fact-mh-262k:context-0/factconsolidation_mh_262k_no93,1,4,0.0,[],0,0.0,[],[],[],0.0,[],[],0.0
Run 3,agentmemorybench:fact-mh-262k:context-0/factconsolidation_mh_262k_no93,2,4,0.0,[1],1,0.25,[],[1],[1],0.25,[1],[1],0.25
Run 3,agentmemorybench:fact-mh-262k:context-0/factconsolidation_mh_262k_no93,3,4,0.25,[],0,0.0,[1],[1],[1],0.25,[1],[1],0.25
Run 3,agentmemorybench:fact-mh-262k:context-0/factconsolidation_mh_262k_no93,4,4,0.25,[],0,0.0,[],[],[1],0.25,[1],[1],0.25
Run 3,agentmemorybench:fact-mh-262k:context-0/factconsolidation_mh_262k_no93,5,4,0.5,[],0,0.0,[2],[2],"[1,2]",0.5,[1],"[1,2]",0.5
Run 3,agentmemorybench:fact-mh-262k:context-0/factconsolidation_mh_262k_no93,6,4,0.5,[],0,0.0,[],[],"[1,2]",0.5,[1],"[1,2]",0.5
Run 3,agentmemorybench:fact-mh-262k:context-0/factconsolidation_mh_262k_no93,7,4,0.5,[],0,0.0,[],[],"[1,2]",0.5,[1],"[1,2]",0.5
Run 3,agentmemorybench:fact-mh-262k:context-0/factconsolidation_mh_262k_no93,8,4,0.5,[],0,0.0,[],[],"[1,2]",0.5,[1],"[1,2]",0.5
Run 3,agentmemorybench:fact-mh-262k:context-0/factconsolidation_mh_262k_no94,1,2,0.0,[],0,0.0,[],[],[],0.0,[],[],0.0
Run 3,agentmemorybench:fact-mh-262k:context-0/factconsolidation_mh_262k_no94,2,2,0.0,[1],1,0.5,[],[1],[1],0.5,[1],[1],0.5
Run 3,agentmemorybench:fact-mh-262k:context-0/factconsolidation_mh_262k_no94,3,2,0.5,[],0,0.0,[1],[1],[1],0.5,[1],[1],0.5
Run 3,agentmemorybench:fact-mh-262k:context-0/factconsolidation_mh_262k_no94,4,2,0.5,[2],1,0.5,[],"[1,2]","[1,2]",1.0,"[1,2]","[1,2]",1.0
Run 3,agentmemorybench:fact-mh-262k:context-0/factconsolidation_mh_262k_no94,5,2,1.0,[],0,0.0,[2],[2],"[1,2]",1.0,"[1,2]","[1,2]",1.0
Run 3,agentmemorybench:fact-mh-262k:context-0/factconsolidation_mh_262k_no95,1,2,0.0,[],0,0.0,[],[],[],0.0,[],[],0.0
Run 3,agentmemorybench:fact-mh-262k:context-0/factconsolidation_mh_262k_no95,2,2,0.0,[],0,0.0,[],[],[],0.0,[],[],0.0
Run 3,agentmemorybench:fact-mh-262k:context-0/factconsolidation_mh_262k_no95,3,2,0.5,[],0,0.0,[1],[1],[1],0.5,[],[1],0.5
Run 3,agentmemorybench:fact-mh-262k:context-0/factconsolidation_mh_262k_no95,4,2,0.5,[2],1,0.5,[],[2],"[1,2]",1.0,[2],"[1,2]",1.0
Run 3,agentmemorybench:fact-mh-262k:context-0/factconsolidation_mh_262k_no95,5,2,0.5,[],0,0.0,[],[],[1],0.5,[2],"[1,2]",1.0
Run 3,agentmemorybench:fact-mh-262k:context-0/factconsolidation_mh_262k_no95,6,2,0.5,[],0,0.0,[],[],[1],0.5,[2],"[1,2]",1.0
Run 3,agentmemorybench:fact-mh-262k:context-0/factconsolidation_mh_262k_no95,7,2,0.5,[],0,0.0,[],[],[1],0.5,[2],"[1,2]",1.0
Run 3,agentmemorybench:fact-mh-262k:context-0/factconsolidation_mh_262k_no95,8,2,0.5,[],0,0.0,[],[],[1],0.5,[2],"[1,2]",1.0
Run 3,agentmemorybench:fact-mh-262k:context-0/factconsolidation_mh_262k_no96,1,3,0.0,[],0,0.0,[],[],[],0.0,[],[],0.0
Run 3,agentmemorybench:fact-mh-262k:context-0/factconsolidation_mh_262k_no96,2,3,0.0,[1],1,0.3333333333333333,[],[1],[1],0.3333333333333333,[1],[1],0.3333333333333333
Run 3,agentmemorybench:fact-mh-262k:context-0/factconsolidation_mh_262k_no96,3,3,0.0,[],0,0.0,[],[],[],0.0,[1],[1],0.3333333333333333
Run 3,agentmemorybench:fact-mh-262k:context-0/factconsolidation_mh_262k_no96,4,3,0.0,[],0,0.0,[],[],[],0.0,[1],[1],0.3333333333333333
Run 3,agentmemorybench:fact-mh-262k:context-0/factconsolidation_mh_262k_no96,5,3,0.0,[],0,0.0,[],[],[],0.0,[1],[1],0.3333333333333333
Run 3,agentmemorybench:fact-mh-262k:context-0/factconsolidation_mh_262k_no96,6,3,0.0,[],0,0.0,[],[],[],0.0,[1],[1],0.3333333333333333
Run 3,agentmemorybench:fact-mh-262k:context-0/factconsolidation_mh_262k_no96,7,3,0.0,[],0,0.0,[],[],[],0.0,[1],[1],0.3333333333333333
Run 3,agentmemorybench:fact-mh-262k:context-0/factconsolidation_mh_262k_no96,8,3,0.0,[],0,0.0,[],[],[],0.0,[1],[1],0.3333333333333333
Run 3,agentmemorybench:fact-mh-262k:context-0/factconsolidation_mh_262k_no96,9,3,0.0,[],0,0.0,[],[],[],0.0,[1],[1],0.3333333333333333
Run 3,agentmemorybench:fact-mh-262k:context-0/factconsolidation_mh_262k_no96,10,3,0.0,[],0,0.0,[],[],[],0.0,[1],[1],0.3333333333333333
Run 3,agentmemorybench:fact-mh-262k:context-0/factconsolidation_mh_262k_no96,11,3,0.0,[],0,0.0,[],[],[],0.0,[1],[1],0.3333333333333333
Run 3,agentmemorybench:fact-mh-262k:context-0/factconsolidation_mh_262k_no96,12,3,0.0,[],0,0.0,[],[],[],0.0,[1],[1],0.3333333333333333
Run 3,agentmemorybench:fact-mh-262k:context-0/factconsolidation_mh_262k_no97,1,2,0.0,[],0,0.0,[],[],[],0.0,[],[],0.0
Run 3,agentmemorybench:fact-mh-262k:context-0/factconsolidation_mh_262k_no97,2,2,0.0,[1],1,0.5,[],[1],[1],0.5,[1],[1],0.5
Run 3,agentmemorybench:fact-mh-262k:context-0/factconsolidation_mh_262k_no97,3,2,0.5,[],0,0.0,[1],[1],[1],0.5,[1],[1],0.5
Run 3,agentmemorybench:fact-mh-262k:context-0/factconsolidation_mh_262k_no97,4,2,0.5,[2],1,0.5,[],[2],"[1,2]",1.0,"[1,2]","[1,2]",1.0
Run 3,agentmemorybench:fact-mh-262k:context-0/factconsolidation_mh_262k_no97,5,2,1.0,[],0,0.0,[2],[2],"[1,2]",1.0,"[1,2]","[1,2]",1.0
Run 3,agentmemorybench:fact-mh-262k:context-0/factconsolidation_mh_262k_no98,1,3,0.0,[],0,0.0,[],[],[],0.0,[],[],0.0
Run 3,agentmemorybench:fact-mh-262k:context-0/factconsolidation_mh_262k_no98,2,3,0.0,[1],1,0.3333333333333333,[],[1],[1],0.3333333333333333,[1],[1],0.3333333333333333
Run 3,agentmemorybench:fact-mh-262k:context-0/factconsolidation_mh_262k_no98,3,3,0.3333333333333333,[],0,0.0,[1],[1],[1],0.3333333333333333,[1],[1],0.3333333333333333
Run 3,agentmemorybench:fact-mh-262k:context-0/factconsolidation_mh_262k_no98,4,3,0.3333333333333333,[2],1,0.3333333333333333,[],[2],"[1,2]",0.6666666666666666,"[1,2]","[1,2]",0.6666666666666666
Run 3,agentmemorybench:fact-mh-262k:context-0/factconsolidation_mh_262k_no98,5,3,0.6666666666666666,[],0,0.0,[2],[2],"[1,2]",0.6666666666666666,"[1,2]","[1,2]",0.6666666666666666
Run 3,agentmemorybench:fact-mh-262k:context-0/factconsolidation_mh_262k_no98,6,3,0.6666666666666666,[],0,0.0,[],[],"[1,2]",0.6666666666666666,"[1,2]","[1,2]",0.6666666666666666
Run 3,agentmemorybench:fact-mh-262k:context-0/factconsolidation_mh_262k_no98,7,3,0.6666666666666666,[],0,0.0,[],[],"[1,2]",0.6666666666666666,"[1,2]","[1,2]",0.6666666666666666
Run 3,agentmemorybench:fact-mh-262k:context-0/factconsolidation_mh_262k_no98,8,3,0.6666666666666666,[],0,0.0,[],[],"[1,2]",0.6666666666666666,"[1,2]","[1,2]",0.6666666666666666
Run 3,agentmemorybench:fact-mh-262k:context-0/factconsolidation_mh_262k_no98,9,3,0.6666666666666666,[],0,0.0,[],[],"[1,2]",0.6666666666666666,"[1,2]","[1,2]",0.6666666666666666
Run 3,agentmemorybench:fact-mh-262k:context-0/factconsolidation_mh_262k_no98,10,3,0.6666666666666666,[],0,0.0,[],[],"[1,2]",0.6666666666666666,"[1,2]","[1,2]",0.6666666666666666
Run 3,agentmemorybench:fact-mh-262k:context-0/factconsolidation_mh_262k_no98,11,3,0.6666666666666666,[],0,0.0,[],[],"[1,2]",0.6666666666666666,"[1,2]","[1,2]",0.6666666666666666
Run 3,agentmemorybench:fact-mh-262k:context-0/factconsolidation_mh_262k_no98,12,3,0.6666666666666666,[],0,0.0,[],[],"[1,2]",0.6666666666666666,"[1,2]","[1,2]",0.6666666666666666
Run 3,agentmemorybench:fact-mh-262k:context-0/factconsolidation_mh_262k_no98,13,3,0.6666666666666666,[],0,0.0,[],[],"[1,2]",0.6666666666666666,"[1,2]","[1,2]",0.6666666666666666
Run 3,agentmemorybench:fact-mh-262k:context-0/factconsolidation_mh_262k_no99,1,3,0.0,[],0,0.0,[],[],[],0.0,[],[],0.0
Run 3,agentmemorybench:fact-mh-262k:context-0/factconsolidation_mh_262k_no99,2,3,0.0,[1],1,0.3333333333333333,[],[1],[1],0.3333333333333333,[1],[1],0.3333333333333333
Run 3,agentmemorybench:fact-mh-262k:context-0/factconsolidation_mh_262k_no99,3,3,0.0,"[1,2]",2,0.6666666666666666,[],"[1,2]","[1,2]",0.6666666666666666,"[1,2]","[1,2]",0.6666666666666666
Run 3,agentmemorybench:fact-mh-262k:context-0/factconsolidation_mh_262k_no99,4,3,0.0,"[2,3]",2,0.6666666666666666,[],"[2,3]","[2,3]",0.6666666666666666,"[1,2,3]","[1,2,3]",1.0
Run 3,agentmemorybench:fact-mh-262k:context-0/factconsolidation_mh_262k_no99,5,3,1.0,[],0,0.0,"[1,2,3]","[1,2,3]","[1,2,3]",1.0,"[1,2,3]","[1,2,3]",1.0
Run 3,agentmemorybench:fact-mh-262k:context-0/factconsolidation_mh_262k_no99,6,3,1.0,[],0,0.0,[],[],"[1,2,3]",1.0,"[1,2,3]","[1,2,3]",1.0
Run 3,agentmemorybench:fact-mh-262k:context-0/factconsolidation_mh_262k_no99,7,3,1.0,[],0,0.0,[],[],"[1,2,3]",1.0,"[1,2,3]","[1,2,3]",1.0
Run 3,agentmemorybench:fact-mh-262k:context-0/factconsolidation_mh_262k_no99,8,3,1.0,[],0,0.0,[],[],"[1,2,3]",1.0,"[1,2,3]","[1,2,3]",1.0
Run 3,agentmemorybench:fact-mh-262k:context-0/factconsolidation_mh_262k_no99,9,3,1.0,[],0,0.0,[2],[2],"[1,2,3]",1.0,"[1,2,3]","[1,2,3]",1.0
Run 3,agentmemorybench:fact-mh-262k:context-0/factconsolidation_mh_262k_no99,10,3,1.0,[],0,0.0,[],[],"[1,2,3]",1.0,"[1,2,3]","[1,2,3]",1.0
