schema_version,gold_definition,question_id,qa_pair_id,question_ordinal,decision_step,decision_state_count,normalized_progress,capture_id,action_tool_names,terminal_trajectory_status,gold_hop_count,covered_hop_count,gold_coverage_r,covered_hop_indices,missing_hop_indices,newly_available_hop_indices,cumulative_read_memory_count,cumulative_read_memory_ids,official_gold_lww_conflicted,final_official_score,final_correct
1,official_mquake_label_chain,agentmemorybench:fact-mh-262k:context-0/factconsolidation_mh_262k_no0,factconsolidation_mh_262k_no0,0,1,8,0.125,1789210344135085336-7832225cbaa64af189eee6d0104801a7,"[""search""]",sufficient,3,0,0.0,[],"[1,2,3]",[],0,[],False,0.0,False
1,official_mquake_label_chain,agentmemorybench:fact-mh-262k:context-0/factconsolidation_mh_262k_no0,factconsolidation_mh_262k_no0,0,2,8,0.25,1789210356541979703-080e004dc0644f13912405f8ef1c1824,"[""read""]",sufficient,3,0,0.0,[],"[1,2,3]",[],0,[],False,0.0,False
1,official_mquake_label_chain,agentmemorybench:fact-mh-262k:context-0/factconsolidation_mh_262k_no0,factconsolidation_mh_262k_no0,0,3,8,0.375,1789210360775484287-57c4e8c64bb24e80b8670547ee19efc8,"[""search""]",sufficient,3,1,0.3333333333333333,[1],"[2,3]",[1],1,"[""m-d378741b166342a8e5a0aca8""]",False,0.0,False
1,official_mquake_label_chain,agentmemorybench:fact-mh-262k:context-0/factconsolidation_mh_262k_no0,factconsolidation_mh_262k_no0,0,4,8,0.5,1789210366530014254-4c680ec84629405098cdb300a7cc4956,"[""search""]",sufficient,3,1,0.3333333333333333,[1],"[2,3]",[],1,"[""m-d378741b166342a8e5a0aca8""]",False,0.0,False
1,official_mquake_label_chain,agentmemorybench:fact-mh-262k:context-0/factconsolidation_mh_262k_no0,factconsolidation_mh_262k_no0,0,5,8,0.625,1789210370783490259-65af45911db8433b872f32733f7cc3c9,"[""read""]",sufficient,3,1,0.3333333333333333,[1],"[2,3]",[],1,"[""m-d378741b166342a8e5a0aca8""]",False,0.0,False
1,official_mquake_label_chain,agentmemorybench:fact-mh-262k:context-0/factconsolidation_mh_262k_no0,factconsolidation_mh_262k_no0,0,6,8,0.75,1789210375188102970-053b256c2e5e44cb9bd0ad6b16a8cb18,"[""search""]",sufficient,3,1,0.3333333333333333,[1],"[2,3]",[],3,"[""m-d378741b166342a8e5a0aca8"",""m-cbdf6a8153fd22ff0242fee9"",""m-879a81ce4bb890141c60d24f""]",False,0.0,False
1,official_mquake_label_chain,agentmemorybench:fact-mh-262k:context-0/factconsolidation_mh_262k_no0,factconsolidation_mh_262k_no0,0,7,8,0.875,1789210383809254109-a06f18b197c949418e7bab247706b7c4,"[""read""]",sufficient,3,1,0.3333333333333333,[1],"[2,3]",[],3,"[""m-d378741b166342a8e5a0aca8"",""m-cbdf6a8153fd22ff0242fee9"",""m-879a81ce4bb890141c60d24f""]",False,0.0,False
1,official_mquake_label_chain,agentmemorybench:fact-mh-262k:context-0/factconsolidation_mh_262k_no0,factconsolidation_mh_262k_no0,0,8,8,1.0,1789210390897050567-7c76028dbc424889be99664b49b485d9,"[""finish""]",sufficient,3,1,0.3333333333333333,[1],"[2,3]",[],3,"[""m-d378741b166342a8e5a0aca8"",""m-cbdf6a8153fd22ff0242fee9"",""m-879a81ce4bb890141c60d24f""]",False,0.0,False
1,official_mquake_label_chain,agentmemorybench:fact-mh-262k:context-0/factconsolidation_mh_262k_no1,factconsolidation_mh_262k_no1,1,1,6,0.16666666666666666,1789210344150522642-870e3cf7677d4b49965b075331bc5408,"[""search""]",sufficient,2,0,0.0,[],"[1,2]",[],0,[],False,1.0,True
1,official_mquake_label_chain,agentmemorybench:fact-mh-262k:context-0/factconsolidation_mh_262k_no1,factconsolidation_mh_262k_no1,1,2,6,0.3333333333333333,1789210356543915196-a7776ade637f4ccf8db1ff534c2fc999,"[""read""]",sufficient,2,0,0.0,[],"[1,2]",[],0,[],False,1.0,True
1,official_mquake_label_chain,agentmemorybench:fact-mh-262k:context-0/factconsolidation_mh_262k_no1,factconsolidation_mh_262k_no1,1,3,6,0.5,1789210363311449126-5265fd1d200940c4830f784287596786,"[""search""]",sufficient,2,1,0.5,[1],[2],[1],2,"[""m-1d5745d8b432a6047b4dd936"",""m-3576b8a194151a5c0e81bdc5""]",False,1.0,True
1,official_mquake_label_chain,agentmemorybench:fact-mh-262k:context-0/factconsolidation_mh_262k_no1,factconsolidation_mh_262k_no1,1,4,6,0.6666666666666666,1789210369536962597-ae409953f6fb428d9d11cea344e921e7,"[""read""]",sufficient,2,1,0.5,[1],[2],[],2,"[""m-1d5745d8b432a6047b4dd936"",""m-3576b8a194151a5c0e81bdc5""]",False,1.0,True
1,official_mquake_label_chain,agentmemorybench:fact-mh-262k:context-0/factconsolidation_mh_262k_no1,factconsolidation_mh_262k_no1,1,5,6,0.8333333333333334,1789210373823082229-0ee056c6448741e2b06a54e1cd0f62e4,"[""read""]",sufficient,2,2,1.0,"[1,2]",[],[2],3,"[""m-1d5745d8b432a6047b4dd936"",""m-3576b8a194151a5c0e81bdc5"",""m-0b1100aa2215e071bf08a812""]",False,1.0,True
1,official_mquake_label_chain,agentmemorybench:fact-mh-262k:context-0/factconsolidation_mh_262k_no1,factconsolidation_mh_262k_no1,1,6,6,1.0,1789210379917119505-c296895da2c048f89d89097c69840247,"[""finish""]",sufficient,2,2,1.0,"[1,2]",[],[],4,"[""m-1d5745d8b432a6047b4dd936"",""m-3576b8a194151a5c0e81bdc5"",""m-0b1100aa2215e071bf08a812"",""m-154bcacb92d86a5c9d325b00""]",False,1.0,True
1,official_mquake_label_chain,agentmemorybench:fact-mh-262k:context-0/factconsolidation_mh_262k_no2,factconsolidation_mh_262k_no2,2,1,7,0.14285714285714285,1789210344141224162-58cdd7479e8e4ede97f3e8e28c2cf728,"[""search""]",sufficient,4,0,0.0,[],"[1,2,3,4]",[],0,[],True,0.0,False
1,official_mquake_label_chain,agentmemorybench:fact-mh-262k:context-0/factconsolidation_mh_262k_no2,factconsolidation_mh_262k_no2,2,2,7,0.2857142857142857,1789210356539155161-c00eb3af9b414da09797c7f4769408c5,"[""search""]",sufficient,4,0,0.0,[],"[1,2,3,4]",[],0,[],True,0.0,False
1,official_mquake_label_chain,agentmemorybench:fact-mh-262k:context-0/factconsolidation_mh_262k_no2,factconsolidation_mh_262k_no2,2,3,7,0.42857142857142855,1789210362768280128-1adde43977794b7fb774c87cc28206b4,"[""search""]",sufficient,4,0,0.0,[],"[1,2,3,4]",[],0,[],True,0.0,False
1,official_mquake_label_chain,agentmemorybench:fact-mh-262k:context-0/factconsolidation_mh_262k_no2,factconsolidation_mh_262k_no2,2,4,7,0.5714285714285714,1789210367443215181-bc1e64b113d3495587d71ff897ab006d,"[""read""]",sufficient,4,0,0.0,[],"[1,2,3,4]",[],0,[],True,0.0,False
1,official_mquake_label_chain,agentmemorybench:fact-mh-262k:context-0/factconsolidation_mh_262k_no2,factconsolidation_mh_262k_no2,2,5,7,0.7142857142857143,1789210371593497216-c0221e41deb348f399e270e80b943aec,"[""search""]",sufficient,4,1,0.25,[1],"[2,3,4]",[1],4,"[""m-27a012671d73f03a3fd6b638"",""m-942f5722dd6757610c2e118b"",""m-d378741b166342a8e5a0aca8"",""m-954c540a5962fbc7d01e18bf""]",True,0.0,False
1,official_mquake_label_chain,agentmemorybench:fact-mh-262k:context-0/factconsolidation_mh_262k_no2,factconsolidation_mh_262k_no2,2,6,7,0.8571428571428571,1789210377514027474-97d02df2be8b47a3aa6f8ad8e003e047,"[""read""]",sufficient,4,1,0.25,[1],"[2,3,4]",[],4,"[""m-27a012671d73f03a3fd6b638"",""m-942f5722dd6757610c2e118b"",""m-d378741b166342a8e5a0aca8"",""m-954c540a5962fbc7d01e18bf""]",True,0.0,False
1,official_mquake_label_chain,agentmemorybench:fact-mh-262k:context-0/factconsolidation_mh_262k_no2,factconsolidation_mh_262k_no2,2,7,7,1.0,1789210380519485162-9e9c4547f23e494f88b6122292a9c7ee,"[""finish""]",sufficient,4,1,0.25,[1],"[2,3,4]",[],6,"[""m-27a012671d73f03a3fd6b638"",""m-942f5722dd6757610c2e118b"",""m-d378741b166342a8e5a0aca8"",""m-954c540a5962fbc7d01e18bf"",""m-390bc624383d3833d9578af5"",""m-dfb16b405973c1a31c4ae15b""]",True,0.0,False
1,official_mquake_label_chain,agentmemorybench:fact-mh-262k:context-0/factconsolidation_mh_262k_no3,factconsolidation_mh_262k_no3,3,1,3,0.3333333333333333,1789210344140254272-f9aa51df877941c3ba9258bb15ec2e16,"[""search""]",sufficient,2,0,0.0,[],"[1,2]",[],0,[],False,0.0,False
1,official_mquake_label_chain,agentmemorybench:fact-mh-262k:context-0/factconsolidation_mh_262k_no3,factconsolidation_mh_262k_no3,3,2,3,0.6666666666666666,1789210356542632367-8fcbff481f3f4afc987687c3141fccfb,"[""read""]",sufficient,2,0,0.0,[],"[1,2]",[],0,[],False,0.0,False
1,official_mquake_label_chain,agentmemorybench:fact-mh-262k:context-0/factconsolidation_mh_262k_no3,factconsolidation_mh_262k_no3,3,3,3,1.0,1789210359511174809-eb32b7bb169443fab767a23b921cf081,"[""finish""]",sufficient,2,1,0.5,[1],[2],[1],1,"[""m-764a735eb863dbf0706b046a""]",False,0.0,False
1,official_mquake_label_chain,agentmemorybench:fact-mh-262k:context-0/factconsolidation_mh_262k_no4,factconsolidation_mh_262k_no4,4,1,5,0.2,1789210344157798971-eb3b9ea3419c40e3a054f141cc8cc569,"[""search""]",sufficient,2,0,0.0,[],"[1,2]",[],0,[],True,1.0,True
1,official_mquake_label_chain,agentmemorybench:fact-mh-262k:context-0/factconsolidation_mh_262k_no4,factconsolidation_mh_262k_no4,4,2,5,0.4,1789210356544453587-809fec9d363d4967aca8d4e4c4cac626,"[""read""]",sufficient,2,0,0.0,[],"[1,2]",[],0,[],True,1.0,True
1,official_mquake_label_chain,agentmemorybench:fact-mh-262k:context-0/factconsolidation_mh_262k_no4,factconsolidation_mh_262k_no4,4,3,5,0.6,1789210364105484604-176532a5f67a43b1b39bea906bf87923,"[""search""]",sufficient,2,0,0.0,[],"[1,2]",[],4,"[""m-6fd0269b08ed390fee96395f"",""m-20b0bd029c73234fd44ab583"",""m-7c5d78490bb6e83cf8439922"",""m-ae3c59715d1425023fba9b40""]",True,1.0,True
1,official_mquake_label_chain,agentmemorybench:fact-mh-262k:context-0/factconsolidation_mh_262k_no4,factconsolidation_mh_262k_no4,4,4,5,0.8,1789210368926573132-df4e46c865f344b589badb17373727d7,"[""read""]",sufficient,2,0,0.0,[],"[1,2]",[],4,"[""m-6fd0269b08ed390fee96395f"",""m-20b0bd029c73234fd44ab583"",""m-7c5d78490bb6e83cf8439922"",""m-ae3c59715d1425023fba9b40""]",True,1.0,True
1,official_mquake_label_chain,agentmemorybench:fact-mh-262k:context-0/factconsolidation_mh_262k_no4,factconsolidation_mh_262k_no4,4,5,5,1.0,1789210374799957518-510c66d89df24f019f630c2137019a60,"[""finish""]",sufficient,2,2,1.0,"[1,2]",[],"[1,2]",6,"[""m-6fd0269b08ed390fee96395f"",""m-20b0bd029c73234fd44ab583"",""m-7c5d78490bb6e83cf8439922"",""m-ae3c59715d1425023fba9b40"",""m-b4f7617ddfde634fb0ac7372"",""m-323e3517faf8135a089224ca""]",True,1.0,True
1,official_mquake_label_chain,agentmemorybench:fact-mh-262k:context-0/factconsolidation_mh_262k_no5,factconsolidation_mh_262k_no5,5,1,8,0.125,1789210344147233549-b768819991d64936adc557d2b3feb34a,"[""search""]",sufficient,4,0,0.0,[],"[1,2,3,4]",[],0,[],False,1.0,True
1,official_mquake_label_chain,agentmemorybench:fact-mh-262k:context-0/factconsolidation_mh_262k_no5,factconsolidation_mh_262k_no5,5,2,8,0.25,1789210356543377040-bf5df77139a140dca58ea0a0af0147e5,"[""read""]",sufficient,4,0,0.0,[],"[1,2,3,4]",[],0,[],False,1.0,True
1,official_mquake_label_chain,agentmemorybench:fact-mh-262k:context-0/factconsolidation_mh_262k_no5,factconsolidation_mh_262k_no5,5,3,8,0.375,1789210359719028864-a310ecb4cb264e6387ccd13c332c74dd,"[""search""]",sufficient,4,1,0.25,[1],"[2,3,4]",[1],1,"[""m-9c66a5ec4a759d8795c58788""]",False,1.0,True
1,official_mquake_label_chain,agentmemorybench:fact-mh-262k:context-0/factconsolidation_mh_262k_no5,factconsolidation_mh_262k_no5,5,4,8,0.5,1789210364777926791-b18c7113cdf948309c047bbe50bc60d1,"[""search""]",sufficient,4,1,0.25,[1],"[2,3,4]",[],1,"[""m-9c66a5ec4a759d8795c58788""]",False,1.0,True
1,official_mquake_label_chain,agentmemorybench:fact-mh-262k:context-0/factconsolidation_mh_262k_no5,factconsolidation_mh_262k_no5,5,5,8,0.625,1789210370387160190-853adbb78b834f2f91d2633d887b4e66,"[""read""]",sufficient,4,1,0.25,[1],"[2,3,4]",[],1,"[""m-9c66a5ec4a759d8795c58788""]",False,1.0,True
1,official_mquake_label_chain,agentmemorybench:fact-mh-262k:context-0/factconsolidation_mh_262k_no5,factconsolidation_mh_262k_no5,5,6,8,0.75,1789210375207003051-da3790b0d7fc4d6b8b249207f78f8642,"[""search""]",sufficient,4,4,1.0,"[1,2,3,4]",[],"[2,3,4]",4,"[""m-9c66a5ec4a759d8795c58788"",""m-d8939565b192098f7742417a"",""m-879a81ce4bb890141c60d24f"",""m-aff4df280c82222c41cd9dbd""]",False,1.0,True
1,official_mquake_label_chain,agentmemorybench:fact-mh-262k:context-0/factconsolidation_mh_262k_no5,factconsolidation_mh_262k_no5,5,7,8,0.875,1789210383500586547-b92b6d7fa9e44592a74b7af28236c3b8,"[""read""]",sufficient,4,4,1.0,"[1,2,3,4]",[],[],4,"[""m-9c66a5ec4a759d8795c58788"",""m-d8939565b192098f7742417a"",""m-879a81ce4bb890141c60d24f"",""m-aff4df280c82222c41cd9dbd""]",False,1.0,True
1,official_mquake_label_chain,agentmemorybench:fact-mh-262k:context-0/factconsolidation_mh_262k_no5,factconsolidation_mh_262k_no5,5,8,8,1.0,1789210388447842937-8983301e329a4656a79cfebc9e2a49b8,"[""finish""]",sufficient,4,4,1.0,"[1,2,3,4]",[],[],5,"[""m-9c66a5ec4a759d8795c58788"",""m-d8939565b192098f7742417a"",""m-879a81ce4bb890141c60d24f"",""m-aff4df280c82222c41cd9dbd"",""m-fe91a1e8a803d8f45780f318""]",False,1.0,True
1,official_mquake_label_chain,agentmemorybench:fact-mh-262k:context-0/factconsolidation_mh_262k_no6,factconsolidation_mh_262k_no6,6,1,3,0.3333333333333333,1789210344161338582-7576f9cb18f64c5cbaf9f60a0347a8cb,"[""search""]",sufficient,2,0,0.0,[],"[1,2]",[],0,[],False,1.0,True
1,official_mquake_label_chain,agentmemorybench:fact-mh-262k:context-0/factconsolidation_mh_262k_no6,factconsolidation_mh_262k_no6,6,2,3,0.6666666666666666,1789210356545304287-cf6d499fb907400386474dcedbc92b72,"[""read""]",sufficient,2,0,0.0,[],"[1,2]",[],0,[],False,1.0,True
1,official_mquake_label_chain,agentmemorybench:fact-mh-262k:context-0/factconsolidation_mh_262k_no6,factconsolidation_mh_262k_no6,6,3,3,1.0,1789210361346665867-e294ca5f583344a8b04684021862288d,"[""finish""]",sufficient,2,2,1.0,"[1,2]",[],"[1,2]",3,"[""m-df5c8fccc1791c4df5c99f24"",""m-e83f38f2c761aa5a2f5c0f21"",""m-ae3c59715d1425023fba9b40""]",False,1.0,True
1,official_mquake_label_chain,agentmemorybench:fact-mh-262k:context-0/factconsolidation_mh_262k_no7,factconsolidation_mh_262k_no7,7,1,23,0.043478260869565216,1789210344158777540-e72d840521584eb69e8f88db120ffc5e,"[""search""]",sufficient,4,0,0.0,[],"[1,2,3,4]",[],0,[],False,0.0,False
1,official_mquake_label_chain,agentmemorybench:fact-mh-262k:context-0/factconsolidation_mh_262k_no7,factconsolidation_mh_262k_no7,7,2,23,0.08695652173913043,1789210356546229243-bba20e4370164a77b37897fa0d115a08,"[""read""]",sufficient,4,0,0.0,[],"[1,2,3,4]",[],0,[],False,0.0,False
1,official_mquake_label_chain,agentmemorybench:fact-mh-262k:context-0/factconsolidation_mh_262k_no7,factconsolidation_mh_262k_no7,7,3,23,0.13043478260869565,1789210365985483323-bb2f1da1600341feb7f9f5a46db18649,"[""search""]",sufficient,4,2,0.5,"[1,2]","[3,4]","[1,2]",5,"[""m-b4f7617ddfde634fb0ac7372"",""m-22130c7cb447261eda31ef6b"",""m-323e3517faf8135a089224ca"",""m-a0156ee0ec6cb0be09a290e7"",""m-4629414582d97d69514c4643""]",False,0.0,False
1,official_mquake_label_chain,agentmemorybench:fact-mh-262k:context-0/factconsolidation_mh_262k_no7,factconsolidation_mh_262k_no7,7,4,23,0.17391304347826086,1789210373822650320-0662ce33718745ae804b56d3b681b5ae,"[""search""]",sufficient,4,2,0.5,"[1,2]","[3,4]",[],5,"[""m-b4f7617ddfde634fb0ac7372"",""m-22130c7cb447261eda31ef6b"",""m-323e3517faf8135a089224ca"",""m-a0156ee0ec6cb0be09a290e7"",""m-4629414582d97d69514c4643""]",False,0.0,False
1,official_mquake_label_chain,agentmemorybench:fact-mh-262k:context-0/factconsolidation_mh_262k_no7,factconsolidation_mh_262k_no7,7,5,23,0.21739130434782608,1789210377827094466-85e090683638470a986db3f5507ae6ea,"[""read""]",sufficient,4,2,0.5,"[1,2]","[3,4]",[],5,"[""m-b4f7617ddfde634fb0ac7372"",""m-22130c7cb447261eda31ef6b"",""m-323e3517faf8135a089224ca"",""m-a0156ee0ec6cb0be09a290e7"",""m-4629414582d97d69514c4643""]",False,0.0,False
1,official_mquake_label_chain,agentmemorybench:fact-mh-262k:context-0/factconsolidation_mh_262k_no7,factconsolidation_mh_262k_no7,7,6,23,0.2608695652173913,1789210382589386025-b503ac3a58214d7d8223730567cbe9bc,"[""search""]",sufficient,4,2,0.5,"[1,2]","[3,4]",[],8,"[""m-b4f7617ddfde634fb0ac7372"",""m-22130c7cb447261eda31ef6b"",""m-323e3517faf8135a089224ca"",""m-a0156ee0ec6cb0be09a290e7"",""m-4629414582d97d69514c4643"",""m-cbdf6a8153fd22ff0242fee9"",""m-764a735eb863dbf0706b046a"",""m-aff4df280c82222c41cd9dbd""]",False,0.0,False
1,official_mquake_label_chain,agentmemorybench:fact-mh-262k:context-0/factconsolidation_mh_262k_no7,factconsolidation_mh_262k_no7,7,7,23,0.30434782608695654,1789210386616756522-9623d957c42947ebac5083f6f4235cdf,"[""read""]",sufficient,4,2,0.5,"[1,2]","[3,4]",[],8,"[""m-b4f7617ddfde634fb0ac7372"",""m-22130c7cb447261eda31ef6b"",""m-323e3517faf8135a089224ca"",""m-a0156ee0ec6cb0be09a290e7"",""m-4629414582d97d69514c4643"",""m-cbdf6a8153fd22ff0242fee9"",""m-764a735eb863dbf0706b046a"",""m-aff4df280c82222c41cd9dbd""]",False,0.0,False
1,official_mquake_label_chain,agentmemorybench:fact-mh-262k:context-0/factconsolidation_mh_262k_no7,factconsolidation_mh_262k_no7,7,8,23,0.34782608695652173,1789210389250716127-81521ded4e3e428bb7ae71c729d1f485,"[""search""]",sufficient,4,2,0.5,"[1,2]","[3,4]",[],9,"[""m-b4f7617ddfde634fb0ac7372"",""m-22130c7cb447261eda31ef6b"",""m-323e3517faf8135a089224ca"",""m-a0156ee0ec6cb0be09a290e7"",""m-4629414582d97d69514c4643"",""m-cbdf6a8153fd22ff0242fee9"",""m-764a735eb863dbf0706b046a"",""m-aff4df280c82222c41cd9dbd"",""m-d378741b166342a8e5a0aca8""]",False,0.0,False
1,official_mquake_label_chain,agentmemorybench:fact-mh-262k:context-0/factconsolidation_mh_262k_no7,factconsolidation_mh_262k_no7,7,9,23,0.391304347826087,1789210391834558116-b84244f9cb2b4d158bdca1335c2b86f4,"[""read""]",sufficient,4,2,0.5,"[1,2]","[3,4]",[],9,"[""m-b4f7617ddfde634fb0ac7372"",""m-22130c7cb447261eda31ef6b"",""m-323e3517faf8135a089224ca"",""m-a0156ee0ec6cb0be09a290e7"",""m-4629414582d97d69514c4643"",""m-cbdf6a8153fd22ff0242fee9"",""m-764a735eb863dbf0706b046a"",""m-aff4df280c82222c41cd9dbd"",""m-d378741b166342a8e5a0aca8""]",False,0.0,False
1,official_mquake_label_chain,agentmemorybench:fact-mh-262k:context-0/factconsolidation_mh_262k_no7,factconsolidation_mh_262k_no7,7,10,23,0.43478260869565216,1789210395651944631-1c884924a17c439b89b419980e255591,"[""search""]",sufficient,4,2,0.5,"[1,2]","[3,4]",[],12,"[""m-b4f7617ddfde634fb0ac7372"",""m-22130c7cb447261eda31ef6b"",""m-323e3517faf8135a089224ca"",""m-a0156ee0ec6cb0be09a290e7"",""m-4629414582d97d69514c4643"",""m-cbdf6a8153fd22ff0242fee9"",""m-764a735eb863dbf0706b046a"",""m-aff4df280c82222c41cd9dbd"",""m-d378741b166342a8e5a0aca8"",""m-942f5722dd6757610c2e118b"",""m-0a2ca057cd4e91028f99f848"",""m-cc9026da2a96fd1bdeb2953b""]",False,0.0,False
1,official_mquake_label_chain,agentmemorybench:fact-mh-262k:context-0/factconsolidation_mh_262k_no7,factconsolidation_mh_262k_no7,7,11,23,0.4782608695652174,1789210401107722252-98dcf07ebf9f44bb94653529660be308,"[""search""]",sufficient,4,2,0.5,"[1,2]","[3,4]",[],12,"[""m-b4f7617ddfde634fb0ac7372"",""m-22130c7cb447261eda31ef6b"",""m-323e3517faf8135a089224ca"",""m-a0156ee0ec6cb0be09a290e7"",""m-4629414582d97d69514c4643"",""m-cbdf6a8153fd22ff0242fee9"",""m-764a735eb863dbf0706b046a"",""m-aff4df280c82222c41cd9dbd"",""m-d378741b166342a8e5a0aca8"",""m-942f5722dd6757610c2e118b"",""m-0a2ca057cd4e91028f99f848"",""m-cc9026da2a96fd1bdeb2953b""]",False,0.0,False
1,official_mquake_label_chain,agentmemorybench:fact-mh-262k:context-0/factconsolidation_mh_262k_no7,factconsolidation_mh_262k_no7,7,12,23,0.5217391304347826,1789210403803429004-16c3b1624ef1459790d2248c851450c6,"[""search""]",sufficient,4,2,0.5,"[1,2]","[3,4]",[],12,"[""m-b4f7617ddfde634fb0ac7372"",""m-22130c7cb447261eda31ef6b"",""m-323e3517faf8135a089224ca"",""m-a0156ee0ec6cb0be09a290e7"",""m-4629414582d97d69514c4643"",""m-cbdf6a8153fd22ff0242fee9"",""m-764a735eb863dbf0706b046a"",""m-aff4df280c82222c41cd9dbd"",""m-d378741b166342a8e5a0aca8"",""m-942f5722dd6757610c2e118b"",""m-0a2ca057cd4e91028f99f848"",""m-cc9026da2a96fd1bdeb2953b""]",False,0.0,False
1,official_mquake_label_chain,agentmemorybench:fact-mh-262k:context-0/factconsolidation_mh_262k_no7,factconsolidation_mh_262k_no7,7,13,23,0.5652173913043478,1789210406848526642-b69daf8ad6e74c839bced87f537739a0,"[""read""]",sufficient,4,2,0.5,"[1,2]","[3,4]",[],12,"[""m-b4f7617ddfde634fb0ac7372"",""m-22130c7cb447261eda31ef6b"",""m-323e3517faf8135a089224ca"",""m-a0156ee0ec6cb0be09a290e7"",""m-4629414582d97d69514c4643"",""m-cbdf6a8153fd22ff0242fee9"",""m-764a735eb863dbf0706b046a"",""m-aff4df280c82222c41cd9dbd"",""m-d378741b166342a8e5a0aca8"",""m-942f5722dd6757610c2e118b"",""m-0a2ca057cd4e91028f99f848"",""m-cc9026da2a96fd1bdeb2953b""]",False,0.0,False
1,official_mquake_label_chain,agentmemorybench:fact-mh-262k:context-0/factconsolidation_mh_262k_no7,factconsolidation_mh_262k_no7,7,14,23,0.6086956521739131,1789210410321527042-47b7dd21056b4c5d97dea8e50627c56b,"[""search_more""]",sufficient,4,2,0.5,"[1,2]","[3,4]",[],13,"[""m-b4f7617ddfde634fb0ac7372"",""m-22130c7cb447261eda31ef6b"",""m-323e3517faf8135a089224ca"",""m-a0156ee0ec6cb0be09a290e7"",""m-4629414582d97d69514c4643"",""m-cbdf6a8153fd22ff0242fee9"",""m-764a735eb863dbf0706b046a"",""m-aff4df280c82222c41cd9dbd"",""m-d378741b166342a8e5a0aca8"",""m-942f5722dd6757610c2e118b"",""m-0a2ca057cd4e91028f99f848"",""m-cc9026da2a96fd1bdeb2953b"",""m-3d125b0f0545f62e1d4dad28""]",False,0.0,False
1,official_mquake_label_chain,agentmemorybench:fact-mh-262k:context-0/factconsolidation_mh_262k_no7,factconsolidation_mh_262k_no7,7,15,23,0.6521739130434783,1789210415397426251-339c4544009a4955b5f58aa065fae77c,"[""read""]",sufficient,4,2,0.5,"[1,2]","[3,4]",[],13,"[""m-b4f7617ddfde634fb0ac7372"",""m-22130c7cb447261eda31ef6b"",""m-323e3517faf8135a089224ca"",""m-a0156ee0ec6cb0be09a290e7"",""m-4629414582d97d69514c4643"",""m-cbdf6a8153fd22ff0242fee9"",""m-764a735eb863dbf0706b046a"",""m-aff4df280c82222c41cd9dbd"",""m-d378741b166342a8e5a0aca8"",""m-942f5722dd6757610c2e118b"",""m-0a2ca057cd4e91028f99f848"",""m-cc9026da2a96fd1bdeb2953b"",""m-3d125b0f0545f62e1d4dad28""]",False,0.0,False
1,official_mquake_label_chain,agentmemorybench:fact-mh-262k:context-0/factconsolidation_mh_262k_no7,factconsolidation_mh_262k_no7,7,16,23,0.6956521739130435,1789210421122064127-c3cc198b69754246b05f3bc389358060,"[""search""]",sufficient,4,2,0.5,"[1,2]","[3,4]",[],18,"[""m-b4f7617ddfde634fb0ac7372"",""m-22130c7cb447261eda31ef6b"",""m-323e3517faf8135a089224ca"",""m-a0156ee0ec6cb0be09a290e7"",""m-4629414582d97d69514c4643"",""m-cbdf6a8153fd22ff0242fee9"",""m-764a735eb863dbf0706b046a"",""m-aff4df280c82222c41cd9dbd"",""m-d378741b166342a8e5a0aca8"",""m-942f5722dd6757610c2e118b"",""m-0a2ca057cd4e91028f99f848"",""m-cc9026da2a96fd1bdeb2953b"",""m-3d125b0f0545f62e1d4dad28"",""m-2c378c529470c6ac9d9129c5"",""m-1013038271bffdb5b4d7d9a5"",""m-de83a0d2e0630ddb97f1fe54"",""m-1206e80bff6434ab66c69ece"",""m-ac04b749be9809cc151a3f0e""]",False,0.0,False
1,official_mquake_label_chain,agentmemorybench:fact-mh-262k:context-0/factconsolidation_mh_262k_no7,factconsolidation_mh_262k_no7,7,17,23,0.7391304347826086,1789210429630673761-a8386cdf930940829e9f2501b95aac20,"[""search_more""]",sufficient,4,2,0.5,"[1,2]","[3,4]",[],18,"[""m-b4f7617ddfde634fb0ac7372"",""m-22130c7cb447261eda31ef6b"",""m-323e3517faf8135a089224ca"",""m-a0156ee0ec6cb0be09a290e7"",""m-4629414582d97d69514c4643"",""m-cbdf6a8153fd22ff0242fee9"",""m-764a735eb863dbf0706b046a"",""m-aff4df280c82222c41cd9dbd"",""m-d378741b166342a8e5a0aca8"",""m-942f5722dd6757610c2e118b"",""m-0a2ca057cd4e91028f99f848"",""m-cc9026da2a96fd1bdeb2953b"",""m-3d125b0f0545f62e1d4dad28"",""m-2c378c529470c6ac9d9129c5"",""m-1013038271bffdb5b4d7d9a5"",""m-de83a0d2e0630ddb97f1fe54"",""m-1206e80bff6434ab66c69ece"",""m-ac04b749be9809cc151a3f0e""]",False,0.0,False
1,official_mquake_label_chain,agentmemorybench:fact-mh-262k:context-0/factconsolidation_mh_262k_no7,factconsolidation_mh_262k_no7,7,18,23,0.782608695652174,1789210434107763823-2f7c1e80a1c7413489f1cd47fcf3aef7,"[""read""]",sufficient,4,2,0.5,"[1,2]","[3,4]",[],18,"[""m-b4f7617ddfde634fb0ac7372"",""m-22130c7cb447261eda31ef6b"",""m-323e3517faf8135a089224ca"",""m-a0156ee0ec6cb0be09a290e7"",""m-4629414582d97d69514c4643"",""m-cbdf6a8153fd22ff0242fee9"",""m-764a735eb863dbf0706b046a"",""m-aff4df280c82222c41cd9dbd"",""m-d378741b166342a8e5a0aca8"",""m-942f5722dd6757610c2e118b"",""m-0a2ca057cd4e91028f99f848"",""m-cc9026da2a96fd1bdeb2953b"",""m-3d125b0f0545f62e1d4dad28"",""m-2c378c529470c6ac9d9129c5"",""m-1013038271bffdb5b4d7d9a5"",""m-de83a0d2e0630ddb97f1fe54"",""m-1206e80bff6434ab66c69ece"",""m-ac04b749be9809cc151a3f0e""]",False,0.0,False
1,official_mquake_label_chain,agentmemorybench:fact-mh-262k:context-0/factconsolidation_mh_262k_no7,factconsolidation_mh_262k_no7,7,19,23,0.8260869565217391,1789210440596675475-5c76cea38ff945b5b5fee73437bd34d9,"[""read""]",sufficient,4,2,0.5,"[1,2]","[3,4]",[],28,"[""m-b4f7617ddfde634fb0ac7372"",""m-22130c7cb447261eda31ef6b"",""m-323e3517faf8135a089224ca"",""m-a0156ee0ec6cb0be09a290e7"",""m-4629414582d97d69514c4643"",""m-cbdf6a8153fd22ff0242fee9"",""m-764a735eb863dbf0706b046a"",""m-aff4df280c82222c41cd9dbd"",""m-d378741b166342a8e5a0aca8"",""m-942f5722dd6757610c2e118b"",""m-0a2ca057cd4e91028f99f848"",""m-cc9026da2a96fd1bdeb2953b"",""m-3d125b0f0545f62e1d4dad28"",""m-2c378c529470c6ac9d9129c5"",""m-1013038271bffdb5b4d7d9a5"",""m-de83a0d2e0630ddb97f1fe54"",""m-1206e80bff6434ab66c69ece"",""m-ac04b749be9809cc151a3f0e"",""m-8a1ac4543999c1eeeb063bdd"",""m-4b387e35592c018e238fb4ed"",""m-65ddf9819a5ecf5e4656074f"",""m-971985574eb04740c13ad5c1"",""m-7c5d78490bb6e83cf8439922"",""m-b7d3a9321839d30b4fca32c4"",""m-f4d41a198fada7f7ebf3b81e"",""m-e83f38f2c761aa5a2f5c0f21"",""m-dfb16b405973c1a31c4ae15b"",""m-39a70dddcdab182d48ea3d73""]",False,0.0,False
1,official_mquake_label_chain,agentmemorybench:fact-mh-262k:context-0/factconsolidation_mh_262k_no7,factconsolidation_mh_262k_no7,7,20,23,0.8695652173913043,1789210451580189136-3779b1e07ca345a39c8e69f446d92cbd,"[""search""]",sufficient,4,2,0.5,"[1,2]","[3,4]",[],36,"[""m-b4f7617ddfde634fb0ac7372"",""m-22130c7cb447261eda31ef6b"",""m-323e3517faf8135a089224ca"",""m-a0156ee0ec6cb0be09a290e7"",""m-4629414582d97d69514c4643"",""m-cbdf6a8153fd22ff0242fee9"",""m-764a735eb863dbf0706b046a"",""m-aff4df280c82222c41cd9dbd"",""m-d378741b166342a8e5a0aca8"",""m-942f5722dd6757610c2e118b"",""m-0a2ca057cd4e91028f99f848"",""m-cc9026da2a96fd1bdeb2953b"",""m-3d125b0f0545f62e1d4dad28"",""m-2c378c529470c6ac9d9129c5"",""m-1013038271bffdb5b4d7d9a5"",""m-de83a0d2e0630ddb97f1fe54"",""m-1206e80bff6434ab66c69ece"",""m-ac04b749be9809cc151a3f0e"",""m-8a1ac4543999c1eeeb063bdd"",""m-4b387e35592c018e238fb4ed"",""m-65ddf9819a5ecf5e4656074f"",""m-971985574eb04740c13ad5c1"",""m-7c5d78490bb6e83cf8439922"",""m-b7d3a9321839d30b4fca32c4"",""m-f4d41a198fada7f7ebf3b81e"",""m-e83f38f2c761aa5a2f5c0f21"",""m-dfb16b405973c1a31c4ae15b"",""m-39a70dddcdab182d48ea3d73"",""m-edc48416279cf33fce68c421"",""m-8e14b81f299884f04aa016ff"",""m-954c540a5962fbc7d01e18bf"",""m-32937397b194ea97822b7885"",""m-ae3c59715d1425023fba9b40"",""m-f41ccd0cde28da235a2664ef"",""m-b7dcd8cd2d91e2a0530e94f1"",""m-9114fa7460e0af8f396d5e59""]",False,0.0,False
1,official_mquake_label_chain,agentmemorybench:fact-mh-262k:context-0/factconsolidation_mh_262k_no7,factconsolidation_mh_262k_no7,7,21,23,0.9130434782608695,1789210458359201225-9bd6bff876ee4fc295821d8c3f5baaec,"[""read""]",sufficient,4,2,0.5,"[1,2]","[3,4]",[],36,"[""m-b4f7617ddfde634fb0ac7372"",""m-22130c7cb447261eda31ef6b"",""m-323e3517faf8135a089224ca"",""m-a0156ee0ec6cb0be09a290e7"",""m-4629414582d97d69514c4643"",""m-cbdf6a8153fd22ff0242fee9"",""m-764a735eb863dbf0706b046a"",""m-aff4df280c82222c41cd9dbd"",""m-d378741b166342a8e5a0aca8"",""m-942f5722dd6757610c2e118b"",""m-0a2ca057cd4e91028f99f848"",""m-cc9026da2a96fd1bdeb2953b"",""m-3d125b0f0545f62e1d4dad28"",""m-2c378c529470c6ac9d9129c5"",""m-1013038271bffdb5b4d7d9a5"",""m-de83a0d2e0630ddb97f1fe54"",""m-1206e80bff6434ab66c69ece"",""m-ac04b749be9809cc151a3f0e"",""m-8a1ac4543999c1eeeb063bdd"",""m-4b387e35592c018e238fb4ed"",""m-65ddf9819a5ecf5e4656074f"",""m-971985574eb04740c13ad5c1"",""m-7c5d78490bb6e83cf8439922"",""m-b7d3a9321839d30b4fca32c4"",""m-f4d41a198fada7f7ebf3b81e"",""m-e83f38f2c761aa5a2f5c0f21"",""m-dfb16b405973c1a31c4ae15b"",""m-39a70dddcdab182d48ea3d73"",""m-edc48416279cf33fce68c421"",""m-8e14b81f299884f04aa016ff"",""m-954c540a5962fbc7d01e18bf"",""m-32937397b194ea97822b7885"",""m-ae3c59715d1425023fba9b40"",""m-f41ccd0cde28da235a2664ef"",""m-b7dcd8cd2d91e2a0530e94f1"",""m-9114fa7460e0af8f396d5e59""]",False,0.0,False
1,official_mquake_label_chain,agentmemorybench:fact-mh-262k:context-0/factconsolidation_mh_262k_no7,factconsolidation_mh_262k_no7,7,22,23,0.9565217391304348,1789210465044278586-99f09f5636424c7faa0a1ea250e73949,"[""search""]",sufficient,4,2,0.5,"[1,2]","[3,4]",[],41,"[""m-b4f7617ddfde634fb0ac7372"",""m-22130c7cb447261eda31ef6b"",""m-323e3517faf8135a089224ca"",""m-a0156ee0ec6cb0be09a290e7"",""m-4629414582d97d69514c4643"",""m-cbdf6a8153fd22ff0242fee9"",""m-764a735eb863dbf0706b046a"",""m-aff4df280c82222c41cd9dbd"",""m-d378741b166342a8e5a0aca8"",""m-942f5722dd6757610c2e118b"",""m-0a2ca057cd4e91028f99f848"",""m-cc9026da2a96fd1bdeb2953b"",""m-3d125b0f0545f62e1d4dad28"",""m-2c378c529470c6ac9d9129c5"",""m-1013038271bffdb5b4d7d9a5"",""m-de83a0d2e0630ddb97f1fe54"",""m-1206e80bff6434ab66c69ece"",""m-ac04b749be9809cc151a3f0e"",""m-8a1ac4543999c1eeeb063bdd"",""m-4b387e35592c018e238fb4ed"",""m-65ddf9819a5ecf5e4656074f"",""m-971985574eb04740c13ad5c1"",""m-7c5d78490bb6e83cf8439922"",""m-b7d3a9321839d30b4fca32c4"",""m-f4d41a198fada7f7ebf3b81e"",""m-e83f38f2c761aa5a2f5c0f21"",""m-dfb16b405973c1a31c4ae15b"",""m-39a70dddcdab182d48ea3d73"",""m-edc48416279cf33fce68c421"",""m-8e14b81f299884f04aa016ff"",""m-954c540a5962fbc7d01e18bf"",""m-32937397b194ea97822b7885"",""m-ae3c59715d1425023fba9b40"",""m-f41ccd0cde28da235a2664ef"",""m-b7dcd8cd2d91e2a0530e94f1"",""m-9114fa7460e0af8f396d5e59"",""m-8988c2999d80d11c33dcaf06"",""m-6fd0269b08ed390fee96395f"",""m-df5c8fccc1791c4df5c99f24"",""m-28069cede24e19a36554223e"",""m-0f10fff25f4f2295def856b4""]",False,0.0,False
1,official_mquake_label_chain,agentmemorybench:fact-mh-262k:context-0/factconsolidation_mh_262k_no7,factconsolidation_mh_262k_no7,7,23,23,1.0,1789210475346630715-3972b1f8cc1647dd977ad08977e0782d,"[""finish""]",sufficient,4,2,0.5,"[1,2]","[3,4]",[],41,"[""m-b4f7617ddfde634fb0ac7372"",""m-22130c7cb447261eda31ef6b"",""m-323e3517faf8135a089224ca"",""m-a0156ee0ec6cb0be09a290e7"",""m-4629414582d97d69514c4643"",""m-cbdf6a8153fd22ff0242fee9"",""m-764a735eb863dbf0706b046a"",""m-aff4df280c82222c41cd9dbd"",""m-d378741b166342a8e5a0aca8"",""m-942f5722dd6757610c2e118b"",""m-0a2ca057cd4e91028f99f848"",""m-cc9026da2a96fd1bdeb2953b"",""m-3d125b0f0545f62e1d4dad28"",""m-2c378c529470c6ac9d9129c5"",""m-1013038271bffdb5b4d7d9a5"",""m-de83a0d2e0630ddb97f1fe54"",""m-1206e80bff6434ab66c69ece"",""m-ac04b749be9809cc151a3f0e"",""m-8a1ac4543999c1eeeb063bdd"",""m-4b387e35592c018e238fb4ed"",""m-65ddf9819a5ecf5e4656074f"",""m-971985574eb04740c13ad5c1"",""m-7c5d78490bb6e83cf8439922"",""m-b7d3a9321839d30b4fca32c4"",""m-f4d41a198fada7f7ebf3b81e"",""m-e83f38f2c761aa5a2f5c0f21"",""m-dfb16b405973c1a31c4ae15b"",""m-39a70dddcdab182d48ea3d73"",""m-edc48416279cf33fce68c421"",""m-8e14b81f299884f04aa016ff"",""m-954c540a5962fbc7d01e18bf"",""m-32937397b194ea97822b7885"",""m-ae3c59715d1425023fba9b40"",""m-f41ccd0cde28da235a2664ef"",""m-b7dcd8cd2d91e2a0530e94f1"",""m-9114fa7460e0af8f396d5e59"",""m-8988c2999d80d11c33dcaf06"",""m-6fd0269b08ed390fee96395f"",""m-df5c8fccc1791c4df5c99f24"",""m-28069cede24e19a36554223e"",""m-0f10fff25f4f2295def856b4""]",False,0.0,False
1,official_mquake_label_chain,agentmemorybench:fact-mh-262k:context-0/factconsolidation_mh_262k_no8,factconsolidation_mh_262k_no8,8,1,8,0.125,1789211106813472603-5fc30650a06e4455bb51a3c10592a254,"[""search""]",insufficient,2,0,0.0,[],"[1,2]",[],0,[],True,0.0,False
1,official_mquake_label_chain,agentmemorybench:fact-mh-262k:context-0/factconsolidation_mh_262k_no8,factconsolidation_mh_262k_no8,8,2,8,0.25,1789211118013827078-034e7a0624eb4800a54565f2afb33166,"[""search""]",insufficient,2,0,0.0,[],"[1,2]",[],0,[],True,0.0,False
1,official_mquake_label_chain,agentmemorybench:fact-mh-262k:context-0/factconsolidation_mh_262k_no8,factconsolidation_mh_262k_no8,8,3,8,0.375,1789211138280091462-9e8c4ece469d44d0aa61c4a5347baca6,"[""read""]",insufficient,2,0,0.0,[],"[1,2]",[],0,[],True,0.0,False
1,official_mquake_label_chain,agentmemorybench:fact-mh-262k:context-0/factconsolidation_mh_262k_no8,factconsolidation_mh_262k_no8,8,4,8,0.5,1789211172310408325-332693e91c344bbc8d8154265c3a4781,"[""search""]",insufficient,2,1,0.5,[1],[2],[1],3,"[""m-edc48416279cf33fce68c421"",""m-8988c2999d80d11c33dcaf06"",""m-621e3928a351e7bbd9e11337""]",True,0.0,False
1,official_mquake_label_chain,agentmemorybench:fact-mh-262k:context-0/factconsolidation_mh_262k_no8,factconsolidation_mh_262k_no8,8,5,8,0.625,1789211192074581563-3fe5f2bb554e4ccdb8be88fbd5ce2f68,"[""search""]",insufficient,2,1,0.5,[1],[2],[],3,"[""m-edc48416279cf33fce68c421"",""m-8988c2999d80d11c33dcaf06"",""m-621e3928a351e7bbd9e11337""]",True,0.0,False
1,official_mquake_label_chain,agentmemorybench:fact-mh-262k:context-0/factconsolidation_mh_262k_no8,factconsolidation_mh_262k_no8,8,6,8,0.75,1789211210698878510-2f3e099243f840c19880abe721b82a94,"[""search_more""]",insufficient,2,1,0.5,[1],[2],[],3,"[""m-edc48416279cf33fce68c421"",""m-8988c2999d80d11c33dcaf06"",""m-621e3928a351e7bbd9e11337""]",True,0.0,False
1,official_mquake_label_chain,agentmemorybench:fact-mh-262k:context-0/factconsolidation_mh_262k_no8,factconsolidation_mh_262k_no8,8,7,8,0.875,1789211234476276214-104c20da080c4f37ad035536789e7946,"[""read""]",insufficient,2,1,0.5,[1],[2],[],3,"[""m-edc48416279cf33fce68c421"",""m-8988c2999d80d11c33dcaf06"",""m-621e3928a351e7bbd9e11337""]",True,0.0,False
1,official_mquake_label_chain,agentmemorybench:fact-mh-262k:context-0/factconsolidation_mh_262k_no8,factconsolidation_mh_262k_no8,8,8,8,1.0,1789211265430427117-c562aee3ae674cfc95f08eaae8860a0a,"[""finish""]",insufficient,2,1,0.5,[1],[2],[],4,"[""m-edc48416279cf33fce68c421"",""m-8988c2999d80d11c33dcaf06"",""m-621e3928a351e7bbd9e11337"",""m-e88cdf413fbf8a7ac37bd0fb""]",True,0.0,False
1,official_mquake_label_chain,agentmemorybench:fact-mh-262k:context-0/factconsolidation_mh_262k_no9,factconsolidation_mh_262k_no9,9,1,8,0.125,1789211106734775331-898fe1ac5d494ed3b03591302e191a57,"[""search""]",sufficient,3,0,0.0,[],"[1,2,3]",[],0,[],True,0.0,False
1,official_mquake_label_chain,agentmemorybench:fact-mh-262k:context-0/factconsolidation_mh_262k_no9,factconsolidation_mh_262k_no9,9,2,8,0.25,1789211120636769103-38ac69f3560a4b14a1ca27d91dbda960,"[""search""]",sufficient,3,0,0.0,[],"[1,2,3]",[],0,[],True,0.0,False
1,official_mquake_label_chain,agentmemorybench:fact-mh-262k:context-0/factconsolidation_mh_262k_no9,factconsolidation_mh_262k_no9,9,3,8,0.375,1789211128301244417-a625c8f26aa24909bb3c6c25d2ed5cf0,"[""read""]",sufficient,3,0,0.0,[],"[1,2,3]",[],0,[],True,0.0,False
1,official_mquake_label_chain,agentmemorybench:fact-mh-262k:context-0/factconsolidation_mh_262k_no9,factconsolidation_mh_262k_no9,9,4,8,0.5,1789211145264472778-71cc541dfaf541eaaff4318c711af7fc,"[""search""]",sufficient,3,1,0.3333333333333333,[1],"[2,3]",[1],1,"[""m-8e14b81f299884f04aa016ff""]",True,0.0,False
1,official_mquake_label_chain,agentmemorybench:fact-mh-262k:context-0/factconsolidation_mh_262k_no9,factconsolidation_mh_262k_no9,9,5,8,0.625,1789211154278099316-da70fd97dd4b4d0589ec52fa5b14747c,"[""read""]",sufficient,3,1,0.3333333333333333,[1],"[2,3]",[],1,"[""m-8e14b81f299884f04aa016ff""]",True,0.0,False
1,official_mquake_label_chain,agentmemorybench:fact-mh-262k:context-0/factconsolidation_mh_262k_no9,factconsolidation_mh_262k_no9,9,6,8,0.75,1789211172363417593-f32fac348f6c44e7a892de8a0bafc1c7,"[""search""]",sufficient,3,2,0.6666666666666666,"[1,2]",[3],[2],3,"[""m-8e14b81f299884f04aa016ff"",""m-8988c2999d80d11c33dcaf06"",""m-2a46f1804e76d4daa1449ec5""]",True,0.0,False
1,official_mquake_label_chain,agentmemorybench:fact-mh-262k:context-0/factconsolidation_mh_262k_no9,factconsolidation_mh_262k_no9,9,7,8,0.875,1789211187388402132-75e25b1cb91c4d04b61393be3f4f5135,"[""read""]",sufficient,3,2,0.6666666666666666,"[1,2]",[3],[],3,"[""m-8e14b81f299884f04aa016ff"",""m-8988c2999d80d11c33dcaf06"",""m-2a46f1804e76d4daa1449ec5""]",True,0.0,False
1,official_mquake_label_chain,agentmemorybench:fact-mh-262k:context-0/factconsolidation_mh_262k_no9,factconsolidation_mh_262k_no9,9,8,8,1.0,1789211198665380426-c4a23c84a4b346549e01039627ae3633,"[""finish""]",sufficient,3,3,1.0,"[1,2,3]",[],[3],5,"[""m-8e14b81f299884f04aa016ff"",""m-8988c2999d80d11c33dcaf06"",""m-2a46f1804e76d4daa1449ec5"",""m-a1a4edfb7fb9ec1bee215e03"",""m-9775f81addddef3bf5347951""]",True,0.0,False
1,official_mquake_label_chain,agentmemorybench:fact-mh-262k:context-0/factconsolidation_mh_262k_no10,factconsolidation_mh_262k_no10,10,1,6,0.16666666666666666,1789211106756632497-c09f6aaa55ac4fdea78b0de303f121a2,"[""search""]",sufficient,4,0,0.0,[],"[1,2,3,4]",[],0,[],True,0.0,False
1,official_mquake_label_chain,agentmemorybench:fact-mh-262k:context-0/factconsolidation_mh_262k_no10,factconsolidation_mh_262k_no10,10,2,6,0.3333333333333333,1789211120637789740-6787fbf208604e8a8f72e53173c16ecc,"[""search""]",sufficient,4,0,0.0,[],"[1,2,3,4]",[],0,[],True,0.0,False
1,official_mquake_label_chain,agentmemorybench:fact-mh-262k:context-0/factconsolidation_mh_262k_no10,factconsolidation_mh_262k_no10,10,3,6,0.5,1789211137634377403-3c835ccc73644d708e2d7cab1385635b,"[""search""]",sufficient,4,0,0.0,[],"[1,2,3,4]",[],0,[],True,0.0,False
1,official_mquake_label_chain,agentmemorybench:fact-mh-262k:context-0/factconsolidation_mh_262k_no10,factconsolidation_mh_262k_no10,10,4,6,0.6666666666666666,1789211153731257621-88c53bf17bcd4df7a421fd50dae56377,"[""search""]",sufficient,4,0,0.0,[],"[1,2,3,4]",[],0,[],True,0.0,False
1,official_mquake_label_chain,agentmemorybench:fact-mh-262k:context-0/factconsolidation_mh_262k_no10,factconsolidation_mh_262k_no10,10,5,6,0.8333333333333334,1789211174146547782-9493e502c6bd47349446b3f8daee6423,"[""read""]",sufficient,4,0,0.0,[],"[1,2,3,4]",[],0,[],True,0.0,False
1,official_mquake_label_chain,agentmemorybench:fact-mh-262k:context-0/factconsolidation_mh_262k_no10,factconsolidation_mh_262k_no10,10,6,6,1.0,1789211203962435944-9044b104ce1348d89e255791a5657fbe,"[""finish""]",sufficient,4,4,1.0,"[1,2,3,4]",[],"[1,2,3,4]",5,"[""m-8a1ac4543999c1eeeb063bdd"",""m-1d5745d8b432a6047b4dd936"",""m-4b387e35592c018e238fb4ed"",""m-621e3928a351e7bbd9e11337"",""m-971985574eb04740c13ad5c1""]",True,0.0,False
1,official_mquake_label_chain,agentmemorybench:fact-mh-262k:context-0/factconsolidation_mh_262k_no11,factconsolidation_mh_262k_no11,11,1,14,0.07142857142857142,1789211106804204899-cec0d1deb2f04c3abba96c5fb1b8b21f,"[""search""]",sufficient,3,0,0.0,[],"[1,2,3]",[],0,[],True,0.0,False
1,official_mquake_label_chain,agentmemorybench:fact-mh-262k:context-0/factconsolidation_mh_262k_no11,factconsolidation_mh_262k_no11,11,2,14,0.14285714285714285,1789211116393925437-744891174166473f8846003824ead2c7,"[""read""]",sufficient,3,0,0.0,[],"[1,2,3]",[],0,[],True,0.0,False
1,official_mquake_label_chain,agentmemorybench:fact-mh-262k:context-0/factconsolidation_mh_262k_no11,factconsolidation_mh_262k_no11,11,3,14,0.21428571428571427,1789211128304123738-0c64ecaee82144128a28dd67a5a8fc43,"[""search""]",sufficient,3,1,0.3333333333333333,[1],"[2,3]",[1],2,"[""m-edc48416279cf33fce68c421"",""m-ec21766410e0c5f0e5f7320f""]",True,0.0,False
1,official_mquake_label_chain,agentmemorybench:fact-mh-262k:context-0/factconsolidation_mh_262k_no11,factconsolidation_mh_262k_no11,11,4,14,0.2857142857142857,1789211145259340401-b6afa0911234429cb761c48e6e2aa92d,"[""search""]",sufficient,3,1,0.3333333333333333,[1],"[2,3]",[],2,"[""m-edc48416279cf33fce68c421"",""m-ec21766410e0c5f0e5f7320f""]",True,0.0,False
1,official_mquake_label_chain,agentmemorybench:fact-mh-262k:context-0/factconsolidation_mh_262k_no11,factconsolidation_mh_262k_no11,11,5,14,0.35714285714285715,1789211160513647443-7849d751152f4e0caa57e8d692522e3e,"[""read""]",sufficient,3,1,0.3333333333333333,[1],"[2,3]",[],2,"[""m-edc48416279cf33fce68c421"",""m-ec21766410e0c5f0e5f7320f""]",True,0.0,False
1,official_mquake_label_chain,agentmemorybench:fact-mh-262k:context-0/factconsolidation_mh_262k_no11,factconsolidation_mh_262k_no11,11,6,14,0.42857142857142855,1789211178143579297-95aba7f3cf9346eb872a78e9ac29847b,"[""search""]",sufficient,3,3,1.0,"[1,2,3]",[],"[2,3]",5,"[""m-edc48416279cf33fce68c421"",""m-ec21766410e0c5f0e5f7320f"",""m-95bbccbd6a08d16d05369687"",""m-971985574eb04740c13ad5c1"",""m-2a46f1804e76d4daa1449ec5""]",True,0.0,False
1,official_mquake_label_chain,agentmemorybench:fact-mh-262k:context-0/factconsolidation_mh_262k_no11,factconsolidation_mh_262k_no11,11,7,14,0.5,1789211207195971651-6d6c6bd2f1f8479a95982d2de8e58127,"[""search""]",sufficient,3,3,1.0,"[1,2,3]",[],[],5,"[""m-edc48416279cf33fce68c421"",""m-ec21766410e0c5f0e5f7320f"",""m-95bbccbd6a08d16d05369687"",""m-971985574eb04740c13ad5c1"",""m-2a46f1804e76d4daa1449ec5""]",True,0.0,False
1,official_mquake_label_chain,agentmemorybench:fact-mh-262k:context-0/factconsolidation_mh_262k_no11,factconsolidation_mh_262k_no11,11,8,14,0.5714285714285714,1789211217502967291-c96e589d11254473b8a0818694afa39e,"[""search""]",sufficient,3,3,1.0,"[1,2,3]",[],[],5,"[""m-edc48416279cf33fce68c421"",""m-ec21766410e0c5f0e5f7320f"",""m-95bbccbd6a08d16d05369687"",""m-971985574eb04740c13ad5c1"",""m-2a46f1804e76d4daa1449ec5""]",True,0.0,False
1,official_mquake_label_chain,agentmemorybench:fact-mh-262k:context-0/factconsolidation_mh_262k_no11,factconsolidation_mh_262k_no11,11,9,14,0.6428571428571429,1789211241626631045-620ad600f994420bb70280da1d70d625,"[""search""]",sufficient,3,3,1.0,"[1,2,3]",[],[],5,"[""m-edc48416279cf33fce68c421"",""m-ec21766410e0c5f0e5f7320f"",""m-95bbccbd6a08d16d05369687"",""m-971985574eb04740c13ad5c1"",""m-2a46f1804e76d4daa1449ec5""]",True,0.0,False
1,official_mquake_label_chain,agentmemorybench:fact-mh-262k:context-0/factconsolidation_mh_262k_no11,factconsolidation_mh_262k_no11,11,10,14,0.7142857142857143,1789211258681559437-100e69273e174b919222f84ea8a22bbe,"[""search""]",sufficient,3,3,1.0,"[1,2,3]",[],[],5,"[""m-edc48416279cf33fce68c421"",""m-ec21766410e0c5f0e5f7320f"",""m-95bbccbd6a08d16d05369687"",""m-971985574eb04740c13ad5c1"",""m-2a46f1804e76d4daa1449ec5""]",True,0.0,False
1,official_mquake_label_chain,agentmemorybench:fact-mh-262k:context-0/factconsolidation_mh_262k_no11,factconsolidation_mh_262k_no11,11,11,14,0.7857142857142857,1789211284053052041-58ef9e47c7c947c9a4f102f32bb77c7d,"[""read""]",sufficient,3,3,1.0,"[1,2,3]",[],[],5,"[""m-edc48416279cf33fce68c421"",""m-ec21766410e0c5f0e5f7320f"",""m-95bbccbd6a08d16d05369687"",""m-971985574eb04740c13ad5c1"",""m-2a46f1804e76d4daa1449ec5""]",True,0.0,False
1,official_mquake_label_chain,agentmemorybench:fact-mh-262k:context-0/factconsolidation_mh_262k_no11,factconsolidation_mh_262k_no11,11,12,14,0.8571428571428571,1789211319103518404-2845d83ebf6746aa8b328f371e5dfe10,"[""search""]",sufficient,3,3,1.0,"[1,2,3]",[],[],10,"[""m-edc48416279cf33fce68c421"",""m-ec21766410e0c5f0e5f7320f"",""m-95bbccbd6a08d16d05369687"",""m-971985574eb04740c13ad5c1"",""m-2a46f1804e76d4daa1449ec5"",""m-621e3928a351e7bbd9e11337"",""m-65ddf9819a5ecf5e4656074f"",""m-a1a4edfb7fb9ec1bee215e03"",""m-b7d3a9321839d30b4fca32c4"",""m-dfb16b405973c1a31c4ae15b""]",True,0.0,False
1,official_mquake_label_chain,agentmemorybench:fact-mh-262k:context-0/factconsolidation_mh_262k_no11,factconsolidation_mh_262k_no11,11,13,14,0.9285714285714286,1789211358106847303-7ae84c486b264e8ebe6552f34820ed3f,"[""search""]",sufficient,3,3,1.0,"[1,2,3]",[],[],10,"[""m-edc48416279cf33fce68c421"",""m-ec21766410e0c5f0e5f7320f"",""m-95bbccbd6a08d16d05369687"",""m-971985574eb04740c13ad5c1"",""m-2a46f1804e76d4daa1449ec5"",""m-621e3928a351e7bbd9e11337"",""m-65ddf9819a5ecf5e4656074f"",""m-a1a4edfb7fb9ec1bee215e03"",""m-b7d3a9321839d30b4fca32c4"",""m-dfb16b405973c1a31c4ae15b""]",True,0.0,False
1,official_mquake_label_chain,agentmemorybench:fact-mh-262k:context-0/factconsolidation_mh_262k_no11,factconsolidation_mh_262k_no11,11,14,14,1.0,1789211385186168776-aa303602ad624a86acd99b88292ce562,"[""finish""]",sufficient,3,3,1.0,"[1,2,3]",[],[],10,"[""m-edc48416279cf33fce68c421"",""m-ec21766410e0c5f0e5f7320f"",""m-95bbccbd6a08d16d05369687"",""m-971985574eb04740c13ad5c1"",""m-2a46f1804e76d4daa1449ec5"",""m-621e3928a351e7bbd9e11337"",""m-65ddf9819a5ecf5e4656074f"",""m-a1a4edfb7fb9ec1bee215e03"",""m-b7d3a9321839d30b4fca32c4"",""m-dfb16b405973c1a31c4ae15b""]",True,0.0,False
1,official_mquake_label_chain,agentmemorybench:fact-mh-262k:context-0/factconsolidation_mh_262k_no12,factconsolidation_mh_262k_no12,12,1,5,0.2,1789211106752276847-a3ee777baab946d5ba5dba0341737862,"[""search""]",sufficient,2,0,0.0,[],"[1,2]",[],0,[],False,1.0,True
1,official_mquake_label_chain,agentmemorybench:fact-mh-262k:context-0/factconsolidation_mh_262k_no12,factconsolidation_mh_262k_no12,12,2,5,0.4,1789211116386983266-f4f56ac0f20e441484fada121c3b0960,"[""read""]",sufficient,2,0,0.0,[],"[1,2]",[],0,[],False,1.0,True
1,official_mquake_label_chain,agentmemorybench:fact-mh-262k:context-0/factconsolidation_mh_262k_no12,factconsolidation_mh_262k_no12,12,3,5,0.6,1789211128299249280-759760f0657947768683a8a6e9479a1a,"[""search""]",sufficient,2,1,0.5,[1],[2],[1],2,"[""m-3d125b0f0545f62e1d4dad28"",""m-25705ac9d5e8865bd0ef9821""]",False,1.0,True
1,official_mquake_label_chain,agentmemorybench:fact-mh-262k:context-0/factconsolidation_mh_262k_no12,factconsolidation_mh_262k_no12,12,4,5,0.8,1789211151785066712-b2fa4bc9d83444cf89cd955936a19496,"[""read""]",sufficient,2,1,0.5,[1],[2],[],2,"[""m-3d125b0f0545f62e1d4dad28"",""m-25705ac9d5e8865bd0ef9821""]",False,1.0,True
1,official_mquake_label_chain,agentmemorybench:fact-mh-262k:context-0/factconsolidation_mh_262k_no12,factconsolidation_mh_262k_no12,12,5,5,1.0,1789211164447021921-20da675aba654d319ff1d20bd78874a6,"[""finish""]",sufficient,2,2,1.0,"[1,2]",[],[2],4,"[""m-3d125b0f0545f62e1d4dad28"",""m-25705ac9d5e8865bd0ef9821"",""m-154bcacb92d86a5c9d325b00"",""m-8ea23f7d97db2ab60eec5ae4""]",False,1.0,True
1,official_mquake_label_chain,agentmemorybench:fact-mh-262k:context-0/factconsolidation_mh_262k_no13,factconsolidation_mh_262k_no13,13,1,4,0.25,1789211106811496057-d397409221204dbbaadb21dcfe86d315,"[""search""]",sufficient,2,0,0.0,[],"[1,2]",[],0,[],False,1.0,True
1,official_mquake_label_chain,agentmemorybench:fact-mh-262k:context-0/factconsolidation_mh_262k_no13,factconsolidation_mh_262k_no13,13,2,4,0.5,1789211120645987917-601eea6e0b8e47549718956d1759a472,"[""search""]",sufficient,2,0,0.0,[],"[1,2]",[],0,[],False,1.0,True
1,official_mquake_label_chain,agentmemorybench:fact-mh-262k:context-0/factconsolidation_mh_262k_no13,factconsolidation_mh_262k_no13,13,3,4,0.75,1789211145968609164-be21aa5e47174df3b55acce3a191639d,"[""read""]",sufficient,2,0,0.0,[],"[1,2]",[],0,[],False,1.0,True
1,official_mquake_label_chain,agentmemorybench:fact-mh-262k:context-0/factconsolidation_mh_262k_no13,factconsolidation_mh_262k_no13,13,4,4,1.0,1789211164468023431-d0f3a464ee0d4f3aa775e65012de8008,"[""finish""]",sufficient,2,2,1.0,"[1,2]",[],"[1,2]",3,"[""m-d8939565b192098f7742417a"",""m-ae3c59715d1425023fba9b40"",""m-4629414582d97d69514c4643""]",False,1.0,True
1,official_mquake_label_chain,agentmemorybench:fact-mh-262k:context-0/factconsolidation_mh_262k_no14,factconsolidation_mh_262k_no14,14,1,3,0.3333333333333333,1789211106745844985-7ee103f2165e44b784888f1441c950fb,"[""search""]",sufficient,2,0,0.0,[],"[1,2]",[],0,[],False,1.0,True
1,official_mquake_label_chain,agentmemorybench:fact-mh-262k:context-0/factconsolidation_mh_262k_no14,factconsolidation_mh_262k_no14,14,2,3,0.6666666666666666,1789211120637322980-30225f909fba4c909b31869f1f3a2e90,"[""read""]",sufficient,2,0,0.0,[],"[1,2]",[],0,[],False,1.0,True
1,official_mquake_label_chain,agentmemorybench:fact-mh-262k:context-0/factconsolidation_mh_262k_no14,factconsolidation_mh_262k_no14,14,3,3,1.0,1789211139470289429-3e486243a6bd4961966726f37c7c8736,"[""finish""]",sufficient,2,2,1.0,"[1,2]",[],"[1,2]",3,"[""m-0e33301d9eea6a7743aacd1f"",""m-1013038271bffdb5b4d7d9a5"",""m-f4d41a198fada7f7ebf3b81e""]",False,1.0,True
1,official_mquake_label_chain,agentmemorybench:fact-mh-262k:context-0/factconsolidation_mh_262k_no15,factconsolidation_mh_262k_no15,15,1,4,0.25,1789211106844705526-d6ff69f72cfa46b98cbc045d5e24dd83,"[""search""]",sufficient,2,0,0.0,[],"[1,2]",[],0,[],False,1.0,True
1,official_mquake_label_chain,agentmemorybench:fact-mh-262k:context-0/factconsolidation_mh_262k_no15,factconsolidation_mh_262k_no15,15,2,4,0.5,1789211116390901582-2536f77c79bf48868b7b7919bfeb4cdb,"[""search""]",sufficient,2,0,0.0,[],"[1,2]",[],0,[],False,1.0,True
1,official_mquake_label_chain,agentmemorybench:fact-mh-262k:context-0/factconsolidation_mh_262k_no15,factconsolidation_mh_262k_no15,15,3,4,0.75,1789211129521033580-20f26af97d6842ad8c7466011f2d96ab,"[""read""]",sufficient,2,0,0.0,[],"[1,2]",[],0,[],False,1.0,True
1,official_mquake_label_chain,agentmemorybench:fact-mh-262k:context-0/factconsolidation_mh_262k_no15,factconsolidation_mh_262k_no15,15,4,4,1.0,1789211142943531372-8fd4de2a47554030a5ecce8dadd0ea1a,"[""finish""]",sufficient,2,2,1.0,"[1,2]",[],"[1,2]",2,"[""m-25705ac9d5e8865bd0ef9821"",""m-ac04b749be9809cc151a3f0e""]",False,1.0,True
1,official_mquake_label_chain,agentmemorybench:fact-mh-262k:context-0/factconsolidation_mh_262k_no16,factconsolidation_mh_262k_no16,16,1,8,0.125,1789211106814326840-cbe3abef6b4b4b1fb776a075b8e89ffb,"[""search""]",sufficient,4,0,0.0,[],"[1,2,3,4]",[],0,[],True,0.0,False
1,official_mquake_label_chain,agentmemorybench:fact-mh-262k:context-0/factconsolidation_mh_262k_no16,factconsolidation_mh_262k_no16,16,2,8,0.25,1789211116388895063-4cc4c3c0999b4dd8b1f93e9e09e7ce1c,"[""read""]",sufficient,4,0,0.0,[],"[1,2,3,4]",[],0,[],True,0.0,False
1,official_mquake_label_chain,agentmemorybench:fact-mh-262k:context-0/factconsolidation_mh_262k_no16,factconsolidation_mh_262k_no16,16,3,8,0.375,1789211126447319431-b7d6bcf186dd4dc1a6792b48d79820df,"[""search""]",sufficient,4,1,0.25,[1],"[2,3,4]",[1],2,"[""m-ec21766410e0c5f0e5f7320f"",""m-dfb16b405973c1a31c4ae15b""]",True,0.0,False
1,official_mquake_label_chain,agentmemorybench:fact-mh-262k:context-0/factconsolidation_mh_262k_no16,factconsolidation_mh_262k_no16,16,4,8,0.5,1789211148629178478-64d1bc6c3ddf41f3ab21c7ac7aff6b38,"[""search""]",sufficient,4,1,0.25,[1],"[2,3,4]",[],2,"[""m-ec21766410e0c5f0e5f7320f"",""m-dfb16b405973c1a31c4ae15b""]",True,0.0,False
1,official_mquake_label_chain,agentmemorybench:fact-mh-262k:context-0/factconsolidation_mh_262k_no16,factconsolidation_mh_262k_no16,16,5,8,0.625,1789211160514159282-992eb082f8164d6b85035cc7a394dbe8,"[""read""]",sufficient,4,1,0.25,[1],"[2,3,4]",[],2,"[""m-ec21766410e0c5f0e5f7320f"",""m-dfb16b405973c1a31c4ae15b""]",True,0.0,False
1,official_mquake_label_chain,agentmemorybench:fact-mh-262k:context-0/factconsolidation_mh_262k_no16,factconsolidation_mh_262k_no16,16,6,8,0.75,1789211182455279665-3137343f92434640b3e368f746612462,"[""search""]",sufficient,4,3,0.75,"[1,2,3]",[4],"[2,3]",6,"[""m-ec21766410e0c5f0e5f7320f"",""m-dfb16b405973c1a31c4ae15b"",""m-0b1df58bb07f6d7652d8dfb1"",""m-154bcacb92d86a5c9d325b00"",""m-b7d3a9321839d30b4fca32c4"",""m-aff4df280c82222c41cd9dbd""]",True,0.0,False
1,official_mquake_label_chain,agentmemorybench:fact-mh-262k:context-0/factconsolidation_mh_262k_no16,factconsolidation_mh_262k_no16,16,7,8,0.875,1789211194713243317-691ae2418cd44b3c97e79a5e64a41101,"[""read""]",sufficient,4,3,0.75,"[1,2,3]",[4],[],6,"[""m-ec21766410e0c5f0e5f7320f"",""m-dfb16b405973c1a31c4ae15b"",""m-0b1df58bb07f6d7652d8dfb1"",""m-154bcacb92d86a5c9d325b00"",""m-b7d3a9321839d30b4fca32c4"",""m-aff4df280c82222c41cd9dbd""]",True,0.0,False
1,official_mquake_label_chain,agentmemorybench:fact-mh-262k:context-0/factconsolidation_mh_262k_no16,factconsolidation_mh_262k_no16,16,8,8,1.0,1789211207196384493-053cf01b9cf844668e29a7cebe24dc03,"[""finish""]",sufficient,4,3,0.75,"[1,2,3]",[4],[],7,"[""m-ec21766410e0c5f0e5f7320f"",""m-dfb16b405973c1a31c4ae15b"",""m-0b1df58bb07f6d7652d8dfb1"",""m-154bcacb92d86a5c9d325b00"",""m-b7d3a9321839d30b4fca32c4"",""m-aff4df280c82222c41cd9dbd"",""m-4b387e35592c018e238fb4ed""]",True,0.0,False
1,official_mquake_label_chain,agentmemorybench:fact-mh-262k:context-0/factconsolidation_mh_262k_no17,factconsolidation_mh_262k_no17,17,1,11,0.09090909090909091,1789211106767700368-52f9a87b398843e09a2ce3b6668d068b,"[""search""]",insufficient,3,0,0.0,[],"[1,2,3]",[],0,[],True,0.0,False
1,official_mquake_label_chain,agentmemorybench:fact-mh-262k:context-0/factconsolidation_mh_262k_no17,factconsolidation_mh_262k_no17,17,2,11,0.18181818181818182,1789211120635423920-122c4ffd8de94f599675697528d13080,"[""search""]",insufficient,3,0,0.0,[],"[1,2,3]",[],0,[],True,0.0,False
1,official_mquake_label_chain,agentmemorybench:fact-mh-262k:context-0/factconsolidation_mh_262k_no17,factconsolidation_mh_262k_no17,17,3,11,0.2727272727272727,1789211137236134897-47a4fd448e8b475abd98afa1219139d2,"[""search""]",insufficient,3,0,0.0,[],"[1,2,3]",[],0,[],True,0.0,False
1,official_mquake_label_chain,agentmemorybench:fact-mh-262k:context-0/factconsolidation_mh_262k_no17,factconsolidation_mh_262k_no17,17,4,11,0.36363636363636365,1789211145259700968-02539c3bef094dc18e149387bccccae0,"[""search""]",insufficient,3,0,0.0,[],"[1,2,3]",[],0,[],True,0.0,False
1,official_mquake_label_chain,agentmemorybench:fact-mh-262k:context-0/factconsolidation_mh_262k_no17,factconsolidation_mh_262k_no17,17,5,11,0.45454545454545453,1789211160744310018-4909613cd0464fb7b758270f36faa2a1,"[""search""]",insufficient,3,0,0.0,[],"[1,2,3]",[],0,[],True,0.0,False
1,official_mquake_label_chain,agentmemorybench:fact-mh-262k:context-0/factconsolidation_mh_262k_no17,factconsolidation_mh_262k_no17,17,6,11,0.5454545454545454,1789211175872863590-3829895aa7f4479882d06ab41a5bc77f,"[""read""]",insufficient,3,0,0.0,[],"[1,2,3]",[],0,[],True,0.0,False
1,official_mquake_label_chain,agentmemorybench:fact-mh-262k:context-0/factconsolidation_mh_262k_no17,factconsolidation_mh_262k_no17,17,7,11,0.6363636363636364,1789211196471775655-833f9df6082f4b528b28f35a4095b1c6,"[""search""]",insufficient,3,1,0.3333333333333333,[1],"[2,3]",[1],2,"[""m-2c378c529470c6ac9d9129c5"",""m-954c540a5962fbc7d01e18bf""]",True,0.0,False
1,official_mquake_label_chain,agentmemorybench:fact-mh-262k:context-0/factconsolidation_mh_262k_no17,factconsolidation_mh_262k_no17,17,8,11,0.7272727272727273,1789211210693794330-dae7407bdd1043348b381834368c4378,"[""search""]",insufficient,3,1,0.3333333333333333,[1],"[2,3]",[],2,"[""m-2c378c529470c6ac9d9129c5"",""m-954c540a5962fbc7d01e18bf""]",True,0.0,False
1,official_mquake_label_chain,agentmemorybench:fact-mh-262k:context-0/factconsolidation_mh_262k_no17,factconsolidation_mh_262k_no17,17,9,11,0.8181818181818182,1789211232297124229-980c8173f419437eac41ef0c4a552285,"[""search""]",insufficient,3,1,0.3333333333333333,[1],"[2,3]",[],2,"[""m-2c378c529470c6ac9d9129c5"",""m-954c540a5962fbc7d01e18bf""]",True,0.0,False
1,official_mquake_label_chain,agentmemorybench:fact-mh-262k:context-0/factconsolidation_mh_262k_no17,factconsolidation_mh_262k_no17,17,10,11,0.9090909090909091,1789211243288258692-5a34379a74f74ccdb6d5e9c29dd3261e,"[""search""]",insufficient,3,1,0.3333333333333333,[1],"[2,3]",[],2,"[""m-2c378c529470c6ac9d9129c5"",""m-954c540a5962fbc7d01e18bf""]",True,0.0,False
1,official_mquake_label_chain,agentmemorybench:fact-mh-262k:context-0/factconsolidation_mh_262k_no17,factconsolidation_mh_262k_no17,17,11,11,1.0,1789211271868478201-c2a297f1da084e0c88119e24e2a830e9,"[""finish""]",insufficient,3,1,0.3333333333333333,[1],"[2,3]",[],2,"[""m-2c378c529470c6ac9d9129c5"",""m-954c540a5962fbc7d01e18bf""]",True,0.0,False
1,official_mquake_label_chain,agentmemorybench:fact-mh-262k:context-0/factconsolidation_mh_262k_no18,factconsolidation_mh_262k_no18,18,1,5,0.2,1789211106944687463-41bd5a4ac1c74b3b839e29db771cc6a7,"[""search""]",sufficient,4,0,0.0,[],"[1,2,3,4]",[],0,[],True,0.0,False
1,official_mquake_label_chain,agentmemorybench:fact-mh-262k:context-0/factconsolidation_mh_262k_no18,factconsolidation_mh_262k_no18,18,2,5,0.4,1789211120644009580-ed6a1967d9544df1a5d9ce88f9ed7c7c,"[""read""]",sufficient,4,0,0.0,[],"[1,2,3,4]",[],0,[],True,0.0,False
1,official_mquake_label_chain,agentmemorybench:fact-mh-262k:context-0/factconsolidation_mh_262k_no18,factconsolidation_mh_262k_no18,18,3,5,0.6,1789211144795045277-4b95ec612d0048b7a5a36741a0734253,"[""search""]",sufficient,4,1,0.25,[1],"[2,3,4]",[1],4,"[""m-0a2ca057cd4e91028f99f848"",""m-0b1100aa2215e071bf08a812"",""m-ec21766410e0c5f0e5f7320f"",""m-0f10fff25f4f2295def856b4""]",True,0.0,False
1,official_mquake_label_chain,agentmemorybench:fact-mh-262k:context-0/factconsolidation_mh_262k_no18,factconsolidation_mh_262k_no18,18,4,5,0.8,1789211161667987368-43559ed11cd543129e28620c50527225,"[""read""]",sufficient,4,1,0.25,[1],"[2,3,4]",[],4,"[""m-0a2ca057cd4e91028f99f848"",""m-0b1100aa2215e071bf08a812"",""m-ec21766410e0c5f0e5f7320f"",""m-0f10fff25f4f2295def856b4""]",True,0.0,False
1,official_mquake_label_chain,agentmemorybench:fact-mh-262k:context-0/factconsolidation_mh_262k_no18,factconsolidation_mh_262k_no18,18,5,5,1.0,1789211210699395368-4972b433c3b4405abdcffce86d6351a4,"[""finish""]",sufficient,4,1,0.25,[1],"[2,3,4]",[],9,"[""m-0a2ca057cd4e91028f99f848"",""m-0b1100aa2215e071bf08a812"",""m-ec21766410e0c5f0e5f7320f"",""m-0f10fff25f4f2295def856b4"",""m-2a33ae56e5df02e9a6e4fa1b"",""m-0b1df58bb07f6d7652d8dfb1"",""m-3576b8a194151a5c0e81bdc5"",""m-7c5d78490bb6e83cf8439922"",""m-39a70dddcdab182d48ea3d73""]",True,0.0,False
1,official_mquake_label_chain,agentmemorybench:fact-mh-262k:context-0/factconsolidation_mh_262k_no19,factconsolidation_mh_262k_no19,19,1,5,0.2,1789211106770789881-5e07adc0ed0c40c9bd1c649db808ab57,"[""search""]",sufficient,4,0,0.0,[],"[1,2,3,4]",[],0,[],True,0.0,False
1,official_mquake_label_chain,agentmemorybench:fact-mh-262k:context-0/factconsolidation_mh_262k_no19,factconsolidation_mh_262k_no19,19,2,5,0.4,1789211120644705207-f4a07835866b412d92fe839cf761c278,"[""read""]",sufficient,4,0,0.0,[],"[1,2,3,4]",[],0,[],True,0.0,False
1,official_mquake_label_chain,agentmemorybench:fact-mh-262k:context-0/factconsolidation_mh_262k_no19,factconsolidation_mh_262k_no19,19,3,5,0.6,1789211128305382336-30ac178b316d41d0ab931d8cf965e71d,"[""search""]",sufficient,4,1,0.25,[1],"[2,3,4]",[1],3,"[""m-b7d3a9321839d30b4fca32c4"",""m-1206e80bff6434ab66c69ece"",""m-ac04b749be9809cc151a3f0e""]",True,0.0,False
1,official_mquake_label_chain,agentmemorybench:fact-mh-262k:context-0/factconsolidation_mh_262k_no19,factconsolidation_mh_262k_no19,19,4,5,0.8,1789211147153571863-e74c8d8de944480185e19e61434fdf0d,"[""read""]",sufficient,4,1,0.25,[1],"[2,3,4]",[],3,"[""m-b7d3a9321839d30b4fca32c4"",""m-1206e80bff6434ab66c69ece"",""m-ac04b749be9809cc151a3f0e""]",True,0.0,False
1,official_mquake_label_chain,agentmemorybench:fact-mh-262k:context-0/factconsolidation_mh_262k_no19,factconsolidation_mh_262k_no19,19,5,5,1.0,1789211168150115644-29a7478096e74a9d93280343b802b91b,"[""finish""]",sufficient,4,1,0.25,[1],"[2,3,4]",[],5,"[""m-b7d3a9321839d30b4fca32c4"",""m-1206e80bff6434ab66c69ece"",""m-ac04b749be9809cc151a3f0e"",""m-2a46f1804e76d4daa1449ec5"",""m-ae3c59715d1425023fba9b40""]",True,0.0,False
1,official_mquake_label_chain,agentmemorybench:fact-mh-262k:context-0/factconsolidation_mh_262k_no20,factconsolidation_mh_262k_no20,20,1,7,0.14285714285714285,1789211106759446388-ee7e1f22f5fc44ae96f2b3c2e65544a5,"[""search""]",sufficient,3,0,0.0,[],"[1,2,3]",[],0,[],True,0.0,False
1,official_mquake_label_chain,agentmemorybench:fact-mh-262k:context-0/factconsolidation_mh_262k_no20,factconsolidation_mh_262k_no20,20,2,7,0.2857142857142857,1789211120639688885-a3633548e2b348259d45450509403c45,"[""search""]",sufficient,3,0,0.0,[],"[1,2,3]",[],0,[],True,0.0,False
1,official_mquake_label_chain,agentmemorybench:fact-mh-262k:context-0/factconsolidation_mh_262k_no20,factconsolidation_mh_262k_no20,20,3,7,0.42857142857142855,1789211128298558498-679334d944b54bc6851acd890b87967a,"[""search""]",sufficient,3,0,0.0,[],"[1,2,3]",[],0,[],True,0.0,False
1,official_mquake_label_chain,agentmemorybench:fact-mh-262k:context-0/factconsolidation_mh_262k_no20,factconsolidation_mh_262k_no20,20,4,7,0.5714285714285714,1789211146610897637-d86e240dbbb84ef0802f448564318562,"[""search""]",sufficient,3,0,0.0,[],"[1,2,3]",[],0,[],True,0.0,False
1,official_mquake_label_chain,agentmemorybench:fact-mh-262k:context-0/factconsolidation_mh_262k_no20,factconsolidation_mh_262k_no20,20,5,7,0.7142857142857143,1789211161506068449-9d38a00dad3749d09bb49dcf14d0dedd,"[""search""]",sufficient,3,0,0.0,[],"[1,2,3]",[],0,[],True,0.0,False
1,official_mquake_label_chain,agentmemorybench:fact-mh-262k:context-0/factconsolidation_mh_262k_no20,factconsolidation_mh_262k_no20,20,6,7,0.8571428571428571,1789211191057657118-375efc6ce1ed4b21a80a26b1e1fe9f12,"[""read""]",sufficient,3,0,0.0,[],"[1,2,3]",[],0,[],True,0.0,False
1,official_mquake_label_chain,agentmemorybench:fact-mh-262k:context-0/factconsolidation_mh_262k_no20,factconsolidation_mh_262k_no20,20,7,7,1.0,1789211221613586205-f048511d90ef4c19b29cb87ecf07b179,"[""finish""]",sufficient,3,3,1.0,"[1,2,3]",[],"[1,2,3]",8,"[""m-0e33301d9eea6a7743aacd1f"",""m-9c66a5ec4a759d8795c58788"",""m-a1a4edfb7fb9ec1bee215e03"",""m-b7d3a9321839d30b4fca32c4"",""m-9775f81addddef3bf5347951"",""m-32937397b194ea97822b7885"",""m-dfb16b405973c1a31c4ae15b"",""m-aff4df280c82222c41cd9dbd""]",True,0.0,False
1,official_mquake_label_chain,agentmemorybench:fact-mh-262k:context-0/factconsolidation_mh_262k_no21,factconsolidation_mh_262k_no21,21,1,4,0.25,1789211106807680790-47bc81f33e1645fda7e1abea51ba653e,"[""search""]",sufficient,2,0,0.0,[],"[1,2]",[],0,[],False,1.0,True
1,official_mquake_label_chain,agentmemorybench:fact-mh-262k:context-0/factconsolidation_mh_262k_no21,factconsolidation_mh_262k_no21,21,2,4,0.5,1789211120635973116-1042e9b228af40b3a2d192a4c5020c23,"[""read""]",sufficient,2,0,0.0,[],"[1,2]",[],0,[],False,1.0,True
1,official_mquake_label_chain,agentmemorybench:fact-mh-262k:context-0/factconsolidation_mh_262k_no21,factconsolidation_mh_262k_no21,21,3,4,0.75,1789211128304701981-a84baa64b973417d8e033c8bc7fd7d23,[],sufficient,2,2,1.0,"[1,2]",[],"[1,2]",2,"[""m-390bc624383d3833d9578af5"",""m-28069cede24e19a36554223e""]",False,1.0,True
1,official_mquake_label_chain,agentmemorybench:fact-mh-262k:context-0/factconsolidation_mh_262k_no21,factconsolidation_mh_262k_no21,21,4,4,1.0,1789211153433648920-1f3643fc02984a368e12175a87405af9,"[""finish""]",sufficient,2,2,1.0,"[1,2]",[],[],2,"[""m-390bc624383d3833d9578af5"",""m-28069cede24e19a36554223e""]",False,1.0,True
1,official_mquake_label_chain,agentmemorybench:fact-mh-262k:context-0/factconsolidation_mh_262k_no22,factconsolidation_mh_262k_no22,22,1,9,0.1111111111111111,1789211106848277716-8d0a3d0f8dac44db945b95b67c4d898d,"[""search""]",sufficient,3,0,0.0,[],"[1,2,3]",[],0,[],False,0.0,False
1,official_mquake_label_chain,agentmemorybench:fact-mh-262k:context-0/factconsolidation_mh_262k_no22,factconsolidation_mh_262k_no22,22,2,9,0.2222222222222222,1789211116387816611-54a19ffe80f9458bba655863deb3744a,"[""read""]",sufficient,3,0,0.0,[],"[1,2,3]",[],0,[],False,0.0,False
1,official_mquake_label_chain,agentmemorybench:fact-mh-262k:context-0/factconsolidation_mh_262k_no22,factconsolidation_mh_262k_no22,22,3,9,0.3333333333333333,1789211136735744830-aa47d512b0b642868d3fc8e1033c953b,"[""search""]",sufficient,3,1,0.3333333333333333,[1],"[2,3]",[1],2,"[""m-d378741b166342a8e5a0aca8"",""m-e88cdf413fbf8a7ac37bd0fb""]",False,0.0,False
1,official_mquake_label_chain,agentmemorybench:fact-mh-262k:context-0/factconsolidation_mh_262k_no22,factconsolidation_mh_262k_no22,22,4,9,0.4444444444444444,1789211153427902775-8c6797ca314e4a37bd02d7e509d3d7ad,"[""search""]",sufficient,3,1,0.3333333333333333,[1],"[2,3]",[],2,"[""m-d378741b166342a8e5a0aca8"",""m-e88cdf413fbf8a7ac37bd0fb""]",False,0.0,False
1,official_mquake_label_chain,agentmemorybench:fact-mh-262k:context-0/factconsolidation_mh_262k_no22,factconsolidation_mh_262k_no22,22,5,9,0.5555555555555556,1789211168747663637-d25ea44c76c54e9789e0d54f45e394cd,"[""search""]",sufficient,3,1,0.3333333333333333,[1],"[2,3]",[],2,"[""m-d378741b166342a8e5a0aca8"",""m-e88cdf413fbf8a7ac37bd0fb""]",False,0.0,False
1,official_mquake_label_chain,agentmemorybench:fact-mh-262k:context-0/factconsolidation_mh_262k_no22,factconsolidation_mh_262k_no22,22,6,9,0.6666666666666666,1789211185923774871-9c50d908d25b4ae7bcb1dc4a408bb538,"[""read""]",sufficient,3,1,0.3333333333333333,[1],"[2,3]",[],2,"[""m-d378741b166342a8e5a0aca8"",""m-e88cdf413fbf8a7ac37bd0fb""]",False,0.0,False
1,official_mquake_label_chain,agentmemorybench:fact-mh-262k:context-0/factconsolidation_mh_262k_no22,factconsolidation_mh_262k_no22,22,7,9,0.7777777777777778,1789211209278393004-83201ad206944e53a3026aa8b96d3048,"[""search""]",sufficient,3,2,0.6666666666666666,"[1,2]",[3],[2],4,"[""m-d378741b166342a8e5a0aca8"",""m-e88cdf413fbf8a7ac37bd0fb"",""m-8a1ac4543999c1eeeb063bdd"",""m-0b1df58bb07f6d7652d8dfb1""]",False,0.0,False
1,official_mquake_label_chain,agentmemorybench:fact-mh-262k:context-0/factconsolidation_mh_262k_no22,factconsolidation_mh_262k_no22,22,8,9,0.8888888888888888,1789211223279010707-a185fb404eb14d2b8539b9f969f36b84,"[""read""]",sufficient,3,2,0.6666666666666666,"[1,2]",[3],[],4,"[""m-d378741b166342a8e5a0aca8"",""m-e88cdf413fbf8a7ac37bd0fb"",""m-8a1ac4543999c1eeeb063bdd"",""m-0b1df58bb07f6d7652d8dfb1""]",False,0.0,False
1,official_mquake_label_chain,agentmemorybench:fact-mh-262k:context-0/factconsolidation_mh_262k_no22,factconsolidation_mh_262k_no22,22,9,9,1.0,1789211238386660063-2563f420d2d44085a18c9d9a8272683a,"[""finish""]",sufficient,3,2,0.6666666666666666,"[1,2]",[3],[],5,"[""m-d378741b166342a8e5a0aca8"",""m-e88cdf413fbf8a7ac37bd0fb"",""m-8a1ac4543999c1eeeb063bdd"",""m-0b1df58bb07f6d7652d8dfb1"",""m-1206e80bff6434ab66c69ece""]",False,0.0,False
1,official_mquake_label_chain,agentmemorybench:fact-mh-262k:context-0/factconsolidation_mh_262k_no23,factconsolidation_mh_262k_no23,23,1,5,0.2,1789211106818075980-428d759c9ca84533af98cb820cc9d4b0,"[""search""]",sufficient,2,0,0.0,[],"[1,2]",[],0,[],False,1.0,True
1,official_mquake_label_chain,agentmemorybench:fact-mh-262k:context-0/factconsolidation_mh_262k_no23,factconsolidation_mh_262k_no23,23,2,5,0.4,1789211114512863838-246bf74601384e67bbec2d0be5afe99b,"[""read""]",sufficient,2,0,0.0,[],"[1,2]",[],0,[],False,1.0,True
1,official_mquake_label_chain,agentmemorybench:fact-mh-262k:context-0/factconsolidation_mh_262k_no23,factconsolidation_mh_262k_no23,23,3,5,0.6,1789211120638270214-6dbab6a7f1a24b18b825d7f92f4797c7,"[""search""]",sufficient,2,1,0.5,[1],[2],[1],1,"[""m-65ddf9819a5ecf5e4656074f""]",False,1.0,True
1,official_mquake_label_chain,agentmemorybench:fact-mh-262k:context-0/factconsolidation_mh_262k_no23,factconsolidation_mh_262k_no23,23,4,5,0.8,1789211129520540102-dd4c0e5d717447be805dd8f176741bb5,"[""read""]",sufficient,2,1,0.5,[1],[2],[],1,"[""m-65ddf9819a5ecf5e4656074f""]",False,1.0,True
1,official_mquake_label_chain,agentmemorybench:fact-mh-262k:context-0/factconsolidation_mh_262k_no23,factconsolidation_mh_262k_no23,23,5,5,1.0,1789211153422012916-6d518fc85b6e4263a33b6f512bc80040,"[""finish""]",sufficient,2,2,1.0,"[1,2]",[],[2],3,"[""m-65ddf9819a5ecf5e4656074f"",""m-154bcacb92d86a5c9d325b00"",""m-20b0bd029c73234fd44ab583""]",False,1.0,True
1,official_mquake_label_chain,agentmemorybench:fact-mh-262k:context-0/factconsolidation_mh_262k_no24,factconsolidation_mh_262k_no24,24,1,3,0.3333333333333333,1789211106768645211-05a1d549a35a4cd2a1494e968320fa23,"[""search""]",sufficient,2,0,0.0,[],"[1,2]",[],0,[],False,1.0,True
1,official_mquake_label_chain,agentmemorybench:fact-mh-262k:context-0/factconsolidation_mh_262k_no24,factconsolidation_mh_262k_no24,24,2,3,0.6666666666666666,1789211116391410747-3edf66021c0745be9efd479bdcd26e06,"[""read""]",sufficient,2,0,0.0,[],"[1,2]",[],0,[],False,1.0,True
1,official_mquake_label_chain,agentmemorybench:fact-mh-262k:context-0/factconsolidation_mh_262k_no24,factconsolidation_mh_262k_no24,24,3,3,1.0,1789211128333775183-46d8d0a13f4241bab1187e9c88519133,"[""finish""]",sufficient,2,1,0.5,[1],[2],[1],2,"[""m-d8939565b192098f7742417a"",""m-aff4df280c82222c41cd9dbd""]",False,1.0,True
1,official_mquake_label_chain,agentmemorybench:fact-mh-262k:context-0/factconsolidation_mh_262k_no25,factconsolidation_mh_262k_no25,25,1,8,0.125,1789211106738917929-ee4d4108ed33422c856e66e916f30126,"[""search""]",sufficient,4,0,0.0,[],"[1,2,3,4]",[],0,[],True,1.0,True
1,official_mquake_label_chain,agentmemorybench:fact-mh-262k:context-0/factconsolidation_mh_262k_no25,factconsolidation_mh_262k_no25,25,2,8,0.25,1789211116394682352-7351d439dd7b41b6806d590bf1487a60,"[""read""]",sufficient,4,0,0.0,[],"[1,2,3,4]",[],0,[],True,1.0,True
1,official_mquake_label_chain,agentmemorybench:fact-mh-262k:context-0/factconsolidation_mh_262k_no25,factconsolidation_mh_262k_no25,25,3,8,0.375,1789211153730643830-cf5a6a2c61994a5da086ddb903c77033,"[""search""]",sufficient,4,1,0.25,[1],"[2,3,4]",[1],6,"[""m-6fd0269b08ed390fee96395f"",""m-b4f7617ddfde634fb0ac7372"",""m-f4d41a198fada7f7ebf3b81e"",""m-f41ccd0cde28da235a2664ef"",""m-22130c7cb447261eda31ef6b"",""m-b7dcd8cd2d91e2a0530e94f1""]",True,1.0,True
1,official_mquake_label_chain,agentmemorybench:fact-mh-262k:context-0/factconsolidation_mh_262k_no25,factconsolidation_mh_262k_no25,25,4,8,0.5,1789211168748125273-286f36ae2ef7403783f1207867ca7347,"[""read""]",sufficient,4,1,0.25,[1],"[2,3,4]",[],6,"[""m-6fd0269b08ed390fee96395f"",""m-b4f7617ddfde634fb0ac7372"",""m-f4d41a198fada7f7ebf3b81e"",""m-f41ccd0cde28da235a2664ef"",""m-22130c7cb447261eda31ef6b"",""m-b7dcd8cd2d91e2a0530e94f1""]",True,1.0,True
1,official_mquake_label_chain,agentmemorybench:fact-mh-262k:context-0/factconsolidation_mh_262k_no25,factconsolidation_mh_262k_no25,25,5,8,0.625,1789211186711000597-0e7e72c5c0f94cdb955f5dc5ec6220f0,"[""search""]",sufficient,4,1,0.25,[1],"[2,3,4]",[],12,"[""m-6fd0269b08ed390fee96395f"",""m-b4f7617ddfde634fb0ac7372"",""m-f4d41a198fada7f7ebf3b81e"",""m-f41ccd0cde28da235a2664ef"",""m-22130c7cb447261eda31ef6b"",""m-b7dcd8cd2d91e2a0530e94f1"",""m-cbdf6a8153fd22ff0242fee9"",""m-32937397b194ea97822b7885"",""m-9114fa7460e0af8f396d5e59"",""m-323e3517faf8135a089224ca"",""m-a0156ee0ec6cb0be09a290e7"",""m-aff4df280c82222c41cd9dbd""]",True,1.0,True
1,official_mquake_label_chain,agentmemorybench:fact-mh-262k:context-0/factconsolidation_mh_262k_no25,factconsolidation_mh_262k_no25,25,6,8,0.75,1789211222268335636-92da8f6723e54873b240e5f2bdb75416,"[""read""]",sufficient,4,1,0.25,[1],"[2,3,4]",[],12,"[""m-6fd0269b08ed390fee96395f"",""m-b4f7617ddfde634fb0ac7372"",""m-f4d41a198fada7f7ebf3b81e"",""m-f41ccd0cde28da235a2664ef"",""m-22130c7cb447261eda31ef6b"",""m-b7dcd8cd2d91e2a0530e94f1"",""m-cbdf6a8153fd22ff0242fee9"",""m-32937397b194ea97822b7885"",""m-9114fa7460e0af8f396d5e59"",""m-323e3517faf8135a089224ca"",""m-a0156ee0ec6cb0be09a290e7"",""m-aff4df280c82222c41cd9dbd""]",True,1.0,True
1,official_mquake_label_chain,agentmemorybench:fact-mh-262k:context-0/factconsolidation_mh_262k_no25,factconsolidation_mh_262k_no25,25,7,8,0.875,1789211238053695673-7a7b431d54264b79b1a85a9f0f0ebc0f,"[""read""]",sufficient,4,1,0.25,[1],"[2,3,4]",[],13,"[""m-6fd0269b08ed390fee96395f"",""m-b4f7617ddfde634fb0ac7372"",""m-f4d41a198fada7f7ebf3b81e"",""m-f41ccd0cde28da235a2664ef"",""m-22130c7cb447261eda31ef6b"",""m-b7dcd8cd2d91e2a0530e94f1"",""m-cbdf6a8153fd22ff0242fee9"",""m-32937397b194ea97822b7885"",""m-9114fa7460e0af8f396d5e59"",""m-323e3517faf8135a089224ca"",""m-a0156ee0ec6cb0be09a290e7"",""m-aff4df280c82222c41cd9dbd"",""m-4b387e35592c018e238fb4ed""]",True,1.0,True
1,official_mquake_label_chain,agentmemorybench:fact-mh-262k:context-0/factconsolidation_mh_262k_no25,factconsolidation_mh_262k_no25,25,8,8,1.0,1789211284864193984-d5035d0beba84992955c46f6accfa7b8,"[""finish""]",sufficient,4,1,0.25,[1],"[2,3,4]",[],13,"[""m-6fd0269b08ed390fee96395f"",""m-b4f7617ddfde634fb0ac7372"",""m-f4d41a198fada7f7ebf3b81e"",""m-f41ccd0cde28da235a2664ef"",""m-22130c7cb447261eda31ef6b"",""m-b7dcd8cd2d91e2a0530e94f1"",""m-cbdf6a8153fd22ff0242fee9"",""m-32937397b194ea97822b7885"",""m-9114fa7460e0af8f396d5e59"",""m-323e3517faf8135a089224ca"",""m-a0156ee0ec6cb0be09a290e7"",""m-aff4df280c82222c41cd9dbd"",""m-4b387e35592c018e238fb4ed""]",True,1.0,True
1,official_mquake_label_chain,agentmemorybench:fact-mh-262k:context-0/factconsolidation_mh_262k_no26,factconsolidation_mh_262k_no26,26,1,3,0.3333333333333333,1789211106993260352-fb3002e9d6b6403fbaa32fbf477dff0f,"[""search""]",sufficient,2,0,0.0,[],"[1,2]",[],0,[],False,1.0,True
1,official_mquake_label_chain,agentmemorybench:fact-mh-262k:context-0/factconsolidation_mh_262k_no26,factconsolidation_mh_262k_no26,26,2,3,0.6666666666666666,1789211118014475930-ef3cf06e73704229ab566192ab366288,"[""read""]",sufficient,2,0,0.0,[],"[1,2]",[],0,[],False,1.0,True
1,official_mquake_label_chain,agentmemorybench:fact-mh-262k:context-0/factconsolidation_mh_262k_no26,factconsolidation_mh_262k_no26,26,3,3,1.0,1789211128360132135-a9caed7ab25f46fba0ad157db92d74a1,"[""finish""]",sufficient,2,2,1.0,"[1,2]",[],"[1,2]",3,"[""m-1d5745d8b432a6047b4dd936"",""m-1206e80bff6434ab66c69ece"",""m-22130c7cb447261eda31ef6b""]",False,1.0,True
1,official_mquake_label_chain,agentmemorybench:fact-mh-262k:context-0/factconsolidation_mh_262k_no27,factconsolidation_mh_262k_no27,27,1,8,0.125,1789211106742643098-6eeb67c9cca341efbc76dce9081c659f,"[""search""]",sufficient,4,0,0.0,[],"[1,2,3,4]",[],0,[],True,0.0,False
1,official_mquake_label_chain,agentmemorybench:fact-mh-262k:context-0/factconsolidation_mh_262k_no27,factconsolidation_mh_262k_no27,27,2,8,0.25,1789211120645577169-7009b209231f4a02ae6d2fbf24ca3f0f,"[""search""]",sufficient,4,0,0.0,[],"[1,2,3,4]",[],0,[],True,0.0,False
1,official_mquake_label_chain,agentmemorybench:fact-mh-262k:context-0/factconsolidation_mh_262k_no27,factconsolidation_mh_262k_no27,27,3,8,0.375,1789211153421745833-45e88c9795904a81a97abf8ee8ecfb00,"[""read""]",sufficient,4,0,0.0,[],"[1,2,3,4]",[],0,[],True,0.0,False
1,official_mquake_label_chain,agentmemorybench:fact-mh-262k:context-0/factconsolidation_mh_262k_no27,factconsolidation_mh_262k_no27,27,4,8,0.5,1789211202808601464-7b5c14ebf5b44e4a9893b6cb22b6f0ea,"[""search""]",sufficient,4,2,0.5,"[1,4]","[2,3]","[1,4]",6,"[""m-2a33ae56e5df02e9a6e4fa1b"",""m-cbdf6a8153fd22ff0242fee9"",""m-ec21766410e0c5f0e5f7320f"",""m-1013038271bffdb5b4d7d9a5"",""m-323e3517faf8135a089224ca"",""m-aff4df280c82222c41cd9dbd""]",True,0.0,False
1,official_mquake_label_chain,agentmemorybench:fact-mh-262k:context-0/factconsolidation_mh_262k_no27,factconsolidation_mh_262k_no27,27,5,8,0.625,1789211228087836058-65923d65293e49f4893926a68c7cda37,"[""read""]",sufficient,4,2,0.5,"[1,4]","[2,3]",[],6,"[""m-2a33ae56e5df02e9a6e4fa1b"",""m-cbdf6a8153fd22ff0242fee9"",""m-ec21766410e0c5f0e5f7320f"",""m-1013038271bffdb5b4d7d9a5"",""m-323e3517faf8135a089224ca"",""m-aff4df280c82222c41cd9dbd""]",True,0.0,False
1,official_mquake_label_chain,agentmemorybench:fact-mh-262k:context-0/factconsolidation_mh_262k_no27,factconsolidation_mh_262k_no27,27,6,8,0.75,1789211267229767236-29d2e7e3f11b4e268649e7051c9677a3,"[""search""]",sufficient,4,2,0.5,"[1,4]","[2,3]",[],10,"[""m-2a33ae56e5df02e9a6e4fa1b"",""m-cbdf6a8153fd22ff0242fee9"",""m-ec21766410e0c5f0e5f7320f"",""m-1013038271bffdb5b4d7d9a5"",""m-323e3517faf8135a089224ca"",""m-aff4df280c82222c41cd9dbd"",""m-8e14b81f299884f04aa016ff"",""m-de83a0d2e0630ddb97f1fe54"",""m-b7dcd8cd2d91e2a0530e94f1"",""m-9114fa7460e0af8f396d5e59""]",True,0.0,False
1,official_mquake_label_chain,agentmemorybench:fact-mh-262k:context-0/factconsolidation_mh_262k_no27,factconsolidation_mh_262k_no27,27,7,8,0.875,1789211282746918995-d016e318a3fb4dc09c723a89c03cf95a,"[""read""]",sufficient,4,2,0.5,"[1,4]","[2,3]",[],10,"[""m-2a33ae56e5df02e9a6e4fa1b"",""m-cbdf6a8153fd22ff0242fee9"",""m-ec21766410e0c5f0e5f7320f"",""m-1013038271bffdb5b4d7d9a5"",""m-323e3517faf8135a089224ca"",""m-aff4df280c82222c41cd9dbd"",""m-8e14b81f299884f04aa016ff"",""m-de83a0d2e0630ddb97f1fe54"",""m-b7dcd8cd2d91e2a0530e94f1"",""m-9114fa7460e0af8f396d5e59""]",True,0.0,False
1,official_mquake_label_chain,agentmemorybench:fact-mh-262k:context-0/factconsolidation_mh_262k_no27,factconsolidation_mh_262k_no27,27,8,8,1.0,1789211304288284250-41444f60192745db8d38222fd7b72e44,"[""finish""]",sufficient,4,2,0.5,"[1,4]","[2,3]",[],12,"[""m-2a33ae56e5df02e9a6e4fa1b"",""m-cbdf6a8153fd22ff0242fee9"",""m-ec21766410e0c5f0e5f7320f"",""m-1013038271bffdb5b4d7d9a5"",""m-323e3517faf8135a089224ca"",""m-aff4df280c82222c41cd9dbd"",""m-8e14b81f299884f04aa016ff"",""m-de83a0d2e0630ddb97f1fe54"",""m-b7dcd8cd2d91e2a0530e94f1"",""m-9114fa7460e0af8f396d5e59"",""m-3d125b0f0545f62e1d4dad28"",""m-0f10fff25f4f2295def856b4""]",True,0.0,False
1,official_mquake_label_chain,agentmemorybench:fact-mh-262k:context-0/factconsolidation_mh_262k_no28,factconsolidation_mh_262k_no28,28,1,5,0.2,1789211106852253910-4bd05ff176a24daaa631fd311559db44,"[""search""]",sufficient,2,0,0.0,[],"[1,2]",[],0,[],False,1.0,True
1,official_mquake_label_chain,agentmemorybench:fact-mh-262k:context-0/factconsolidation_mh_262k_no28,factconsolidation_mh_262k_no28,28,2,5,0.4,1789211120638763625-1cb3a9e5b1a345f4b580f6f713989e24,"[""read""]",sufficient,2,0,0.0,[],"[1,2]",[],0,[],False,1.0,True
1,official_mquake_label_chain,agentmemorybench:fact-mh-262k:context-0/factconsolidation_mh_262k_no28,factconsolidation_mh_262k_no28,28,3,5,0.6,1789211128299870260-6c131b4bc856473e8168612b3811c57b,"[""search""]",sufficient,2,1,0.5,[1],[2],[1],2,"[""m-edc48416279cf33fce68c421"",""m-3576b8a194151a5c0e81bdc5""]",False,1.0,True
1,official_mquake_label_chain,agentmemorybench:fact-mh-262k:context-0/factconsolidation_mh_262k_no28,factconsolidation_mh_262k_no28,28,4,5,0.8,1789211153411926744-7f1ec42a82b343acbbf60dba60c0a986,"[""read""]",sufficient,2,1,0.5,[1],[2],[],2,"[""m-edc48416279cf33fce68c421"",""m-3576b8a194151a5c0e81bdc5""]",False,1.0,True
1,official_mquake_label_chain,agentmemorybench:fact-mh-262k:context-0/factconsolidation_mh_262k_no28,factconsolidation_mh_262k_no28,28,5,5,1.0,1789211167706924899-75e6e7ef95784f7a8895aa3dfff09222,"[""finish""]",sufficient,2,2,1.0,"[1,2]",[],[2],4,"[""m-edc48416279cf33fce68c421"",""m-3576b8a194151a5c0e81bdc5"",""m-9775f81addddef3bf5347951"",""m-a0156ee0ec6cb0be09a290e7""]",False,1.0,True
1,official_mquake_label_chain,agentmemorybench:fact-mh-262k:context-0/factconsolidation_mh_262k_no29,factconsolidation_mh_262k_no29,29,1,4,0.25,1789211106764471228-c9459b2f9b3f4e22b6a10776310531cc,"[""search""]",sufficient,2,0,0.0,[],"[1,2]",[],0,[],False,1.0,True
1,official_mquake_label_chain,agentmemorybench:fact-mh-262k:context-0/factconsolidation_mh_262k_no29,factconsolidation_mh_262k_no29,29,2,4,0.5,1789211116392965495-fbc1f75dc2ca4e77bbce3f3f632dcba4,"[""search""]",sufficient,2,0,0.0,[],"[1,2]",[],0,[],False,1.0,True
1,official_mquake_label_chain,agentmemorybench:fact-mh-262k:context-0/factconsolidation_mh_262k_no29,factconsolidation_mh_262k_no29,29,3,4,0.75,1789211129521328722-856ae6e6a4604ff2bea96ac14a96a580,"[""read""]",sufficient,2,0,0.0,[],"[1,2]",[],0,[],False,1.0,True
1,official_mquake_label_chain,agentmemorybench:fact-mh-262k:context-0/factconsolidation_mh_262k_no29,factconsolidation_mh_262k_no29,29,4,4,1.0,1789211149455527068-eb6700aefd534c22b97dd38828b2ae6f,"[""finish""]",sufficient,2,2,1.0,"[1,2]",[],"[1,2]",2,"[""m-1013038271bffdb5b4d7d9a5"",""m-32937397b194ea97822b7885""]",False,1.0,True
1,official_mquake_label_chain,agentmemorybench:fact-mh-262k:context-0/factconsolidation_mh_262k_no30,factconsolidation_mh_262k_no30,30,1,3,0.3333333333333333,1789211106763591867-062f5477606949d8a01a221dcc737f25,"[""search""]",sufficient,2,0,0.0,[],"[1,2]",[],0,[],False,1.0,True
1,official_mquake_label_chain,agentmemorybench:fact-mh-262k:context-0/factconsolidation_mh_262k_no30,factconsolidation_mh_262k_no30,30,2,3,0.6666666666666666,1789211116390339251-7313d23851ad4666a7a5dc39110da3b2,"[""read""]",sufficient,2,0,0.0,[],"[1,2]",[],0,[],False,1.0,True
1,official_mquake_label_chain,agentmemorybench:fact-mh-262k:context-0/factconsolidation_mh_262k_no30,factconsolidation_mh_262k_no30,30,3,3,1.0,1789211128301822796-7a60f82416304621a244e496a2a6c52e,"[""finish""]",sufficient,2,2,1.0,"[1,2]",[],"[1,2]",2,"[""m-098e8f358b290e8ba2babe14"",""m-e8c89d3ba3aa543273171efa""]",False,1.0,True
1,official_mquake_label_chain,agentmemorybench:fact-mh-262k:context-0/factconsolidation_mh_262k_no31,factconsolidation_mh_262k_no31,31,1,5,0.2,1789211106809517985-de3ee3de36784deca03dacc1b29549f2,"[""search""]",sufficient,2,0,0.0,[],"[1,2]",[],0,[],False,1.0,True
1,official_mquake_label_chain,agentmemorybench:fact-mh-262k:context-0/factconsolidation_mh_262k_no31,factconsolidation_mh_262k_no31,31,2,5,0.4,1789211120639018741-894f411111b94b94a54ed0c84add327a,"[""read""]",sufficient,2,0,0.0,[],"[1,2]",[],0,[],False,1.0,True
1,official_mquake_label_chain,agentmemorybench:fact-mh-262k:context-0/factconsolidation_mh_262k_no31,factconsolidation_mh_262k_no31,31,3,5,0.6,1789211133850228888-611ba929a97349ca982d339ede9adc4c,"[""search""]",sufficient,2,1,0.5,[1],[2],[1],2,"[""m-154bcacb92d86a5c9d325b00"",""m-2a46f1804e76d4daa1449ec5""]",False,1.0,True
1,official_mquake_label_chain,agentmemorybench:fact-mh-262k:context-0/factconsolidation_mh_262k_no31,factconsolidation_mh_262k_no31,31,4,5,0.8,1789211153421224301-633dcfbab6b149dba252e7d26b7dd155,"[""read""]",sufficient,2,1,0.5,[1],[2],[],2,"[""m-154bcacb92d86a5c9d325b00"",""m-2a46f1804e76d4daa1449ec5""]",False,1.0,True
1,official_mquake_label_chain,agentmemorybench:fact-mh-262k:context-0/factconsolidation_mh_262k_no31,factconsolidation_mh_262k_no31,31,5,5,1.0,1789211179634960099-1d8430a965d044f2938ac49b0bdeaf08,"[""finish""]",sufficient,2,2,1.0,"[1,2]",[],[2],4,"[""m-154bcacb92d86a5c9d325b00"",""m-2a46f1804e76d4daa1449ec5"",""m-942f5722dd6757610c2e118b"",""m-0a2ca057cd4e91028f99f848""]",False,1.0,True
1,official_mquake_label_chain,agentmemorybench:fact-mh-262k:context-0/factconsolidation_mh_262k_no32,factconsolidation_mh_262k_no32,32,1,22,0.045454545454545456,1789211106753600037-ca7ba0a80dc540cba3148a60eb9b8775,"[""search""]",sufficient,4,0,0.0,[],"[1,2,3,4]",[],0,[],False,0.0,False
1,official_mquake_label_chain,agentmemorybench:fact-mh-262k:context-0/factconsolidation_mh_262k_no32,factconsolidation_mh_262k_no32,32,2,22,0.09090909090909091,1789211120643642524-f1adddcb24f54254b98b8f2076edf081,"[""search""]",sufficient,4,0,0.0,[],"[1,2,3,4]",[],0,[],False,0.0,False
1,official_mquake_label_chain,agentmemorybench:fact-mh-262k:context-0/factconsolidation_mh_262k_no32,factconsolidation_mh_262k_no32,32,3,22,0.13636363636363635,1789211128287368101-549e0132f1a147f293ef8ba832afc43a,"[""read""]",sufficient,4,0,0.0,[],"[1,2,3,4]",[],0,[],False,0.0,False
1,official_mquake_label_chain,agentmemorybench:fact-mh-262k:context-0/factconsolidation_mh_262k_no32,factconsolidation_mh_262k_no32,32,4,22,0.18181818181818182,1789211145264923084-32542285222c49538627f96a24b30e39,"[""search""]",sufficient,4,0,0.0,[],"[1,2,3,4]",[],1,"[""m-954c540a5962fbc7d01e18bf""]",False,0.0,False
1,official_mquake_label_chain,agentmemorybench:fact-mh-262k:context-0/factconsolidation_mh_262k_no32,factconsolidation_mh_262k_no32,32,5,22,0.22727272727272727,1789211159495653119-8be930de18674bc794e15e50fb92cdba,"[""search""]",sufficient,4,0,0.0,[],"[1,2,3,4]",[],1,"[""m-954c540a5962fbc7d01e18bf""]",False,0.0,False
1,official_mquake_label_chain,agentmemorybench:fact-mh-262k:context-0/factconsolidation_mh_262k_no32,factconsolidation_mh_262k_no32,32,6,22,0.2727272727272727,1789211174146045343-378f2517782941f4b6075c7ef63e764d,"[""search""]",sufficient,4,0,0.0,[],"[1,2,3,4]",[],1,"[""m-954c540a5962fbc7d01e18bf""]",False,0.0,False
1,official_mquake_label_chain,agentmemorybench:fact-mh-262k:context-0/factconsolidation_mh_262k_no32,factconsolidation_mh_262k_no32,32,7,22,0.3181818181818182,1789211191058811594-1c02e57e65d9479abf3c854723f98e56,"[""search""]",sufficient,4,0,0.0,[],"[1,2,3,4]",[],1,"[""m-954c540a5962fbc7d01e18bf""]",False,0.0,False
1,official_mquake_label_chain,agentmemorybench:fact-mh-262k:context-0/factconsolidation_mh_262k_no32,factconsolidation_mh_262k_no32,32,8,22,0.36363636363636365,1789211206218431207-4dfc8dac383244d49c77c1647a8e8fd9,"[""search""]",sufficient,4,0,0.0,[],"[1,2,3,4]",[],1,"[""m-954c540a5962fbc7d01e18bf""]",False,0.0,False
1,official_mquake_label_chain,agentmemorybench:fact-mh-262k:context-0/factconsolidation_mh_262k_no32,factconsolidation_mh_262k_no32,32,9,22,0.4090909090909091,1789211219156075589-b6fe750bdbaa4c62b89374c01c4237fe,"[""search""]",sufficient,4,0,0.0,[],"[1,2,3,4]",[],1,"[""m-954c540a5962fbc7d01e18bf""]",False,0.0,False
1,official_mquake_label_chain,agentmemorybench:fact-mh-262k:context-0/factconsolidation_mh_262k_no32,factconsolidation_mh_262k_no32,32,10,22,0.45454545454545453,1789211234468402369-753b3fc04f4d43b1954b2df5e1ce3448,"[""search""]",sufficient,4,0,0.0,[],"[1,2,3,4]",[],1,"[""m-954c540a5962fbc7d01e18bf""]",False,0.0,False
1,official_mquake_label_chain,agentmemorybench:fact-mh-262k:context-0/factconsolidation_mh_262k_no32,factconsolidation_mh_262k_no32,32,11,22,0.5,1789211241627411013-5960a764801e4bd4bab59d5bb6e5fdc0,"[""read""]",sufficient,4,0,0.0,[],"[1,2,3,4]",[],1,"[""m-954c540a5962fbc7d01e18bf""]",False,0.0,False
1,official_mquake_label_chain,agentmemorybench:fact-mh-262k:context-0/factconsolidation_mh_262k_no32,factconsolidation_mh_262k_no32,32,12,22,0.5454545454545454,1789211254311858945-1480b8822093411ebd385965e5a84e49,"[""read""]",sufficient,4,0,0.0,[],"[1,2,3,4]",[],1,"[""m-954c540a5962fbc7d01e18bf""]",False,0.0,False
1,official_mquake_label_chain,agentmemorybench:fact-mh-262k:context-0/factconsolidation_mh_262k_no32,factconsolidation_mh_262k_no32,32,13,22,0.5909090909090909,1789211264116248783-47b2713fbd22497e8d350c1dec19b2ad,"[""search""]",sufficient,4,0,0.0,[],"[1,2,3,4]",[],7,"[""m-954c540a5962fbc7d01e18bf"",""m-95bbccbd6a08d16d05369687"",""m-9c66a5ec4a759d8795c58788"",""m-7c5d78490bb6e83cf8439922"",""m-cc9026da2a96fd1bdeb2953b"",""m-b7dcd8cd2d91e2a0530e94f1"",""m-a0156ee0ec6cb0be09a290e7""]",False,0.0,False
1,official_mquake_label_chain,agentmemorybench:fact-mh-262k:context-0/factconsolidation_mh_262k_no32,factconsolidation_mh_262k_no32,32,14,22,0.6363636363636364,1789211285216199381-7ccbff79e5234d259cb4be2b4f9027eb,"[""search""]",sufficient,4,0,0.0,[],"[1,2,3,4]",[],7,"[""m-954c540a5962fbc7d01e18bf"",""m-95bbccbd6a08d16d05369687"",""m-9c66a5ec4a759d8795c58788"",""m-7c5d78490bb6e83cf8439922"",""m-cc9026da2a96fd1bdeb2953b"",""m-b7dcd8cd2d91e2a0530e94f1"",""m-a0156ee0ec6cb0be09a290e7""]",False,0.0,False
1,official_mquake_label_chain,agentmemorybench:fact-mh-262k:context-0/factconsolidation_mh_262k_no32,factconsolidation_mh_262k_no32,32,15,22,0.6818181818181818,1789211295916677337-3be87e993a7e4578bc6ac46eda1e5db6,"[""search""]",sufficient,4,0,0.0,[],"[1,2,3,4]",[],7,"[""m-954c540a5962fbc7d01e18bf"",""m-95bbccbd6a08d16d05369687"",""m-9c66a5ec4a759d8795c58788"",""m-7c5d78490bb6e83cf8439922"",""m-cc9026da2a96fd1bdeb2953b"",""m-b7dcd8cd2d91e2a0530e94f1"",""m-a0156ee0ec6cb0be09a290e7""]",False,0.0,False
1,official_mquake_label_chain,agentmemorybench:fact-mh-262k:context-0/factconsolidation_mh_262k_no32,factconsolidation_mh_262k_no32,32,16,22,0.7272727272727273,1789211306367670519-ca2f26caec724e31aa35420ea07a3be9,"[""read""]",sufficient,4,0,0.0,[],"[1,2,3,4]",[],7,"[""m-954c540a5962fbc7d01e18bf"",""m-95bbccbd6a08d16d05369687"",""m-9c66a5ec4a759d8795c58788"",""m-7c5d78490bb6e83cf8439922"",""m-cc9026da2a96fd1bdeb2953b"",""m-b7dcd8cd2d91e2a0530e94f1"",""m-a0156ee0ec6cb0be09a290e7""]",False,0.0,False
1,official_mquake_label_chain,agentmemorybench:fact-mh-262k:context-0/factconsolidation_mh_262k_no32,factconsolidation_mh_262k_no32,32,17,22,0.7727272727272727,1789211328383936294-8a27aacf70fe4afbbec8f192c62bbadf,"[""read""]",sufficient,4,0,0.0,[],"[1,2,3,4]",[],7,"[""m-954c540a5962fbc7d01e18bf"",""m-95bbccbd6a08d16d05369687"",""m-9c66a5ec4a759d8795c58788"",""m-7c5d78490bb6e83cf8439922"",""m-cc9026da2a96fd1bdeb2953b"",""m-b7dcd8cd2d91e2a0530e94f1"",""m-a0156ee0ec6cb0be09a290e7""]",False,0.0,False
1,official_mquake_label_chain,agentmemorybench:fact-mh-262k:context-0/factconsolidation_mh_262k_no32,factconsolidation_mh_262k_no32,32,18,22,0.8181818181818182,1789211363990259494-af76081bff61403b9d5609ff18d85576,"[""read""]",sufficient,4,0,0.0,[],"[1,2,3,4]",[],15,"[""m-954c540a5962fbc7d01e18bf"",""m-95bbccbd6a08d16d05369687"",""m-9c66a5ec4a759d8795c58788"",""m-7c5d78490bb6e83cf8439922"",""m-cc9026da2a96fd1bdeb2953b"",""m-b7dcd8cd2d91e2a0530e94f1"",""m-a0156ee0ec6cb0be09a290e7"",""m-1d5745d8b432a6047b4dd936"",""m-154bcacb92d86a5c9d325b00"",""m-8988c2999d80d11c33dcaf06"",""m-3d125b0f0545f62e1d4dad28"",""m-1206e80bff6434ab66c69ece"",""m-dfb16b405973c1a31c4ae15b"",""m-e88cdf413fbf8a7ac37bd0fb"",""m-25705ac9d5e8865bd0ef9821""]",False,0.0,False
1,official_mquake_label_chain,agentmemorybench:fact-mh-262k:context-0/factconsolidation_mh_262k_no32,factconsolidation_mh_262k_no32,32,19,22,0.8636363636363636,1789211384458686159-1fc451c22f024ca3a58d663c13ef9802,"[""read""]",sufficient,4,1,0.25,[1],"[2,3,4]",[1],17,"[""m-954c540a5962fbc7d01e18bf"",""m-95bbccbd6a08d16d05369687"",""m-9c66a5ec4a759d8795c58788"",""m-7c5d78490bb6e83cf8439922"",""m-cc9026da2a96fd1bdeb2953b"",""m-b7dcd8cd2d91e2a0530e94f1"",""m-a0156ee0ec6cb0be09a290e7"",""m-1d5745d8b432a6047b4dd936"",""m-154bcacb92d86a5c9d325b00"",""m-8988c2999d80d11c33dcaf06"",""m-3d125b0f0545f62e1d4dad28"",""m-1206e80bff6434ab66c69ece"",""m-dfb16b405973c1a31c4ae15b"",""m-e88cdf413fbf8a7ac37bd0fb"",""m-25705ac9d5e8865bd0ef9821"",""m-b7d3a9321839d30b4fca32c4"",""m-ac04b749be9809cc151a3f0e""]",False,0.0,False
1,official_mquake_label_chain,agentmemorybench:fact-mh-262k:context-0/factconsolidation_mh_262k_no32,factconsolidation_mh_262k_no32,32,20,22,0.9090909090909091,1789211402256010248-603a717b36c64e86a26f7f6493e21ab4,"[""read""]",sufficient,4,1,0.25,[1],"[2,3,4]",[],21,"[""m-954c540a5962fbc7d01e18bf"",""m-95bbccbd6a08d16d05369687"",""m-9c66a5ec4a759d8795c58788"",""m-7c5d78490bb6e83cf8439922"",""m-cc9026da2a96fd1bdeb2953b"",""m-b7dcd8cd2d91e2a0530e94f1"",""m-a0156ee0ec6cb0be09a290e7"",""m-1d5745d8b432a6047b4dd936"",""m-154bcacb92d86a5c9d325b00"",""m-8988c2999d80d11c33dcaf06"",""m-3d125b0f0545f62e1d4dad28"",""m-1206e80bff6434ab66c69ece"",""m-dfb16b405973c1a31c4ae15b"",""m-e88cdf413fbf8a7ac37bd0fb"",""m-25705ac9d5e8865bd0ef9821"",""m-b7d3a9321839d30b4fca32c4"",""m-ac04b749be9809cc151a3f0e"",""m-4b387e35592c018e238fb4ed"",""m-ec21766410e0c5f0e5f7320f"",""m-2a46f1804e76d4daa1449ec5"",""m-e83f38f2c761aa5a2f5c0f21""]",False,0.0,False
1,official_mquake_label_chain,agentmemorybench:fact-mh-262k:context-0/factconsolidation_mh_262k_no32,factconsolidation_mh_262k_no32,32,21,22,0.9545454545454546,1789211415476351352-9cb9fdf614fd444e9ffc5919c2726618,"[""search""]",sufficient,4,1,0.25,[1],"[2,3,4]",[],25,"[""m-954c540a5962fbc7d01e18bf"",""m-95bbccbd6a08d16d05369687"",""m-9c66a5ec4a759d8795c58788"",""m-7c5d78490bb6e83cf8439922"",""m-cc9026da2a96fd1bdeb2953b"",""m-b7dcd8cd2d91e2a0530e94f1"",""m-a0156ee0ec6cb0be09a290e7"",""m-1d5745d8b432a6047b4dd936"",""m-154bcacb92d86a5c9d325b00"",""m-8988c2999d80d11c33dcaf06"",""m-3d125b0f0545f62e1d4dad28"",""m-1206e80bff6434ab66c69ece"",""m-dfb16b405973c1a31c4ae15b"",""m-e88cdf413fbf8a7ac37bd0fb"",""m-25705ac9d5e8865bd0ef9821"",""m-b7d3a9321839d30b4fca32c4"",""m-ac04b749be9809cc151a3f0e"",""m-4b387e35592c018e238fb4ed"",""m-ec21766410e0c5f0e5f7320f"",""m-2a46f1804e76d4daa1449ec5"",""m-e83f38f2c761aa5a2f5c0f21"",""m-621e3928a351e7bbd9e11337"",""m-390bc624383d3833d9578af5"",""m-df5c8fccc1791c4df5c99f24"",""m-0f10fff25f4f2295def856b4""]",False,0.0,False
1,official_mquake_label_chain,agentmemorybench:fact-mh-262k:context-0/factconsolidation_mh_262k_no32,factconsolidation_mh_262k_no32,32,22,22,1.0,1789211426628221685-64a711455687476c88769c80150b0e76,"[""finish""]",sufficient,4,1,0.25,[1],"[2,3,4]",[],25,"[""m-954c540a5962fbc7d01e18bf"",""m-95bbccbd6a08d16d05369687"",""m-9c66a5ec4a759d8795c58788"",""m-7c5d78490bb6e83cf8439922"",""m-cc9026da2a96fd1bdeb2953b"",""m-b7dcd8cd2d91e2a0530e94f1"",""m-a0156ee0ec6cb0be09a290e7"",""m-1d5745d8b432a6047b4dd936"",""m-154bcacb92d86a5c9d325b00"",""m-8988c2999d80d11c33dcaf06"",""m-3d125b0f0545f62e1d4dad28"",""m-1206e80bff6434ab66c69ece"",""m-dfb16b405973c1a31c4ae15b"",""m-e88cdf413fbf8a7ac37bd0fb"",""m-25705ac9d5e8865bd0ef9821"",""m-b7d3a9321839d30b4fca32c4"",""m-ac04b749be9809cc151a3f0e"",""m-4b387e35592c018e238fb4ed"",""m-ec21766410e0c5f0e5f7320f"",""m-2a46f1804e76d4daa1449ec5"",""m-e83f38f2c761aa5a2f5c0f21"",""m-621e3928a351e7bbd9e11337"",""m-390bc624383d3833d9578af5"",""m-df5c8fccc1791c4df5c99f24"",""m-0f10fff25f4f2295def856b4""]",False,0.0,False
1,official_mquake_label_chain,agentmemorybench:fact-mh-262k:context-0/factconsolidation_mh_262k_no33,factconsolidation_mh_262k_no33,33,1,12,0.08333333333333333,1789211106733927542-848333e076204747ba56d978b783963e,"[""search""]",sufficient,3,0,0.0,[],"[1,2,3]",[],0,[],True,0.0,False
1,official_mquake_label_chain,agentmemorybench:fact-mh-262k:context-0/factconsolidation_mh_262k_no33,factconsolidation_mh_262k_no33,33,2,12,0.16666666666666666,1789211116392458430-8ad18f0efe294af9b361cb2e18feb24a,"[""read""]",sufficient,3,0,0.0,[],"[1,2,3]",[],0,[],True,0.0,False
1,official_mquake_label_chain,agentmemorybench:fact-mh-262k:context-0/factconsolidation_mh_262k_no33,factconsolidation_mh_262k_no33,33,3,12,0.25,1789211128303411702-392a662e39114a178819a7bbe0cdda3f,"[""search""]",sufficient,3,1,0.3333333333333333,[1],"[2,3]",[1],2,"[""m-9775f81addddef3bf5347951"",""m-0f10fff25f4f2295def856b4""]",True,0.0,False
1,official_mquake_label_chain,agentmemorybench:fact-mh-262k:context-0/factconsolidation_mh_262k_no33,factconsolidation_mh_262k_no33,33,4,12,0.3333333333333333,1789211153420833085-27d7ca5094ec473fa72a44c55f3dc06e,"[""search""]",sufficient,3,1,0.3333333333333333,[1],"[2,3]",[],2,"[""m-9775f81addddef3bf5347951"",""m-0f10fff25f4f2295def856b4""]",True,0.0,False
1,official_mquake_label_chain,agentmemorybench:fact-mh-262k:context-0/factconsolidation_mh_262k_no33,factconsolidation_mh_262k_no33,33,5,12,0.4166666666666667,1789211165036535825-48eb11f8e6d247c7b70508795b662632,"[""read""]",sufficient,3,1,0.3333333333333333,[1],"[2,3]",[],2,"[""m-9775f81addddef3bf5347951"",""m-0f10fff25f4f2295def856b4""]",True,0.0,False
1,official_mquake_label_chain,agentmemorybench:fact-mh-262k:context-0/factconsolidation_mh_262k_no33,factconsolidation_mh_262k_no33,33,6,12,0.5,1789211181882811263-e8cb1f5273814c2899842c54cf8f9b95,"[""search""]",sufficient,3,1,0.3333333333333333,[1],"[2,3]",[],3,"[""m-9775f81addddef3bf5347951"",""m-0f10fff25f4f2295def856b4"",""m-9114fa7460e0af8f396d5e59""]",True,0.0,False
1,official_mquake_label_chain,agentmemorybench:fact-mh-262k:context-0/factconsolidation_mh_262k_no33,factconsolidation_mh_262k_no33,33,7,12,0.5833333333333334,1789211191059396528-72b7751ac471460e8330d0649932b8cd,"[""search""]",sufficient,3,1,0.3333333333333333,[1],"[2,3]",[],3,"[""m-9775f81addddef3bf5347951"",""m-0f10fff25f4f2295def856b4"",""m-9114fa7460e0af8f396d5e59""]",True,0.0,False
1,official_mquake_label_chain,agentmemorybench:fact-mh-262k:context-0/factconsolidation_mh_262k_no33,factconsolidation_mh_262k_no33,33,8,12,0.6666666666666666,1789211201405215536-35e58891e9184e27b221e3dc9da3591d,"[""search""]",sufficient,3,1,0.3333333333333333,[1],"[2,3]",[],3,"[""m-9775f81addddef3bf5347951"",""m-0f10fff25f4f2295def856b4"",""m-9114fa7460e0af8f396d5e59""]",True,0.0,False
1,official_mquake_label_chain,agentmemorybench:fact-mh-262k:context-0/factconsolidation_mh_262k_no33,factconsolidation_mh_262k_no33,33,9,12,0.75,1789211213370169717-e219fd34801c47428f01204208ec2151,"[""search""]",sufficient,3,1,0.3333333333333333,[1],"[2,3]",[],3,"[""m-9775f81addddef3bf5347951"",""m-0f10fff25f4f2295def856b4"",""m-9114fa7460e0af8f396d5e59""]",True,0.0,False
1,official_mquake_label_chain,agentmemorybench:fact-mh-262k:context-0/factconsolidation_mh_262k_no33,factconsolidation_mh_262k_no33,33,10,12,0.8333333333333334,1789211225746039068-a2c57b22777743dba4c2c3252d0d6704,"[""search""]",sufficient,3,1,0.3333333333333333,[1],"[2,3]",[],3,"[""m-9775f81addddef3bf5347951"",""m-0f10fff25f4f2295def856b4"",""m-9114fa7460e0af8f396d5e59""]",True,0.0,False
1,official_mquake_label_chain,agentmemorybench:fact-mh-262k:context-0/factconsolidation_mh_262k_no33,factconsolidation_mh_262k_no33,33,11,12,0.9166666666666666,1789211242162860869-9504ec6116e140ee980bad44a4a18532,"[""search""]",sufficient,3,1,0.3333333333333333,[1],"[2,3]",[],3,"[""m-9775f81addddef3bf5347951"",""m-0f10fff25f4f2295def856b4"",""m-9114fa7460e0af8f396d5e59""]",True,0.0,False
1,official_mquake_label_chain,agentmemorybench:fact-mh-262k:context-0/factconsolidation_mh_262k_no33,factconsolidation_mh_262k_no33,33,12,12,1.0,1789211254859498449-224bf9265c974a02aca9e696bca4fccb,"[""finish""]",sufficient,3,1,0.3333333333333333,[1],"[2,3]",[],3,"[""m-9775f81addddef3bf5347951"",""m-0f10fff25f4f2295def856b4"",""m-9114fa7460e0af8f396d5e59""]",True,0.0,False
1,official_mquake_label_chain,agentmemorybench:fact-mh-262k:context-0/factconsolidation_mh_262k_no34,factconsolidation_mh_262k_no34,34,1,13,0.07692307692307693,1789211106748138664-c9b46130af4e4061901dac3b4f088594,"[""search""]",insufficient,3,0,0.0,[],"[1,2,3]",[],0,[],False,0.0,False
1,official_mquake_label_chain,agentmemorybench:fact-mh-262k:context-0/factconsolidation_mh_262k_no34,factconsolidation_mh_262k_no34,34,2,13,0.15384615384615385,1789211116389632615-d074694762bb4fdfae8245d48185cc63,"[""search""]",insufficient,3,0,0.0,[],"[1,2,3]",[],0,[],False,0.0,False
1,official_mquake_label_chain,agentmemorybench:fact-mh-262k:context-0/factconsolidation_mh_262k_no34,factconsolidation_mh_262k_no34,34,3,13,0.23076923076923078,1789211135617765721-ec56c153f16b4ba7ab85e2d7f689e288,"[""search""]",insufficient,3,0,0.0,[],"[1,2,3]",[],0,[],False,0.0,False
1,official_mquake_label_chain,agentmemorybench:fact-mh-262k:context-0/factconsolidation_mh_262k_no34,factconsolidation_mh_262k_no34,34,4,13,0.3076923076923077,1789211147627055441-9eb2d91713304603b3593d4347349e3b,"[""search_more""]",insufficient,3,0,0.0,[],"[1,2,3]",[],0,[],False,0.0,False
1,official_mquake_label_chain,agentmemorybench:fact-mh-262k:context-0/factconsolidation_mh_262k_no34,factconsolidation_mh_262k_no34,34,5,13,0.38461538461538464,1789211153434304155-9d9a595ecbaa44f1a7675c1d26493085,"[""read""]",insufficient,3,0,0.0,[],"[1,2,3]",[],0,[],False,0.0,False
1,official_mquake_label_chain,agentmemorybench:fact-mh-262k:context-0/factconsolidation_mh_262k_no34,factconsolidation_mh_262k_no34,34,6,13,0.46153846153846156,1789211164447486865-f2daf608d1a5471b9634ef3dce9cf7f2,"[""search""]",insufficient,3,1,0.3333333333333333,[1],"[2,3]",[1],2,"[""m-2a33ae56e5df02e9a6e4fa1b"",""m-a0156ee0ec6cb0be09a290e7""]",False,0.0,False
1,official_mquake_label_chain,agentmemorybench:fact-mh-262k:context-0/factconsolidation_mh_262k_no34,factconsolidation_mh_262k_no34,34,7,13,0.5384615384615384,1789211187080479950-faddaae6449e4a3cb870d9982d5395c6,"[""search""]",insufficient,3,1,0.3333333333333333,[1],"[2,3]",[],2,"[""m-2a33ae56e5df02e9a6e4fa1b"",""m-a0156ee0ec6cb0be09a290e7""]",False,0.0,False
1,official_mquake_label_chain,agentmemorybench:fact-mh-262k:context-0/factconsolidation_mh_262k_no34,factconsolidation_mh_262k_no34,34,8,13,0.6153846153846154,1789211200902856973-e96ffdceb6ac415e837fdb5e8c14157c,"[""search""]",insufficient,3,1,0.3333333333333333,[1],"[2,3]",[],2,"[""m-2a33ae56e5df02e9a6e4fa1b"",""m-a0156ee0ec6cb0be09a290e7""]",False,0.0,False
1,official_mquake_label_chain,agentmemorybench:fact-mh-262k:context-0/factconsolidation_mh_262k_no34,factconsolidation_mh_262k_no34,34,9,13,0.6923076923076923,1789211208356339686-d5ca3442ebff47939822f7c2bb881701,"[""search""]",insufficient,3,1,0.3333333333333333,[1],"[2,3]",[],2,"[""m-2a33ae56e5df02e9a6e4fa1b"",""m-a0156ee0ec6cb0be09a290e7""]",False,0.0,False
1,official_mquake_label_chain,agentmemorybench:fact-mh-262k:context-0/factconsolidation_mh_262k_no34,factconsolidation_mh_262k_no34,34,10,13,0.7692307692307693,1789211224757792372-e0a8cda0320f4e83b18e016072e7b9af,"[""search""]",insufficient,3,1,0.3333333333333333,[1],"[2,3]",[],2,"[""m-2a33ae56e5df02e9a6e4fa1b"",""m-a0156ee0ec6cb0be09a290e7""]",False,0.0,False
1,official_mquake_label_chain,agentmemorybench:fact-mh-262k:context-0/factconsolidation_mh_262k_no34,factconsolidation_mh_262k_no34,34,11,13,0.8461538461538461,1789211246687637336-55555d2952124bed92df0fc97e2bfbf2,"[""search_more""]",insufficient,3,1,0.3333333333333333,[1],"[2,3]",[],2,"[""m-2a33ae56e5df02e9a6e4fa1b"",""m-a0156ee0ec6cb0be09a290e7""]",False,0.0,False
1,official_mquake_label_chain,agentmemorybench:fact-mh-262k:context-0/factconsolidation_mh_262k_no34,factconsolidation_mh_262k_no34,34,12,13,0.9230769230769231,1789211254764999224-94ef8d9e7e514837aecbead127e3c81a,"[""search""]",insufficient,3,1,0.3333333333333333,[1],"[2,3]",[],2,"[""m-2a33ae56e5df02e9a6e4fa1b"",""m-a0156ee0ec6cb0be09a290e7""]",False,0.0,False
1,official_mquake_label_chain,agentmemorybench:fact-mh-262k:context-0/factconsolidation_mh_262k_no34,factconsolidation_mh_262k_no34,34,13,13,1.0,1789211296192486116-87dde74c0561402dba6db4968c23e99e,"[""finish""]",insufficient,3,1,0.3333333333333333,[1],"[2,3]",[],2,"[""m-2a33ae56e5df02e9a6e4fa1b"",""m-a0156ee0ec6cb0be09a290e7""]",False,0.0,False
1,official_mquake_label_chain,agentmemorybench:fact-mh-262k:context-0/factconsolidation_mh_262k_no35,factconsolidation_mh_262k_no35,35,1,8,0.125,1789211106739922989-153bdf52b6e643fdbe2f3f92f83dd5d2,"[""search""]",sufficient,4,0,0.0,[],"[1,2,3,4]",[],0,[],True,1.0,True
1,official_mquake_label_chain,agentmemorybench:fact-mh-262k:context-0/factconsolidation_mh_262k_no35,factconsolidation_mh_262k_no35,35,2,8,0.25,1789211120647026331-47ac0bccfb4d4ee9bbda5e144aa47c84,"[""search""]",sufficient,4,0,0.0,[],"[1,2,3,4]",[],0,[],True,1.0,True
1,official_mquake_label_chain,agentmemorybench:fact-mh-262k:context-0/factconsolidation_mh_262k_no35,factconsolidation_mh_262k_no35,35,3,8,0.375,1789211135462785625-f78b073c787447c3b2cadc47e2877dcd,"[""read""]",sufficient,4,0,0.0,[],"[1,2,3,4]",[],0,[],True,1.0,True
1,official_mquake_label_chain,agentmemorybench:fact-mh-262k:context-0/factconsolidation_mh_262k_no35,factconsolidation_mh_262k_no35,35,4,8,0.5,1789211147692249536-0173e268aa58418194a8d033e5cc1583,"[""search""]",sufficient,4,2,0.5,"[1,2]","[3,4]","[1,2]",3,"[""m-2c378c529470c6ac9d9129c5"",""m-0b1df58bb07f6d7652d8dfb1"",""m-dfb16b405973c1a31c4ae15b""]",True,1.0,True
1,official_mquake_label_chain,agentmemorybench:fact-mh-262k:context-0/factconsolidation_mh_262k_no35,factconsolidation_mh_262k_no35,35,5,8,0.625,1789211159496535267-38136d10904f423d85f1b09686488c56,"[""read""]",sufficient,4,2,0.5,"[1,2]","[3,4]",[],3,"[""m-2c378c529470c6ac9d9129c5"",""m-0b1df58bb07f6d7652d8dfb1"",""m-dfb16b405973c1a31c4ae15b""]",True,1.0,True
1,official_mquake_label_chain,agentmemorybench:fact-mh-262k:context-0/factconsolidation_mh_262k_no35,factconsolidation_mh_262k_no35,35,6,8,0.75,1789211172311818900-53bcc67fac76484489425dde92f7ae5f,"[""search""]",sufficient,4,3,0.75,"[1,2,3]",[4],[3],5,"[""m-2c378c529470c6ac9d9129c5"",""m-0b1df58bb07f6d7652d8dfb1"",""m-dfb16b405973c1a31c4ae15b"",""m-b7d3a9321839d30b4fca32c4"",""m-aff4df280c82222c41cd9dbd""]",True,1.0,True
1,official_mquake_label_chain,agentmemorybench:fact-mh-262k:context-0/factconsolidation_mh_262k_no35,factconsolidation_mh_262k_no35,35,7,8,0.875,1789211186203958339-edf67a57296a48cba664d3d6ce30c8e9,"[""read""]",sufficient,4,3,0.75,"[1,2,3]",[4],[],5,"[""m-2c378c529470c6ac9d9129c5"",""m-0b1df58bb07f6d7652d8dfb1"",""m-dfb16b405973c1a31c4ae15b"",""m-b7d3a9321839d30b4fca32c4"",""m-aff4df280c82222c41cd9dbd""]",True,1.0,True
1,official_mquake_label_chain,agentmemorybench:fact-mh-262k:context-0/factconsolidation_mh_262k_no35,factconsolidation_mh_262k_no35,35,8,8,1.0,1789211213442158802-cfea1d88b0c242399a242a079e38b6b2,"[""finish""]",sufficient,4,4,1.0,"[1,2,3,4]",[],[4],6,"[""m-2c378c529470c6ac9d9129c5"",""m-0b1df58bb07f6d7652d8dfb1"",""m-dfb16b405973c1a31c4ae15b"",""m-b7d3a9321839d30b4fca32c4"",""m-aff4df280c82222c41cd9dbd"",""m-2a33ae56e5df02e9a6e4fa1b""]",True,1.0,True
1,official_mquake_label_chain,agentmemorybench:fact-mh-262k:context-0/factconsolidation_mh_262k_no36,factconsolidation_mh_262k_no36,36,1,10,0.1,1789211106993592673-72aa8904584b4bdcb7ce230ebd6572a7,"[""search""]",sufficient,4,0,0.0,[],"[1,2,3,4]",[],0,[],True,0.0,False
1,official_mquake_label_chain,agentmemorybench:fact-mh-262k:context-0/factconsolidation_mh_262k_no36,factconsolidation_mh_262k_no36,36,2,10,0.2,1789211121552428987-112498a81de647fca823f813e1cff55c,"[""search""]",sufficient,4,0,0.0,[],"[1,2,3,4]",[],0,[],True,0.0,False
1,official_mquake_label_chain,agentmemorybench:fact-mh-262k:context-0/factconsolidation_mh_262k_no36,factconsolidation_mh_262k_no36,36,3,10,0.3,1789211142168860584-49f59c6458e34199b4d4f4ac5d26ade1,"[""read""]",sufficient,4,0,0.0,[],"[1,2,3,4]",[],0,[],True,0.0,False
1,official_mquake_label_chain,agentmemorybench:fact-mh-262k:context-0/factconsolidation_mh_262k_no36,factconsolidation_mh_262k_no36,36,4,10,0.4,1789211167838279137-8766a236a917463b81a924119d7e7b55,"[""search""]",sufficient,4,1,0.25,[1],"[2,3,4]",[1],2,"[""m-0b1df58bb07f6d7652d8dfb1"",""m-a1a4edfb7fb9ec1bee215e03""]",True,0.0,False
1,official_mquake_label_chain,agentmemorybench:fact-mh-262k:context-0/factconsolidation_mh_262k_no36,factconsolidation_mh_262k_no36,36,5,10,0.5,1789211183832821113-225972225d574cc395b2d7992748b123,"[""search""]",sufficient,4,1,0.25,[1],"[2,3,4]",[],2,"[""m-0b1df58bb07f6d7652d8dfb1"",""m-a1a4edfb7fb9ec1bee215e03""]",True,0.0,False
1,official_mquake_label_chain,agentmemorybench:fact-mh-262k:context-0/factconsolidation_mh_262k_no36,factconsolidation_mh_262k_no36,36,6,10,0.6,1789211198142047148-6f7a3a8ec1324588b78245f50ff6f408,"[""search""]",sufficient,4,1,0.25,[1],"[2,3,4]",[],2,"[""m-0b1df58bb07f6d7652d8dfb1"",""m-a1a4edfb7fb9ec1bee215e03""]",True,0.0,False
1,official_mquake_label_chain,agentmemorybench:fact-mh-262k:context-0/factconsolidation_mh_262k_no36,factconsolidation_mh_262k_no36,36,7,10,0.7,1789211217492310948-4e26e2dacf914d31a2c55926fd1c7800,"[""search""]",sufficient,4,1,0.25,[1],"[2,3,4]",[],2,"[""m-0b1df58bb07f6d7652d8dfb1"",""m-a1a4edfb7fb9ec1bee215e03""]",True,0.0,False
1,official_mquake_label_chain,agentmemorybench:fact-mh-262k:context-0/factconsolidation_mh_262k_no36,factconsolidation_mh_262k_no36,36,8,10,0.8,1789211234474763578-49ba3747f7e348bf988e78a22d444748,"[""search""]",sufficient,4,1,0.25,[1],"[2,3,4]",[],2,"[""m-0b1df58bb07f6d7652d8dfb1"",""m-a1a4edfb7fb9ec1bee215e03""]",True,0.0,False
1,official_mquake_label_chain,agentmemorybench:fact-mh-262k:context-0/factconsolidation_mh_262k_no36,factconsolidation_mh_262k_no36,36,9,10,0.9,1789211257967258517-052fc907aa094068b4b141d72dcb9a98,"[""read""]",sufficient,4,1,0.25,[1],"[2,3,4]",[],2,"[""m-0b1df58bb07f6d7652d8dfb1"",""m-a1a4edfb7fb9ec1bee215e03""]",True,0.0,False
1,official_mquake_label_chain,agentmemorybench:fact-mh-262k:context-0/factconsolidation_mh_262k_no36,factconsolidation_mh_262k_no36,36,10,10,1.0,1789211275819496264-aade4fdbc14c4898a2660caf5088eca4,"[""finish""]",sufficient,4,1,0.25,[1],"[2,3,4]",[],5,"[""m-0b1df58bb07f6d7652d8dfb1"",""m-a1a4edfb7fb9ec1bee215e03"",""m-95bbccbd6a08d16d05369687"",""m-e8c89d3ba3aa543273171efa"",""m-f4d41a198fada7f7ebf3b81e""]",True,0.0,False
1,official_mquake_label_chain,agentmemorybench:fact-mh-262k:context-0/factconsolidation_mh_262k_no37,factconsolidation_mh_262k_no37,37,1,4,0.25,1789211106772921589-d2d3eda50fed4d73af9f1a9a251060e9,"[""search""]",sufficient,2,0,0.0,[],"[1,2]",[],0,[],False,1.0,True
1,official_mquake_label_chain,agentmemorybench:fact-mh-262k:context-0/factconsolidation_mh_262k_no37,factconsolidation_mh_262k_no37,37,2,4,0.5,1789211116393317181-6a3554012b454de0ad37cac8aebb4a1f,"[""search""]",sufficient,2,0,0.0,[],"[1,2]",[],0,[],False,1.0,True
1,official_mquake_label_chain,agentmemorybench:fact-mh-262k:context-0/factconsolidation_mh_262k_no37,factconsolidation_mh_262k_no37,37,3,4,0.75,1789211128300467126-1503b19dc7f745ef8f7c45b5a03ce451,"[""read""]",sufficient,2,0,0.0,[],"[1,2]",[],0,[],False,1.0,True
1,official_mquake_label_chain,agentmemorybench:fact-mh-262k:context-0/factconsolidation_mh_262k_no37,factconsolidation_mh_262k_no37,37,4,4,1.0,1789211151786085113-3d9f69fdc63f422a91dd4d0d8decb905,"[""finish""]",sufficient,2,2,1.0,"[1,2]",[],"[1,2]",3,"[""m-edc48416279cf33fce68c421"",""m-f4d41a198fada7f7ebf3b81e"",""m-9114fa7460e0af8f396d5e59""]",False,1.0,True
1,official_mquake_label_chain,agentmemorybench:fact-mh-262k:context-0/factconsolidation_mh_262k_no38,factconsolidation_mh_262k_no38,38,1,4,0.25,1789211106729354961-d3a1553129464bf58317766395ae6708,"[""search""]",sufficient,2,0,0.0,[],"[1,2]",[],0,[],False,0.0,False
1,official_mquake_label_chain,agentmemorybench:fact-mh-262k:context-0/factconsolidation_mh_262k_no38,factconsolidation_mh_262k_no38,38,2,4,0.5,1789211120643200262-f2ca419a5d2e428dae88ebb89fe2fa9d,"[""search""]",sufficient,2,0,0.0,[],"[1,2]",[],0,[],False,0.0,False
1,official_mquake_label_chain,agentmemorybench:fact-mh-262k:context-0/factconsolidation_mh_262k_no38,factconsolidation_mh_262k_no38,38,3,4,0.75,1789211139469806966-2e7eceac7ae549929c9833c78edd52c0,"[""read""]",sufficient,2,0,0.0,[],"[1,2]",[],0,[],False,0.0,False
1,official_mquake_label_chain,agentmemorybench:fact-mh-262k:context-0/factconsolidation_mh_262k_no38,factconsolidation_mh_262k_no38,38,4,4,1.0,1789211158437225812-67edfca4704f407e98c7d9cfe21356c5,"[""finish""]",sufficient,2,2,1.0,"[1,2]",[],"[1,2]",4,"[""m-8a1ac4543999c1eeeb063bdd"",""m-9775f81addddef3bf5347951"",""m-de83a0d2e0630ddb97f1fe54"",""m-32937397b194ea97822b7885""]",False,0.0,False
1,official_mquake_label_chain,agentmemorybench:fact-mh-262k:context-0/factconsolidation_mh_262k_no39,factconsolidation_mh_262k_no39,39,1,10,0.1,1789211106857176988-137c468104ec4f35960e83afd6dbf442,"[""search""]",sufficient,2,0,0.0,[],"[1,2]",[],0,[],False,1.0,True
1,official_mquake_label_chain,agentmemorybench:fact-mh-262k:context-0/factconsolidation_mh_262k_no39,factconsolidation_mh_262k_no39,39,2,10,0.2,1789211116388329009-2c770f881923498785c9bbb203c5e6d1,"[""read""]",sufficient,2,0,0.0,[],"[1,2]",[],0,[],False,1.0,True
1,official_mquake_label_chain,agentmemorybench:fact-mh-262k:context-0/factconsolidation_mh_262k_no39,factconsolidation_mh_262k_no39,39,3,10,0.3,1789211131439870122-0975ffddc9714ff9ab3be55b36560319,"[""search""]",sufficient,2,1,0.5,[1],[2],[1],2,"[""m-621e3928a351e7bbd9e11337"",""m-6fd0269b08ed390fee96395f""]",False,1.0,True
1,official_mquake_label_chain,agentmemorybench:fact-mh-262k:context-0/factconsolidation_mh_262k_no39,factconsolidation_mh_262k_no39,39,4,10,0.4,1789211148114213372-1e19a51c5d7a48e984297b3cd94d12d4,"[""read""]",sufficient,2,1,0.5,[1],[2],[],2,"[""m-621e3928a351e7bbd9e11337"",""m-6fd0269b08ed390fee96395f""]",False,1.0,True
1,official_mquake_label_chain,agentmemorybench:fact-mh-262k:context-0/factconsolidation_mh_262k_no39,factconsolidation_mh_262k_no39,39,5,10,0.5,1789211161668426744-cc51abc07ebb4844b996fedf291a5767,"[""read""]",sufficient,2,2,1.0,"[1,2]",[],[2],4,"[""m-621e3928a351e7bbd9e11337"",""m-6fd0269b08ed390fee96395f"",""m-098e8f358b290e8ba2babe14"",""m-b4f7617ddfde634fb0ac7372""]",False,1.0,True
1,official_mquake_label_chain,agentmemorybench:fact-mh-262k:context-0/factconsolidation_mh_262k_no39,factconsolidation_mh_262k_no39,39,6,10,0.6,1789211186204881101-541d1f716aa746249627deffec35631b,"[""search""]",sufficient,2,2,1.0,"[1,2]",[],[],6,"[""m-621e3928a351e7bbd9e11337"",""m-6fd0269b08ed390fee96395f"",""m-098e8f358b290e8ba2babe14"",""m-b4f7617ddfde634fb0ac7372"",""m-28069cede24e19a36554223e"",""m-e88cdf413fbf8a7ac37bd0fb""]",False,1.0,True
1,official_mquake_label_chain,agentmemorybench:fact-mh-262k:context-0/factconsolidation_mh_262k_no39,factconsolidation_mh_262k_no39,39,7,10,0.7,1789211210012872338-9a8e756f85d348909227a6c9b9d0c281,"[""read""]",sufficient,2,2,1.0,"[1,2]",[],[],6,"[""m-621e3928a351e7bbd9e11337"",""m-6fd0269b08ed390fee96395f"",""m-098e8f358b290e8ba2babe14"",""m-b4f7617ddfde634fb0ac7372"",""m-28069cede24e19a36554223e"",""m-e88cdf413fbf8a7ac37bd0fb""]",False,1.0,True
1,official_mquake_label_chain,agentmemorybench:fact-mh-262k:context-0/factconsolidation_mh_262k_no39,factconsolidation_mh_262k_no39,39,8,10,0.8,1789211241627786188-b3a7ca36dc244212855b6db5db787c78,"[""search""]",sufficient,2,2,1.0,"[1,2]",[],[],8,"[""m-621e3928a351e7bbd9e11337"",""m-6fd0269b08ed390fee96395f"",""m-098e8f358b290e8ba2babe14"",""m-b4f7617ddfde634fb0ac7372"",""m-28069cede24e19a36554223e"",""m-e88cdf413fbf8a7ac37bd0fb"",""m-feaf7a534f97d17286f510dc"",""m-25705ac9d5e8865bd0ef9821""]",False,1.0,True
1,official_mquake_label_chain,agentmemorybench:fact-mh-262k:context-0/factconsolidation_mh_262k_no39,factconsolidation_mh_262k_no39,39,9,10,0.9,1789211256836588806-e6ca94e9a11c40a4878d5f43f230b17b,"[""search""]",sufficient,2,2,1.0,"[1,2]",[],[],8,"[""m-621e3928a351e7bbd9e11337"",""m-6fd0269b08ed390fee96395f"",""m-098e8f358b290e8ba2babe14"",""m-b4f7617ddfde634fb0ac7372"",""m-28069cede24e19a36554223e"",""m-e88cdf413fbf8a7ac37bd0fb"",""m-feaf7a534f97d17286f510dc"",""m-25705ac9d5e8865bd0ef9821""]",False,1.0,True
1,official_mquake_label_chain,agentmemorybench:fact-mh-262k:context-0/factconsolidation_mh_262k_no39,factconsolidation_mh_262k_no39,39,10,10,1.0,1789211280578264146-0e6b34aec59a404e9d91d241588f1bf0,"[""finish""]",sufficient,2,2,1.0,"[1,2]",[],[],8,"[""m-621e3928a351e7bbd9e11337"",""m-6fd0269b08ed390fee96395f"",""m-098e8f358b290e8ba2babe14"",""m-b4f7617ddfde634fb0ac7372"",""m-28069cede24e19a36554223e"",""m-e88cdf413fbf8a7ac37bd0fb"",""m-feaf7a534f97d17286f510dc"",""m-25705ac9d5e8865bd0ef9821""]",False,1.0,True
1,official_mquake_label_chain,agentmemorybench:fact-mh-262k:context-0/factconsolidation_mh_262k_no40,factconsolidation_mh_262k_no40,40,1,5,0.2,1789211147744350413-12af67ee1b8c40ee894e2685648ad29b,"[""search""]",sufficient,2,0,0.0,[],"[1,2]",[],0,[],False,1.0,True
1,official_mquake_label_chain,agentmemorybench:fact-mh-262k:context-0/factconsolidation_mh_262k_no40,factconsolidation_mh_262k_no40,40,2,5,0.4,1789211154507807686-29861fe554a84d02bac1eefb083724e1,"[""read""]",sufficient,2,0,0.0,[],"[1,2]",[],0,[],False,1.0,True
1,official_mquake_label_chain,agentmemorybench:fact-mh-262k:context-0/factconsolidation_mh_262k_no40,factconsolidation_mh_262k_no40,40,3,5,0.6,1789211171348770562-cb0576e0d6df4b939cee5f9a00605936,"[""search""]",sufficient,2,1,0.5,[1],[2],[1],4,"[""m-20b0bd029c73234fd44ab583"",""m-0b1100aa2215e071bf08a812"",""m-ec21766410e0c5f0e5f7320f"",""m-764a735eb863dbf0706b046a""]",False,1.0,True
1,official_mquake_label_chain,agentmemorybench:fact-mh-262k:context-0/factconsolidation_mh_262k_no40,factconsolidation_mh_262k_no40,40,4,5,0.8,1789211176632716314-2d7bca57775d4be9930e80c19570f636,"[""read""]",sufficient,2,1,0.5,[1],[2],[],4,"[""m-20b0bd029c73234fd44ab583"",""m-0b1100aa2215e071bf08a812"",""m-ec21766410e0c5f0e5f7320f"",""m-764a735eb863dbf0706b046a""]",False,1.0,True
1,official_mquake_label_chain,agentmemorybench:fact-mh-262k:context-0/factconsolidation_mh_262k_no40,factconsolidation_mh_262k_no40,40,5,5,1.0,1789211191071224299-dd530a722c524f3c83a31e6cdea901ce,"[""finish""]",sufficient,2,2,1.0,"[1,2]",[],[2],6,"[""m-20b0bd029c73234fd44ab583"",""m-0b1100aa2215e071bf08a812"",""m-ec21766410e0c5f0e5f7320f"",""m-764a735eb863dbf0706b046a"",""m-2c378c529470c6ac9d9129c5"",""m-b7dcd8cd2d91e2a0530e94f1""]",False,1.0,True
1,official_mquake_label_chain,agentmemorybench:fact-mh-262k:context-0/factconsolidation_mh_262k_no41,factconsolidation_mh_262k_no41,41,1,12,0.08333333333333333,1789211150475099579-3ed353cde2f2420c886dff4fc7011a12,"[""search""]",sufficient,2,0,0.0,[],"[1,2]",[],0,[],False,1.0,True
1,official_mquake_label_chain,agentmemorybench:fact-mh-262k:context-0/factconsolidation_mh_262k_no41,factconsolidation_mh_262k_no41,41,2,12,0.16666666666666666,1789211160510420170-63a49085f0324b8ba2b9af79077442ca,"[""read""]",sufficient,2,0,0.0,[],"[1,2]",[],0,[],False,1.0,True
1,official_mquake_label_chain,agentmemorybench:fact-mh-262k:context-0/factconsolidation_mh_262k_no41,factconsolidation_mh_262k_no41,41,3,12,0.25,1789211178122366420-723a81e1400642d9a56428c24988509f,"[""search""]",sufficient,2,1,0.5,[1],[2],[1],4,"[""m-621e3928a351e7bbd9e11337"",""m-6fd0269b08ed390fee96395f"",""m-0a2ca057cd4e91028f99f848"",""m-e83f38f2c761aa5a2f5c0f21""]",False,1.0,True
1,official_mquake_label_chain,agentmemorybench:fact-mh-262k:context-0/factconsolidation_mh_262k_no41,factconsolidation_mh_262k_no41,41,4,12,0.3333333333333333,1789211198958955469-095b5abe182c4f76826230774e845a4e,"[""search""]",sufficient,2,1,0.5,[1],[2],[],4,"[""m-621e3928a351e7bbd9e11337"",""m-6fd0269b08ed390fee96395f"",""m-0a2ca057cd4e91028f99f848"",""m-e83f38f2c761aa5a2f5c0f21""]",False,1.0,True
1,official_mquake_label_chain,agentmemorybench:fact-mh-262k:context-0/factconsolidation_mh_262k_no41,factconsolidation_mh_262k_no41,41,5,12,0.4166666666666667,1789211210694130076-f4ea581e6a6242aa8963df9f7f69f7b4,"[""search""]",sufficient,2,1,0.5,[1],[2],[],4,"[""m-621e3928a351e7bbd9e11337"",""m-6fd0269b08ed390fee96395f"",""m-0a2ca057cd4e91028f99f848"",""m-e83f38f2c761aa5a2f5c0f21""]",False,1.0,True
1,official_mquake_label_chain,agentmemorybench:fact-mh-262k:context-0/factconsolidation_mh_262k_no41,factconsolidation_mh_262k_no41,41,6,12,0.5,1789211231923261184-95951fd9be1d4a009b493ebf2f26f19f,"[""read""]",sufficient,2,1,0.5,[1],[2],[],4,"[""m-621e3928a351e7bbd9e11337"",""m-6fd0269b08ed390fee96395f"",""m-0a2ca057cd4e91028f99f848"",""m-e83f38f2c761aa5a2f5c0f21""]",False,1.0,True
1,official_mquake_label_chain,agentmemorybench:fact-mh-262k:context-0/factconsolidation_mh_262k_no41,factconsolidation_mh_262k_no41,41,7,12,0.5833333333333334,1789211238159464914-27d8459a9016495f9660123e8ece561d,"[""search""]",sufficient,2,2,1.0,"[1,2]",[],[2],6,"[""m-621e3928a351e7bbd9e11337"",""m-6fd0269b08ed390fee96395f"",""m-0a2ca057cd4e91028f99f848"",""m-e83f38f2c761aa5a2f5c0f21"",""m-b4f7617ddfde634fb0ac7372"",""m-22130c7cb447261eda31ef6b""]",False,1.0,True
1,official_mquake_label_chain,agentmemorybench:fact-mh-262k:context-0/factconsolidation_mh_262k_no41,factconsolidation_mh_262k_no41,41,8,12,0.6666666666666666,1789211268137973182-ae39a8d1e92044bcb47b7abf15ccd671,"[""search""]",sufficient,2,2,1.0,"[1,2]",[],[],6,"[""m-621e3928a351e7bbd9e11337"",""m-6fd0269b08ed390fee96395f"",""m-0a2ca057cd4e91028f99f848"",""m-e83f38f2c761aa5a2f5c0f21"",""m-b4f7617ddfde634fb0ac7372"",""m-22130c7cb447261eda31ef6b""]",False,1.0,True
1,official_mquake_label_chain,agentmemorybench:fact-mh-262k:context-0/factconsolidation_mh_262k_no41,factconsolidation_mh_262k_no41,41,9,12,0.75,1789211283462234639-1ce78ef510ef4521b6c7c89d5c6c738d,"[""search""]",sufficient,2,2,1.0,"[1,2]",[],[],6,"[""m-621e3928a351e7bbd9e11337"",""m-6fd0269b08ed390fee96395f"",""m-0a2ca057cd4e91028f99f848"",""m-e83f38f2c761aa5a2f5c0f21"",""m-b4f7617ddfde634fb0ac7372"",""m-22130c7cb447261eda31ef6b""]",False,1.0,True
1,official_mquake_label_chain,agentmemorybench:fact-mh-262k:context-0/factconsolidation_mh_262k_no41,factconsolidation_mh_262k_no41,41,10,12,0.8333333333333334,1789211313660730650-72137d5c9e1a4c19b6eaad66ee206744,"[""search""]",sufficient,2,2,1.0,"[1,2]",[],[],6,"[""m-621e3928a351e7bbd9e11337"",""m-6fd0269b08ed390fee96395f"",""m-0a2ca057cd4e91028f99f848"",""m-e83f38f2c761aa5a2f5c0f21"",""m-b4f7617ddfde634fb0ac7372"",""m-22130c7cb447261eda31ef6b""]",False,1.0,True
1,official_mquake_label_chain,agentmemorybench:fact-mh-262k:context-0/factconsolidation_mh_262k_no41,factconsolidation_mh_262k_no41,41,11,12,0.9166666666666666,1789211342883968333-99eba9d622684118ab9fe89c06aa1b7e,"[""search""]",sufficient,2,2,1.0,"[1,2]",[],[],6,"[""m-621e3928a351e7bbd9e11337"",""m-6fd0269b08ed390fee96395f"",""m-0a2ca057cd4e91028f99f848"",""m-e83f38f2c761aa5a2f5c0f21"",""m-b4f7617ddfde634fb0ac7372"",""m-22130c7cb447261eda31ef6b""]",False,1.0,True
1,official_mquake_label_chain,agentmemorybench:fact-mh-262k:context-0/factconsolidation_mh_262k_no41,factconsolidation_mh_262k_no41,41,12,12,1.0,1789211374868722200-a40db9dc31724ef8af18f07dfc074812,"[""finish""]",sufficient,2,2,1.0,"[1,2]",[],[],6,"[""m-621e3928a351e7bbd9e11337"",""m-6fd0269b08ed390fee96395f"",""m-0a2ca057cd4e91028f99f848"",""m-e83f38f2c761aa5a2f5c0f21"",""m-b4f7617ddfde634fb0ac7372"",""m-22130c7cb447261eda31ef6b""]",False,1.0,True
1,official_mquake_label_chain,agentmemorybench:fact-mh-262k:context-0/factconsolidation_mh_262k_no42,factconsolidation_mh_262k_no42,42,1,7,0.14285714285714285,1789211151860798291-fedb721e2c394b5e90feebc30420f1fd,"[""search""]",sufficient,4,0,0.0,[],"[1,2,3,4]",[],0,[],True,0.0,False
1,official_mquake_label_chain,agentmemorybench:fact-mh-262k:context-0/factconsolidation_mh_262k_no42,factconsolidation_mh_262k_no42,42,2,7,0.2857142857142857,1789211161505303839-aad42f75bbb348d2b2190e5d3f0cd83e,"[""read""]",sufficient,4,0,0.0,[],"[1,2,3,4]",[],0,[],True,0.0,False
1,official_mquake_label_chain,agentmemorybench:fact-mh-262k:context-0/factconsolidation_mh_262k_no42,factconsolidation_mh_262k_no42,42,3,7,0.42857142857142855,1789211178602772135-778cb00fe27a4dc4b776591bf71b6d0a,"[""search""]",sufficient,4,1,0.25,[1],"[2,3,4]",[1],2,"[""m-cc9026da2a96fd1bdeb2953b"",""m-9114fa7460e0af8f396d5e59""]",True,0.0,False
1,official_mquake_label_chain,agentmemorybench:fact-mh-262k:context-0/factconsolidation_mh_262k_no42,factconsolidation_mh_262k_no42,42,4,7,0.5714285714285714,1789211197351707686-f415224277064736a3bc8c08a141010f,"[""search""]",sufficient,4,1,0.25,[1],"[2,3,4]",[],2,"[""m-cc9026da2a96fd1bdeb2953b"",""m-9114fa7460e0af8f396d5e59""]",True,0.0,False
1,official_mquake_label_chain,agentmemorybench:fact-mh-262k:context-0/factconsolidation_mh_262k_no42,factconsolidation_mh_262k_no42,42,5,7,0.7142857142857143,1789211210693447974-10fe83dfebab45c4a9b7e89934cd1dd8,"[""search""]",sufficient,4,1,0.25,[1],"[2,3,4]",[],2,"[""m-cc9026da2a96fd1bdeb2953b"",""m-9114fa7460e0af8f396d5e59""]",True,0.0,False
1,official_mquake_label_chain,agentmemorybench:fact-mh-262k:context-0/factconsolidation_mh_262k_no42,factconsolidation_mh_262k_no42,42,6,7,0.8571428571428571,1789211227413753542-1fdd3293608546b29a8266f90d59ac7c,"[""read""]",sufficient,4,1,0.25,[1],"[2,3,4]",[],2,"[""m-cc9026da2a96fd1bdeb2953b"",""m-9114fa7460e0af8f396d5e59""]",True,0.0,False
1,official_mquake_label_chain,agentmemorybench:fact-mh-262k:context-0/factconsolidation_mh_262k_no42,factconsolidation_mh_262k_no42,42,7,7,1.0,1789211244890039524-ed60768744a548d4839d478e30fdc865,"[""finish""]",sufficient,4,4,1.0,"[1,2,3,4]",[],"[2,3,4]",5,"[""m-cc9026da2a96fd1bdeb2953b"",""m-9114fa7460e0af8f396d5e59"",""m-098e8f358b290e8ba2babe14"",""m-8ea23f7d97db2ab60eec5ae4"",""m-323e3517faf8135a089224ca""]",True,0.0,False
1,official_mquake_label_chain,agentmemorybench:fact-mh-262k:context-0/factconsolidation_mh_262k_no43,factconsolidation_mh_262k_no43,43,1,6,0.16666666666666666,1789211153768364071-7a8c1fff3bc14e1e8ed3f8886c5fde72,"[""search""]",sufficient,2,0,0.0,[],"[1,2]",[],0,[],False,1.0,True
1,official_mquake_label_chain,agentmemorybench:fact-mh-262k:context-0/factconsolidation_mh_262k_no43,factconsolidation_mh_262k_no43,43,2,6,0.3333333333333333,1789211168094823757-c0631c1e96664793a3514ffc650dfd00,"[""read""]",sufficient,2,0,0.0,[],"[1,2]",[],0,[],False,1.0,True
1,official_mquake_label_chain,agentmemorybench:fact-mh-262k:context-0/factconsolidation_mh_262k_no43,factconsolidation_mh_262k_no43,43,3,6,0.5,1789211192102568605-0e509cad8f5a4a17a26814ae58df8aed,[],sufficient,2,1,0.5,[1],[2],[1],3,"[""m-8e14b81f299884f04aa016ff"",""m-8988c2999d80d11c33dcaf06"",""m-df5c8fccc1791c4df5c99f24""]",False,1.0,True
1,official_mquake_label_chain,agentmemorybench:fact-mh-262k:context-0/factconsolidation_mh_262k_no43,factconsolidation_mh_262k_no43,43,4,6,0.6666666666666666,1789211196799619794-c98da87711aa4034a8ed0fbf56fe660b,"[""search""]",sufficient,2,1,0.5,[1],[2],[],3,"[""m-8e14b81f299884f04aa016ff"",""m-8988c2999d80d11c33dcaf06"",""m-df5c8fccc1791c4df5c99f24""]",False,1.0,True
1,official_mquake_label_chain,agentmemorybench:fact-mh-262k:context-0/factconsolidation_mh_262k_no43,factconsolidation_mh_262k_no43,43,5,6,0.8333333333333334,1789211209821954161-6acd38e4fc404a21ace9c86ab2e08315,"[""read""]",sufficient,2,1,0.5,[1],[2],[],3,"[""m-8e14b81f299884f04aa016ff"",""m-8988c2999d80d11c33dcaf06"",""m-df5c8fccc1791c4df5c99f24""]",False,1.0,True
1,official_mquake_label_chain,agentmemorybench:fact-mh-262k:context-0/factconsolidation_mh_262k_no43,factconsolidation_mh_262k_no43,43,6,6,1.0,1789211224758825361-7b20df04ef3743a3ad31b5d7d9d5f10e,"[""finish""]",sufficient,2,2,1.0,"[1,2]",[],[2],5,"[""m-8e14b81f299884f04aa016ff"",""m-8988c2999d80d11c33dcaf06"",""m-df5c8fccc1791c4df5c99f24"",""m-feaf7a534f97d17286f510dc"",""m-4629414582d97d69514c4643""]",False,1.0,True
1,official_mquake_label_chain,agentmemorybench:fact-mh-262k:context-0/factconsolidation_mh_262k_no44,factconsolidation_mh_262k_no44,44,1,5,0.2,1789211153772294861-d72fae256c9147899ad9757c51a1a1f7,"[""search""]",sufficient,2,0,0.0,[],"[1,2]",[],0,[],False,1.0,True
1,official_mquake_label_chain,agentmemorybench:fact-mh-262k:context-0/factconsolidation_mh_262k_no44,factconsolidation_mh_262k_no44,44,2,5,0.4,1789211161505730974-f60a9edc85ee4aa18de7c50c6ab22a53,"[""search""]",sufficient,2,0,0.0,[],"[1,2]",[],0,[],False,1.0,True
1,official_mquake_label_chain,agentmemorybench:fact-mh-262k:context-0/factconsolidation_mh_262k_no44,factconsolidation_mh_262k_no44,44,3,5,0.6,1789211176163012476-690466ca74e648cca3271c1c4be471ff,"[""search""]",sufficient,2,0,0.0,[],"[1,2]",[],0,[],False,1.0,True
1,official_mquake_label_chain,agentmemorybench:fact-mh-262k:context-0/factconsolidation_mh_262k_no44,factconsolidation_mh_262k_no44,44,4,5,0.8,1789211217023141509-c71c7bb020b54badbdcefa6cdffad86b,"[""read""]",sufficient,2,0,0.0,[],"[1,2]",[],0,[],False,1.0,True
1,official_mquake_label_chain,agentmemorybench:fact-mh-262k:context-0/factconsolidation_mh_262k_no44,factconsolidation_mh_262k_no44,44,5,5,1.0,1789211252493451008-f6a63558d77e4facb94a20c4c5295bc5,"[""finish""]",sufficient,2,2,1.0,"[1,2]",[],"[1,2]",5,"[""m-3d125b0f0545f62e1d4dad28"",""m-0b1100aa2215e071bf08a812"",""m-1013038271bffdb5b4d7d9a5"",""m-764a735eb863dbf0706b046a"",""m-aff4df280c82222c41cd9dbd""]",False,1.0,True
1,official_mquake_label_chain,agentmemorybench:fact-mh-262k:context-0/factconsolidation_mh_262k_no45,factconsolidation_mh_262k_no45,45,1,5,0.2,1789211160773804318-29e087f5eb0746a4a8fb22521a1a96fd,"[""search""]",sufficient,2,0,0.0,[],"[1,2]",[],0,[],False,1.0,True
1,official_mquake_label_chain,agentmemorybench:fact-mh-262k:context-0/factconsolidation_mh_262k_no45,factconsolidation_mh_262k_no45,45,2,5,0.4,1789211172310859385-b237cd7d4e214d31a3bdea964d75f8ba,"[""read""]",sufficient,2,0,0.0,[],"[1,2]",[],0,[],False,1.0,True
1,official_mquake_label_chain,agentmemorybench:fact-mh-262k:context-0/factconsolidation_mh_262k_no45,factconsolidation_mh_262k_no45,45,3,5,0.6,1789211197458757331-d2eba016ba2e441cb9dcb344e729291b,"[""search""]",sufficient,2,1,0.5,[1],[2],[1],3,"[""m-d8939565b192098f7742417a"",""m-65ddf9819a5ecf5e4656074f"",""m-e83f38f2c761aa5a2f5c0f21""]",False,1.0,True
1,official_mquake_label_chain,agentmemorybench:fact-mh-262k:context-0/factconsolidation_mh_262k_no45,factconsolidation_mh_262k_no45,45,4,5,0.8,1789211214472227000-c22aead9bbac41f28c8ade5e4283e33f,"[""read""]",sufficient,2,1,0.5,[1],[2],[],3,"[""m-d8939565b192098f7742417a"",""m-65ddf9819a5ecf5e4656074f"",""m-e83f38f2c761aa5a2f5c0f21""]",False,1.0,True
1,official_mquake_label_chain,agentmemorybench:fact-mh-262k:context-0/factconsolidation_mh_262k_no45,factconsolidation_mh_262k_no45,45,5,5,1.0,1789211234475488608-4c8100463a4e49f2881d09de04c9f4e3,"[""finish""]",sufficient,2,2,1.0,"[1,2]",[],[2],4,"[""m-d8939565b192098f7742417a"",""m-65ddf9819a5ecf5e4656074f"",""m-e83f38f2c761aa5a2f5c0f21"",""m-de83a0d2e0630ddb97f1fe54""]",False,1.0,True
1,official_mquake_label_chain,agentmemorybench:fact-mh-262k:context-0/factconsolidation_mh_262k_no46,factconsolidation_mh_262k_no46,46,1,5,0.2,1789211164407399479-7715e1add4d74974a5a959cf05f30f21,"[""search""]",sufficient,2,0,0.0,[],"[1,2]",[],0,[],False,0.0,False
1,official_mquake_label_chain,agentmemorybench:fact-mh-262k:context-0/factconsolidation_mh_262k_no46,factconsolidation_mh_262k_no46,46,2,5,0.4,1789211172310035228-62ac8a7141714cc895f44882db6bc22d,"[""read""]",sufficient,2,0,0.0,[],"[1,2]",[],0,[],False,0.0,False
1,official_mquake_label_chain,agentmemorybench:fact-mh-262k:context-0/factconsolidation_mh_262k_no46,factconsolidation_mh_262k_no46,46,3,5,0.6,1789211183061498318-fd455b0c645040a98a00706678436994,"[""search""]",sufficient,2,0,0.0,[],"[1,2]",[],1,"[""m-3d125b0f0545f62e1d4dad28""]",False,0.0,False
1,official_mquake_label_chain,agentmemorybench:fact-mh-262k:context-0/factconsolidation_mh_262k_no46,factconsolidation_mh_262k_no46,46,4,5,0.8,1789211186605713242-c0834f61319b4374913635cc0dc8b838,"[""read""]",sufficient,2,0,0.0,[],"[1,2]",[],1,"[""m-3d125b0f0545f62e1d4dad28""]",False,0.0,False
1,official_mquake_label_chain,agentmemorybench:fact-mh-262k:context-0/factconsolidation_mh_262k_no46,factconsolidation_mh_262k_no46,46,5,5,1.0,1789211192075905067-7680217c079e4c3694c86599bd5ed465,"[""finish""]",sufficient,2,0,0.0,[],"[1,2]",[],2,"[""m-3d125b0f0545f62e1d4dad28"",""m-2c378c529470c6ac9d9129c5""]",False,0.0,False
1,official_mquake_label_chain,agentmemorybench:fact-mh-262k:context-0/factconsolidation_mh_262k_no47,factconsolidation_mh_262k_no47,47,1,8,0.125,1789211167401195932-02b7ef98eec24d8eac66aa807b592150,"[""search""]",sufficient,4,0,0.0,[],"[1,2,3,4]",[],0,[],True,0.0,False
1,official_mquake_label_chain,agentmemorybench:fact-mh-262k:context-0/factconsolidation_mh_262k_no47,factconsolidation_mh_262k_no47,47,2,8,0.25,1789211174146774642-efc650386c3b4731a91ec0987ae117e3,"[""read""]",sufficient,4,0,0.0,[],"[1,2,3,4]",[],0,[],True,0.0,False
1,official_mquake_label_chain,agentmemorybench:fact-mh-262k:context-0/factconsolidation_mh_262k_no47,factconsolidation_mh_262k_no47,47,3,8,0.375,1789211184535666780-d87d1810a32d482c8d1d14b57c410f99,"[""search""]",sufficient,4,1,0.25,[1],"[2,3,4]",[1],2,"[""m-954c540a5962fbc7d01e18bf"",""m-b7dcd8cd2d91e2a0530e94f1""]",True,0.0,False
1,official_mquake_label_chain,agentmemorybench:fact-mh-262k:context-0/factconsolidation_mh_262k_no47,factconsolidation_mh_262k_no47,47,4,8,0.5,1789211192792736718-1efe85f29eb44d50ba747c4e35c9bd94,"[""search""]",sufficient,4,1,0.25,[1],"[2,3,4]",[],2,"[""m-954c540a5962fbc7d01e18bf"",""m-b7dcd8cd2d91e2a0530e94f1""]",True,0.0,False
1,official_mquake_label_chain,agentmemorybench:fact-mh-262k:context-0/factconsolidation_mh_262k_no47,factconsolidation_mh_262k_no47,47,5,8,0.625,1789211209258586710-8eaceb1c08094e8a80031aec753ee816,"[""search""]",sufficient,4,1,0.25,[1],"[2,3,4]",[],2,"[""m-954c540a5962fbc7d01e18bf"",""m-b7dcd8cd2d91e2a0530e94f1""]",True,0.0,False
1,official_mquake_label_chain,agentmemorybench:fact-mh-262k:context-0/factconsolidation_mh_262k_no47,factconsolidation_mh_262k_no47,47,6,8,0.75,1789211222541052466-e41b67e51fe04160b70f112204156fe0,"[""read""]",sufficient,4,1,0.25,[1],"[2,3,4]",[],2,"[""m-954c540a5962fbc7d01e18bf"",""m-b7dcd8cd2d91e2a0530e94f1""]",True,0.0,False
1,official_mquake_label_chain,agentmemorybench:fact-mh-262k:context-0/factconsolidation_mh_262k_no47,factconsolidation_mh_262k_no47,47,7,8,0.875,1789211234476800013-5a504119676d4137b7e02a513eb2ba0f,"[""read""]",sufficient,4,1,0.25,[1],"[2,3,4]",[],4,"[""m-954c540a5962fbc7d01e18bf"",""m-b7dcd8cd2d91e2a0530e94f1"",""m-098e8f358b290e8ba2babe14"",""m-9114fa7460e0af8f396d5e59""]",True,0.0,False
1,official_mquake_label_chain,agentmemorybench:fact-mh-262k:context-0/factconsolidation_mh_262k_no47,factconsolidation_mh_262k_no47,47,8,8,1.0,1789211254765363984-911ec157870d430bb7346dae5ada1179,"[""finish""]",sufficient,4,1,0.25,[1],"[2,3,4]",[],5,"[""m-954c540a5962fbc7d01e18bf"",""m-b7dcd8cd2d91e2a0530e94f1"",""m-098e8f358b290e8ba2babe14"",""m-9114fa7460e0af8f396d5e59"",""m-8988c2999d80d11c33dcaf06""]",True,0.0,False
1,official_mquake_label_chain,agentmemorybench:fact-mh-262k:context-0/factconsolidation_mh_262k_no48,factconsolidation_mh_262k_no48,48,1,14,0.07142857142857142,1789211168124065853-1610a1af8ac1413e9d053b88e005c451,"[""search""]",insufficient,4,0,0.0,[],"[1,2,3,4]",[],0,[],False,0.0,False
1,official_mquake_label_chain,agentmemorybench:fact-mh-262k:context-0/factconsolidation_mh_262k_no48,factconsolidation_mh_262k_no48,48,2,14,0.14285714285714285,1789211178815364265-34730394a54140f3bcd5ce711b942778,"[""search""]",insufficient,4,0,0.0,[],"[1,2,3,4]",[],0,[],False,0.0,False
1,official_mquake_label_chain,agentmemorybench:fact-mh-262k:context-0/factconsolidation_mh_262k_no48,factconsolidation_mh_262k_no48,48,3,14,0.21428571428571427,1789211192074833186-760772e5d42043e681aff84328429df8,"[""read""]",insufficient,4,0,0.0,[],"[1,2,3,4]",[],0,[],False,0.0,False
1,official_mquake_label_chain,agentmemorybench:fact-mh-262k:context-0/factconsolidation_mh_262k_no48,factconsolidation_mh_262k_no48,48,4,14,0.2857142857142857,1789211206219433510-99869bff991c4e22ac7086c711b76349,"[""search""]",insufficient,4,1,0.25,[4],"[1,2,3]",[4],3,"[""m-2a33ae56e5df02e9a6e4fa1b"",""m-0b1df58bb07f6d7652d8dfb1"",""m-098e8f358b290e8ba2babe14""]",False,0.0,False
1,official_mquake_label_chain,agentmemorybench:fact-mh-262k:context-0/factconsolidation_mh_262k_no48,factconsolidation_mh_262k_no48,48,5,14,0.35714285714285715,1789211218031789359-e58bbe8cd89f4aa0b038156013e34c24,"[""search""]",insufficient,4,1,0.25,[4],"[1,2,3]",[],3,"[""m-2a33ae56e5df02e9a6e4fa1b"",""m-0b1df58bb07f6d7652d8dfb1"",""m-098e8f358b290e8ba2babe14""]",False,0.0,False
1,official_mquake_label_chain,agentmemorybench:fact-mh-262k:context-0/factconsolidation_mh_262k_no48,factconsolidation_mh_262k_no48,48,6,14,0.42857142857142855,1789211227132712580-d56e395af79d4a7b987ef4e4b4267d96,"[""search""]",insufficient,4,1,0.25,[4],"[1,2,3]",[],3,"[""m-2a33ae56e5df02e9a6e4fa1b"",""m-0b1df58bb07f6d7652d8dfb1"",""m-098e8f358b290e8ba2babe14""]",False,0.0,False
1,official_mquake_label_chain,agentmemorybench:fact-mh-262k:context-0/factconsolidation_mh_262k_no48,factconsolidation_mh_262k_no48,48,7,14,0.5,1789211234473744040-8b920a155d6a4b859932ccd0697f92aa,"[""search""]",insufficient,4,1,0.25,[4],"[1,2,3]",[],3,"[""m-2a33ae56e5df02e9a6e4fa1b"",""m-0b1df58bb07f6d7652d8dfb1"",""m-098e8f358b290e8ba2babe14""]",False,0.0,False
1,official_mquake_label_chain,agentmemorybench:fact-mh-262k:context-0/factconsolidation_mh_262k_no48,factconsolidation_mh_262k_no48,48,8,14,0.5714285714285714,1789211241616824592-1ed869df78794c3f8d2cd927255609d9,"[""search""]",insufficient,4,1,0.25,[4],"[1,2,3]",[],3,"[""m-2a33ae56e5df02e9a6e4fa1b"",""m-0b1df58bb07f6d7652d8dfb1"",""m-098e8f358b290e8ba2babe14""]",False,0.0,False
1,official_mquake_label_chain,agentmemorybench:fact-mh-262k:context-0/factconsolidation_mh_262k_no48,factconsolidation_mh_262k_no48,48,9,14,0.6428571428571429,1789211248135768199-e61a74bc513842a196d7feb0ee2d9bbf,"[""search""]",insufficient,4,1,0.25,[4],"[1,2,3]",[],3,"[""m-2a33ae56e5df02e9a6e4fa1b"",""m-0b1df58bb07f6d7652d8dfb1"",""m-098e8f358b290e8ba2babe14""]",False,0.0,False
1,official_mquake_label_chain,agentmemorybench:fact-mh-262k:context-0/factconsolidation_mh_262k_no48,factconsolidation_mh_262k_no48,48,10,14,0.7142857142857143,1789211255525352740-1cd155078b394a9f98b3262a42cd98d7,"[""search_more""]",insufficient,4,1,0.25,[4],"[1,2,3]",[],3,"[""m-2a33ae56e5df02e9a6e4fa1b"",""m-0b1df58bb07f6d7652d8dfb1"",""m-098e8f358b290e8ba2babe14""]",False,0.0,False
1,official_mquake_label_chain,agentmemorybench:fact-mh-262k:context-0/factconsolidation_mh_262k_no48,factconsolidation_mh_262k_no48,48,11,14,0.7857142857142857,1789211267264367572-ad0ce9005bda4f5c8e1148c98476ba99,"[""read""]",insufficient,4,1,0.25,[4],"[1,2,3]",[],3,"[""m-2a33ae56e5df02e9a6e4fa1b"",""m-0b1df58bb07f6d7652d8dfb1"",""m-098e8f358b290e8ba2babe14""]",False,0.0,False
1,official_mquake_label_chain,agentmemorybench:fact-mh-262k:context-0/factconsolidation_mh_262k_no48,factconsolidation_mh_262k_no48,48,12,14,0.8571428571428571,1789211290330334166-15f7be31f45b424ebf48bf913d99fbdc,"[""search""]",insufficient,4,1,0.25,[4],"[1,2,3]",[],6,"[""m-2a33ae56e5df02e9a6e4fa1b"",""m-0b1df58bb07f6d7652d8dfb1"",""m-098e8f358b290e8ba2babe14"",""m-2c378c529470c6ac9d9129c5"",""m-a1a4edfb7fb9ec1bee215e03"",""m-aff4df280c82222c41cd9dbd""]",False,0.0,False
1,official_mquake_label_chain,agentmemorybench:fact-mh-262k:context-0/factconsolidation_mh_262k_no48,factconsolidation_mh_262k_no48,48,13,14,0.9285714285714286,1789211307331555687-34e669e6848540d0935b2c1bca7d3ab1,"[""read""]",insufficient,4,1,0.25,[4],"[1,2,3]",[],6,"[""m-2a33ae56e5df02e9a6e4fa1b"",""m-0b1df58bb07f6d7652d8dfb1"",""m-098e8f358b290e8ba2babe14"",""m-2c378c529470c6ac9d9129c5"",""m-a1a4edfb7fb9ec1bee215e03"",""m-aff4df280c82222c41cd9dbd""]",False,0.0,False
1,official_mquake_label_chain,agentmemorybench:fact-mh-262k:context-0/factconsolidation_mh_262k_no48,factconsolidation_mh_262k_no48,48,14,14,1.0,1789211342884482643-c07e191351fd4a87b743be799b74817c,"[""finish""]",insufficient,4,1,0.25,[4],"[1,2,3]",[],10,"[""m-2a33ae56e5df02e9a6e4fa1b"",""m-0b1df58bb07f6d7652d8dfb1"",""m-098e8f358b290e8ba2babe14"",""m-2c378c529470c6ac9d9129c5"",""m-a1a4edfb7fb9ec1bee215e03"",""m-aff4df280c82222c41cd9dbd"",""m-e83f38f2c761aa5a2f5c0f21"",""m-22130c7cb447261eda31ef6b"",""m-dfb16b405973c1a31c4ae15b"",""m-39a70dddcdab182d48ea3d73""]",False,0.0,False
1,official_mquake_label_chain,agentmemorybench:fact-mh-262k:context-0/factconsolidation_mh_262k_no49,factconsolidation_mh_262k_no49,49,1,4,0.25,1789211175050313144-464df02f3c4140bc91221e27f6601091,"[""search""]",sufficient,2,0,0.0,[],"[1,2]",[],0,[],False,1.0,True
1,official_mquake_label_chain,agentmemorybench:fact-mh-262k:context-0/factconsolidation_mh_262k_no49,factconsolidation_mh_262k_no49,49,2,4,0.5,1789211185735568616-a15b0b915e0a4fdab2d37b7f477b0837,"[""search""]",sufficient,2,0,0.0,[],"[1,2]",[],0,[],False,1.0,True
1,official_mquake_label_chain,agentmemorybench:fact-mh-262k:context-0/factconsolidation_mh_262k_no49,factconsolidation_mh_262k_no49,49,3,4,0.75,1789211198142532644-6d2fb699e6704590881d915a93562652,"[""read""]",sufficient,2,0,0.0,[],"[1,2]",[],0,[],False,1.0,True
1,official_mquake_label_chain,agentmemorybench:fact-mh-262k:context-0/factconsolidation_mh_262k_no49,factconsolidation_mh_262k_no49,49,4,4,1.0,1789211217504977079-e6ae2d7ee8c54ace883ce1a51c0ed91f,"[""finish""]",sufficient,2,2,1.0,"[1,2]",[],"[1,2]",3,"[""m-1d5745d8b432a6047b4dd936"",""m-954c540a5962fbc7d01e18bf"",""m-ac04b749be9809cc151a3f0e""]",False,1.0,True
1,official_mquake_label_chain,agentmemorybench:fact-mh-262k:context-0/factconsolidation_mh_262k_no50,factconsolidation_mh_262k_no50,50,1,4,0.25,1789211178124882293-553eaeca1e834159b120c6a27a9c7a71,"[""search""]",sufficient,2,0,0.0,[],"[1,2]",[],0,[],False,1.0,True
1,official_mquake_label_chain,agentmemorybench:fact-mh-262k:context-0/factconsolidation_mh_262k_no50,factconsolidation_mh_262k_no50,50,2,4,0.5,1789211192431344604-410c5b7dfeb64da9bb0557ff8cd57551,"[""search""]",sufficient,2,0,0.0,[],"[1,2]",[],0,[],False,1.0,True
1,official_mquake_label_chain,agentmemorybench:fact-mh-262k:context-0/factconsolidation_mh_262k_no50,factconsolidation_mh_262k_no50,50,3,4,0.75,1789211207869056495-d773d8aabbf44176b54fe1dd89f69e10,"[""read""]",sufficient,2,0,0.0,[],"[1,2]",[],0,[],False,1.0,True
1,official_mquake_label_chain,agentmemorybench:fact-mh-262k:context-0/factconsolidation_mh_262k_no50,factconsolidation_mh_262k_no50,50,4,4,1.0,1789211226929497854-67a52381aedc4a7291ee7b121af00219,"[""finish""]",sufficient,2,2,1.0,"[1,2]",[],"[1,2]",4,"[""m-1d5745d8b432a6047b4dd936"",""m-cc9026da2a96fd1bdeb2953b"",""m-2a46f1804e76d4daa1449ec5"",""m-e83f38f2c761aa5a2f5c0f21""]",False,1.0,True
1,official_mquake_label_chain,agentmemorybench:fact-mh-262k:context-0/factconsolidation_mh_262k_no51,factconsolidation_mh_262k_no51,51,1,5,0.2,1789211184324779434-824235af9ff149fc8f4a63af95530d1f,"[""search""]",sufficient,2,0,0.0,[],"[1,2]",[],0,[],False,1.0,True
1,official_mquake_label_chain,agentmemorybench:fact-mh-262k:context-0/factconsolidation_mh_262k_no51,factconsolidation_mh_262k_no51,51,2,5,0.4,1789211192074248939-e4f6a55488654c298c785290130c6f41,"[""read""]",sufficient,2,0,0.0,[],"[1,2]",[],0,[],False,1.0,True
1,official_mquake_label_chain,agentmemorybench:fact-mh-262k:context-0/factconsolidation_mh_262k_no51,factconsolidation_mh_262k_no51,51,3,5,0.6,1789211198781921836-46d3af5b83564d979b490d6b02f11b48,"[""search""]",sufficient,2,1,0.5,[1],[2],[1],1,"[""m-f41ccd0cde28da235a2664ef""]",False,1.0,True
1,official_mquake_label_chain,agentmemorybench:fact-mh-262k:context-0/factconsolidation_mh_262k_no51,factconsolidation_mh_262k_no51,51,4,5,0.8,1789211211808258173-b46d70e994234ec8b876ba0aba8c55b8,"[""read""]",sufficient,2,1,0.5,[1],[2],[],1,"[""m-f41ccd0cde28da235a2664ef""]",False,1.0,True
1,official_mquake_label_chain,agentmemorybench:fact-mh-262k:context-0/factconsolidation_mh_262k_no51,factconsolidation_mh_262k_no51,51,5,5,1.0,1789211225062031381-7043cd0296324b31ae0ff989f4617e0c,"[""finish""]",sufficient,2,2,1.0,"[1,2]",[],[2],3,"[""m-f41ccd0cde28da235a2664ef"",""m-ae3c59715d1425023fba9b40"",""m-fe91a1e8a803d8f45780f318""]",False,1.0,True
1,official_mquake_label_chain,agentmemorybench:fact-mh-262k:context-0/factconsolidation_mh_262k_no52,factconsolidation_mh_262k_no52,52,1,6,0.16666666666666666,1789211185408855495-5ccbd0378a67427ab6f9a09b9dcfd9ea,"[""search""]",sufficient,4,0,0.0,[],"[1,2,3,4]",[],0,[],False,1.0,True
1,official_mquake_label_chain,agentmemorybench:fact-mh-262k:context-0/factconsolidation_mh_262k_no52,factconsolidation_mh_262k_no52,52,2,6,0.3333333333333333,1789211197351110526-767ddacc44534de1b90f81a52862aebc,"[""search""]",sufficient,4,0,0.0,[],"[1,2,3,4]",[],0,[],False,1.0,True
1,official_mquake_label_chain,agentmemorybench:fact-mh-262k:context-0/factconsolidation_mh_262k_no52,factconsolidation_mh_262k_no52,52,3,6,0.5,1789211214472721122-76d526d7d08a431b81619b6efc70142b,"[""search""]",sufficient,4,0,0.0,[],"[1,2,3,4]",[],0,[],False,1.0,True
1,official_mquake_label_chain,agentmemorybench:fact-mh-262k:context-0/factconsolidation_mh_262k_no52,factconsolidation_mh_262k_no52,52,4,6,0.6666666666666666,1789211224758568004-8bf977dea686485aa048368dcecbd8bf,"[""search""]",sufficient,4,0,0.0,[],"[1,2,3,4]",[],0,[],False,1.0,True
1,official_mquake_label_chain,agentmemorybench:fact-mh-262k:context-0/factconsolidation_mh_262k_no52,factconsolidation_mh_262k_no52,52,5,6,0.8333333333333334,1789211239046442080-1c624452c4a141378db10768f3e6d10c,"[""read""]",sufficient,4,0,0.0,[],"[1,2,3,4]",[],0,[],False,1.0,True
1,official_mquake_label_chain,agentmemorybench:fact-mh-262k:context-0/factconsolidation_mh_262k_no52,factconsolidation_mh_262k_no52,52,6,6,1.0,1789211272313745793-de23e5e010ce459e97e5c56a0749d321,"[""finish""]",sufficient,4,4,1.0,"[1,2,3,4]",[],"[1,2,3,4]",8,"[""m-2a33ae56e5df02e9a6e4fa1b"",""m-1d5745d8b432a6047b4dd936"",""m-4b387e35592c018e238fb4ed"",""m-621e3928a351e7bbd9e11337"",""m-ec21766410e0c5f0e5f7320f"",""m-954c540a5962fbc7d01e18bf"",""m-ae3c59715d1425023fba9b40"",""m-fe91a1e8a803d8f45780f318""]",False,1.0,True
1,official_mquake_label_chain,agentmemorybench:fact-mh-262k:context-0/factconsolidation_mh_262k_no53,factconsolidation_mh_262k_no53,53,1,6,0.16666666666666666,1789211191089061398-b88d8bb440db4ba4a837e94d3a21a526,"[""search""]",sufficient,3,0,0.0,[],"[1,2,3]",[],0,[],True,0.0,False
1,official_mquake_label_chain,agentmemorybench:fact-mh-262k:context-0/factconsolidation_mh_262k_no53,factconsolidation_mh_262k_no53,53,2,6,0.3333333333333333,1789211204332895514-c73925137b4b4ca293b90b263a03ca71,"[""search""]",sufficient,3,0,0.0,[],"[1,2,3]",[],0,[],True,0.0,False
1,official_mquake_label_chain,agentmemorybench:fact-mh-262k:context-0/factconsolidation_mh_262k_no53,factconsolidation_mh_262k_no53,53,3,6,0.5,1789211219155664497-91a79dba9ffd4fed86edb877adcba106,"[""read""]",sufficient,3,0,0.0,[],"[1,2,3]",[],0,[],True,0.0,False
1,official_mquake_label_chain,agentmemorybench:fact-mh-262k:context-0/factconsolidation_mh_262k_no53,factconsolidation_mh_262k_no53,53,4,6,0.6666666666666666,1789211230154715271-91a2d395179b4730b02bc3a7c248dd17,"[""search""]",sufficient,3,1,0.3333333333333333,[1],"[2,3]",[1],2,"[""m-0e33301d9eea6a7743aacd1f"",""m-0a2ca057cd4e91028f99f848""]",True,0.0,False
1,official_mquake_label_chain,agentmemorybench:fact-mh-262k:context-0/factconsolidation_mh_262k_no53,factconsolidation_mh_262k_no53,53,5,6,0.8333333333333334,1789211241616465097-d6c23377cc1b4fd5b3739a70f14b4bc8,"[""read""]",sufficient,3,1,0.3333333333333333,[1],"[2,3]",[],2,"[""m-0e33301d9eea6a7743aacd1f"",""m-0a2ca057cd4e91028f99f848""]",True,0.0,False
1,official_mquake_label_chain,agentmemorybench:fact-mh-262k:context-0/factconsolidation_mh_262k_no53,factconsolidation_mh_262k_no53,53,6,6,1.0,1789211252382756542-f229bfaa3d904f7380b0663cdca4bba1,"[""finish""]",sufficient,3,1,0.3333333333333333,[1],"[2,3]",[],3,"[""m-0e33301d9eea6a7743aacd1f"",""m-0a2ca057cd4e91028f99f848"",""m-0b1df58bb07f6d7652d8dfb1""]",True,0.0,False
1,official_mquake_label_chain,agentmemorybench:fact-mh-262k:context-0/factconsolidation_mh_262k_no54,factconsolidation_mh_262k_no54,54,1,6,0.16666666666666666,1789211191149654591-6c40b1e092444a398d1e62d331514d20,"[""search""]",sufficient,3,0,0.0,[],"[1,2,3]",[],0,[],False,0.0,False
1,official_mquake_label_chain,agentmemorybench:fact-mh-262k:context-0/factconsolidation_mh_262k_no54,factconsolidation_mh_262k_no54,54,2,6,0.3333333333333333,1789211199261256126-73d7f3602e9d47738b867fadfc6fe90c,"[""search""]",sufficient,3,0,0.0,[],"[1,2,3]",[],0,[],False,0.0,False
1,official_mquake_label_chain,agentmemorybench:fact-mh-262k:context-0/factconsolidation_mh_262k_no54,factconsolidation_mh_262k_no54,54,3,6,0.5,1789211211808490971-540fb2830539466692b67da57701bb63,"[""read""]",sufficient,3,0,0.0,[],"[1,2,3]",[],0,[],False,0.0,False
1,official_mquake_label_chain,agentmemorybench:fact-mh-262k:context-0/factconsolidation_mh_262k_no54,factconsolidation_mh_262k_no54,54,4,6,0.6666666666666666,1789211217504571073-54667c6040994fbfaf39aacb8f156681,"[""search""]",sufficient,3,1,0.3333333333333333,[2],"[1,3]",[2],4,"[""m-95bbccbd6a08d16d05369687"",""m-971985574eb04740c13ad5c1"",""m-3576b8a194151a5c0e81bdc5"",""m-e8c89d3ba3aa543273171efa""]",False,0.0,False
1,official_mquake_label_chain,agentmemorybench:fact-mh-262k:context-0/factconsolidation_mh_262k_no54,factconsolidation_mh_262k_no54,54,5,6,0.8333333333333334,1789211242817151736-2d51fe39a39b4ce48112609b499adf35,"[""read""]",sufficient,3,1,0.3333333333333333,[2],"[1,3]",[],4,"[""m-95bbccbd6a08d16d05369687"",""m-971985574eb04740c13ad5c1"",""m-3576b8a194151a5c0e81bdc5"",""m-e8c89d3ba3aa543273171efa""]",False,0.0,False
1,official_mquake_label_chain,agentmemorybench:fact-mh-262k:context-0/factconsolidation_mh_262k_no54,factconsolidation_mh_262k_no54,54,6,6,1.0,1789211259513157352-7181bb9774aa4a10a7972ab5e98eea02,"[""finish""]",sufficient,3,2,0.6666666666666666,"[2,3]",[1],[3],6,"[""m-95bbccbd6a08d16d05369687"",""m-971985574eb04740c13ad5c1"",""m-3576b8a194151a5c0e81bdc5"",""m-e8c89d3ba3aa543273171efa"",""m-621e3928a351e7bbd9e11337"",""m-a1a4edfb7fb9ec1bee215e03""]",False,0.0,False
1,official_mquake_label_chain,agentmemorybench:fact-mh-262k:context-0/factconsolidation_mh_262k_no55,factconsolidation_mh_262k_no55,55,1,9,0.1111111111111111,1789211204358130479-c74d92b0b77344db8154c0bdd361f911,"[""search""]",sufficient,4,0,0.0,[],"[1,2,3,4]",[],0,[],False,1.0,True
1,official_mquake_label_chain,agentmemorybench:fact-mh-262k:context-0/factconsolidation_mh_262k_no55,factconsolidation_mh_262k_no55,55,2,9,0.2222222222222222,1789211217504192128-604d5ea693374bfa8462fc7c6076f784,"[""read""]",sufficient,4,0,0.0,[],"[1,2,3,4]",[],0,[],False,1.0,True
1,official_mquake_label_chain,agentmemorybench:fact-mh-262k:context-0/factconsolidation_mh_262k_no55,factconsolidation_mh_262k_no55,55,3,9,0.3333333333333333,1789211228462241420-1f6638fdcbec426fbc8f31abc1a122cf,"[""search""]",sufficient,4,1,0.25,[1],"[2,3,4]",[1],2,"[""m-e8c89d3ba3aa543273171efa"",""m-a0156ee0ec6cb0be09a290e7""]",False,1.0,True
1,official_mquake_label_chain,agentmemorybench:fact-mh-262k:context-0/factconsolidation_mh_262k_no55,factconsolidation_mh_262k_no55,55,4,9,0.4444444444444444,1789211239729369728-e2b632e5606a434bbbea178f7aa3c84e,"[""read""]",sufficient,4,1,0.25,[1],"[2,3,4]",[],2,"[""m-e8c89d3ba3aa543273171efa"",""m-a0156ee0ec6cb0be09a290e7""]",False,1.0,True
1,official_mquake_label_chain,agentmemorybench:fact-mh-262k:context-0/factconsolidation_mh_262k_no55,factconsolidation_mh_262k_no55,55,5,9,0.5555555555555556,1789211249421039747-887a1872ce8344519d65d576ef8c2811,"[""search""]",sufficient,4,3,0.75,"[1,2,3]",[4],"[2,3]",4,"[""m-e8c89d3ba3aa543273171efa"",""m-a0156ee0ec6cb0be09a290e7"",""m-b7d3a9321839d30b4fca32c4"",""m-f41ccd0cde28da235a2664ef""]",False,1.0,True
1,official_mquake_label_chain,agentmemorybench:fact-mh-262k:context-0/factconsolidation_mh_262k_no55,factconsolidation_mh_262k_no55,55,6,9,0.6666666666666666,1789211260565469239-a854a8cf15224079be6ef95c3df33066,"[""read""]",sufficient,4,3,0.75,"[1,2,3]",[4],[],4,"[""m-e8c89d3ba3aa543273171efa"",""m-a0156ee0ec6cb0be09a290e7"",""m-b7d3a9321839d30b4fca32c4"",""m-f41ccd0cde28da235a2664ef""]",False,1.0,True
1,official_mquake_label_chain,agentmemorybench:fact-mh-262k:context-0/factconsolidation_mh_262k_no55,factconsolidation_mh_262k_no55,55,7,9,0.7777777777777778,1789211286287093349-f08e446bdc29451a87451c18c11d2845,"[""search""]",sufficient,4,4,1.0,"[1,2,3,4]",[],[4],9,"[""m-e8c89d3ba3aa543273171efa"",""m-a0156ee0ec6cb0be09a290e7"",""m-b7d3a9321839d30b4fca32c4"",""m-f41ccd0cde28da235a2664ef"",""m-098e8f358b290e8ba2babe14"",""m-9c66a5ec4a759d8795c58788"",""m-0b1100aa2215e071bf08a812"",""m-9775f81addddef3bf5347951"",""m-aff4df280c82222c41cd9dbd""]",False,1.0,True
1,official_mquake_label_chain,agentmemorybench:fact-mh-262k:context-0/factconsolidation_mh_262k_no55,factconsolidation_mh_262k_no55,55,8,9,0.8888888888888888,1789211310177921330-0e7d87404a7847b7a0c3ee24e56fb5d0,"[""read""]",sufficient,4,4,1.0,"[1,2,3,4]",[],[],9,"[""m-e8c89d3ba3aa543273171efa"",""m-a0156ee0ec6cb0be09a290e7"",""m-b7d3a9321839d30b4fca32c4"",""m-f41ccd0cde28da235a2664ef"",""m-098e8f358b290e8ba2babe14"",""m-9c66a5ec4a759d8795c58788"",""m-0b1100aa2215e071bf08a812"",""m-9775f81addddef3bf5347951"",""m-aff4df280c82222c41cd9dbd""]",False,1.0,True
1,official_mquake_label_chain,agentmemorybench:fact-mh-262k:context-0/factconsolidation_mh_262k_no55,factconsolidation_mh_262k_no55,55,9,9,1.0,1789211345815184865-21028a02a67a4e5cbca8f97954a0dbe7,"[""finish""]",sufficient,4,4,1.0,"[1,2,3,4]",[],[],11,"[""m-e8c89d3ba3aa543273171efa"",""m-a0156ee0ec6cb0be09a290e7"",""m-b7d3a9321839d30b4fca32c4"",""m-f41ccd0cde28da235a2664ef"",""m-098e8f358b290e8ba2babe14"",""m-9c66a5ec4a759d8795c58788"",""m-0b1100aa2215e071bf08a812"",""m-9775f81addddef3bf5347951"",""m-aff4df280c82222c41cd9dbd"",""m-2a33ae56e5df02e9a6e4fa1b"",""m-d378741b166342a8e5a0aca8""]",False,1.0,True
1,official_mquake_label_chain,agentmemorybench:fact-mh-262k:context-0/factconsolidation_mh_262k_no56,factconsolidation_mh_262k_no56,56,1,3,0.3333333333333333,1789211206245454132-bb409f32f5fe4633b308c365ff574046,"[""search""]",sufficient,2,0,0.0,[],"[1,2]",[],0,[],True,0.0,False
1,official_mquake_label_chain,agentmemorybench:fact-mh-262k:context-0/factconsolidation_mh_262k_no56,factconsolidation_mh_262k_no56,56,2,3,0.6666666666666666,1789211211807770424-de87bf2fbfdd4789a2cd01d48f606ce2,"[""read""]",sufficient,2,0,0.0,[],"[1,2]",[],0,[],True,0.0,False
1,official_mquake_label_chain,agentmemorybench:fact-mh-262k:context-0/factconsolidation_mh_262k_no56,factconsolidation_mh_262k_no56,56,3,3,1.0,1789211230166691397-801245d184c94eae8afa3e21091378e0,"[""finish""]",sufficient,2,2,1.0,"[1,2]",[],"[1,2]",3,"[""m-95bbccbd6a08d16d05369687"",""m-1d5745d8b432a6047b4dd936"",""m-b4f7617ddfde634fb0ac7372""]",True,0.0,False
1,official_mquake_label_chain,agentmemorybench:fact-mh-262k:context-0/factconsolidation_mh_262k_no57,factconsolidation_mh_262k_no57,57,1,22,0.045454545454545456,1789211210741661584-03ad6d49966d449b9dab8df58c44097e,"[""search""]",insufficient,3,0,0.0,[],"[1,2,3]",[],0,[],True,0.0,False
1,official_mquake_label_chain,agentmemorybench:fact-mh-262k:context-0/factconsolidation_mh_262k_no57,factconsolidation_mh_262k_no57,57,2,22,0.09090909090909091,1789211222267461542-a5193bdd45d049388042731ffb357cff,"[""search""]",insufficient,3,0,0.0,[],"[1,2,3]",[],0,[],True,0.0,False
1,official_mquake_label_chain,agentmemorybench:fact-mh-262k:context-0/factconsolidation_mh_262k_no57,factconsolidation_mh_262k_no57,57,3,22,0.13636363636363635,1789211234924829047-0f317288f58d41c3a1034accc2669073,"[""read""]",insufficient,3,0,0.0,[],"[1,2,3]",[],0,[],True,0.0,False
1,official_mquake_label_chain,agentmemorybench:fact-mh-262k:context-0/factconsolidation_mh_262k_no57,factconsolidation_mh_262k_no57,57,4,22,0.18181818181818182,1789211250426091624-77644847a884486fa521741f4ba81239,"[""search""]",insufficient,3,1,0.3333333333333333,[2],"[1,3]",[2],1,"[""m-971985574eb04740c13ad5c1""]",True,0.0,False
1,official_mquake_label_chain,agentmemorybench:fact-mh-262k:context-0/factconsolidation_mh_262k_no57,factconsolidation_mh_262k_no57,57,5,22,0.22727272727272727,1789211259803053547-9501904c888d461eaa8396b7fafc3632,"[""search""]",insufficient,3,1,0.3333333333333333,[2],"[1,3]",[],1,"[""m-971985574eb04740c13ad5c1""]",True,0.0,False
1,official_mquake_label_chain,agentmemorybench:fact-mh-262k:context-0/factconsolidation_mh_262k_no57,factconsolidation_mh_262k_no57,57,6,22,0.2727272727272727,1789211276506144153-b78716b81b4740be916333bad6eef3d4,"[""read""]",insufficient,3,1,0.3333333333333333,[2],"[1,3]",[],1,"[""m-971985574eb04740c13ad5c1""]",True,0.0,False
1,official_mquake_label_chain,agentmemorybench:fact-mh-262k:context-0/factconsolidation_mh_262k_no57,factconsolidation_mh_262k_no57,57,7,22,0.3181818181818182,1789211300797428389-14ad31dbefc545ab8e3b95f026b7b15d,"[""search""]",insufficient,3,1,0.3333333333333333,[2],"[1,3]",[],4,"[""m-971985574eb04740c13ad5c1"",""m-390bc624383d3833d9578af5"",""m-20b0bd029c73234fd44ab583"",""m-3d125b0f0545f62e1d4dad28""]",True,0.0,False
1,official_mquake_label_chain,agentmemorybench:fact-mh-262k:context-0/factconsolidation_mh_262k_no57,factconsolidation_mh_262k_no57,57,8,22,0.36363636363636365,1789211324429191978-80c5c14a434340319547301f0d4a90d2,"[""search""]",insufficient,3,1,0.3333333333333333,[2],"[1,3]",[],4,"[""m-971985574eb04740c13ad5c1"",""m-390bc624383d3833d9578af5"",""m-20b0bd029c73234fd44ab583"",""m-3d125b0f0545f62e1d4dad28""]",True,0.0,False
1,official_mquake_label_chain,agentmemorybench:fact-mh-262k:context-0/factconsolidation_mh_262k_no57,factconsolidation_mh_262k_no57,57,9,22,0.4090909090909091,1789211348250059358-1a677f1718ad4eb1ad13f08e49e119b7,"[""search""]",insufficient,3,1,0.3333333333333333,[2],"[1,3]",[],4,"[""m-971985574eb04740c13ad5c1"",""m-390bc624383d3833d9578af5"",""m-20b0bd029c73234fd44ab583"",""m-3d125b0f0545f62e1d4dad28""]",True,0.0,False
1,official_mquake_label_chain,agentmemorybench:fact-mh-262k:context-0/factconsolidation_mh_262k_no57,factconsolidation_mh_262k_no57,57,10,22,0.45454545454545453,1789211377189091777-4757c0bc0ae1409a86317cd18f649357,"[""read""]",insufficient,3,1,0.3333333333333333,[2],"[1,3]",[],4,"[""m-971985574eb04740c13ad5c1"",""m-390bc624383d3833d9578af5"",""m-20b0bd029c73234fd44ab583"",""m-3d125b0f0545f62e1d4dad28""]",True,0.0,False
1,official_mquake_label_chain,agentmemorybench:fact-mh-262k:context-0/factconsolidation_mh_262k_no57,factconsolidation_mh_262k_no57,57,11,22,0.5,1789211407126647489-cfcd60321561455ebc2b226782162a6c,"[""read""]",insufficient,3,1,0.3333333333333333,[2],"[1,3]",[],4,"[""m-971985574eb04740c13ad5c1"",""m-390bc624383d3833d9578af5"",""m-20b0bd029c73234fd44ab583"",""m-3d125b0f0545f62e1d4dad28""]",True,0.0,False
1,official_mquake_label_chain,agentmemorybench:fact-mh-262k:context-0/factconsolidation_mh_262k_no57,factconsolidation_mh_262k_no57,57,12,22,0.5454545454545454,1789211412755237700-5c8644855e294f2282b721b1f7aaf030,"[""search""]",insufficient,3,1,0.3333333333333333,[2],"[1,3]",[],7,"[""m-971985574eb04740c13ad5c1"",""m-390bc624383d3833d9578af5"",""m-20b0bd029c73234fd44ab583"",""m-3d125b0f0545f62e1d4dad28"",""m-27a012671d73f03a3fd6b638"",""m-d378741b166342a8e5a0aca8"",""m-dfb16b405973c1a31c4ae15b""]",True,0.0,False
1,official_mquake_label_chain,agentmemorybench:fact-mh-262k:context-0/factconsolidation_mh_262k_no57,factconsolidation_mh_262k_no57,57,13,22,0.5909090909090909,1789211423721729811-0cc26099e7c5442792032f55ada60ec1,"[""search_more""]",insufficient,3,1,0.3333333333333333,[2],"[1,3]",[],7,"[""m-971985574eb04740c13ad5c1"",""m-390bc624383d3833d9578af5"",""m-20b0bd029c73234fd44ab583"",""m-3d125b0f0545f62e1d4dad28"",""m-27a012671d73f03a3fd6b638"",""m-d378741b166342a8e5a0aca8"",""m-dfb16b405973c1a31c4ae15b""]",True,0.0,False
1,official_mquake_label_chain,agentmemorybench:fact-mh-262k:context-0/factconsolidation_mh_262k_no57,factconsolidation_mh_262k_no57,57,14,22,0.6363636363636364,1789211433759905298-fdc7fed038f64d33af8125edda0d40ee,"[""read""]",insufficient,3,1,0.3333333333333333,[2],"[1,3]",[],7,"[""m-971985574eb04740c13ad5c1"",""m-390bc624383d3833d9578af5"",""m-20b0bd029c73234fd44ab583"",""m-3d125b0f0545f62e1d4dad28"",""m-27a012671d73f03a3fd6b638"",""m-d378741b166342a8e5a0aca8"",""m-dfb16b405973c1a31c4ae15b""]",True,0.0,False
1,official_mquake_label_chain,agentmemorybench:fact-mh-262k:context-0/factconsolidation_mh_262k_no57,factconsolidation_mh_262k_no57,57,15,22,0.6818181818181818,1789211440904618367-289e8ef8ccb144e3bc46b52c03083ffc,"[""read""]",insufficient,3,1,0.3333333333333333,[2],"[1,3]",[],13,"[""m-971985574eb04740c13ad5c1"",""m-390bc624383d3833d9578af5"",""m-20b0bd029c73234fd44ab583"",""m-3d125b0f0545f62e1d4dad28"",""m-27a012671d73f03a3fd6b638"",""m-d378741b166342a8e5a0aca8"",""m-dfb16b405973c1a31c4ae15b"",""m-621e3928a351e7bbd9e11337"",""m-a1a4edfb7fb9ec1bee215e03"",""m-b7d3a9321839d30b4fca32c4"",""m-ec21766410e0c5f0e5f7320f"",""m-feaf7a534f97d17286f510dc"",""m-25705ac9d5e8865bd0ef9821""]",True,0.0,False
1,official_mquake_label_chain,agentmemorybench:fact-mh-262k:context-0/factconsolidation_mh_262k_no57,factconsolidation_mh_262k_no57,57,16,22,0.7272727272727273,1789211451060852781-4256f4a409a348bba49140befedaf8ca,"[""read""]",insufficient,3,1,0.3333333333333333,[2],"[1,3]",[],19,"[""m-971985574eb04740c13ad5c1"",""m-390bc624383d3833d9578af5"",""m-20b0bd029c73234fd44ab583"",""m-3d125b0f0545f62e1d4dad28"",""m-27a012671d73f03a3fd6b638"",""m-d378741b166342a8e5a0aca8"",""m-dfb16b405973c1a31c4ae15b"",""m-621e3928a351e7bbd9e11337"",""m-a1a4edfb7fb9ec1bee215e03"",""m-b7d3a9321839d30b4fca32c4"",""m-ec21766410e0c5f0e5f7320f"",""m-feaf7a534f97d17286f510dc"",""m-25705ac9d5e8865bd0ef9821"",""m-0e33301d9eea6a7743aacd1f"",""m-098e8f358b290e8ba2babe14"",""m-9c66a5ec4a759d8795c58788"",""m-28069cede24e19a36554223e"",""m-a0156ee0ec6cb0be09a290e7"",""m-aff4df280c82222c41cd9dbd""]",True,0.0,False
1,official_mquake_label_chain,agentmemorybench:fact-mh-262k:context-0/factconsolidation_mh_262k_no57,factconsolidation_mh_262k_no57,57,17,22,0.7727272727272727,1789211457032917083-24e6cecd6f804270adfa3acaf0f15a86,"[""read""]",insufficient,3,1,0.3333333333333333,[2],"[1,3]",[],25,"[""m-971985574eb04740c13ad5c1"",""m-390bc624383d3833d9578af5"",""m-20b0bd029c73234fd44ab583"",""m-3d125b0f0545f62e1d4dad28"",""m-27a012671d73f03a3fd6b638"",""m-d378741b166342a8e5a0aca8"",""m-dfb16b405973c1a31c4ae15b"",""m-621e3928a351e7bbd9e11337"",""m-a1a4edfb7fb9ec1bee215e03"",""m-b7d3a9321839d30b4fca32c4"",""m-ec21766410e0c5f0e5f7320f"",""m-feaf7a534f97d17286f510dc"",""m-25705ac9d5e8865bd0ef9821"",""m-0e33301d9eea6a7743aacd1f"",""m-098e8f358b290e8ba2babe14"",""m-9c66a5ec4a759d8795c58788"",""m-28069cede24e19a36554223e"",""m-a0156ee0ec6cb0be09a290e7"",""m-aff4df280c82222c41cd9dbd"",""m-d8939565b192098f7742417a"",""m-6fd0269b08ed390fee96395f"",""m-0a2ca057cd4e91028f99f848"",""m-0b1100aa2215e071bf08a812"",""m-cbdf6a8153fd22ff0242fee9"",""m-4629414582d97d69514c4643""]",True,0.0,False
1,official_mquake_label_chain,agentmemorybench:fact-mh-262k:context-0/factconsolidation_mh_262k_no57,factconsolidation_mh_262k_no57,57,18,22,0.8181818181818182,1789211465197836699-1e602a00cfc749fc803ad158538c83fb,"[""read""]",insufficient,3,1,0.3333333333333333,[2],"[1,3]",[],33,"[""m-971985574eb04740c13ad5c1"",""m-390bc624383d3833d9578af5"",""m-20b0bd029c73234fd44ab583"",""m-3d125b0f0545f62e1d4dad28"",""m-27a012671d73f03a3fd6b638"",""m-d378741b166342a8e5a0aca8"",""m-dfb16b405973c1a31c4ae15b"",""m-621e3928a351e7bbd9e11337"",""m-a1a4edfb7fb9ec1bee215e03"",""m-b7d3a9321839d30b4fca32c4"",""m-ec21766410e0c5f0e5f7320f"",""m-feaf7a534f97d17286f510dc"",""m-25705ac9d5e8865bd0ef9821"",""m-0e33301d9eea6a7743aacd1f"",""m-098e8f358b290e8ba2babe14"",""m-9c66a5ec4a759d8795c58788"",""m-28069cede24e19a36554223e"",""m-a0156ee0ec6cb0be09a290e7"",""m-aff4df280c82222c41cd9dbd"",""m-d8939565b192098f7742417a"",""m-6fd0269b08ed390fee96395f"",""m-0a2ca057cd4e91028f99f848"",""m-0b1100aa2215e071bf08a812"",""m-cbdf6a8153fd22ff0242fee9"",""m-4629414582d97d69514c4643"",""m-0b1df58bb07f6d7652d8dfb1"",""m-95bbccbd6a08d16d05369687"",""m-154bcacb92d86a5c9d325b00"",""m-65ddf9819a5ecf5e4656074f"",""m-879a81ce4bb890141c60d24f"",""m-0f10fff25f4f2295def856b4"",""m-ae3c59715d1425023fba9b40"",""m-ac04b749be9809cc151a3f0e""]",True,0.0,False
1,official_mquake_label_chain,agentmemorybench:fact-mh-262k:context-0/factconsolidation_mh_262k_no57,factconsolidation_mh_262k_no57,57,19,22,0.8636363636363636,1789211472861603982-85507e48e98647c0952ddd6b26313ca9,"[""read""]",insufficient,3,1,0.3333333333333333,[2],"[1,3]",[],41,"[""m-971985574eb04740c13ad5c1"",""m-390bc624383d3833d9578af5"",""m-20b0bd029c73234fd44ab583"",""m-3d125b0f0545f62e1d4dad28"",""m-27a012671d73f03a3fd6b638"",""m-d378741b166342a8e5a0aca8"",""m-dfb16b405973c1a31c4ae15b"",""m-621e3928a351e7bbd9e11337"",""m-a1a4edfb7fb9ec1bee215e03"",""m-b7d3a9321839d30b4fca32c4"",""m-ec21766410e0c5f0e5f7320f"",""m-feaf7a534f97d17286f510dc"",""m-25705ac9d5e8865bd0ef9821"",""m-0e33301d9eea6a7743aacd1f"",""m-098e8f358b290e8ba2babe14"",""m-9c66a5ec4a759d8795c58788"",""m-28069cede24e19a36554223e"",""m-a0156ee0ec6cb0be09a290e7"",""m-aff4df280c82222c41cd9dbd"",""m-d8939565b192098f7742417a"",""m-6fd0269b08ed390fee96395f"",""m-0a2ca057cd4e91028f99f848"",""m-0b1100aa2215e071bf08a812"",""m-cbdf6a8153fd22ff0242fee9"",""m-4629414582d97d69514c4643"",""m-0b1df58bb07f6d7652d8dfb1"",""m-95bbccbd6a08d16d05369687"",""m-154bcacb92d86a5c9d325b00"",""m-65ddf9819a5ecf5e4656074f"",""m-879a81ce4bb890141c60d24f"",""m-0f10fff25f4f2295def856b4"",""m-ae3c59715d1425023fba9b40"",""m-ac04b749be9809cc151a3f0e"",""m-2c378c529470c6ac9d9129c5"",""m-1d5745d8b432a6047b4dd936"",""m-4b387e35592c018e238fb4ed"",""m-df5c8fccc1791c4df5c99f24"",""m-3576b8a194151a5c0e81bdc5"",""m-f4d41a198fada7f7ebf3b81e"",""m-e83f38f2c761aa5a2f5c0f21"",""m-323e3517faf8135a089224ca""]",True,0.0,False
1,official_mquake_label_chain,agentmemorybench:fact-mh-262k:context-0/factconsolidation_mh_262k_no57,factconsolidation_mh_262k_no57,57,20,22,0.9090909090909091,1789211479709554178-d49ca2f8b266454ea5cd18f7ef658e50,"[""read""]",insufficient,3,2,0.6666666666666666,"[1,2]",[3],[1],48,"[""m-971985574eb04740c13ad5c1"",""m-390bc624383d3833d9578af5"",""m-20b0bd029c73234fd44ab583"",""m-3d125b0f0545f62e1d4dad28"",""m-27a012671d73f03a3fd6b638"",""m-d378741b166342a8e5a0aca8"",""m-dfb16b405973c1a31c4ae15b"",""m-621e3928a351e7bbd9e11337"",""m-a1a4edfb7fb9ec1bee215e03"",""m-b7d3a9321839d30b4fca32c4"",""m-ec21766410e0c5f0e5f7320f"",""m-feaf7a534f97d17286f510dc"",""m-25705ac9d5e8865bd0ef9821"",""m-0e33301d9eea6a7743aacd1f"",""m-098e8f358b290e8ba2babe14"",""m-9c66a5ec4a759d8795c58788"",""m-28069cede24e19a36554223e"",""m-a0156ee0ec6cb0be09a290e7"",""m-aff4df280c82222c41cd9dbd"",""m-d8939565b192098f7742417a"",""m-6fd0269b08ed390fee96395f"",""m-0a2ca057cd4e91028f99f848"",""m-0b1100aa2215e071bf08a812"",""m-cbdf6a8153fd22ff0242fee9"",""m-4629414582d97d69514c4643"",""m-0b1df58bb07f6d7652d8dfb1"",""m-95bbccbd6a08d16d05369687"",""m-154bcacb92d86a5c9d325b00"",""m-65ddf9819a5ecf5e4656074f"",""m-879a81ce4bb890141c60d24f"",""m-0f10fff25f4f2295def856b4"",""m-ae3c59715d1425023fba9b40"",""m-ac04b749be9809cc151a3f0e"",""m-2c378c529470c6ac9d9129c5"",""m-1d5745d8b432a6047b4dd936"",""m-4b387e35592c018e238fb4ed"",""m-df5c8fccc1791c4df5c99f24"",""m-3576b8a194151a5c0e81bdc5"",""m-f4d41a198fada7f7ebf3b81e"",""m-e83f38f2c761aa5a2f5c0f21"",""m-323e3517faf8135a089224ca"",""m-8e14b81f299884f04aa016ff"",""m-b4f7617ddfde634fb0ac7372"",""m-1013038271bffdb5b4d7d9a5"",""m-954c540a5962fbc7d01e18bf"",""m-de83a0d2e0630ddb97f1fe54"",""m-b7dcd8cd2d91e2a0530e94f1"",""m-39a70dddcdab182d48ea3d73""]",True,0.0,False
1,official_mquake_label_chain,agentmemorybench:fact-mh-262k:context-0/factconsolidation_mh_262k_no57,factconsolidation_mh_262k_no57,57,21,22,0.9545454545454546,1789211489381999770-6f3b11fe14cb440d92bd907c4a278cf3,"[""read""]",insufficient,3,2,0.6666666666666666,"[1,2]",[3],[],56,"[""m-971985574eb04740c13ad5c1"",""m-390bc624383d3833d9578af5"",""m-20b0bd029c73234fd44ab583"",""m-3d125b0f0545f62e1d4dad28"",""m-27a012671d73f03a3fd6b638"",""m-d378741b166342a8e5a0aca8"",""m-dfb16b405973c1a31c4ae15b"",""m-621e3928a351e7bbd9e11337"",""m-a1a4edfb7fb9ec1bee215e03"",""m-b7d3a9321839d30b4fca32c4"",""m-ec21766410e0c5f0e5f7320f"",""m-feaf7a534f97d17286f510dc"",""m-25705ac9d5e8865bd0ef9821"",""m-0e33301d9eea6a7743aacd1f"",""m-098e8f358b290e8ba2babe14"",""m-9c66a5ec4a759d8795c58788"",""m-28069cede24e19a36554223e"",""m-a0156ee0ec6cb0be09a290e7"",""m-aff4df280c82222c41cd9dbd"",""m-d8939565b192098f7742417a"",""m-6fd0269b08ed390fee96395f"",""m-0a2ca057cd4e91028f99f848"",""m-0b1100aa2215e071bf08a812"",""m-cbdf6a8153fd22ff0242fee9"",""m-4629414582d97d69514c4643"",""m-0b1df58bb07f6d7652d8dfb1"",""m-95bbccbd6a08d16d05369687"",""m-154bcacb92d86a5c9d325b00"",""m-65ddf9819a5ecf5e4656074f"",""m-879a81ce4bb890141c60d24f"",""m-0f10fff25f4f2295def856b4"",""m-ae3c59715d1425023fba9b40"",""m-ac04b749be9809cc151a3f0e"",""m-2c378c529470c6ac9d9129c5"",""m-1d5745d8b432a6047b4dd936"",""m-4b387e35592c018e238fb4ed"",""m-df5c8fccc1791c4df5c99f24"",""m-3576b8a194151a5c0e81bdc5"",""m-f4d41a198fada7f7ebf3b81e"",""m-e83f38f2c761aa5a2f5c0f21"",""m-323e3517faf8135a089224ca"",""m-8e14b81f299884f04aa016ff"",""m-b4f7617ddfde634fb0ac7372"",""m-1013038271bffdb5b4d7d9a5"",""m-954c540a5962fbc7d01e18bf"",""m-de83a0d2e0630ddb97f1fe54"",""m-b7dcd8cd2d91e2a0530e94f1"",""m-39a70dddcdab182d48ea3d73"",""m-8988c2999d80d11c33dcaf06"",""m-9775f81addddef3bf5347951"",""m-764a735eb863dbf0706b046a"",""m-8ea23f7d97db2ab60eec5ae4"",""m-1206e80bff6434ab66c69ece"",""m-22130c7cb447261eda31ef6b"",""m-9114fa7460e0af8f396d5e59"",""m-e88cdf413fbf8a7ac37bd0fb""]",True,0.0,False
1,official_mquake_label_chain,agentmemorybench:fact-mh-262k:context-0/factconsolidation_mh_262k_no57,factconsolidation_mh_262k_no57,57,22,22,1.0,1789211496525409500-4e68ee412ba04dd8906583ea3f7c0f98,"[""finish""]",insufficient,3,2,0.6666666666666666,"[1,2]",[3],[],67,"[""m-971985574eb04740c13ad5c1"",""m-390bc624383d3833d9578af5"",""m-20b0bd029c73234fd44ab583"",""m-3d125b0f0545f62e1d4dad28"",""m-27a012671d73f03a3fd6b638"",""m-d378741b166342a8e5a0aca8"",""m-dfb16b405973c1a31c4ae15b"",""m-621e3928a351e7bbd9e11337"",""m-a1a4edfb7fb9ec1bee215e03"",""m-b7d3a9321839d30b4fca32c4"",""m-ec21766410e0c5f0e5f7320f"",""m-feaf7a534f97d17286f510dc"",""m-25705ac9d5e8865bd0ef9821"",""m-0e33301d9eea6a7743aacd1f"",""m-098e8f358b290e8ba2babe14"",""m-9c66a5ec4a759d8795c58788"",""m-28069cede24e19a36554223e"",""m-a0156ee0ec6cb0be09a290e7"",""m-aff4df280c82222c41cd9dbd"",""m-d8939565b192098f7742417a"",""m-6fd0269b08ed390fee96395f"",""m-0a2ca057cd4e91028f99f848"",""m-0b1100aa2215e071bf08a812"",""m-cbdf6a8153fd22ff0242fee9"",""m-4629414582d97d69514c4643"",""m-0b1df58bb07f6d7652d8dfb1"",""m-95bbccbd6a08d16d05369687"",""m-154bcacb92d86a5c9d325b00"",""m-65ddf9819a5ecf5e4656074f"",""m-879a81ce4bb890141c60d24f"",""m-0f10fff25f4f2295def856b4"",""m-ae3c59715d1425023fba9b40"",""m-ac04b749be9809cc151a3f0e"",""m-2c378c529470c6ac9d9129c5"",""m-1d5745d8b432a6047b4dd936"",""m-4b387e35592c018e238fb4ed"",""m-df5c8fccc1791c4df5c99f24"",""m-3576b8a194151a5c0e81bdc5"",""m-f4d41a198fada7f7ebf3b81e"",""m-e83f38f2c761aa5a2f5c0f21"",""m-323e3517faf8135a089224ca"",""m-8e14b81f299884f04aa016ff"",""m-b4f7617ddfde634fb0ac7372"",""m-1013038271bffdb5b4d7d9a5"",""m-954c540a5962fbc7d01e18bf"",""m-de83a0d2e0630ddb97f1fe54"",""m-b7dcd8cd2d91e2a0530e94f1"",""m-39a70dddcdab182d48ea3d73"",""m-8988c2999d80d11c33dcaf06"",""m-9775f81addddef3bf5347951"",""m-764a735eb863dbf0706b046a"",""m-8ea23f7d97db2ab60eec5ae4"",""m-1206e80bff6434ab66c69ece"",""m-22130c7cb447261eda31ef6b"",""m-9114fa7460e0af8f396d5e59"",""m-e88cdf413fbf8a7ac37bd0fb"",""m-2a33ae56e5df02e9a6e4fa1b"",""m-8a1ac4543999c1eeeb063bdd"",""m-edc48416279cf33fce68c421"",""m-942f5722dd6757610c2e118b"",""m-7c5d78490bb6e83cf8439922"",""m-cc9026da2a96fd1bdeb2953b"",""m-e8c89d3ba3aa543273171efa"",""m-2a46f1804e76d4daa1449ec5"",""m-32937397b194ea97822b7885"",""m-f41ccd0cde28da235a2664ef"",""m-fe91a1e8a803d8f45780f318""]",True,0.0,False
1,official_mquake_label_chain,agentmemorybench:fact-mh-262k:context-0/factconsolidation_mh_262k_no58,factconsolidation_mh_262k_no58,58,1,11,0.09090909090909091,1789211221120694215-9b31ee8edb9e43f09f1917e44c5de199,"[""search""]",sufficient,2,0,0.0,[],"[1,2]",[],0,[],False,0.0,False
1,official_mquake_label_chain,agentmemorybench:fact-mh-262k:context-0/factconsolidation_mh_262k_no58,factconsolidation_mh_262k_no58,58,2,11,0.18181818181818182,1789211231482351955-6e966941c7134cd9a461a9a66519ac73,"[""read""]",sufficient,2,0,0.0,[],"[1,2]",[],0,[],False,0.0,False
1,official_mquake_label_chain,agentmemorybench:fact-mh-262k:context-0/factconsolidation_mh_262k_no58,factconsolidation_mh_262k_no58,58,3,11,0.2727272727272727,1789211238094729541-7b8080058fcc45f0a303057f282e8908,"[""search""]",sufficient,2,1,0.5,[1],[2],[1],2,"[""m-154bcacb92d86a5c9d325b00"",""m-879a81ce4bb890141c60d24f""]",False,0.0,False
1,official_mquake_label_chain,agentmemorybench:fact-mh-262k:context-0/factconsolidation_mh_262k_no58,factconsolidation_mh_262k_no58,58,4,11,0.36363636363636365,1789211255830709526-1897851e13e74bec865395dd9ff90eab,"[""search""]",sufficient,2,1,0.5,[1],[2],[],2,"[""m-154bcacb92d86a5c9d325b00"",""m-879a81ce4bb890141c60d24f""]",False,0.0,False
1,official_mquake_label_chain,agentmemorybench:fact-mh-262k:context-0/factconsolidation_mh_262k_no58,factconsolidation_mh_262k_no58,58,5,11,0.45454545454545453,1789211259805170389-99f5702ceb5845eb96e61d4713b7d927,"[""search""]",sufficient,2,1,0.5,[1],[2],[],2,"[""m-154bcacb92d86a5c9d325b00"",""m-879a81ce4bb890141c60d24f""]",False,0.0,False
1,official_mquake_label_chain,agentmemorybench:fact-mh-262k:context-0/factconsolidation_mh_262k_no58,factconsolidation_mh_262k_no58,58,6,11,0.5454545454545454,1789211270329199435-2c59c8b7fe7d40a98ac5f3a0c4c172d3,"[""search""]",sufficient,2,1,0.5,[1],[2],[],2,"[""m-154bcacb92d86a5c9d325b00"",""m-879a81ce4bb890141c60d24f""]",False,0.0,False
1,official_mquake_label_chain,agentmemorybench:fact-mh-262k:context-0/factconsolidation_mh_262k_no58,factconsolidation_mh_262k_no58,58,7,11,0.6363636363636364,1789211277034219759-fbb97b49c48446bb846630b273452f1e,"[""search""]",sufficient,2,1,0.5,[1],[2],[],2,"[""m-154bcacb92d86a5c9d325b00"",""m-879a81ce4bb890141c60d24f""]",False,0.0,False
1,official_mquake_label_chain,agentmemorybench:fact-mh-262k:context-0/factconsolidation_mh_262k_no58,factconsolidation_mh_262k_no58,58,8,11,0.7272727272727273,1789211293512248148-ecc5630c8d41473eb88bbe11a8c9519d,"[""read""]",sufficient,2,1,0.5,[1],[2],[],2,"[""m-154bcacb92d86a5c9d325b00"",""m-879a81ce4bb890141c60d24f""]",False,0.0,False
1,official_mquake_label_chain,agentmemorybench:fact-mh-262k:context-0/factconsolidation_mh_262k_no58,factconsolidation_mh_262k_no58,58,9,11,0.8181818181818182,1789211307156690090-babdd2d0c064452b88746c837de281c5,"[""search""]",sufficient,2,1,0.5,[1],[2],[],6,"[""m-154bcacb92d86a5c9d325b00"",""m-879a81ce4bb890141c60d24f"",""m-95bbccbd6a08d16d05369687"",""m-0b1100aa2215e071bf08a812"",""m-feaf7a534f97d17286f510dc"",""m-fe91a1e8a803d8f45780f318""]",False,0.0,False
1,official_mquake_label_chain,agentmemorybench:fact-mh-262k:context-0/factconsolidation_mh_262k_no58,factconsolidation_mh_262k_no58,58,10,11,0.9090909090909091,1789211328376455971-43d05a8e295445b9839edbffb409fc06,"[""read""]",sufficient,2,1,0.5,[1],[2],[],6,"[""m-154bcacb92d86a5c9d325b00"",""m-879a81ce4bb890141c60d24f"",""m-95bbccbd6a08d16d05369687"",""m-0b1100aa2215e071bf08a812"",""m-feaf7a534f97d17286f510dc"",""m-fe91a1e8a803d8f45780f318""]",False,0.0,False
1,official_mquake_label_chain,agentmemorybench:fact-mh-262k:context-0/factconsolidation_mh_262k_no58,factconsolidation_mh_262k_no58,58,11,11,1.0,1789211346867030747-8cb5787172884ac0b7c2a07c193d6237,"[""finish""]",sufficient,2,2,1.0,"[1,2]",[],[2],7,"[""m-154bcacb92d86a5c9d325b00"",""m-879a81ce4bb890141c60d24f"",""m-95bbccbd6a08d16d05369687"",""m-0b1100aa2215e071bf08a812"",""m-feaf7a534f97d17286f510dc"",""m-fe91a1e8a803d8f45780f318"",""m-0b1df58bb07f6d7652d8dfb1""]",False,0.0,False
1,official_mquake_label_chain,agentmemorybench:fact-mh-262k:context-0/factconsolidation_mh_262k_no59,factconsolidation_mh_262k_no59,59,1,3,0.3333333333333333,1789211224292975389-c161d037204543e68c9a32c0c7335206,"[""search""]",sufficient,2,0,0.0,[],"[1,2]",[],0,[],False,1.0,True
1,official_mquake_label_chain,agentmemorybench:fact-mh-262k:context-0/factconsolidation_mh_262k_no59,factconsolidation_mh_262k_no59,59,2,3,0.6666666666666666,1789211230712356775-aef7f1debbdb4d90aa61d13536b59ea9,"[""read""]",sufficient,2,0,0.0,[],"[1,2]",[],0,[],False,1.0,True
1,official_mquake_label_chain,agentmemorybench:fact-mh-262k:context-0/factconsolidation_mh_262k_no59,factconsolidation_mh_262k_no59,59,3,3,1.0,1789211247199775454-fa43b5393d854e33b0c9839d6ae8db20,"[""finish""]",sufficient,2,2,1.0,"[1,2]",[],"[1,2]",3,"[""m-0b1df58bb07f6d7652d8dfb1"",""m-3576b8a194151a5c0e81bdc5"",""m-942f5722dd6757610c2e118b""]",False,1.0,True
1,official_mquake_label_chain,agentmemorybench:fact-mh-262k:context-0/factconsolidation_mh_262k_no60,factconsolidation_mh_262k_no60,60,1,3,0.3333333333333333,1789211237480878198-f11244432b084b0cb4b6f2bdbc851281,"[""search""]",sufficient,2,0,0.0,[],"[1,2]",[],0,[],False,0.0,False
1,official_mquake_label_chain,agentmemorybench:fact-mh-262k:context-0/factconsolidation_mh_262k_no60,factconsolidation_mh_262k_no60,60,2,3,0.6666666666666666,1789211244889526958-29343c0e6ce243a386588021efb11b23,"[""read""]",sufficient,2,0,0.0,[],"[1,2]",[],0,[],False,0.0,False
1,official_mquake_label_chain,agentmemorybench:fact-mh-262k:context-0/factconsolidation_mh_262k_no60,factconsolidation_mh_262k_no60,60,3,3,1.0,1789211263568407186-06f24a77fade4d4eb49ff046e7eddd8a,"[""finish""]",sufficient,2,1,0.5,[1],[2],[1],2,"[""m-9775f81addddef3bf5347951"",""m-a0156ee0ec6cb0be09a290e7""]",False,0.0,False
1,official_mquake_label_chain,agentmemorybench:fact-mh-262k:context-0/factconsolidation_mh_262k_no61,factconsolidation_mh_262k_no61,61,1,4,0.25,1789211238082819037-f3b2b7e22d58442b9638c500666e66e4,"[""search""]",sufficient,2,0,0.0,[],"[1,2]",[],0,[],False,1.0,True
1,official_mquake_label_chain,agentmemorybench:fact-mh-262k:context-0/factconsolidation_mh_262k_no61,factconsolidation_mh_262k_no61,61,2,4,0.5,1789211245440722751-ab6d66b817bb4f42b345034048997e7a,"[""search""]",sufficient,2,0,0.0,[],"[1,2]",[],0,[],False,1.0,True
1,official_mquake_label_chain,agentmemorybench:fact-mh-262k:context-0/factconsolidation_mh_262k_no61,factconsolidation_mh_262k_no61,61,3,4,0.75,1789211260030804592-ca564f6dab344351a63740d5d4fb86b6,"[""read""]",sufficient,2,0,0.0,[],"[1,2]",[],0,[],False,1.0,True
1,official_mquake_label_chain,agentmemorybench:fact-mh-262k:context-0/factconsolidation_mh_262k_no61,factconsolidation_mh_262k_no61,61,4,4,1.0,1789211272792109575-752061db0db94a97af257d837e4691e0,"[""finish""]",sufficient,2,2,1.0,"[1,2]",[],"[1,2]",5,"[""m-0e33301d9eea6a7743aacd1f"",""m-8988c2999d80d11c33dcaf06"",""m-27a012671d73f03a3fd6b638"",""m-3d125b0f0545f62e1d4dad28"",""m-f4d41a198fada7f7ebf3b81e""]",False,1.0,True
1,official_mquake_label_chain,agentmemorybench:fact-mh-262k:context-0/factconsolidation_mh_262k_no62,factconsolidation_mh_262k_no62,62,1,4,0.25,1789211243287907821-eea1b5d3950a4e54a84f0c77a1c77696,"[""search""]",sufficient,2,0,0.0,[],"[1,2]",[],0,[],False,1.0,True
1,official_mquake_label_chain,agentmemorybench:fact-mh-262k:context-0/factconsolidation_mh_262k_no62,factconsolidation_mh_262k_no62,62,2,4,0.5,1789211251237689083-d35ec1e7fa114ab0ab63dfb2f46fbb07,"[""search""]",sufficient,2,0,0.0,[],"[1,2]",[],0,[],False,1.0,True
1,official_mquake_label_chain,agentmemorybench:fact-mh-262k:context-0/factconsolidation_mh_262k_no62,factconsolidation_mh_262k_no62,62,3,4,0.75,1789211259512182665-584f6fe1c6584527bd0f8388f36e40e5,"[""read""]",sufficient,2,0,0.0,[],"[1,2]",[],0,[],False,1.0,True
1,official_mquake_label_chain,agentmemorybench:fact-mh-262k:context-0/factconsolidation_mh_262k_no62,factconsolidation_mh_262k_no62,62,4,4,1.0,1789211275682295418-109de3e1b05f434891b0f219d0c826d3,"[""finish""]",sufficient,2,2,1.0,"[1,2]",[],"[1,2]",3,"[""m-95bbccbd6a08d16d05369687"",""m-e83f38f2c761aa5a2f5c0f21"",""m-feaf7a534f97d17286f510dc""]",False,1.0,True
1,official_mquake_label_chain,agentmemorybench:fact-mh-262k:context-0/factconsolidation_mh_262k_no63,factconsolidation_mh_262k_no63,63,1,7,0.14285714285714285,1789211244226549432-d21cd9c9fbd64db3a36b3a4fab8f1538,"[""search""]",sufficient,4,0,0.0,[],"[1,2,3,4]",[],0,[],True,0.0,False
1,official_mquake_label_chain,agentmemorybench:fact-mh-262k:context-0/factconsolidation_mh_262k_no63,factconsolidation_mh_262k_no63,63,2,7,0.2857142857142857,1789211255327161074-6b154f7cac1542b8add7529d1ebef22b,"[""read""]",sufficient,4,0,0.0,[],"[1,2,3,4]",[],0,[],True,0.0,False
1,official_mquake_label_chain,agentmemorybench:fact-mh-262k:context-0/factconsolidation_mh_262k_no63,factconsolidation_mh_262k_no63,63,3,7,0.42857142857142855,1789211268138314141-66b306a46ff74f78920913484bddf0e7,"[""search""]",sufficient,4,1,0.25,[1],"[2,3,4]",[1],2,"[""m-154bcacb92d86a5c9d325b00"",""m-b4f7617ddfde634fb0ac7372""]",True,0.0,False
1,official_mquake_label_chain,agentmemorybench:fact-mh-262k:context-0/factconsolidation_mh_262k_no63,factconsolidation_mh_262k_no63,63,4,7,0.5714285714285714,1789211281116663232-a26f254f126b42a09596f2180a4b50f5,"[""read""]",sufficient,4,1,0.25,[1],"[2,3,4]",[],2,"[""m-154bcacb92d86a5c9d325b00"",""m-b4f7617ddfde634fb0ac7372""]",True,0.0,False
1,official_mquake_label_chain,agentmemorybench:fact-mh-262k:context-0/factconsolidation_mh_262k_no63,factconsolidation_mh_262k_no63,63,5,7,0.7142857142857143,1789211297390606490-92bf1715f9cb4133b9def6e2f775319a,"[""search""]",sufficient,4,2,0.5,"[1,2]","[3,4]",[2],4,"[""m-154bcacb92d86a5c9d325b00"",""m-b4f7617ddfde634fb0ac7372"",""m-b7d3a9321839d30b4fca32c4"",""m-f41ccd0cde28da235a2664ef""]",True,0.0,False
1,official_mquake_label_chain,agentmemorybench:fact-mh-262k:context-0/factconsolidation_mh_262k_no63,factconsolidation_mh_262k_no63,63,6,7,0.8571428571428571,1789211310178412132-43f067b39a404d4782586227fd6ecc94,"[""read""]",sufficient,4,2,0.5,"[1,2]","[3,4]",[],4,"[""m-154bcacb92d86a5c9d325b00"",""m-b4f7617ddfde634fb0ac7372"",""m-b7d3a9321839d30b4fca32c4"",""m-f41ccd0cde28da235a2664ef""]",True,0.0,False
1,official_mquake_label_chain,agentmemorybench:fact-mh-262k:context-0/factconsolidation_mh_262k_no63,factconsolidation_mh_262k_no63,63,7,7,1.0,1789211328395471337-55b7a6ec99f64f74a403287a13ce594d,"[""finish""]",sufficient,4,3,0.75,"[1,2,3]",[4],[3],5,"[""m-154bcacb92d86a5c9d325b00"",""m-b4f7617ddfde634fb0ac7372"",""m-b7d3a9321839d30b4fca32c4"",""m-f41ccd0cde28da235a2664ef"",""m-aff4df280c82222c41cd9dbd""]",True,0.0,False
1,official_mquake_label_chain,agentmemorybench:fact-mh-262k:context-0/factconsolidation_mh_262k_no64,factconsolidation_mh_262k_no64,64,1,5,0.2,1789211244908749266-44473e645cd04ba6905a082815771348,"[""search""]",sufficient,2,0,0.0,[],"[1,2]",[],0,[],False,0.0,False
1,official_mquake_label_chain,agentmemorybench:fact-mh-262k:context-0/factconsolidation_mh_262k_no64,factconsolidation_mh_262k_no64,64,2,5,0.4,1789211256836989964-639a748d24af460391471972d1f1582c,"[""read""]",sufficient,2,0,0.0,[],"[1,2]",[],0,[],False,0.0,False
1,official_mquake_label_chain,agentmemorybench:fact-mh-262k:context-0/factconsolidation_mh_262k_no64,factconsolidation_mh_262k_no64,64,3,5,0.6,1789211276506499754-78ef593f31f54c9ea664ee582edb8408,"[""search""]",sufficient,2,1,0.5,[1],[2],[1],3,"[""m-1013038271bffdb5b4d7d9a5"",""m-2a46f1804e76d4daa1449ec5"",""m-22130c7cb447261eda31ef6b""]",False,0.0,False
1,official_mquake_label_chain,agentmemorybench:fact-mh-262k:context-0/factconsolidation_mh_262k_no64,factconsolidation_mh_262k_no64,64,4,5,0.8,1789211295118820134-adf7bfe39c744fdea3ace19648f6f0f7,"[""read""]",sufficient,2,1,0.5,[1],[2],[],3,"[""m-1013038271bffdb5b4d7d9a5"",""m-2a46f1804e76d4daa1449ec5"",""m-22130c7cb447261eda31ef6b""]",False,0.0,False
1,official_mquake_label_chain,agentmemorybench:fact-mh-262k:context-0/factconsolidation_mh_262k_no64,factconsolidation_mh_262k_no64,64,5,5,1.0,1789211309287497168-5e07217d82ab4f6ab4eac6b0998f8fba,"[""finish""]",sufficient,2,2,1.0,"[1,2]",[],[2],4,"[""m-1013038271bffdb5b4d7d9a5"",""m-2a46f1804e76d4daa1449ec5"",""m-22130c7cb447261eda31ef6b"",""m-6fd0269b08ed390fee96395f""]",False,0.0,False
1,official_mquake_label_chain,agentmemorybench:fact-mh-262k:context-0/factconsolidation_mh_262k_no65,factconsolidation_mh_262k_no65,65,1,7,0.14285714285714285,1789211246555944633-f9f29969873c4d8ebdd06bdb711bd017,"[""search""]",sufficient,2,0,0.0,[],"[1,2]",[],0,[],False,0.0,False
1,official_mquake_label_chain,agentmemorybench:fact-mh-262k:context-0/factconsolidation_mh_262k_no65,factconsolidation_mh_262k_no65,65,2,7,0.2857142857142857,1789211249420635983-71d9fd1f053e4a9ca99f5d84ff8745e3,"[""search""]",sufficient,2,0,0.0,[],"[1,2]",[],0,[],False,0.0,False
1,official_mquake_label_chain,agentmemorybench:fact-mh-262k:context-0/factconsolidation_mh_262k_no65,factconsolidation_mh_262k_no65,65,3,7,0.42857142857142855,1789211268132264501-b678cc26e1c4471187df65a2007a68e7,"[""read""]",sufficient,2,0,0.0,[],"[1,2]",[],0,[],False,0.0,False
1,official_mquake_label_chain,agentmemorybench:fact-mh-262k:context-0/factconsolidation_mh_262k_no65,factconsolidation_mh_262k_no65,65,4,7,0.5714285714285714,1789211298087400461-f4f04927538941b59716f50e8cd6051d,"[""read""]",sufficient,2,1,0.5,[1],[2],[1],5,"[""m-95bbccbd6a08d16d05369687"",""m-154bcacb92d86a5c9d325b00"",""m-df5c8fccc1791c4df5c99f24"",""m-a0156ee0ec6cb0be09a290e7"",""m-aff4df280c82222c41cd9dbd""]",False,0.0,False
1,official_mquake_label_chain,agentmemorybench:fact-mh-262k:context-0/factconsolidation_mh_262k_no65,factconsolidation_mh_262k_no65,65,5,7,0.7142857142857143,1789211328396750021-b043552213dd4fbeb96f874a3ce455ea,"[""search""]",sufficient,2,1,0.5,[1],[2],[],10,"[""m-95bbccbd6a08d16d05369687"",""m-154bcacb92d86a5c9d325b00"",""m-df5c8fccc1791c4df5c99f24"",""m-a0156ee0ec6cb0be09a290e7"",""m-aff4df280c82222c41cd9dbd"",""m-8e14b81f299884f04aa016ff"",""m-6fd0269b08ed390fee96395f"",""m-0a2ca057cd4e91028f99f848"",""m-2a46f1804e76d4daa1449ec5"",""m-954c540a5962fbc7d01e18bf""]",False,0.0,False
1,official_mquake_label_chain,agentmemorybench:fact-mh-262k:context-0/factconsolidation_mh_262k_no65,factconsolidation_mh_262k_no65,65,6,7,0.8571428571428571,1789211354747284619-35affd94ea374beb856e49df2eea758d,"[""read""]",sufficient,2,1,0.5,[1],[2],[],10,"[""m-95bbccbd6a08d16d05369687"",""m-154bcacb92d86a5c9d325b00"",""m-df5c8fccc1791c4df5c99f24"",""m-a0156ee0ec6cb0be09a290e7"",""m-aff4df280c82222c41cd9dbd"",""m-8e14b81f299884f04aa016ff"",""m-6fd0269b08ed390fee96395f"",""m-0a2ca057cd4e91028f99f848"",""m-2a46f1804e76d4daa1449ec5"",""m-954c540a5962fbc7d01e18bf""]",False,0.0,False
1,official_mquake_label_chain,agentmemorybench:fact-mh-262k:context-0/factconsolidation_mh_262k_no65,factconsolidation_mh_262k_no65,65,7,7,1.0,1789211384071882663-86d4d029c223481e92f54d959bbe2a53,"[""finish""]",sufficient,2,2,1.0,"[1,2]",[],[2],12,"[""m-95bbccbd6a08d16d05369687"",""m-154bcacb92d86a5c9d325b00"",""m-df5c8fccc1791c4df5c99f24"",""m-a0156ee0ec6cb0be09a290e7"",""m-aff4df280c82222c41cd9dbd"",""m-8e14b81f299884f04aa016ff"",""m-6fd0269b08ed390fee96395f"",""m-0a2ca057cd4e91028f99f848"",""m-2a46f1804e76d4daa1449ec5"",""m-954c540a5962fbc7d01e18bf"",""m-942f5722dd6757610c2e118b"",""m-b7dcd8cd2d91e2a0530e94f1""]",False,0.0,False
1,official_mquake_label_chain,agentmemorybench:fact-mh-262k:context-0/factconsolidation_mh_262k_no66,factconsolidation_mh_262k_no66,66,1,3,0.3333333333333333,1789211247781011779-e7335af77602448db2fb2b4ca61a70d4,"[""search""]",sufficient,2,0,0.0,[],"[1,2]",[],0,[],False,0.0,False
1,official_mquake_label_chain,agentmemorybench:fact-mh-262k:context-0/factconsolidation_mh_262k_no66,factconsolidation_mh_262k_no66,66,2,3,0.6666666666666666,1789211249853115532-ec374d6aa0b2492db7bf4606c7469415,"[""read""]",sufficient,2,0,0.0,[],"[1,2]",[],0,[],False,0.0,False
1,official_mquake_label_chain,agentmemorybench:fact-mh-262k:context-0/factconsolidation_mh_262k_no66,factconsolidation_mh_262k_no66,66,3,3,1.0,1789211259804770958-7ff73cf6bc6f460ebaf3c79e88fba0b0,"[""finish""]",sufficient,2,1,0.5,[1],[2],[1],2,"[""m-20b0bd029c73234fd44ab583"",""m-3d125b0f0545f62e1d4dad28""]",False,0.0,False
1,official_mquake_label_chain,agentmemorybench:fact-mh-262k:context-0/factconsolidation_mh_262k_no67,factconsolidation_mh_262k_no67,67,1,6,0.16666666666666666,1789211249086824302-902009d988c04648b37a3de3c30c4fcb,"[""search""]",sufficient,2,0,0.0,[],"[1,2]",[],0,[],False,1.0,True
1,official_mquake_label_chain,agentmemorybench:fact-mh-262k:context-0/factconsolidation_mh_262k_no67,factconsolidation_mh_262k_no67,67,2,6,0.3333333333333333,1789211254763694925-4c7869450f844d3eb0112f81f5192680,"[""read""]",sufficient,2,0,0.0,[],"[1,2]",[],0,[],False,1.0,True
1,official_mquake_label_chain,agentmemorybench:fact-mh-262k:context-0/factconsolidation_mh_262k_no67,factconsolidation_mh_262k_no67,67,3,6,0.5,1789211266525055930-bd305232f994411fbca16b7b1bbaa98d,"[""read""]",sufficient,2,0,0.0,[],"[1,2]",[],3,"[""m-a1a4edfb7fb9ec1bee215e03"",""m-971985574eb04740c13ad5c1"",""m-e83f38f2c761aa5a2f5c0f21""]",False,1.0,True
1,official_mquake_label_chain,agentmemorybench:fact-mh-262k:context-0/factconsolidation_mh_262k_no67,factconsolidation_mh_262k_no67,67,4,6,0.6666666666666666,1789211298879258111-5d3c9700c22b4055976d4314a11df1df,"[""search""]",sufficient,2,1,0.5,[1],[2],[1],4,"[""m-a1a4edfb7fb9ec1bee215e03"",""m-971985574eb04740c13ad5c1"",""m-e83f38f2c761aa5a2f5c0f21"",""m-942f5722dd6757610c2e118b""]",False,1.0,True
1,official_mquake_label_chain,agentmemorybench:fact-mh-262k:context-0/factconsolidation_mh_262k_no67,factconsolidation_mh_262k_no67,67,5,6,0.8333333333333334,1789211309286794136-88993037392b421d86456037b8027a05,"[""read""]",sufficient,2,1,0.5,[1],[2],[],4,"[""m-a1a4edfb7fb9ec1bee215e03"",""m-971985574eb04740c13ad5c1"",""m-e83f38f2c761aa5a2f5c0f21"",""m-942f5722dd6757610c2e118b""]",False,1.0,True
1,official_mquake_label_chain,agentmemorybench:fact-mh-262k:context-0/factconsolidation_mh_262k_no67,factconsolidation_mh_262k_no67,67,6,6,1.0,1789211328641964825-2cb46edc28fd4ebeafbdda75c050eb50,"[""finish""]",sufficient,2,2,1.0,"[1,2]",[],[2],6,"[""m-a1a4edfb7fb9ec1bee215e03"",""m-971985574eb04740c13ad5c1"",""m-e83f38f2c761aa5a2f5c0f21"",""m-942f5722dd6757610c2e118b"",""m-20b0bd029c73234fd44ab583"",""m-9114fa7460e0af8f396d5e59""]",False,1.0,True
1,official_mquake_label_chain,agentmemorybench:fact-mh-262k:context-0/factconsolidation_mh_262k_no68,factconsolidation_mh_262k_no68,68,1,6,0.16666666666666666,1789211251997337713-03808213a1a5488089cf7f0e4408328c,"[""search""]",sufficient,2,0,0.0,[],"[1,2]",[],0,[],False,1.0,True
1,official_mquake_label_chain,agentmemorybench:fact-mh-262k:context-0/factconsolidation_mh_262k_no68,factconsolidation_mh_262k_no68,68,2,6,0.3333333333333333,1789211256835951783-9fa1cecb04864419a8f9357a36823655,"[""search""]",sufficient,2,0,0.0,[],"[1,2]",[],0,[],False,1.0,True
1,official_mquake_label_chain,agentmemorybench:fact-mh-262k:context-0/factconsolidation_mh_262k_no68,factconsolidation_mh_262k_no68,68,3,6,0.5,1789211266524000783-7a2f678dd3234bfa9f32571efbaf3520,"[""read""]",sufficient,2,0,0.0,[],"[1,2]",[],0,[],False,1.0,True
1,official_mquake_label_chain,agentmemorybench:fact-mh-262k:context-0/factconsolidation_mh_262k_no68,factconsolidation_mh_262k_no68,68,4,6,0.6666666666666666,1789211280590824793-9add84dc38d441feb0444ff019b72625,"[""search""]",sufficient,2,2,1.0,"[1,2]",[],"[1,2]",2,"[""m-28069cede24e19a36554223e"",""m-25705ac9d5e8865bd0ef9821""]",False,1.0,True
1,official_mquake_label_chain,agentmemorybench:fact-mh-262k:context-0/factconsolidation_mh_262k_no68,factconsolidation_mh_262k_no68,68,5,6,0.8333333333333334,1789211301535728462-65073214066644bc8fcf1bdf6127cf0b,"[""read""]",sufficient,2,2,1.0,"[1,2]",[],[],2,"[""m-28069cede24e19a36554223e"",""m-25705ac9d5e8865bd0ef9821""]",False,1.0,True
1,official_mquake_label_chain,agentmemorybench:fact-mh-262k:context-0/factconsolidation_mh_262k_no68,factconsolidation_mh_262k_no68,68,6,6,1.0,1789211319070716789-69211214c6ea4e8ca8ec8e515aad5fe0,"[""finish""]",sufficient,2,2,1.0,"[1,2]",[],[],5,"[""m-28069cede24e19a36554223e"",""m-25705ac9d5e8865bd0ef9821"",""m-9775f81addddef3bf5347951"",""m-8ea23f7d97db2ab60eec5ae4"",""m-9114fa7460e0af8f396d5e59""]",False,1.0,True
1,official_mquake_label_chain,agentmemorybench:fact-mh-262k:context-0/factconsolidation_mh_262k_no69,factconsolidation_mh_262k_no69,69,1,11,0.09090909090909091,1789211253703762440-5065a7b3d325439a9f5c1f3cf72c250a,"[""search""]",sufficient,4,0,0.0,[],"[1,2,3,4]",[],0,[],False,1.0,True
1,official_mquake_label_chain,agentmemorybench:fact-mh-262k:context-0/factconsolidation_mh_262k_no69,factconsolidation_mh_262k_no69,69,2,11,0.18181818181818182,1789211260565029657-3a6743ef830e4a5ba1f994da5d730ac2,"[""search""]",sufficient,4,0,0.0,[],"[1,2,3,4]",[],0,[],False,1.0,True
1,official_mquake_label_chain,agentmemorybench:fact-mh-262k:context-0/factconsolidation_mh_262k_no69,factconsolidation_mh_262k_no69,69,3,11,0.2727272727272727,1789211288044904997-5d389d5752884932aaf9abf5091e443c,"[""read""]",sufficient,4,0,0.0,[],"[1,2,3,4]",[],0,[],False,1.0,True
1,official_mquake_label_chain,agentmemorybench:fact-mh-262k:context-0/factconsolidation_mh_262k_no69,factconsolidation_mh_262k_no69,69,4,11,0.36363636363636365,1789211294602177743-35a490b76149484db70d820173a3ad24,"[""search""]",sufficient,4,1,0.25,[1],"[2,3,4]",[1],2,"[""m-3d125b0f0545f62e1d4dad28"",""m-cc9026da2a96fd1bdeb2953b""]",False,1.0,True
1,official_mquake_label_chain,agentmemorybench:fact-mh-262k:context-0/factconsolidation_mh_262k_no69,factconsolidation_mh_262k_no69,69,5,11,0.45454545454545453,1789211309286435132-cceaaf1b351e4602bc716cc357a0ddf3,"[""read""]",sufficient,4,1,0.25,[1],"[2,3,4]",[],2,"[""m-3d125b0f0545f62e1d4dad28"",""m-cc9026da2a96fd1bdeb2953b""]",False,1.0,True
1,official_mquake_label_chain,agentmemorybench:fact-mh-262k:context-0/factconsolidation_mh_262k_no69,factconsolidation_mh_262k_no69,69,6,11,0.5454545454545454,1789211325372873380-fd4a592326a44c89912b0eec5f70cd84,"[""search""]",sufficient,4,2,0.5,"[1,2]","[3,4]",[2],4,"[""m-3d125b0f0545f62e1d4dad28"",""m-cc9026da2a96fd1bdeb2953b"",""m-20b0bd029c73234fd44ab583"",""m-b7d3a9321839d30b4fca32c4""]",False,1.0,True
1,official_mquake_label_chain,agentmemorybench:fact-mh-262k:context-0/factconsolidation_mh_262k_no69,factconsolidation_mh_262k_no69,69,7,11,0.6363636363636364,1789211335886587518-5ace1d4d120d4ec4a7d17b79d004198a,"[""search""]",sufficient,4,2,0.5,"[1,2]","[3,4]",[],4,"[""m-3d125b0f0545f62e1d4dad28"",""m-cc9026da2a96fd1bdeb2953b"",""m-20b0bd029c73234fd44ab583"",""m-b7d3a9321839d30b4fca32c4""]",False,1.0,True
1,official_mquake_label_chain,agentmemorybench:fact-mh-262k:context-0/factconsolidation_mh_262k_no69,factconsolidation_mh_262k_no69,69,8,11,0.7272727272727273,1789211355349811136-5218f161046c4e91bb07e21d793e5e33,"[""search""]",sufficient,4,2,0.5,"[1,2]","[3,4]",[],4,"[""m-3d125b0f0545f62e1d4dad28"",""m-cc9026da2a96fd1bdeb2953b"",""m-20b0bd029c73234fd44ab583"",""m-b7d3a9321839d30b4fca32c4""]",False,1.0,True
1,official_mquake_label_chain,agentmemorybench:fact-mh-262k:context-0/factconsolidation_mh_262k_no69,factconsolidation_mh_262k_no69,69,9,11,0.8181818181818182,1789211369776298213-b398693aa4f0473db6801c0f4058f842,"[""read""]",sufficient,4,2,0.5,"[1,2]","[3,4]",[],4,"[""m-3d125b0f0545f62e1d4dad28"",""m-cc9026da2a96fd1bdeb2953b"",""m-20b0bd029c73234fd44ab583"",""m-b7d3a9321839d30b4fca32c4""]",False,1.0,True
1,official_mquake_label_chain,agentmemorybench:fact-mh-262k:context-0/factconsolidation_mh_262k_no69,factconsolidation_mh_262k_no69,69,10,11,0.9090909090909091,1789211388441488727-fc32759611174be395686aaa5525d319,"[""workingMemory""]",sufficient,4,4,1.0,"[1,2,3,4]",[],"[3,4]",7,"[""m-3d125b0f0545f62e1d4dad28"",""m-cc9026da2a96fd1bdeb2953b"",""m-20b0bd029c73234fd44ab583"",""m-b7d3a9321839d30b4fca32c4"",""m-0b1100aa2215e071bf08a812"",""m-dfb16b405973c1a31c4ae15b"",""m-fe91a1e8a803d8f45780f318""]",False,1.0,True
1,official_mquake_label_chain,agentmemorybench:fact-mh-262k:context-0/factconsolidation_mh_262k_no69,factconsolidation_mh_262k_no69,69,11,11,1.0,1789211408831761658-072ba601b8cd46bcb50feb462756f551,"[""finish""]",sufficient,4,4,1.0,"[1,2,3,4]",[],[],7,"[""m-3d125b0f0545f62e1d4dad28"",""m-cc9026da2a96fd1bdeb2953b"",""m-20b0bd029c73234fd44ab583"",""m-b7d3a9321839d30b4fca32c4"",""m-0b1100aa2215e071bf08a812"",""m-dfb16b405973c1a31c4ae15b"",""m-fe91a1e8a803d8f45780f318""]",False,1.0,True
1,official_mquake_label_chain,agentmemorybench:fact-mh-262k:context-0/factconsolidation_mh_262k_no70,factconsolidation_mh_262k_no70,70,1,6,0.16666666666666666,1789211263137946849-842fd6342d69477db44771467f0fd8ce,"[""search""]",sufficient,3,0,0.0,[],"[1,2,3]",[],0,[],False,1.0,True
1,official_mquake_label_chain,agentmemorybench:fact-mh-262k:context-0/factconsolidation_mh_262k_no70,factconsolidation_mh_262k_no70,70,2,6,0.3333333333333333,1789211267228687298-1921a84630b946f097a8f982cead15e3,"[""read""]",sufficient,3,0,0.0,[],"[1,2,3]",[],0,[],False,1.0,True
1,official_mquake_label_chain,agentmemorybench:fact-mh-262k:context-0/factconsolidation_mh_262k_no70,factconsolidation_mh_262k_no70,70,3,6,0.5,1789211287446246341-0bf6fdbbad924e44a0ed144014553e95,"[""search""]",sufficient,3,1,0.3333333333333333,[1],"[2,3]",[1],2,"[""m-971985574eb04740c13ad5c1"",""m-2a46f1804e76d4daa1449ec5""]",False,1.0,True
1,official_mquake_label_chain,agentmemorybench:fact-mh-262k:context-0/factconsolidation_mh_262k_no70,factconsolidation_mh_262k_no70,70,4,6,0.6666666666666666,1789211307620903451-b9095f4260b3447892bd13271b7e0558,"[""search""]",sufficient,3,1,0.3333333333333333,[1],"[2,3]",[],2,"[""m-971985574eb04740c13ad5c1"",""m-2a46f1804e76d4daa1449ec5""]",False,1.0,True
1,official_mquake_label_chain,agentmemorybench:fact-mh-262k:context-0/factconsolidation_mh_262k_no70,factconsolidation_mh_262k_no70,70,5,6,0.8333333333333334,1789211328377192555-613968a652ed45ee8a703feb2579ce84,"[""read""]",sufficient,3,1,0.3333333333333333,[1],"[2,3]",[],2,"[""m-971985574eb04740c13ad5c1"",""m-2a46f1804e76d4daa1449ec5""]",False,1.0,True
1,official_mquake_label_chain,agentmemorybench:fact-mh-262k:context-0/factconsolidation_mh_262k_no70,factconsolidation_mh_262k_no70,70,6,6,1.0,1789211354751173147-2454ccc49b014728be4ef174c654f63d,"[""finish""]",sufficient,3,3,1.0,"[1,2,3]",[],"[2,3]",5,"[""m-971985574eb04740c13ad5c1"",""m-2a46f1804e76d4daa1449ec5"",""m-cc9026da2a96fd1bdeb2953b"",""m-b7dcd8cd2d91e2a0530e94f1"",""m-39a70dddcdab182d48ea3d73""]",False,1.0,True
1,official_mquake_label_chain,agentmemorybench:fact-mh-262k:context-0/factconsolidation_mh_262k_no71,factconsolidation_mh_262k_no71,71,1,3,0.3333333333333333,1789211263141295035-e36adccd23864b0399fa006f618b79ba,"[""search""]",sufficient,2,0,0.0,[],"[1,2]",[],0,[],True,1.0,True
1,official_mquake_label_chain,agentmemorybench:fact-mh-262k:context-0/factconsolidation_mh_262k_no71,factconsolidation_mh_262k_no71,71,2,3,0.6666666666666666,1789211268137281940-38779e8c369c4eae9093061fd9579c96,"[""read""]",sufficient,2,0,0.0,[],"[1,2]",[],0,[],True,1.0,True
1,official_mquake_label_chain,agentmemorybench:fact-mh-262k:context-0/factconsolidation_mh_262k_no71,factconsolidation_mh_262k_no71,71,3,3,1.0,1789211279119647426-8eccc2b1976c41dba2838e61028430b0,"[""finish""]",sufficient,2,2,1.0,"[1,2]",[],"[1,2]",3,"[""m-3576b8a194151a5c0e81bdc5"",""m-879a81ce4bb890141c60d24f"",""m-25705ac9d5e8865bd0ef9821""]",True,1.0,True
1,official_mquake_label_chain,agentmemorybench:fact-mh-262k:context-0/factconsolidation_mh_262k_no72,factconsolidation_mh_262k_no72,72,1,9,0.1111111111111111,1789211264082608046-88260eef4997431baaa564e58bbb6739,"[""search""]",sufficient,4,0,0.0,[],"[1,2,3,4]",[],0,[],True,0.0,False
1,official_mquake_label_chain,agentmemorybench:fact-mh-262k:context-0/factconsolidation_mh_262k_no72,factconsolidation_mh_262k_no72,72,2,9,0.2222222222222222,1789211273922748379-32ab779c9c8d4d0697dfffb0443f02f7,"[""read""]",sufficient,4,0,0.0,[],"[1,2,3,4]",[],0,[],True,0.0,False
1,official_mquake_label_chain,agentmemorybench:fact-mh-262k:context-0/factconsolidation_mh_262k_no72,factconsolidation_mh_262k_no72,72,3,9,0.3333333333333333,1789211286263426650-eba1c88d232242f9b594b1e2df061d45,"[""search""]",sufficient,4,1,0.25,[1],"[2,3,4]",[1],3,"[""m-0b1df58bb07f6d7652d8dfb1"",""m-b7d3a9321839d30b4fca32c4"",""m-8ea23f7d97db2ab60eec5ae4""]",True,0.0,False
1,official_mquake_label_chain,agentmemorybench:fact-mh-262k:context-0/factconsolidation_mh_262k_no72,factconsolidation_mh_262k_no72,72,4,9,0.4444444444444444,1789211309288318468-3d2d1e52aea34ea2b84145b9b2f564b3,"[""read""]",sufficient,4,1,0.25,[1],"[2,3,4]",[],3,"[""m-0b1df58bb07f6d7652d8dfb1"",""m-b7d3a9321839d30b4fca32c4"",""m-8ea23f7d97db2ab60eec5ae4""]",True,0.0,False
1,official_mquake_label_chain,agentmemorybench:fact-mh-262k:context-0/factconsolidation_mh_262k_no72,factconsolidation_mh_262k_no72,72,5,9,0.5555555555555556,1789211328642305427-84d7af19b9cc46d8a318f5c5cb53537b,"[""search""]",sufficient,4,1,0.25,[1],"[2,3,4]",[],4,"[""m-0b1df58bb07f6d7652d8dfb1"",""m-b7d3a9321839d30b4fca32c4"",""m-8ea23f7d97db2ab60eec5ae4"",""m-a0156ee0ec6cb0be09a290e7""]",True,0.0,False
1,official_mquake_label_chain,agentmemorybench:fact-mh-262k:context-0/factconsolidation_mh_262k_no72,factconsolidation_mh_262k_no72,72,6,9,0.6666666666666666,1789211365752312778-795199ac587d4493b57526277a85f740,"[""read""]",sufficient,4,1,0.25,[1],"[2,3,4]",[],4,"[""m-0b1df58bb07f6d7652d8dfb1"",""m-b7d3a9321839d30b4fca32c4"",""m-8ea23f7d97db2ab60eec5ae4"",""m-a0156ee0ec6cb0be09a290e7""]",True,0.0,False
1,official_mquake_label_chain,agentmemorybench:fact-mh-262k:context-0/factconsolidation_mh_262k_no72,factconsolidation_mh_262k_no72,72,7,9,0.7777777777777778,1789211376352026963-28591390771043b394327f5bcd0a6257,"[""search""]",sufficient,4,1,0.25,[1],"[2,3,4]",[],5,"[""m-0b1df58bb07f6d7652d8dfb1"",""m-b7d3a9321839d30b4fca32c4"",""m-8ea23f7d97db2ab60eec5ae4"",""m-a0156ee0ec6cb0be09a290e7"",""m-f41ccd0cde28da235a2664ef""]",True,0.0,False
1,official_mquake_label_chain,agentmemorybench:fact-mh-262k:context-0/factconsolidation_mh_262k_no72,factconsolidation_mh_262k_no72,72,8,9,0.8888888888888888,1789211388441078736-e9de486d428b4c0a8ddb9de6b1503da4,"[""read""]",sufficient,4,1,0.25,[1],"[2,3,4]",[],5,"[""m-0b1df58bb07f6d7652d8dfb1"",""m-b7d3a9321839d30b4fca32c4"",""m-8ea23f7d97db2ab60eec5ae4"",""m-a0156ee0ec6cb0be09a290e7"",""m-f41ccd0cde28da235a2664ef""]",True,0.0,False
1,official_mquake_label_chain,agentmemorybench:fact-mh-262k:context-0/factconsolidation_mh_262k_no72,factconsolidation_mh_262k_no72,72,9,9,1.0,1789211400971177397-1136f33d21664ed287392837ce3b7c4f,"[""finish""]",sufficient,4,1,0.25,[1],"[2,3,4]",[],7,"[""m-0b1df58bb07f6d7652d8dfb1"",""m-b7d3a9321839d30b4fca32c4"",""m-8ea23f7d97db2ab60eec5ae4"",""m-a0156ee0ec6cb0be09a290e7"",""m-f41ccd0cde28da235a2664ef"",""m-9c66a5ec4a759d8795c58788"",""m-9775f81addddef3bf5347951""]",True,0.0,False
1,official_mquake_label_chain,agentmemorybench:fact-mh-262k:context-0/factconsolidation_mh_262k_no73,factconsolidation_mh_262k_no73,73,1,4,0.25,1789211270344442565-4c41ed5c1e1240689f94b3359cd16a9c,"[""search""]",sufficient,2,0,0.0,[],"[1,2]",[],0,[],False,1.0,True
1,official_mquake_label_chain,agentmemorybench:fact-mh-262k:context-0/factconsolidation_mh_262k_no73,factconsolidation_mh_262k_no73,73,2,4,0.5,1789211276803349565-1c9829d9d08245d8b475731173e1e4c2,"[""search""]",sufficient,2,0,0.0,[],"[1,2]",[],0,[],False,1.0,True
1,official_mquake_label_chain,agentmemorybench:fact-mh-262k:context-0/factconsolidation_mh_262k_no73,factconsolidation_mh_262k_no73,73,3,4,0.75,1789211290718566234-205c740c245d4b9280de336043c3e5aa,"[""read""]",sufficient,2,0,0.0,[],"[1,2]",[],0,[],False,1.0,True
1,official_mquake_label_chain,agentmemorybench:fact-mh-262k:context-0/factconsolidation_mh_262k_no73,factconsolidation_mh_262k_no73,73,4,4,1.0,1789211300838674625-dd04c894d68d4bfe952c06b80f31434e,"[""finish""]",sufficient,2,2,1.0,"[1,2]",[],"[1,2]",3,"[""m-0b1100aa2215e071bf08a812"",""m-cbdf6a8153fd22ff0242fee9"",""m-aff4df280c82222c41cd9dbd""]",False,1.0,True
1,official_mquake_label_chain,agentmemorybench:fact-mh-262k:context-0/factconsolidation_mh_262k_no74,factconsolidation_mh_262k_no74,74,1,8,0.125,1789211274721264597-5d0e55dd53b14671b0e7a57aecebed4a,"[""search""]",sufficient,2,0,0.0,[],"[1,2]",[],0,[],False,1.0,True
1,official_mquake_label_chain,agentmemorybench:fact-mh-262k:context-0/factconsolidation_mh_262k_no74,factconsolidation_mh_262k_no74,74,2,8,0.25,1789211276229910383-b221ff5e0c024aef80bb0148c2506e0a,"[""read""]",sufficient,2,0,0.0,[],"[1,2]",[],0,[],False,1.0,True
1,official_mquake_label_chain,agentmemorybench:fact-mh-262k:context-0/factconsolidation_mh_262k_no74,factconsolidation_mh_262k_no74,74,3,8,0.375,1789211294579556282-98262ce754b64214a87fca8d9fce0b84,"[""search""]",sufficient,2,1,0.5,[1],[2],[1],2,"[""m-95bbccbd6a08d16d05369687"",""m-9c66a5ec4a759d8795c58788""]",False,1.0,True
1,official_mquake_label_chain,agentmemorybench:fact-mh-262k:context-0/factconsolidation_mh_262k_no74,factconsolidation_mh_262k_no74,74,4,8,0.5,1789211309288723265-80673b5b7df7472face36c54baf2fe05,"[""read""]",sufficient,2,1,0.5,[1],[2],[],2,"[""m-95bbccbd6a08d16d05369687"",""m-9c66a5ec4a759d8795c58788""]",False,1.0,True
1,official_mquake_label_chain,agentmemorybench:fact-mh-262k:context-0/factconsolidation_mh_262k_no74,factconsolidation_mh_262k_no74,74,5,8,0.625,1789211328630543825-ed0d77e4dd82446692b90d12754e182a,"[""read""]",sufficient,2,2,1.0,"[1,2]",[],[2],4,"[""m-95bbccbd6a08d16d05369687"",""m-9c66a5ec4a759d8795c58788"",""m-28069cede24e19a36554223e"",""m-0f10fff25f4f2295def856b4""]",False,1.0,True
1,official_mquake_label_chain,agentmemorybench:fact-mh-262k:context-0/factconsolidation_mh_262k_no74,factconsolidation_mh_262k_no74,74,6,8,0.75,1789211358134837501-15cac4fc9af045b6bca54328765709e4,"[""search""]",sufficient,2,2,1.0,"[1,2]",[],[],6,"[""m-95bbccbd6a08d16d05369687"",""m-9c66a5ec4a759d8795c58788"",""m-28069cede24e19a36554223e"",""m-0f10fff25f4f2295def856b4"",""m-2c378c529470c6ac9d9129c5"",""m-edc48416279cf33fce68c421""]",False,1.0,True
1,official_mquake_label_chain,agentmemorybench:fact-mh-262k:context-0/factconsolidation_mh_262k_no74,factconsolidation_mh_262k_no74,74,7,8,0.875,1789211387982862041-869d3145944c4ed587942d7415a3ab3a,"[""read""]",sufficient,2,2,1.0,"[1,2]",[],[],6,"[""m-95bbccbd6a08d16d05369687"",""m-9c66a5ec4a759d8795c58788"",""m-28069cede24e19a36554223e"",""m-0f10fff25f4f2295def856b4"",""m-2c378c529470c6ac9d9129c5"",""m-edc48416279cf33fce68c421""]",False,1.0,True
1,official_mquake_label_chain,agentmemorybench:fact-mh-262k:context-0/factconsolidation_mh_262k_no74,factconsolidation_mh_262k_no74,74,8,8,1.0,1789211399617941935-5076afbfa6084fec95ad8940ce9c97cd,"[""finish""]",sufficient,2,2,1.0,"[1,2]",[],[],7,"[""m-95bbccbd6a08d16d05369687"",""m-9c66a5ec4a759d8795c58788"",""m-28069cede24e19a36554223e"",""m-0f10fff25f4f2295def856b4"",""m-2c378c529470c6ac9d9129c5"",""m-edc48416279cf33fce68c421"",""m-0a2ca057cd4e91028f99f848""]",False,1.0,True
1,official_mquake_label_chain,agentmemorybench:fact-mh-262k:context-0/factconsolidation_mh_262k_no75,factconsolidation_mh_262k_no75,75,1,13,0.07692307692307693,1789211274801873896-8d14f1ef27fb401b928bcfa4e16e29eb,"[""search""]",sufficient,4,0,0.0,[],"[1,2,3,4]",[],0,[],True,0.0,False
1,official_mquake_label_chain,agentmemorybench:fact-mh-262k:context-0/factconsolidation_mh_262k_no75,factconsolidation_mh_262k_no75,75,2,13,0.15384615384615385,1789211283462652713-6fc2f59ffd9d4565bd675ad869f03073,"[""search""]",sufficient,4,0,0.0,[],"[1,2,3,4]",[],0,[],True,0.0,False
1,official_mquake_label_chain,agentmemorybench:fact-mh-262k:context-0/factconsolidation_mh_262k_no75,factconsolidation_mh_262k_no75,75,3,13,0.23076923076923078,1789211290212040863-80ae0fadcd7048549b45cade80bab566,"[""search""]",sufficient,4,0,0.0,[],"[1,2,3,4]",[],0,[],True,0.0,False
1,official_mquake_label_chain,agentmemorybench:fact-mh-262k:context-0/factconsolidation_mh_262k_no75,factconsolidation_mh_262k_no75,75,4,13,0.3076923076923077,1789211292926754133-017e946ee3114480a4403bd427b95cff,"[""read""]",sufficient,4,0,0.0,[],"[1,2,3,4]",[],0,[],True,0.0,False
1,official_mquake_label_chain,agentmemorybench:fact-mh-262k:context-0/factconsolidation_mh_262k_no75,factconsolidation_mh_262k_no75,75,5,13,0.38461538461538464,1789211319871712811-fe9020ba346041fdacf240cf80b6fe8f,"[""read""]",sufficient,4,3,0.75,"[1,2,3]",[4],"[1,2,3]",2,"[""m-b4f7617ddfde634fb0ac7372"",""m-aff4df280c82222c41cd9dbd""]",True,0.0,False
1,official_mquake_label_chain,agentmemorybench:fact-mh-262k:context-0/factconsolidation_mh_262k_no75,factconsolidation_mh_262k_no75,75,6,13,0.46153846153846156,1789211341510481653-f688739c68db49e5aefefa120d465397,"[""search""]",sufficient,4,3,0.75,"[1,2,3]",[4],[],3,"[""m-b4f7617ddfde634fb0ac7372"",""m-aff4df280c82222c41cd9dbd"",""m-22130c7cb447261eda31ef6b""]",True,0.0,False
1,official_mquake_label_chain,agentmemorybench:fact-mh-262k:context-0/factconsolidation_mh_262k_no75,factconsolidation_mh_262k_no75,75,7,13,0.5384615384615384,1789211348336534842-c87390e3c2b74b31858e1879c8a23af2,"[""search""]",sufficient,4,3,0.75,"[1,2,3]",[4],[],3,"[""m-b4f7617ddfde634fb0ac7372"",""m-aff4df280c82222c41cd9dbd"",""m-22130c7cb447261eda31ef6b""]",True,0.0,False
1,official_mquake_label_chain,agentmemorybench:fact-mh-262k:context-0/factconsolidation_mh_262k_no75,factconsolidation_mh_262k_no75,75,8,13,0.6153846153846154,1789211364409868351-e331a9cc254b44b7a7a4d6f81b7d15e4,"[""search""]",sufficient,4,3,0.75,"[1,2,3]",[4],[],3,"[""m-b4f7617ddfde634fb0ac7372"",""m-aff4df280c82222c41cd9dbd"",""m-22130c7cb447261eda31ef6b""]",True,0.0,False
1,official_mquake_label_chain,agentmemorybench:fact-mh-262k:context-0/factconsolidation_mh_262k_no75,factconsolidation_mh_262k_no75,75,9,13,0.6923076923076923,1789211393741605250-d7bf38cce31c4f59af7c399df2726953,"[""search""]",sufficient,4,3,0.75,"[1,2,3]",[4],[],3,"[""m-b4f7617ddfde634fb0ac7372"",""m-aff4df280c82222c41cd9dbd"",""m-22130c7cb447261eda31ef6b""]",True,0.0,False
1,official_mquake_label_chain,agentmemorybench:fact-mh-262k:context-0/factconsolidation_mh_262k_no75,factconsolidation_mh_262k_no75,75,10,13,0.7692307692307693,1789211399947607634-0cb68d331ed74270b53b32251dfcf9f2,"[""search""]",sufficient,4,3,0.75,"[1,2,3]",[4],[],3,"[""m-b4f7617ddfde634fb0ac7372"",""m-aff4df280c82222c41cd9dbd"",""m-22130c7cb447261eda31ef6b""]",True,0.0,False
1,official_mquake_label_chain,agentmemorybench:fact-mh-262k:context-0/factconsolidation_mh_262k_no75,factconsolidation_mh_262k_no75,75,11,13,0.8461538461538461,1789211413209368677-bf6c28b9ce5c490cafafae8d357ef418,"[""read""]",sufficient,4,3,0.75,"[1,2,3]",[4],[],3,"[""m-b4f7617ddfde634fb0ac7372"",""m-aff4df280c82222c41cd9dbd"",""m-22130c7cb447261eda31ef6b""]",True,0.0,False
1,official_mquake_label_chain,agentmemorybench:fact-mh-262k:context-0/factconsolidation_mh_262k_no75,factconsolidation_mh_262k_no75,75,12,13,0.9230769230769231,1789211426484266493-e8b73f380d624f34b1cdf045232dad84,"[""search""]",sufficient,4,3,0.75,"[1,2,3]",[4],[],5,"[""m-b4f7617ddfde634fb0ac7372"",""m-aff4df280c82222c41cd9dbd"",""m-22130c7cb447261eda31ef6b"",""m-2a33ae56e5df02e9a6e4fa1b"",""m-cc9026da2a96fd1bdeb2953b""]",True,0.0,False
1,official_mquake_label_chain,agentmemorybench:fact-mh-262k:context-0/factconsolidation_mh_262k_no75,factconsolidation_mh_262k_no75,75,13,13,1.0,1789211435148800755-a8f58e30c00f48ba9344c3c5bb27f11d,"[""finish""]",sufficient,4,3,0.75,"[1,2,3]",[4],[],5,"[""m-b4f7617ddfde634fb0ac7372"",""m-aff4df280c82222c41cd9dbd"",""m-22130c7cb447261eda31ef6b"",""m-2a33ae56e5df02e9a6e4fa1b"",""m-cc9026da2a96fd1bdeb2953b""]",True,0.0,False
1,official_mquake_label_chain,agentmemorybench:fact-mh-262k:context-0/factconsolidation_mh_262k_no76,factconsolidation_mh_262k_no76,76,1,4,0.25,1789211282490507766-dd4296d818c9433ca847061de9b54a91,"[""search""]",sufficient,2,0,0.0,[],"[1,2]",[],0,[],True,0.0,False
1,official_mquake_label_chain,agentmemorybench:fact-mh-262k:context-0/factconsolidation_mh_262k_no76,factconsolidation_mh_262k_no76,76,2,4,0.5,1789211291408438449-3d7f5c965a4c453b9bc92c4d9a074592,"[""search""]",sufficient,2,0,0.0,[],"[1,2]",[],0,[],True,0.0,False
1,official_mquake_label_chain,agentmemorybench:fact-mh-262k:context-0/factconsolidation_mh_262k_no76,factconsolidation_mh_262k_no76,76,3,4,0.75,1789211303363995158-01330d6c6e2c4b62b1e2d58ad0f6823b,"[""read""]",sufficient,2,0,0.0,[],"[1,2]",[],0,[],True,0.0,False
1,official_mquake_label_chain,agentmemorybench:fact-mh-262k:context-0/factconsolidation_mh_262k_no76,factconsolidation_mh_262k_no76,76,4,4,1.0,1789211319917360805-69c1dd4244d146fe86df001ccaa20aba,"[""finish""]",sufficient,2,2,1.0,"[1,2]",[],"[1,2]",3,"[""m-8e14b81f299884f04aa016ff"",""m-e8c89d3ba3aa543273171efa"",""m-1206e80bff6434ab66c69ece""]",True,0.0,False
1,official_mquake_label_chain,agentmemorybench:fact-mh-262k:context-0/factconsolidation_mh_262k_no77,factconsolidation_mh_262k_no77,77,1,10,0.1,1789211285280125081-14a24a9f08eb4a1b80f4f1137322f487,"[""search""]",sufficient,4,0,0.0,[],"[1,2,3,4]",[],0,[],True,0.0,False
1,official_mquake_label_chain,agentmemorybench:fact-mh-262k:context-0/factconsolidation_mh_262k_no77,factconsolidation_mh_262k_no77,77,2,10,0.2,1789211294090990916-5ccee555a36144da9a99563d3be56a19,"[""search""]",sufficient,4,0,0.0,[],"[1,2,3,4]",[],0,[],True,0.0,False
1,official_mquake_label_chain,agentmemorybench:fact-mh-262k:context-0/factconsolidation_mh_262k_no77,factconsolidation_mh_262k_no77,77,3,10,0.3,1789211310178651535-8bf9f5c04ecf4c4e9dabe603ca6679b7,"[""read""]",sufficient,4,0,0.0,[],"[1,2,3,4]",[],0,[],True,0.0,False
1,official_mquake_label_chain,agentmemorybench:fact-mh-262k:context-0/factconsolidation_mh_262k_no77,factconsolidation_mh_262k_no77,77,4,10,0.4,1789211335371238463-c05744c76a9f4715972bd21ace7e950c,"[""search""]",sufficient,4,2,0.5,"[1,2]","[3,4]","[1,2]",3,"[""m-b7d3a9321839d30b4fca32c4"",""m-ec21766410e0c5f0e5f7320f"",""m-25705ac9d5e8865bd0ef9821""]",True,0.0,False
1,official_mquake_label_chain,agentmemorybench:fact-mh-262k:context-0/factconsolidation_mh_262k_no77,factconsolidation_mh_262k_no77,77,5,10,0.5,1789211353199885161-898f5b3479c24319977ae855ff15359a,"[""read""]",sufficient,4,2,0.5,"[1,2]","[3,4]",[],3,"[""m-b7d3a9321839d30b4fca32c4"",""m-ec21766410e0c5f0e5f7320f"",""m-25705ac9d5e8865bd0ef9821""]",True,0.0,False
1,official_mquake_label_chain,agentmemorybench:fact-mh-262k:context-0/factconsolidation_mh_262k_no77,factconsolidation_mh_262k_no77,77,6,10,0.6,1789211370122670342-3a4d6d9965de48ab883326c0fddb3b3a,"[""search""]",sufficient,4,2,0.5,"[1,2]","[3,4]",[],6,"[""m-b7d3a9321839d30b4fca32c4"",""m-ec21766410e0c5f0e5f7320f"",""m-25705ac9d5e8865bd0ef9821"",""m-cbdf6a8153fd22ff0242fee9"",""m-dfb16b405973c1a31c4ae15b"",""m-9114fa7460e0af8f396d5e59""]",True,0.0,False
1,official_mquake_label_chain,agentmemorybench:fact-mh-262k:context-0/factconsolidation_mh_262k_no77,factconsolidation_mh_262k_no77,77,7,10,0.7,1789211383219673982-94dbe53f07ab4d5983f9200e4214bf83,"[""read""]",sufficient,4,2,0.5,"[1,2]","[3,4]",[],6,"[""m-b7d3a9321839d30b4fca32c4"",""m-ec21766410e0c5f0e5f7320f"",""m-25705ac9d5e8865bd0ef9821"",""m-cbdf6a8153fd22ff0242fee9"",""m-dfb16b405973c1a31c4ae15b"",""m-9114fa7460e0af8f396d5e59""]",True,0.0,False
1,official_mquake_label_chain,agentmemorybench:fact-mh-262k:context-0/factconsolidation_mh_262k_no77,factconsolidation_mh_262k_no77,77,8,10,0.8,1789211403869968433-af83a7c4be0d4b559fe58eff475882e2,"[""search""]",sufficient,4,2,0.5,"[1,2]","[3,4]",[],10,"[""m-b7d3a9321839d30b4fca32c4"",""m-ec21766410e0c5f0e5f7320f"",""m-25705ac9d5e8865bd0ef9821"",""m-cbdf6a8153fd22ff0242fee9"",""m-dfb16b405973c1a31c4ae15b"",""m-9114fa7460e0af8f396d5e59"",""m-3d125b0f0545f62e1d4dad28"",""m-0b1100aa2215e071bf08a812"",""m-764a735eb863dbf0706b046a"",""m-aff4df280c82222c41cd9dbd""]",True,0.0,False
1,official_mquake_label_chain,agentmemorybench:fact-mh-262k:context-0/factconsolidation_mh_262k_no77,factconsolidation_mh_262k_no77,77,9,10,0.9,1789211412459127097-f3941fd0a84c46ed81e3dc6f80e8bd9a,"[""read""]",sufficient,4,2,0.5,"[1,2]","[3,4]",[],10,"[""m-b7d3a9321839d30b4fca32c4"",""m-ec21766410e0c5f0e5f7320f"",""m-25705ac9d5e8865bd0ef9821"",""m-cbdf6a8153fd22ff0242fee9"",""m-dfb16b405973c1a31c4ae15b"",""m-9114fa7460e0af8f396d5e59"",""m-3d125b0f0545f62e1d4dad28"",""m-0b1100aa2215e071bf08a812"",""m-764a735eb863dbf0706b046a"",""m-aff4df280c82222c41cd9dbd""]",True,0.0,False
1,official_mquake_label_chain,agentmemorybench:fact-mh-262k:context-0/factconsolidation_mh_262k_no77,factconsolidation_mh_262k_no77,77,10,10,1.0,1789211427955246984-ad1baa706e724d4ca61815a7b76500c9,"[""finish""]",sufficient,4,2,0.5,"[1,2]","[3,4]",[],13,"[""m-b7d3a9321839d30b4fca32c4"",""m-ec21766410e0c5f0e5f7320f"",""m-25705ac9d5e8865bd0ef9821"",""m-cbdf6a8153fd22ff0242fee9"",""m-dfb16b405973c1a31c4ae15b"",""m-9114fa7460e0af8f396d5e59"",""m-3d125b0f0545f62e1d4dad28"",""m-0b1100aa2215e071bf08a812"",""m-764a735eb863dbf0706b046a"",""m-aff4df280c82222c41cd9dbd"",""m-0a2ca057cd4e91028f99f848"",""m-7c5d78490bb6e83cf8439922"",""m-1206e80bff6434ab66c69ece""]",True,0.0,False
1,official_mquake_label_chain,agentmemorybench:fact-mh-262k:context-0/factconsolidation_mh_262k_no78,factconsolidation_mh_262k_no78,78,1,5,0.2,1789211287509652871-9e31c108099548f0968da7287fcc7ed4,"[""search""]",sufficient,2,0,0.0,[],"[1,2]",[],0,[],False,1.0,True
1,official_mquake_label_chain,agentmemorybench:fact-mh-262k:context-0/factconsolidation_mh_262k_no78,factconsolidation_mh_262k_no78,78,2,5,0.4,1789211292837986271-41440ed7a3e44f0ca834fdc846ec8fdd,"[""read""]",sufficient,2,0,0.0,[],"[1,2]",[],0,[],False,1.0,True
1,official_mquake_label_chain,agentmemorybench:fact-mh-262k:context-0/factconsolidation_mh_262k_no78,factconsolidation_mh_262k_no78,78,3,5,0.6,1789211313194936858-94a686041fec408881bb654e1fdcc3c2,"[""search""]",sufficient,2,1,0.5,[1],[2],[1],2,"[""m-621e3928a351e7bbd9e11337"",""m-098e8f358b290e8ba2babe14""]",False,1.0,True
1,official_mquake_label_chain,agentmemorybench:fact-mh-262k:context-0/factconsolidation_mh_262k_no78,factconsolidation_mh_262k_no78,78,4,5,0.8,1789211328384577331-ead5d596f90242ea8dba9453204119d3,"[""read""]",sufficient,2,1,0.5,[1],[2],[],2,"[""m-621e3928a351e7bbd9e11337"",""m-098e8f358b290e8ba2babe14""]",False,1.0,True
1,official_mquake_label_chain,agentmemorybench:fact-mh-262k:context-0/factconsolidation_mh_262k_no78,factconsolidation_mh_262k_no78,78,5,5,1.0,1789211350371468270-3121308259724420951ffb874f1a0f20,"[""finish""]",sufficient,2,2,1.0,"[1,2]",[],[2],8,"[""m-621e3928a351e7bbd9e11337"",""m-098e8f358b290e8ba2babe14"",""m-6fd0269b08ed390fee96395f"",""m-0b1100aa2215e071bf08a812"",""m-2a46f1804e76d4daa1449ec5"",""m-8ea23f7d97db2ab60eec5ae4"",""m-f41ccd0cde28da235a2664ef"",""m-25705ac9d5e8865bd0ef9821""]",False,1.0,True
1,official_mquake_label_chain,agentmemorybench:fact-mh-262k:context-0/factconsolidation_mh_262k_no79,factconsolidation_mh_262k_no79,79,1,4,0.25,1789211292310670670-e6695bd595db46f2b7c3198a00f1ccd5,"[""search""]",sufficient,2,0,0.0,[],"[1,2]",[],0,[],True,0.0,False
1,official_mquake_label_chain,agentmemorybench:fact-mh-262k:context-0/factconsolidation_mh_262k_no79,factconsolidation_mh_262k_no79,79,2,4,0.5,1789211298819366943-d309dec93ca1429ea014713a12df2ce7,"[""search""]",sufficient,2,0,0.0,[],"[1,2]",[],0,[],True,0.0,False
1,official_mquake_label_chain,agentmemorybench:fact-mh-262k:context-0/factconsolidation_mh_262k_no79,factconsolidation_mh_262k_no79,79,3,4,0.75,1789211313194114565-603fd0903f3a41f9bafb098f292cc854,"[""read""]",sufficient,2,0,0.0,[],"[1,2]",[],0,[],True,0.0,False
1,official_mquake_label_chain,agentmemorybench:fact-mh-262k:context-0/factconsolidation_mh_262k_no79,factconsolidation_mh_262k_no79,79,4,4,1.0,1789211324534235670-a001d5c37f1541a7a2b4f9d81a8b3a90,"[""finish""]",sufficient,2,1,0.5,[2],[1],[2],2,"[""m-390bc624383d3833d9578af5"",""m-a0156ee0ec6cb0be09a290e7""]",True,0.0,False
1,official_mquake_label_chain,agentmemorybench:fact-mh-262k:context-0/factconsolidation_mh_262k_no80,factconsolidation_mh_262k_no80,80,1,3,0.3333333333333333,1789211292327918408-2ac98e9efbe94e70b893ccd21419c7f9,"[""search""]",sufficient,2,0,0.0,[],"[1,2]",[],0,[],False,0.0,False
1,official_mquake_label_chain,agentmemorybench:fact-mh-262k:context-0/factconsolidation_mh_262k_no80,factconsolidation_mh_262k_no80,80,2,3,0.6666666666666666,1789211299446123777-7cd33ade8bee4c3eb4ad376b6df4d3ef,"[""read""]",sufficient,2,0,0.0,[],"[1,2]",[],0,[],False,0.0,False
1,official_mquake_label_chain,agentmemorybench:fact-mh-262k:context-0/factconsolidation_mh_262k_no80,factconsolidation_mh_262k_no80,80,3,3,1.0,1789211309317140847-76957b3f2cc049daa10a6fcc01f0ae79,"[""finish""]",sufficient,2,0,0.0,[],"[1,2]",[],4,"[""m-764a735eb863dbf0706b046a"",""m-dfb16b405973c1a31c4ae15b"",""m-e88cdf413fbf8a7ac37bd0fb"",""m-39a70dddcdab182d48ea3d73""]",False,0.0,False
1,official_mquake_label_chain,agentmemorybench:fact-mh-262k:context-0/factconsolidation_mh_262k_no81,factconsolidation_mh_262k_no81,81,1,5,0.2,1789211292388472953-c49afdf703f84b888c81a06b73425801,"[""search""]",sufficient,2,0,0.0,[],"[1,2]",[],0,[],False,0.0,False
1,official_mquake_label_chain,agentmemorybench:fact-mh-262k:context-0/factconsolidation_mh_262k_no81,factconsolidation_mh_262k_no81,81,2,5,0.4,1789211298351124715-8f4a7ad28f3f44169a70393a07bd2795,"[""read""]",sufficient,2,0,0.0,[],"[1,2]",[],0,[],False,0.0,False
1,official_mquake_label_chain,agentmemorybench:fact-mh-262k:context-0/factconsolidation_mh_262k_no81,factconsolidation_mh_262k_no81,81,3,5,0.6,1789211317998591517-72d9d0003a05462ea83ce07763093e5c,"[""search""]",sufficient,2,1,0.5,[1],[2],[1],2,"[""m-e8c89d3ba3aa543273171efa"",""m-28069cede24e19a36554223e""]",False,0.0,False
1,official_mquake_label_chain,agentmemorybench:fact-mh-262k:context-0/factconsolidation_mh_262k_no81,factconsolidation_mh_262k_no81,81,4,5,0.8,1789211341732818726-baf796a31e694e8dabd2df57d616cd5b,"[""read""]",sufficient,2,1,0.5,[1],[2],[],2,"[""m-e8c89d3ba3aa543273171efa"",""m-28069cede24e19a36554223e""]",False,0.0,False
1,official_mquake_label_chain,agentmemorybench:fact-mh-262k:context-0/factconsolidation_mh_262k_no81,factconsolidation_mh_262k_no81,81,5,5,1.0,1789211359989101614-f34789f104a146f3a9f0f486c14e4733,"[""finish""]",sufficient,2,1,0.5,[1],[2],[],5,"[""m-e8c89d3ba3aa543273171efa"",""m-28069cede24e19a36554223e"",""m-2a33ae56e5df02e9a6e4fa1b"",""m-879a81ce4bb890141c60d24f"",""m-9114fa7460e0af8f396d5e59""]",False,0.0,False
1,official_mquake_label_chain,agentmemorybench:fact-mh-262k:context-0/factconsolidation_mh_262k_no82,factconsolidation_mh_262k_no82,82,1,7,0.14285714285714285,1789211293011744269-0f382f35f6974b6fad397ea08df2923b,"[""search""]",sufficient,3,0,0.0,[],"[1,2,3]",[],0,[],True,0.0,False
1,official_mquake_label_chain,agentmemorybench:fact-mh-262k:context-0/factconsolidation_mh_262k_no82,factconsolidation_mh_262k_no82,82,2,7,0.2857142857142857,1789211302892447090-34747a439ad2476e937c5dc795ca37d6,"[""read""]",sufficient,3,0,0.0,[],"[1,2,3]",[],0,[],True,0.0,False
1,official_mquake_label_chain,agentmemorybench:fact-mh-262k:context-0/factconsolidation_mh_262k_no82,factconsolidation_mh_262k_no82,82,3,7,0.42857142857142855,1789211316195194071-3abcd7067b294ab9900aad97edc2908e,"[""search""]",sufficient,3,1,0.3333333333333333,[1],"[2,3]",[1],2,"[""m-8988c2999d80d11c33dcaf06"",""m-e88cdf413fbf8a7ac37bd0fb""]",True,0.0,False
1,official_mquake_label_chain,agentmemorybench:fact-mh-262k:context-0/factconsolidation_mh_262k_no82,factconsolidation_mh_262k_no82,82,4,7,0.5714285714285714,1789211328377896083-f1ea5c277e304d6da0c19933d288ce25,"[""search""]",sufficient,3,1,0.3333333333333333,[1],"[2,3]",[],2,"[""m-8988c2999d80d11c33dcaf06"",""m-e88cdf413fbf8a7ac37bd0fb""]",True,0.0,False
1,official_mquake_label_chain,agentmemorybench:fact-mh-262k:context-0/factconsolidation_mh_262k_no82,factconsolidation_mh_262k_no82,82,5,7,0.7142857142857143,1789211350370105868-2c12a787315a4074a941ab706a5e4954,"[""read""]",sufficient,3,1,0.3333333333333333,[1],"[2,3]",[],2,"[""m-8988c2999d80d11c33dcaf06"",""m-e88cdf413fbf8a7ac37bd0fb""]",True,0.0,False
1,official_mquake_label_chain,agentmemorybench:fact-mh-262k:context-0/factconsolidation_mh_262k_no82,factconsolidation_mh_262k_no82,82,6,7,0.8571428571428571,1789211368343069791-7409875d824e4a55a885bc3d022b2512,"[""read""]",sufficient,3,2,0.6666666666666666,"[1,3]",[2],[3],4,"[""m-8988c2999d80d11c33dcaf06"",""m-e88cdf413fbf8a7ac37bd0fb"",""m-6fd0269b08ed390fee96395f"",""m-0f10fff25f4f2295def856b4""]",True,0.0,False
1,official_mquake_label_chain,agentmemorybench:fact-mh-262k:context-0/factconsolidation_mh_262k_no82,factconsolidation_mh_262k_no82,82,7,7,1.0,1789211386575593276-8031a5da7b2642589d995b9d0d428730,"[""finish""]",sufficient,3,3,1.0,"[1,2,3]",[],[2],6,"[""m-8988c2999d80d11c33dcaf06"",""m-e88cdf413fbf8a7ac37bd0fb"",""m-6fd0269b08ed390fee96395f"",""m-0f10fff25f4f2295def856b4"",""m-32937397b194ea97822b7885"",""m-aff4df280c82222c41cd9dbd""]",True,0.0,False
1,official_mquake_label_chain,agentmemorybench:fact-mh-262k:context-0/factconsolidation_mh_262k_no83,factconsolidation_mh_262k_no83,83,1,5,0.2,1789211293554039050-39ad993ea75b429b82070923e724b749,"[""search""]",sufficient,2,0,0.0,[],"[1,2]",[],0,[],False,1.0,True
1,official_mquake_label_chain,agentmemorybench:fact-mh-262k:context-0/factconsolidation_mh_262k_no83,factconsolidation_mh_262k_no83,83,2,5,0.4,1789211297389812195-e750f9b1b75b471db295a81263e33593,"[""read""]",sufficient,2,0,0.0,[],"[1,2]",[],0,[],False,1.0,True
1,official_mquake_label_chain,agentmemorybench:fact-mh-262k:context-0/factconsolidation_mh_262k_no83,factconsolidation_mh_262k_no83,83,3,5,0.6,1789211316687401567-bacbd3f5721a40568841a9b424d76ce4,"[""search""]",sufficient,2,1,0.5,[1],[2],[1],3,"[""m-27a012671d73f03a3fd6b638"",""m-1013038271bffdb5b4d7d9a5"",""m-4629414582d97d69514c4643""]",False,1.0,True
1,official_mquake_label_chain,agentmemorybench:fact-mh-262k:context-0/factconsolidation_mh_262k_no83,factconsolidation_mh_262k_no83,83,4,5,0.8,1789211337490862206-987953ad0bdd451d8e0b9f52db46c27c,"[""read""]",sufficient,2,1,0.5,[1],[2],[],3,"[""m-27a012671d73f03a3fd6b638"",""m-1013038271bffdb5b4d7d9a5"",""m-4629414582d97d69514c4643""]",False,1.0,True
1,official_mquake_label_chain,agentmemorybench:fact-mh-262k:context-0/factconsolidation_mh_262k_no83,factconsolidation_mh_262k_no83,83,5,5,1.0,1789211354749877037-6253c33475b242a18c8dbd645600d056,"[""finish""]",sufficient,2,2,1.0,"[1,2]",[],[2],4,"[""m-27a012671d73f03a3fd6b638"",""m-1013038271bffdb5b4d7d9a5"",""m-4629414582d97d69514c4643"",""m-a0156ee0ec6cb0be09a290e7""]",False,1.0,True
1,official_mquake_label_chain,agentmemorybench:fact-mh-262k:context-0/factconsolidation_mh_262k_no84,factconsolidation_mh_262k_no84,84,1,8,0.125,1789211296847297214-6cac21fe078849ae96b7f22bbfd05336,"[""search""]",sufficient,4,0,0.0,[],"[1,2,3,4]",[],0,[],True,0.0,False
1,official_mquake_label_chain,agentmemorybench:fact-mh-262k:context-0/factconsolidation_mh_262k_no84,factconsolidation_mh_262k_no84,84,2,8,0.25,1789211301185992352-39a5f565a17f4bbc8a65ec06bd998534,"[""read""]",sufficient,4,0,0.0,[],"[1,2,3,4]",[],0,[],True,0.0,False
1,official_mquake_label_chain,agentmemorybench:fact-mh-262k:context-0/factconsolidation_mh_262k_no84,factconsolidation_mh_262k_no84,84,3,8,0.375,1789211309316584989-a5940feeebdf456293ce9f8739649d08,"[""search""]",sufficient,4,1,0.25,[1],"[2,3,4]",[1],2,"[""m-9c66a5ec4a759d8795c58788"",""m-aff4df280c82222c41cd9dbd""]",True,0.0,False
1,official_mquake_label_chain,agentmemorybench:fact-mh-262k:context-0/factconsolidation_mh_262k_no84,factconsolidation_mh_262k_no84,84,4,8,0.5,1789211328073492665-169e5186320947ada5da06f31c8fff4b,"[""read""]",sufficient,4,1,0.25,[1],"[2,3,4]",[],2,"[""m-9c66a5ec4a759d8795c58788"",""m-aff4df280c82222c41cd9dbd""]",True,0.0,False
1,official_mquake_label_chain,agentmemorybench:fact-mh-262k:context-0/factconsolidation_mh_262k_no84,factconsolidation_mh_262k_no84,84,5,8,0.625,1789211342901010131-b4ce22b94c11415eadd3c485d7689704,"[""search""]",sufficient,4,1,0.25,[1],"[2,3,4]",[],3,"[""m-9c66a5ec4a759d8795c58788"",""m-aff4df280c82222c41cd9dbd"",""m-2a33ae56e5df02e9a6e4fa1b""]",True,0.0,False
1,official_mquake_label_chain,agentmemorybench:fact-mh-262k:context-0/factconsolidation_mh_262k_no84,factconsolidation_mh_262k_no84,84,6,8,0.75,1789211355349353211-0a7e584382354aa29a265a2d1ec8a93d,"[""search""]",sufficient,4,1,0.25,[1],"[2,3,4]",[],3,"[""m-9c66a5ec4a759d8795c58788"",""m-aff4df280c82222c41cd9dbd"",""m-2a33ae56e5df02e9a6e4fa1b""]",True,0.0,False
1,official_mquake_label_chain,agentmemorybench:fact-mh-262k:context-0/factconsolidation_mh_262k_no84,factconsolidation_mh_262k_no84,84,7,8,0.875,1789211376351501419-298d103b328a4190b7196391cbefdb05,"[""read""]",sufficient,4,1,0.25,[1],"[2,3,4]",[],3,"[""m-9c66a5ec4a759d8795c58788"",""m-aff4df280c82222c41cd9dbd"",""m-2a33ae56e5df02e9a6e4fa1b""]",True,0.0,False
1,official_mquake_label_chain,agentmemorybench:fact-mh-262k:context-0/factconsolidation_mh_262k_no84,factconsolidation_mh_262k_no84,84,8,8,1.0,1789211388441741434-3d8099df8f404b868ba3be04cd00cf93,"[""finish""]",sufficient,4,1,0.25,[1],"[2,3,4]",[],5,"[""m-9c66a5ec4a759d8795c58788"",""m-aff4df280c82222c41cd9dbd"",""m-2a33ae56e5df02e9a6e4fa1b"",""m-098e8f358b290e8ba2babe14"",""m-8ea23f7d97db2ab60eec5ae4""]",True,0.0,False
1,official_mquake_label_chain,agentmemorybench:fact-mh-262k:context-0/factconsolidation_mh_262k_no85,factconsolidation_mh_262k_no85,85,1,4,0.25,1789211298031756386-6da2774f4ec04534a7178ecc245c5c70,"[""search""]",sufficient,2,0,0.0,[],"[1,2]",[],0,[],True,0.0,False
1,official_mquake_label_chain,agentmemorybench:fact-mh-262k:context-0/factconsolidation_mh_262k_no85,factconsolidation_mh_262k_no85,85,2,4,0.5,1789211307156054146-7da6fe7970c34af9b4cff2bc2bebdcea,"[""search""]",sufficient,2,0,0.0,[],"[1,2]",[],0,[],True,0.0,False
1,official_mquake_label_chain,agentmemorybench:fact-mh-262k:context-0/factconsolidation_mh_262k_no85,factconsolidation_mh_262k_no85,85,3,4,0.75,1789211328639323742-739f10f6815949f5a0ff7f735711167c,"[""read""]",sufficient,2,0,0.0,[],"[1,2]",[],0,[],True,0.0,False
1,official_mquake_label_chain,agentmemorybench:fact-mh-262k:context-0/factconsolidation_mh_262k_no85,factconsolidation_mh_262k_no85,85,4,4,1.0,1789211348250448987-a25a295d9523465ca2d355fe928dfb17,"[""finish""]",sufficient,2,1,0.5,[1],[2],[1],2,"[""m-764a735eb863dbf0706b046a"",""m-323e3517faf8135a089224ca""]",True,0.0,False
1,official_mquake_label_chain,agentmemorybench:fact-mh-262k:context-0/factconsolidation_mh_262k_no86,factconsolidation_mh_262k_no86,86,1,3,0.3333333333333333,1789211298132807099-79c1b0e7026e4a84b5edaca2249de3c6,"[""search""]",sufficient,2,0,0.0,[],"[1,2]",[],0,[],False,1.0,True
1,official_mquake_label_chain,agentmemorybench:fact-mh-262k:context-0/factconsolidation_mh_262k_no86,factconsolidation_mh_262k_no86,86,2,3,0.6666666666666666,1789211309301082478-bae632c7e2554538ac7c7a1de74923ed,"[""read""]",sufficient,2,0,0.0,[],"[1,2]",[],0,[],False,1.0,True
1,official_mquake_label_chain,agentmemorybench:fact-mh-262k:context-0/factconsolidation_mh_262k_no86,factconsolidation_mh_262k_no86,86,3,3,1.0,1789211328397553124-789c3e772f64467eab07f5cac857169c,"[""finish""]",sufficient,2,2,1.0,"[1,2]",[],"[1,2]",3,"[""m-6fd0269b08ed390fee96395f"",""m-de83a0d2e0630ddb97f1fe54"",""m-32937397b194ea97822b7885""]",False,1.0,True
1,official_mquake_label_chain,agentmemorybench:fact-mh-262k:context-0/factconsolidation_mh_262k_no87,factconsolidation_mh_262k_no87,87,1,6,0.16666666666666666,1789211302650014979-ed9364e9613047a2a4f3708cad408cc6,"[""search""]",sufficient,3,0,0.0,[],"[1,2,3]",[],0,[],False,1.0,True
1,official_mquake_label_chain,agentmemorybench:fact-mh-262k:context-0/factconsolidation_mh_262k_no87,factconsolidation_mh_262k_no87,87,2,6,0.3333333333333333,1789211309287136259-512f917756be4e7cb5c8dd4b06ed0ad0,"[""search""]",sufficient,3,0,0.0,[],"[1,2,3]",[],0,[],False,1.0,True
1,official_mquake_label_chain,agentmemorybench:fact-mh-262k:context-0/factconsolidation_mh_262k_no87,factconsolidation_mh_262k_no87,87,3,6,0.5,1789211325323678836-16a7a6f892ae40849a1a65931b0fcdb3,"[""read""]",sufficient,3,0,0.0,[],"[1,2,3]",[],0,[],False,1.0,True
1,official_mquake_label_chain,agentmemorybench:fact-mh-262k:context-0/factconsolidation_mh_262k_no87,factconsolidation_mh_262k_no87,87,4,6,0.6666666666666666,1789211338839233371-6e252f2635894a6fb60c960b9aa9aaac,"[""search""]",sufficient,3,1,0.3333333333333333,[1],"[2,3]",[1],2,"[""m-8a1ac4543999c1eeeb063bdd"",""m-0f10fff25f4f2295def856b4""]",False,1.0,True
1,official_mquake_label_chain,agentmemorybench:fact-mh-262k:context-0/factconsolidation_mh_262k_no87,factconsolidation_mh_262k_no87,87,5,6,0.8333333333333334,1789211358735379497-0d35e710f144472f9992227107384a0e,"[""read""]",sufficient,3,1,0.3333333333333333,[1],"[2,3]",[],2,"[""m-8a1ac4543999c1eeeb063bdd"",""m-0f10fff25f4f2295def856b4""]",False,1.0,True
1,official_mquake_label_chain,agentmemorybench:fact-mh-262k:context-0/factconsolidation_mh_262k_no87,factconsolidation_mh_262k_no87,87,6,6,1.0,1789211376593995629-116a36be10ed4b8d8b07b59190cfa48a,"[""finish""]",sufficient,3,3,1.0,"[1,2,3]",[],"[2,3]",5,"[""m-8a1ac4543999c1eeeb063bdd"",""m-0f10fff25f4f2295def856b4"",""m-a1a4edfb7fb9ec1bee215e03"",""m-8ea23f7d97db2ab60eec5ae4"",""m-25705ac9d5e8865bd0ef9821""]",False,1.0,True
1,official_mquake_label_chain,agentmemorybench:fact-mh-262k:context-0/factconsolidation_mh_262k_no88,factconsolidation_mh_262k_no88,88,1,5,0.2,1789211309333568587-f898b97c88fc47c5891012d07562de6e,"[""search""]",sufficient,2,0,0.0,[],"[1,2]",[],0,[],True,0.0,False
1,official_mquake_label_chain,agentmemorybench:fact-mh-262k:context-0/factconsolidation_mh_262k_no88,factconsolidation_mh_262k_no88,88,2,5,0.4,1789211319871292178-570df380d57c41fda9ad6a0c48af0b17,"[""read""]",sufficient,2,0,0.0,[],"[1,2]",[],0,[],True,0.0,False
1,official_mquake_label_chain,agentmemorybench:fact-mh-262k:context-0/factconsolidation_mh_262k_no88,factconsolidation_mh_262k_no88,88,3,5,0.6,1789211328396198736-70e1230f6b234b4e96c6fe74bd2eea9f,"[""search""]",sufficient,2,1,0.5,[1],[2],[1],1,"[""m-0f10fff25f4f2295def856b4""]",True,0.0,False
1,official_mquake_label_chain,agentmemorybench:fact-mh-262k:context-0/factconsolidation_mh_262k_no88,factconsolidation_mh_262k_no88,88,4,5,0.8,1789211350370934425-5f8ab0883c6d4e90bbebc78211af0c22,"[""read""]",sufficient,2,1,0.5,[1],[2],[],1,"[""m-0f10fff25f4f2295def856b4""]",True,0.0,False
1,official_mquake_label_chain,agentmemorybench:fact-mh-262k:context-0/factconsolidation_mh_262k_no88,factconsolidation_mh_262k_no88,88,5,5,1.0,1789211371242710877-b3b9d743966c43feba36f3a5b30c3c99,"[""finish""]",sufficient,2,2,1.0,"[1,2]",[],[2],2,"[""m-0f10fff25f4f2295def856b4"",""m-e83f38f2c761aa5a2f5c0f21""]",True,0.0,False
1,official_mquake_label_chain,agentmemorybench:fact-mh-262k:context-0/factconsolidation_mh_262k_no89,factconsolidation_mh_262k_no89,89,1,5,0.2,1789211319972157950-0567747136e4478cb563dfecf0daef01,"[""search""]",sufficient,2,0,0.0,[],"[1,2]",[],0,[],False,1.0,True
1,official_mquake_label_chain,agentmemorybench:fact-mh-262k:context-0/factconsolidation_mh_262k_no89,factconsolidation_mh_262k_no89,89,2,5,0.4,1789211328398303375-e279e89291de4747b89623db234a04cf,"[""search""]",sufficient,2,0,0.0,[],"[1,2]",[],0,[],False,1.0,True
1,official_mquake_label_chain,agentmemorybench:fact-mh-262k:context-0/factconsolidation_mh_262k_no89,factconsolidation_mh_262k_no89,89,3,5,0.6,1789211342879941926-14b631e81b0c43a98852e44480c39693,"[""search""]",sufficient,2,0,0.0,[],"[1,2]",[],0,[],False,1.0,True
1,official_mquake_label_chain,agentmemorybench:fact-mh-262k:context-0/factconsolidation_mh_262k_no89,factconsolidation_mh_262k_no89,89,4,5,0.8,1789211347597714035-273640badf39448bb419db53f593f2d1,"[""read""]",sufficient,2,0,0.0,[],"[1,2]",[],0,[],False,1.0,True
1,official_mquake_label_chain,agentmemorybench:fact-mh-262k:context-0/factconsolidation_mh_262k_no89,factconsolidation_mh_262k_no89,89,5,5,1.0,1789211362685237941-2e09b03703534b1483b977f774901378,"[""finish""]",sufficient,2,2,1.0,"[1,2]",[],"[1,2]",3,"[""m-621e3928a351e7bbd9e11337"",""m-764a735eb863dbf0706b046a"",""m-aff4df280c82222c41cd9dbd""]",False,1.0,True
1,official_mquake_label_chain,agentmemorybench:fact-mh-262k:context-0/factconsolidation_mh_262k_no90,factconsolidation_mh_262k_no90,90,1,7,0.14285714285714285,1789211324528547278-cdc7bb5efe9a494c84331c8712d49e71,"[""search""]",sufficient,2,0,0.0,[],"[1,2]",[],0,[],False,0.0,False
1,official_mquake_label_chain,agentmemorybench:fact-mh-262k:context-0/factconsolidation_mh_262k_no90,factconsolidation_mh_262k_no90,90,2,7,0.2857142857142857,1789211334061790291-b9f2ce42fde14e15a19fa2bd118e344e,"[""search""]",sufficient,2,0,0.0,[],"[1,2]",[],0,[],False,0.0,False
1,official_mquake_label_chain,agentmemorybench:fact-mh-262k:context-0/factconsolidation_mh_262k_no90,factconsolidation_mh_262k_no90,90,3,7,0.42857142857142855,1789211348760053902-bebe77c4fdd84f65a3b1a297a9f838ad,"[""read""]",sufficient,2,0,0.0,[],"[1,2]",[],0,[],False,0.0,False
1,official_mquake_label_chain,agentmemorybench:fact-mh-262k:context-0/factconsolidation_mh_262k_no90,factconsolidation_mh_262k_no90,90,4,7,0.5714285714285714,1789211369777226783-2a0e02d5910e4712becef781423cdc4c,"[""read""]",sufficient,2,1,0.5,[2],[1],[2],2,"[""m-edc48416279cf33fce68c421"",""m-9114fa7460e0af8f396d5e59""]",False,0.0,False
1,official_mquake_label_chain,agentmemorybench:fact-mh-262k:context-0/factconsolidation_mh_262k_no90,factconsolidation_mh_262k_no90,90,5,7,0.7142857142857143,1789211383775081465-40ac100da1fa4bc386662c43327a9e67,"[""read""]",sufficient,2,2,1.0,"[1,2]",[],[1],3,"[""m-edc48416279cf33fce68c421"",""m-9114fa7460e0af8f396d5e59"",""m-d378741b166342a8e5a0aca8""]",False,0.0,False
1,official_mquake_label_chain,agentmemorybench:fact-mh-262k:context-0/factconsolidation_mh_262k_no90,factconsolidation_mh_262k_no90,90,6,7,0.8571428571428571,1789211393742025440-9713bc98baca44ae909c74807766fea2,[],sufficient,2,2,1.0,"[1,2]",[],[],3,"[""m-edc48416279cf33fce68c421"",""m-9114fa7460e0af8f396d5e59"",""m-d378741b166342a8e5a0aca8""]",False,0.0,False
1,official_mquake_label_chain,agentmemorybench:fact-mh-262k:context-0/factconsolidation_mh_262k_no90,factconsolidation_mh_262k_no90,90,7,7,1.0,1789211408184054832-8143918b52fb4b28b84f7705656d695d,"[""finish""]",sufficient,2,2,1.0,"[1,2]",[],[],3,"[""m-edc48416279cf33fce68c421"",""m-9114fa7460e0af8f396d5e59"",""m-d378741b166342a8e5a0aca8""]",False,0.0,False
1,official_mquake_label_chain,agentmemorybench:fact-mh-262k:context-0/factconsolidation_mh_262k_no91,factconsolidation_mh_262k_no91,91,1,12,0.08333333333333333,1789211325412161899-518ab1b3802046fda83055c67211a94d,"[""search""]",sufficient,3,0,0.0,[],"[1,2,3]",[],0,[],True,0.0,False
1,official_mquake_label_chain,agentmemorybench:fact-mh-262k:context-0/factconsolidation_mh_262k_no91,factconsolidation_mh_262k_no91,91,2,12,0.16666666666666666,1789211333850104302-fb7ebd65099c476db972cd9568088cab,"[""read""]",sufficient,3,0,0.0,[],"[1,2,3]",[],0,[],True,0.0,False
1,official_mquake_label_chain,agentmemorybench:fact-mh-262k:context-0/factconsolidation_mh_262k_no91,factconsolidation_mh_262k_no91,91,3,12,0.25,1789211341357834451-372eba33b54f426880de43a43908f444,"[""search""]",sufficient,3,1,0.3333333333333333,[1],"[2,3]",[1],1,"[""m-7c5d78490bb6e83cf8439922""]",True,0.0,False
1,official_mquake_label_chain,agentmemorybench:fact-mh-262k:context-0/factconsolidation_mh_262k_no91,factconsolidation_mh_262k_no91,91,4,12,0.3333333333333333,1789211351710031283-dc90963100f64352a069f5c4c495820c,"[""search""]",sufficient,3,1,0.3333333333333333,[1],"[2,3]",[],1,"[""m-7c5d78490bb6e83cf8439922""]",True,0.0,False
1,official_mquake_label_chain,agentmemorybench:fact-mh-262k:context-0/factconsolidation_mh_262k_no91,factconsolidation_mh_262k_no91,91,5,12,0.4166666666666667,1789211361324181052-f53cc207120f4ad5abd0bcbd5ddb6387,"[""read""]",sufficient,3,1,0.3333333333333333,[1],"[2,3]",[],1,"[""m-7c5d78490bb6e83cf8439922""]",True,0.0,False
1,official_mquake_label_chain,agentmemorybench:fact-mh-262k:context-0/factconsolidation_mh_262k_no91,factconsolidation_mh_262k_no91,91,6,12,0.5,1789211370228209614-1428b2a4306447a9af897a41e24c73e1,"[""search""]",sufficient,3,1,0.3333333333333333,[1],"[2,3]",[],2,"[""m-7c5d78490bb6e83cf8439922"",""m-27a012671d73f03a3fd6b638""]",True,0.0,False
1,official_mquake_label_chain,agentmemorybench:fact-mh-262k:context-0/factconsolidation_mh_262k_no91,factconsolidation_mh_262k_no91,91,7,12,0.5833333333333334,1789211379656749341-6d3acf3cc3464401aeca2a5cf6bfb22f,"[""search""]",sufficient,3,1,0.3333333333333333,[1],"[2,3]",[],2,"[""m-7c5d78490bb6e83cf8439922"",""m-27a012671d73f03a3fd6b638""]",True,0.0,False
1,official_mquake_label_chain,agentmemorybench:fact-mh-262k:context-0/factconsolidation_mh_262k_no91,factconsolidation_mh_262k_no91,91,8,12,0.6666666666666666,1789211390428737334-7a7dfdf42314417cbc09a746050b0eda,"[""search""]",sufficient,3,1,0.3333333333333333,[1],"[2,3]",[],2,"[""m-7c5d78490bb6e83cf8439922"",""m-27a012671d73f03a3fd6b638""]",True,0.0,False
1,official_mquake_label_chain,agentmemorybench:fact-mh-262k:context-0/factconsolidation_mh_262k_no91,factconsolidation_mh_262k_no91,91,9,12,0.75,1789211399946585313-dffe0ba4d6f246c7be86e8f21c015275,"[""read""]",sufficient,3,1,0.3333333333333333,[1],"[2,3]",[],2,"[""m-7c5d78490bb6e83cf8439922"",""m-27a012671d73f03a3fd6b638""]",True,0.0,False
1,official_mquake_label_chain,agentmemorybench:fact-mh-262k:context-0/factconsolidation_mh_262k_no91,factconsolidation_mh_262k_no91,91,10,12,0.8333333333333334,1789211405838764729-9b6bcaae74bb4aa590ea10e0160f982a,"[""search""]",sufficient,3,2,0.6666666666666666,"[1,2]",[3],[2],3,"[""m-7c5d78490bb6e83cf8439922"",""m-27a012671d73f03a3fd6b638"",""m-b4f7617ddfde634fb0ac7372""]",True,0.0,False
1,official_mquake_label_chain,agentmemorybench:fact-mh-262k:context-0/factconsolidation_mh_262k_no91,factconsolidation_mh_262k_no91,91,11,12,0.9166666666666666,1789211416855565533-3cf8cdc7c5114d1287d631943e9b2203,"[""read""]",sufficient,3,2,0.6666666666666666,"[1,2]",[3],[],3,"[""m-7c5d78490bb6e83cf8439922"",""m-27a012671d73f03a3fd6b638"",""m-b4f7617ddfde634fb0ac7372""]",True,0.0,False
1,official_mquake_label_chain,agentmemorybench:fact-mh-262k:context-0/factconsolidation_mh_262k_no91,factconsolidation_mh_262k_no91,91,12,12,1.0,1789211419623261295-06542fba0cd346e4908cb0bc0b98de9b,"[""finish""]",sufficient,3,3,1.0,"[1,2,3]",[],[3],5,"[""m-7c5d78490bb6e83cf8439922"",""m-27a012671d73f03a3fd6b638"",""m-b4f7617ddfde634fb0ac7372"",""m-0b1100aa2215e071bf08a812"",""m-de83a0d2e0630ddb97f1fe54""]",True,0.0,False
1,official_mquake_label_chain,agentmemorybench:fact-mh-262k:context-0/factconsolidation_mh_262k_no92,factconsolidation_mh_262k_no92,92,1,6,0.16666666666666666,1789211328665138121-3eb69a7af688450096f6d1d3cc339329,"[""search""]",sufficient,3,0,0.0,[],"[1,2,3]",[],0,[],False,1.0,True
1,official_mquake_label_chain,agentmemorybench:fact-mh-262k:context-0/factconsolidation_mh_262k_no92,factconsolidation_mh_262k_no92,92,2,6,0.3333333333333333,1789211342882853714-5f66ba4518f74788a03770b1a0eaf86e,"[""search""]",sufficient,3,0,0.0,[],"[1,2,3]",[],0,[],False,1.0,True
1,official_mquake_label_chain,agentmemorybench:fact-mh-262k:context-0/factconsolidation_mh_262k_no92,factconsolidation_mh_262k_no92,92,3,6,0.5,1789211354515573781-569cd79696734433ad6ae50a2777700f,"[""read""]",sufficient,3,0,0.0,[],"[1,2,3]",[],0,[],False,1.0,True
1,official_mquake_label_chain,agentmemorybench:fact-mh-262k:context-0/factconsolidation_mh_262k_no92,factconsolidation_mh_262k_no92,92,4,6,0.6666666666666666,1789211376450870289-1b456c57743d4a3d85055395e85190e9,"[""search""]",sufficient,3,2,0.6666666666666666,"[1,2]",[3],"[1,2]",4,"[""m-d8939565b192098f7742417a"",""m-b7d3a9321839d30b4fca32c4"",""m-2a46f1804e76d4daa1449ec5"",""m-32937397b194ea97822b7885""]",False,1.0,True
1,official_mquake_label_chain,agentmemorybench:fact-mh-262k:context-0/factconsolidation_mh_262k_no92,factconsolidation_mh_262k_no92,92,5,6,0.8333333333333334,1789211389039185727-b6513a5878584942aecf10259b2d2c39,"[""read""]",sufficient,3,2,0.6666666666666666,"[1,2]",[3],[],4,"[""m-d8939565b192098f7742417a"",""m-b7d3a9321839d30b4fca32c4"",""m-2a46f1804e76d4daa1449ec5"",""m-32937397b194ea97822b7885""]",False,1.0,True
1,official_mquake_label_chain,agentmemorybench:fact-mh-262k:context-0/factconsolidation_mh_262k_no92,factconsolidation_mh_262k_no92,92,6,6,1.0,1789211402323534746-d18219275b814b118eb2e5ad9b046ed2,"[""finish""]",sufficient,3,3,1.0,"[1,2,3]",[],[3],6,"[""m-d8939565b192098f7742417a"",""m-b7d3a9321839d30b4fca32c4"",""m-2a46f1804e76d4daa1449ec5"",""m-32937397b194ea97822b7885"",""m-de83a0d2e0630ddb97f1fe54"",""m-f41ccd0cde28da235a2664ef""]",False,1.0,True
1,official_mquake_label_chain,agentmemorybench:fact-mh-262k:context-0/factconsolidation_mh_262k_no93,factconsolidation_mh_262k_no93,93,1,13,0.07692307692307693,1789211333003780198-0a8759e4b08341c9ac6938337df2032a,"[""search""]",sufficient,4,0,0.0,[],"[1,2,3,4]",[],0,[],False,0.0,False
1,official_mquake_label_chain,agentmemorybench:fact-mh-262k:context-0/factconsolidation_mh_262k_no93,factconsolidation_mh_262k_no93,93,2,13,0.15384615384615385,1789211339525460319-d5af6e29d2c04d80a13fbbc21d9d374a,"[""read""]",sufficient,4,0,0.0,[],"[1,2,3,4]",[],0,[],False,0.0,False
1,official_mquake_label_chain,agentmemorybench:fact-mh-262k:context-0/factconsolidation_mh_262k_no93,factconsolidation_mh_262k_no93,93,3,13,0.23076923076923078,1789211364469975543-5fddc04f818f48f483411ba3e754d925,"[""search""]",sufficient,4,1,0.25,[1],"[2,3,4]",[1],2,"[""m-7c5d78490bb6e83cf8439922"",""m-764a735eb863dbf0706b046a""]",False,0.0,False
1,official_mquake_label_chain,agentmemorybench:fact-mh-262k:context-0/factconsolidation_mh_262k_no93,factconsolidation_mh_262k_no93,93,4,13,0.3076923076923077,1789211377699524173-b6b6cdd2b5b44b018b92751a5b29c670,"[""read""]",sufficient,4,1,0.25,[1],"[2,3,4]",[],2,"[""m-7c5d78490bb6e83cf8439922"",""m-764a735eb863dbf0706b046a""]",False,0.0,False
1,official_mquake_label_chain,agentmemorybench:fact-mh-262k:context-0/factconsolidation_mh_262k_no93,factconsolidation_mh_262k_no93,93,5,13,0.38461538461538464,1789211390429212258-833420abfa98431c8a7c6a0eac57377b,"[""search""]",sufficient,4,2,0.5,"[1,2]","[3,4]",[2],4,"[""m-7c5d78490bb6e83cf8439922"",""m-764a735eb863dbf0706b046a"",""m-b7d3a9321839d30b4fca32c4"",""m-32937397b194ea97822b7885""]",False,0.0,False
1,official_mquake_label_chain,agentmemorybench:fact-mh-262k:context-0/factconsolidation_mh_262k_no93,factconsolidation_mh_262k_no93,93,6,13,0.46153846153846156,1789211410065017031-f97fb86250384d139b2e3f4caaeeef89,"[""read""]",sufficient,4,2,0.5,"[1,2]","[3,4]",[],4,"[""m-7c5d78490bb6e83cf8439922"",""m-764a735eb863dbf0706b046a"",""m-b7d3a9321839d30b4fca32c4"",""m-32937397b194ea97822b7885""]",False,0.0,False
1,official_mquake_label_chain,agentmemorybench:fact-mh-262k:context-0/factconsolidation_mh_262k_no93,factconsolidation_mh_262k_no93,93,7,13,0.5384615384615384,1789211417831699887-2742a7bccff14d75af44a9bb46337779,"[""search""]",sufficient,4,2,0.5,"[1,2]","[3,4]",[],4,"[""m-7c5d78490bb6e83cf8439922"",""m-764a735eb863dbf0706b046a"",""m-b7d3a9321839d30b4fca32c4"",""m-32937397b194ea97822b7885""]",False,0.0,False
1,official_mquake_label_chain,agentmemorybench:fact-mh-262k:context-0/factconsolidation_mh_262k_no93,factconsolidation_mh_262k_no93,93,8,13,0.6153846153846154,1789211421548565515-9ba36182fb6c475ca1d0f428a8e08ee3,"[""search""]",sufficient,4,2,0.5,"[1,2]","[3,4]",[],4,"[""m-7c5d78490bb6e83cf8439922"",""m-764a735eb863dbf0706b046a"",""m-b7d3a9321839d30b4fca32c4"",""m-32937397b194ea97822b7885""]",False,0.0,False
1,official_mquake_label_chain,agentmemorybench:fact-mh-262k:context-0/factconsolidation_mh_262k_no93,factconsolidation_mh_262k_no93,93,9,13,0.6923076923076923,1789211425227883693-f7f426c2f8e7442e86b9cedf072c9366,"[""read""]",sufficient,4,2,0.5,"[1,2]","[3,4]",[],4,"[""m-7c5d78490bb6e83cf8439922"",""m-764a735eb863dbf0706b046a"",""m-b7d3a9321839d30b4fca32c4"",""m-32937397b194ea97822b7885""]",False,0.0,False
1,official_mquake_label_chain,agentmemorybench:fact-mh-262k:context-0/factconsolidation_mh_262k_no93,factconsolidation_mh_262k_no93,93,10,13,0.7692307692307693,1789211430656631853-fb9b827aedf544588b13a7f598ef2025,"[""search""]",sufficient,4,2,0.5,"[1,2]","[3,4]",[],5,"[""m-7c5d78490bb6e83cf8439922"",""m-764a735eb863dbf0706b046a"",""m-b7d3a9321839d30b4fca32c4"",""m-32937397b194ea97822b7885"",""m-0f10fff25f4f2295def856b4""]",False,0.0,False
1,official_mquake_label_chain,agentmemorybench:fact-mh-262k:context-0/factconsolidation_mh_262k_no93,factconsolidation_mh_262k_no93,93,11,13,0.8461538461538461,1789211438366216765-e100e03be613414590420438b3690009,"[""read""]",sufficient,4,2,0.5,"[1,2]","[3,4]",[],5,"[""m-7c5d78490bb6e83cf8439922"",""m-764a735eb863dbf0706b046a"",""m-b7d3a9321839d30b4fca32c4"",""m-32937397b194ea97822b7885"",""m-0f10fff25f4f2295def856b4""]",False,0.0,False
1,official_mquake_label_chain,agentmemorybench:fact-mh-262k:context-0/factconsolidation_mh_262k_no93,factconsolidation_mh_262k_no93,93,12,13,0.9230769230769231,1789211446958228404-510733bf1a6f43978d9fdab7a71e484c,"[""search""]",sufficient,4,2,0.5,"[1,2]","[3,4]",[],6,"[""m-7c5d78490bb6e83cf8439922"",""m-764a735eb863dbf0706b046a"",""m-b7d3a9321839d30b4fca32c4"",""m-32937397b194ea97822b7885"",""m-0f10fff25f4f2295def856b4"",""m-1206e80bff6434ab66c69ece""]",False,0.0,False
1,official_mquake_label_chain,agentmemorybench:fact-mh-262k:context-0/factconsolidation_mh_262k_no93,factconsolidation_mh_262k_no93,93,13,13,1.0,1789211452999645893-0f10e2bd67e34be6b564acadf97fc76d,"[""finish""]",sufficient,4,2,0.5,"[1,2]","[3,4]",[],6,"[""m-7c5d78490bb6e83cf8439922"",""m-764a735eb863dbf0706b046a"",""m-b7d3a9321839d30b4fca32c4"",""m-32937397b194ea97822b7885"",""m-0f10fff25f4f2295def856b4"",""m-1206e80bff6434ab66c69ece""]",False,0.0,False
1,official_mquake_label_chain,agentmemorybench:fact-mh-262k:context-0/factconsolidation_mh_262k_no94,factconsolidation_mh_262k_no94,94,1,4,0.25,1789211333584335466-166e313162c544f2a921e21d85d413df,"[""search""]",sufficient,2,0,0.0,[],"[1,2]",[],0,[],False,1.0,True
1,official_mquake_label_chain,agentmemorybench:fact-mh-262k:context-0/factconsolidation_mh_262k_no94,factconsolidation_mh_262k_no94,94,2,4,0.5,1789211342883155019-8d91562a4f624596a1a53b6c60d48600,"[""read"",""search""]",sufficient,2,0,0.0,[],"[1,2]",[],0,[],False,1.0,True
1,official_mquake_label_chain,agentmemorybench:fact-mh-262k:context-0/factconsolidation_mh_262k_no94,factconsolidation_mh_262k_no94,94,3,4,0.75,1789211354750528202-5dc58be7f6fb4a06ac9b45a6cc2569c0,"[""read""]",sufficient,2,1,0.5,[1],[2],[1],1,"[""m-8a1ac4543999c1eeeb063bdd""]",False,1.0,True
1,official_mquake_label_chain,agentmemorybench:fact-mh-262k:context-0/factconsolidation_mh_262k_no94,factconsolidation_mh_262k_no94,94,4,4,1.0,1789211370164575888-7315cb5bcccd4dbc9f7b8fcd1693720c,"[""finish""]",sufficient,2,2,1.0,"[1,2]",[],[2],4,"[""m-8a1ac4543999c1eeeb063bdd"",""m-098e8f358b290e8ba2babe14"",""m-3576b8a194151a5c0e81bdc5"",""m-25705ac9d5e8865bd0ef9821""]",False,1.0,True
1,official_mquake_label_chain,agentmemorybench:fact-mh-262k:context-0/factconsolidation_mh_262k_no95,factconsolidation_mh_262k_no95,95,1,5,0.2,1789211342918008646-2aa64b0c52bd4af0a90181f8e78dd5a9,"[""search""]",sufficient,2,0,0.0,[],"[1,2]",[],0,[],False,0.0,False
1,official_mquake_label_chain,agentmemorybench:fact-mh-262k:context-0/factconsolidation_mh_262k_no95,factconsolidation_mh_262k_no95,95,2,5,0.4,1789211352320098973-21f848277a174d87a53d240d1eed789b,"[""read""]",sufficient,2,0,0.0,[],"[1,2]",[],0,[],False,0.0,False
1,official_mquake_label_chain,agentmemorybench:fact-mh-262k:context-0/factconsolidation_mh_262k_no95,factconsolidation_mh_262k_no95,95,3,5,0.6,1789211354750285563-dd5004e9d20d4b5a839ad744b49c3e2c,"[""search""]",sufficient,2,1,0.5,[1],[2],[1],1,"[""m-65ddf9819a5ecf5e4656074f""]",False,0.0,False
1,official_mquake_label_chain,agentmemorybench:fact-mh-262k:context-0/factconsolidation_mh_262k_no95,factconsolidation_mh_262k_no95,95,4,5,0.8,1789211369298677939-32e933da599a41bdba57221b7b0f1b52,"[""read""]",sufficient,2,1,0.5,[1],[2],[],1,"[""m-65ddf9819a5ecf5e4656074f""]",False,0.0,False
1,official_mquake_label_chain,agentmemorybench:fact-mh-262k:context-0/factconsolidation_mh_262k_no95,factconsolidation_mh_262k_no95,95,5,5,1.0,1789211397955476124-1729c13d1b2e44dab8c646335898a4df,"[""finish""]",sufficient,2,1,0.5,[1],[2],[],3,"[""m-65ddf9819a5ecf5e4656074f"",""m-390bc624383d3833d9578af5"",""m-28069cede24e19a36554223e""]",False,0.0,False
1,official_mquake_label_chain,agentmemorybench:fact-mh-262k:context-0/factconsolidation_mh_262k_no96,factconsolidation_mh_262k_no96,96,1,7,0.14285714285714285,1789211342958302686-a5bd4096eebc4485a0d99067e82f1e1d,"[""search""]",sufficient,3,0,0.0,[],"[1,2,3]",[],0,[],True,0.0,False
1,official_mquake_label_chain,agentmemorybench:fact-mh-262k:context-0/factconsolidation_mh_262k_no96,factconsolidation_mh_262k_no96,96,2,7,0.2857142857142857,1789211349364379857-6b4256314d464a3a8981fb4b04a0c4ef,"[""read""]",sufficient,3,0,0.0,[],"[1,2,3]",[],0,[],True,0.0,False
1,official_mquake_label_chain,agentmemorybench:fact-mh-262k:context-0/factconsolidation_mh_262k_no96,factconsolidation_mh_262k_no96,96,3,7,0.42857142857142855,1789211361324762673-700daaf1af6c4fc1a25dcef6eb841a03,"[""search""]",sufficient,3,1,0.3333333333333333,[1],"[2,3]",[1],2,"[""m-1d5745d8b432a6047b4dd936"",""m-e88cdf413fbf8a7ac37bd0fb""]",True,0.0,False
1,official_mquake_label_chain,agentmemorybench:fact-mh-262k:context-0/factconsolidation_mh_262k_no96,factconsolidation_mh_262k_no96,96,4,7,0.5714285714285714,1789211370892884969-1d30f4fdc0c14209bd889ed62897cc6d,"[""read""]",sufficient,3,1,0.3333333333333333,[1],"[2,3]",[],2,"[""m-1d5745d8b432a6047b4dd936"",""m-e88cdf413fbf8a7ac37bd0fb""]",True,0.0,False
1,official_mquake_label_chain,agentmemorybench:fact-mh-262k:context-0/factconsolidation_mh_262k_no96,factconsolidation_mh_262k_no96,96,5,7,0.7142857142857143,1789211379758312572-3bfb0c16ea3e460aa27eab881e29c224,"[""search""]",sufficient,3,1,0.3333333333333333,[1],"[2,3]",[],4,"[""m-1d5745d8b432a6047b4dd936"",""m-e88cdf413fbf8a7ac37bd0fb"",""m-2c378c529470c6ac9d9129c5"",""m-3576b8a194151a5c0e81bdc5""]",True,0.0,False
1,official_mquake_label_chain,agentmemorybench:fact-mh-262k:context-0/factconsolidation_mh_262k_no96,factconsolidation_mh_262k_no96,96,6,7,0.8571428571428571,1789211386940432543-334a9c7fd86f4e86a4ebd9bf6bb95996,"[""read""]",sufficient,3,1,0.3333333333333333,[1],"[2,3]",[],4,"[""m-1d5745d8b432a6047b4dd936"",""m-e88cdf413fbf8a7ac37bd0fb"",""m-2c378c529470c6ac9d9129c5"",""m-3576b8a194151a5c0e81bdc5""]",True,0.0,False
1,official_mquake_label_chain,agentmemorybench:fact-mh-262k:context-0/factconsolidation_mh_262k_no96,factconsolidation_mh_262k_no96,96,7,7,1.0,1789211397004798180-af7803858e76458284aa107680cefc29,"[""finish""]",sufficient,3,1,0.3333333333333333,[1],"[2,3]",[],6,"[""m-1d5745d8b432a6047b4dd936"",""m-e88cdf413fbf8a7ac37bd0fb"",""m-2c378c529470c6ac9d9129c5"",""m-3576b8a194151a5c0e81bdc5"",""m-b7d3a9321839d30b4fca32c4"",""m-cbdf6a8153fd22ff0242fee9""]",True,0.0,False
1,official_mquake_label_chain,agentmemorybench:fact-mh-262k:context-0/factconsolidation_mh_262k_no97,factconsolidation_mh_262k_no97,97,1,4,0.25,1789211355363512255-2b239b9526ef402f80a65e16f0c6f8b6,"[""search""]",sufficient,2,0,0.0,[],"[1,2]",[],0,[],False,0.0,False
1,official_mquake_label_chain,agentmemorybench:fact-mh-262k:context-0/factconsolidation_mh_262k_no97,factconsolidation_mh_262k_no97,97,2,4,0.5,1789211361805219224-1ed817130e2844da8bee456f3560bcae,"[""search""]",sufficient,2,0,0.0,[],"[1,2]",[],0,[],False,0.0,False
1,official_mquake_label_chain,agentmemorybench:fact-mh-262k:context-0/factconsolidation_mh_262k_no97,factconsolidation_mh_262k_no97,97,3,4,0.75,1789211377188052551-176e482d38d44c03a880f5c2833485ab,"[""read""]",sufficient,2,0,0.0,[],"[1,2]",[],0,[],False,0.0,False
1,official_mquake_label_chain,agentmemorybench:fact-mh-262k:context-0/factconsolidation_mh_262k_no97,factconsolidation_mh_262k_no97,97,4,4,1.0,1789211395171385604-8e57f80f468b4e75a1f9fce5b999dec7,"[""finish""]",sufficient,2,1,0.5,[2],[1],[2],1,"[""m-098e8f358b290e8ba2babe14""]",False,0.0,False
1,official_mquake_label_chain,agentmemorybench:fact-mh-262k:context-0/factconsolidation_mh_262k_no98,factconsolidation_mh_262k_no98,98,1,12,0.08333333333333333,1789211359960395773-e5e245137d174850ac4c61da16cb638d,"[""search""]",insufficient,3,0,0.0,[],"[1,2,3]",[],0,[],True,0.0,False
1,official_mquake_label_chain,agentmemorybench:fact-mh-262k:context-0/factconsolidation_mh_262k_no98,factconsolidation_mh_262k_no98,98,2,12,0.16666666666666666,1789211369776730309-a3d60e3ea4d340b38378a6431959a858,"[""search""]",insufficient,3,0,0.0,[],"[1,2,3]",[],0,[],True,0.0,False
1,official_mquake_label_chain,agentmemorybench:fact-mh-262k:context-0/factconsolidation_mh_262k_no98,factconsolidation_mh_262k_no98,98,3,12,0.25,1789211377188726483-82d1b82206c842818b0380639b6cf2dc,"[""search""]",insufficient,3,0,0.0,[],"[1,2,3]",[],0,[],True,0.0,False
1,official_mquake_label_chain,agentmemorybench:fact-mh-262k:context-0/factconsolidation_mh_262k_no98,factconsolidation_mh_262k_no98,98,4,12,0.3333333333333333,1789211384071500547-f10568ea44f046318a6359c1d171fe59,"[""read""]",insufficient,3,0,0.0,[],"[1,2,3]",[],0,[],True,0.0,False
1,official_mquake_label_chain,agentmemorybench:fact-mh-262k:context-0/factconsolidation_mh_262k_no98,factconsolidation_mh_262k_no98,98,5,12,0.4166666666666667,1789211395095190144-0d756b4e79e84795811c3e1b29c3f9ea,"[""search""]",insufficient,3,2,0.6666666666666666,"[1,2]",[3],"[1,2]",4,"[""m-1d5745d8b432a6047b4dd936"",""m-8988c2999d80d11c33dcaf06"",""m-7c5d78490bb6e83cf8439922"",""m-0f10fff25f4f2295def856b4""]",True,0.0,False
1,official_mquake_label_chain,agentmemorybench:fact-mh-262k:context-0/factconsolidation_mh_262k_no98,factconsolidation_mh_262k_no98,98,6,12,0.5,1789211401384945189-914f66a9f0044caba3728a4f7bbd8e4b,"[""search""]",insufficient,3,2,0.6666666666666666,"[1,2]",[3],[],4,"[""m-1d5745d8b432a6047b4dd936"",""m-8988c2999d80d11c33dcaf06"",""m-7c5d78490bb6e83cf8439922"",""m-0f10fff25f4f2295def856b4""]",True,0.0,False
1,official_mquake_label_chain,agentmemorybench:fact-mh-262k:context-0/factconsolidation_mh_262k_no98,factconsolidation_mh_262k_no98,98,7,12,0.5833333333333334,1789211409572159980-18b454c46650416c8615ea87353ec019,"[""read""]",insufficient,3,2,0.6666666666666666,"[1,2]",[3],[],4,"[""m-1d5745d8b432a6047b4dd936"",""m-8988c2999d80d11c33dcaf06"",""m-7c5d78490bb6e83cf8439922"",""m-0f10fff25f4f2295def856b4""]",True,0.0,False
1,official_mquake_label_chain,agentmemorybench:fact-mh-262k:context-0/factconsolidation_mh_262k_no98,factconsolidation_mh_262k_no98,98,8,12,0.6666666666666666,1789211411858741453-4302fc60cdef4f43a1aba341c78c7779,"[""search""]",insufficient,3,2,0.6666666666666666,"[1,2]",[3],[],5,"[""m-1d5745d8b432a6047b4dd936"",""m-8988c2999d80d11c33dcaf06"",""m-7c5d78490bb6e83cf8439922"",""m-0f10fff25f4f2295def856b4"",""m-879a81ce4bb890141c60d24f""]",True,0.0,False
1,official_mquake_label_chain,agentmemorybench:fact-mh-262k:context-0/factconsolidation_mh_262k_no98,factconsolidation_mh_262k_no98,98,9,12,0.75,1789211418147361063-80a6fae70ca14b8ba5aeb2e1734b29a5,"[""search""]",insufficient,3,2,0.6666666666666666,"[1,2]",[3],[],5,"[""m-1d5745d8b432a6047b4dd936"",""m-8988c2999d80d11c33dcaf06"",""m-7c5d78490bb6e83cf8439922"",""m-0f10fff25f4f2295def856b4"",""m-879a81ce4bb890141c60d24f""]",True,0.0,False
1,official_mquake_label_chain,agentmemorybench:fact-mh-262k:context-0/factconsolidation_mh_262k_no98,factconsolidation_mh_262k_no98,98,10,12,0.8333333333333334,1789211422764589284-7163d9c1e46549328ecc52d6839c4b7f,"[""search""]",insufficient,3,2,0.6666666666666666,"[1,2]",[3],[],5,"[""m-1d5745d8b432a6047b4dd936"",""m-8988c2999d80d11c33dcaf06"",""m-7c5d78490bb6e83cf8439922"",""m-0f10fff25f4f2295def856b4"",""m-879a81ce4bb890141c60d24f""]",True,0.0,False
1,official_mquake_label_chain,agentmemorybench:fact-mh-262k:context-0/factconsolidation_mh_262k_no98,factconsolidation_mh_262k_no98,98,11,12,0.9166666666666666,1789211429750249481-afd5839df52b4f3fa878e3abb7569593,"[""search""]",insufficient,3,2,0.6666666666666666,"[1,2]",[3],[],5,"[""m-1d5745d8b432a6047b4dd936"",""m-8988c2999d80d11c33dcaf06"",""m-7c5d78490bb6e83cf8439922"",""m-0f10fff25f4f2295def856b4"",""m-879a81ce4bb890141c60d24f""]",True,0.0,False
1,official_mquake_label_chain,agentmemorybench:fact-mh-262k:context-0/factconsolidation_mh_262k_no98,factconsolidation_mh_262k_no98,98,12,12,1.0,1789211434744636360-11baaa93cf1d4d258c86434ff961b524,"[""finish""]",insufficient,3,2,0.6666666666666666,"[1,2]",[3],[],5,"[""m-1d5745d8b432a6047b4dd936"",""m-8988c2999d80d11c33dcaf06"",""m-7c5d78490bb6e83cf8439922"",""m-0f10fff25f4f2295def856b4"",""m-879a81ce4bb890141c60d24f""]",True,0.0,False
1,official_mquake_label_chain,agentmemorybench:fact-mh-262k:context-0/factconsolidation_mh_262k_no99,factconsolidation_mh_262k_no99,99,1,14,0.07142857142857142,1789211361345815485-47a74488769c48bea94260d2181b6c9d,"[""search""]",insufficient,3,0,0.0,[],"[1,2,3]",[],0,[],True,1.0,True
1,official_mquake_label_chain,agentmemorybench:fact-mh-262k:context-0/factconsolidation_mh_262k_no99,factconsolidation_mh_262k_no99,99,2,14,0.14285714285714285,1789211367774585533-6dc35f39d339480591d7838e22633255,"[""search""]",insufficient,3,0,0.0,[],"[1,2,3]",[],0,[],True,1.0,True
1,official_mquake_label_chain,agentmemorybench:fact-mh-262k:context-0/factconsolidation_mh_262k_no99,factconsolidation_mh_262k_no99,99,3,14,0.21428571428571427,1789211379657202034-e8f773cfff584d00b91b85ad44cc6557,"[""search""]",insufficient,3,0,0.0,[],"[1,2,3]",[],0,[],True,1.0,True
1,official_mquake_label_chain,agentmemorybench:fact-mh-262k:context-0/factconsolidation_mh_262k_no99,factconsolidation_mh_262k_no99,99,4,14,0.2857142857142857,1789211387982473372-527e59acaf564bc5a5e1b3f2b825df2c,"[""read""]",insufficient,3,0,0.0,[],"[1,2,3]",[],0,[],True,1.0,True
1,official_mquake_label_chain,agentmemorybench:fact-mh-262k:context-0/factconsolidation_mh_262k_no99,factconsolidation_mh_262k_no99,99,5,14,0.35714285714285715,1789211403235299940-3bba9a6170c6490994ce8879341c39cc,"[""search""]",insufficient,3,3,1.0,"[1,2,3]",[],"[1,2,3]",4,"[""m-95bbccbd6a08d16d05369687"",""m-971985574eb04740c13ad5c1"",""m-2a46f1804e76d4daa1449ec5"",""m-323e3517faf8135a089224ca""]",True,1.0,True
1,official_mquake_label_chain,agentmemorybench:fact-mh-262k:context-0/factconsolidation_mh_262k_no99,factconsolidation_mh_262k_no99,99,6,14,0.42857142857142855,1789211417831288350-e812840e1e0a4a279f4869139ff93a44,"[""search""]",insufficient,3,3,1.0,"[1,2,3]",[],[],4,"[""m-95bbccbd6a08d16d05369687"",""m-971985574eb04740c13ad5c1"",""m-2a46f1804e76d4daa1449ec5"",""m-323e3517faf8135a089224ca""]",True,1.0,True
1,official_mquake_label_chain,agentmemorybench:fact-mh-262k:context-0/factconsolidation_mh_262k_no99,factconsolidation_mh_262k_no99,99,7,14,0.5,1789211422764177014-63563489f29e4ce2a95a0fe2f1100fae,"[""read""]",insufficient,3,3,1.0,"[1,2,3]",[],[],4,"[""m-95bbccbd6a08d16d05369687"",""m-971985574eb04740c13ad5c1"",""m-2a46f1804e76d4daa1449ec5"",""m-323e3517faf8135a089224ca""]",True,1.0,True
1,official_mquake_label_chain,agentmemorybench:fact-mh-262k:context-0/factconsolidation_mh_262k_no99,factconsolidation_mh_262k_no99,99,8,14,0.5714285714285714,1789211431879215591-59ee1d7d66154538bc2cba51d2b4c5cf,"[""search""]",insufficient,3,3,1.0,"[1,2,3]",[],[],4,"[""m-95bbccbd6a08d16d05369687"",""m-971985574eb04740c13ad5c1"",""m-2a46f1804e76d4daa1449ec5"",""m-323e3517faf8135a089224ca""]",True,1.0,True
1,official_mquake_label_chain,agentmemorybench:fact-mh-262k:context-0/factconsolidation_mh_262k_no99,factconsolidation_mh_262k_no99,99,9,14,0.6428571428571429,1789211438383165105-8cf54436eba04665a7ad320c1ff003cf,"[""read""]",insufficient,3,3,1.0,"[1,2,3]",[],[],4,"[""m-95bbccbd6a08d16d05369687"",""m-971985574eb04740c13ad5c1"",""m-2a46f1804e76d4daa1449ec5"",""m-323e3517faf8135a089224ca""]",True,1.0,True
1,official_mquake_label_chain,agentmemorybench:fact-mh-262k:context-0/factconsolidation_mh_262k_no99,factconsolidation_mh_262k_no99,99,10,14,0.7142857142857143,1789211446950798532-34472fd2b6e14a5b84624417ccbca2e2,"[""search""]",insufficient,3,3,1.0,"[1,2,3]",[],[],4,"[""m-95bbccbd6a08d16d05369687"",""m-971985574eb04740c13ad5c1"",""m-2a46f1804e76d4daa1449ec5"",""m-323e3517faf8135a089224ca""]",True,1.0,True
1,official_mquake_label_chain,agentmemorybench:fact-mh-262k:context-0/factconsolidation_mh_262k_no99,factconsolidation_mh_262k_no99,99,11,14,0.7857142857142857,1789211457355286689-2ad6d5263de24967b5904ecff66d6b97,"[""search""]",insufficient,3,3,1.0,"[1,2,3]",[],[],4,"[""m-95bbccbd6a08d16d05369687"",""m-971985574eb04740c13ad5c1"",""m-2a46f1804e76d4daa1449ec5"",""m-323e3517faf8135a089224ca""]",True,1.0,True
1,official_mquake_label_chain,agentmemorybench:fact-mh-262k:context-0/factconsolidation_mh_262k_no99,factconsolidation_mh_262k_no99,99,12,14,0.8571428571428571,1789211463699340401-1751b5f09c6f4d6089ac370cf91c8a9b,"[""search""]",insufficient,3,3,1.0,"[1,2,3]",[],[],4,"[""m-95bbccbd6a08d16d05369687"",""m-971985574eb04740c13ad5c1"",""m-2a46f1804e76d4daa1449ec5"",""m-323e3517faf8135a089224ca""]",True,1.0,True
1,official_mquake_label_chain,agentmemorybench:fact-mh-262k:context-0/factconsolidation_mh_262k_no99,factconsolidation_mh_262k_no99,99,13,14,0.9285714285714286,1789211470952523756-1cf491edc45540559e835d78a58219d0,"[""search""]",insufficient,3,3,1.0,"[1,2,3]",[],[],4,"[""m-95bbccbd6a08d16d05369687"",""m-971985574eb04740c13ad5c1"",""m-2a46f1804e76d4daa1449ec5"",""m-323e3517faf8135a089224ca""]",True,1.0,True
1,official_mquake_label_chain,agentmemorybench:fact-mh-262k:context-0/factconsolidation_mh_262k_no99,factconsolidation_mh_262k_no99,99,14,14,1.0,1789211476400739797-0f5be0c3742a422291ed6aeaedb6fd03,"[""finish""]",insufficient,3,3,1.0,"[1,2,3]",[],[],4,"[""m-95bbccbd6a08d16d05369687"",""m-971985574eb04740c13ad5c1"",""m-2a46f1804e76d4daa1449ec5"",""m-323e3517faf8135a089224ca""]",True,1.0,True
