question_id,gold_hops,order,before_condition_id,after_condition_id,before_mask,after_mask,added_hop,before_coverage,after_coverage,completes_coverage,delta_margin,delta_likelihood,delta_answer_accuracy,delta_exact_match,delta_input_tokens
agentmemorybench:fact-mh-262k:context-0/factconsolidation_mh_262k_no0,3,0,coverage-q000-o0-m00,coverage-q000-o0-m01,0,1,1,0.0,0.3333333333333333,False,6.750000030035153,0.7278858843520315,0.0,0.0,2.0
agentmemorybench:fact-mh-262k:context-0/factconsolidation_mh_262k_no0,3,0,coverage-q000-o0-m00,coverage-q000-o0-m02,0,2,2,0.0,0.3333333333333333,False,-0.375000060768798,-0.0009899664412264001,0.0,0.0,0.0
agentmemorybench:fact-mh-262k:context-0/factconsolidation_mh_262k_no0,3,0,coverage-q000-o0-m00,coverage-q000-o0-m04,0,4,3,0.0,0.3333333333333333,False,1.8750001697335392,0.017159672379053102,1.0,1.0,-3.0
agentmemorybench:fact-mh-262k:context-0/factconsolidation_mh_262k_no0,3,0,coverage-q000-o0-m01,coverage-q000-o0-m03,1,3,2,0.3333333333333333,0.6666666666666666,False,1.5000000819563866,0.19308325463467624,0.0,0.0,0.0
agentmemorybench:fact-mh-262k:context-0/factconsolidation_mh_262k_no0,3,0,coverage-q000-o0-m01,coverage-q000-o0-m05,1,5,3,0.3333333333333333,0.6666666666666666,False,0.6250001192092896,0.10442497838512221,1.0,1.0,-3.0
agentmemorybench:fact-mh-262k:context-0/factconsolidation_mh_262k_no0,3,0,coverage-q000-o0-m02,coverage-q000-o0-m03,2,3,1,0.3333333333333333,0.6666666666666666,False,8.625000172760338,0.9219591054279341,0.0,0.0,2.0
agentmemorybench:fact-mh-262k:context-0/factconsolidation_mh_262k_no0,3,0,coverage-q000-o0-m02,coverage-q000-o0-m06,2,6,3,0.3333333333333333,0.6666666666666666,False,6.625000150408596,0.6202766150840922,1.0,1.0,-3.0
agentmemorybench:fact-mh-262k:context-0/factconsolidation_mh_262k_no0,3,0,coverage-q000-o0-m03,coverage-q000-o0-m07,3,7,3,0.6666666666666666,1.0,True,6.374999511244823,0.0757183563134518,1.0,1.0,-3.0
agentmemorybench:fact-mh-262k:context-0/factconsolidation_mh_262k_no0,3,0,coverage-q000-o0-m04,coverage-q000-o0-m05,4,5,1,0.3333333333333333,0.6666666666666666,False,5.499999979510903,0.8151511903581007,0.0,0.0,2.0
agentmemorybench:fact-mh-262k:context-0/factconsolidation_mh_262k_no0,3,0,coverage-q000-o0-m04,coverage-q000-o0-m06,4,6,2,0.3333333333333333,0.6666666666666666,False,4.374999919906259,0.6021269762638127,0.0,0.0,0.0
agentmemorybench:fact-mh-262k:context-0/factconsolidation_mh_262k_no0,3,0,coverage-q000-o0-m05,coverage-q000-o0-m07,5,7,2,0.6666666666666666,1.0,True,7.24999947399192,0.16437663256300583,0.0,0.0,0.0
agentmemorybench:fact-mh-262k:context-0/factconsolidation_mh_262k_no0,3,0,coverage-q000-o0-m06,coverage-q000-o0-m07,6,7,1,0.6666666666666666,1.0,True,8.374999533596565,0.3774008466572938,0.0,0.0,2.0
agentmemorybench:fact-mh-262k:context-0/factconsolidation_mh_262k_no0,3,1,coverage-q000-o1-m00,coverage-q000-o1-m01,0,1,1,0.0,0.3333333333333333,False,6.250000172294676,0.6751085621579057,0.0,0.0,2.0
agentmemorybench:fact-mh-262k:context-0/factconsolidation_mh_262k_no0,3,1,coverage-q000-o1-m00,coverage-q000-o1-m02,0,2,2,0.0,0.3333333333333333,False,0.43750015017576516,0.0022197649811544,0.0,0.0,0.0
agentmemorybench:fact-mh-262k:context-0/factconsolidation_mh_262k_no0,3,1,coverage-q000-o1-m00,coverage-q000-o1-m04,0,4,3,0.0,0.3333333333333333,False,0.8750000102445483,0.0056383379060009,1.0,1.0,-3.0
agentmemorybench:fact-mh-262k:context-0/factconsolidation_mh_262k_no0,3,1,coverage-q000-o1-m01,coverage-q000-o1-m03,1,3,2,0.3333333333333333,0.6666666666666666,False,3.687499974388629,0.3091340425330842,0.0,0.0,0.0
agentmemorybench:fact-mh-262k:context-0/factconsolidation_mh_262k_no0,3,1,coverage-q000-o1-m01,coverage-q000-o1-m05,1,5,3,0.3333333333333333,0.6666666666666666,False,0.3125,0.06398930943708814,1.0,1.0,-3.0
agentmemorybench:fact-mh-262k:context-0/factconsolidation_mh_262k_no0,3,1,coverage-q000-o1-m02,coverage-q000-o1-m03,2,3,1,0.3333333333333333,0.6666666666666666,False,9.49999999650754,0.9820228397098355,0.0,0.0,2.0
agentmemorybench:fact-mh-262k:context-0/factconsolidation_mh_262k_no0,3,1,coverage-q000-o1-m02,coverage-q000-o1-m06,2,6,3,0.3333333333333333,0.6666666666666666,False,3.1874999923165888,0.12667433476343418,1.0,1.0,-3.0
agentmemorybench:fact-mh-262k:context-0/factconsolidation_mh_262k_no0,3,1,coverage-q000-o1-m03,coverage-q000-o1-m07,3,7,3,0.6666666666666666,1.0,True,2.9999999052961357,0.01109884940221284,1.0,1.0,-3.0
agentmemorybench:fact-mh-262k:context-0/factconsolidation_mh_262k_no0,3,1,coverage-q000-o1-m04,coverage-q000-o1-m05,4,5,1,0.3333333333333333,0.6666666666666666,False,5.687500162050128,0.7334595336889929,0.0,0.0,2.0
agentmemorybench:fact-mh-262k:context-0/factconsolidation_mh_262k_no0,3,1,coverage-q000-o1-m04,coverage-q000-o1-m06,4,6,2,0.3333333333333333,0.6666666666666666,False,2.7500001322478056,0.12325576183858769,0.0,0.0,0.0
agentmemorybench:fact-mh-262k:context-0/factconsolidation_mh_262k_no0,3,1,coverage-q000-o1-m05,coverage-q000-o1-m07,5,7,2,0.6666666666666666,1.0,True,6.374999879684765,0.2562435824982089,0.0,0.0,0.0
agentmemorybench:fact-mh-262k:context-0/factconsolidation_mh_262k_no0,3,1,coverage-q000-o1-m06,coverage-q000-o1-m07,6,7,1,0.6666666666666666,1.0,True,9.312499909487087,0.8664473543486141,0.0,0.0,2.0
agentmemorybench:fact-mh-262k:context-0/factconsolidation_mh_262k_no1,2,0,coverage-q001-o0-m00,coverage-q001-o0-m01,0,1,1,0.0,0.5,False,8.124999997206032,0.935303777923745,0.0,0.0,1.0
agentmemorybench:fact-mh-262k:context-0/factconsolidation_mh_262k_no1,2,0,coverage-q001-o0-m00,coverage-q001-o0-m02,0,2,2,0.0,0.5,False,3.062499995343387,0.08548342204950411,0.8,0.8,0.0
agentmemorybench:fact-mh-262k:context-0/factconsolidation_mh_262k_no1,2,0,coverage-q001-o0-m01,coverage-q001-o0-m03,1,3,2,0.5,1.0,True,6.249999883439159,0.05996325526874402,1.0,1.0,0.0
agentmemorybench:fact-mh-262k:context-0/factconsolidation_mh_262k_no1,2,0,coverage-q001-o0-m02,coverage-q001-o0-m03,2,3,1,0.5,1.0,True,11.312499885301804,0.9097836111429849,0.19999999999999996,0.19999999999999996,1.0
agentmemorybench:fact-mh-262k:context-0/factconsolidation_mh_262k_no1,2,1,coverage-q001-o1-m00,coverage-q001-o1-m01,0,1,1,0.0,0.5,False,10.312500072002877,0.9791752416113657,0.0,0.0,1.0
agentmemorybench:fact-mh-262k:context-0/factconsolidation_mh_262k_no1,2,1,coverage-q001-o1-m00,coverage-q001-o1-m02,0,2,2,0.0,0.5,False,1.6250000217114575,0.0068767629567365,0.6,0.6,0.0
agentmemorybench:fact-mh-262k:context-0/factconsolidation_mh_262k_no1,2,1,coverage-q001-o1-m01,coverage-q001-o1-m03,1,3,2,0.5,1.0,True,3.937500044616172,0.01874405155131642,0.8,0.8,0.0
agentmemorybench:fact-mh-262k:context-0/factconsolidation_mh_262k_no1,2,1,coverage-q001-o1-m02,coverage-q001-o1-m03,2,3,1,0.5,1.0,True,12.625000094907591,0.9910425302059456,0.20000000000000007,0.20000000000000007,1.0
agentmemorybench:fact-mh-262k:context-0/factconsolidation_mh_262k_no12,2,0,coverage-q012-o0-m00,coverage-q012-o0-m01,0,1,1,0.0,0.5,False,8.499999995459802,0.9173193665113172,0.0,0.0,3.0
agentmemorybench:fact-mh-262k:context-0/factconsolidation_mh_262k_no12,2,0,coverage-q012-o0-m00,coverage-q012-o0-m02,0,2,2,0.0,0.5,False,4.437500040163286,0.16219330248066,0.8,0.8,3.0
agentmemorybench:fact-mh-262k:context-0/factconsolidation_mh_262k_no12,2,0,coverage-q012-o0-m01,coverage-q012-o0-m03,1,3,2,0.5,1.0,True,3.999999959662091,0.07875962541869164,1.0,1.0,3.0
agentmemorybench:fact-mh-262k:context-0/factconsolidation_mh_262k_no12,2,0,coverage-q012-o0-m02,coverage-q012-o0-m03,2,3,1,0.5,1.0,True,8.062499914958607,0.8338856894493488,0.19999999999999996,0.19999999999999996,3.0
agentmemorybench:fact-mh-262k:context-0/factconsolidation_mh_262k_no12,2,1,coverage-q012-o1-m00,coverage-q012-o1-m01,0,1,1,0.0,0.5,False,9.249999951920472,0.9384121680092038,0.0,0.0,3.0
agentmemorybench:fact-mh-262k:context-0/factconsolidation_mh_262k_no12,2,1,coverage-q012-o1-m00,coverage-q012-o1-m02,0,2,2,0.0,0.5,False,4.062499935156666,0.0788562859288434,1.0,1.0,3.0
agentmemorybench:fact-mh-262k:context-0/factconsolidation_mh_262k_no12,2,1,coverage-q012-o1-m01,coverage-q012-o1-m03,1,3,2,0.5,1.0,True,5.31250016168633,0.059771611007804815,1.0,1.0,3.0
agentmemorybench:fact-mh-262k:context-0/factconsolidation_mh_262k_no12,2,1,coverage-q012-o1-m02,coverage-q012-o1-m03,2,3,1,0.5,1.0,True,10.500000178450136,0.9193274930881652,0.0,0.0,3.0
agentmemorybench:fact-mh-262k:context-0/factconsolidation_mh_262k_no13,2,0,coverage-q013-o0-m00,coverage-q013-o0-m01,0,1,1,0.0,0.5,False,7.937500244472176,0.9565858719558034,0.0,0.0,0.0
agentmemorybench:fact-mh-262k:context-0/factconsolidation_mh_262k_no13,2,0,coverage-q013-o0-m00,coverage-q013-o0-m02,0,2,2,0.0,0.5,False,3.1875001904554665,0.1914850660677197,1.0,1.0,-1.0
agentmemorybench:fact-mh-262k:context-0/factconsolidation_mh_262k_no13,2,0,coverage-q013-o0-m01,coverage-q013-o0-m03,1,3,2,0.5,1.0,True,6.437499925388694,0.03303121807943621,1.0,1.0,-1.0
agentmemorybench:fact-mh-262k:context-0/factconsolidation_mh_262k_no13,2,0,coverage-q013-o0-m02,coverage-q013-o0-m03,2,3,1,0.5,1.0,True,11.187499979405404,0.7981320239675198,0.0,0.0,0.0
agentmemorybench:fact-mh-262k:context-0/factconsolidation_mh_262k_no13,2,1,coverage-q013-o1-m00,coverage-q013-o1-m01,0,1,1,0.0,0.5,False,6.499999943189323,0.9146696717839485,0.0,0.0,0.0
agentmemorybench:fact-mh-262k:context-0/factconsolidation_mh_262k_no13,2,1,coverage-q013-o1-m00,coverage-q013-o1-m02,0,2,2,0.0,0.5,False,2.9999999729916453,0.2857426892457663,0.8,0.8,-1.0
agentmemorybench:fact-mh-262k:context-0/factconsolidation_mh_262k_no13,2,1,coverage-q013-o1-m01,coverage-q013-o1-m03,1,3,2,0.5,1.0,True,5.437499867752194,0.06341903709932417,1.0,1.0,-1.0
agentmemorybench:fact-mh-262k:context-0/factconsolidation_mh_262k_no13,2,1,coverage-q013-o1-m02,coverage-q013-o1-m03,2,3,1,0.5,1.0,True,8.937499837949872,0.6923460196375064,0.19999999999999996,0.19999999999999996,0.0
agentmemorybench:fact-mh-262k:context-0/factconsolidation_mh_262k_no14,2,0,coverage-q014-o0-m00,coverage-q014-o0-m01,0,1,1,0.0,0.5,False,11.125000015890691,0.9901277976097155,0.0,0.0,1.0
agentmemorybench:fact-mh-262k:context-0/factconsolidation_mh_262k_no14,2,0,coverage-q014-o0-m00,coverage-q014-o0-m02,0,2,2,0.0,0.5,False,3.2499999381252564,0.0428706568504326,0.0,0.0,2.0
agentmemorybench:fact-mh-262k:context-0/factconsolidation_mh_262k_no14,2,0,coverage-q014-o0-m01,coverage-q014-o0-m03,1,3,2,0.5,1.0,True,4.812499920739356,0.007995939204604396,1.0,1.0,2.0
agentmemorybench:fact-mh-262k:context-0/factconsolidation_mh_262k_no14,2,0,coverage-q014-o0-m02,coverage-q014-o0-m03,2,3,1,0.5,1.0,True,12.68749999850479,0.9552530799638873,1.0,1.0,1.0
agentmemorybench:fact-mh-262k:context-0/factconsolidation_mh_262k_no14,2,1,coverage-q014-o1-m00,coverage-q014-o1-m01,0,1,1,0.0,0.5,False,11.750000038795406,0.9905114641414895,0.0,0.0,1.0
agentmemorybench:fact-mh-262k:context-0/factconsolidation_mh_262k_no14,2,1,coverage-q014-o1-m00,coverage-q014-o1-m02,0,2,2,0.0,0.5,False,2.125000019703293,0.0066661905869263,0.0,0.0,2.0
agentmemorybench:fact-mh-262k:context-0/factconsolidation_mh_262k_no14,2,1,coverage-q014-o1-m01,coverage-q014-o1-m03,1,3,2,0.5,1.0,True,2.2499998021521606,0.007666433324936439,1.0,1.0,2.0
agentmemorybench:fact-mh-262k:context-0/factconsolidation_mh_262k_no14,2,1,coverage-q014-o1-m02,coverage-q014-o1-m03,2,3,1,0.5,1.0,True,11.874999821244273,0.9915117068794996,1.0,1.0,1.0
agentmemorybench:fact-mh-262k:context-0/factconsolidation_mh_262k_no15,2,0,coverage-q015-o0-m00,coverage-q015-o0-m01,0,1,1,0.0,0.5,False,5.812499886378646,0.8889969685115995,1.0,1.0,3.0
agentmemorybench:fact-mh-262k:context-0/factconsolidation_mh_262k_no15,2,0,coverage-q015-o0-m00,coverage-q015-o0-m02,0,2,2,0.0,0.5,False,3.124999951571226,0.5754966789104704,1.0,1.0,-1.0
agentmemorybench:fact-mh-262k:context-0/factconsolidation_mh_262k_no15,2,0,coverage-q015-o0-m01,coverage-q015-o0-m03,1,3,2,0.5,1.0,True,6.812499961790309,0.035104785419777906,0.0,0.0,-1.0
agentmemorybench:fact-mh-262k:context-0/factconsolidation_mh_262k_no15,2,0,coverage-q015-o0-m02,coverage-q015-o0-m03,2,3,1,0.5,1.0,True,9.499999896597728,0.348605075020907,0.0,0.0,3.0
agentmemorybench:fact-mh-262k:context-0/factconsolidation_mh_262k_no15,2,1,coverage-q015-o1-m00,coverage-q015-o1-m01,0,1,1,0.0,0.5,False,6.93750012665987,0.9393287432873438,1.0,1.0,3.0
agentmemorybench:fact-mh-262k:context-0/factconsolidation_mh_262k_no15,2,1,coverage-q015-o1-m00,coverage-q015-o1-m02,0,2,2,0.0,0.5,False,3.8750000977888703,0.589373355941543,1.0,1.0,-1.0
agentmemorybench:fact-mh-262k:context-0/factconsolidation_mh_262k_no15,2,1,coverage-q015-o1-m01,coverage-q015-o1-m03,1,3,2,0.5,1.0,True,5.437499920313712,0.027461886870088992,0.0,0.0,-1.0
agentmemorybench:fact-mh-262k:context-0/factconsolidation_mh_262k_no15,2,1,coverage-q015-o1-m02,coverage-q015-o1-m03,2,3,1,0.5,1.0,True,8.499999949184712,0.3774172742158898,0.0,0.0,3.0
agentmemorybench:fact-mh-262k:context-0/factconsolidation_mh_262k_no21,2,0,coverage-q021-o0-m00,coverage-q021-o0-m01,0,1,1,0.0,0.5,False,11.00000031129457,0.990834527676061,0.0,0.0,0.0
agentmemorybench:fact-mh-262k:context-0/factconsolidation_mh_262k_no21,2,0,coverage-q021-o0-m00,coverage-q021-o0-m02,0,2,2,0.0,0.5,False,5.250000089639798,0.31834868109920417,0.6,0.6,-1.0
agentmemorybench:fact-mh-262k:context-0/factconsolidation_mh_262k_no21,2,0,coverage-q021-o0-m01,coverage-q021-o0-m03,1,3,2,0.5,1.0,True,4.000000129075488,0.00656945482077298,1.0,1.0,-1.0
agentmemorybench:fact-mh-262k:context-0/factconsolidation_mh_262k_no21,2,0,coverage-q021-o0-m02,coverage-q021-o0-m03,2,3,1,0.5,1.0,True,9.75000035073026,0.6790553013976297,0.4,0.4,0.0
agentmemorybench:fact-mh-262k:context-0/factconsolidation_mh_262k_no21,2,1,coverage-q021-o1-m00,coverage-q021-o1-m01,0,1,1,0.0,0.5,False,8.62500002561137,0.9723053138326507,0.0,0.0,0.0
agentmemorybench:fact-mh-262k:context-0/factconsolidation_mh_262k_no21,2,1,coverage-q021-o1-m00,coverage-q021-o1-m02,0,2,2,0.0,0.5,False,2.499999988824129,0.1644393116876082,0.2,0.2,-1.0
agentmemorybench:fact-mh-262k:context-0/factconsolidation_mh_262k_no21,2,1,coverage-q021-o1-m01,coverage-q021-o1-m03,1,3,2,0.5,1.0,True,2.5000000697909854,0.008904390409084195,1.0,1.0,-1.0
agentmemorybench:fact-mh-262k:context-0/factconsolidation_mh_262k_no21,2,1,coverage-q021-o1-m02,coverage-q021-o1-m03,2,3,1,0.5,1.0,True,8.625000106578227,0.8167703925541268,0.8,0.8,0.0
agentmemorybench:fact-mh-262k:context-0/factconsolidation_mh_262k_no22,3,0,coverage-q022-o0-m00,coverage-q022-o0-m01,0,1,1,0.0,0.3333333333333333,False,10.12500008288771,0.9873236469562356,0.0,0.0,0.0
agentmemorybench:fact-mh-262k:context-0/factconsolidation_mh_262k_no22,3,0,coverage-q022-o0-m00,coverage-q022-o0-m02,0,2,2,0.0,0.3333333333333333,False,2.9375001166481525,0.0897945408397906,0.0,0.0,-1.0
agentmemorybench:fact-mh-262k:context-0/factconsolidation_mh_262k_no22,3,0,coverage-q022-o0-m00,coverage-q022-o0-m04,0,4,3,0.0,0.3333333333333333,False,4.312500101746991,0.2886600450094063,1.0,1.0,0.0
agentmemorybench:fact-mh-262k:context-0/factconsolidation_mh_262k_no22,3,0,coverage-q022-o0-m01,coverage-q022-o0-m03,1,3,2,0.3333333333333333,0.6666666666666666,False,-0.4375000272411853,-0.003865514309005391,0.0,0.0,-1.0
agentmemorybench:fact-mh-262k:context-0/factconsolidation_mh_262k_no22,3,0,coverage-q022-o0-m01,coverage-q022-o0-m05,1,5,3,0.3333333333333333,0.6666666666666666,False,-2.187499994179234,-0.05296522276749005,1.0,1.0,0.0
agentmemorybench:fact-mh-262k:context-0/factconsolidation_mh_262k_no22,3,0,coverage-q022-o0-m02,coverage-q022-o0-m03,2,3,1,0.3333333333333333,0.6666666666666666,False,6.749999938998371,0.8936635918074396,0.0,0.0,0.0
agentmemorybench:fact-mh-262k:context-0/factconsolidation_mh_262k_no22,3,0,coverage-q022-o0-m02,coverage-q022-o0-m06,2,6,3,0.3333333333333333,0.6666666666666666,False,3.062499985098839,0.5972925150633325,1.0,1.0,0.0
agentmemorybench:fact-mh-262k:context-0/factconsolidation_mh_262k_no22,3,0,coverage-q022-o0-m03,coverage-q022-o0-m07,3,7,3,0.6666666666666666,1.0,True,3.0000000373402145,0.010434164643454924,1.0,1.0,0.0
agentmemorybench:fact-mh-262k:context-0/factconsolidation_mh_262k_no22,3,0,coverage-q022-o0-m04,coverage-q022-o0-m05,4,5,1,0.3333333333333333,0.6666666666666666,False,3.624999986961484,0.6456983791793394,0.0,0.0,0.0
agentmemorybench:fact-mh-262k:context-0/factconsolidation_mh_262k_no22,3,0,coverage-q022-o0-m04,coverage-q022-o0-m06,4,6,2,0.3333333333333333,0.6666666666666666,False,1.6875,0.39842701089371685,0.0,0.0,-1.0
agentmemorybench:fact-mh-262k:context-0/factconsolidation_mh_262k_no22,3,0,coverage-q022-o0-m05,coverage-q022-o0-m07,5,7,2,0.6666666666666666,1.0,True,4.750000004278263,0.05953387310193958,0.0,0.0,-1.0
agentmemorybench:fact-mh-262k:context-0/factconsolidation_mh_262k_no22,3,0,coverage-q022-o0-m06,coverage-q022-o0-m07,6,7,1,0.6666666666666666,1.0,True,6.687499991239747,0.30680524138756204,0.0,0.0,0.0
agentmemorybench:fact-mh-262k:context-0/factconsolidation_mh_262k_no22,3,1,coverage-q022-o1-m00,coverage-q022-o1-m01,0,1,1,0.0,0.3333333333333333,False,9.749999894178472,0.9812184296337276,0.0,0.0,0.0
agentmemorybench:fact-mh-262k:context-0/factconsolidation_mh_262k_no22,3,1,coverage-q022-o1-m00,coverage-q022-o1-m02,0,2,2,0.0,0.3333333333333333,False,3.687499846681021,0.1291397534774106,0.0,0.0,-1.0
agentmemorybench:fact-mh-262k:context-0/factconsolidation_mh_262k_no22,3,1,coverage-q022-o1-m00,coverage-q022-o1-m04,0,4,3,0.0,0.3333333333333333,False,3.4999998653074726,0.10897092176649009,1.0,1.0,0.0
agentmemorybench:fact-mh-262k:context-0/factconsolidation_mh_262k_no22,3,1,coverage-q022-o1-m01,coverage-q022-o1-m03,1,3,2,0.3333333333333333,0.6666666666666666,False,0.24999986262992024,0.0032698269307079864,0.0,0.0,-1.0
agentmemorybench:fact-mh-262k:context-0/factconsolidation_mh_262k_no22,3,1,coverage-q022-o1-m01,coverage-q022-o1-m05,1,5,3,0.3333333333333333,0.6666666666666666,False,0.1250001103617251,0.0017342662384617347,1.0,1.0,0.0
agentmemorybench:fact-mh-262k:context-0/factconsolidation_mh_262k_no22,3,1,coverage-q022-o1-m02,coverage-q022-o1-m03,2,3,1,0.3333333333333333,0.6666666666666666,False,6.3124999101273715,0.855348503087025,0.0,0.0,0.0
agentmemorybench:fact-mh-262k:context-0/factconsolidation_mh_262k_no22,3,1,coverage-q022-o1-m02,coverage-q022-o1-m06,2,6,3,0.3333333333333333,0.6666666666666666,False,2.5625000074505806,0.532446317808215,1.0,1.0,0.0
agentmemorybench:fact-mh-262k:context-0/factconsolidation_mh_262k_no22,3,1,coverage-q022-o1-m03,coverage-q022-o1-m07,3,7,3,0.6666666666666666,1.0,True,4.125000190906576,0.01149615499111678,1.0,1.0,0.0
agentmemorybench:fact-mh-262k:context-0/factconsolidation_mh_262k_no22,3,1,coverage-q022-o1-m04,coverage-q022-o1-m05,4,5,1,0.3333333333333333,0.6666666666666666,False,6.375000139232725,0.8739817741056992,0.0,0.0,0.0
agentmemorybench:fact-mh-262k:context-0/factconsolidation_mh_262k_no22,3,1,coverage-q022-o1-m04,coverage-q022-o1-m06,4,6,2,0.3333333333333333,0.6666666666666666,False,2.749999988824129,0.5526151495191355,0.0,0.0,-1.0
agentmemorybench:fact-mh-262k:context-0/factconsolidation_mh_262k_no22,3,1,coverage-q022-o1-m05,coverage-q022-o1-m07,5,7,2,0.6666666666666666,1.0,True,4.249999943174771,0.013031715683363032,0.0,0.0,-1.0
agentmemorybench:fact-mh-262k:context-0/factconsolidation_mh_262k_no22,3,1,coverage-q022-o1-m06,coverage-q022-o1-m07,6,7,1,0.6666666666666666,1.0,True,7.875000093583367,0.33439834026992676,0.0,0.0,0.0
agentmemorybench:fact-mh-262k:context-0/factconsolidation_mh_262k_no23,2,0,coverage-q023-o0-m00,coverage-q023-o0-m01,0,1,1,0.0,0.5,False,8.750000113272108,0.8660035339897515,0.0,0.0,2.0
agentmemorybench:fact-mh-262k:context-0/factconsolidation_mh_262k_no23,2,0,coverage-q023-o0-m00,coverage-q023-o0-m02,0,2,2,0.0,0.5,False,3.8750000462168828,0.0463936412017405,1.0,1.0,0.0
agentmemorybench:fact-mh-262k:context-0/factconsolidation_mh_262k_no23,2,0,coverage-q023-o0-m01,coverage-q023-o0-m03,1,3,2,0.5,1.0,True,7.624999958585249,0.13288938881693468,1.0,1.0,0.0
agentmemorybench:fact-mh-262k:context-0/factconsolidation_mh_262k_no23,2,0,coverage-q023-o0-m02,coverage-q023-o0-m03,2,3,1,0.5,1.0,True,12.500000025640475,0.9524992816049457,0.0,0.0,2.0
agentmemorybench:fact-mh-262k:context-0/factconsolidation_mh_262k_no23,2,1,coverage-q023-o1-m00,coverage-q023-o1-m01,0,1,1,0.0,0.5,False,7.75000003434252,0.7535899590213193,0.0,0.0,2.0
agentmemorybench:fact-mh-262k:context-0/factconsolidation_mh_262k_no23,2,1,coverage-q023-o1-m00,coverage-q023-o1-m02,0,2,2,0.0,0.5,False,2.0625000566942617,0.0090031301108168,1.0,1.0,0.0
agentmemorybench:fact-mh-262k:context-0/factconsolidation_mh_262k_no23,2,1,coverage-q023-o1-m01,coverage-q023-o1-m03,1,3,2,0.5,1.0,True,5.87500021699816,0.244173967622337,1.0,1.0,0.0
agentmemorybench:fact-mh-262k:context-0/factconsolidation_mh_262k_no23,2,1,coverage-q023-o1-m02,coverage-q023-o1-m03,2,3,1,0.5,1.0,True,11.562500194646418,0.9887607965328395,0.0,0.0,2.0
agentmemorybench:fact-mh-262k:context-0/factconsolidation_mh_262k_no24,2,0,coverage-q024-o0-m00,coverage-q024-o0-m01,0,1,1,0.0,0.5,False,10.500000352272764,0.988249833788132,0.8,0.8,-2.0
agentmemorybench:fact-mh-262k:context-0/factconsolidation_mh_262k_no24,2,0,coverage-q024-o0-m00,coverage-q024-o0-m02,0,2,2,0.0,0.5,False,2.6250002859160304,0.0981131206644249,0.2,0.2,-3.0
agentmemorybench:fact-mh-262k:context-0/factconsolidation_mh_262k_no24,2,0,coverage-q024-o0-m01,coverage-q024-o0-m03,1,3,2,0.5,1.0,True,4.7499994646768755,0.0031451465782240673,0.19999999999999996,0.19999999999999996,-3.0
agentmemorybench:fact-mh-262k:context-0/factconsolidation_mh_262k_no24,2,0,coverage-q024-o0-m02,coverage-q024-o0-m03,2,3,1,0.5,1.0,True,12.624999531033609,0.8932818597019312,0.8,0.8,-2.0
agentmemorybench:fact-mh-262k:context-0/factconsolidation_mh_262k_no24,2,1,coverage-q024-o1-m00,coverage-q024-o1-m01,0,1,1,0.0,0.5,False,11.50000034715049,0.9902530057037252,1.0,1.0,-2.0
agentmemorybench:fact-mh-262k:context-0/factconsolidation_mh_262k_no24,2,1,coverage-q024-o1-m00,coverage-q024-o1-m02,0,2,2,0.0,0.5,False,1.6250000996515155,0.0335102422827394,0.2,0.2,-3.0
agentmemorybench:fact-mh-262k:context-0/factconsolidation_mh_262k_no24,2,1,coverage-q024-o1-m01,coverage-q024-o1-m03,1,3,2,0.5,1.0,True,2.1250000349245965,0.0010296879742551779,0.0,0.0,-3.0
agentmemorybench:fact-mh-262k:context-0/factconsolidation_mh_262k_no24,2,1,coverage-q024-o1-m02,coverage-q024-o1-m03,2,3,1,0.5,1.0,True,12.00000028242357,0.957772451395241,0.8,0.8,-2.0
agentmemorybench:fact-mh-262k:context-0/factconsolidation_mh_262k_no26,2,0,coverage-q026-o0-m00,coverage-q026-o0-m01,0,1,1,0.0,0.5,False,7.250000141793862,0.8318899410141966,0.0,0.0,1.0
agentmemorybench:fact-mh-262k:context-0/factconsolidation_mh_262k_no26,2,0,coverage-q026-o0-m00,coverage-q026-o0-m02,0,2,2,0.0,0.5,False,1.624999881023541,0.014392603911997199,1.0,1.0,1.0
agentmemorybench:fact-mh-262k:context-0/factconsolidation_mh_262k_no26,2,0,coverage-q026-o0-m01,coverage-q026-o0-m03,1,3,2,0.5,1.0,True,5.624999851570465,0.16380678627937428,1.0,1.0,1.0
agentmemorybench:fact-mh-262k:context-0/factconsolidation_mh_262k_no26,2,0,coverage-q026-o0-m02,coverage-q026-o0-m03,2,3,1,0.5,1.0,True,11.250000112340786,0.9813041233815736,0.0,0.0,1.0
agentmemorybench:fact-mh-262k:context-0/factconsolidation_mh_262k_no26,2,1,coverage-q026-o1-m00,coverage-q026-o1-m01,0,1,1,0.0,0.5,False,7.37499987334013,0.7751171393594702,0.0,0.0,1.0
agentmemorybench:fact-mh-262k:context-0/factconsolidation_mh_262k_no26,2,1,coverage-q026-o1-m00,coverage-q026-o1-m02,0,2,2,0.0,0.5,False,3.3749998174607754,0.0579039286787322,1.0,1.0,1.0
agentmemorybench:fact-mh-262k:context-0/factconsolidation_mh_262k_no26,2,1,coverage-q026-o1-m01,coverage-q026-o1-m03,1,3,2,0.5,1.0,True,4.875000163447112,0.2205174278299603,1.0,1.0,1.0
agentmemorybench:fact-mh-262k:context-0/factconsolidation_mh_262k_no26,2,1,coverage-q026-o1-m02,coverage-q026-o1-m03,2,3,1,0.5,1.0,True,8.875000219326466,0.9377306385106984,0.0,0.0,1.0
agentmemorybench:fact-mh-262k:context-0/factconsolidation_mh_262k_no28,2,0,coverage-q028-o0-m00,coverage-q028-o0-m01,0,1,1,0.0,0.5,False,7.749999917577952,0.9390194300758722,0.0,0.0,-3.0
agentmemorybench:fact-mh-262k:context-0/factconsolidation_mh_262k_no28,2,0,coverage-q028-o0-m00,coverage-q028-o0-m02,0,2,2,0.0,0.5,False,0.9999998877756298,0.0127551113694611,1.0,1.0,-1.0
agentmemorybench:fact-mh-262k:context-0/factconsolidation_mh_262k_no28,2,0,coverage-q028-o0-m01,coverage-q028-o0-m03,1,3,2,0.5,1.0,True,3.875000170781277,0.05223381771062818,1.0,1.0,-1.0
agentmemorybench:fact-mh-262k:context-0/factconsolidation_mh_262k_no28,2,0,coverage-q028-o0-m02,coverage-q028-o0-m03,2,3,1,0.5,1.0,True,10.6250002005836,0.9784981364170393,0.0,0.0,-3.0
agentmemorybench:fact-mh-262k:context-0/factconsolidation_mh_262k_no28,2,1,coverage-q028-o1-m00,coverage-q028-o1-m01,0,1,1,0.0,0.5,False,9.125000094762072,0.9637413420755723,0.0,0.0,-3.0
agentmemorybench:fact-mh-262k:context-0/factconsolidation_mh_262k_no28,2,1,coverage-q028-o1-m00,coverage-q028-o1-m02,0,2,2,0.0,0.5,False,1.7499999140854925,0.0148135257405423,1.0,1.0,-1.0
agentmemorybench:fact-mh-262k:context-0/factconsolidation_mh_262k_no28,2,1,coverage-q028-o1-m01,coverage-q028-o1-m03,1,3,2,0.5,1.0,True,2.1249999220017344,0.0290158374425048,1.0,1.0,-1.0
agentmemorybench:fact-mh-262k:context-0/factconsolidation_mh_262k_no28,2,1,coverage-q028-o1-m02,coverage-q028-o1-m03,2,3,1,0.5,1.0,True,9.500000102678314,0.9779436537775348,0.0,0.0,-3.0
agentmemorybench:fact-mh-262k:context-0/factconsolidation_mh_262k_no29,2,0,coverage-q029-o0-m00,coverage-q029-o0-m01,0,1,1,0.0,0.5,False,6.6250000493600965,0.7929666592712887,0.0,0.0,0.0
agentmemorybench:fact-mh-262k:context-0/factconsolidation_mh_262k_no29,2,0,coverage-q029-o0-m00,coverage-q029-o0-m02,0,2,2,0.0,0.5,False,0.2500001615844667,0.0014727262981731005,0.6,0.6,-2.0
agentmemorybench:fact-mh-262k:context-0/factconsolidation_mh_262k_no29,2,0,coverage-q029-o0-m01,coverage-q029-o0-m03,1,3,2,0.5,1.0,True,4.499999743420631,0.19901228750042654,1.0,1.0,-2.0
agentmemorybench:fact-mh-262k:context-0/factconsolidation_mh_262k_no29,2,0,coverage-q029-o0-m02,coverage-q029-o0-m03,2,3,1,0.5,1.0,True,10.87499963119626,0.9905062204735422,0.4,0.4,0.0
agentmemorybench:fact-mh-262k:context-0/factconsolidation_mh_262k_no29,2,1,coverage-q029-o1-m00,coverage-q029-o1-m01,0,1,1,0.0,0.5,False,7.999999857507646,0.9200716738114662,0.0,0.0,0.0
agentmemorybench:fact-mh-262k:context-0/factconsolidation_mh_262k_no29,2,1,coverage-q029-o1-m00,coverage-q029-o1-m02,0,2,2,0.0,0.5,False,0.8750001406297088,0.0056383402470923,0.8,0.8,-2.0
agentmemorybench:fact-mh-262k:context-0/factconsolidation_mh_262k_no29,2,1,coverage-q029-o1-m01,coverage-q029-o1-m03,1,3,2,0.5,1.0,True,4.124999939580448,0.07453316572334823,1.0,1.0,-2.0
agentmemorybench:fact-mh-262k:context-0/factconsolidation_mh_262k_no29,2,1,coverage-q029-o1-m02,coverage-q029-o1-m03,2,3,1,0.5,1.0,True,11.249999656458385,0.9889664992877222,0.19999999999999996,0.19999999999999996,0.0
agentmemorybench:fact-mh-262k:context-0/factconsolidation_mh_262k_no3,2,0,coverage-q003-o0-m00,coverage-q003-o0-m01,0,1,1,0.0,0.5,False,9.249999897321686,0.9787530092456063,0.0,0.0,3.0
agentmemorybench:fact-mh-262k:context-0/factconsolidation_mh_262k_no3,2,0,coverage-q003-o0-m00,coverage-q003-o0-m02,0,2,2,0.0,0.5,False,5.187500060303137,0.5249194716137789,1.0,1.0,-3.0
agentmemorybench:fact-mh-262k:context-0/factconsolidation_mh_262k_no3,2,0,coverage-q003-o0-m01,coverage-q003-o0-m03,1,3,2,0.5,1.0,True,3.8125004597532097,0.01462173896343899,1.0,1.0,-3.0
agentmemorybench:fact-mh-262k:context-0/factconsolidation_mh_262k_no3,2,0,coverage-q003-o0-m02,coverage-q003-o0-m03,2,3,1,0.5,1.0,True,7.875000296771759,0.4684552765952663,0.0,0.0,3.0
agentmemorybench:fact-mh-262k:context-0/factconsolidation_mh_262k_no3,2,1,coverage-q003-o1-m00,coverage-q003-o1-m01,0,1,1,0.0,0.5,False,9.812500227009878,0.9841076540760808,0.0,0.0,3.0
agentmemorybench:fact-mh-262k:context-0/factconsolidation_mh_262k_no3,2,1,coverage-q003-o1-m00,coverage-q003-o1-m02,0,2,2,0.0,0.5,False,4.5625002179294825,0.504632975460494,1.0,1.0,-3.0
agentmemorybench:fact-mh-262k:context-0/factconsolidation_mh_262k_no3,2,1,coverage-q003-o1-m01,coverage-q003-o1-m03,1,3,2,0.5,1.0,True,3.12500025438203,0.004688861668541433,1.0,1.0,-3.0
agentmemorybench:fact-mh-262k:context-0/factconsolidation_mh_262k_no3,2,1,coverage-q003-o1-m02,coverage-q003-o1-m03,2,3,1,0.5,1.0,True,8.375000263462425,0.4841635402841282,0.0,0.0,3.0
agentmemorybench:fact-mh-262k:context-0/factconsolidation_mh_262k_no30,2,0,coverage-q030-o0-m00,coverage-q030-o0-m01,0,1,1,0.0,0.5,False,7.000000125262886,0.8467326823315028,0.0,0.0,1.0
agentmemorybench:fact-mh-262k:context-0/factconsolidation_mh_262k_no30,2,0,coverage-q030-o0-m00,coverage-q030-o0-m02,0,2,2,0.0,0.5,False,5.250000080559403,0.4947798747247766,1.0,1.0,1.0
agentmemorybench:fact-mh-262k:context-0/factconsolidation_mh_262k_no30,2,0,coverage-q030-o0-m01,coverage-q030-o0-m03,1,3,2,0.5,1.0,True,5.375000163388904,0.1472431066248342,1.0,1.0,1.0
agentmemorybench:fact-mh-262k:context-0/factconsolidation_mh_262k_no30,2,0,coverage-q030-o0-m02,coverage-q030-o0-m03,2,3,1,0.5,1.0,True,7.125000208092388,0.4991959142315604,0.0,0.0,1.0
agentmemorybench:fact-mh-262k:context-0/factconsolidation_mh_262k_no30,2,1,coverage-q030-o1-m00,coverage-q030-o1-m01,0,1,1,0.0,0.5,False,6.374999980442226,0.8560488278507583,0.0,0.0,1.0
agentmemorybench:fact-mh-262k:context-0/factconsolidation_mh_262k_no30,2,1,coverage-q030-o1-m00,coverage-q030-o1-m02,0,2,2,0.0,0.5,False,4.749999876134098,0.5511895569092494,1.0,1.0,1.0
agentmemorybench:fact-mh-262k:context-0/factconsolidation_mh_262k_no30,2,1,coverage-q030-o1-m01,coverage-q030-o1-m03,1,3,2,0.5,1.0,True,5.62499981833389,0.13241144949303107,1.0,1.0,1.0
agentmemorybench:fact-mh-262k:context-0/factconsolidation_mh_262k_no30,2,1,coverage-q030-o1-m02,coverage-q030-o1-m03,2,3,1,0.5,1.0,True,7.249999922642019,0.43727072043453996,0.0,0.0,1.0
agentmemorybench:fact-mh-262k:context-0/factconsolidation_mh_262k_no31,2,0,coverage-q031-o0-m00,coverage-q031-o0-m01,0,1,1,0.0,0.5,False,-0.12499994039535522,-0.028895519692683114,0.0,0.0,-1.0
agentmemorybench:fact-mh-262k:context-0/factconsolidation_mh_262k_no31,2,0,coverage-q031-o0-m00,coverage-q031-o0-m02,0,2,2,0.0,0.5,False,0.3750000298023224,0.07970372073181087,1.0,1.0,2.0
agentmemorybench:fact-mh-262k:context-0/factconsolidation_mh_262k_no31,2,0,coverage-q031-o0-m01,coverage-q031-o0-m03,1,3,2,0.5,1.0,True,11.250000089482455,0.3775327725328439,1.0,1.0,2.0
agentmemorybench:fact-mh-262k:context-0/factconsolidation_mh_262k_no31,2,0,coverage-q031-o0-m02,coverage-q031-o0-m03,2,3,1,0.5,1.0,True,10.750000119284778,0.2689335321083499,0.0,0.0,-1.0
agentmemorybench:fact-mh-262k:context-0/factconsolidation_mh_262k_no31,2,1,coverage-q031-o1-m00,coverage-q031-o1-m01,0,1,1,0.0,0.5,False,1.7499999701976776,0.4102372706773363,0.0,0.0,-1.0
agentmemorybench:fact-mh-262k:context-0/factconsolidation_mh_262k_no31,2,1,coverage-q031-o1-m00,coverage-q031-o1-m02,0,2,2,0.0,0.5,False,2.0000000596046448,0.46211716897899413,1.0,1.0,2.0
agentmemorybench:fact-mh-262k:context-0/factconsolidation_mh_262k_no31,2,1,coverage-q031-o1-m01,coverage-q031-o1-m03,1,3,2,0.5,1.0,True,9.375000061030732,0.3207812501199888,1.0,1.0,2.0
agentmemorybench:fact-mh-262k:context-0/factconsolidation_mh_262k_no31,2,1,coverage-q031-o1-m02,coverage-q031-o1-m03,2,3,1,0.5,1.0,True,9.124999971623765,0.26890135181833097,0.0,0.0,-1.0
agentmemorybench:fact-mh-262k:context-0/factconsolidation_mh_262k_no32,4,0,coverage-q032-o0-m00,coverage-q032-o0-m01,0,1,1,0.0,0.25,False,2.6875000400468707,0.2666296856213295,0.0,0.0,-1.0
agentmemorybench:fact-mh-262k:context-0/factconsolidation_mh_262k_no32,4,0,coverage-q032-o0-m00,coverage-q032-o0-m02,0,2,2,0.0,0.25,False,3.062500069849193,0.3499553884450135,0.0,0.0,-1.0
agentmemorybench:fact-mh-262k:context-0/factconsolidation_mh_262k_no32,4,0,coverage-q032-o0-m00,coverage-q032-o0-m04,0,4,3,0.0,0.25,False,-0.06249997578561306,-0.0016279243091459998,0.0,0.0,-1.0
agentmemorybench:fact-mh-262k:context-0/factconsolidation_mh_262k_no32,4,0,coverage-q032-o0-m00,coverage-q032-o0-m08,0,8,4,0.0,0.25,False,1.3125000474974513,0.0677641826179623,1.0,1.0,0.0
agentmemorybench:fact-mh-262k:context-0/factconsolidation_mh_262k_no32,4,0,coverage-q032-o0-m01,coverage-q032-o0-m03,1,3,2,0.25,0.5,False,1.7499999850988388,0.41157005257975865,0.0,0.0,-1.0
agentmemorybench:fact-mh-262k:context-0/factconsolidation_mh_262k_no32,4,0,coverage-q032-o0-m01,coverage-q032-o0-m05,1,5,3,0.25,0.5,False,0.12500004470348358,0.026606338097034,0.0,0.0,-1.0
agentmemorybench:fact-mh-262k:context-0/factconsolidation_mh_262k_no32,4,0,coverage-q032-o0-m01,coverage-q032-o0-m09,1,9,4,0.25,0.5,False,1.2500000298023224,0.2984516339796083,1.0,1.0,0.0
agentmemorybench:fact-mh-262k:context-0/factconsolidation_mh_262k_no32,4,0,coverage-q032-o0-m02,coverage-q032-o0-m03,2,3,1,0.25,0.5,False,1.3749999552965164,0.32824434975607464,0.0,0.0,-1.0
agentmemorybench:fact-mh-262k:context-0/factconsolidation_mh_262k_no32,4,0,coverage-q032-o0-m02,coverage-q032-o0-m06,2,6,3,0.25,0.5,False,1.1875000298023224,0.2878698965838381,0.0,0.0,-1.0
agentmemorybench:fact-mh-262k:context-0/factconsolidation_mh_262k_no32,4,0,coverage-q032-o0-m02,coverage-q032-o0-m10,2,10,4,0.25,0.5,False,1.4375000447034836,0.3410537328124923,1.0,1.0,0.0
agentmemorybench:fact-mh-262k:context-0/factconsolidation_mh_262k_no32,4,0,coverage-q032-o0-m03,coverage-q032-o0-m07,3,7,3,0.5,0.75,False,1.0000000447034836,0.16125074124795058,0.0,0.0,-1.0
agentmemorybench:fact-mh-262k:context-0/factconsolidation_mh_262k_no32,4,0,coverage-q032-o0-m03,coverage-q032-o0-m11,3,11,4,0.5,0.75,False,0.8125000298023224,0.1381100820373008,1.0,1.0,0.0
agentmemorybench:fact-mh-262k:context-0/factconsolidation_mh_262k_no32,4,0,coverage-q032-o0-m04,coverage-q032-o0-m05,4,5,1,0.25,0.5,False,2.8750000605359674,0.2948639480275095,0.0,0.0,-1.0
agentmemorybench:fact-mh-262k:context-0/factconsolidation_mh_262k_no32,4,0,coverage-q032-o0-m04,coverage-q032-o0-m06,4,6,2,0.25,0.5,False,4.3125000754371285,0.6394532093379977,0.0,0.0,-1.0
agentmemorybench:fact-mh-262k:context-0/factconsolidation_mh_262k_no32,4,0,coverage-q032-o0-m04,coverage-q032-o0-m12,4,12,4,0.25,0.5,False,4.4375000754371285,0.6666846334353389,1.0,1.0,0.0
agentmemorybench:fact-mh-262k:context-0/factconsolidation_mh_262k_no32,4,0,coverage-q032-o0-m05,coverage-q032-o0-m07,5,7,2,0.5,0.75,False,2.624999985098839,0.5462144557306752,0.0,0.0,-1.0
agentmemorybench:fact-mh-262k:context-0/factconsolidation_mh_262k_no32,4,0,coverage-q032-o0-m05,coverage-q032-o0-m13,5,13,4,0.5,0.75,False,3.1874999701976776,0.5988212260050996,1.0,1.0,0.0
agentmemorybench:fact-mh-262k:context-0/factconsolidation_mh_262k_no32,4,0,coverage-q032-o0-m06,coverage-q032-o0-m07,6,7,1,0.5,0.75,False,1.1874999701976776,0.20162519442018711,0.0,0.0,-1.0
agentmemorybench:fact-mh-262k:context-0/factconsolidation_mh_262k_no32,4,0,coverage-q032-o0-m06,coverage-q032-o0-m14,6,14,4,0.5,0.75,False,5.2499999043066055,0.33195776047018444,1.0,1.0,0.0
agentmemorybench:fact-mh-262k:context-0/factconsolidation_mh_262k_no32,4,0,coverage-q032-o0-m07,coverage-q032-o0-m15,7,15,4,0.75,1.0,True,7.000000309366442,0.13282441816543233,1.0,1.0,0.0
agentmemorybench:fact-mh-262k:context-0/factconsolidation_mh_262k_no32,4,0,coverage-q032-o0-m08,coverage-q032-o0-m09,8,9,1,0.25,0.5,False,2.625000022351742,0.49731713698297547,0.0,0.0,-1.0
agentmemorybench:fact-mh-262k:context-0/factconsolidation_mh_262k_no32,4,0,coverage-q032-o0-m08,coverage-q032-o0-m10,8,10,2,0.25,0.5,False,3.1875000670552254,0.6232449386395436,0.0,0.0,-1.0
agentmemorybench:fact-mh-262k:context-0/factconsolidation_mh_262k_no32,4,0,coverage-q032-o0-m08,coverage-q032-o0-m12,8,12,3,0.25,0.5,False,3.062500052154064,0.5972925265082305,0.0,0.0,-1.0
agentmemorybench:fact-mh-262k:context-0/factconsolidation_mh_262k_no32,4,0,coverage-q032-o0-m09,coverage-q032-o0-m11,9,11,2,0.5,0.75,False,1.3124999850988388,0.25122850063745117,0.0,0.0,-1.0
agentmemorybench:fact-mh-262k:context-0/factconsolidation_mh_262k_no32,4,0,coverage-q032-o0-m09,coverage-q032-o0-m13,9,13,3,0.5,0.75,False,2.062499985098839,0.32697593012252535,0.0,0.0,-1.0
agentmemorybench:fact-mh-262k:context-0/factconsolidation_mh_262k_no32,4,0,coverage-q032-o0-m10,coverage-q032-o0-m11,10,11,1,0.5,0.75,False,0.7499999403953552,0.12530069898088314,0.0,0.0,-1.0
agentmemorybench:fact-mh-262k:context-0/factconsolidation_mh_262k_no32,4,0,coverage-q032-o0-m10,coverage-q032-o0-m14,10,14,3,0.5,0.75,False,4.999999889405444,0.27877392424153025,0.0,0.0,-1.0
agentmemorybench:fact-mh-262k:context-0/factconsolidation_mh_262k_no32,4,0,coverage-q032-o0-m11,coverage-q032-o0-m15,11,15,3,0.75,1.0,True,7.187500324267603,0.15596507737608212,0.0,0.0,-1.0
agentmemorybench:fact-mh-262k:context-0/factconsolidation_mh_262k_no32,4,0,coverage-q032-o0-m12,coverage-q032-o0-m13,12,13,1,0.5,0.75,False,1.6249999552965164,0.22700054059727026,0.0,0.0,-1.0
agentmemorybench:fact-mh-262k:context-0/factconsolidation_mh_262k_no32,4,0,coverage-q032-o0-m12,coverage-q032-o0-m14,12,14,2,0.5,0.75,False,5.1249999043066055,0.3047263363728432,0.0,0.0,-1.0
agentmemorybench:fact-mh-262k:context-0/factconsolidation_mh_262k_no32,4,0,coverage-q032-o0-m13,coverage-q032-o0-m15,13,15,2,0.75,1.0,True,6.437500324267603,0.08021764789100794,0.0,0.0,-1.0
agentmemorybench:fact-mh-262k:context-0/factconsolidation_mh_262k_no32,4,0,coverage-q032-o0-m14,coverage-q032-o0-m15,14,15,1,0.75,1.0,True,2.937500375257514,0.0024918521154350115,0.0,0.0,-1.0
agentmemorybench:fact-mh-262k:context-0/factconsolidation_mh_262k_no32,4,1,coverage-q032-o1-m00,coverage-q032-o1-m01,0,1,1,0.0,0.25,False,4.937499824445695,0.5677868870165196,0.0,0.0,-1.0
agentmemorybench:fact-mh-262k:context-0/factconsolidation_mh_262k_no32,4,1,coverage-q032-o1-m00,coverage-q032-o1-m02,0,2,2,0.0,0.25,False,4.187499824445695,0.3826283519978161,0.0,0.0,-1.0
agentmemorybench:fact-mh-262k:context-0/factconsolidation_mh_262k_no32,4,1,coverage-q032-o1-m00,coverage-q032-o1-m04,0,4,3,0.0,0.25,False,0.9999998393468559,0.016248879405259202,0.0,0.0,-1.0
agentmemorybench:fact-mh-262k:context-0/factconsolidation_mh_262k_no32,4,1,coverage-q032-o1-m00,coverage-q032-o1-m08,0,8,4,0.0,0.25,False,1.8749998114071786,0.050378171268349,1.0,1.0,0.0
agentmemorybench:fact-mh-262k:context-0/factconsolidation_mh_262k_no32,4,1,coverage-q032-o1-m01,coverage-q032-o1-m03,1,3,2,0.25,0.5,False,1.5625000298023224,0.2895403980521122,0.0,0.0,-1.0
agentmemorybench:fact-mh-262k:context-0/factconsolidation_mh_262k_no32,4,1,coverage-q032-o1-m01,coverage-q032-o1-m05,1,5,3,0.25,0.5,False,0.5624999850988388,0.12828965955693572,0.0,0.0,-1.0
agentmemorybench:fact-mh-262k:context-0/factconsolidation_mh_262k_no32,4,1,coverage-q032-o1-m01,coverage-q032-o1-m09,1,9,4,0.25,0.5,False,0.5624999552965164,0.12828965336840825,1.0,1.0,0.0
agentmemorybench:fact-mh-262k:context-0/factconsolidation_mh_262k_no32,4,1,coverage-q032-o1-m02,coverage-q032-o1-m03,2,3,1,0.25,0.5,False,2.3125000298023224,0.4746989330708157,0.0,0.0,-1.0
agentmemorybench:fact-mh-262k:context-0/factconsolidation_mh_262k_no32,4,1,coverage-q032-o1-m02,coverage-q032-o1-m06,2,6,3,0.25,0.5,False,1.8125,0.4058499475725129,0.0,0.0,-1.0
agentmemorybench:fact-mh-262k:context-0/factconsolidation_mh_262k_no32,4,1,coverage-q032-o1-m02,coverage-q032-o1-m10,2,10,4,0.25,0.5,False,1.1874999850988388,0.28684186576139625,1.0,1.0,0.0
agentmemorybench:fact-mh-262k:context-0/factconsolidation_mh_262k_no32,4,1,coverage-q032-o1-m03,coverage-q032-o1-m07,3,7,3,0.5,0.75,False,1.187500013038516,0.08828336831806527,0.0,0.0,-1.0
agentmemorybench:fact-mh-262k:context-0/factconsolidation_mh_262k_no32,4,1,coverage-q032-o1-m03,coverage-q032-o1-m11,3,11,4,0.5,0.75,False,1.1249999962747097,0.08553836476258248,1.0,1.0,0.0
agentmemorybench:fact-mh-262k:context-0/factconsolidation_mh_262k_no32,4,1,coverage-q032-o1-m04,coverage-q032-o1-m05,4,5,1,0.25,0.5,False,4.499999970197678,0.6798276671681961,0.0,0.0,-1.0
agentmemorybench:fact-mh-262k:context-0/factconsolidation_mh_262k_no32,4,1,coverage-q032-o1-m04,coverage-q032-o1-m06,4,6,2,0.25,0.5,False,4.999999985098839,0.7722294201650698,0.0,0.0,-1.0
agentmemorybench:fact-mh-262k:context-0/factconsolidation_mh_262k_no32,4,1,coverage-q032-o1-m04,coverage-q032-o1-m12,4,12,4,0.25,0.5,False,2.562499985098839,0.23087463381296738,1.0,1.0,0.0
agentmemorybench:fact-mh-262k:context-0/factconsolidation_mh_262k_no32,4,1,coverage-q032-o1-m05,coverage-q032-o1-m07,5,7,2,0.5,0.75,False,2.1875000577419996,0.24953410681324173,0.0,0.0,-1.0
agentmemorybench:fact-mh-262k:context-0/factconsolidation_mh_262k_no32,4,1,coverage-q032-o1-m05,coverage-q032-o1-m13,5,13,4,0.5,0.75,False,1.5000000074505806,0.2091159296701509,1.0,1.0,0.0
agentmemorybench:fact-mh-262k:context-0/factconsolidation_mh_262k_no32,4,1,coverage-q032-o1-m06,coverage-q032-o1-m07,6,7,1,0.5,0.75,False,1.6875000428408384,0.15713235381636803,0.0,0.0,-1.0
agentmemorybench:fact-mh-262k:context-0/factconsolidation_mh_262k_no32,4,1,coverage-q032-o1-m06,coverage-q032-o1-m14,6,14,4,0.5,0.75,False,1.6250000707805157,0.1543873522804392,1.0,1.0,0.0
agentmemorybench:fact-mh-262k:context-0/factconsolidation_mh_262k_no32,4,1,coverage-q032-o1-m07,coverage-q032-o1-m15,7,15,4,0.75,1.0,True,3.499999968102202,0.04327050996280457,1.0,1.0,0.0
agentmemorybench:fact-mh-262k:context-0/factconsolidation_mh_262k_no32,4,1,coverage-q032-o1-m08,coverage-q032-o1-m09,8,9,1,0.25,0.5,False,3.6249999683350325,0.6456983691165789,0.0,0.0,-1.0
agentmemorybench:fact-mh-262k:context-0/factconsolidation_mh_262k_no32,4,1,coverage-q032-o1-m08,coverage-q032-o1-m10,8,10,2,0.25,0.5,False,3.499999998137355,0.6190920464908634,0.0,0.0,-1.0
agentmemorybench:fact-mh-262k:context-0/factconsolidation_mh_262k_no32,4,1,coverage-q032-o1-m08,coverage-q032-o1-m12,8,12,3,0.25,0.5,False,1.687500013038516,0.19674534194987758,0.0,0.0,-1.0
agentmemorybench:fact-mh-262k:context-0/factconsolidation_mh_262k_no32,4,1,coverage-q032-o1-m09,coverage-q032-o1-m11,9,11,2,0.5,0.75,False,2.1250000707805157,0.2467891094462864,0.0,0.0,-1.0
agentmemorybench:fact-mh-262k:context-0/factconsolidation_mh_262k_no32,4,1,coverage-q032-o1-m09,coverage-q032-o1-m13,9,13,3,0.5,0.75,False,1.500000037252903,0.20911593585867838,0.0,0.0,-1.0
agentmemorybench:fact-mh-262k:context-0/factconsolidation_mh_262k_no32,4,1,coverage-q032-o1-m10,coverage-q032-o1-m11,10,11,1,0.5,0.75,False,2.2500000409781933,0.2733954320720019,0.0,0.0,-1.0
agentmemorybench:fact-mh-262k:context-0/factconsolidation_mh_262k_no32,4,1,coverage-q032-o1-m10,coverage-q032-o1-m14,10,14,3,0.5,0.75,False,2.250000085681677,0.27339543409155587,0.0,0.0,-1.0
agentmemorybench:fact-mh-262k:context-0/factconsolidation_mh_262k_no32,4,1,coverage-q032-o1-m11,coverage-q032-o1-m15,11,15,3,0.75,1.0,True,3.562499984866008,0.046015513518287365,0.0,0.0,-1.0
agentmemorybench:fact-mh-262k:context-0/factconsolidation_mh_262k_no32,4,1,coverage-q032-o1-m12,coverage-q032-o1-m13,12,13,1,0.5,0.75,False,3.4374999925494194,0.6580689630253796,0.0,0.0,-1.0
agentmemorybench:fact-mh-262k:context-0/factconsolidation_mh_262k_no32,4,1,coverage-q032-o1-m12,coverage-q032-o1-m14,12,14,2,0.5,0.75,False,4.062500070780516,0.6957421386325416,0.0,0.0,-1.0
agentmemorybench:fact-mh-262k:context-0/factconsolidation_mh_262k_no32,4,1,coverage-q032-o1-m13,coverage-q032-o1-m15,13,15,2,0.75,1.0,True,4.187500018393621,0.08368868710589539,0.0,0.0,-1.0
agentmemorybench:fact-mh-262k:context-0/factconsolidation_mh_262k_no32,4,1,coverage-q032-o1-m14,coverage-q032-o1-m15,14,15,1,0.75,1.0,True,3.5624999401625246,0.0460155114987334,0.0,0.0,-1.0
agentmemorybench:fact-mh-262k:context-0/factconsolidation_mh_262k_no34,3,0,coverage-q034-o0-m00,coverage-q034-o0-m01,0,1,1,0.0,0.3333333333333333,False,1.9375000353902574,0.1113489166000905,0.0,0.0,1.0
agentmemorybench:fact-mh-262k:context-0/factconsolidation_mh_262k_no34,3,0,coverage-q034-o0-m00,coverage-q034-o0-m02,0,2,2,0.0,0.3333333333333333,False,3.1874999757856126,0.32702980819680694,0.0,0.0,0.0
agentmemorybench:fact-mh-262k:context-0/factconsolidation_mh_262k_no34,3,0,coverage-q034-o0-m00,coverage-q034-o0-m04,0,4,3,0.0,0.3333333333333333,False,1.062500031664967,0.0384713211079881,1.0,1.0,-3.0
agentmemorybench:fact-mh-262k:context-0/factconsolidation_mh_262k_no34,3,0,coverage-q034-o0-m01,coverage-q034-o0-m03,1,3,2,0.3333333333333333,0.6666666666666666,False,5.124999847263098,0.8297088598751089,0.0,0.0,0.0
agentmemorybench:fact-mh-262k:context-0/factconsolidation_mh_262k_no34,3,0,coverage-q034-o0-m01,coverage-q034-o0-m05,1,5,3,0.3333333333333333,0.6666666666666666,False,0.7499999105930328,0.11212076262728218,1.0,1.0,-3.0
agentmemorybench:fact-mh-262k:context-0/factconsolidation_mh_262k_no34,3,0,coverage-q034-o0-m02,coverage-q034-o0-m03,2,3,1,0.3333333333333333,0.6666666666666666,False,3.8749999068677425,0.6140279682783925,0.0,0.0,1.0
agentmemorybench:fact-mh-262k:context-0/factconsolidation_mh_262k_no34,3,0,coverage-q034-o0-m02,coverage-q034-o0-m06,2,6,3,0.3333333333333333,0.6666666666666666,False,1.6250000298023224,0.3824134482471833,1.0,1.0,-3.0
agentmemorybench:fact-mh-262k:context-0/factconsolidation_mh_262k_no34,3,0,coverage-q034-o0-m03,coverage-q034-o0-m07,3,7,3,0.6666666666666666,1.0,True,2.874999846564606,0.03514417270235182,1.0,1.0,-3.0
agentmemorybench:fact-mh-262k:context-0/factconsolidation_mh_262k_no34,3,0,coverage-q034-o0-m04,coverage-q034-o0-m05,4,5,1,0.3333333333333333,0.6666666666666666,False,1.6249999143183231,0.1849983581193846,0.0,0.0,1.0
agentmemorybench:fact-mh-262k:context-0/factconsolidation_mh_262k_no34,3,0,coverage-q034-o0-m04,coverage-q034-o0-m06,4,6,2,0.3333333333333333,0.6666666666666666,False,3.749999973922968,0.6709719353360022,0.0,0.0,0.0
agentmemorybench:fact-mh-262k:context-0/factconsolidation_mh_262k_no34,3,0,coverage-q034-o0-m05,coverage-q034-o0-m07,5,7,2,0.6666666666666666,1.0,True,7.249999783234671,0.7527322699501786,0.0,0.0,0.0
agentmemorybench:fact-mh-262k:context-0/factconsolidation_mh_262k_no34,3,0,coverage-q034-o0-m06,coverage-q034-o0-m07,6,7,1,0.6666666666666666,1.0,True,5.124999723630026,0.266758692733561,0.0,0.0,1.0
agentmemorybench:fact-mh-262k:context-0/factconsolidation_mh_262k_no34,3,1,coverage-q034-o1-m00,coverage-q034-o1-m01,0,1,1,0.0,0.3333333333333333,False,2.3750000037252903,0.16209317053790148,0.0,0.0,1.0
agentmemorybench:fact-mh-262k:context-0/factconsolidation_mh_262k_no34,3,1,coverage-q034-o1-m00,coverage-q034-o1-m02,0,2,2,0.0,0.3333333333333333,False,1.625000011175871,0.0750171122733264,0.0,0.0,0.0
agentmemorybench:fact-mh-262k:context-0/factconsolidation_mh_262k_no34,3,1,coverage-q034-o1-m00,coverage-q034-o1-m04,0,4,3,0.0,0.3333333333333333,False,0.8749999925494194,0.027093519404223398,1.0,1.0,-3.0
agentmemorybench:fact-mh-262k:context-0/factconsolidation_mh_262k_no34,3,1,coverage-q034-o1-m01,coverage-q034-o1-m03,1,3,2,0.3333333333333333,0.6666666666666666,False,3.9374999701976776,0.7372170051690405,0.0,0.0,0.0
agentmemorybench:fact-mh-262k:context-0/factconsolidation_mh_262k_no34,3,1,coverage-q034-o1-m01,coverage-q034-o1-m05,1,5,3,0.3333333333333333,0.6666666666666666,False,1.5,0.3175744761936437,1.0,1.0,-3.0
agentmemorybench:fact-mh-262k:context-0/factconsolidation_mh_262k_no34,3,1,coverage-q034-o1-m02,coverage-q034-o1-m03,2,3,1,0.3333333333333333,0.6666666666666666,False,4.687499962747097,0.8242930634336156,0.0,0.0,1.0
agentmemorybench:fact-mh-262k:context-0/factconsolidation_mh_262k_no34,3,1,coverage-q034-o1-m02,coverage-q034-o1-m06,2,6,3,0.3333333333333333,0.6666666666666666,False,2.1249999925494194,0.3734411610844625,1.0,1.0,-3.0
agentmemorybench:fact-mh-262k:context-0/factconsolidation_mh_262k_no34,3,1,coverage-q034-o1-m03,coverage-q034-o1-m07,3,7,3,0.6666666666666666,1.0,True,2.187499852851033,0.07064899284187998,1.0,1.0,-3.0
agentmemorybench:fact-mh-262k:context-0/factconsolidation_mh_262k_no34,3,1,coverage-q034-o1-m04,coverage-q034-o1-m05,4,5,1,0.3333333333333333,0.6666666666666666,False,3.000000011175871,0.45257412732732183,0.0,0.0,1.0
agentmemorybench:fact-mh-262k:context-0/factconsolidation_mh_262k_no34,3,1,coverage-q034-o1-m04,coverage-q034-o1-m06,4,6,2,0.3333333333333333,0.6666666666666666,False,2.875000011175871,0.42136475395356554,0.0,0.0,0.0
agentmemorybench:fact-mh-262k:context-0/factconsolidation_mh_262k_no34,3,1,coverage-q034-o1-m05,coverage-q034-o1-m07,5,7,2,0.6666666666666666,1.0,True,4.624999823048711,0.49029152181727675,0.0,0.0,0.0
agentmemorybench:fact-mh-262k:context-0/factconsolidation_mh_262k_no34,3,1,coverage-q034-o1-m06,coverage-q034-o1-m07,6,7,1,0.6666666666666666,1.0,True,4.749999823048711,0.521500895191033,0.0,0.0,1.0
agentmemorybench:fact-mh-262k:context-0/factconsolidation_mh_262k_no37,2,0,coverage-q037-o0-m00,coverage-q037-o0-m01,0,1,1,0.0,0.5,False,10.24999997834675,0.975521445849615,0.0,0.0,0.0
agentmemorybench:fact-mh-262k:context-0/factconsolidation_mh_262k_no37,2,0,coverage-q037-o0-m00,coverage-q037-o0-m02,0,2,2,0.0,0.5,False,8.125000116182491,0.8339823610983711,1.0,1.0,0.0
agentmemorybench:fact-mh-262k:context-0/factconsolidation_mh_262k_no37,2,0,coverage-q037-o0-m01,coverage-q037-o0-m03,1,3,2,0.5,1.0,True,7.250000450972948,0.022960670584918352,1.0,1.0,0.0
agentmemorybench:fact-mh-262k:context-0/factconsolidation_mh_262k_no37,2,0,coverage-q037-o0-m02,coverage-q037-o0-m03,2,3,1,0.5,1.0,True,9.375000313137207,0.16449975533616223,0.0,0.0,0.0
agentmemorybench:fact-mh-262k:context-0/factconsolidation_mh_262k_no37,2,1,coverage-q037-o1-m00,coverage-q037-o1-m01,0,1,1,0.0,0.5,False,9.87499998928979,0.9792128622376649,0.0,0.0,0.0
agentmemorybench:fact-mh-262k:context-0/factconsolidation_mh_262k_no37,2,1,coverage-q037-o1-m00,coverage-q037-o1-m02,0,2,2,0.0,0.5,False,7.624999998603016,0.8491518694837324,1.0,1.0,0.0
agentmemorybench:fact-mh-262k:context-0/factconsolidation_mh_262k_no37,2,1,coverage-q037-o1-m01,coverage-q037-o1-m03,1,3,2,0.5,1.0,True,5.8750004131034075,0.017934768720901828,1.0,1.0,0.0
agentmemorybench:fact-mh-262k:context-0/factconsolidation_mh_262k_no37,2,1,coverage-q037-o1-m02,coverage-q037-o1-m03,2,3,1,0.5,1.0,True,8.125000403790182,0.1479957614748343,0.0,0.0,0.0
agentmemorybench:fact-mh-262k:context-0/factconsolidation_mh_262k_no38,2,0,coverage-q038-o0-m00,coverage-q038-o0-m01,0,1,1,0.0,0.5,False,9.187499887309968,0.9797352553513738,0.0,0.0,3.0
agentmemorybench:fact-mh-262k:context-0/factconsolidation_mh_262k_no38,2,0,coverage-q038-o0-m00,coverage-q038-o0-m02,0,2,2,0.0,0.5,False,4.062499964609742,0.3260119523476518,1.0,1.0,0.0
agentmemorybench:fact-mh-262k:context-0/factconsolidation_mh_262k_no38,2,0,coverage-q038-o0-m01,coverage-q038-o0-m03,1,3,2,0.5,1.0,True,6.625000211593942,0.011671569512822444,1.0,1.0,0.0
agentmemorybench:fact-mh-262k:context-0/factconsolidation_mh_262k_no38,2,0,coverage-q038-o0-m02,coverage-q038-o0-m03,2,3,1,0.5,1.0,True,11.750000134294169,0.6653948725165444,0.0,0.0,3.0
agentmemorybench:fact-mh-262k:context-0/factconsolidation_mh_262k_no38,2,1,coverage-q038-o1-m00,coverage-q038-o1-m01,0,1,1,0.0,0.5,False,9.937499786145054,0.980284156939644,0.0,0.0,3.0
agentmemorybench:fact-mh-262k:context-0/factconsolidation_mh_262k_no38,2,1,coverage-q038-o1-m00,coverage-q038-o1-m02,0,2,2,0.0,0.5,False,4.562499932362698,0.20926787475276912,1.0,1.0,0.0
agentmemorybench:fact-mh-262k:context-0/factconsolidation_mh_262k_no38,2,1,coverage-q038-o1-m01,coverage-q038-o1-m03,1,3,2,0.5,1.0,True,4.5625002980959835,0.016735388001178908,1.0,1.0,0.0
agentmemorybench:fact-mh-262k:context-0/factconsolidation_mh_262k_no38,2,1,coverage-q038-o1-m02,coverage-q038-o1-m03,2,3,1,0.5,1.0,True,9.93750015187834,0.7877516701880538,0.0,0.0,3.0
agentmemorybench:fact-mh-262k:context-0/factconsolidation_mh_262k_no39,2,0,coverage-q039-o0-m00,coverage-q039-o0-m01,0,1,1,0.0,0.5,False,7.3750001597218215,0.9082081130887758,0.0,0.0,3.0
agentmemorybench:fact-mh-262k:context-0/factconsolidation_mh_262k_no39,2,0,coverage-q039-o0-m00,coverage-q039-o0-m02,0,2,2,0.0,0.5,False,0.5000001122243702,0.0042940927234474,0.0,0.0,4.0
agentmemorybench:fact-mh-262k:context-0/factconsolidation_mh_262k_no39,2,0,coverage-q039-o0-m01,coverage-q039-o0-m03,1,3,2,0.5,1.0,True,3.749999786261469,0.08291631963834845,1.0,1.0,4.0
agentmemorybench:fact-mh-262k:context-0/factconsolidation_mh_262k_no39,2,0,coverage-q039-o0-m02,coverage-q039-o0-m03,2,3,1,0.5,1.0,True,10.62499983375892,0.9868303400036769,1.0,1.0,3.0
agentmemorybench:fact-mh-262k:context-0/factconsolidation_mh_262k_no39,2,1,coverage-q039-o1-m00,coverage-q039-o1-m01,0,1,1,0.0,0.5,False,8.874999735504389,0.962843880845801,0.0,0.0,3.0
agentmemorybench:fact-mh-262k:context-0/factconsolidation_mh_262k_no39,2,1,coverage-q039-o1-m00,coverage-q039-o1-m02,0,2,2,0.0,0.5,False,0.7499999664723873,0.0045073482747981,0.0,0.0,4.0
agentmemorybench:fact-mh-262k:context-0/factconsolidation_mh_262k_no39,2,1,coverage-q039-o1-m01,coverage-q039-o1-m03,1,3,2,0.5,1.0,True,2.1875001061707735,0.029261497143259207,1.0,1.0,4.0
agentmemorybench:fact-mh-262k:context-0/factconsolidation_mh_262k_no39,2,1,coverage-q039-o1-m02,coverage-q039-o1-m03,2,3,1,0.5,1.0,True,10.312499875202775,0.9875980297142621,1.0,1.0,3.0
agentmemorybench:fact-mh-262k:context-0/factconsolidation_mh_262k_no40,2,0,coverage-q040-o0-m00,coverage-q040-o0-m01,0,1,1,0.0,0.5,False,9.499999949941412,0.9314210777719973,0.0,0.0,0.0
agentmemorybench:fact-mh-262k:context-0/factconsolidation_mh_262k_no40,2,0,coverage-q040-o0-m00,coverage-q040-o0-m02,0,2,2,0.0,0.5,False,9.624999886611477,0.9388811151609817,1.0,1.0,-2.0
agentmemorybench:fact-mh-262k:context-0/factconsolidation_mh_262k_no40,2,0,coverage-q040-o0-m01,coverage-q040-o0-m03,1,3,2,0.5,1.0,True,9.874999642396688,0.06754296449901243,1.0,1.0,-2.0
agentmemorybench:fact-mh-262k:context-0/factconsolidation_mh_262k_no40,2,0,coverage-q040-o0-m02,coverage-q040-o0-m03,2,3,1,0.5,1.0,True,9.749999705726623,0.06008292711002805,0.0,0.0,0.0
agentmemorybench:fact-mh-262k:context-0/factconsolidation_mh_262k_no40,2,1,coverage-q040-o1-m00,coverage-q040-o1-m01,0,1,1,0.0,0.5,False,9.874999874911737,0.9391092579827359,0.0,0.0,0.0
agentmemorybench:fact-mh-262k:context-0/factconsolidation_mh_262k_no40,2,1,coverage-q040-o1-m00,coverage-q040-o1-m02,0,2,2,0.0,0.5,False,10.49999991216464,0.9661099335137872,1.0,1.0,-2.0
agentmemorybench:fact-mh-262k:context-0/factconsolidation_mh_262k_no40,2,1,coverage-q040-o1-m01,coverage-q040-o1-m03,1,3,2,0.5,1.0,True,7.750000343185093,0.060059120380402065,1.0,1.0,-2.0
agentmemorybench:fact-mh-262k:context-0/factconsolidation_mh_262k_no40,2,1,coverage-q040-o1-m02,coverage-q040-o1-m03,2,3,1,0.5,1.0,True,7.12500030593219,0.03305844484935083,0.0,0.0,0.0
agentmemorybench:fact-mh-262k:context-0/factconsolidation_mh_262k_no41,2,0,coverage-q041-o0-m00,coverage-q041-o0-m01,0,1,1,0.0,0.5,False,6.12500010849908,0.6472847140958581,0.0,0.0,-3.0
agentmemorybench:fact-mh-262k:context-0/factconsolidation_mh_262k_no41,2,0,coverage-q041-o0-m00,coverage-q041-o0-m02,0,2,2,0.0,0.5,False,2.1250000637955964,0.0290158380172764,1.0,1.0,1.0
agentmemorybench:fact-mh-262k:context-0/factconsolidation_mh_262k_no41,2,0,coverage-q041-o0-m01,coverage-q041-o0-m03,1,3,2,0.5,1.0,True,4.375000056345016,0.3419522979237112,1.0,1.0,1.0
agentmemorybench:fact-mh-262k:context-0/factconsolidation_mh_262k_no41,2,0,coverage-q041-o0-m02,coverage-q041-o0-m03,2,3,1,0.5,1.0,True,8.3750001010485,0.9602211740022928,0.0,0.0,-3.0
agentmemorybench:fact-mh-262k:context-0/factconsolidation_mh_262k_no41,2,1,coverage-q041-o1-m00,coverage-q041-o1-m01,0,1,1,0.0,0.5,False,5.250000198371708,0.5554836512802994,0.0,0.0,-3.0
agentmemorybench:fact-mh-262k:context-0/factconsolidation_mh_262k_no41,2,1,coverage-q041-o1-m00,coverage-q041-o1-m02,0,2,2,0.0,0.5,False,1.6250002281740308,0.0263931297366204,1.0,1.0,1.0
agentmemorybench:fact-mh-262k:context-0/factconsolidation_mh_262k_no41,2,1,coverage-q041-o1-m01,coverage-q041-o1-m03,1,3,2,0.5,1.0,True,5.124999975785613,0.4332139268237243,1.0,1.0,1.0
agentmemorybench:fact-mh-262k:context-0/factconsolidation_mh_262k_no41,2,1,coverage-q041-o1-m02,coverage-q041-o1-m03,2,3,1,0.5,1.0,True,8.74999994598329,0.9623044483674034,0.0,0.0,-3.0
agentmemorybench:fact-mh-262k:context-0/factconsolidation_mh_262k_no43,2,0,coverage-q043-o0-m00,coverage-q043-o0-m01,0,1,1,0.0,0.5,False,7.250000073690899,0.7291318383062049,0.0,0.0,5.0
agentmemorybench:fact-mh-262k:context-0/factconsolidation_mh_262k_no43,2,0,coverage-q043-o0-m00,coverage-q043-o0-m02,0,2,2,0.0,0.5,False,3.00000008859206,0.035400152344369495,0.8,0.8,0.0
agentmemorybench:fact-mh-262k:context-0/factconsolidation_mh_262k_no43,2,0,coverage-q043-o0-m01,coverage-q043-o0-m03,1,3,2,0.5,1.0,True,4.874999815132469,0.26614049966277586,1.0,1.0,0.0
agentmemorybench:fact-mh-262k:context-0/factconsolidation_mh_262k_no43,2,0,coverage-q043-o0-m02,coverage-q043-o0-m03,2,3,1,0.5,1.0,True,9.124999800231308,0.9598721856246112,0.19999999999999996,0.19999999999999996,5.0
agentmemorybench:fact-mh-262k:context-0/factconsolidation_mh_262k_no43,2,1,coverage-q043-o1-m00,coverage-q043-o1-m01,0,1,1,0.0,0.5,False,7.249999859952368,0.7291318436973627,0.0,0.0,5.0
agentmemorybench:fact-mh-262k:context-0/factconsolidation_mh_262k_no43,2,1,coverage-q043-o1-m00,coverage-q043-o1-m02,0,2,2,0.0,0.5,False,1.3750000792788342,0.0056505079845158,0.2,0.2,0.0
agentmemorybench:fact-mh-262k:context-0/factconsolidation_mh_262k_no43,2,1,coverage-q043-o1-m01,coverage-q043-o1-m03,1,3,2,0.5,1.0,True,6.124999851512257,0.2681373353150649,1.0,1.0,0.0
agentmemorybench:fact-mh-262k:context-0/factconsolidation_mh_262k_no43,2,1,coverage-q043-o1-m02,coverage-q043-o1-m03,2,3,1,0.5,1.0,True,11.99999963218579,0.9916186710279118,0.8,0.8,5.0
agentmemorybench:fact-mh-262k:context-0/factconsolidation_mh_262k_no44,2,0,coverage-q044-o0-m00,coverage-q044-o0-m01,0,1,1,0.0,0.5,False,5.0624999278225005,0.6908279373057239,0.0,0.0,3.0
agentmemorybench:fact-mh-262k:context-0/factconsolidation_mh_262k_no44,2,0,coverage-q044-o0-m00,coverage-q044-o0-m02,0,2,2,0.0,0.5,False,2.0,0.4607000143673641,0.8,0.8,0.0
agentmemorybench:fact-mh-262k:context-0/factconsolidation_mh_262k_no44,2,0,coverage-q044-o0-m01,coverage-q044-o0-m03,1,3,2,0.5,1.0,True,6.000000058351363,0.014919450989883232,1.0,1.0,0.0
agentmemorybench:fact-mh-262k:context-0/factconsolidation_mh_262k_no44,2,0,coverage-q044-o0-m02,coverage-q044-o0-m03,2,3,1,0.5,1.0,True,9.062499986173863,0.24504737392824305,0.19999999999999996,0.19999999999999996,3.0
agentmemorybench:fact-mh-262k:context-0/factconsolidation_mh_262k_no44,2,1,coverage-q044-o1-m00,coverage-q044-o1-m01,0,1,1,0.0,0.5,False,6.2499999213032424,0.8479764972947779,0.0,0.0,3.0
agentmemorybench:fact-mh-262k:context-0/factconsolidation_mh_262k_no44,2,1,coverage-q044-o1-m00,coverage-q044-o1-m02,0,2,2,0.0,0.5,False,2.7500000670552254,0.5782581523860033,0.8,0.8,0.0
agentmemorybench:fact-mh-262k:context-0/factconsolidation_mh_262k_no44,2,1,coverage-q044-o1-m01,coverage-q044-o1-m03,1,3,2,0.5,1.0,True,5.562499953268343,0.011641861630344752,1.0,1.0,0.0
agentmemorybench:fact-mh-262k:context-0/factconsolidation_mh_262k_no44,2,1,coverage-q044-o1-m02,coverage-q044-o1-m03,2,3,1,0.5,1.0,True,9.06249980751636,0.2813602065391193,0.19999999999999996,0.19999999999999996,3.0
agentmemorybench:fact-mh-262k:context-0/factconsolidation_mh_262k_no45,2,0,coverage-q045-o0-m00,coverage-q045-o0-m01,0,1,1,0.0,0.5,False,8.000000246393029,0.7301475393246073,0.0,0.0,1.0
agentmemorybench:fact-mh-262k:context-0/factconsolidation_mh_262k_no45,2,0,coverage-q045-o0-m00,coverage-q045-o0-m02,0,2,2,0.0,0.5,False,8.125000186788384,0.7540039358432463,0.8,0.8,1.0
agentmemorybench:fact-mh-262k:context-0/factconsolidation_mh_262k_no45,2,0,coverage-q045-o0-m01,coverage-q045-o0-m03,1,3,2,0.5,1.0,True,6.874999959967681,0.2685614251436932,1.0,1.0,1.0
agentmemorybench:fact-mh-262k:context-0/factconsolidation_mh_262k_no45,2,0,coverage-q045-o0-m02,coverage-q045-o0-m03,2,3,1,0.5,1.0,True,6.750000019572326,0.24470502862505417,0.19999999999999996,0.19999999999999996,1.0
agentmemorybench:fact-mh-262k:context-0/factconsolidation_mh_262k_no45,2,1,coverage-q045-o1-m00,coverage-q045-o1-m01,0,1,1,0.0,0.5,False,7.249999826075509,0.7527322754925524,0.0,0.0,1.0
agentmemorybench:fact-mh-262k:context-0/factconsolidation_mh_262k_no45,2,1,coverage-q045-o1-m00,coverage-q045-o1-m02,0,2,2,0.0,0.5,False,6.874999766470864,0.6769959757925638,1.0,1.0,1.0
agentmemorybench:fact-mh-262k:context-0/factconsolidation_mh_262k_no45,2,1,coverage-q045-o1-m01,coverage-q045-o1-m03,1,3,2,0.5,1.0,True,5.749999915715307,0.2440527765254601,1.0,1.0,1.0
agentmemorybench:fact-mh-262k:context-0/factconsolidation_mh_262k_no45,2,1,coverage-q045-o1-m02,coverage-q045-o1-m03,2,3,1,0.5,1.0,True,6.124999975319952,0.3197890762254487,0.0,0.0,1.0
agentmemorybench:fact-mh-262k:context-0/factconsolidation_mh_262k_no46,2,0,coverage-q046-o0-m00,coverage-q046-o0-m01,0,1,1,0.0,0.5,False,9.375000096159056,0.9708699627360414,0.0,0.0,2.0
agentmemorybench:fact-mh-262k:context-0/factconsolidation_mh_262k_no46,2,0,coverage-q046-o0-m00,coverage-q046-o0-m02,0,2,2,0.0,0.5,False,5.125000044004992,0.3454724659778454,1.0,1.0,1.0
agentmemorybench:fact-mh-262k:context-0/factconsolidation_mh_262k_no46,2,0,coverage-q046-o0-m01,coverage-q046-o0-m03,1,3,2,0.5,1.0,True,5.125000020576408,0.025798918173998597,1.0,1.0,1.0
agentmemorybench:fact-mh-262k:context-0/factconsolidation_mh_262k_no46,2,0,coverage-q046-o0-m02,coverage-q046-o0-m03,2,3,1,0.5,1.0,True,9.375000072730472,0.6511964149321947,0.0,0.0,2.0
agentmemorybench:fact-mh-262k:context-0/factconsolidation_mh_262k_no46,2,1,coverage-q046-o1-m00,coverage-q046-o1-m01,0,1,1,0.0,0.5,False,9.249999871244654,0.938412162870518,0.0,0.0,2.0
agentmemorybench:fact-mh-262k:context-0/factconsolidation_mh_262k_no46,2,1,coverage-q046-o1-m00,coverage-q046-o1-m02,0,2,2,0.0,0.5,False,5.374999893596396,0.24358381977753368,1.0,1.0,1.0
agentmemorybench:fact-mh-262k:context-0/factconsolidation_mh_262k_no46,2,1,coverage-q046-o1-m01,coverage-q046-o1-m03,1,3,2,0.5,1.0,True,4.8750000857398845,0.05959879768165921,1.0,1.0,1.0
agentmemorybench:fact-mh-262k:context-0/factconsolidation_mh_262k_no46,2,1,coverage-q046-o1-m02,coverage-q046-o1-m03,2,3,1,0.5,1.0,True,8.750000063388143,0.7544271407746436,0.0,0.0,2.0
agentmemorybench:fact-mh-262k:context-0/factconsolidation_mh_262k_no48,4,0,coverage-q048-o0-m00,coverage-q048-o0-m01,0,1,1,0.0,0.25,False,5.375000110827386,0.6947980864106938,0.0,0.0,0.0
agentmemorybench:fact-mh-262k:context-0/factconsolidation_mh_262k_no48,4,0,coverage-q048-o0-m00,coverage-q048-o0-m02,0,2,2,0.0,0.25,False,4.875000110827386,0.5816796585277523,0.0,0.0,-3.0
agentmemorybench:fact-mh-262k:context-0/factconsolidation_mh_262k_no48,4,0,coverage-q048-o0-m00,coverage-q048-o0-m04,0,4,3,0.0,0.25,False,1.8750001108273864,0.05655974971331171,0.0,0.0,-1.0
agentmemorybench:fact-mh-262k:context-0/factconsolidation_mh_262k_no48,4,0,coverage-q048-o0-m00,coverage-q048-o0-m08,0,8,4,0.0,0.25,False,4.250000110827386,0.4268365576878845,1.0,1.0,0.0
agentmemorybench:fact-mh-262k:context-0/factconsolidation_mh_262k_no48,4,0,coverage-q048-o0-m01,coverage-q048-o0-m03,1,3,2,0.25,0.5,False,0.7499999850988388,0.12969850721824916,0.0,0.0,-3.0
agentmemorybench:fact-mh-262k:context-0/factconsolidation_mh_262k_no48,4,0,coverage-q048-o0-m01,coverage-q048-o0-m05,1,5,3,0.25,0.5,False,0.12499997019767761,0.025273544933501313,0.0,0.0,-1.0
agentmemorybench:fact-mh-262k:context-0/factconsolidation_mh_262k_no48,4,0,coverage-q048-o0-m01,coverage-q048-o0-m09,1,9,4,0.25,0.5,False,0.9375000149011612,0.15387872447061124,1.0,1.0,0.0
agentmemorybench:fact-mh-262k:context-0/factconsolidation_mh_262k_no48,4,0,coverage-q048-o0-m02,coverage-q048-o0-m03,2,3,1,0.25,0.5,False,1.2499999850988388,0.24281693510119073,0.0,0.0,0.0
agentmemorybench:fact-mh-262k:context-0/factconsolidation_mh_262k_no48,4,0,coverage-q048-o0-m02,coverage-q048-o0-m06,2,6,3,0.25,0.5,False,3.1250000689178705,0.37802117125549595,0.0,0.0,-1.0
agentmemorybench:fact-mh-262k:context-0/factconsolidation_mh_262k_no48,4,0,coverage-q048-o0-m02,coverage-q048-o0-m10,2,10,4,0.25,0.5,False,2.1249999925494194,0.33147521950237335,0.8,0.8,0.0
agentmemorybench:fact-mh-262k:context-0/factconsolidation_mh_262k_no48,4,0,coverage-q048-o0-m03,coverage-q048-o0-m07,3,7,3,0.5,0.75,False,5.000000182189979,0.16319144274889397,0.0,0.0,-1.0
agentmemorybench:fact-mh-262k:context-0/factconsolidation_mh_262k_no48,4,0,coverage-q048-o0-m03,coverage-q048-o0-m11,3,11,4,0.5,0.75,False,3.5000000193249434,0.15860539611449043,1.0,1.0,0.0
agentmemorybench:fact-mh-262k:context-0/factconsolidation_mh_262k_no48,4,0,coverage-q048-o0-m04,coverage-q048-o0-m05,4,5,1,0.25,0.5,False,3.6249999701976776,0.6635118816308835,0.0,0.0,0.0
agentmemorybench:fact-mh-262k:context-0/factconsolidation_mh_262k_no48,4,0,coverage-q048-o0-m04,coverage-q048-o0-m06,4,6,2,0.25,0.5,False,6.1250000689178705,0.9031410800699365,0.0,0.0,-3.0
agentmemorybench:fact-mh-262k:context-0/factconsolidation_mh_262k_no48,4,0,coverage-q048-o0-m04,coverage-q048-o0-m12,4,12,4,0.25,0.5,False,4.749999895691872,0.8257627049733505,1.0,1.0,0.0
agentmemorybench:fact-mh-262k:context-0/factconsolidation_mh_262k_no48,4,0,coverage-q048-o0-m05,coverage-q048-o0-m07,5,7,2,0.5,0.75,False,5.62500019709114,0.2676164050336418,0.0,0.0,-3.0
agentmemorybench:fact-mh-262k:context-0/factconsolidation_mh_262k_no48,4,0,coverage-q048-o0-m05,coverage-q048-o0-m13,5,13,4,0.5,0.75,False,3.187499956227839,0.253984339552337,1.0,1.0,0.0
agentmemorybench:fact-mh-262k:context-0/factconsolidation_mh_262k_no48,4,0,coverage-q048-o0-m06,coverage-q048-o0-m07,6,7,1,0.5,0.75,False,3.125000098370947,0.027987206594588754,0.0,0.0,0.0
agentmemorybench:fact-mh-262k:context-0/factconsolidation_mh_262k_no48,4,0,coverage-q048-o0-m06,coverage-q048-o0-m14,6,14,4,0.5,0.75,False,2.999999755178578,0.027811046270030615,1.0,1.0,0.0
agentmemorybench:fact-mh-262k:context-0/factconsolidation_mh_262k_no48,4,0,coverage-q048-o0-m07,coverage-q048-o0-m15,7,15,4,0.75,1.0,True,6.812499773110858,0.0013235628195376048,1.0,1.0,0.0
agentmemorybench:fact-mh-262k:context-0/factconsolidation_mh_262k_no48,4,0,coverage-q048-o0-m08,coverage-q048-o0-m09,8,9,1,0.25,0.5,False,2.062500014901161,0.4218402531934206,0.0,0.0,0.0
agentmemorybench:fact-mh-262k:context-0/factconsolidation_mh_262k_no48,4,0,coverage-q048-o0-m08,coverage-q048-o0-m10,8,10,2,0.25,0.5,False,2.7499999925494194,0.48631832034224115,-0.19999999999999996,-0.19999999999999996,-3.0
agentmemorybench:fact-mh-262k:context-0/factconsolidation_mh_262k_no48,4,0,coverage-q048-o0-m08,coverage-q048-o0-m12,8,12,3,0.25,0.5,False,2.3749998956918716,0.4554858969987777,0.0,0.0,-1.0
agentmemorybench:fact-mh-262k:context-0/factconsolidation_mh_262k_no48,4,0,coverage-q048-o0-m09,coverage-q048-o0-m11,9,11,2,0.5,0.75,False,3.312499989522621,0.13442517886212835,0.0,0.0,-3.0
agentmemorybench:fact-mh-262k:context-0/factconsolidation_mh_262k_no48,4,0,coverage-q048-o0-m09,coverage-q048-o0-m13,9,13,3,0.5,0.75,False,2.3749999115243554,0.1253791600152271,0.0,0.0,-1.0
agentmemorybench:fact-mh-262k:context-0/factconsolidation_mh_262k_no48,4,0,coverage-q048-o0-m10,coverage-q048-o0-m11,10,11,1,0.5,0.75,False,2.625000011874363,0.06994711171330781,0.19999999999999996,0.19999999999999996,0.0
agentmemorybench:fact-mh-262k:context-0/factconsolidation_mh_262k_no48,4,0,coverage-q048-o0-m10,coverage-q048-o0-m14,10,14,3,0.5,0.75,False,3.9999998315470293,0.07435699802315321,0.19999999999999996,0.19999999999999996,-1.0
agentmemorybench:fact-mh-262k:context-0/factconsolidation_mh_262k_no48,4,0,coverage-q048-o0-m11,coverage-q048-o0-m15,11,15,3,0.75,1.0,True,8.312499935975893,0.005909609453941145,0.0,0.0,-1.0
agentmemorybench:fact-mh-262k:context-0/factconsolidation_mh_262k_no48,4,0,coverage-q048-o0-m12,coverage-q048-o0-m13,12,13,1,0.5,0.75,False,2.062500030733645,0.09173351620987003,0.0,0.0,0.0
agentmemorybench:fact-mh-262k:context-0/factconsolidation_mh_262k_no48,4,0,coverage-q048-o0-m12,coverage-q048-o0-m14,12,14,2,0.5,0.75,False,4.374999928404577,0.10518942136661669,0.0,0.0,-3.0
agentmemorybench:fact-mh-262k:context-0/factconsolidation_mh_262k_no48,4,0,coverage-q048-o0-m13,coverage-q048-o0-m15,13,15,2,0.75,1.0,True,9.250000013974159,0.014955628300842405,0.0,0.0,-3.0
agentmemorybench:fact-mh-262k:context-0/factconsolidation_mh_262k_no48,4,0,coverage-q048-o0-m14,coverage-q048-o0-m15,14,15,1,0.75,1.0,True,6.937500116303227,0.0014997231440957437,0.0,0.0,0.0
agentmemorybench:fact-mh-262k:context-0/factconsolidation_mh_262k_no48,4,1,coverage-q048-o1-m00,coverage-q048-o1-m01,0,1,1,0.0,0.25,False,4.874999914318323,0.8098650667621846,0.0,0.0,0.0
agentmemorybench:fact-mh-262k:context-0/factconsolidation_mh_262k_no48,4,1,coverage-q048-o1-m00,coverage-q048-o1-m02,0,2,2,0.0,0.25,False,2.3749999292194843,0.27873356476312006,0.0,0.0,-3.0
agentmemorybench:fact-mh-262k:context-0/factconsolidation_mh_262k_no48,4,1,coverage-q048-o1-m00,coverage-q048-o1-m04,0,4,3,0.0,0.25,False,0.7499998919665809,0.0430113102185783,0.0,0.0,-1.0
agentmemorybench:fact-mh-262k:context-0/factconsolidation_mh_262k_no48,4,1,coverage-q048-o1-m00,coverage-q048-o1-m08,0,8,4,0.0,0.25,False,1.7499999590218067,0.1597254926926687,1.0,1.0,0.0
agentmemorybench:fact-mh-262k:context-0/factconsolidation_mh_262k_no48,4,1,coverage-q048-o1-m01,coverage-q048-o1-m03,1,3,2,0.25,0.5,False,1.500000037252903,0.11072031605824961,0.0,0.0,-3.0
agentmemorybench:fact-mh-262k:context-0/factconsolidation_mh_262k_no48,4,1,coverage-q048-o1-m01,coverage-q048-o1-m05,1,5,3,0.25,0.5,False,0.3125000260770321,0.035251795523214446,0.0,0.0,-1.0
agentmemorybench:fact-mh-262k:context-0/factconsolidation_mh_262k_no48,4,1,coverage-q048-o1-m01,coverage-q048-o1-m09,1,9,4,0.25,0.5,False,0.18750005960464478,0.022124440475087437,1.0,1.0,0.0
agentmemorybench:fact-mh-262k:context-0/factconsolidation_mh_262k_no48,4,1,coverage-q048-o1-m02,coverage-q048-o1-m03,2,3,1,0.25,0.5,False,4.000000022351742,0.6418518180573142,0.0,0.0,0.0
agentmemorybench:fact-mh-262k:context-0/factconsolidation_mh_262k_no48,4,1,coverage-q048-o1-m02,coverage-q048-o1-m06,2,6,3,0.25,0.5,False,1.5,0.35835739835078595,0.0,0.0,-1.0
agentmemorybench:fact-mh-262k:context-0/factconsolidation_mh_262k_no48,4,1,coverage-q048-o1-m02,coverage-q048-o1-m10,2,10,4,0.25,0.5,False,0.6250000298023224,0.14796933229541354,1.0,1.0,0.0
agentmemorybench:fact-mh-262k:context-0/factconsolidation_mh_262k_no48,4,1,coverage-q048-o1-m03,coverage-q048-o1-m07,3,7,3,0.5,0.75,False,2.3749999492429197,0.0337332848220121,0.0,0.0,-1.0
agentmemorybench:fact-mh-262k:context-0/factconsolidation_mh_262k_no48,4,1,coverage-q048-o1-m03,coverage-q048-o1-m11,3,11,4,0.5,0.75,False,2.312499961350113,0.0335024037915822,1.0,1.0,0.0
agentmemorybench:fact-mh-262k:context-0/factconsolidation_mh_262k_no48,4,1,coverage-q048-o1-m04,coverage-q048-o1-m05,4,5,1,0.25,0.5,False,4.437500048428774,0.8021055520668208,0.0,0.0,0.0
agentmemorybench:fact-mh-262k:context-0/factconsolidation_mh_262k_no48,4,1,coverage-q048-o1-m04,coverage-q048-o1-m06,4,6,2,0.25,0.5,False,3.1250000372529034,0.5940796528953277,0.0,0.0,-3.0
agentmemorybench:fact-mh-262k:context-0/factconsolidation_mh_262k_no48,4,1,coverage-q048-o1-m04,coverage-q048-o1-m12,4,12,4,0.25,0.5,False,2.125000067055226,0.35272445932791346,1.0,1.0,0.0
agentmemorybench:fact-mh-262k:context-0/factconsolidation_mh_262k_no48,4,1,coverage-q048-o1-m05,coverage-q048-o1-m07,5,7,2,0.5,0.75,False,3.5624999604187906,0.10920180535704727,0.0,0.0,-3.0
agentmemorybench:fact-mh-262k:context-0/factconsolidation_mh_262k_no48,4,1,coverage-q048-o1-m05,coverage-q048-o1-m13,5,13,4,0.5,0.75,False,1.9374999152496457,0.09480919635888485,1.0,1.0,0.0
agentmemorybench:fact-mh-262k:context-0/factconsolidation_mh_262k_no48,4,1,coverage-q048-o1-m06,coverage-q048-o1-m07,6,7,1,0.5,0.75,False,4.8749999715946615,0.3172277045285403,0.0,0.0,0.0
agentmemorybench:fact-mh-262k:context-0/factconsolidation_mh_262k_no48,4,1,coverage-q048-o1-m06,coverage-q048-o1-m14,6,14,4,0.5,0.75,False,1.374999925494194,0.21413070343136342,1.0,1.0,0.0
agentmemorybench:fact-mh-262k:context-0/factconsolidation_mh_262k_no48,4,1,coverage-q048-o1-m07,coverage-q048-o1-m15,7,15,4,0.75,1.0,True,4.874999939471309,0.0035660670954595908,1.0,1.0,0.0
agentmemorybench:fact-mh-262k:context-0/factconsolidation_mh_262k_no48,4,1,coverage-q048-o1-m08,coverage-q048-o1-m09,8,9,1,0.25,0.5,False,3.312500014901161,0.6722640145446034,0.0,0.0,0.0
agentmemorybench:fact-mh-262k:context-0/factconsolidation_mh_262k_no48,4,1,coverage-q048-o1-m08,coverage-q048-o1-m10,8,10,2,0.25,0.5,False,1.25,0.2669774043658649,0.0,0.0,-3.0
agentmemorybench:fact-mh-262k:context-0/factconsolidation_mh_262k_no48,4,1,coverage-q048-o1-m08,coverage-q048-o1-m12,8,12,3,0.25,0.5,False,1.125,0.2360102768538231,0.0,0.0,-1.0
agentmemorybench:fact-mh-262k:context-0/factconsolidation_mh_262k_no48,4,1,coverage-q048-o1-m09,coverage-q048-o1-m11,9,11,2,0.5,0.75,False,3.6249999389983714,0.12209827937474438,0.0,0.0,-3.0
agentmemorybench:fact-mh-262k:context-0/factconsolidation_mh_262k_no48,4,1,coverage-q048-o1-m09,coverage-q048-o1-m13,9,13,3,0.5,0.75,False,2.062499881722033,0.10793655140701186,0.0,0.0,-1.0
agentmemorybench:fact-mh-262k:context-0/factconsolidation_mh_262k_no48,4,1,coverage-q048-o1-m10,coverage-q048-o1-m11,10,11,1,0.5,0.75,False,5.687499953899533,0.5273848895534828,0.0,0.0,0.0
agentmemorybench:fact-mh-262k:context-0/factconsolidation_mh_262k_no48,4,1,coverage-q048-o1-m10,coverage-q048-o1-m14,10,14,3,0.5,0.75,False,2.2499998956918716,0.42451876948673584,0.0,0.0,-1.0
agentmemorybench:fact-mh-262k:context-0/factconsolidation_mh_262k_no48,4,1,coverage-q048-o1-m11,coverage-q048-o1-m15,11,15,3,0.75,1.0,True,4.937499927364115,0.0037969481258894877,0.0,0.0,-1.0
agentmemorybench:fact-mh-262k:context-0/factconsolidation_mh_262k_no48,4,1,coverage-q048-o1-m12,coverage-q048-o1-m13,12,13,1,0.5,0.75,False,4.249999896623194,0.5441902890977921,0.0,0.0,0.0
agentmemorybench:fact-mh-262k:context-0/factconsolidation_mh_262k_no48,4,1,coverage-q048-o1-m12,coverage-q048-o1-m14,12,14,2,0.5,0.75,False,2.3749998956918716,0.4554858969987777,0.0,0.0,-3.0
agentmemorybench:fact-mh-262k:context-0/factconsolidation_mh_262k_no48,4,1,coverage-q048-o1-m13,coverage-q048-o1-m15,13,15,2,0.75,1.0,True,6.4999999846404535,0.017958676093622006,0.0,0.0,-3.0
agentmemorybench:fact-mh-262k:context-0/factconsolidation_mh_262k_no48,4,1,coverage-q048-o1-m14,coverage-q048-o1-m15,14,15,1,0.75,1.0,True,8.374999985571776,0.10666306819263649,0.0,0.0,0.0
agentmemorybench:fact-mh-262k:context-0/factconsolidation_mh_262k_no49,2,0,coverage-q049-o0-m00,coverage-q049-o0-m01,0,1,1,0.0,0.5,False,8.625000095926225,0.943423993310253,0.0,0.0,3.0
agentmemorybench:fact-mh-262k:context-0/factconsolidation_mh_262k_no49,2,0,coverage-q049-o0-m00,coverage-q049-o0-m02,0,2,2,0.0,0.5,False,5.999999976716936,0.5590038179696775,1.0,1.0,4.0
agentmemorybench:fact-mh-262k:context-0/factconsolidation_mh_262k_no49,2,0,coverage-q049-o0-m01,coverage-q049-o0-m03,1,3,2,0.5,1.0,True,4.124999703664798,0.05249227241800203,1.0,1.0,4.0
agentmemorybench:fact-mh-262k:context-0/factconsolidation_mh_262k_no49,2,0,coverage-q049-o0-m02,coverage-q049-o0-m03,2,3,1,0.5,1.0,True,6.749999822874088,0.4369124477585775,0.0,0.0,3.0
agentmemorybench:fact-mh-262k:context-0/factconsolidation_mh_262k_no49,2,1,coverage-q049-o1-m00,coverage-q049-o1-m01,0,1,1,0.0,0.5,False,8.124999806284904,0.9466630569743005,0.0,0.0,3.0
agentmemorybench:fact-mh-262k:context-0/factconsolidation_mh_262k_no49,2,1,coverage-q049-o1-m00,coverage-q049-o1-m02,0,2,2,0.0,0.5,False,5.874999802559614,0.6732676291589641,0.8,0.8,4.0
agentmemorybench:fact-mh-262k:context-0/factconsolidation_mh_262k_no49,2,1,coverage-q049-o1-m01,coverage-q049-o1-m03,1,3,2,0.5,1.0,True,4.500000150525011,0.046873094457566156,1.0,1.0,4.0
agentmemorybench:fact-mh-262k:context-0/factconsolidation_mh_262k_no49,2,1,coverage-q049-o1-m02,coverage-q049-o1-m03,2,3,1,0.5,1.0,True,6.750000154250301,0.3202685222729026,0.19999999999999996,0.19999999999999996,3.0
agentmemorybench:fact-mh-262k:context-0/factconsolidation_mh_262k_no5,4,0,coverage-q005-o0-m00,coverage-q005-o0-m01,0,1,1,0.0,0.25,False,3.875000118277967,0.3111128223766582,0.0,0.0,-4.0
agentmemorybench:fact-mh-262k:context-0/factconsolidation_mh_262k_no5,4,0,coverage-q005-o0-m00,coverage-q005-o0-m02,0,2,2,0.0,0.25,False,3.562500118277967,0.2471235133422839,0.0,0.0,0.0
agentmemorybench:fact-mh-262k:context-0/factconsolidation_mh_262k_no5,4,0,coverage-q005-o0-m00,coverage-q005-o0-m04,0,4,3,0.0,0.25,False,-0.8124999243300408,-0.0053769734285186,0.0,0.0,1.0
agentmemorybench:fact-mh-262k:context-0/factconsolidation_mh_262k_no5,4,0,coverage-q005-o0-m00,coverage-q005-o0-m08,0,8,4,0.0,0.25,False,0.43750001257285476,0.0052486096151525,1.0,1.0,-2.0
agentmemorybench:fact-mh-262k:context-0/factconsolidation_mh_262k_no5,4,0,coverage-q005-o0-m01,coverage-q005-o0-m03,1,3,2,0.25,0.5,False,1.4375000149011612,0.3445892611690954,0.0,0.0,0.0
agentmemorybench:fact-mh-262k:context-0/factconsolidation_mh_262k_no5,4,0,coverage-q005-o0-m01,coverage-q005-o0-m05,1,5,3,0.25,0.5,False,0.1250000149011612,0.0278238377562271,0.0,0.0,1.0
agentmemorybench:fact-mh-262k:context-0/factconsolidation_mh_262k_no5,4,0,coverage-q005-o0-m01,coverage-q005-o0-m09,1,9,4,0.25,0.5,False,0.2500000149011612,0.056719371220426806,0.8,0.8,-2.0
agentmemorybench:fact-mh-262k:context-0/factconsolidation_mh_262k_no5,4,0,coverage-q005-o0-m02,coverage-q005-o0-m03,2,3,1,0.25,0.5,False,1.7500000149011612,0.40857857020346966,0.0,0.0,-4.0
agentmemorybench:fact-mh-262k:context-0/factconsolidation_mh_262k_no5,4,0,coverage-q005-o0-m02,coverage-q005-o0-m06,2,6,3,0.25,0.5,False,3.1250000782310963,0.6303726115113538,0.0,0.0,1.0
agentmemorybench:fact-mh-262k:context-0/factconsolidation_mh_262k_no5,4,0,coverage-q005-o0-m02,coverage-q005-o0-m10,2,10,4,0.25,0.5,False,1.750000074505806,0.4085785834738088,1.0,1.0,-2.0
agentmemorybench:fact-mh-262k:context-0/factconsolidation_mh_262k_no5,4,0,coverage-q005-o0-m03,coverage-q005-o0-m07,3,7,3,0.5,0.75,False,2.7500000558793545,0.3034456124045052,0.0,0.0,1.0
agentmemorybench:fact-mh-262k:context-0/factconsolidation_mh_262k_no5,4,0,coverage-q005-o0-m03,coverage-q005-o0-m11,3,11,4,0.5,0.75,False,1.9374999552965164,0.2670427472979464,1.0,1.0,-2.0
agentmemorybench:fact-mh-262k:context-0/factconsolidation_mh_262k_no5,4,0,coverage-q005-o0-m04,coverage-q005-o0-m05,4,5,1,0.25,0.5,False,4.812500057509169,0.3443136335614039,0.0,0.0,-4.0
agentmemorybench:fact-mh-262k:context-0/factconsolidation_mh_262k_no5,4,0,coverage-q005-o0-m04,coverage-q005-o0-m06,4,6,2,0.25,0.5,False,7.500000120839104,0.8828730982821563,0.0,0.0,0.0
agentmemorybench:fact-mh-262k:context-0/factconsolidation_mh_262k_no5,4,0,coverage-q005-o0-m04,coverage-q005-o0-m12,4,12,4,0.25,0.5,False,5.312500057509169,0.4644591248537019,1.0,1.0,-2.0
agentmemorybench:fact-mh-262k:context-0/factconsolidation_mh_262k_no5,4,0,coverage-q005-o0-m05,coverage-q005-o0-m07,5,7,2,0.5,0.75,False,4.0625000558793545,0.6202110358173735,0.0,0.0,0.0
agentmemorybench:fact-mh-262k:context-0/factconsolidation_mh_262k_no5,4,0,coverage-q005-o0-m05,coverage-q005-o0-m13,5,13,4,0.5,0.75,False,2.5625000074505806,0.5254321006509792,1.0,1.0,-2.0
agentmemorybench:fact-mh-262k:context-0/factconsolidation_mh_262k_no5,4,0,coverage-q005-o0-m06,coverage-q005-o0-m07,6,7,1,0.5,0.75,False,1.3749999925494194,0.08165157109662102,0.0,0.0,-4.0
agentmemorybench:fact-mh-262k:context-0/factconsolidation_mh_262k_no5,4,0,coverage-q005-o0-m06,coverage-q005-o0-m14,6,14,4,0.5,0.75,False,3.687499921885319,0.1096227170560583,1.0,1.0,-2.0
agentmemorybench:fact-mh-262k:context-0/factconsolidation_mh_262k_no5,4,0,coverage-q005-o0-m07,coverage-q005-o0-m15,7,15,4,0.75,1.0,True,8.187499884607405,0.031134889151844036,1.0,1.0,-2.0
agentmemorybench:fact-mh-262k:context-0/factconsolidation_mh_262k_no5,4,0,coverage-q005-o0-m08,coverage-q005-o0-m09,8,9,1,0.25,0.5,False,3.6875001206062734,0.3625835839819325,-0.19999999999999996,-0.19999999999999996,-4.0
agentmemorybench:fact-mh-262k:context-0/factconsolidation_mh_262k_no5,4,0,coverage-q005-o0-m08,coverage-q005-o0-m10,8,10,2,0.25,0.5,False,4.875000180210918,0.6504534872009402,0.0,0.0,0.0
agentmemorybench:fact-mh-262k:context-0/factconsolidation_mh_262k_no5,4,0,coverage-q005-o0-m08,coverage-q005-o0-m12,8,12,3,0.25,0.5,False,4.062500120606273,0.4538335418100308,0.0,0.0,1.0
agentmemorybench:fact-mh-262k:context-0/factconsolidation_mh_262k_no5,4,0,coverage-q005-o0-m09,coverage-q005-o0-m11,9,11,2,0.5,0.75,False,3.1249999552965164,0.554912637246615,0.19999999999999996,0.19999999999999996,0.0
agentmemorybench:fact-mh-262k:context-0/factconsolidation_mh_262k_no5,4,0,coverage-q005-o0-m09,coverage-q005-o0-m13,9,13,3,0.5,0.75,False,2.4375000074505806,0.4965365671867795,0.19999999999999996,0.19999999999999996,1.0
agentmemorybench:fact-mh-262k:context-0/factconsolidation_mh_262k_no5,4,0,coverage-q005-o0-m10,coverage-q005-o0-m11,10,11,1,0.5,0.75,False,1.9374998956918716,0.26704273402760725,0.0,0.0,-4.0
agentmemorybench:fact-mh-262k:context-0/factconsolidation_mh_262k_no5,4,0,coverage-q005-o0-m10,coverage-q005-o0-m14,10,14,3,0.5,0.75,False,5.062499925610609,0.3314167450936033,0.0,0.0,1.0
agentmemorybench:fact-mh-262k:context-0/factconsolidation_mh_262k_no5,4,0,coverage-q005-o0-m11,coverage-q005-o0-m15,11,15,3,0.75,1.0,True,8.999999985190243,0.0675377542584028,0.0,0.0,1.0
agentmemorybench:fact-mh-262k:context-0/factconsolidation_mh_262k_no5,4,0,coverage-q005-o0-m12,coverage-q005-o0-m13,12,13,1,0.5,0.75,False,2.0625000074505806,0.4052866093586812,0.0,0.0,-4.0
agentmemorybench:fact-mh-262k:context-0/factconsolidation_mh_262k_no5,4,0,coverage-q005-o0-m12,coverage-q005-o0-m14,12,14,2,0.5,0.75,False,5.874999985215254,0.5280366904845127,0.0,0.0,0.0
agentmemorybench:fact-mh-262k:context-0/factconsolidation_mh_262k_no5,4,0,coverage-q005-o0-m13,coverage-q005-o0-m15,13,15,2,0.75,1.0,True,9.687499933036179,0.12591382431823828,0.0,0.0,0.0
agentmemorybench:fact-mh-262k:context-0/factconsolidation_mh_262k_no5,4,0,coverage-q005-o0-m14,coverage-q005-o0-m15,14,15,1,0.75,1.0,True,5.874999955271505,0.003163743192406754,0.0,0.0,-4.0
agentmemorybench:fact-mh-262k:context-0/factconsolidation_mh_262k_no5,4,1,coverage-q005-o1-m00,coverage-q005-o1-m01,0,1,1,0.0,0.25,False,6.000000148778781,0.6870870623428882,0.0,0.0,-4.0
agentmemorybench:fact-mh-262k:context-0/factconsolidation_mh_262k_no5,4,1,coverage-q005-o1-m00,coverage-q005-o1-m02,0,2,2,0.0,0.25,False,4.93750013387762,0.4322685751500598,0.0,0.0,0.0
agentmemorybench:fact-mh-262k:context-0/factconsolidation_mh_262k_no5,4,1,coverage-q005-o1-m00,coverage-q005-o1-m04,0,4,3,0.0,0.25,False,-0.49999973468948156,-0.0021783111401032004,0.0,0.0,1.0
agentmemorybench:fact-mh-262k:context-0/factconsolidation_mh_262k_no5,4,1,coverage-q005-o1-m00,coverage-q005-o1-m08,0,8,4,0.0,0.25,False,1.6875001552980393,0.0237573073966899,0.8,0.8,-2.0
agentmemorybench:fact-mh-262k:context-0/factconsolidation_mh_262k_no5,4,1,coverage-q005-o1-m01,coverage-q005-o1-m03,1,3,2,0.25,0.5,False,1.3124998919665813,0.20066741087109585,0.0,0.0,0.0
agentmemorybench:fact-mh-262k:context-0/factconsolidation_mh_262k_no5,4,1,coverage-q005-o1-m01,coverage-q005-o1-m05,1,5,3,0.25,0.5,False,-0.5625000149011612,-0.13046548542123226,0.0,0.0,1.0
agentmemorybench:fact-mh-262k:context-0/factconsolidation_mh_262k_no5,4,1,coverage-q005-o1-m01,coverage-q005-o1-m09,1,9,4,0.25,0.5,False,0.9375,0.15931081754075216,1.0,1.0,-2.0
agentmemorybench:fact-mh-262k:context-0/factconsolidation_mh_262k_no5,4,1,coverage-q005-o1-m02,coverage-q005-o1-m03,2,3,1,0.25,0.5,False,2.3749999068677425,0.4554858980639243,0.0,0.0,-4.0
agentmemorybench:fact-mh-262k:context-0/factconsolidation_mh_262k_no5,4,1,coverage-q005-o1-m02,coverage-q005-o1-m06,2,6,3,0.25,0.5,False,1.5625000074505806,0.3501076977736523,0.0,0.0,1.0
agentmemorybench:fact-mh-262k:context-0/factconsolidation_mh_262k_no5,4,1,coverage-q005-o1-m02,coverage-q005-o1-m10,2,10,4,0.25,0.5,False,1.6875000074505806,0.3702437155941061,1.0,1.0,-2.0
agentmemorybench:fact-mh-262k:context-0/factconsolidation_mh_262k_no5,4,1,coverage-q005-o1-m03,coverage-q005-o1-m07,3,7,3,0.5,0.75,False,4.374999889463652,0.10518942025985223,0.0,0.0,1.0
agentmemorybench:fact-mh-262k:context-0/factconsolidation_mh_262k_no5,4,1,coverage-q005-o1-m03,coverage-q005-o1-m11,3,11,4,0.5,0.75,False,3.9375000781728886,0.10436744026457023,1.0,1.0,-2.0
agentmemorybench:fact-mh-262k:context-0/factconsolidation_mh_262k_no5,4,1,coverage-q005-o1-m04,coverage-q005-o1-m05,4,5,1,0.25,0.5,False,5.937499868567102,0.5587998880617592,0.0,0.0,-4.0
agentmemorybench:fact-mh-262k:context-0/factconsolidation_mh_262k_no5,4,1,coverage-q005-o1-m04,coverage-q005-o1-m06,4,6,2,0.25,0.5,False,6.999999876017682,0.7845545840638153,0.0,0.0,0.0
agentmemorybench:fact-mh-262k:context-0/factconsolidation_mh_262k_no5,4,1,coverage-q005-o1-m04,coverage-q005-o1-m12,4,12,4,0.25,0.5,False,4.249999868567102,0.1885561736231979,0.8,0.8,-2.0
agentmemorybench:fact-mh-262k:context-0/factconsolidation_mh_262k_no5,4,1,coverage-q005-o1-m05,coverage-q005-o1-m07,5,7,2,0.5,0.75,False,6.2499997963313945,0.43632231655218034,0.0,0.0,0.0
agentmemorybench:fact-mh-262k:context-0/factconsolidation_mh_262k_no5,4,1,coverage-q005-o1-m05,coverage-q005-o1-m13,5,13,4,0.5,0.75,False,1.812500026077032,0.32502809544090516,1.0,1.0,-2.0
agentmemorybench:fact-mh-262k:context-0/factconsolidation_mh_262k_no5,4,1,coverage-q005-o1-m06,coverage-q005-o1-m07,6,7,1,0.5,0.75,False,5.187499788880814,0.21056762055012423,0.0,0.0,-4.0
agentmemorybench:fact-mh-262k:context-0/factconsolidation_mh_262k_no5,4,1,coverage-q005-o1-m06,coverage-q005-o1-m14,6,14,4,0.5,0.75,False,3.312500035855919,0.20236032704703,1.0,1.0,-2.0
agentmemorybench:fact-mh-262k:context-0/factconsolidation_mh_262k_no5,4,1,coverage-q005-o1-m07,coverage-q005-o1-m15,7,15,4,0.75,1.0,True,3.7500005024085112,0.0014658263218415568,1.0,1.0,-2.0
agentmemorybench:fact-mh-262k:context-0/factconsolidation_mh_262k_no5,4,1,coverage-q005-o1-m08,coverage-q005-o1-m09,8,9,1,0.25,0.5,False,5.249999993480742,0.8226405724869504,0.19999999999999996,0.19999999999999996,-4.0
agentmemorybench:fact-mh-262k:context-0/factconsolidation_mh_262k_no5,4,1,coverage-q005-o1-m08,coverage-q005-o1-m10,8,10,2,0.25,0.5,False,4.937499986030161,0.778754983347476,0.19999999999999996,0.19999999999999996,0.0
agentmemorybench:fact-mh-262k:context-0/factconsolidation_mh_262k_no5,4,1,coverage-q005-o1-m08,coverage-q005-o1-m12,8,12,3,0.25,0.5,False,2.062499978579581,0.1626205550864048,0.0,0.0,1.0
agentmemorybench:fact-mh-262k:context-0/factconsolidation_mh_262k_no5,4,1,coverage-q005-o1-m09,coverage-q005-o1-m11,9,11,2,0.5,0.75,False,4.31249997013947,0.14572403359491393,0.0,0.0,0.0
agentmemorybench:fact-mh-262k:context-0/factconsolidation_mh_262k_no5,4,1,coverage-q005-o1-m09,coverage-q005-o1-m13,9,13,3,0.5,0.75,False,0.3125000111758709,0.03525179247892074,0.0,0.0,1.0
agentmemorybench:fact-mh-262k:context-0/factconsolidation_mh_262k_no5,4,1,coverage-q005-o1-m10,coverage-q005-o1-m11,10,11,1,0.5,0.75,False,4.6249999775900505,0.18960962273438842,0.0,0.0,-4.0
agentmemorybench:fact-mh-262k:context-0/factconsolidation_mh_262k_no5,4,1,coverage-q005-o1-m10,coverage-q005-o1-m14,10,14,3,0.5,0.75,False,3.187500035855919,0.18222430922657618,0.0,0.0,1.0
agentmemorybench:fact-mh-262k:context-0/factconsolidation_mh_262k_no5,4,1,coverage-q005-o1-m11,coverage-q005-o1-m15,11,15,3,0.75,1.0,True,4.187500313699275,0.002287806317123553,0.0,0.0,1.0
agentmemorybench:fact-mh-262k:context-0/factconsolidation_mh_262k_no5,4,1,coverage-q005-o1-m12,coverage-q005-o1-m13,12,13,1,0.5,0.75,False,3.500000026077032,0.6952718098794665,0.19999999999999996,0.19999999999999996,-4.0
agentmemorybench:fact-mh-262k:context-0/factconsolidation_mh_262k_no5,4,1,coverage-q005-o1-m12,coverage-q005-o1-m14,12,14,2,0.5,0.75,False,6.0625000433065,0.7983587374876474,0.19999999999999996,0.19999999999999996,0.0
agentmemorybench:fact-mh-262k:context-0/factconsolidation_mh_262k_no5,4,1,coverage-q005-o1-m13,coverage-q005-o1-m15,13,15,2,0.75,1.0,True,8.187500272662874,0.11276004743311674,0.0,0.0,0.0
agentmemorybench:fact-mh-262k:context-0/factconsolidation_mh_262k_no5,4,1,coverage-q005-o1-m14,coverage-q005-o1-m15,14,15,1,0.75,1.0,True,5.625000255433406,0.009673119824935794,0.0,0.0,-4.0
agentmemorybench:fact-mh-262k:context-0/factconsolidation_mh_262k_no50,2,0,coverage-q050-o0-m00,coverage-q050-o0-m01,0,1,1,0.0,0.5,False,8.749999770894647,0.9728139691269936,0.0,0.0,-1.0
agentmemorybench:fact-mh-262k:context-0/factconsolidation_mh_262k_no50,2,0,coverage-q050-o0-m00,coverage-q050-o0-m02,0,2,2,0.0,0.5,False,4.312499841675162,0.3694786760037506,0.6,0.6,1.0
agentmemorybench:fact-mh-262k:context-0/factconsolidation_mh_262k_no50,2,0,coverage-q050-o0-m01,coverage-q050-o0-m03,1,3,2,0.5,1.0,True,5.437500074884156,0.01903922703723604,1.0,1.0,1.0
agentmemorybench:fact-mh-262k:context-0/factconsolidation_mh_262k_no50,2,0,coverage-q050-o0-m02,coverage-q050-o0-m03,2,3,1,0.5,1.0,True,9.87500000410364,0.622374520160479,0.4,0.4,-1.0
agentmemorybench:fact-mh-262k:context-0/factconsolidation_mh_262k_no50,2,1,coverage-q050-o1-m00,coverage-q050-o1-m01,0,1,1,0.0,0.5,False,9.125000216532499,0.977400759977581,0.0,0.0,-1.0
agentmemorybench:fact-mh-262k:context-0/factconsolidation_mh_262k_no50,2,1,coverage-q050-o1-m00,coverage-q050-o1-m02,0,2,2,0.0,0.5,False,1.3750001196749508,0.0192645076939222,0.4,0.4,1.0
agentmemorybench:fact-mh-262k:context-0/factconsolidation_mh_262k_no50,2,1,coverage-q050-o1-m01,coverage-q050-o1-m03,1,3,2,0.5,1.0,True,4.124999906023732,0.01564519936125819,1.0,1.0,1.0
agentmemorybench:fact-mh-262k:context-0/factconsolidation_mh_262k_no50,2,1,coverage-q050-o1-m02,coverage-q050-o1-m03,2,3,1,0.5,1.0,True,11.87500000288128,0.973781451644917,0.6,0.6,-1.0
agentmemorybench:fact-mh-262k:context-0/factconsolidation_mh_262k_no51,2,0,coverage-q051-o0-m00,coverage-q051-o0-m01,0,1,1,0.0,0.5,False,8.874999728635885,0.9224410920099552,0.0,0.0,2.0
agentmemorybench:fact-mh-262k:context-0/factconsolidation_mh_262k_no51,2,0,coverage-q051-o0-m00,coverage-q051-o0-m02,0,2,2,0.0,0.5,False,3.6249998776474968,0.058385931636148594,0.2,0.2,2.0
agentmemorybench:fact-mh-262k:context-0/factconsolidation_mh_262k_no51,2,0,coverage-q051-o0-m01,coverage-q051-o0-m03,1,3,2,0.5,1.0,True,5.375000148342224,0.07547820075767164,1.0,1.0,2.0
agentmemorybench:fact-mh-262k:context-0/factconsolidation_mh_262k_no51,2,0,coverage-q051-o0-m02,coverage-q051-o0-m03,2,3,1,0.5,1.0,True,10.624999999330612,0.9395333611314782,0.8,0.8,2.0
agentmemorybench:fact-mh-262k:context-0/factconsolidation_mh_262k_no51,2,1,coverage-q051-o1-m00,coverage-q051-o1-m01,0,1,1,0.0,0.5,False,8.999999987427145,0.9501015080898032,0.0,0.0,2.0
agentmemorybench:fact-mh-262k:context-0/factconsolidation_mh_262k_no51,2,1,coverage-q051-o1-m00,coverage-q051-o1-m02,0,2,2,0.0,0.5,False,3.499999860767275,0.0733855550093806,0.4,0.4,2.0
agentmemorybench:fact-mh-262k:context-0/factconsolidation_mh_262k_no51,2,1,coverage-q051-o1-m01,coverage-q051-o1-m03,1,3,2,0.5,1.0,True,5.624999912979547,0.047246340499030315,1.0,1.0,2.0
agentmemorybench:fact-mh-262k:context-0/factconsolidation_mh_262k_no51,2,1,coverage-q051-o1-m02,coverage-q051-o1-m03,2,3,1,0.5,1.0,True,11.125000039639417,0.9239622935794529,0.6,0.6,2.0
agentmemorybench:fact-mh-262k:context-0/factconsolidation_mh_262k_no52,4,0,coverage-q052-o0-m00,coverage-q052-o0-m01,0,1,1,0.0,0.25,False,6.500000179279596,0.7720797364121094,0.0,0.0,0.0
agentmemorybench:fact-mh-262k:context-0/factconsolidation_mh_262k_no52,4,0,coverage-q052-o0-m00,coverage-q052-o0-m02,0,2,2,0.0,0.25,False,4.500000209081918,0.31560118255580216,0.4,0.4,-1.0
agentmemorybench:fact-mh-262k:context-0/factconsolidation_mh_262k_no52,4,0,coverage-q052-o0-m00,coverage-q052-o0-m04,0,4,3,0.0,0.25,False,2.500000183004886,0.0548665256218163,0.0,0.0,0.0
agentmemorybench:fact-mh-262k:context-0/factconsolidation_mh_262k_no52,4,0,coverage-q052-o0-m00,coverage-q052-o0-m08,0,8,4,0.0,0.25,False,2.9375001681037247,0.0848728682832141,0.8,0.8,-3.0
agentmemorybench:fact-mh-262k:context-0/factconsolidation_mh_262k_no52,4,0,coverage-q052-o0-m01,coverage-q052-o0-m03,1,3,2,0.25,0.5,False,1.9999999925494194,0.18537325121345327,0.4,0.4,-1.0
agentmemorybench:fact-mh-262k:context-0/factconsolidation_mh_262k_no52,4,0,coverage-q052-o0-m01,coverage-q052-o0-m05,1,5,3,0.25,0.5,False,0.1250000149011612,0.02088691896527839,0.0,0.0,0.0
agentmemorybench:fact-mh-262k:context-0/factconsolidation_mh_262k_no52,4,0,coverage-q052-o0-m01,coverage-q052-o0-m09,1,9,4,0.25,0.5,False,1.3124999813735485,0.15110893814273252,1.0,1.0,-3.0
agentmemorybench:fact-mh-262k:context-0/factconsolidation_mh_262k_no52,4,0,coverage-q052-o0-m02,coverage-q052-o0-m03,2,3,1,0.25,0.5,False,3.999999962747097,0.6418518050697605,0.0,0.0,0.0
agentmemorybench:fact-mh-262k:context-0/factconsolidation_mh_262k_no52,4,0,coverage-q052-o0-m02,coverage-q052-o0-m06,2,6,3,0.25,0.5,False,1.9999999701976776,0.4564785538563072,-0.4,-0.4,0.0
agentmemorybench:fact-mh-262k:context-0/factconsolidation_mh_262k_no52,4,0,coverage-q052-o0-m02,coverage-q052-o0-m10,2,10,4,0.25,0.5,False,2.187499962747097,0.4872459050788346,0.4,0.4,-3.0
agentmemorybench:fact-mh-262k:context-0/factconsolidation_mh_262k_no52,4,0,coverage-q052-o0-m03,coverage-q052-o0-m07,3,7,3,0.5,0.75,False,2.499999818392098,0.034154204171450875,-0.4,-0.4,0.0
agentmemorybench:fact-mh-262k:context-0/factconsolidation_mh_262k_no52,4,0,coverage-q052-o0-m03,coverage-q052-o0-m11,3,11,4,0.5,0.75,False,0.374999912455678,0.011369528012247998,0.6,0.6,-3.0
agentmemorybench:fact-mh-262k:context-0/factconsolidation_mh_262k_no52,4,0,coverage-q052-o0-m04,coverage-q052-o0-m05,4,5,1,0.25,0.5,False,4.125000011175871,0.7381001297555715,0.0,0.0,0.0
agentmemorybench:fact-mh-262k:context-0/factconsolidation_mh_262k_no52,4,0,coverage-q052-o0-m04,coverage-q052-o0-m06,4,6,2,0.25,0.5,False,3.9999999962747097,0.7172132107902931,0.0,0.0,-1.0
agentmemorybench:fact-mh-262k:context-0/factconsolidation_mh_262k_no52,4,0,coverage-q052-o0-m04,coverage-q052-o0-m12,4,12,4,0.25,0.5,False,3.6874999813735485,0.6585077391731977,1.0,1.0,-3.0
agentmemorybench:fact-mh-262k:context-0/factconsolidation_mh_262k_no52,4,0,coverage-q052-o0-m05,coverage-q052-o0-m07,5,7,2,0.5,0.75,False,4.374999796040356,0.19864053641962576,0.0,0.0,-1.0
agentmemorybench:fact-mh-262k:context-0/factconsolidation_mh_262k_no52,4,0,coverage-q052-o0-m05,coverage-q052-o0-m13,5,13,4,0.5,0.75,False,1.9999999720603228,0.16872724105420733,1.0,1.0,-3.0
agentmemorybench:fact-mh-262k:context-0/factconsolidation_mh_262k_no52,4,0,coverage-q052-o0-m06,coverage-q052-o0-m07,6,7,1,0.5,0.75,False,4.499999810941517,0.21952745538490415,0.0,0.0,0.0
agentmemorybench:fact-mh-262k:context-0/factconsolidation_mh_262k_no52,4,0,coverage-q052-o0-m06,coverage-q052-o0-m14,6,14,4,0.5,0.75,False,2.874999839346856,0.20679374459872957,1.0,1.0,-3.0
agentmemorybench:fact-mh-262k:context-0/factconsolidation_mh_262k_no52,4,0,coverage-q052-o0-m07,coverage-q052-o0-m15,7,15,4,0.75,1.0,True,4.312500249712684,0.003130035974805767,1.0,1.0,-3.0
agentmemorybench:fact-mh-262k:context-0/factconsolidation_mh_262k_no52,4,0,coverage-q052-o0-m08,coverage-q052-o0-m09,8,9,1,0.25,0.5,False,4.874999992549419,0.8383158062716278,0.19999999999999996,0.19999999999999996,0.0
agentmemorybench:fact-mh-262k:context-0/factconsolidation_mh_262k_no52,4,0,coverage-q052-o0-m08,coverage-q052-o0-m10,8,10,2,0.25,0.5,False,3.7500000037252903,0.7179742193514227,0.0,0.0,-1.0
agentmemorybench:fact-mh-262k:context-0/factconsolidation_mh_262k_no52,4,0,coverage-q052-o0-m08,coverage-q052-o0-m12,8,12,3,0.25,0.5,False,3.2499999962747097,0.6285013965117999,0.19999999999999996,0.19999999999999996,0.0
agentmemorybench:fact-mh-262k:context-0/factconsolidation_mh_262k_no52,4,0,coverage-q052-o0-m09,coverage-q052-o0-m11,9,11,2,0.5,0.75,False,1.0624999236315489,0.04563384108296875,0.0,0.0,-1.0
agentmemorybench:fact-mh-262k:context-0/factconsolidation_mh_262k_no52,4,0,coverage-q052-o0-m09,coverage-q052-o0-m13,9,13,3,0.5,0.75,False,0.8125000055879354,0.038505221876753204,0.0,0.0,0.0
agentmemorybench:fact-mh-262k:context-0/factconsolidation_mh_262k_no52,4,0,coverage-q052-o0-m10,coverage-q052-o0-m11,10,11,1,0.5,0.75,False,2.187499912455678,0.16597542800317389,0.19999999999999996,0.19999999999999996,0.0
agentmemorybench:fact-mh-262k:context-0/factconsolidation_mh_262k_no52,4,0,coverage-q052-o0-m10,coverage-q052-o0-m14,10,14,3,0.5,0.75,False,2.6874998467974365,0.17602639337620218,0.19999999999999996,0.19999999999999996,0.0
agentmemorybench:fact-mh-262k:context-0/factconsolidation_mh_262k_no52,4,0,coverage-q052-o0-m11,coverage-q052-o0-m15,11,15,3,0.75,1.0,True,6.437500155649104,0.025914712134008644,0.0,0.0,0.0
agentmemorybench:fact-mh-262k:context-0/factconsolidation_mh_262k_no52,4,0,coverage-q052-o0-m12,coverage-q052-o0-m13,12,13,1,0.5,0.75,False,2.437500001862645,0.2483196316365811,0.0,0.0,0.0
agentmemorybench:fact-mh-262k:context-0/factconsolidation_mh_262k_no52,4,0,coverage-q052-o0-m12,coverage-q052-o0-m14,12,14,2,0.5,0.75,False,3.187499854248017,0.26549921621582495,0.0,0.0,-1.0
agentmemorybench:fact-mh-262k:context-0/factconsolidation_mh_262k_no52,4,0,coverage-q052-o0-m13,coverage-q052-o0-m15,13,15,2,0.75,1.0,True,6.687500073692718,0.03304333134022419,0.0,0.0,-1.0
agentmemorybench:fact-mh-262k:context-0/factconsolidation_mh_262k_no52,4,0,coverage-q052-o0-m14,coverage-q052-o0-m15,14,15,1,0.75,1.0,True,5.937500221307346,0.015863746760980346,0.0,0.0,0.0
agentmemorybench:fact-mh-262k:context-0/factconsolidation_mh_262k_no52,4,1,coverage-q052-o1-m00,coverage-q052-o1-m01,0,1,1,0.0,0.25,False,6.562499918043613,0.9037361412208896,0.0,0.0,0.0
agentmemorybench:fact-mh-262k:context-0/factconsolidation_mh_262k_no52,4,1,coverage-q052-o1-m00,coverage-q052-o1-m02,0,2,2,0.0,0.25,False,3.374999836087227,0.3049149005197338,0.4,0.4,-1.0
agentmemorybench:fact-mh-262k:context-0/factconsolidation_mh_262k_no52,4,1,coverage-q052-o1-m00,coverage-q052-o1-m04,0,4,3,0.0,0.25,False,1.999999769032001,0.09078419090328389,0.0,0.0,0.0
agentmemorybench:fact-mh-262k:context-0/factconsolidation_mh_262k_no52,4,1,coverage-q052-o1-m00,coverage-q052-o1-m08,0,8,4,0.0,0.25,False,2.4999998211860657,0.1486100629409374,1.0,1.0,-3.0
agentmemorybench:fact-mh-262k:context-0/factconsolidation_mh_262k_no52,4,1,coverage-q052-o1-m01,coverage-q052-o1-m03,1,3,2,0.25,0.5,False,0.687499912455678,0.038269735625588996,0.4,0.4,-1.0
agentmemorybench:fact-mh-262k:context-0/factconsolidation_mh_262k_no52,4,1,coverage-q052-o1-m01,coverage-q052-o1-m05,1,5,3,0.25,0.5,False,0.6875000204890966,0.03826973998110217,0.0,0.0,0.0
agentmemorybench:fact-mh-262k:context-0/factconsolidation_mh_262k_no52,4,1,coverage-q052-o1-m01,coverage-q052-o1-m09,1,9,4,0.25,0.5,False,-0.06250006705522537,-0.004741581199168787,1.0,1.0,-3.0
agentmemorybench:fact-mh-262k:context-0/factconsolidation_mh_262k_no52,4,1,coverage-q052-o1-m02,coverage-q052-o1-m03,2,3,1,0.25,0.5,False,3.8749999944120646,0.6370909763267448,0.0,0.0,0.0
agentmemorybench:fact-mh-262k:context-0/factconsolidation_mh_262k_no52,4,1,coverage-q052-o1-m02,coverage-q052-o1-m06,2,6,3,0.25,0.5,False,1.5000000298023224,0.3583574048445628,-0.4,-0.4,0.0
agentmemorybench:fact-mh-262k:context-0/factconsolidation_mh_262k_no52,4,1,coverage-q052-o1-m02,coverage-q052-o1-m10,2,10,4,0.25,0.5,False,1.0000000298023224,0.2413552065549679,0.19999999999999996,0.19999999999999996,-3.0
agentmemorybench:fact-mh-262k:context-0/factconsolidation_mh_262k_no52,4,1,coverage-q052-o1-m03,coverage-q052-o1-m07,3,7,3,0.5,0.75,False,1.3750000880099833,0.031100787283609765,-0.4,-0.4,0.0
agentmemorybench:fact-mh-262k:context-0/factconsolidation_mh_262k_no52,4,1,coverage-q052-o1-m03,coverage-q052-o1-m11,3,11,4,0.5,0.75,False,0.8124998668208718,0.022963689429459366,0.6,0.6,-3.0
agentmemorybench:fact-mh-262k:context-0/factconsolidation_mh_262k_no52,4,1,coverage-q052-o1-m04,coverage-q052-o1-m05,4,5,1,0.25,0.5,False,5.250000169500709,0.8512216902987079,0.0,0.0,0.0
agentmemorybench:fact-mh-262k:context-0/factconsolidation_mh_262k_no52,4,1,coverage-q052-o1-m04,coverage-q052-o1-m06,4,6,2,0.25,0.5,False,2.875000096857548,0.5724881144610127,0.0,0.0,-1.0
agentmemorybench:fact-mh-262k:context-0/factconsolidation_mh_262k_no52,4,1,coverage-q052-o1-m04,coverage-q052-o1-m12,4,12,4,0.25,0.5,False,2.500000096857548,0.48597601523968936,1.0,1.0,-3.0
agentmemorybench:fact-mh-262k:context-0/factconsolidation_mh_262k_no52,4,1,coverage-q052-o1-m05,coverage-q052-o1-m07,5,7,2,0.5,0.75,False,1.3749999799765646,0.031100782928096593,0.0,0.0,-1.0
agentmemorybench:fact-mh-262k:context-0/factconsolidation_mh_262k_no52,4,1,coverage-q052-o1-m05,coverage-q052-o1-m13,5,13,4,0.5,0.75,False,-0.12500006332993507,-0.005338147769914592,1.0,1.0,-3.0
agentmemorybench:fact-mh-262k:context-0/factconsolidation_mh_262k_no52,4,1,coverage-q052-o1-m06,coverage-q052-o1-m07,6,7,1,0.5,0.75,False,3.7500000526197255,0.3098343587657918,0.0,0.0,0.0
agentmemorybench:fact-mh-262k:context-0/factconsolidation_mh_262k_no52,4,1,coverage-q052-o1-m06,coverage-q052-o1-m14,6,14,4,0.5,0.75,False,1.500000111758709,0.22547184556557343,1.0,1.0,-3.0
agentmemorybench:fact-mh-262k:context-0/factconsolidation_mh_262k_no52,4,1,coverage-q052-o1-m07,coverage-q052-o1-m15,7,15,4,0.75,1.0,True,2.687499884457793,0.010231536378589645,1.0,1.0,-3.0
agentmemorybench:fact-mh-262k:context-0/factconsolidation_mh_262k_no52,4,1,coverage-q052-o1-m08,coverage-q052-o1-m09,8,9,1,0.25,0.5,False,4.000000029802322,0.7503844970807834,0.0,0.0,0.0
agentmemorybench:fact-mh-262k:context-0/factconsolidation_mh_262k_no52,4,1,coverage-q052-o1-m08,coverage-q052-o1-m10,8,10,2,0.25,0.5,False,1.8750000447034836,0.39766004413376427,-0.4,-0.4,-1.0
agentmemorybench:fact-mh-262k:context-0/factconsolidation_mh_262k_no52,4,1,coverage-q052-o1-m08,coverage-q052-o1-m12,8,12,3,0.25,0.5,False,2.0000000447034836,0.42815014320203587,0.0,0.0,0.0
agentmemorybench:fact-mh-262k:context-0/factconsolidation_mh_262k_no52,4,1,coverage-q052-o1-m09,coverage-q052-o1-m11,9,11,2,0.5,0.75,False,1.5624998463317752,0.06597500625421715,0.0,0.0,-1.0
agentmemorybench:fact-mh-262k:context-0/factconsolidation_mh_262k_no52,4,1,coverage-q052-o1-m09,coverage-q052-o1-m13,9,13,3,0.5,0.75,False,0.6250000242143869,0.037673173410356364,0.0,0.0,0.0
agentmemorybench:fact-mh-262k:context-0/factconsolidation_mh_262k_no52,4,1,coverage-q052-o1-m10,coverage-q052-o1-m11,10,11,1,0.5,0.75,False,3.687499831430614,0.4186994592012363,0.4,0.4,0.0
agentmemorybench:fact-mh-262k:context-0/factconsolidation_mh_262k_no52,4,1,coverage-q052-o1-m10,coverage-q052-o1-m14,10,14,3,0.5,0.75,False,2.000000111758709,0.34247404385516833,0.4,0.4,0.0
agentmemorybench:fact-mh-262k:context-0/factconsolidation_mh_262k_no52,4,1,coverage-q052-o1-m11,coverage-q052-o1-m15,11,15,3,0.75,1.0,True,3.2500001056469046,0.018368634232740044,0.0,0.0,0.0
agentmemorybench:fact-mh-262k:context-0/factconsolidation_mh_262k_no52,4,1,coverage-q052-o1-m12,coverage-q052-o1-m13,12,13,1,0.5,0.75,False,2.6250000093132257,0.3599075272891039,0.0,0.0,0.0
agentmemorybench:fact-mh-262k:context-0/factconsolidation_mh_262k_no52,4,1,coverage-q052-o1-m12,coverage-q052-o1-m14,12,14,2,0.5,0.75,False,1.875000111758709,0.3119839447868967,0.0,0.0,-1.0
agentmemorybench:fact-mh-262k:context-0/factconsolidation_mh_262k_no52,4,1,coverage-q052-o1-m13,coverage-q052-o1-m15,13,15,2,0.75,1.0,True,4.187499927764293,0.04667046707660083,0.0,0.0,-1.0
agentmemorybench:fact-mh-262k:context-0/factconsolidation_mh_262k_no52,4,1,coverage-q052-o1-m14,coverage-q052-o1-m15,14,15,1,0.75,1.0,True,4.93749982531881,0.09459404957880801,0.0,0.0,0.0
agentmemorybench:fact-mh-262k:context-0/factconsolidation_mh_262k_no54,3,0,coverage-q054-o0-m00,coverage-q054-o0-m01,0,1,1,0.0,0.3333333333333333,False,7.500000100582838,0.8942159755719814,0.0,0.0,-4.0
agentmemorybench:fact-mh-262k:context-0/factconsolidation_mh_262k_no54,3,0,coverage-q054-o0-m00,coverage-q054-o0-m02,0,2,2,0.0,0.3333333333333333,False,3.687500022351742,0.1596110523613507,0.0,0.0,2.0
agentmemorybench:fact-mh-262k:context-0/factconsolidation_mh_262k_no54,3,0,coverage-q054-o0-m00,coverage-q054-o0-m04,0,4,3,0.0,0.3333333333333333,False,3.4375,0.1280588279115514,1.0,1.0,2.0
agentmemorybench:fact-mh-262k:context-0/factconsolidation_mh_262k_no54,3,0,coverage-q054-o0-m01,coverage-q054-o0-m03,1,3,2,0.3333333333333333,0.6666666666666666,False,0.7499999944120646,0.05054798810733496,0.0,0.0,2.0
agentmemorybench:fact-mh-262k:context-0/factconsolidation_mh_262k_no54,3,0,coverage-q054-o0-m01,coverage-q054-o0-m05,1,5,3,0.3333333333333333,0.6666666666666666,False,0.18749991804361343,0.015779570815779742,0.8,0.8,2.0
agentmemorybench:fact-mh-262k:context-0/factconsolidation_mh_262k_no54,3,0,coverage-q054-o0-m02,coverage-q054-o0-m03,2,3,1,0.3333333333333333,0.6666666666666666,False,4.562500072643161,0.7851529113179656,0.0,0.0,-4.0
agentmemorybench:fact-mh-262k:context-0/factconsolidation_mh_262k_no54,3,0,coverage-q054-o0-m02,coverage-q054-o0-m06,2,6,3,0.3333333333333333,0.6666666666666666,False,4.312500001862645,0.7717685458606928,1.0,1.0,2.0
agentmemorybench:fact-mh-262k:context-0/factconsolidation_mh_262k_no54,3,0,coverage-q054-o0-m03,coverage-q054-o0-m07,3,7,3,0.6666666666666666,1.0,True,7.000000085414285,0.05028230527356281,1.0,1.0,2.0
agentmemorybench:fact-mh-262k:context-0/factconsolidation_mh_262k_no54,3,0,coverage-q054-o0-m04,coverage-q054-o0-m05,4,5,1,0.3333333333333333,0.6666666666666666,False,4.2500000186264515,0.7819367184762097,-0.19999999999999996,-0.19999999999999996,-4.0
agentmemorybench:fact-mh-262k:context-0/factconsolidation_mh_262k_no54,3,0,coverage-q054-o0-m04,coverage-q054-o0-m06,4,6,2,0.3333333333333333,0.6666666666666666,False,4.562500024214387,0.8033207703104921,0.0,0.0,2.0
agentmemorybench:fact-mh-262k:context-0/factconsolidation_mh_262k_no54,3,0,coverage-q054-o0-m05,coverage-q054-o0-m07,5,7,2,0.6666666666666666,1.0,True,7.5625001617827365,0.08505072256511803,0.19999999999999996,0.19999999999999996,2.0
agentmemorybench:fact-mh-262k:context-0/factconsolidation_mh_262k_no54,3,0,coverage-q054-o0-m06,coverage-q054-o0-m07,6,7,1,0.6666666666666666,1.0,True,7.250000156194801,0.06366667073083565,0.0,0.0,-4.0
agentmemorybench:fact-mh-262k:context-0/factconsolidation_mh_262k_no54,3,1,coverage-q054-o1-m00,coverage-q054-o1-m01,0,1,1,0.0,0.3333333333333333,False,6.750000060070306,0.8031618170936722,0.0,0.0,-4.0
agentmemorybench:fact-mh-262k:context-0/factconsolidation_mh_262k_no54,3,1,coverage-q054-o1-m00,coverage-q054-o1-m02,0,2,2,0.0,0.3333333333333333,False,3.3124999185092747,0.114297507713774,0.0,0.0,2.0
agentmemorybench:fact-mh-262k:context-0/factconsolidation_mh_262k_no54,3,1,coverage-q054-o1-m00,coverage-q054-o1-m04,0,4,3,0.0,0.3333333333333333,False,1.5000000712461774,0.016709928556072902,1.0,1.0,2.0
agentmemorybench:fact-mh-262k:context-0/factconsolidation_mh_262k_no54,3,1,coverage-q054-o1-m01,coverage-q054-o1-m03,1,3,2,0.3333333333333333,0.6666666666666666,False,1.3749999925494194,0.13528035468217092,0.0,0.0,2.0
agentmemorybench:fact-mh-262k:context-0/factconsolidation_mh_262k_no54,3,1,coverage-q054-o1-m01,coverage-q054-o1-m05,1,5,3,0.3333333333333333,0.6666666666666666,False,0.6249999776482582,0.07913737464798065,1.0,1.0,2.0
agentmemorybench:fact-mh-262k:context-0/factconsolidation_mh_262k_no54,3,1,coverage-q054-o1-m02,coverage-q054-o1-m03,2,3,1,0.3333333333333333,0.6666666666666666,False,4.812500134110451,0.8241446640620691,0.0,0.0,-4.0
agentmemorybench:fact-mh-262k:context-0/factconsolidation_mh_262k_no54,3,1,coverage-q054-o1-m02,coverage-q054-o1-m06,2,6,3,0.3333333333333333,0.6666666666666666,False,3.1250000819563866,0.6357120734504054,1.0,1.0,2.0
agentmemorybench:fact-mh-262k:context-0/factconsolidation_mh_262k_no54,3,1,coverage-q054-o1-m03,coverage-q054-o1-m07,3,7,3,0.6666666666666666,1.0,True,4.3124999506399035,0.05584833658732358,1.0,1.0,2.0
agentmemorybench:fact-mh-262k:context-0/factconsolidation_mh_262k_no54,3,1,coverage-q054-o1-m04,coverage-q054-o1-m05,4,5,1,0.3333333333333333,0.6666666666666666,False,5.874999966472387,0.8655892631855799,0.0,0.0,-4.0
agentmemorybench:fact-mh-262k:context-0/factconsolidation_mh_262k_no54,3,1,coverage-q054-o1-m04,coverage-q054-o1-m06,4,6,2,0.3333333333333333,0.6666666666666666,False,4.937499929219484,0.7332996526081065,0.0,0.0,2.0
agentmemorybench:fact-mh-262k:context-0/factconsolidation_mh_262k_no54,3,1,coverage-q054-o1-m05,coverage-q054-o1-m07,5,7,2,0.6666666666666666,1.0,True,5.062499965541065,0.11199131662151385,0.0,0.0,2.0
agentmemorybench:fact-mh-262k:context-0/factconsolidation_mh_262k_no54,3,1,coverage-q054-o1-m06,coverage-q054-o1-m07,6,7,1,0.6666666666666666,1.0,True,6.000000002793968,0.2442809271989873,0.0,0.0,-4.0
agentmemorybench:fact-mh-262k:context-0/factconsolidation_mh_262k_no55,4,0,coverage-q055-o0-m00,coverage-q055-o0-m01,0,1,1,0.0,0.25,False,6.749999935622327,0.663087392791923,0.0,0.0,-1.0
agentmemorybench:fact-mh-262k:context-0/factconsolidation_mh_262k_no55,4,0,coverage-q055-o0-m00,coverage-q055-o0-m02,0,2,2,0.0,0.25,False,5.374999950523488,0.3322662786158798,0.0,0.0,-1.0
agentmemorybench:fact-mh-262k:context-0/factconsolidation_mh_262k_no55,4,0,coverage-q055-o0-m00,coverage-q055-o0-m04,0,4,3,0.0,0.25,False,2.8125000511063263,0.0350037283211259,0.0,0.0,0.0
agentmemorybench:fact-mh-262k:context-0/factconsolidation_mh_262k_no55,4,0,coverage-q055-o0-m00,coverage-q055-o0-m08,0,8,4,0.0,0.25,False,1.8125000026775524,0.011740465129099199,1.0,1.0,-1.0
agentmemorybench:fact-mh-262k:context-0/factconsolidation_mh_262k_no55,4,0,coverage-q055-o0-m01,coverage-q055-o0-m03,1,3,2,0.25,0.5,False,1.1875000298023224,0.20162520609081813,0.0,0.0,-1.0
agentmemorybench:fact-mh-262k:context-0/factconsolidation_mh_262k_no55,4,0,coverage-q055-o0-m01,coverage-q055-o0-m05,1,5,3,0.25,0.5,False,-0.125,-0.028379764394330764,0.0,0.0,0.0
agentmemorybench:fact-mh-262k:context-0/factconsolidation_mh_262k_no55,4,0,coverage-q055-o0-m01,coverage-q055-o0-m09,1,9,4,0.25,0.5,False,0.0625000149011612,0.013768143746163752,1.0,1.0,-1.0
agentmemorybench:fact-mh-262k:context-0/factconsolidation_mh_262k_no55,4,0,coverage-q055-o0-m02,coverage-q055-o0-m03,2,3,1,0.25,0.5,False,2.562500014901161,0.5324463202668613,0.0,0.0,-1.0
agentmemorybench:fact-mh-262k:context-0/factconsolidation_mh_262k_no55,4,0,coverage-q055-o0-m02,coverage-q055-o0-m06,2,6,3,0.25,0.5,False,2.249999962747097,0.49212234748065864,0.0,0.0,0.0
agentmemorybench:fact-mh-262k:context-0/factconsolidation_mh_262k_no55,4,0,coverage-q055-o0-m02,coverage-q055-o0-m10,2,10,4,0.25,0.5,False,0.9375,0.22758705963261205,1.0,1.0,-1.0
agentmemorybench:fact-mh-262k:context-0/factconsolidation_mh_262k_no55,4,0,coverage-q055-o0-m03,coverage-q055-o0-m07,3,7,3,0.5,0.75,False,2.37499981187284,0.11890060903478261,0.0,0.0,0.0
agentmemorybench:fact-mh-262k:context-0/factconsolidation_mh_262k_no55,4,0,coverage-q055-o0-m03,coverage-q055-o0-m11,3,11,4,0.5,0.75,False,0.2500000149011612,0.02627364737469262,0.8,0.8,-1.0
agentmemorybench:fact-mh-262k:context-0/factconsolidation_mh_262k_no55,4,0,coverage-q055-o0-m04,coverage-q055-o0-m05,4,5,1,0.25,0.5,False,3.8124998845160007,0.5997039000764663,0.0,0.0,-1.0
agentmemorybench:fact-mh-262k:context-0/factconsolidation_mh_262k_no55,4,0,coverage-q055-o0-m04,coverage-q055-o0-m06,4,6,2,0.25,0.5,False,4.812499862164259,0.7893848977754125,0.0,0.0,-1.0
agentmemorybench:fact-mh-262k:context-0/factconsolidation_mh_262k_no55,4,0,coverage-q055-o0-m04,coverage-q055-o0-m12,4,12,4,0.25,0.5,False,4.374999899417162,0.7175880959091961,1.0,1.0,-1.0
agentmemorybench:fact-mh-262k:context-0/factconsolidation_mh_262k_no55,4,0,coverage-q055-o0-m05,coverage-q055-o0-m07,5,7,2,0.5,0.75,False,3.6874998416751623,0.3489055795199315,0.0,0.0,-1.0
agentmemorybench:fact-mh-262k:context-0/factconsolidation_mh_262k_no55,4,0,coverage-q055-o0-m05,coverage-q055-o0-m13,5,13,4,0.5,0.75,False,2.6875001192092896,0.3256423253691375,1.0,1.0,-1.0
agentmemorybench:fact-mh-262k:context-0/factconsolidation_mh_262k_no55,4,0,coverage-q055-o0-m06,coverage-q055-o0-m07,6,7,1,0.5,0.75,False,2.687499864026904,0.1592245818209853,0.0,0.0,-1.0
agentmemorybench:fact-mh-262k:context-0/factconsolidation_mh_262k_no55,4,0,coverage-q055-o0-m06,coverage-q055-o0-m14,6,14,4,0.5,0.75,False,2.437499810010195,0.1553019972903421,1.0,1.0,-1.0
agentmemorybench:fact-mh-262k:context-0/factconsolidation_mh_262k_no55,4,0,coverage-q055-o0-m07,coverage-q055-o0-m15,7,15,4,0.75,1.0,True,4.250000195839675,0.013860202471714045,1.0,1.0,-1.0
agentmemorybench:fact-mh-262k:context-0/factconsolidation_mh_262k_no55,4,0,coverage-q055-o0-m08,coverage-q055-o0-m09,8,9,1,0.25,0.5,False,4.999999947845936,0.6651150714089876,0.0,0.0,-1.0
agentmemorybench:fact-mh-262k:context-0/factconsolidation_mh_262k_no55,4,0,coverage-q055-o0-m08,coverage-q055-o0-m10,8,10,2,0.25,0.5,False,4.499999947845936,0.5481128731193927,0.0,0.0,-1.0
agentmemorybench:fact-mh-262k:context-0/factconsolidation_mh_262k_no55,4,0,coverage-q055-o0-m08,coverage-q055-o0-m12,8,12,3,0.25,0.5,False,5.374999947845936,0.7408513591012229,0.0,0.0,0.0
agentmemorybench:fact-mh-262k:context-0/factconsolidation_mh_262k_no55,4,0,coverage-q055-o0-m09,coverage-q055-o0-m11,9,11,2,0.5,0.75,False,1.3750000298023224,0.214130709719347,-0.19999999999999996,-0.19999999999999996,-1.0
agentmemorybench:fact-mh-262k:context-0/factconsolidation_mh_262k_no55,4,0,coverage-q055-o0-m09,coverage-q055-o0-m13,9,13,3,0.5,0.75,False,2.5000001043081284,0.283494417228643,0.0,0.0,0.0
agentmemorybench:fact-mh-262k:context-0/factconsolidation_mh_262k_no55,4,0,coverage-q055-o0-m10,coverage-q055-o0-m11,10,11,1,0.5,0.75,False,1.8750000298023224,0.3311329080089419,-0.19999999999999996,-0.19999999999999996,-1.0
agentmemorybench:fact-mh-262k:context-0/factconsolidation_mh_262k_no55,4,0,coverage-q055-o0-m10,coverage-q055-o0-m14,10,14,3,0.5,0.75,False,3.749999772757292,0.4198372851383887,0.0,0.0,0.0
agentmemorybench:fact-mh-262k:context-0/factconsolidation_mh_262k_no55,4,0,coverage-q055-o0-m11,coverage-q055-o0-m15,11,15,3,0.75,1.0,True,6.374999992811354,0.10648716413180404,0.19999999999999996,0.19999999999999996,0.0
agentmemorybench:fact-mh-262k:context-0/factconsolidation_mh_262k_no55,4,0,coverage-q055-o0-m12,coverage-q055-o0-m13,12,13,1,0.5,0.75,False,2.1250001043081284,0.2077581295364077,0.0,0.0,-1.0
agentmemorybench:fact-mh-262k:context-0/factconsolidation_mh_262k_no55,4,0,coverage-q055-o0-m12,coverage-q055-o0-m14,12,14,2,0.5,0.75,False,2.874999772757292,0.2270987991565585,0.0,0.0,-1.0
agentmemorybench:fact-mh-262k:context-0/factconsolidation_mh_262k_no55,4,0,coverage-q055-o0-m13,coverage-q055-o0-m15,13,15,2,0.75,1.0,True,5.249999918305548,0.037123456622508044,0.0,0.0,-1.0
agentmemorybench:fact-mh-262k:context-0/factconsolidation_mh_262k_no55,4,0,coverage-q055-o0-m14,coverage-q055-o0-m15,14,15,1,0.75,1.0,True,4.5000002498563845,0.017782787002357248,0.0,0.0,-1.0
agentmemorybench:fact-mh-262k:context-0/factconsolidation_mh_262k_no55,4,1,coverage-q055-o1-m00,coverage-q055-o1-m01,0,1,1,0.0,0.25,False,7.749999919906259,0.900580395835388,0.0,0.0,-1.0
agentmemorybench:fact-mh-262k:context-0/factconsolidation_mh_262k_no55,4,1,coverage-q055-o1-m00,coverage-q055-o1-m02,0,2,2,0.0,0.25,False,6.249999905005097,0.6751085547014573,0.0,0.0,-1.0
agentmemorybench:fact-mh-262k:context-0/factconsolidation_mh_262k_no55,4,1,coverage-q055-o1-m00,coverage-q055-o1-m04,0,4,3,0.0,0.25,False,3.0624998826533556,0.0762873269878553,0.0,0.0,0.0
agentmemorybench:fact-mh-262k:context-0/factconsolidation_mh_262k_no55,4,1,coverage-q055-o1-m00,coverage-q055-o1-m08,0,8,4,0.0,0.25,False,2.1249998454004526,0.029015837548300498,1.0,1.0,-1.0
agentmemorybench:fact-mh-262k:context-0/factconsolidation_mh_262k_no55,4,1,coverage-q055-o1-m01,coverage-q055-o1-m03,1,3,2,0.25,0.5,False,2.000000234693289,0.08128584218881019,0.0,0.0,-1.0
agentmemorybench:fact-mh-262k:context-0/factconsolidation_mh_262k_no55,4,1,coverage-q055-o1-m01,coverage-q055-o1-m05,1,5,3,0.25,0.5,False,0.12500013411045074,0.01025043045873375,0.0,0.0,0.0
agentmemorybench:fact-mh-262k:context-0/factconsolidation_mh_262k_no55,4,1,coverage-q055-o1-m01,coverage-q055-o1-m09,1,9,4,0.25,0.5,False,0.12500012665987015,0.010250429878652323,1.0,1.0,-1.0
agentmemorybench:fact-mh-262k:context-0/factconsolidation_mh_262k_no55,4,1,coverage-q055-o1-m02,coverage-q055-o1-m03,2,3,1,0.25,0.5,False,3.50000024959445,0.3067576833227409,0.0,0.0,-1.0
agentmemorybench:fact-mh-262k:context-0/factconsolidation_mh_262k_no55,4,1,coverage-q055-o1-m02,coverage-q055-o1-m06,2,6,3,0.25,0.5,False,0.0,0.0,0.0,0.0,0.0
agentmemorybench:fact-mh-262k:context-0/factconsolidation_mh_262k_no55,4,1,coverage-q055-o1-m02,coverage-q055-o1-m10,2,10,4,0.25,0.5,False,2.9802322387695312e-08,6.493776849580968e-09,1.0,1.0,-1.0
agentmemorybench:fact-mh-262k:context-0/factconsolidation_mh_262k_no55,4,1,coverage-q055-o1-m03,coverage-q055-o1-m07,3,7,3,0.5,0.75,False,0.8749999096617103,0.008152555900086567,0.0,0.0,0.0
agentmemorybench:fact-mh-262k:context-0/factconsolidation_mh_262k_no55,4,1,coverage-q055-o1-m03,coverage-q055-o1-m11,3,11,4,0.5,0.75,False,-0.37500016205012754,-0.006268728196855977,0.8,0.8,-1.0
agentmemorybench:fact-mh-262k:context-0/factconsolidation_mh_262k_no55,4,1,coverage-q055-o1-m04,coverage-q055-o1-m05,4,5,1,0.25,0.5,False,4.812500171363354,0.8345434993062664,0.0,0.0,-1.0
agentmemorybench:fact-mh-262k:context-0/factconsolidation_mh_262k_no55,4,1,coverage-q055-o1-m04,coverage-q055-o1-m06,4,6,2,0.25,0.5,False,3.187500022351742,0.5988212277136019,0.0,0.0,-1.0
agentmemorybench:fact-mh-262k:context-0/factconsolidation_mh_262k_no55,4,1,coverage-q055-o1-m04,coverage-q055-o1-m12,4,12,4,0.25,0.5,False,1.437500111758709,0.1885839681209655,1.0,1.0,-1.0
agentmemorybench:fact-mh-262k:context-0/factconsolidation_mh_262k_no55,4,1,coverage-q055-o1-m05,coverage-q055-o1-m07,5,7,2,0.5,0.75,False,2.7500000102445483,0.079187967630163,0.0,0.0,-1.0
agentmemorybench:fact-mh-262k:context-0/factconsolidation_mh_262k_no55,4,1,coverage-q055-o1-m05,coverage-q055-o1-m13,5,13,4,0.5,0.75,False,0.49999983608722687,0.031695703666070774,1.0,1.0,-1.0
agentmemorybench:fact-mh-262k:context-0/factconsolidation_mh_262k_no55,4,1,coverage-q055-o1-m06,coverage-q055-o1-m07,6,7,1,0.5,0.75,False,4.37500015925616,0.31491023922282746,0.0,0.0,-1.0
agentmemorybench:fact-mh-262k:context-0/factconsolidation_mh_262k_no55,4,1,coverage-q055-o1-m06,coverage-q055-o1-m14,6,14,4,0.5,0.75,False,0.6250000298023224,0.11900808505800509,1.0,1.0,-1.0
agentmemorybench:fact-mh-262k:context-0/factconsolidation_mh_262k_no55,4,1,coverage-q055-o1-m07,coverage-q055-o1-m15,7,15,4,0.75,1.0,True,2.4999998733983375,0.0054232109741647605,1.0,1.0,-1.0
agentmemorybench:fact-mh-262k:context-0/factconsolidation_mh_262k_no55,4,1,coverage-q055-o1-m08,coverage-q055-o1-m09,8,9,1,0.25,0.5,False,5.750000201165676,0.8818149881657398,0.0,0.0,-1.0
agentmemorybench:fact-mh-262k:context-0/factconsolidation_mh_262k_no55,4,1,coverage-q055-o1-m08,coverage-q055-o1-m10,8,10,2,0.25,0.5,False,4.125000089406967,0.6460927236469336,0.0,0.0,-1.0
agentmemorybench:fact-mh-262k:context-0/factconsolidation_mh_262k_no55,4,1,coverage-q055-o1-m08,coverage-q055-o1-m12,8,12,3,0.25,0.5,False,2.375000149011612,0.23585545756052032,0.0,0.0,0.0
agentmemorybench:fact-mh-262k:context-0/factconsolidation_mh_262k_no55,4,1,coverage-q055-o1-m09,coverage-q055-o1-m11,9,11,2,0.5,0.75,False,1.4999999459832911,0.06476668411330189,-0.19999999999999996,-0.19999999999999996,-1.0
agentmemorybench:fact-mh-262k:context-0/factconsolidation_mh_262k_no55,4,1,coverage-q055-o1-m09,coverage-q055-o1-m13,9,13,3,0.5,0.75,False,0.49999984353780746,0.0316957042461522,0.0,0.0,0.0
agentmemorybench:fact-mh-262k:context-0/factconsolidation_mh_262k_no55,4,1,coverage-q055-o1-m10,coverage-q055-o1-m11,10,11,1,0.5,0.75,False,3.125000057742,0.30048894863210807,-0.19999999999999996,-0.19999999999999996,-1.0
agentmemorybench:fact-mh-262k:context-0/factconsolidation_mh_262k_no55,4,1,coverage-q055-o1-m10,coverage-q055-o1-m14,10,14,3,0.5,0.75,False,0.625,0.11900807856422824,0.0,0.0,0.0
agentmemorybench:fact-mh-262k:context-0/factconsolidation_mh_262k_no55,4,1,coverage-q055-o1-m11,coverage-q055-o1-m15,11,15,3,0.75,1.0,True,3.7499999451101753,0.019844495071107304,0.19999999999999996,0.19999999999999996,0.0
agentmemorybench:fact-mh-262k:context-0/factconsolidation_mh_262k_no55,4,1,coverage-q055-o1-m12,coverage-q055-o1-m13,12,13,1,0.5,0.75,False,3.8749998956918716,0.6776552348513716,0.0,0.0,-1.0
agentmemorybench:fact-mh-262k:context-0/factconsolidation_mh_262k_no55,4,1,coverage-q055-o1-m12,coverage-q055-o1-m14,12,14,2,0.5,0.75,False,2.3749999403953552,0.5292453446506415,0.0,0.0,-1.0
agentmemorybench:fact-mh-262k:context-0/factconsolidation_mh_262k_no55,4,1,coverage-q055-o1-m13,coverage-q055-o1-m15,13,15,2,0.75,1.0,True,4.750000047555659,0.05291547493825699,0.0,0.0,-1.0
agentmemorybench:fact-mh-262k:context-0/factconsolidation_mh_262k_no55,4,1,coverage-q055-o1-m14,coverage-q055-o1-m15,14,15,1,0.75,1.0,True,6.250000002852175,0.20132536513898713,0.0,0.0,-1.0
agentmemorybench:fact-mh-262k:context-0/factconsolidation_mh_262k_no58,2,0,coverage-q058-o0-m00,coverage-q058-o0-m01,0,1,1,0.0,0.5,False,9.125000101397745,0.9637413376933552,0.0,0.0,-2.0
agentmemorybench:fact-mh-262k:context-0/factconsolidation_mh_262k_no58,2,0,coverage-q058-o0-m00,coverage-q058-o0-m02,0,2,2,0.0,0.5,False,6.250000120024197,0.6192866418295567,0.2,0.0,1.0
agentmemorybench:fact-mh-262k:context-0/factconsolidation_mh_262k_no58,2,0,coverage-q058-o0-m01,coverage-q058-o0-m03,1,3,2,0.5,1.0,True,2.000000072643161,0.0284764078697326,1.0,1.0,1.0
agentmemorybench:fact-mh-262k:context-0/factconsolidation_mh_262k_no58,2,0,coverage-q058-o0-m02,coverage-q058-o0-m03,2,3,1,0.5,1.0,True,4.875000054016709,0.3729311037335311,0.8,1.0,-2.0
agentmemorybench:fact-mh-262k:context-0/factconsolidation_mh_262k_no58,2,1,coverage-q058-o1-m00,coverage-q058-o1-m01,0,1,1,0.0,0.5,False,11.874999824445695,0.9932002314510322,0.0,0.0,-2.0
agentmemorybench:fact-mh-262k:context-0/factconsolidation_mh_262k_no58,2,1,coverage-q058-o1-m00,coverage-q058-o1-m02,0,2,2,0.0,0.5,False,5.749999945051968,0.28016077304294107,0.0,0.0,1.0
agentmemorybench:fact-mh-262k:context-0/factconsolidation_mh_262k_no58,2,1,coverage-q058-o1-m01,coverage-q058-o1-m03,1,3,2,0.5,1.0,True,0.500000020605512,0.0021783125551569915,0.8,0.8,1.0
agentmemorybench:fact-mh-262k:context-0/factconsolidation_mh_262k_no58,2,1,coverage-q058-o1-m02,coverage-q058-o1-m03,2,3,1,0.5,1.0,True,6.6249998999992386,0.7152177709632481,0.8,0.8,-2.0
agentmemorybench:fact-mh-262k:context-0/factconsolidation_mh_262k_no59,2,0,coverage-q059-o0-m00,coverage-q059-o0-m01,0,1,1,0.0,0.5,False,7.687499909894541,0.9261634078510876,0.0,0.0,0.0
agentmemorybench:fact-mh-262k:context-0/factconsolidation_mh_262k_no59,2,0,coverage-q059-o0-m00,coverage-q059-o0-m02,0,2,2,0.0,0.5,False,5.749999909894541,0.6591206624956267,1.0,1.0,6.0
agentmemorybench:fact-mh-262k:context-0/factconsolidation_mh_262k_no59,2,0,coverage-q059-o0-m01,coverage-q059-o0-m03,1,3,2,0.5,1.0,True,7.187499554658643,0.0674919294699976,1.0,1.0,6.0
agentmemorybench:fact-mh-262k:context-0/factconsolidation_mh_262k_no59,2,0,coverage-q059-o0-m02,coverage-q059-o0-m03,2,3,1,0.5,1.0,True,9.124999554658643,0.3345346748254585,0.0,0.0,0.0
agentmemorybench:fact-mh-262k:context-0/factconsolidation_mh_262k_no59,2,1,coverage-q059-o1-m00,coverage-q059-o1-m01,0,1,1,0.0,0.5,False,6.5000000144355,0.8637490842809172,0.0,0.0,0.0
agentmemorybench:fact-mh-262k:context-0/factconsolidation_mh_262k_no59,2,1,coverage-q059-o1-m00,coverage-q059-o1-m02,0,2,2,0.0,0.5,False,3.062500029336661,0.1720973757272021,1.0,1.0,6.0
agentmemorybench:fact-mh-262k:context-0/factconsolidation_mh_262k_no59,2,1,coverage-q059-o1-m01,coverage-q059-o1-m03,1,3,2,0.5,1.0,True,5.624999766238034,0.12540345821692667,1.0,1.0,6.0
agentmemorybench:fact-mh-262k:context-0/factconsolidation_mh_262k_no59,2,1,coverage-q059-o1-m02,coverage-q059-o1-m03,2,3,1,0.5,1.0,True,9.062499751336873,0.8170551667706418,0.0,0.0,0.0
agentmemorybench:fact-mh-262k:context-0/factconsolidation_mh_262k_no6,2,0,coverage-q006-o0-m00,coverage-q006-o0-m01,0,1,1,0.0,0.5,False,7.124999988358468,0.89707328905233,0.0,0.0,1.0
agentmemorybench:fact-mh-262k:context-0/factconsolidation_mh_262k_no6,2,0,coverage-q006-o0-m00,coverage-q006-o0-m02,0,2,2,0.0,0.5,False,9.500000127591193,0.9827142833769015,1.0,1.0,1.0
agentmemorybench:fact-mh-262k:context-0/factconsolidation_mh_262k_no6,2,0,coverage-q006-o0-m01,coverage-q006-o0-m03,1,3,2,0.5,1.0,True,3.3750000442378223,0.09175586740403974,1.0,1.0,1.0
agentmemorybench:fact-mh-262k:context-0/factconsolidation_mh_262k_no6,2,0,coverage-q006-o0-m02,coverage-q006-o0-m03,2,3,1,0.5,1.0,True,0.9999999050050974,0.0061148730794682304,0.0,0.0,1.0
agentmemorybench:fact-mh-262k:context-0/factconsolidation_mh_262k_no6,2,1,coverage-q006-o1-m00,coverage-q006-o1-m01,0,1,1,0.0,0.5,False,6.374999837484211,0.8683654209847236,0.0,0.0,1.0
agentmemorybench:fact-mh-262k:context-0/factconsolidation_mh_262k_no6,2,1,coverage-q006-o1-m00,coverage-q006-o1-m02,0,2,2,0.0,0.5,False,9.187499702908099,0.9795063547384502,1.0,1.0,1.0
agentmemorybench:fact-mh-262k:context-0/factconsolidation_mh_262k_no6,2,1,coverage-q006-o1-m01,coverage-q006-o1-m03,1,3,2,0.5,1.0,True,5.437499986961484,0.11861451786318378,1.0,1.0,1.0
agentmemorybench:fact-mh-262k:context-0/factconsolidation_mh_262k_no6,2,1,coverage-q006-o1-m02,coverage-q006-o1-m03,2,3,1,0.5,1.0,True,2.625000121537596,0.007473584109457199,0.0,0.0,1.0
agentmemorybench:fact-mh-262k:context-0/factconsolidation_mh_262k_no60,2,0,coverage-q060-o0-m00,coverage-q060-o0-m01,0,1,1,0.0,0.5,False,7.937499951571226,0.9608198200305608,0.0,0.0,0.0
agentmemorybench:fact-mh-262k:context-0/factconsolidation_mh_262k_no60,2,0,coverage-q060-o0-m00,coverage-q060-o0-m02,0,2,2,0.0,0.5,False,5.374999953433871,0.7299451809530932,0.6,0.6,-1.0
agentmemorybench:fact-mh-262k:context-0/factconsolidation_mh_262k_no60,2,0,coverage-q060-o0-m01,coverage-q060-o0-m03,1,3,2,0.5,1.0,True,7.937500270163584,0.025947841748975797,1.0,1.0,-1.0
agentmemorybench:fact-mh-262k:context-0/factconsolidation_mh_262k_no60,2,0,coverage-q060-o0-m02,coverage-q060-o0-m03,2,3,1,0.5,1.0,True,10.500000268300939,0.2568224808264433,0.4,0.4,0.0
agentmemorybench:fact-mh-262k:context-0/factconsolidation_mh_262k_no60,2,1,coverage-q060-o1-m00,coverage-q060-o1-m01,0,1,1,0.0,0.5,False,7.624999953433871,0.9560564317550208,0.0,0.0,0.0
agentmemorybench:fact-mh-262k:context-0/factconsolidation_mh_262k_no60,2,1,coverage-q060-o1-m00,coverage-q060-o1-m02,0,2,2,0.0,0.5,False,5.4375000251457095,0.7900810091545497,1.0,1.0,-1.0
agentmemorybench:fact-mh-262k:context-0/factconsolidation_mh_262k_no60,2,1,coverage-q060-o1-m01,coverage-q060-o1-m03,1,3,2,0.5,1.0,True,5.874999978746928,0.025882511837361788,1.0,1.0,-1.0
agentmemorybench:fact-mh-262k:context-0/factconsolidation_mh_262k_no60,2,1,coverage-q060-o1-m02,coverage-q060-o1-m03,2,3,1,0.5,1.0,True,8.06249990703509,0.19185793443783283,0.0,0.0,0.0
agentmemorybench:fact-mh-262k:context-0/factconsolidation_mh_262k_no61,2,0,coverage-q061-o0-m00,coverage-q061-o0-m01,0,1,1,0.0,0.5,False,9.124999852851033,0.9309521200841862,0.0,0.0,-1.0
agentmemorybench:fact-mh-262k:context-0/factconsolidation_mh_262k_no61,2,0,coverage-q061-o0-m00,coverage-q061-o0-m02,0,2,2,0.0,0.5,False,12.937500083295163,0.9969009723864335,1.0,1.0,-1.0
agentmemorybench:fact-mh-262k:context-0/factconsolidation_mh_262k_no61,2,0,coverage-q061-o0-m01,coverage-q061-o0-m03,1,3,2,0.5,1.0,True,8.375000162212928,0.06752999617121958,1.0,1.0,-1.0
agentmemorybench:fact-mh-262k:context-0/factconsolidation_mh_262k_no61,2,0,coverage-q061-o0-m02,coverage-q061-o0-m03,2,3,1,0.5,1.0,True,4.562499931768798,0.0015811438689722346,0.0,0.0,-1.0
agentmemorybench:fact-mh-262k:context-0/factconsolidation_mh_262k_no61,2,1,coverage-q061-o1-m00,coverage-q061-o1-m01,0,1,1,0.0,0.5,False,7.81250012939563,0.8334327928194921,0.0,0.0,-1.0
agentmemorybench:fact-mh-262k:context-0/factconsolidation_mh_262k_no61,2,1,coverage-q061-o1-m00,coverage-q061-o1-m02,0,2,2,0.0,0.5,False,11.12500006047776,0.990827827454429,1.0,1.0,-1.0
agentmemorybench:fact-mh-262k:context-0/factconsolidation_mh_262k_no61,2,1,coverage-q061-o1-m01,coverage-q061-o1-m03,1,3,2,0.5,1.0,True,8.5624997102459,0.16447882746228526,1.0,1.0,-1.0
agentmemorybench:fact-mh-262k:context-0/factconsolidation_mh_262k_no61,2,1,coverage-q061-o1-m02,coverage-q061-o1-m03,2,3,1,0.5,1.0,True,5.249999779163771,0.00708379282734839,0.0,0.0,-1.0
agentmemorybench:fact-mh-262k:context-0/factconsolidation_mh_262k_no62,2,0,coverage-q062-o0-m00,coverage-q062-o0-m01,0,1,1,0.0,0.5,False,6.124999864026904,0.8078659921673172,0.0,0.0,1.0
agentmemorybench:fact-mh-262k:context-0/factconsolidation_mh_262k_no62,2,0,coverage-q062-o0-m00,coverage-q062-o0-m02,0,2,2,0.0,0.5,False,6.999999841675162,0.9051924724132874,1.0,1.0,5.0
agentmemorybench:fact-mh-262k:context-0/factconsolidation_mh_262k_no62,2,0,coverage-q062-o0-m01,coverage-q062-o0-m03,1,3,2,0.5,1.0,True,7.562499576142727,0.18230961107622712,1.0,1.0,5.0
agentmemorybench:fact-mh-262k:context-0/factconsolidation_mh_262k_no62,2,0,coverage-q062-o0-m02,coverage-q062-o0-m03,2,3,1,0.5,1.0,True,6.687499598494469,0.08498313083025699,0.0,0.0,1.0
agentmemorybench:fact-mh-262k:context-0/factconsolidation_mh_262k_no62,2,1,coverage-q062-o1-m00,coverage-q062-o1-m01,0,1,1,0.0,0.5,False,7.249999784631655,0.8691718237057284,0.0,0.0,1.0
agentmemorybench:fact-mh-262k:context-0/factconsolidation_mh_262k_no62,2,1,coverage-q062-o1-m00,coverage-q062-o1-m02,0,2,2,0.0,0.5,False,6.374999829335138,0.7382626020736854,1.0,1.0,5.0
agentmemorybench:fact-mh-262k:context-0/factconsolidation_mh_262k_no62,2,1,coverage-q062-o1-m01,coverage-q062-o1-m03,1,3,2,0.5,1.0,True,4.875000124797225,0.12482403877045611,1.0,1.0,5.0
agentmemorybench:fact-mh-262k:context-0/factconsolidation_mh_262k_no62,2,1,coverage-q062-o1-m02,coverage-q062-o1-m03,2,3,1,0.5,1.0,True,5.750000080093741,0.2557332604024991,0.0,0.0,1.0
agentmemorybench:fact-mh-262k:context-0/factconsolidation_mh_262k_no64,2,0,coverage-q064-o0-m00,coverage-q064-o0-m01,0,1,1,0.0,0.5,False,9.999999727820978,0.9774849278017181,0.0,0.0,3.0
agentmemorybench:fact-mh-262k:context-0/factconsolidation_mh_262k_no64,2,0,coverage-q064-o0-m00,coverage-q064-o0-m02,0,2,2,0.0,0.5,False,7.749999830266461,0.8333008202884202,1.0,1.0,-4.0
agentmemorybench:fact-mh-262k:context-0/factconsolidation_mh_262k_no64,2,0,coverage-q064-o0-m01,coverage-q064-o0-m03,1,3,2,0.5,1.0,True,5.875000104424544,0.020274064117719592,1.0,1.0,-4.0
agentmemorybench:fact-mh-262k:context-0/factconsolidation_mh_262k_no64,2,0,coverage-q064-o0-m02,coverage-q064-o0-m03,2,3,1,0.5,1.0,True,8.12500000197906,0.1644581716310175,0.0,0.0,3.0
agentmemorybench:fact-mh-262k:context-0/factconsolidation_mh_262k_no64,2,1,coverage-q064-o1-m00,coverage-q064-o1-m01,0,1,1,0.0,0.5,False,9.75000013911631,0.9788411098771022,0.0,0.0,3.0
agentmemorybench:fact-mh-262k:context-0/factconsolidation_mh_262k_no64,2,1,coverage-q064-o1-m00,coverage-q064-o1-m02,0,2,2,0.0,0.5,False,6.49999995471444,0.6760060097901635,1.0,1.0,-4.0
agentmemorybench:fact-mh-262k:context-0/factconsolidation_mh_262k_no64,2,1,coverage-q064-o1-m01,coverage-q064-o1-m03,1,3,2,0.5,1.0,True,5.499999789019057,0.017911360999714798,1.0,1.0,-4.0
agentmemorybench:fact-mh-262k:context-0/factconsolidation_mh_262k_no64,2,1,coverage-q064-o1-m02,coverage-q064-o1-m03,2,3,1,0.5,1.0,True,8.749999973420927,0.3207464610866535,0.0,0.0,3.0
agentmemorybench:fact-mh-262k:context-0/factconsolidation_mh_262k_no65,2,0,coverage-q065-o0-m00,coverage-q065-o0-m01,0,1,1,0.0,0.5,False,4.249999985098839,0.7854476134685257,0.0,0.0,-3.0
agentmemorybench:fact-mh-262k:context-0/factconsolidation_mh_262k_no65,2,0,coverage-q065-o0-m00,coverage-q065-o0-m02,0,2,2,0.0,0.5,False,0.6249998956918716,0.0691669890000485,0.0,0.0,-2.0
agentmemorybench:fact-mh-262k:context-0/factconsolidation_mh_262k_no65,2,0,coverage-q065-o0-m01,coverage-q065-o0-m03,1,3,2,0.5,1.0,True,0.49999987334012985,0.043344730002149334,0.2,0.2,-2.0
agentmemorybench:fact-mh-262k:context-0/factconsolidation_mh_262k_no65,2,0,coverage-q065-o0-m02,coverage-q065-o0-m03,2,3,1,0.5,1.0,True,4.124999962747097,0.7596253544706265,0.2,0.2,-3.0
agentmemorybench:fact-mh-262k:context-0/factconsolidation_mh_262k_no65,2,1,coverage-q065-o1-m00,coverage-q065-o1-m01,0,1,1,0.0,0.5,False,4.500000044703484,0.7994890738161715,0.0,0.0,-3.0
agentmemorybench:fact-mh-262k:context-0/factconsolidation_mh_262k_no65,2,1,coverage-q065-o1-m00,coverage-q065-o1-m02,0,2,2,0.0,0.5,False,-1.125000011175871,-0.0855383643910751,0.0,0.0,-2.0
agentmemorybench:fact-mh-262k:context-0/factconsolidation_mh_262k_no65,2,1,coverage-q065-o1-m01,coverage-q065-o1-m03,1,3,2,0.5,1.0,True,0.37500010430812836,0.02012082267435522,0.4,0.4,-2.0
agentmemorybench:fact-mh-262k:context-0/factconsolidation_mh_262k_no65,2,1,coverage-q065-o1-m02,coverage-q065-o1-m03,2,3,1,0.5,1.0,True,6.000000160187483,0.9051482608816018,0.4,0.4,-3.0
agentmemorybench:fact-mh-262k:context-0/factconsolidation_mh_262k_no66,2,0,coverage-q066-o0-m00,coverage-q066-o0-m01,0,1,1,0.0,0.5,False,8.37500006146729,0.9363197454941544,0.0,0.0,-3.0
agentmemorybench:fact-mh-262k:context-0/factconsolidation_mh_262k_no66,2,0,coverage-q066-o0-m00,coverage-q066-o0-m02,0,2,2,0.0,0.5,False,3.0000000912696123,0.0639530884424269,0.0,0.0,-1.0
agentmemorybench:fact-mh-262k:context-0/factconsolidation_mh_262k_no66,2,0,coverage-q066-o0-m01,coverage-q066-o0-m03,1,3,2,0.5,1.0,True,5.000000250729499,0.059656095288461386,1.0,1.0,-1.0
agentmemorybench:fact-mh-262k:context-0/factconsolidation_mh_262k_no66,2,0,coverage-q066-o0-m02,coverage-q066-o0-m03,2,3,1,0.5,1.0,True,10.375000220927177,0.9320227523401889,1.0,1.0,-3.0
agentmemorybench:fact-mh-262k:context-0/factconsolidation_mh_262k_no66,2,1,coverage-q066-o1-m00,coverage-q066-o1-m01,0,1,1,0.0,0.5,False,8.625000147148967,0.9616938992774929,0.0,0.0,-3.0
agentmemorybench:fact-mh-262k:context-0/factconsolidation_mh_262k_no66,2,1,coverage-q066-o1-m00,coverage-q066-o1-m02,0,2,2,0.0,0.5,False,2.0000000800937414,0.0321067629826326,0.0,0.0,-1.0
agentmemorybench:fact-mh-262k:context-0/factconsolidation_mh_262k_no66,2,1,coverage-q066-o1-m01,coverage-q066-o1-m03,1,3,2,0.5,1.0,True,2.749999816936906,0.030903258657009047,1.0,1.0,-1.0
agentmemorybench:fact-mh-262k:context-0/factconsolidation_mh_262k_no66,2,1,coverage-q066-o1-m02,coverage-q066-o1-m03,2,3,1,0.5,1.0,True,9.374999883992132,0.9604903949518693,1.0,1.0,-3.0
agentmemorybench:fact-mh-262k:context-0/factconsolidation_mh_262k_no67,2,0,coverage-q067-o0-m00,coverage-q067-o0-m01,0,1,1,0.0,0.5,False,7.000000060535967,0.8135043408851869,0.0,0.0,2.0
agentmemorybench:fact-mh-262k:context-0/factconsolidation_mh_262k_no67,2,0,coverage-q067-o0-m00,coverage-q067-o0-m02,0,2,2,0.0,0.5,False,5.875000045634806,0.5885964624231576,1.0,1.0,2.0
agentmemorybench:fact-mh-262k:context-0/factconsolidation_mh_262k_no67,2,0,coverage-q067-o0-m01,coverage-q067-o0-m03,1,3,2,0.5,1.0,True,5.999999961961294,0.18187274293419464,1.0,1.0,2.0
agentmemorybench:fact-mh-262k:context-0/factconsolidation_mh_262k_no67,2,0,coverage-q067-o0-m02,coverage-q067-o0-m03,2,3,1,0.5,1.0,True,7.124999976862455,0.40678062139622395,0.0,0.0,2.0
agentmemorybench:fact-mh-262k:context-0/factconsolidation_mh_262k_no67,2,1,coverage-q067-o1-m00,coverage-q067-o1-m01,0,1,1,0.0,0.5,False,7.375000046566129,0.8323108564092723,0.0,0.0,2.0
agentmemorybench:fact-mh-262k:context-0/factconsolidation_mh_262k_no67,2,1,coverage-q067-o1-m00,coverage-q067-o1-m02,0,2,2,0.0,0.5,False,1.624999901279808,0.012733706928505499,0.4,0.4,2.0
agentmemorybench:fact-mh-262k:context-0/factconsolidation_mh_262k_no67,2,1,coverage-q067-o1-m01,coverage-q067-o1-m03,1,3,2,0.5,1.0,True,5.312500045023626,0.16354670893865997,1.0,1.0,2.0
agentmemorybench:fact-mh-262k:context-0/factconsolidation_mh_262k_no67,2,1,coverage-q067-o1-m02,coverage-q067-o1-m03,2,3,1,0.5,1.0,True,11.062500190309947,0.9831238584194267,0.6,0.6,2.0
agentmemorybench:fact-mh-262k:context-0/factconsolidation_mh_262k_no68,2,0,coverage-q068-o0-m00,coverage-q068-o0-m01,0,1,1,0.0,0.5,False,8.875000047730282,0.9377306276185711,0.0,0.0,-2.0
agentmemorybench:fact-mh-262k:context-0/factconsolidation_mh_262k_no68,2,0,coverage-q068-o0-m00,coverage-q068-o0-m02,0,2,2,0.0,0.5,False,4.500000155763701,0.1623337467904638,1.0,1.0,0.0
agentmemorybench:fact-mh-262k:context-0/factconsolidation_mh_262k_no68,2,0,coverage-q068-o0-m01,coverage-q068-o0-m03,1,3,2,0.5,1.0,True,3.749999937834218,0.058585473763476004,1.0,1.0,0.0
agentmemorybench:fact-mh-262k:context-0/factconsolidation_mh_262k_no68,2,0,coverage-q068-o0-m02,coverage-q068-o0-m03,2,3,1,0.5,1.0,True,8.1249998298008,0.8339823545915833,0.0,0.0,-2.0
agentmemorybench:fact-mh-262k:context-0/factconsolidation_mh_262k_no68,2,1,coverage-q068-o1-m00,coverage-q068-o1-m01,0,1,1,0.0,0.5,False,9.624999973922968,0.9715700188587476,0.0,0.0,-2.0
agentmemorybench:fact-mh-262k:context-0/factconsolidation_mh_262k_no68,2,1,coverage-q068-o1-m00,coverage-q068-o1-m02,0,2,2,0.0,0.5,False,1.6875001145526767,0.0107502000312228,0.8,0.8,0.0
agentmemorybench:fact-mh-262k:context-0/factconsolidation_mh_262k_no68,2,1,coverage-q068-o1-m01,coverage-q068-o1-m03,1,3,2,0.5,1.0,True,3.2499998535495247,0.0249251267779792,1.0,1.0,0.0
agentmemorybench:fact-mh-262k:context-0/factconsolidation_mh_262k_no68,2,1,coverage-q068-o1-m02,coverage-q068-o1-m03,2,3,1,0.5,1.0,True,11.187499712919816,0.9857449456055041,0.19999999999999996,0.19999999999999996,-2.0
agentmemorybench:fact-mh-262k:context-0/factconsolidation_mh_262k_no69,4,0,coverage-q069-o0-m00,coverage-q069-o0-m01,0,1,1,0.0,0.25,False,5.875000167172402,0.6461347332275009,0.0,0.0,-3.0
agentmemorybench:fact-mh-262k:context-0/factconsolidation_mh_262k_no69,4,0,coverage-q069-o0-m00,coverage-q069-o0-m02,0,2,2,0.0,0.25,False,-0.24999975319951773,-0.0011499867528246997,0.0,0.0,-2.0
agentmemorybench:fact-mh-262k:context-0/factconsolidation_mh_262k_no69,4,0,coverage-q069-o0-m00,coverage-q069-o0-m04,0,4,3,0.0,0.25,False,4.0000001969747245,0.2174800141546157,0.0,0.0,1.0
agentmemorybench:fact-mh-262k:context-0/factconsolidation_mh_262k_no69,4,0,coverage-q069-o0-m00,coverage-q069-o0-m08,0,8,4,0.0,0.25,False,0.9375001615844667,0.0080026966198407,1.0,1.0,-6.0
agentmemorybench:fact-mh-262k:context-0/factconsolidation_mh_262k_no69,4,0,coverage-q069-o0-m01,coverage-q069-o0-m03,1,3,2,0.25,0.5,False,0.3750000596046448,0.07970372659130298,0.0,0.0,-2.0
agentmemorybench:fact-mh-262k:context-0/factconsolidation_mh_262k_no69,4,0,coverage-q069-o0-m01,coverage-q069-o0-m05,1,5,3,0.25,0.5,False,1.4999999627470966,0.24195454176527453,0.0,0.0,1.0
agentmemorybench:fact-mh-262k:context-0/factconsolidation_mh_262k_no69,4,0,coverage-q069-o0-m01,coverage-q069-o0-m09,1,9,4,0.25,0.5,False,0.1250000298023224,0.027823841277198946,1.0,1.0,-6.0
agentmemorybench:fact-mh-262k:context-0/factconsolidation_mh_262k_no69,4,0,coverage-q069-o0-m02,coverage-q069-o0-m03,2,3,1,0.25,0.5,False,6.499999979976565,0.7269884465716286,0.0,0.0,-3.0
agentmemorybench:fact-mh-262k:context-0/factconsolidation_mh_262k_no69,4,0,coverage-q069-o0-m02,coverage-q069-o0-m06,2,6,3,0.25,0.5,False,4.499999979976565,0.26487128931161896,0.0,0.0,1.0
agentmemorybench:fact-mh-262k:context-0/factconsolidation_mh_262k_no69,4,0,coverage-q069-o0-m02,coverage-q069-o0-m10,2,10,4,0.25,0.5,False,1.0624998952262104,0.007617119443139601,1.0,1.0,-6.0
agentmemorybench:fact-mh-262k:context-0/factconsolidation_mh_262k_no69,4,0,coverage-q069-o0-m03,coverage-q069-o0-m07,3,7,3,0.5,0.75,False,3.624999958090484,0.2592329389126278,0.0,0.0,1.0
agentmemorybench:fact-mh-262k:context-0/factconsolidation_mh_262k_no69,4,0,coverage-q069-o0-m03,coverage-q069-o0-m11,3,11,4,0.5,0.75,False,1.0624999701976776,0.1561460092276098,1.0,1.0,-6.0
agentmemorybench:fact-mh-262k:context-0/factconsolidation_mh_262k_no69,4,0,coverage-q069-o0-m04,coverage-q069-o0-m05,4,5,1,0.25,0.5,False,3.374999932944774,0.6706092608381597,0.0,0.0,-3.0
agentmemorybench:fact-mh-262k:context-0/factconsolidation_mh_262k_no69,4,0,coverage-q069-o0-m04,coverage-q069-o0-m06,4,6,2,0.25,0.5,False,0.2500000298023224,0.04624128840417857,0.0,0.0,-2.0
agentmemorybench:fact-mh-262k:context-0/factconsolidation_mh_262k_no69,4,0,coverage-q069-o0-m04,coverage-q069-o0-m12,4,12,4,0.25,0.5,False,2.999999947845936,0.62925265656485,1.0,1.0,-6.0
agentmemorybench:fact-mh-262k:context-0/factconsolidation_mh_262k_no69,4,0,coverage-q069-o0-m05,coverage-q069-o0-m07,5,7,2,0.5,0.75,False,2.5000000549480323,0.09698212373865622,0.0,0.0,-2.0
agentmemorybench:fact-mh-262k:context-0/factconsolidation_mh_262k_no69,4,0,coverage-q069-o0-m05,coverage-q069-o0-m13,5,13,4,0.5,0.75,False,3.2500000549480323,0.10208102810160546,1.0,1.0,-6.0
agentmemorybench:fact-mh-262k:context-0/factconsolidation_mh_262k_no69,4,0,coverage-q069-o0-m06,coverage-q069-o0-m07,6,7,1,0.5,0.75,False,5.624999958090484,0.7213500961726373,0.0,0.0,-3.0
agentmemorybench:fact-mh-262k:context-0/factconsolidation_mh_262k_no69,4,0,coverage-q069-o0-m06,coverage-q069-o0-m14,6,14,4,0.5,0.75,False,2.25,0.5083584391041283,1.0,1.0,-6.0
agentmemorybench:fact-mh-262k:context-0/factconsolidation_mh_262k_no69,4,0,coverage-q069-o0-m07,coverage-q069-o0-m15,7,15,4,0.75,1.0,True,5.93749989339449,0.009682609163722988,1.0,1.0,-6.0
agentmemorybench:fact-mh-262k:context-0/factconsolidation_mh_262k_no69,4,0,coverage-q069-o0-m08,coverage-q069-o0-m09,8,9,1,0.25,0.5,False,5.062500035390258,0.6659558778848592,0.0,0.0,-3.0
agentmemorybench:fact-mh-262k:context-0/factconsolidation_mh_262k_no69,4,0,coverage-q069-o0-m08,coverage-q069-o0-m10,8,10,2,0.25,0.5,False,-0.12500001955777407,-0.0015355639295257986,0.0,0.0,-2.0
agentmemorybench:fact-mh-262k:context-0/factconsolidation_mh_262k_no69,4,0,coverage-q069-o0-m08,coverage-q069-o0-m12,8,12,3,0.25,0.5,False,6.062499983236194,0.838729974099625,0.0,0.0,1.0
agentmemorybench:fact-mh-262k:context-0/factconsolidation_mh_262k_no69,4,0,coverage-q069-o0-m09,coverage-q069-o0-m11,9,11,2,0.5,0.75,False,1.3125,0.20802589454171383,0.0,0.0,-2.0
agentmemorybench:fact-mh-262k:context-0/factconsolidation_mh_262k_no69,4,0,coverage-q069-o0-m09,coverage-q069-o0-m13,9,13,3,0.5,0.75,False,4.6249999878928065,0.31621172858968105,0.0,0.0,1.0
agentmemorybench:fact-mh-262k:context-0/factconsolidation_mh_262k_no69,4,0,coverage-q069-o0-m10,coverage-q069-o0-m11,10,11,1,0.5,0.75,False,6.500000054948032,0.8755173363560989,0.0,0.0,-3.0
agentmemorybench:fact-mh-262k:context-0/factconsolidation_mh_262k_no69,4,0,coverage-q069-o0-m10,coverage-q069-o0-m14,10,14,3,0.5,0.75,False,5.687500084750354,0.7656126089726077,0.0,0.0,1.0
agentmemorybench:fact-mh-262k:context-0/factconsolidation_mh_262k_no69,4,0,coverage-q069-o0-m11,coverage-q069-o0-m15,11,15,3,0.75,1.0,True,8.499999881287296,0.11276953884874097,0.0,0.0,1.0
agentmemorybench:fact-mh-262k:context-0/factconsolidation_mh_262k_no69,4,0,coverage-q069-o0-m12,coverage-q069-o0-m13,12,13,1,0.5,0.75,False,3.6250000400468707,0.14343763237491525,0.0,0.0,-3.0
agentmemorybench:fact-mh-262k:context-0/factconsolidation_mh_262k_no69,4,0,coverage-q069-o0-m12,coverage-q069-o0-m14,12,14,2,0.5,0.75,False,-0.49999991804361343,-0.07465292905654308,0.0,0.0,-2.0
agentmemorybench:fact-mh-262k:context-0/factconsolidation_mh_262k_no69,4,0,coverage-q069-o0-m13,coverage-q069-o0-m15,13,15,2,0.75,1.0,True,5.18749989339449,0.004583704800773747,0.0,0.0,-2.0
agentmemorybench:fact-mh-262k:context-0/factconsolidation_mh_262k_no69,4,0,coverage-q069-o0-m14,coverage-q069-o0-m15,14,15,1,0.75,1.0,True,9.312499851484974,0.22267426623223208,0.0,0.0,-3.0
agentmemorybench:fact-mh-262k:context-0/factconsolidation_mh_262k_no69,4,1,coverage-q069-o1-m00,coverage-q069-o1-m01,0,1,1,0.0,0.25,False,5.999999890103936,0.6998739493148963,0.0,0.0,-3.0
agentmemorybench:fact-mh-262k:context-0/factconsolidation_mh_262k_no69,4,1,coverage-q069-o1-m00,coverage-q069-o1-m02,0,2,2,0.0,0.25,False,0.9999998640269041,0.009995321364536798,0.0,0.0,-2.0
agentmemorybench:fact-mh-262k:context-0/factconsolidation_mh_262k_no69,4,1,coverage-q069-o1-m00,coverage-q069-o1-m04,0,4,3,0.0,0.25,False,4.12499993480742,0.2630303521306714,0.0,0.0,1.0
agentmemorybench:fact-mh-262k:context-0/factconsolidation_mh_262k_no69,4,1,coverage-q069-o1-m00,coverage-q069-o1-m08,0,8,4,0.0,0.25,False,0.9999999850988388,0.009995323259721599,0.8,0.8,-6.0
agentmemorybench:fact-mh-262k:context-0/factconsolidation_mh_262k_no69,4,1,coverage-q069-o1-m01,coverage-q069-o1-m03,1,3,2,0.25,0.5,False,1.2500001266598701,0.18752439531120413,0.0,0.0,-2.0
agentmemorybench:fact-mh-262k:context-0/factconsolidation_mh_262k_no69,4,1,coverage-q069-o1-m01,coverage-q069-o1-m05,1,5,3,0.25,0.5,False,0.9375000521540644,0.15387873285454967,0.0,0.0,1.0
agentmemorybench:fact-mh-262k:context-0/factconsolidation_mh_262k_no69,4,1,coverage-q069-o1-m01,coverage-q069-o1-m09,1,9,4,0.25,0.5,False,0.3750000447034836,0.07151484262047103,1.0,1.0,-6.0
agentmemorybench:fact-mh-262k:context-0/factconsolidation_mh_262k_no69,4,1,coverage-q069-o1-m02,coverage-q069-o1-m03,2,3,1,0.25,0.5,False,6.250000152736902,0.8774030232615637,0.0,0.0,-3.0
agentmemorybench:fact-mh-262k:context-0/factconsolidation_mh_262k_no69,4,1,coverage-q069-o1-m02,coverage-q069-o1-m06,2,6,3,0.25,0.5,False,4.375000070780516,0.5462701102819376,0.0,0.0,1.0
agentmemorybench:fact-mh-262k:context-0/factconsolidation_mh_262k_no69,4,1,coverage-q069-o1-m02,coverage-q069-o1-m10,2,10,4,0.25,0.5,False,0.9999999888241291,0.026181334007576,0.8,0.8,-6.0
agentmemorybench:fact-mh-262k:context-0/factconsolidation_mh_262k_no69,4,1,coverage-q069-o1-m03,coverage-q069-o1-m07,3,7,3,0.5,0.75,False,2.3124999827705324,0.09500332888652063,0.0,0.0,1.0
agentmemorybench:fact-mh-262k:context-0/factconsolidation_mh_262k_no69,4,1,coverage-q069-o1-m03,coverage-q069-o1-m11,3,11,4,0.5,0.75,False,0.1874999962747097,0.016597598585715412,1.0,1.0,-6.0
agentmemorybench:fact-mh-262k:context-0/factconsolidation_mh_262k_no69,4,1,coverage-q069-o1-m04,coverage-q069-o1-m05,4,5,1,0.25,0.5,False,2.8125000074505806,0.5907223300387746,0.0,0.0,-3.0
agentmemorybench:fact-mh-262k:context-0/factconsolidation_mh_262k_no69,4,1,coverage-q069-o1-m04,coverage-q069-o1-m06,4,6,2,0.25,0.5,False,1.25,0.29323507951580297,0.0,0.0,-2.0
agentmemorybench:fact-mh-262k:context-0/factconsolidation_mh_262k_no69,4,1,coverage-q069-o1-m04,coverage-q069-o1-m12,4,12,4,0.25,0.5,False,1.125,0.2622679520037612,1.0,1.0,-6.0
agentmemorybench:fact-mh-262k:context-0/factconsolidation_mh_262k_no69,4,1,coverage-q069-o1-m05,coverage-q069-o1-m07,5,7,2,0.5,0.75,False,2.6250000572763383,0.1286489913431751,0.0,0.0,-2.0
agentmemorybench:fact-mh-262k:context-0/factconsolidation_mh_262k_no69,4,1,coverage-q069-o1-m05,coverage-q069-o1-m13,5,13,4,0.5,0.75,False,2.1249999962747097,0.12121221191022147,1.0,1.0,-6.0
agentmemorybench:fact-mh-262k:context-0/factconsolidation_mh_262k_no69,4,1,coverage-q069-o1-m06,coverage-q069-o1-m07,6,7,1,0.5,0.75,False,4.187500064726919,0.42613624186614674,0.0,0.0,-3.0
agentmemorybench:fact-mh-262k:context-0/factconsolidation_mh_262k_no69,4,1,coverage-q069-o1-m06,coverage-q069-o1-m14,6,14,4,0.5,0.75,False,0.8750000298023224,0.19273849149580669,1.0,1.0,-6.0
agentmemorybench:fact-mh-262k:context-0/factconsolidation_mh_262k_no69,4,1,coverage-q069-o1-m07,coverage-q069-o1-m15,7,15,4,0.75,1.0,True,3.1874999395222403,0.011199400127344772,1.0,1.0,-6.0
agentmemorybench:fact-mh-262k:context-0/factconsolidation_mh_262k_no69,4,1,coverage-q069-o1-m08,coverage-q069-o1-m09,8,9,1,0.25,0.5,False,5.374999949708581,0.7613934686756457,0.19999999999999996,0.19999999999999996,-3.0
agentmemorybench:fact-mh-262k:context-0/factconsolidation_mh_262k_no69,4,1,coverage-q069-o1-m08,coverage-q069-o1-m10,8,10,2,0.25,0.5,False,0.9999998677521944,0.0261813321123912,0.0,0.0,-2.0
agentmemorybench:fact-mh-262k:context-0/factconsolidation_mh_262k_no69,4,1,coverage-q069-o1-m08,coverage-q069-o1-m12,8,12,3,0.25,0.5,False,4.249999949708581,0.5153029808747109,0.19999999999999996,0.19999999999999996,1.0
agentmemorybench:fact-mh-262k:context-0/factconsolidation_mh_262k_no69,4,1,coverage-q069-o1-m09,coverage-q069-o1-m11,9,11,2,0.5,0.75,False,1.0625000782310963,0.1326071512764485,0.0,0.0,-2.0
agentmemorybench:fact-mh-262k:context-0/factconsolidation_mh_262k_no69,4,1,coverage-q069-o1-m09,coverage-q069-o1-m13,9,13,3,0.5,0.75,False,2.6875000037252903,0.2035761021443001,0.0,0.0,1.0
agentmemorybench:fact-mh-262k:context-0/factconsolidation_mh_262k_no69,4,1,coverage-q069-o1-m10,coverage-q069-o1-m11,10,11,1,0.5,0.75,False,5.437500160187483,0.8678192878397031,0.19999999999999996,0.19999999999999996,-3.0
agentmemorybench:fact-mh-262k:context-0/factconsolidation_mh_262k_no69,4,1,coverage-q069-o1-m10,coverage-q069-o1-m14,10,14,3,0.5,0.75,False,4.250000111758709,0.7128272677701682,0.19999999999999996,0.19999999999999996,1.0
agentmemorybench:fact-mh-262k:context-0/factconsolidation_mh_262k_no69,4,1,coverage-q069-o1-m11,coverage-q069-o1-m15,11,15,3,0.75,1.0,True,5.312499926018063,0.08960513042814999,0.0,0.0,1.0
agentmemorybench:fact-mh-262k:context-0/factconsolidation_mh_262k_no69,4,1,coverage-q069-o1-m12,coverage-q069-o1-m13,12,13,1,0.5,0.75,False,3.8125000037252903,0.4496665899452349,0.0,0.0,-3.0
agentmemorybench:fact-mh-262k:context-0/factconsolidation_mh_262k_no69,4,1,coverage-q069-o1-m12,coverage-q069-o1-m14,12,14,2,0.5,0.75,False,1.0000000298023224,0.22370561900784847,0.0,0.0,-2.0
agentmemorybench:fact-mh-262k:context-0/factconsolidation_mh_262k_no69,4,1,coverage-q069-o1-m13,coverage-q069-o1-m15,13,15,2,0.75,1.0,True,3.687500000523869,0.018636179560298394,0.0,0.0,-2.0
agentmemorybench:fact-mh-262k:context-0/factconsolidation_mh_262k_no69,4,1,coverage-q069-o1-m14,coverage-q069-o1-m15,14,15,1,0.75,1.0,True,6.499999974446837,0.24459715049768482,0.0,0.0,-3.0
agentmemorybench:fact-mh-262k:context-0/factconsolidation_mh_262k_no7,4,0,coverage-q007-o0-m00,coverage-q007-o0-m01,0,1,1,0.0,0.25,False,4.7500000623986125,0.46121338582760973,0.0,0.0,-3.0
agentmemorybench:fact-mh-262k:context-0/factconsolidation_mh_262k_no7,4,0,coverage-q007-o0-m00,coverage-q007-o0-m02,0,2,2,0.0,0.25,False,1.1250000866129994,0.015400129654990298,0.0,0.0,-2.0
agentmemorybench:fact-mh-262k:context-0/factconsolidation_mh_262k_no7,4,0,coverage-q007-o0-m00,coverage-q007-o0-m04,0,4,3,0.0,0.25,False,1.6250001201406121,0.029749648620372902,0.0,0.0,0.0
agentmemorybench:fact-mh-262k:context-0/factconsolidation_mh_262k_no7,4,0,coverage-q007-o0-m00,coverage-q007-o0-m08,0,8,4,0.0,0.25,False,1.8750000493600965,0.0398486317898961,1.0,1.0,-1.0
agentmemorybench:fact-mh-262k:context-0/factconsolidation_mh_262k_no7,4,0,coverage-q007-o0-m01,coverage-q007-o0-m03,1,3,2,0.25,0.5,False,2.5624999664723873,0.45085190207385384,0.0,0.0,-2.0
agentmemorybench:fact-mh-262k:context-0/factconsolidation_mh_262k_no7,4,0,coverage-q007-o0-m01,coverage-q007-o0-m05,1,5,3,0.25,0.5,False,0.6875000149011612,0.1682401712996241,0.0,0.0,0.0
agentmemorybench:fact-mh-262k:context-0/factconsolidation_mh_262k_no7,4,0,coverage-q007-o0-m01,coverage-q007-o0-m09,1,9,4,0.25,0.5,False,1.6875000223517418,0.35792117064652684,1.0,1.0,-1.0
agentmemorybench:fact-mh-262k:context-0/factconsolidation_mh_262k_no7,4,0,coverage-q007-o0-m02,coverage-q007-o0-m03,2,3,1,0.25,0.5,False,6.187499942258,0.8966651582464733,0.0,0.0,-3.0
agentmemorybench:fact-mh-262k:context-0/factconsolidation_mh_262k_no7,4,0,coverage-q007-o0-m02,coverage-q007-o0-m06,2,6,3,0.25,0.5,False,4.062499975785613,0.5545179947321875,0.0,0.0,0.0
agentmemorybench:fact-mh-262k:context-0/factconsolidation_mh_262k_no7,4,0,coverage-q007-o0-m02,coverage-q007-o0-m10,2,10,4,0.25,0.5,False,2.3124999534338713,0.1689554125269782,1.0,1.0,-1.0
agentmemorybench:fact-mh-262k:context-0/factconsolidation_mh_262k_no7,4,0,coverage-q007-o0-m03,coverage-q007-o0-m07,3,7,3,0.5,0.75,False,2.00000018812716,0.06867021508993565,0.0,0.0,0.0
agentmemorybench:fact-mh-262k:context-0/factconsolidation_mh_262k_no7,4,0,coverage-q007-o0-m03,coverage-q007-o0-m11,3,11,4,0.5,0.75,False,0.5625000838190317,0.03293160039433407,1.0,1.0,-1.0
agentmemorybench:fact-mh-262k:context-0/factconsolidation_mh_262k_no7,4,0,coverage-q007-o0-m04,coverage-q007-o0-m05,4,5,1,0.25,0.5,False,3.8124999571591616,0.599703908506861,0.0,0.0,-3.0
agentmemorybench:fact-mh-262k:context-0/factconsolidation_mh_262k_no7,4,0,coverage-q007-o0-m04,coverage-q007-o0-m06,4,6,2,0.25,0.5,False,3.5624999422580004,0.5401684757668049,0.0,0.0,-2.0
agentmemorybench:fact-mh-262k:context-0/factconsolidation_mh_262k_no7,4,0,coverage-q007-o0-m04,coverage-q007-o0-m12,4,12,4,0.25,0.5,False,4.187499957159162,0.6812675061651098,1.0,1.0,-1.0
agentmemorybench:fact-mh-262k:context-0/factconsolidation_mh_262k_no7,4,0,coverage-q007-o0-m05,coverage-q007-o0-m07,5,7,2,0.5,0.75,False,3.875000139698386,0.3512819458641654,0.0,0.0,-2.0
agentmemorybench:fact-mh-262k:context-0/factconsolidation_mh_262k_no7,4,0,coverage-q007-o0-m05,coverage-q007-o0-m13,5,13,4,0.5,0.75,False,3.8749999376013875,0.35128194352981057,1.0,1.0,-1.0
agentmemorybench:fact-mh-262k:context-0/factconsolidation_mh_262k_no7,4,0,coverage-q007-o0-m06,coverage-q007-o0-m07,6,7,1,0.5,0.75,False,4.125000154599547,0.4108173786042214,0.0,0.0,-3.0
agentmemorybench:fact-mh-262k:context-0/factconsolidation_mh_262k_no7,4,0,coverage-q007-o0-m06,coverage-q007-o0-m14,6,14,4,0.5,0.75,False,3.625000067055226,0.4033805993211418,1.0,1.0,-1.0
agentmemorybench:fact-mh-262k:context-0/factconsolidation_mh_262k_no7,4,0,coverage-q007-o0-m07,coverage-q007-o0-m15,7,15,4,0.75,1.0,True,5.06249990805736,0.011612409987145633,1.0,1.0,-1.0
agentmemorybench:fact-mh-262k:context-0/factconsolidation_mh_262k_no7,4,0,coverage-q007-o0-m08,coverage-q007-o0-m09,8,9,1,0.25,0.5,False,4.562500035390258,0.7792859246842404,0.0,0.0,-3.0
agentmemorybench:fact-mh-262k:context-0/factconsolidation_mh_262k_no7,4,0,coverage-q007-o0-m08,coverage-q007-o0-m10,8,10,2,0.25,0.5,False,1.5624999906867743,0.14450691039207242,0.0,0.0,-2.0
agentmemorybench:fact-mh-262k:context-0/factconsolidation_mh_262k_no7,4,0,coverage-q007-o0-m08,coverage-q007-o0-m12,8,12,3,0.25,0.5,False,3.9375000279396772,0.6711685229955865,0.0,0.0,0.0
agentmemorybench:fact-mh-262k:context-0/factconsolidation_mh_262k_no7,4,0,coverage-q007-o0-m09,coverage-q007-o0-m11,9,11,2,0.5,0.75,False,1.4375000279396772,0.12586233182166107,0.0,0.0,-2.0
agentmemorybench:fact-mh-262k:context-0/factconsolidation_mh_262k_no7,4,0,coverage-q007-o0-m09,coverage-q007-o0-m13,9,13,3,0.5,0.75,False,2.874999930150807,0.16160094418290782,0.0,0.0,0.0
agentmemorybench:fact-mh-262k:context-0/factconsolidation_mh_262k_no7,4,0,coverage-q007-o0-m10,coverage-q007-o0-m11,10,11,1,0.5,0.75,False,4.437500072643161,0.760641346113829,0.0,0.0,-3.0
agentmemorybench:fact-mh-262k:context-0/factconsolidation_mh_262k_no7,4,0,coverage-q007-o0-m10,coverage-q007-o0-m14,10,14,3,0.5,0.75,False,5.375000089406967,0.788943181526351,0.0,0.0,0.0
agentmemorybench:fact-mh-262k:context-0/factconsolidation_mh_262k_no7,4,0,coverage-q007-o0-m11,coverage-q007-o0-m15,11,15,3,0.75,1.0,True,6.500000012365488,0.04735102468274721,0.0,0.0,0.0
agentmemorybench:fact-mh-262k:context-0/factconsolidation_mh_262k_no7,4,0,coverage-q007-o0-m12,coverage-q007-o0-m13,12,13,1,0.5,0.75,False,3.4999999376013875,0.26971834587156174,0.0,0.0,-3.0
agentmemorybench:fact-mh-262k:context-0/factconsolidation_mh_262k_no7,4,0,coverage-q007-o0-m12,coverage-q007-o0-m14,12,14,2,0.5,0.75,False,3.0000000521540646,0.26228156892283694,0.0,0.0,-2.0
agentmemorybench:fact-mh-262k:context-0/factconsolidation_mh_262k_no7,4,0,coverage-q007-o0-m13,coverage-q007-o0-m15,13,15,2,0.75,1.0,True,5.0625001101543585,0.011612412321500454,0.0,0.0,-2.0
agentmemorybench:fact-mh-262k:context-0/factconsolidation_mh_262k_no7,4,0,coverage-q007-o0-m14,coverage-q007-o0-m15,14,15,1,0.75,1.0,True,5.562499995601682,0.019049189270225253,0.0,0.0,-3.0
agentmemorybench:fact-mh-262k:context-0/factconsolidation_mh_262k_no7,4,1,coverage-q007-o1-m00,coverage-q007-o1-m01,0,1,1,0.0,0.25,False,7.624999777181074,0.8491518725409863,0.0,0.0,-3.0
agentmemorybench:fact-mh-262k:context-0/factconsolidation_mh_262k_no7,4,1,coverage-q007-o1-m00,coverage-q007-o1-m02,0,2,2,0.0,0.25,False,2.6249998218845576,0.0345259608671816,0.0,0.0,-2.0
agentmemorybench:fact-mh-262k:context-0/factconsolidation_mh_262k_no7,4,1,coverage-q007-o1-m00,coverage-q007-o1-m04,0,4,3,0.0,0.25,False,1.749999955529347,0.0131054667224621,0.0,0.0,0.0
agentmemorybench:fact-mh-262k:context-0/factconsolidation_mh_262k_no7,4,1,coverage-q007-o1-m00,coverage-q007-o1-m08,0,8,4,0.0,0.25,False,1.4374997292179614,0.0088863297217179,1.0,1.0,-1.0
agentmemorybench:fact-mh-262k:context-0/factconsolidation_mh_262k_no7,4,1,coverage-q007-o1-m01,coverage-q007-o1-m03,1,3,2,0.25,0.5,False,0.6874999850988388,0.06768972888655811,0.0,0.0,-2.0
agentmemorybench:fact-mh-262k:context-0/factconsolidation_mh_262k_no7,4,1,coverage-q007-o1-m01,coverage-q007-o1-m05,1,5,3,0.25,0.5,False,0.4374999776482582,0.04716857380218731,0.0,0.0,0.0
agentmemorybench:fact-mh-262k:context-0/factconsolidation_mh_262k_no7,4,1,coverage-q007-o1-m01,coverage-q007-o1-m09,1,9,4,0.25,0.5,False,0.4375000298023224,0.04716857853267176,1.0,1.0,-1.0
agentmemorybench:fact-mh-262k:context-0/factconsolidation_mh_262k_no7,4,1,coverage-q007-o1-m02,coverage-q007-o1-m03,2,3,1,0.25,0.5,False,5.687499940395355,0.8823156405603629,0.0,0.0,-3.0
agentmemorybench:fact-mh-262k:context-0/factconsolidation_mh_262k_no7,4,1,coverage-q007-o1-m02,coverage-q007-o1-m06,2,6,3,0.25,0.5,False,3.8124999552965164,0.5997039026198645,0.0,0.0,0.0
agentmemorybench:fact-mh-262k:context-0/factconsolidation_mh_262k_no7,4,1,coverage-q007-o1-m02,coverage-q007-o1-m10,2,10,4,0.25,0.5,False,2.062499985098839,0.196379471167621,1.0,1.0,-1.0
agentmemorybench:fact-mh-262k:context-0/factconsolidation_mh_262k_no7,4,1,coverage-q007-o1-m03,coverage-q007-o1-m07,3,7,3,0.5,0.75,False,1.875000168569386,0.0671346510829276,0.0,0.0,0.0
agentmemorybench:fact-mh-262k:context-0/factconsolidation_mh_262k_no7,4,1,coverage-q007-o1-m03,coverage-q007-o1-m11,3,11,4,0.5,0.75,False,1.6874999208375812,0.06445107760712199,1.0,1.0,-1.0
agentmemorybench:fact-mh-262k:context-0/factconsolidation_mh_262k_no7,4,1,coverage-q007-o1-m04,coverage-q007-o1-m05,4,5,1,0.25,0.5,False,6.312499799299985,0.8832149796207116,0.0,0.0,-3.0
agentmemorybench:fact-mh-262k:context-0/factconsolidation_mh_262k_no7,4,1,coverage-q007-o1-m04,coverage-q007-o1-m06,4,6,2,0.25,0.5,False,4.687499821651727,0.6211243967645841,0.0,0.0,-2.0
agentmemorybench:fact-mh-262k:context-0/factconsolidation_mh_262k_no7,4,1,coverage-q007-o1-m04,coverage-q007-o1-m12,4,12,4,0.25,0.5,False,2.374999836552888,0.132140803761375,1.0,1.0,-1.0
agentmemorybench:fact-mh-262k:context-0/factconsolidation_mh_262k_no7,4,1,coverage-q007-o1-m05,coverage-q007-o1-m07,5,7,2,0.5,0.75,False,2.1250001760199666,0.0876558061672984,0.0,0.0,-2.0
agentmemorybench:fact-mh-262k:context-0/factconsolidation_mh_262k_no7,4,1,coverage-q007-o1-m05,coverage-q007-o1-m13,5,13,4,0.5,0.75,False,0.3125000558793545,0.025020447393513834,1.0,1.0,-1.0
agentmemorybench:fact-mh-262k:context-0/factconsolidation_mh_262k_no7,4,1,coverage-q007-o1-m06,coverage-q007-o1-m07,6,7,1,0.5,0.75,False,3.750000153668225,0.3497463890234259,0.0,0.0,-3.0
agentmemorybench:fact-mh-262k:context-0/factconsolidation_mh_262k_no7,4,1,coverage-q007-o1-m06,coverage-q007-o1-m14,6,14,4,0.5,0.75,False,1.3125000521540642,0.23000497306196388,1.0,1.0,-1.0
agentmemorybench:fact-mh-262k:context-0/factconsolidation_mh_262k_no7,4,1,coverage-q007-o1-m07,coverage-q007-o1-m15,7,15,4,0.75,1.0,True,2.3124998255516402,0.011897797477246397,1.0,1.0,-1.0
agentmemorybench:fact-mh-262k:context-0/factconsolidation_mh_262k_no7,4,1,coverage-q007-o1-m08,coverage-q007-o1-m09,8,9,1,0.25,0.5,False,6.625000077765435,0.8874341213519402,0.0,0.0,-3.0
agentmemorybench:fact-mh-262k:context-0/factconsolidation_mh_262k_no7,4,1,coverage-q007-o1-m08,coverage-q007-o1-m10,8,10,2,0.25,0.5,False,3.250000077765435,0.2220191023130847,0.0,0.0,-2.0
agentmemorybench:fact-mh-262k:context-0/factconsolidation_mh_262k_no7,4,1,coverage-q007-o1-m08,coverage-q007-o1-m12,8,12,3,0.25,0.5,False,2.687500062864274,0.1363599407621192,0.0,0.0,0.0
agentmemorybench:fact-mh-262k:context-0/factconsolidation_mh_262k_no7,4,1,coverage-q007-o1-m09,coverage-q007-o1-m11,9,11,2,0.5,0.75,False,1.9374998761340976,0.08497222796100834,0.0,0.0,-2.0
agentmemorybench:fact-mh-262k:context-0/factconsolidation_mh_262k_no7,4,1,coverage-q007-o1-m09,coverage-q007-o1-m13,9,13,3,0.5,0.75,False,0.3125000037252903,0.025020442663029385,0.0,0.0,0.0
agentmemorybench:fact-mh-262k:context-0/factconsolidation_mh_262k_no7,4,1,coverage-q007-o1-m10,coverage-q007-o1-m11,10,11,1,0.5,0.75,False,5.312499876134098,0.7503872469998638,0.0,0.0,-3.0
agentmemorybench:fact-mh-262k:context-0/factconsolidation_mh_262k_no7,4,1,coverage-q007-o1-m10,coverage-q007-o1-m14,10,14,3,0.5,0.75,False,3.062500022351742,0.6333294045142075,0.0,0.0,0.0
agentmemorybench:fact-mh-262k:context-0/factconsolidation_mh_262k_no7,4,1,coverage-q007-o1-m11,coverage-q007-o1-m15,11,15,3,0.75,1.0,True,2.500000073283445,0.014581370953052009,0.0,0.0,0.0
agentmemorybench:fact-mh-262k:context-0/factconsolidation_mh_262k_no7,4,1,coverage-q007-o1-m12,coverage-q007-o1-m13,12,13,1,0.5,0.75,False,4.2500000186264515,0.7760946232528504,0.0,0.0,-3.0
agentmemorybench:fact-mh-262k:context-0/factconsolidation_mh_262k_no7,4,1,coverage-q007-o1-m12,coverage-q007-o1-m14,12,14,2,0.5,0.75,False,3.625000037252903,0.7189885660651729,0.0,0.0,-2.0
agentmemorybench:fact-mh-262k:context-0/factconsolidation_mh_262k_no7,4,1,coverage-q007-o1-m13,coverage-q007-o1-m15,13,15,2,0.75,1.0,True,4.124999945692252,0.07453315625103096,0.0,0.0,-2.0
agentmemorybench:fact-mh-262k:context-0/factconsolidation_mh_262k_no7,4,1,coverage-q007-o1-m14,coverage-q007-o1-m15,14,15,1,0.75,1.0,True,4.749999927065801,0.13163921343870844,0.0,0.0,-3.0
agentmemorybench:fact-mh-262k:context-0/factconsolidation_mh_262k_no70,3,0,coverage-q070-o0-m00,coverage-q070-o0-m01,0,1,1,0.0,0.3333333333333333,False,7.125000118976459,0.7744989294641967,0.0,0.0,-5.0
agentmemorybench:fact-mh-262k:context-0/factconsolidation_mh_262k_no70,3,0,coverage-q070-o0-m00,coverage-q070-o0-m02,0,2,2,0.0,0.3333333333333333,False,1.0000000188592821,0.004776313739319,0.0,0.0,2.0
agentmemorybench:fact-mh-262k:context-0/factconsolidation_mh_262k_no70,3,0,coverage-q070-o0-m00,coverage-q070-o0-m04,0,4,3,0.0,0.3333333333333333,False,2.6250000891741365,0.0345259586507509,0.2,0.2,-5.0
agentmemorybench:fact-mh-262k:context-0/factconsolidation_mh_262k_no70,3,0,coverage-q070-o0-m01,coverage-q070-o0-m03,1,3,2,0.3333333333333333,0.6666666666666666,False,1.0000000149011612,0.12735067779978038,0.0,0.0,2.0
agentmemorybench:fact-mh-262k:context-0/factconsolidation_mh_262k_no70,3,0,coverage-q070-o0-m01,coverage-q070-o0-m05,1,5,3,0.3333333333333333,0.6666666666666666,False,0.25,0.040274615732966534,0.4,0.4,-5.0
agentmemorybench:fact-mh-262k:context-0/factconsolidation_mh_262k_no70,3,0,coverage-q070-o0-m02,coverage-q070-o0-m03,2,3,1,0.3333333333333333,0.6666666666666666,False,7.125000115018338,0.8970732935246581,0.0,0.0,-5.0
agentmemorybench:fact-mh-262k:context-0/factconsolidation_mh_262k_no70,3,0,coverage-q070-o0-m02,coverage-q070-o0-m06,2,6,3,0.3333333333333333,0.6666666666666666,False,5.37500014482066,0.6148820944127941,1.0,1.0,-5.0
agentmemorybench:fact-mh-262k:context-0/factconsolidation_mh_262k_no70,3,0,coverage-q070-o0-m03,coverage-q070-o0-m07,3,7,3,0.6666666666666666,1.0,True,6.25000027527858,0.09514603925935494,1.0,1.0,-5.0
agentmemorybench:fact-mh-262k:context-0/factconsolidation_mh_262k_no70,3,0,coverage-q070-o0-m04,coverage-q070-o0-m05,4,5,1,0.3333333333333333,0.6666666666666666,False,4.750000029802322,0.7802475865464124,0.2,0.2,-5.0
agentmemorybench:fact-mh-262k:context-0/factconsolidation_mh_262k_no70,3,0,coverage-q070-o0-m04,coverage-q070-o0-m06,4,6,2,0.3333333333333333,0.6666666666666666,False,3.750000074505806,0.5851324495013621,0.8,0.8,2.0
agentmemorybench:fact-mh-262k:context-0/factconsolidation_mh_262k_no70,3,0,coverage-q070-o0-m05,coverage-q070-o0-m07,5,7,2,0.6666666666666666,1.0,True,7.000000290179742,0.18222210132616878,0.6,0.6,2.0
agentmemorybench:fact-mh-262k:context-0/factconsolidation_mh_262k_no70,3,0,coverage-q070-o0-m06,coverage-q070-o0-m07,6,7,1,0.6666666666666666,1.0,True,8.000000245476258,0.377337238371219,0.0,0.0,-5.0
agentmemorybench:fact-mh-262k:context-0/factconsolidation_mh_262k_no70,3,1,coverage-q070-o1-m00,coverage-q070-o1-m01,0,1,1,0.0,0.3333333333333333,False,7.625000215834007,0.8772034761692965,0.0,0.0,-5.0
agentmemorybench:fact-mh-262k:context-0/factconsolidation_mh_262k_no70,3,1,coverage-q070-o1-m00,coverage-q070-o1-m02,0,2,2,0.0,0.3333333333333333,False,2.5000002232845873,0.038494126407413204,0.0,0.0,2.0
agentmemorybench:fact-mh-262k:context-0/factconsolidation_mh_262k_no70,3,1,coverage-q070-o1-m00,coverage-q070-o1-m04,0,4,3,0.0,0.3333333333333333,False,-0.12499964516609907,-0.00042091852649720016,0.0,0.0,-5.0
agentmemorybench:fact-mh-262k:context-0/factconsolidation_mh_262k_no70,3,1,coverage-q070-o1-m01,coverage-q070-o1-m03,1,3,2,0.3333333333333333,0.6666666666666666,False,0.8749998919665813,0.06579958676105113,0.0,0.0,2.0
agentmemorybench:fact-mh-262k:context-0/factconsolidation_mh_262k_no70,3,1,coverage-q070-o1-m01,coverage-q070-o1-m05,1,5,3,0.3333333333333333,0.6666666666666666,False,-0.625,-0.0826103002382611,0.6,0.6,-5.0
agentmemorybench:fact-mh-262k:context-0/factconsolidation_mh_262k_no70,3,1,coverage-q070-o1-m02,coverage-q070-o1-m03,2,3,1,0.3333333333333333,0.6666666666666666,False,5.999999884516001,0.9045089365229344,0.0,0.0,-5.0
agentmemorybench:fact-mh-262k:context-0/factconsolidation_mh_262k_no70,3,1,coverage-q070-o1-m02,coverage-q070-o1-m06,2,6,3,0.3333333333333333,0.6666666666666666,False,3.1249999925494194,0.457912271784001,1.0,1.0,-5.0
agentmemorybench:fact-mh-262k:context-0/factconsolidation_mh_262k_no70,3,1,coverage-q070-o1-m03,coverage-q070-o1-m07,3,7,3,0.6666666666666666,1.0,True,4.000000289175659,0.05237110441109938,1.0,1.0,-5.0
agentmemorybench:fact-mh-262k:context-0/factconsolidation_mh_262k_no70,3,1,coverage-q070-o1-m04,coverage-q070-o1-m05,4,5,1,0.3333333333333333,0.6666666666666666,False,7.124999861000106,0.7950140944575326,0.6,0.6,-5.0
agentmemorybench:fact-mh-262k:context-0/factconsolidation_mh_262k_no70,3,1,coverage-q070-o1-m04,coverage-q070-o1-m06,4,6,2,0.3333333333333333,0.6666666666666666,False,5.749999861000106,0.4968273167179114,1.0,1.0,2.0
agentmemorybench:fact-mh-262k:context-0/factconsolidation_mh_262k_no70,3,1,coverage-q070-o1-m05,coverage-q070-o1-m07,5,7,2,0.6666666666666666,1.0,True,5.500000181142241,0.2007809914104116,0.4,0.4,2.0
agentmemorybench:fact-mh-262k:context-0/factconsolidation_mh_262k_no70,3,1,coverage-q070-o1-m06,coverage-q070-o1-m07,6,7,1,0.6666666666666666,1.0,True,6.875000181142241,0.4989677691500328,0.0,0.0,-5.0
agentmemorybench:fact-mh-262k:context-0/factconsolidation_mh_262k_no73,2,0,coverage-q073-o0-m00,coverage-q073-o0-m01,0,1,1,0.0,0.5,False,10.812499842082616,0.9882407785841355,0.0,0.0,-3.0
agentmemorybench:fact-mh-262k:context-0/factconsolidation_mh_262k_no73,2,0,coverage-q073-o0-m00,coverage-q073-o0-m02,0,2,2,0.0,0.5,False,5.749999858438969,0.745206509025155,1.0,1.0,-2.0
agentmemorybench:fact-mh-262k:context-0/factconsolidation_mh_262k_no73,2,0,coverage-q073-o0-m01,coverage-q073-o0-m03,1,3,2,0.5,1.0,True,3.874999957784892,0.0020080961027078015,1.0,1.0,-2.0
agentmemorybench:fact-mh-262k:context-0/factconsolidation_mh_262k_no73,2,0,coverage-q073-o0-m02,coverage-q073-o0-m03,2,3,1,0.5,1.0,True,8.93749994142854,0.24504236566168835,0.0,0.0,-3.0
agentmemorybench:fact-mh-262k:context-0/factconsolidation_mh_262k_no73,2,1,coverage-q073-o1-m00,coverage-q073-o1-m01,0,1,1,0.0,0.5,False,10.624999991501682,0.9825924253398186,0.0,0.0,-3.0
agentmemorybench:fact-mh-262k:context-0/factconsolidation_mh_262k_no73,2,1,coverage-q073-o1-m00,coverage-q073-o1-m02,0,2,2,0.0,0.5,False,4.499999952036887,0.5767602074914703,1.0,1.0,-2.0
agentmemorybench:fact-mh-262k:context-0/factconsolidation_mh_262k_no73,2,1,coverage-q073-o1-m01,coverage-q073-o1-m03,1,3,2,0.5,1.0,True,1.5624997213017195,0.0011861434281565941,1.0,1.0,-2.0
agentmemorybench:fact-mh-262k:context-0/factconsolidation_mh_262k_no73,2,1,coverage-q073-o1-m02,coverage-q073-o1-m03,2,3,1,0.5,1.0,True,7.687499760766514,0.4070183612765049,0.0,0.0,-3.0
agentmemorybench:fact-mh-262k:context-0/factconsolidation_mh_262k_no74,2,0,coverage-q074-o0-m00,coverage-q074-o0-m01,0,1,1,0.0,0.5,False,8.249999872408807,0.9660356857061648,0.0,0.0,1.0
agentmemorybench:fact-mh-262k:context-0/factconsolidation_mh_262k_no74,2,0,coverage-q074-o0-m00,coverage-q074-o0-m02,0,2,2,0.0,0.5,False,4.874999904073775,0.5816796562811201,0.8,0.8,-1.0
agentmemorybench:fact-mh-262k:context-0/factconsolidation_mh_262k_no74,2,0,coverage-q074-o0-m01,coverage-q074-o0-m03,1,3,2,0.5,1.0,True,6.749999555308024,0.022949834916654588,1.0,1.0,-1.0
agentmemorybench:fact-mh-262k:context-0/factconsolidation_mh_262k_no74,2,0,coverage-q074-o0-m02,coverage-q074-o0-m03,2,3,1,0.5,1.0,True,10.124999523643057,0.40730586434169935,0.19999999999999996,0.19999999999999996,1.0
agentmemorybench:fact-mh-262k:context-0/factconsolidation_mh_262k_no74,2,1,coverage-q074-o1-m00,coverage-q074-o1-m01,0,1,1,0.0,0.5,False,7.49999981187284,0.9454806169369061,0.0,0.0,1.0
agentmemorybench:fact-mh-262k:context-0/factconsolidation_mh_262k_no74,2,1,coverage-q074-o1-m00,coverage-q074-o1-m02,0,2,2,0.0,0.5,False,3.9374998826533556,0.3799051778732454,0.8,0.8,-1.0
agentmemorybench:fact-mh-262k:context-0/factconsolidation_mh_262k_no74,2,1,coverage-q074-o1-m01,coverage-q074-o1-m03,1,3,2,0.5,1.0,True,6.125000373864168,0.04199162838285575,1.0,1.0,-1.0
agentmemorybench:fact-mh-262k:context-0/factconsolidation_mh_262k_no74,2,1,coverage-q074-o1-m02,coverage-q074-o1-m03,2,3,1,0.5,1.0,True,9.687500303083652,0.6075670674465165,0.19999999999999996,0.19999999999999996,1.0
agentmemorybench:fact-mh-262k:context-0/factconsolidation_mh_262k_no78,2,0,coverage-q078-o0-m00,coverage-q078-o0-m01,0,1,1,0.0,0.5,False,10.500000011292286,0.9840096370471639,0.0,0.0,2.0
agentmemorybench:fact-mh-262k:context-0/factconsolidation_mh_262k_no78,2,0,coverage-q078-o0-m00,coverage-q078-o0-m02,0,2,2,0.0,0.5,False,6.62500011746306,0.5907398655166264,1.0,1.0,-2.0
agentmemorybench:fact-mh-262k:context-0/factconsolidation_mh_262k_no78,2,0,coverage-q078-o0-m01,coverage-q078-o0-m03,1,3,2,0.5,1.0,True,4.875000351108609,0.013954731632036421,1.0,1.0,-2.0
agentmemorybench:fact-mh-262k:context-0/factconsolidation_mh_262k_no78,2,0,coverage-q078-o0-m02,coverage-q078-o0-m03,2,3,1,0.5,1.0,True,8.750000244937835,0.40722450316257397,0.0,0.0,2.0
agentmemorybench:fact-mh-262k:context-0/factconsolidation_mh_262k_no78,2,1,coverage-q078-o1-m00,coverage-q078-o1-m01,0,1,1,0.0,0.5,False,9.62500005797483,0.9742217034678456,0.0,0.0,2.0
agentmemorybench:fact-mh-262k:context-0/factconsolidation_mh_262k_no78,2,1,coverage-q078-o1-m00,coverage-q078-o1-m02,0,2,2,0.0,0.5,False,5.7500000486616045,0.4659896997950386,1.0,1.0,-2.0
agentmemorybench:fact-mh-262k:context-0/factconsolidation_mh_262k_no78,2,1,coverage-q078-o1-m01,coverage-q078-o1-m03,1,3,2,0.5,1.0,True,5.874999874111383,0.022911317548394816,1.0,1.0,-2.0
agentmemorybench:fact-mh-262k:context-0/factconsolidation_mh_262k_no78,2,1,coverage-q078-o1-m02,coverage-q078-o1-m03,2,3,1,0.5,1.0,True,9.749999883424609,0.5311433212212019,0.0,0.0,2.0
agentmemorybench:fact-mh-262k:context-0/factconsolidation_mh_262k_no80,2,0,coverage-q080-o0-m00,coverage-q080-o0-m01,0,1,1,0.0,0.5,False,5.5625000689178705,0.8532117975997683,0.0,0.0,1.0
agentmemorybench:fact-mh-262k:context-0/factconsolidation_mh_262k_no80,2,0,coverage-q080-o0-m00,coverage-q080-o0-m02,0,2,2,0.0,0.5,False,5.000000083819032,0.7804819354857386,0.2,0.2,1.0
agentmemorybench:fact-mh-262k:context-0/factconsolidation_mh_262k_no80,2,0,coverage-q080-o0-m01,coverage-q080-o0-m03,1,3,2,0.5,1.0,True,3.3750001152511686,0.11459335037155305,1.0,0.8,1.0
agentmemorybench:fact-mh-262k:context-0/factconsolidation_mh_262k_no80,2,0,coverage-q080-o0-m02,coverage-q080-o0-m03,2,3,1,0.5,1.0,True,3.9375001003500074,0.1873232124855827,0.8,0.6000000000000001,1.0
agentmemorybench:fact-mh-262k:context-0/factconsolidation_mh_262k_no80,2,1,coverage-q080-o1-m00,coverage-q080-o1-m01,0,1,1,0.0,0.5,False,6.250000118743628,0.8774030153110663,0.0,0.0,1.0
agentmemorybench:fact-mh-262k:context-0/factconsolidation_mh_262k_no80,2,1,coverage-q080-o1-m00,coverage-q080-o1-m02,0,2,2,0.0,0.5,False,3.687500129919499,0.3764304404889726,0.6,0.6,1.0
agentmemorybench:fact-mh-262k:context-0/factconsolidation_mh_262k_no80,2,1,coverage-q080-o1-m01,coverage-q080-o1-m03,1,3,2,0.5,1.0,True,4.56250009307405,0.10544575181053295,1.0,1.0,1.0
agentmemorybench:fact-mh-262k:context-0/factconsolidation_mh_262k_no80,2,1,coverage-q080-o1-m02,coverage-q080-o1-m03,2,3,1,0.5,1.0,True,7.125000081898179,0.6064183266326267,0.4,0.4,1.0
agentmemorybench:fact-mh-262k:context-0/factconsolidation_mh_262k_no81,2,0,coverage-q081-o0-m00,coverage-q081-o0-m01,0,1,1,0.0,0.5,False,6.625000154599547,0.6488822552794457,0.0,0.0,2.0
agentmemorybench:fact-mh-262k:context-0/factconsolidation_mh_262k_no81,2,0,coverage-q081-o0-m00,coverage-q081-o0-m02,0,2,2,0.0,0.5,False,0.7500000596046448,0.1825642515755309,1.0,1.0,0.0
agentmemorybench:fact-mh-262k:context-0/factconsolidation_mh_262k_no81,2,0,coverage-q081-o0-m01,coverage-q081-o0-m03,1,3,2,0.5,1.0,True,1.6250000250875019,0.001984765858101145,1.0,1.0,0.0
agentmemorybench:fact-mh-262k:context-0/factconsolidation_mh_262k_no81,2,0,coverage-q081-o0-m02,coverage-q081-o0-m03,2,3,1,0.5,1.0,True,7.5000001200824045,0.4683027695620159,0.0,0.0,2.0
agentmemorybench:fact-mh-262k:context-0/factconsolidation_mh_262k_no81,2,1,coverage-q081-o1-m00,coverage-q081-o1-m01,0,1,1,0.0,0.5,False,8.25000009208452,0.8164049660361561,0.0,0.0,2.0
agentmemorybench:fact-mh-262k:context-0/factconsolidation_mh_262k_no81,2,1,coverage-q081-o1-m00,coverage-q081-o1-m02,0,2,2,0.0,0.5,False,1.625,0.3487838495674,1.0,1.0,0.0
agentmemorybench:fact-mh-262k:context-0/factconsolidation_mh_262k_no81,2,1,coverage-q081-o1-m01,coverage-q081-o1-m03,1,3,2,0.5,1.0,True,0.500000044121407,0.0004598398549797711,1.0,1.0,0.0
agentmemorybench:fact-mh-262k:context-0/factconsolidation_mh_262k_no81,2,1,coverage-q081-o1-m02,coverage-q081-o1-m03,2,3,1,0.5,1.0,True,7.1250001362059265,0.4680809563237359,0.0,0.0,2.0
agentmemorybench:fact-mh-262k:context-0/factconsolidation_mh_262k_no83,2,0,coverage-q083-o0-m00,coverage-q083-o0-m01,0,1,1,0.0,0.5,False,7.875000216066837,0.9272331834276637,0.0,0.0,3.0
agentmemorybench:fact-mh-262k:context-0/factconsolidation_mh_262k_no83,2,0,coverage-q083-o0-m00,coverage-q083-o0-m02,0,2,2,0.0,0.5,False,-0.37499967589974403,-0.0016265215792725996,0.0,0.0,0.0
agentmemorybench:fact-mh-262k:context-0/factconsolidation_mh_262k_no83,2,0,coverage-q083-o0-m01,coverage-q083-o0-m03,1,3,2,0.5,1.0,True,6.749999899722754,0.06746188102667483,1.0,1.0,0.0
agentmemorybench:fact-mh-262k:context-0/factconsolidation_mh_262k_no83,2,0,coverage-q083-o0-m02,coverage-q083-o0-m03,2,3,1,0.5,1.0,True,14.999999791689335,0.9963215860336111,1.0,1.0,3.0
agentmemorybench:fact-mh-262k:context-0/factconsolidation_mh_262k_no83,2,1,coverage-q083-o1-m00,coverage-q083-o1-m01,0,1,1,0.0,0.5,False,6.624999766238034,0.9008373170800632,0.0,0.0,3.0
agentmemorybench:fact-mh-262k:context-0/factconsolidation_mh_262k_no83,2,1,coverage-q083-o1-m00,coverage-q083-o1-m02,0,2,2,0.0,0.5,False,-1.1249999711290002,-0.009454055794166302,0.0,0.0,0.0
agentmemorybench:fact-mh-262k:context-0/factconsolidation_mh_262k_no83,2,1,coverage-q083-o1-m01,coverage-q083-o1-m03,1,3,2,0.5,1.0,True,5.250000002444722,0.08461119710860299,1.0,1.0,0.0
agentmemorybench:fact-mh-262k:context-0/factconsolidation_mh_262k_no83,2,1,coverage-q083-o1-m02,coverage-q083-o1-m03,2,3,1,0.5,1.0,True,12.999999739811756,0.9949025699828326,1.0,1.0,3.0
agentmemorybench:fact-mh-262k:context-0/factconsolidation_mh_262k_no86,2,0,coverage-q086-o0-m00,coverage-q086-o0-m01,0,1,1,0.0,0.5,False,5.374999986961484,0.434229896486095,0.0,0.0,3.0
agentmemorybench:fact-mh-262k:context-0/factconsolidation_mh_262k_no86,2,0,coverage-q086-o0-m00,coverage-q086-o0-m02,0,2,2,0.0,0.5,False,8.062499983236194,0.9160489282743864,1.0,1.0,2.0
agentmemorybench:fact-mh-262k:context-0/factconsolidation_mh_262k_no86,2,0,coverage-q086-o0-m01,coverage-q086-o0-m03,1,3,2,0.5,1.0,True,8.875000374668161,0.5619969729837024,1.0,1.0,2.0
agentmemorybench:fact-mh-262k:context-0/factconsolidation_mh_262k_no86,2,0,coverage-q086-o0-m02,coverage-q086-o0-m03,2,3,1,0.5,1.0,True,6.187500378393452,0.080177941195411,0.0,0.0,3.0
agentmemorybench:fact-mh-262k:context-0/factconsolidation_mh_262k_no86,2,1,coverage-q086-o1-m00,coverage-q086-o1-m01,0,1,1,0.0,0.5,False,6.12500023515895,0.5287367507971432,0.0,0.0,3.0
agentmemorybench:fact-mh-262k:context-0/factconsolidation_mh_262k_no86,2,1,coverage-q086-o1-m00,coverage-q086-o1-m02,0,2,2,0.0,0.5,False,7.500000294763595,0.8151018625068518,1.0,1.0,2.0
agentmemorybench:fact-mh-262k:context-0/factconsolidation_mh_262k_no86,2,1,coverage-q086-o1-m01,coverage-q086-o1-m03,1,3,2,0.5,1.0,True,9.374999764586391,0.4687157803811145,1.0,1.0,2.0
agentmemorybench:fact-mh-262k:context-0/factconsolidation_mh_262k_no86,2,1,coverage-q086-o1-m02,coverage-q086-o1-m03,2,3,1,0.5,1.0,True,7.999999704981747,0.18235066867140592,0.0,0.0,3.0
agentmemorybench:fact-mh-262k:context-0/factconsolidation_mh_262k_no87,3,0,coverage-q087-o0-m00,coverage-q087-o0-m01,0,1,1,0.0,0.3333333333333333,False,6.4999998807907104,0.7720797398662584,0.0,0.0,1.0
agentmemorybench:fact-mh-262k:context-0/factconsolidation_mh_262k_no87,3,0,coverage-q087-o0-m00,coverage-q087-o0-m02,0,2,2,0.0,0.3333333333333333,False,3.1249998658895493,0.1014704688984895,0.0,0.0,-3.0
agentmemorybench:fact-mh-262k:context-0/factconsolidation_mh_262k_no87,3,0,coverage-q087-o0-m00,coverage-q087-o0-m04,0,4,3,0.0,0.3333333333333333,False,2.249999910593033,0.0422057494029484,1.0,1.0,-1.0
agentmemorybench:fact-mh-262k:context-0/factconsolidation_mh_262k_no87,3,0,coverage-q087-o0-m01,coverage-q087-o0-m03,1,3,2,0.3333333333333333,0.6666666666666666,False,2.1249999813735485,0.1896141556352109,0.0,0.0,-3.0
agentmemorybench:fact-mh-262k:context-0/factconsolidation_mh_262k_no87,3,0,coverage-q087-o0-m01,coverage-q087-o0-m05,1,5,3,0.3333333333333333,0.6666666666666666,False,1.1250000521540642,0.1376010950402583,1.0,1.0,-1.0
agentmemorybench:fact-mh-262k:context-0/factconsolidation_mh_262k_no87,3,0,coverage-q087-o0-m02,coverage-q087-o0-m03,2,3,1,0.3333333333333333,0.6666666666666666,False,5.49999999627471,0.8602234266029799,0.0,0.0,1.0
agentmemorybench:fact-mh-262k:context-0/factconsolidation_mh_262k_no87,3,0,coverage-q087-o0-m02,coverage-q087-o0-m06,2,6,3,0.3333333333333333,0.6666666666666666,False,4.625000067055225,0.8174512303583569,1.0,1.0,-1.0
agentmemorybench:fact-mh-262k:context-0/factconsolidation_mh_262k_no87,3,0,coverage-q087-o0-m03,coverage-q087-o0-m07,3,7,3,0.6666666666666666,1.0,True,5.3750001216249075,0.0329275418331082,1.0,1.0,-1.0
agentmemorybench:fact-mh-262k:context-0/factconsolidation_mh_262k_no87,3,0,coverage-q087-o0-m04,coverage-q087-o0-m05,4,5,1,0.3333333333333333,0.6666666666666666,False,5.375000022351742,0.8674750855035684,0.0,0.0,1.0
agentmemorybench:fact-mh-262k:context-0/factconsolidation_mh_262k_no87,3,0,coverage-q087-o0-m04,coverage-q087-o0-m06,4,6,2,0.3333333333333333,0.6666666666666666,False,5.500000022351742,0.876715949853898,0.0,0.0,-3.0
agentmemorybench:fact-mh-262k:context-0/factconsolidation_mh_262k_no87,3,0,coverage-q087-o0-m05,coverage-q087-o0-m07,5,7,2,0.6666666666666666,1.0,True,6.375000050844392,0.08494060242806079,0.0,0.0,-3.0
agentmemorybench:fact-mh-262k:context-0/factconsolidation_mh_262k_no87,3,0,coverage-q087-o0-m06,coverage-q087-o0-m07,6,7,1,0.6666666666666666,1.0,True,6.250000050844392,0.07569973807773123,0.0,0.0,1.0
agentmemorybench:fact-mh-262k:context-0/factconsolidation_mh_262k_no87,3,1,coverage-q087-o1-m00,coverage-q087-o1-m01,0,1,1,0.0,0.3333333333333333,False,7.125000052852556,0.8139808683787249,0.0,0.0,1.0
agentmemorybench:fact-mh-262k:context-0/factconsolidation_mh_262k_no87,3,1,coverage-q087-o1-m00,coverage-q087-o1-m02,0,2,2,0.0,0.3333333333333333,False,3.250000037951395,0.0815054386876705,0.0,0.0,-3.0
agentmemorybench:fact-mh-262k:context-0/factconsolidation_mh_262k_no87,3,1,coverage-q087-o1-m00,coverage-q087-o1-m04,0,4,3,0.0,0.3333333333333333,False,1.2500000435393304,0.008838048022708,1.0,1.0,-1.0
agentmemorybench:fact-mh-262k:context-0/factconsolidation_mh_262k_no87,3,1,coverage-q087-o1-m01,coverage-q087-o1-m03,1,3,2,0.3333333333333333,0.6666666666666666,False,2.749999958090484,0.16836190122159567,0.0,0.0,-3.0
agentmemorybench:fact-mh-262k:context-0/factconsolidation_mh_262k_no87,3,1,coverage-q087-o1-m01,coverage-q087-o1-m05,1,5,3,0.3333333333333333,0.6666666666666666,False,-0.7499999329447746,-0.1383957649683355,1.0,1.0,-1.0
agentmemorybench:fact-mh-262k:context-0/factconsolidation_mh_262k_no87,3,1,coverage-q087-o1-m02,coverage-q087-o1-m03,2,3,1,0.3333333333333333,0.6666666666666666,False,6.624999972991645,0.90083733091265,0.0,0.0,1.0
agentmemorybench:fact-mh-262k:context-0/factconsolidation_mh_262k_no87,3,1,coverage-q087-o1-m02,coverage-q087-o1-m06,2,6,3,0.3333333333333333,0.6666666666666666,False,5.875000016763806,0.8855887272952327,1.0,1.0,-1.0
agentmemorybench:fact-mh-262k:context-0/factconsolidation_mh_262k_no87,3,1,coverage-q087-o1-m03,coverage-q087-o1-m07,3,7,3,0.6666666666666666,1.0,True,5.249999963329175,0.013988781904719416,1.0,1.0,-1.0
agentmemorybench:fact-mh-262k:context-0/factconsolidation_mh_262k_no87,3,1,coverage-q087-o1-m04,coverage-q087-o1-m05,4,5,1,0.3333333333333333,0.6666666666666666,False,5.125000076368451,0.6667470553876813,0.0,0.0,1.0
agentmemorybench:fact-mh-262k:context-0/factconsolidation_mh_262k_no87,3,1,coverage-q087-o1-m04,coverage-q087-o1-m06,4,6,2,0.3333333333333333,0.6666666666666666,False,7.875000011175871,0.9582561179601953,0.0,0.0,-3.0
agentmemorybench:fact-mh-262k:context-0/factconsolidation_mh_262k_no87,3,1,coverage-q087-o1-m05,coverage-q087-o1-m07,5,7,2,0.6666666666666666,1.0,True,8.749999854364434,0.3207464480946506,0.0,0.0,-3.0
agentmemorybench:fact-mh-262k:context-0/factconsolidation_mh_262k_no87,3,1,coverage-q087-o1-m06,coverage-q087-o1-m07,6,7,1,0.6666666666666666,1.0,True,5.999999919557014,0.029237385522136616,0.0,0.0,1.0
agentmemorybench:fact-mh-262k:context-0/factconsolidation_mh_262k_no89,2,0,coverage-q089-o0-m00,coverage-q089-o0-m01,0,1,1,0.0,0.5,False,5.9999998873099685,0.8378891675075312,0.0,0.0,-3.0
agentmemorybench:fact-mh-262k:context-0/factconsolidation_mh_262k_no89,2,0,coverage-q089-o0-m00,coverage-q089-o0-m02,0,2,2,0.0,0.5,False,2.7499999841675162,0.1683619025910948,1.0,1.0,-4.0
agentmemorybench:fact-mh-262k:context-0/factconsolidation_mh_262k_no89,2,0,coverage-q089-o0-m01,coverage-q089-o0-m03,1,3,2,0.5,1.0,True,5.250000111933332,0.14713615346985287,1.0,1.0,-4.0
agentmemorybench:fact-mh-262k:context-0/factconsolidation_mh_262k_no89,2,0,coverage-q089-o0-m02,coverage-q089-o0-m03,2,3,1,0.5,1.0,True,8.500000015075784,0.8166634183862893,0.0,0.0,-3.0
agentmemorybench:fact-mh-262k:context-0/factconsolidation_mh_262k_no89,2,1,coverage-q089-o1-m00,coverage-q089-o1-m01,0,1,1,0.0,0.5,False,8.625000034924597,0.9538421370767527,0.0,0.0,-3.0
agentmemorybench:fact-mh-262k:context-0/factconsolidation_mh_262k_no89,2,1,coverage-q089-o1-m00,coverage-q089-o1-m02,0,2,2,0.0,0.5,False,2.3750000088475645,0.0380175918566596,1.0,1.0,-4.0
agentmemorybench:fact-mh-262k:context-0/factconsolidation_mh_262k_no89,2,1,coverage-q089-o1-m01,coverage-q089-o1-m03,1,3,2,0.5,1.0,True,4.124999705993105,0.04137805450460119,1.0,1.0,-4.0
agentmemorybench:fact-mh-262k:context-0/factconsolidation_mh_262k_no89,2,1,coverage-q089-o1-m02,coverage-q089-o1-m03,2,3,1,0.5,1.0,True,10.374999732070137,0.9572025997246942,0.0,0.0,-3.0
agentmemorybench:fact-mh-262k:context-0/factconsolidation_mh_262k_no90,2,0,coverage-q090-o0-m00,coverage-q090-o0-m01,0,1,1,0.0,0.5,False,12.749999666644726,0.9887518655805159,0.0,0.0,-1.0
agentmemorybench:fact-mh-262k:context-0/factconsolidation_mh_262k_no90,2,0,coverage-q090-o0-m00,coverage-q090-o0-m02,0,2,2,0.0,0.5,False,11.124999916239176,0.9463354858542778,1.0,1.0,-3.0
agentmemorybench:fact-mh-262k:context-0/factconsolidation_mh_262k_no90,2,0,coverage-q090-o0-m01,coverage-q090-o0-m03,1,3,2,0.5,1.0,True,6.500000130625268,0.010970242625544468,1.0,1.0,-3.0
agentmemorybench:fact-mh-262k:context-0/factconsolidation_mh_262k_no90,2,0,coverage-q090-o0-m02,coverage-q090-o0-m03,2,3,1,0.5,1.0,True,8.124999881030819,0.05338662235178249,0.0,0.0,-1.0
agentmemorybench:fact-mh-262k:context-0/factconsolidation_mh_262k_no90,2,1,coverage-q090-o1-m00,coverage-q090-o1-m01,0,1,1,0.0,0.5,False,10.999999729450792,0.9862433241068463,0.0,0.0,-1.0
agentmemorybench:fact-mh-262k:context-0/factconsolidation_mh_262k_no90,2,1,coverage-q090-o1-m00,coverage-q090-o1-m02,0,2,2,0.0,0.5,False,7.999999906402081,0.7968617504372929,1.0,1.0,-3.0
agentmemorybench:fact-mh-262k:context-0/factconsolidation_mh_262k_no90,2,1,coverage-q090-o1-m01,coverage-q090-o1-m03,1,3,2,0.5,1.0,True,4.624999977022526,0.01230825878719155,1.0,1.0,-3.0
agentmemorybench:fact-mh-262k:context-0/factconsolidation_mh_262k_no90,2,1,coverage-q090-o1-m02,coverage-q090-o1-m03,2,3,1,0.5,1.0,True,7.624999800071237,0.201689832456745,0.0,0.0,-1.0
agentmemorybench:fact-mh-262k:context-0/factconsolidation_mh_262k_no92,3,0,coverage-q092-o0-m00,coverage-q092-o0-m01,0,1,1,0.0,0.3333333333333333,False,4.687499933410436,0.6075022436276158,0.0,0.0,4.0
agentmemorybench:fact-mh-262k:context-0/factconsolidation_mh_262k_no92,3,0,coverage-q092-o0-m00,coverage-q092-o0-m02,0,2,2,0.0,0.3333333333333333,False,2.1249999259598553,0.0978383179630554,0.0,0.0,0.0
agentmemorybench:fact-mh-262k:context-0/factconsolidation_mh_262k_no92,3,0,coverage-q092-o0-m00,coverage-q092-o0-m04,0,4,3,0.0,0.3333333333333333,False,2.4374999557621777,0.13309011327665848,1.0,1.0,2.0
agentmemorybench:fact-mh-262k:context-0/factconsolidation_mh_262k_no92,3,0,coverage-q092-o0-m01,coverage-q092-o0-m03,1,3,2,0.3333333333333333,0.6666666666666666,False,1.374999962747097,0.24457642430562443,0.0,0.0,0.0
agentmemorybench:fact-mh-262k:context-0/factconsolidation_mh_262k_no92,3,0,coverage-q092-o0-m01,coverage-q092-o0-m05,1,5,3,0.3333333333333333,0.6666666666666666,False,2.0000000186264515,0.3016824900826852,1.0,1.0,2.0
agentmemorybench:fact-mh-262k:context-0/factconsolidation_mh_262k_no92,3,0,coverage-q092-o0-m02,coverage-q092-o0-m03,2,3,1,0.3333333333333333,0.6666666666666666,False,3.9374999701976776,0.7542403499701849,0.0,0.0,4.0
agentmemorybench:fact-mh-262k:context-0/factconsolidation_mh_262k_no92,3,0,coverage-q092-o0-m02,coverage-q092-o0-m06,2,6,3,0.3333333333333333,0.6666666666666666,False,4.87499999627471,0.8305521685574606,1.0,1.0,2.0
agentmemorybench:fact-mh-262k:context-0/factconsolidation_mh_262k_no92,3,0,coverage-q092-o0-m03,coverage-q092-o0-m07,3,7,3,0.6666666666666666,1.0,True,7.00000016723061,0.13282442243504478,1.0,1.0,2.0
agentmemorybench:fact-mh-262k:context-0/factconsolidation_mh_262k_no92,3,0,coverage-q092-o0-m04,coverage-q092-o0-m05,4,5,1,0.3333333333333333,0.6666666666666666,False,4.24999999627471,0.7760946204336425,0.0,0.0,4.0
agentmemorybench:fact-mh-262k:context-0/factconsolidation_mh_262k_no92,3,0,coverage-q092-o0-m04,coverage-q092-o0-m06,4,6,2,0.3333333333333333,0.6666666666666666,False,4.562499966472387,0.7953003732438575,0.0,0.0,0.0
agentmemorybench:fact-mh-262k:context-0/factconsolidation_mh_262k_no92,3,0,coverage-q092-o0-m05,coverage-q092-o0-m07,5,7,2,0.6666666666666666,1.0,True,6.375000111351255,0.07571835665798399,0.0,0.0,0.0
agentmemorybench:fact-mh-262k:context-0/factconsolidation_mh_262k_no92,3,0,coverage-q092-o0-m06,coverage-q092-o0-m07,6,7,1,0.6666666666666666,1.0,True,6.062500141153578,0.056512603847769016,0.0,0.0,4.0
agentmemorybench:fact-mh-262k:context-0/factconsolidation_mh_262k_no92,3,1,coverage-q092-o1-m00,coverage-q092-o1-m01,0,1,1,0.0,0.3333333333333333,False,6.500000063329935,0.8637490885001972,0.0,0.0,4.0
agentmemorybench:fact-mh-262k:context-0/factconsolidation_mh_262k_no92,3,1,coverage-q092-o1-m00,coverage-q092-o1-m02,0,2,2,0.0,0.3333333333333333,False,2.500000085681677,0.10246726133381209,0.0,0.0,0.0
agentmemorybench:fact-mh-262k:context-0/factconsolidation_mh_262k_no92,3,1,coverage-q092-o1-m00,coverage-q092-o1-m04,0,4,3,0.0,0.3333333333333333,False,3.125000011175871,0.1816046340421656,1.0,1.0,2.0
agentmemorybench:fact-mh-262k:context-0/factconsolidation_mh_262k_no92,3,1,coverage-q092-o1-m01,coverage-q092-o1-m03,1,3,2,0.3333333333333333,0.6666666666666666,False,1.1874998901039364,0.083835028851166,0.0,0.0,0.0
agentmemorybench:fact-mh-262k:context-0/factconsolidation_mh_262k_no92,3,1,coverage-q092-o1-m01,coverage-q092-o1-m05,1,5,3,0.3333333333333333,0.6666666666666666,False,1.1250000260770323,0.0812418921613356,1.0,1.0,2.0
agentmemorybench:fact-mh-262k:context-0/factconsolidation_mh_262k_no92,3,1,coverage-q092-o1-m02,coverage-q092-o1-m03,2,3,1,0.3333333333333333,0.6666666666666666,False,5.187499867752194,0.845116856017551,0.0,0.0,4.0
agentmemorybench:fact-mh-262k:context-0/factconsolidation_mh_262k_no92,3,1,coverage-q092-o1-m02,coverage-q092-o1-m06,2,6,3,0.3333333333333333,0.6666666666666666,False,2.9374999403953552,0.5929896171923916,1.0,1.0,2.0
agentmemorybench:fact-mh-262k:context-0/factconsolidation_mh_262k_no92,3,1,coverage-q092-o1-m03,coverage-q092-o1-m07,3,7,3,0.6666666666666666,1.0,True,3.562500129744876,0.04084288703099803,1.0,1.0,2.0
agentmemorybench:fact-mh-262k:context-0/factconsolidation_mh_262k_no92,3,1,coverage-q092-o1-m04,coverage-q092-o1-m05,4,5,1,0.3333333333333333,0.6666666666666666,False,4.500000078231096,0.7633863466193672,0.0,0.0,4.0
agentmemorybench:fact-mh-262k:context-0/factconsolidation_mh_262k_no92,3,1,coverage-q092-o1-m04,coverage-q092-o1-m06,4,6,2,0.3333333333333333,0.6666666666666666,False,2.312500014901161,0.5138522444840382,0.0,0.0,0.0
agentmemorybench:fact-mh-262k:context-0/factconsolidation_mh_262k_no92,3,1,coverage-q092-o1-m05,coverage-q092-o1-m07,5,7,2,0.6666666666666666,1.0,True,3.6249999937717803,0.04343602372082844,0.0,0.0,0.0
agentmemorybench:fact-mh-262k:context-0/factconsolidation_mh_262k_no92,3,1,coverage-q092-o1-m06,coverage-q092-o1-m07,6,7,1,0.6666666666666666,1.0,True,5.812500057101715,0.29297012585615745,0.0,0.0,4.0
agentmemorybench:fact-mh-262k:context-0/factconsolidation_mh_262k_no93,4,0,coverage-q093-o0-m00,coverage-q093-o0-m01,0,1,1,0.0,0.25,False,3.4999998696148404,0.2579544773226068,0.0,0.0,-2.0
agentmemorybench:fact-mh-262k:context-0/factconsolidation_mh_262k_no93,4,0,coverage-q093-o0-m00,coverage-q093-o0-m02,0,2,2,0.0,0.25,False,-0.7500003199093035,-0.0057668193380052005,0.0,0.0,-1.0
agentmemorybench:fact-mh-262k:context-0/factconsolidation_mh_262k_no93,4,0,coverage-q093-o0-m00,coverage-q093-o0-m04,0,4,3,0.0,0.25,False,0.624999938532711,0.009345410668041999,0.0,0.0,1.0
agentmemorybench:fact-mh-262k:context-0/factconsolidation_mh_262k_no93,4,0,coverage-q093-o0-m00,coverage-q093-o0-m08,0,8,4,0.0,0.25,False,1.3749997690320024,0.031100779813097702,0.8,0.8,-1.0
agentmemorybench:fact-mh-262k:context-0/factconsolidation_mh_262k_no93,4,0,coverage-q093-o0-m01,coverage-q093-o0-m03,1,3,2,0.25,0.5,False,2.5624999925494194,0.5577703716333126,0.0,0.0,-1.0
agentmemorybench:fact-mh-262k:context-0/factconsolidation_mh_262k_no93,4,0,coverage-q093-o0-m01,coverage-q093-o0-m05,1,5,3,0.25,0.5,False,1.125,0.2622679520037612,0.0,0.0,1.0
agentmemorybench:fact-mh-262k:context-0/factconsolidation_mh_262k_no93,4,0,coverage-q093-o0-m01,coverage-q093-o0-m09,1,9,4,0.25,0.5,False,1.5,0.3535179098318595,1.0,1.0,-1.0
agentmemorybench:fact-mh-262k:context-0/factconsolidation_mh_262k_no93,4,0,coverage-q093-o0-m02,coverage-q093-o0-m03,2,3,1,0.25,0.5,False,6.812500182073563,0.8214916682939246,0.0,0.0,-2.0
agentmemorybench:fact-mh-262k:context-0/factconsolidation_mh_262k_no93,4,0,coverage-q093-o0-m02,coverage-q093-o0-m06,2,6,3,0.25,0.5,False,3.250000129919499,0.1139827910546292,0.0,0.0,1.0
agentmemorybench:fact-mh-262k:context-0/factconsolidation_mh_262k_no93,4,0,coverage-q093-o0-m02,coverage-q093-o0-m10,2,10,4,0.25,0.5,False,2.437500116880983,0.0514322967163276,1.0,1.0,-1.0
agentmemorybench:fact-mh-262k:context-0/factconsolidation_mh_262k_no93,4,0,coverage-q093-o0-m03,coverage-q093-o0-m07,3,7,3,0.5,0.75,False,2.0625000428408384,0.14733085069368757,0.0,0.0,1.0
agentmemorybench:fact-mh-262k:context-0/factconsolidation_mh_262k_no93,4,0,coverage-q093-o0-m03,coverage-q093-o0-m11,3,11,4,0.5,0.75,False,1.375000026077032,0.12295757528951234,1.0,1.0,-1.0
agentmemorybench:fact-mh-262k:context-0/factconsolidation_mh_262k_no93,4,0,coverage-q093-o0-m04,coverage-q093-o0-m05,4,5,1,0.25,0.5,False,3.9999999310821295,0.510877018658326,0.0,0.0,-2.0
agentmemorybench:fact-mh-262k:context-0/factconsolidation_mh_262k_no93,4,0,coverage-q093-o0-m04,coverage-q093-o0-m06,4,6,2,0.25,0.5,False,1.8749998714774847,0.09887056104858201,0.0,0.0,-1.0
agentmemorybench:fact-mh-262k:context-0/factconsolidation_mh_262k_no93,4,0,coverage-q093-o0-m04,coverage-q093-o0-m12,4,12,4,0.25,0.5,False,4.9374999310821295,0.7228356538970508,1.0,1.0,-1.0
agentmemorybench:fact-mh-262k:context-0/factconsolidation_mh_262k_no93,4,0,coverage-q093-o0-m05,coverage-q093-o0-m07,5,7,2,0.5,0.75,False,3.500000035390258,0.44283327032323894,0.0,0.0,-1.0
agentmemorybench:fact-mh-262k:context-0/factconsolidation_mh_262k_no93,4,0,coverage-q093-o0-m05,coverage-q093-o0-m13,5,13,4,0.5,0.75,False,3.625000005587935,0.44581325684166395,1.0,1.0,-1.0
agentmemorybench:fact-mh-262k:context-0/factconsolidation_mh_262k_no93,4,0,coverage-q093-o0-m06,coverage-q093-o0-m07,6,7,1,0.5,0.75,False,5.625000094994903,0.8548397279329829,0.0,0.0,-2.0
agentmemorybench:fact-mh-262k:context-0/factconsolidation_mh_262k_no93,4,0,coverage-q093-o0-m06,coverage-q093-o0-m14,6,14,4,0.5,0.75,False,3.7500000596046448,0.7327498862042983,1.0,1.0,-1.0
agentmemorybench:fact-mh-262k:context-0/factconsolidation_mh_262k_no93,4,0,coverage-q093-o0-m07,coverage-q093-o0-m15,7,15,4,0.75,1.0,True,6.874999845877028,0.025929820608620813,1.0,1.0,-1.0
agentmemorybench:fact-mh-262k:context-0/factconsolidation_mh_262k_no93,4,0,coverage-q093-o0-m08,coverage-q093-o0-m09,8,9,1,0.25,0.5,False,3.625000100582838,0.5803716073413686,0.19999999999999996,0.19999999999999996,-2.0
agentmemorybench:fact-mh-262k:context-0/factconsolidation_mh_262k_no93,4,0,coverage-q093-o0-m08,coverage-q093-o0-m10,8,10,2,0.25,0.5,False,0.31250002793967724,0.014564697565224695,0.19999999999999996,0.19999999999999996,-1.0
agentmemorybench:fact-mh-262k:context-0/factconsolidation_mh_262k_no93,4,0,coverage-q093-o0-m08,coverage-q093-o0-m12,8,12,3,0.25,0.5,False,4.187500100582838,0.7010802847519951,0.19999999999999996,0.19999999999999996,1.0
agentmemorybench:fact-mh-262k:context-0/factconsolidation_mh_262k_no93,4,0,coverage-q093-o0-m09,coverage-q093-o0-m11,9,11,2,0.5,0.75,False,2.4375000186264515,0.3272100370909654,0.0,0.0,-1.0
agentmemorybench:fact-mh-262k:context-0/factconsolidation_mh_262k_no93,4,0,coverage-q093-o0-m09,coverage-q093-o0-m13,9,13,3,0.5,0.75,False,3.250000005587935,0.35456329901356565,0.0,0.0,1.0
agentmemorybench:fact-mh-262k:context-0/factconsolidation_mh_262k_no93,4,0,coverage-q093-o0-m10,coverage-q093-o0-m11,10,11,1,0.5,0.75,False,5.750000091269612,0.8930169468671093,0.0,0.0,-2.0
agentmemorybench:fact-mh-262k:context-0/factconsolidation_mh_262k_no93,4,0,coverage-q093-o0-m10,coverage-q093-o0-m14,10,14,3,0.5,0.75,False,4.562500072643161,0.7953003805425999,0.0,0.0,1.0
agentmemorybench:fact-mh-262k:context-0/factconsolidation_mh_262k_no93,4,0,coverage-q093-o0-m11,coverage-q093-o0-m15,11,15,3,0.75,1.0,True,7.562499862640834,0.050303096012796034,0.0,0.0,1.0
agentmemorybench:fact-mh-262k:context-0/factconsolidation_mh_262k_no93,4,0,coverage-q093-o0-m12,coverage-q093-o0-m13,12,13,1,0.5,0.75,False,2.687500005587935,0.23385462160293913,0.0,0.0,-2.0
agentmemorybench:fact-mh-262k:context-0/factconsolidation_mh_262k_no93,4,0,coverage-q093-o0-m12,coverage-q093-o0-m14,12,14,2,0.5,0.75,False,0.6875,0.10878479335582947,0.0,0.0,-1.0
agentmemorybench:fact-mh-262k:context-0/factconsolidation_mh_262k_no93,4,0,coverage-q093-o0-m13,coverage-q093-o0-m15,13,15,2,0.75,1.0,True,6.74999987567935,0.022949834090195798,0.0,0.0,-1.0
agentmemorybench:fact-mh-262k:context-0/factconsolidation_mh_262k_no93,4,0,coverage-q093-o0-m14,coverage-q093-o0-m15,14,15,1,0.75,1.0,True,8.749999881267286,0.14801966233730546,0.0,0.0,-2.0
agentmemorybench:fact-mh-262k:context-0/factconsolidation_mh_262k_no93,4,1,coverage-q093-o1-m00,coverage-q093-o1-m01,0,1,1,0.0,0.25,False,3.8125001322478056,0.4352756403891486,0.0,0.0,-2.0
agentmemorybench:fact-mh-262k:context-0/factconsolidation_mh_262k_no93,4,1,coverage-q093-o1-m00,coverage-q093-o1-m02,0,2,2,0.0,0.25,False,-0.6250000959262252,-0.008277733338479,0.0,0.0,-1.0
agentmemorybench:fact-mh-262k:context-0/factconsolidation_mh_262k_no93,4,1,coverage-q093-o1-m00,coverage-q093-o1-m04,0,4,3,0.0,0.25,False,2.1250000577419996,0.1149780239822087,0.0,0.0,1.0
agentmemorybench:fact-mh-262k:context-0/factconsolidation_mh_262k_no93,4,1,coverage-q093-o1-m00,coverage-q093-o1-m08,0,8,4,0.0,0.25,False,0.8750001769512892,0.024101522091662702,0.4,0.4,-1.0
agentmemorybench:fact-mh-262k:context-0/factconsolidation_mh_262k_no93,4,1,coverage-q093-o1-m01,coverage-q093-o1-m03,1,3,2,0.25,0.5,False,1.6250000074505806,0.3548053666929219,0.0,0.0,-1.0
agentmemorybench:fact-mh-262k:context-0/factconsolidation_mh_262k_no93,4,1,coverage-q093-o1-m01,coverage-q093-o1-m05,1,5,3,0.25,0.5,False,0.8124999701976776,0.19809300988280792,0.0,0.0,1.0
agentmemorybench:fact-mh-262k:context-0/factconsolidation_mh_262k_no93,4,1,coverage-q093-o1-m01,coverage-q093-o1-m09,1,9,4,0.25,0.5,False,0.9374999850988388,0.22591684791311845,1.0,1.0,-1.0
agentmemorybench:fact-mh-262k:context-0/factconsolidation_mh_262k_no93,4,1,coverage-q093-o1-m02,coverage-q093-o1-m03,2,3,1,0.25,0.5,False,6.062500235624611,0.7983587404205496,0.0,0.0,-2.0
agentmemorybench:fact-mh-262k:context-0/factconsolidation_mh_262k_no93,4,1,coverage-q093-o1-m02,coverage-q093-o1-m06,2,6,3,0.25,0.5,False,3.000000243075192,0.1548079906569811,0.0,0.0,1.0
agentmemorybench:fact-mh-262k:context-0/factconsolidation_mh_262k_no93,4,1,coverage-q093-o1-m02,coverage-q093-o1-m10,2,10,4,0.25,0.5,False,2.625000228174031,0.10949444773435901,0.8,0.6,-1.0
agentmemorybench:fact-mh-262k:context-0/factconsolidation_mh_262k_no93,4,1,coverage-q093-o1-m03,coverage-q093-o1-m07,3,7,3,0.5,0.75,False,1.3750000186264515,0.13528036137735122,0.0,0.0,1.0
agentmemorybench:fact-mh-262k:context-0/factconsolidation_mh_262k_no93,4,1,coverage-q093-o1-m03,coverage-q093-o1-m11,3,11,4,0.5,0.75,False,1.4999999776482582,0.14160215198197756,1.0,1.0,-1.0
agentmemorybench:fact-mh-262k:context-0/factconsolidation_mh_262k_no93,4,1,coverage-q093-o1-m04,coverage-q093-o1-m05,4,5,1,0.25,0.5,False,2.5000000447034836,0.5183906262897479,0.0,0.0,-2.0
agentmemorybench:fact-mh-262k:context-0/factconsolidation_mh_262k_no93,4,1,coverage-q093-o1-m04,coverage-q093-o1-m06,4,6,2,0.25,0.5,False,0.25000008940696716,0.031552233336293395,0.0,0.0,-1.0
agentmemorybench:fact-mh-262k:context-0/factconsolidation_mh_262k_no93,4,1,coverage-q093-o1-m04,coverage-q093-o1-m12,4,12,4,0.25,0.5,False,1.875000074505806,0.36703576839155383,1.0,1.0,-1.0
agentmemorybench:fact-mh-262k:context-0/factconsolidation_mh_262k_no93,4,1,coverage-q093-o1-m05,coverage-q093-o1-m07,5,7,2,0.5,0.75,False,2.1875000558793545,0.2919927181874652,0.0,0.0,-1.0
agentmemorybench:fact-mh-262k:context-0/factconsolidation_mh_262k_no93,4,1,coverage-q093-o1-m05,coverage-q093-o1-m13,5,13,4,0.5,0.75,False,0.8750000074505806,0.16621961496176663,1.0,1.0,-1.0
agentmemorybench:fact-mh-262k:context-0/factconsolidation_mh_262k_no93,4,1,coverage-q093-o1-m06,coverage-q093-o1-m07,6,7,1,0.5,0.75,False,4.437500011175871,0.7788311111409196,0.0,0.0,-2.0
agentmemorybench:fact-mh-262k:context-0/factconsolidation_mh_262k_no93,4,1,coverage-q093-o1-m06,coverage-q093-o1-m14,6,14,4,0.5,0.75,False,2.249999925494194,0.48683838618559405,1.0,1.0,-1.0
agentmemorybench:fact-mh-262k:context-0/factconsolidation_mh_262k_no93,4,1,coverage-q093-o1-m07,coverage-q093-o1-m15,7,15,4,0.75,1.0,True,4.749999932595529,0.05613311902839557,1.0,1.0,-1.0
agentmemorybench:fact-mh-262k:context-0/factconsolidation_mh_262k_no93,4,1,coverage-q093-o1-m08,coverage-q093-o1-m09,8,9,1,0.25,0.5,False,3.8749999403953552,0.6370909662106043,0.6,0.6,-2.0
agentmemorybench:fact-mh-262k:context-0/factconsolidation_mh_262k_no93,4,1,coverage-q093-o1-m08,coverage-q093-o1-m10,8,10,2,0.25,0.5,False,1.1249999552965164,0.0771151923042173,0.4,0.19999999999999996,-1.0
agentmemorybench:fact-mh-262k:context-0/factconsolidation_mh_262k_no93,4,1,coverage-q093-o1-m08,coverage-q093-o1-m12,8,12,3,0.25,0.5,False,3.1249999552965164,0.4579122702820998,0.6,0.6,1.0
agentmemorybench:fact-mh-262k:context-0/factconsolidation_mh_262k_no93,4,1,coverage-q093-o1-m09,coverage-q093-o1-m11,9,11,2,0.5,0.75,False,2.1875,0.270490670761781,0.0,0.0,-1.0
agentmemorybench:fact-mh-262k:context-0/factconsolidation_mh_262k_no93,4,1,coverage-q093-o1-m09,coverage-q093-o1-m13,9,13,3,0.5,0.75,False,0.7499999925494194,0.1383957769314561,0.0,0.0,1.0
agentmemorybench:fact-mh-262k:context-0/factconsolidation_mh_262k_no93,4,1,coverage-q093-o1-m10,coverage-q093-o1-m11,10,11,1,0.5,0.75,False,4.937499985098839,0.8304664446681681,0.19999999999999996,0.4,-2.0
agentmemorybench:fact-mh-262k:context-0/factconsolidation_mh_262k_no93,4,1,coverage-q093-o1-m10,coverage-q093-o1-m14,10,14,3,0.5,0.75,False,2.6249999403953552,0.5321519291082162,0.19999999999999996,0.4,1.0
agentmemorybench:fact-mh-262k:context-0/factconsolidation_mh_262k_no93,4,1,coverage-q093-o1-m11,coverage-q093-o1-m15,11,15,3,0.75,1.0,True,4.624999973573722,0.04981132842376923,0.0,0.0,1.0
agentmemorybench:fact-mh-262k:context-0/factconsolidation_mh_262k_no93,4,1,coverage-q093-o1-m12,coverage-q093-o1-m13,12,13,1,0.5,0.75,False,1.4999999776482582,0.31757447285996065,0.0,0.0,-2.0
agentmemorybench:fact-mh-262k:context-0/factconsolidation_mh_262k_no93,4,1,coverage-q093-o1-m12,coverage-q093-o1-m14,12,14,2,0.5,0.75,False,0.6249999403953552,0.15135485113033365,0.0,0.0,-1.0
agentmemorybench:fact-mh-262k:context-0/factconsolidation_mh_262k_no93,4,1,coverage-q093-o1-m13,coverage-q093-o1-m15,13,15,2,0.75,1.0,True,6.0624999810243025,0.18190622225409414,0.0,0.0,-1.0
agentmemorybench:fact-mh-262k:context-0/factconsolidation_mh_262k_no93,4,1,coverage-q093-o1-m14,coverage-q093-o1-m15,14,15,1,0.75,1.0,True,6.9375000182772055,0.34812584398372115,0.0,0.0,-2.0
agentmemorybench:fact-mh-262k:context-0/factconsolidation_mh_262k_no94,2,0,coverage-q094-o0-m00,coverage-q094-o0-m01,0,1,1,0.0,0.5,False,10.499999709660187,0.9892370096428621,0.0,0.0,-2.0
agentmemorybench:fact-mh-262k:context-0/factconsolidation_mh_262k_no94,2,0,coverage-q094-o0-m00,coverage-q094-o0-m02,0,2,2,0.0,0.5,False,5.374999791849405,0.5859737476459878,1.0,1.0,-3.0
agentmemorybench:fact-mh-262k:context-0/factconsolidation_mh_262k_no94,2,0,coverage-q094-o0-m01,coverage-q094-o0-m03,1,3,2,0.5,1.0,True,2.812500053696567,0.003824768561523806,1.0,1.0,-3.0
agentmemorybench:fact-mh-262k:context-0/factconsolidation_mh_262k_no94,2,0,coverage-q094-o0-m02,coverage-q094-o0-m03,2,3,1,0.5,1.0,True,7.93749997150735,0.40708803055839815,0.0,0.0,-2.0
agentmemorybench:fact-mh-262k:context-0/factconsolidation_mh_262k_no94,2,1,coverage-q094-o1-m00,coverage-q094-o1-m01,0,1,1,0.0,0.5,False,10.062499886844307,0.9867178820665183,0.0,0.0,-2.0
agentmemorybench:fact-mh-262k:context-0/factconsolidation_mh_262k_no94,2,1,coverage-q094-o1-m00,coverage-q094-o1-m02,0,2,2,0.0,0.5,False,4.7499999310821295,0.3723205427467051,0.8,0.8,-3.0
agentmemorybench:fact-mh-262k:context-0/factconsolidation_mh_262k_no94,2,1,coverage-q094-o1-m01,coverage-q094-o1-m03,1,3,2,0.5,1.0,True,2.4375000107102096,0.007352321459164202,1.0,1.0,-3.0
agentmemorybench:fact-mh-262k:context-0/factconsolidation_mh_262k_no94,2,1,coverage-q094-o1-m02,coverage-q094-o1-m03,2,3,1,0.5,1.0,True,7.749999966472387,0.6217496607789774,0.19999999999999996,0.19999999999999996,-2.0
agentmemorybench:fact-mh-262k:context-0/factconsolidation_mh_262k_no95,2,0,coverage-q095-o0-m00,coverage-q095-o0-m01,0,1,1,0.0,0.5,False,5.125000173225999,0.6403679368058172,0.0,0.0,2.0
agentmemorybench:fact-mh-262k:context-0/factconsolidation_mh_262k_no95,2,0,coverage-q095-o0-m00,coverage-q095-o0-m02,0,2,2,0.0,0.5,False,5.062500098720193,0.626043849638941,1.0,1.0,-1.0
agentmemorybench:fact-mh-262k:context-0/factconsolidation_mh_262k_no95,2,0,coverage-q095-o0-m01,coverage-q095-o0-m03,1,3,2,0.5,1.0,True,8.624999647789084,0.34854901935460836,1.0,1.0,-1.0
agentmemorybench:fact-mh-262k:context-0/factconsolidation_mh_262k_no95,2,0,coverage-q095-o0-m02,coverage-q095-o0-m03,2,3,1,0.5,1.0,True,8.68749972229489,0.3628731065214845,0.0,0.0,2.0
agentmemorybench:fact-mh-262k:context-0/factconsolidation_mh_262k_no95,2,1,coverage-q095-o1-m00,coverage-q095-o1-m01,0,1,1,0.0,0.5,False,4.187499932013452,0.571051265753635,0.0,0.0,2.0
agentmemorybench:fact-mh-262k:context-0/factconsolidation_mh_262k_no95,2,1,coverage-q095-o1-m00,coverage-q095-o1-m02,0,2,2,0.0,0.5,False,5.062499946914613,0.7556845295537188,1.0,1.0,-1.0
agentmemorybench:fact-mh-262k:context-0/factconsolidation_mh_262k_no95,2,1,coverage-q095-o1-m01,coverage-q095-o1-m03,1,3,2,0.5,1.0,True,7.375000098589226,0.4069028430070357,1.0,1.0,-1.0
agentmemorybench:fact-mh-262k:context-0/factconsolidation_mh_262k_no95,2,1,coverage-q095-o1-m02,coverage-q095-o1-m03,2,3,1,0.5,1.0,True,6.5000000836880645,0.2222695792069519,0.0,0.0,2.0
agentmemorybench:fact-mh-262k:context-0/factconsolidation_mh_262k_no97,2,0,coverage-q097-o0-m00,coverage-q097-o0-m01,0,1,1,0.0,0.5,False,10.249999793828465,0.9779669233528302,0.0,0.0,-1.0
agentmemorybench:fact-mh-262k:context-0/factconsolidation_mh_262k_no97,2,0,coverage-q097-o0-m00,coverage-q097-o0-m02,0,2,2,0.0,0.5,False,7.124999764026143,0.677477963476959,1.0,1.0,0.0
agentmemorybench:fact-mh-262k:context-0/factconsolidation_mh_262k_no97,2,0,coverage-q097-o0-m01,coverage-q097-o0-m03,1,3,2,0.5,1.0,True,5.8750003894456295,0.020274062691591266,1.0,1.0,0.0
agentmemorybench:fact-mh-262k:context-0/factconsolidation_mh_262k_no97,2,0,coverage-q097-o0-m02,coverage-q097-o0-m03,2,3,1,0.5,1.0,True,9.000000419247952,0.3207630225674625,0.0,0.0,-1.0
agentmemorybench:fact-mh-262k:context-0/factconsolidation_mh_262k_no97,2,1,coverage-q097-o1-m00,coverage-q097-o1-m01,0,1,1,0.0,0.5,False,10.999999779392965,0.9875118730459237,0.0,0.0,-1.0
agentmemorybench:fact-mh-262k:context-0/factconsolidation_mh_262k_no97,2,1,coverage-q097-o1-m00,coverage-q097-o1-m02,0,2,2,0.0,0.5,False,5.374999905121513,0.24358381979480898,1.0,1.0,0.0
agentmemorybench:fact-mh-262k:context-0/factconsolidation_mh_262k_no97,2,1,coverage-q097-o1-m01,coverage-q097-o1-m03,1,3,2,0.5,1.0,True,3.250000161322532,0.01055638755280841,1.0,1.0,0.0
agentmemorybench:fact-mh-262k:context-0/factconsolidation_mh_262k_no97,2,1,coverage-q097-o1-m02,coverage-q097-o1-m03,2,3,1,0.5,1.0,True,8.875000035593985,0.7544844408039232,0.0,0.0,-1.0
