schema_version,gold_definition,question_id,qa_pair_id,question_ordinal,decision_step,decision_state_count,normalized_progress,capture_id,action_tool_names,terminal_trajectory_status,gold_hop_count,covered_hop_count,gold_coverage_r,covered_hop_indices,missing_hop_indices,newly_available_hop_indices,cumulative_read_memory_count,cumulative_read_memory_ids,official_gold_lww_conflicted,final_official_score,final_correct
1,official_mquake_label_chain,agentmemorybench:fact-mh-262k:context-0/factconsolidation_mh_262k_no0,factconsolidation_mh_262k_no0,0,1,6,0.16666666666666666,1789220509489085824-25d4717f595b4e3085cc740711b08108,"[""search""]",sufficient,3,0,0.0,[],"[1,2,3]",[],0,[],False,1.0,True
1,official_mquake_label_chain,agentmemorybench:fact-mh-262k:context-0/factconsolidation_mh_262k_no0,factconsolidation_mh_262k_no0,0,2,6,0.3333333333333333,1789220517303787801-eee70b94a4ef4639bad11f19178e5b32,"[""read""]",sufficient,3,0,0.0,[],"[1,2,3]",[],0,[],False,1.0,True
1,official_mquake_label_chain,agentmemorybench:fact-mh-262k:context-0/factconsolidation_mh_262k_no0,factconsolidation_mh_262k_no0,0,3,6,0.5,1789220547001126380-2c1463d995e843188dde6813e1c45f54,"[""search""]",sufficient,3,2,0.6666666666666666,"[1,2]",[3],"[1,2]",3,"[""m-95bbccbd6a08d16d05369687"",""m-d378741b166342a8e5a0aca8"",""m-b7dcd8cd2d91e2a0530e94f1""]",False,1.0,True
1,official_mquake_label_chain,agentmemorybench:fact-mh-262k:context-0/factconsolidation_mh_262k_no0,factconsolidation_mh_262k_no0,0,4,6,0.6666666666666666,1789220566001823272-7bef4fd4657d4eb0b4187aa5d786a4c2,"[""read""]",sufficient,3,2,0.6666666666666666,"[1,2]",[3],[],3,"[""m-95bbccbd6a08d16d05369687"",""m-d378741b166342a8e5a0aca8"",""m-b7dcd8cd2d91e2a0530e94f1""]",False,1.0,True
1,official_mquake_label_chain,agentmemorybench:fact-mh-262k:context-0/factconsolidation_mh_262k_no0,factconsolidation_mh_262k_no0,0,5,6,0.8333333333333334,1789220573328335073-94feac16425348879f108e2550346390,"[""read""]",sufficient,3,3,1.0,"[1,2,3]",[],[3],4,"[""m-95bbccbd6a08d16d05369687"",""m-d378741b166342a8e5a0aca8"",""m-b7dcd8cd2d91e2a0530e94f1"",""m-a1a4edfb7fb9ec1bee215e03""]",False,1.0,True
1,official_mquake_label_chain,agentmemorybench:fact-mh-262k:context-0/factconsolidation_mh_262k_no0,factconsolidation_mh_262k_no0,0,6,6,1.0,1789220597022257389-8e85e266b30a49a988c3d6bb595368d2,"[""finish""]",sufficient,3,3,1.0,"[1,2,3]",[],[],5,"[""m-95bbccbd6a08d16d05369687"",""m-d378741b166342a8e5a0aca8"",""m-b7dcd8cd2d91e2a0530e94f1"",""m-a1a4edfb7fb9ec1bee215e03"",""m-4629414582d97d69514c4643""]",False,1.0,True
1,official_mquake_label_chain,agentmemorybench:fact-mh-262k:context-0/factconsolidation_mh_262k_no1,factconsolidation_mh_262k_no1,1,1,4,0.25,1789220509493437084-d3d6cbd30c204ab79e9161f2fedaca49,"[""search""]",sufficient,2,0,0.0,[],"[1,2]",[],0,[],False,1.0,True
1,official_mquake_label_chain,agentmemorybench:fact-mh-262k:context-0/factconsolidation_mh_262k_no1,factconsolidation_mh_262k_no1,1,2,4,0.5,1789220517298442890-5326093a11c042a9822dd79a355bcd47,"[""search""]",sufficient,2,0,0.0,[],"[1,2]",[],0,[],False,1.0,True
1,official_mquake_label_chain,agentmemorybench:fact-mh-262k:context-0/factconsolidation_mh_262k_no1,factconsolidation_mh_262k_no1,1,3,4,0.75,1789220531856522520-40ea0f146c7c40f6813aaeaa3d0a6567,"[""read""]",sufficient,2,0,0.0,[],"[1,2]",[],0,[],False,1.0,True
1,official_mquake_label_chain,agentmemorybench:fact-mh-262k:context-0/factconsolidation_mh_262k_no1,factconsolidation_mh_262k_no1,1,4,4,1.0,1789220558158168878-b7c690e5a2e648f7b39e8bf0c52f22cb,"[""finish""]",sufficient,2,2,1.0,"[1,2]",[],"[1,2]",4,"[""m-1d5745d8b432a6047b4dd936"",""m-154bcacb92d86a5c9d325b00"",""m-3576b8a194151a5c0e81bdc5"",""m-0b1100aa2215e071bf08a812""]",False,1.0,True
1,official_mquake_label_chain,agentmemorybench:fact-mh-262k:context-0/factconsolidation_mh_262k_no2,factconsolidation_mh_262k_no2,2,1,17,0.058823529411764705,1789220509499495992-26660b263cf14c73a07790d06302adac,"[""search""]",insufficient,4,0,0.0,[],"[1,2,3,4]",[],0,[],True,0.0,False
1,official_mquake_label_chain,agentmemorybench:fact-mh-262k:context-0/factconsolidation_mh_262k_no2,factconsolidation_mh_262k_no2,2,2,17,0.11764705882352941,1789220517306139286-26cdedeed948431180425babaf9d5f8c,"[""search""]",insufficient,4,0,0.0,[],"[1,2,3,4]",[],0,[],True,0.0,False
1,official_mquake_label_chain,agentmemorybench:fact-mh-262k:context-0/factconsolidation_mh_262k_no2,factconsolidation_mh_262k_no2,2,3,17,0.17647058823529413,1789220539438713293-6a7610fc22ac48f6be53babea7dc66de,"[""read""]",insufficient,4,0,0.0,[],"[1,2,3,4]",[],0,[],True,0.0,False
1,official_mquake_label_chain,agentmemorybench:fact-mh-262k:context-0/factconsolidation_mh_262k_no2,factconsolidation_mh_262k_no2,2,4,17,0.23529411764705882,1789220569878603576-76370d022c16455294a9a7bb39ded0fc,"[""search""]",insufficient,4,3,0.75,"[1,2,3]",[4],"[1,2,3]",5,"[""m-2a33ae56e5df02e9a6e4fa1b"",""m-1d5745d8b432a6047b4dd936"",""m-942f5722dd6757610c2e118b"",""m-d378741b166342a8e5a0aca8"",""m-aff4df280c82222c41cd9dbd""]",True,0.0,False
1,official_mquake_label_chain,agentmemorybench:fact-mh-262k:context-0/factconsolidation_mh_262k_no2,factconsolidation_mh_262k_no2,2,5,17,0.29411764705882354,1789220581254298599-38dcfb0ff58f4c0397a442f962ea2a98,"[""search""]",insufficient,4,3,0.75,"[1,2,3]",[4],[],5,"[""m-2a33ae56e5df02e9a6e4fa1b"",""m-1d5745d8b432a6047b4dd936"",""m-942f5722dd6757610c2e118b"",""m-d378741b166342a8e5a0aca8"",""m-aff4df280c82222c41cd9dbd""]",True,0.0,False
1,official_mquake_label_chain,agentmemorybench:fact-mh-262k:context-0/factconsolidation_mh_262k_no2,factconsolidation_mh_262k_no2,2,6,17,0.35294117647058826,1789220593753130969-3e45ed3bd5764e25adcf06bc0b8e76a2,"[""search""]",insufficient,4,3,0.75,"[1,2,3]",[4],[],5,"[""m-2a33ae56e5df02e9a6e4fa1b"",""m-1d5745d8b432a6047b4dd936"",""m-942f5722dd6757610c2e118b"",""m-d378741b166342a8e5a0aca8"",""m-aff4df280c82222c41cd9dbd""]",True,0.0,False
1,official_mquake_label_chain,agentmemorybench:fact-mh-262k:context-0/factconsolidation_mh_262k_no2,factconsolidation_mh_262k_no2,2,7,17,0.4117647058823529,1789220613480446699-2c61cb05386840e4baaff752dfed7824,"[""search""]",insufficient,4,3,0.75,"[1,2,3]",[4],[],5,"[""m-2a33ae56e5df02e9a6e4fa1b"",""m-1d5745d8b432a6047b4dd936"",""m-942f5722dd6757610c2e118b"",""m-d378741b166342a8e5a0aca8"",""m-aff4df280c82222c41cd9dbd""]",True,0.0,False
1,official_mquake_label_chain,agentmemorybench:fact-mh-262k:context-0/factconsolidation_mh_262k_no2,factconsolidation_mh_262k_no2,2,8,17,0.47058823529411764,1789220643053339779-dd410c299b604c1ca4e40370d1e98a06,"[""search""]",insufficient,4,3,0.75,"[1,2,3]",[4],[],5,"[""m-2a33ae56e5df02e9a6e4fa1b"",""m-1d5745d8b432a6047b4dd936"",""m-942f5722dd6757610c2e118b"",""m-d378741b166342a8e5a0aca8"",""m-aff4df280c82222c41cd9dbd""]",True,0.0,False
1,official_mquake_label_chain,agentmemorybench:fact-mh-262k:context-0/factconsolidation_mh_262k_no2,factconsolidation_mh_262k_no2,2,9,17,0.5294117647058824,1789220665394465406-f0fce5dfd04e46e79a17eebb500a9544,"[""search_more""]",insufficient,4,3,0.75,"[1,2,3]",[4],[],5,"[""m-2a33ae56e5df02e9a6e4fa1b"",""m-1d5745d8b432a6047b4dd936"",""m-942f5722dd6757610c2e118b"",""m-d378741b166342a8e5a0aca8"",""m-aff4df280c82222c41cd9dbd""]",True,0.0,False
1,official_mquake_label_chain,agentmemorybench:fact-mh-262k:context-0/factconsolidation_mh_262k_no2,factconsolidation_mh_262k_no2,2,10,17,0.5882352941176471,1789220697797930963-2c80eb740f4b4912bdf1d559d8dadcb4,"[""read""]",insufficient,4,3,0.75,"[1,2,3]",[4],[],5,"[""m-2a33ae56e5df02e9a6e4fa1b"",""m-1d5745d8b432a6047b4dd936"",""m-942f5722dd6757610c2e118b"",""m-d378741b166342a8e5a0aca8"",""m-aff4df280c82222c41cd9dbd""]",True,0.0,False
1,official_mquake_label_chain,agentmemorybench:fact-mh-262k:context-0/factconsolidation_mh_262k_no2,factconsolidation_mh_262k_no2,2,11,17,0.6470588235294118,1789220747268541334-5fec3bd83f6d4c12abdbc2f42fbd09ab,"[""read""]",insufficient,4,3,0.75,"[1,2,3]",[4],[],15,"[""m-2a33ae56e5df02e9a6e4fa1b"",""m-1d5745d8b432a6047b4dd936"",""m-942f5722dd6757610c2e118b"",""m-d378741b166342a8e5a0aca8"",""m-aff4df280c82222c41cd9dbd"",""m-95bbccbd6a08d16d05369687"",""m-154bcacb92d86a5c9d325b00"",""m-d8939565b192098f7742417a"",""m-8e14b81f299884f04aa016ff"",""m-65ddf9819a5ecf5e4656074f"",""m-971985574eb04740c13ad5c1"",""m-b4f7617ddfde634fb0ac7372"",""m-3d125b0f0545f62e1d4dad28"",""m-9114fa7460e0af8f396d5e59"",""m-e88cdf413fbf8a7ac37bd0fb""]",True,0.0,False
1,official_mquake_label_chain,agentmemorybench:fact-mh-262k:context-0/factconsolidation_mh_262k_no2,factconsolidation_mh_262k_no2,2,12,17,0.7058823529411765,1789221060100610824-1bfc91b4d82e4b1293c7cdb022a12e67,"[""read""]",insufficient,4,3,0.75,"[1,2,3]",[4],[],17,"[""m-2a33ae56e5df02e9a6e4fa1b"",""m-1d5745d8b432a6047b4dd936"",""m-942f5722dd6757610c2e118b"",""m-d378741b166342a8e5a0aca8"",""m-aff4df280c82222c41cd9dbd"",""m-95bbccbd6a08d16d05369687"",""m-154bcacb92d86a5c9d325b00"",""m-d8939565b192098f7742417a"",""m-8e14b81f299884f04aa016ff"",""m-65ddf9819a5ecf5e4656074f"",""m-971985574eb04740c13ad5c1"",""m-b4f7617ddfde634fb0ac7372"",""m-3d125b0f0545f62e1d4dad28"",""m-9114fa7460e0af8f396d5e59"",""m-e88cdf413fbf8a7ac37bd0fb"",""m-a1a4edfb7fb9ec1bee215e03"",""m-32937397b194ea97822b7885""]",True,0.0,False
1,official_mquake_label_chain,agentmemorybench:fact-mh-262k:context-0/factconsolidation_mh_262k_no2,factconsolidation_mh_262k_no2,2,13,17,0.7647058823529411,1789221133104879700-741e1b29c00946a0a522eff2f4dd7b10,"[""search""]",insufficient,4,3,0.75,"[1,2,3]",[4],[],20,"[""m-2a33ae56e5df02e9a6e4fa1b"",""m-1d5745d8b432a6047b4dd936"",""m-942f5722dd6757610c2e118b"",""m-d378741b166342a8e5a0aca8"",""m-aff4df280c82222c41cd9dbd"",""m-95bbccbd6a08d16d05369687"",""m-154bcacb92d86a5c9d325b00"",""m-d8939565b192098f7742417a"",""m-8e14b81f299884f04aa016ff"",""m-65ddf9819a5ecf5e4656074f"",""m-971985574eb04740c13ad5c1"",""m-b4f7617ddfde634fb0ac7372"",""m-3d125b0f0545f62e1d4dad28"",""m-9114fa7460e0af8f396d5e59"",""m-e88cdf413fbf8a7ac37bd0fb"",""m-a1a4edfb7fb9ec1bee215e03"",""m-32937397b194ea97822b7885"",""m-8988c2999d80d11c33dcaf06"",""m-39a70dddcdab182d48ea3d73"",""m-4629414582d97d69514c4643""]",True,0.0,False
1,official_mquake_label_chain,agentmemorybench:fact-mh-262k:context-0/factconsolidation_mh_262k_no2,factconsolidation_mh_262k_no2,2,14,17,0.8235294117647058,1789221143051232552-7f52301706e7474e8db92fca0cd0ad4b,"[""read""]",insufficient,4,3,0.75,"[1,2,3]",[4],[],20,"[""m-2a33ae56e5df02e9a6e4fa1b"",""m-1d5745d8b432a6047b4dd936"",""m-942f5722dd6757610c2e118b"",""m-d378741b166342a8e5a0aca8"",""m-aff4df280c82222c41cd9dbd"",""m-95bbccbd6a08d16d05369687"",""m-154bcacb92d86a5c9d325b00"",""m-d8939565b192098f7742417a"",""m-8e14b81f299884f04aa016ff"",""m-65ddf9819a5ecf5e4656074f"",""m-971985574eb04740c13ad5c1"",""m-b4f7617ddfde634fb0ac7372"",""m-3d125b0f0545f62e1d4dad28"",""m-9114fa7460e0af8f396d5e59"",""m-e88cdf413fbf8a7ac37bd0fb"",""m-a1a4edfb7fb9ec1bee215e03"",""m-32937397b194ea97822b7885"",""m-8988c2999d80d11c33dcaf06"",""m-39a70dddcdab182d48ea3d73"",""m-4629414582d97d69514c4643""]",True,0.0,False
1,official_mquake_label_chain,agentmemorybench:fact-mh-262k:context-0/factconsolidation_mh_262k_no2,factconsolidation_mh_262k_no2,2,15,17,0.8823529411764706,1789221170636380131-f95feca493c244dca36f21161beeae46,"[""read""]",insufficient,4,3,0.75,"[1,2,3]",[4],[],23,"[""m-2a33ae56e5df02e9a6e4fa1b"",""m-1d5745d8b432a6047b4dd936"",""m-942f5722dd6757610c2e118b"",""m-d378741b166342a8e5a0aca8"",""m-aff4df280c82222c41cd9dbd"",""m-95bbccbd6a08d16d05369687"",""m-154bcacb92d86a5c9d325b00"",""m-d8939565b192098f7742417a"",""m-8e14b81f299884f04aa016ff"",""m-65ddf9819a5ecf5e4656074f"",""m-971985574eb04740c13ad5c1"",""m-b4f7617ddfde634fb0ac7372"",""m-3d125b0f0545f62e1d4dad28"",""m-9114fa7460e0af8f396d5e59"",""m-e88cdf413fbf8a7ac37bd0fb"",""m-a1a4edfb7fb9ec1bee215e03"",""m-32937397b194ea97822b7885"",""m-8988c2999d80d11c33dcaf06"",""m-39a70dddcdab182d48ea3d73"",""m-4629414582d97d69514c4643"",""m-8a1ac4543999c1eeeb063bdd"",""m-0f10fff25f4f2295def856b4"",""m-25705ac9d5e8865bd0ef9821""]",True,0.0,False
1,official_mquake_label_chain,agentmemorybench:fact-mh-262k:context-0/factconsolidation_mh_262k_no2,factconsolidation_mh_262k_no2,2,16,17,0.9411764705882353,1789221197413894056-a8bcda0f2f6f41bd8fd291653c654c1f,"[""search""]",insufficient,4,3,0.75,"[1,2,3]",[4],[],26,"[""m-2a33ae56e5df02e9a6e4fa1b"",""m-1d5745d8b432a6047b4dd936"",""m-942f5722dd6757610c2e118b"",""m-d378741b166342a8e5a0aca8"",""m-aff4df280c82222c41cd9dbd"",""m-95bbccbd6a08d16d05369687"",""m-154bcacb92d86a5c9d325b00"",""m-d8939565b192098f7742417a"",""m-8e14b81f299884f04aa016ff"",""m-65ddf9819a5ecf5e4656074f"",""m-971985574eb04740c13ad5c1"",""m-b4f7617ddfde634fb0ac7372"",""m-3d125b0f0545f62e1d4dad28"",""m-9114fa7460e0af8f396d5e59"",""m-e88cdf413fbf8a7ac37bd0fb"",""m-a1a4edfb7fb9ec1bee215e03"",""m-32937397b194ea97822b7885"",""m-8988c2999d80d11c33dcaf06"",""m-39a70dddcdab182d48ea3d73"",""m-4629414582d97d69514c4643"",""m-8a1ac4543999c1eeeb063bdd"",""m-0f10fff25f4f2295def856b4"",""m-25705ac9d5e8865bd0ef9821"",""m-9c66a5ec4a759d8795c58788"",""m-df5c8fccc1791c4df5c99f24"",""m-764a735eb863dbf0706b046a""]",True,0.0,False
1,official_mquake_label_chain,agentmemorybench:fact-mh-262k:context-0/factconsolidation_mh_262k_no2,factconsolidation_mh_262k_no2,2,17,17,1.0,1789221218884443881-1e5aa9014ba84bfc8001bffe40c05c81,"[""finish""]",insufficient,4,3,0.75,"[1,2,3]",[4],[],26,"[""m-2a33ae56e5df02e9a6e4fa1b"",""m-1d5745d8b432a6047b4dd936"",""m-942f5722dd6757610c2e118b"",""m-d378741b166342a8e5a0aca8"",""m-aff4df280c82222c41cd9dbd"",""m-95bbccbd6a08d16d05369687"",""m-154bcacb92d86a5c9d325b00"",""m-d8939565b192098f7742417a"",""m-8e14b81f299884f04aa016ff"",""m-65ddf9819a5ecf5e4656074f"",""m-971985574eb04740c13ad5c1"",""m-b4f7617ddfde634fb0ac7372"",""m-3d125b0f0545f62e1d4dad28"",""m-9114fa7460e0af8f396d5e59"",""m-e88cdf413fbf8a7ac37bd0fb"",""m-a1a4edfb7fb9ec1bee215e03"",""m-32937397b194ea97822b7885"",""m-8988c2999d80d11c33dcaf06"",""m-39a70dddcdab182d48ea3d73"",""m-4629414582d97d69514c4643"",""m-8a1ac4543999c1eeeb063bdd"",""m-0f10fff25f4f2295def856b4"",""m-25705ac9d5e8865bd0ef9821"",""m-9c66a5ec4a759d8795c58788"",""m-df5c8fccc1791c4df5c99f24"",""m-764a735eb863dbf0706b046a""]",True,0.0,False
1,official_mquake_label_chain,agentmemorybench:fact-mh-262k:context-0/factconsolidation_mh_262k_no3,factconsolidation_mh_262k_no3,3,1,5,0.2,1789220509481895748-6184aebfb15a4409b74ec01017da1d4c,"[""search""]",sufficient,2,0,0.0,[],"[1,2]",[],0,[],False,1.0,True
1,official_mquake_label_chain,agentmemorybench:fact-mh-262k:context-0/factconsolidation_mh_262k_no3,factconsolidation_mh_262k_no3,3,2,5,0.4,1789220517299637937-aa63862ee9f74b89a847a2e7ad072aff,"[""read""]",sufficient,2,0,0.0,[],"[1,2]",[],0,[],False,1.0,True
1,official_mquake_label_chain,agentmemorybench:fact-mh-262k:context-0/factconsolidation_mh_262k_no3,factconsolidation_mh_262k_no3,3,3,5,0.6,1789220526963231797-4edc8582cb294eef885001fa89ffaf91,"[""search""]",sufficient,2,1,0.5,[1],[2],[1],1,"[""m-764a735eb863dbf0706b046a""]",False,1.0,True
1,official_mquake_label_chain,agentmemorybench:fact-mh-262k:context-0/factconsolidation_mh_262k_no3,factconsolidation_mh_262k_no3,3,4,5,0.8,1789220548279996562-d0d5ddf69f6249f384d65db7ac5ae7a8,"[""read""]",sufficient,2,1,0.5,[1],[2],[],1,"[""m-764a735eb863dbf0706b046a""]",False,1.0,True
1,official_mquake_label_chain,agentmemorybench:fact-mh-262k:context-0/factconsolidation_mh_262k_no3,factconsolidation_mh_262k_no3,3,5,5,1.0,1789220566500824983-dee353d25a1240dbbc45f200ea89b78d,"[""finish""]",sufficient,2,2,1.0,"[1,2]",[],[2],2,"[""m-764a735eb863dbf0706b046a"",""m-7c5d78490bb6e83cf8439922""]",False,1.0,True
1,official_mquake_label_chain,agentmemorybench:fact-mh-262k:context-0/factconsolidation_mh_262k_no4,factconsolidation_mh_262k_no4,4,1,14,0.07142857142857142,1789220509490245311-20e78902c32c4ac8b9d0f769a19d06a5,"[""search""]",sufficient,2,0,0.0,[],"[1,2]",[],0,[],True,0.0,False
1,official_mquake_label_chain,agentmemorybench:fact-mh-262k:context-0/factconsolidation_mh_262k_no4,factconsolidation_mh_262k_no4,4,2,14,0.14285714285714285,1789220517296984946-48107267c8fd4034a9850f73eac87cd8,"[""read""]",sufficient,2,0,0.0,[],"[1,2]",[],0,[],True,0.0,False
1,official_mquake_label_chain,agentmemorybench:fact-mh-262k:context-0/factconsolidation_mh_262k_no4,factconsolidation_mh_262k_no4,4,3,14,0.21428571428571427,1789220529658709660-16d54c1f618f4be8a3760fa03874cd6b,"[""search""]",sufficient,2,0,0.0,[],"[1,2]",[],1,"[""m-ae3c59715d1425023fba9b40""]",True,0.0,False
1,official_mquake_label_chain,agentmemorybench:fact-mh-262k:context-0/factconsolidation_mh_262k_no4,factconsolidation_mh_262k_no4,4,4,14,0.2857142857142857,1789220553896366143-6e3d9d2112e649caab91e2a90d77f7de,"[""search""]",sufficient,2,0,0.0,[],"[1,2]",[],1,"[""m-ae3c59715d1425023fba9b40""]",True,0.0,False
1,official_mquake_label_chain,agentmemorybench:fact-mh-262k:context-0/factconsolidation_mh_262k_no4,factconsolidation_mh_262k_no4,4,5,14,0.35714285714285715,1789220590081260839-d3a1184c7d7f4eaf8988f8bd9ab0ca53,"[""search""]",sufficient,2,0,0.0,[],"[1,2]",[],1,"[""m-ae3c59715d1425023fba9b40""]",True,0.0,False
1,official_mquake_label_chain,agentmemorybench:fact-mh-262k:context-0/factconsolidation_mh_262k_no4,factconsolidation_mh_262k_no4,4,6,14,0.42857142857142855,1789220609800079438-3341fa8dddff414d9d03e03884ff20da,"[""search""]",sufficient,2,0,0.0,[],"[1,2]",[],1,"[""m-ae3c59715d1425023fba9b40""]",True,0.0,False
1,official_mquake_label_chain,agentmemorybench:fact-mh-262k:context-0/factconsolidation_mh_262k_no4,factconsolidation_mh_262k_no4,4,7,14,0.5,1789220633521587797-39aa6aa029ee45cf937a58529fd355fc,"[""search""]",sufficient,2,0,0.0,[],"[1,2]",[],1,"[""m-ae3c59715d1425023fba9b40""]",True,0.0,False
1,official_mquake_label_chain,agentmemorybench:fact-mh-262k:context-0/factconsolidation_mh_262k_no4,factconsolidation_mh_262k_no4,4,8,14,0.5714285714285714,1789220651999679416-e6b22ebbfaa6458cb960dada71248a4b,"[""search""]",sufficient,2,0,0.0,[],"[1,2]",[],1,"[""m-ae3c59715d1425023fba9b40""]",True,0.0,False
1,official_mquake_label_chain,agentmemorybench:fact-mh-262k:context-0/factconsolidation_mh_262k_no4,factconsolidation_mh_262k_no4,4,9,14,0.6428571428571429,1789220668978281874-3814b80635c04f4481c7f147870d0e34,"[""read""]",sufficient,2,0,0.0,[],"[1,2]",[],1,"[""m-ae3c59715d1425023fba9b40""]",True,0.0,False
1,official_mquake_label_chain,agentmemorybench:fact-mh-262k:context-0/factconsolidation_mh_262k_no4,factconsolidation_mh_262k_no4,4,10,14,0.7142857142857143,1789220696487815030-bcfaee303792432f961281a89e60bf5d,"[""search""]",sufficient,2,0,0.0,[],"[1,2]",[],2,"[""m-ae3c59715d1425023fba9b40"",""m-95bbccbd6a08d16d05369687""]",True,0.0,False
1,official_mquake_label_chain,agentmemorybench:fact-mh-262k:context-0/factconsolidation_mh_262k_no4,factconsolidation_mh_262k_no4,4,11,14,0.7857142857142857,1789220711640527692-bd97f5181a7149bb9f6f7517071eb2a4,"[""search""]",sufficient,2,0,0.0,[],"[1,2]",[],2,"[""m-ae3c59715d1425023fba9b40"",""m-95bbccbd6a08d16d05369687""]",True,0.0,False
1,official_mquake_label_chain,agentmemorybench:fact-mh-262k:context-0/factconsolidation_mh_262k_no4,factconsolidation_mh_262k_no4,4,12,14,0.8571428571428571,1789220723045160855-044393f4f6cf4efd8f5c18419fa8ae83,"[""read""]",sufficient,2,0,0.0,[],"[1,2]",[],2,"[""m-ae3c59715d1425023fba9b40"",""m-95bbccbd6a08d16d05369687""]",True,0.0,False
1,official_mquake_label_chain,agentmemorybench:fact-mh-262k:context-0/factconsolidation_mh_262k_no4,factconsolidation_mh_262k_no4,4,13,14,0.9285714285714286,1789221150744865837-a1375becd2884af88ca2dfa73bd2caae,"[""read""]",sufficient,2,2,1.0,"[1,2]",[],"[1,2]",4,"[""m-ae3c59715d1425023fba9b40"",""m-95bbccbd6a08d16d05369687"",""m-b4f7617ddfde634fb0ac7372"",""m-323e3517faf8135a089224ca""]",True,0.0,False
1,official_mquake_label_chain,agentmemorybench:fact-mh-262k:context-0/factconsolidation_mh_262k_no4,factconsolidation_mh_262k_no4,4,14,14,1.0,1789221176719085445-41abde5a2ece41319218e735e0567b7e,"[""finish""]",sufficient,2,2,1.0,"[1,2]",[],[],5,"[""m-ae3c59715d1425023fba9b40"",""m-95bbccbd6a08d16d05369687"",""m-b4f7617ddfde634fb0ac7372"",""m-323e3517faf8135a089224ca"",""m-6fd0269b08ed390fee96395f""]",True,0.0,False
1,official_mquake_label_chain,agentmemorybench:fact-mh-262k:context-0/factconsolidation_mh_262k_no5,factconsolidation_mh_262k_no5,5,1,7,0.14285714285714285,1789220509513318659-0849fa534c154885a1abc8edf3182869,"[""search""]",sufficient,4,0,0.0,[],"[1,2,3,4]",[],0,[],False,1.0,True
1,official_mquake_label_chain,agentmemorybench:fact-mh-262k:context-0/factconsolidation_mh_262k_no5,factconsolidation_mh_262k_no5,5,2,7,0.2857142857142857,1789220517296399471-32d53d7221644330a2bfb47fd6e2906e,"[""read""]",sufficient,4,0,0.0,[],"[1,2,3,4]",[],0,[],False,1.0,True
1,official_mquake_label_chain,agentmemorybench:fact-mh-262k:context-0/factconsolidation_mh_262k_no5,factconsolidation_mh_262k_no5,5,3,7,0.42857142857142855,1789220526951960500-ec4d3ef8ae844c10b9a1a296d63866ce,"[""search""]",sufficient,4,1,0.25,[1],"[2,3,4]",[1],1,"[""m-9c66a5ec4a759d8795c58788""]",False,1.0,True
1,official_mquake_label_chain,agentmemorybench:fact-mh-262k:context-0/factconsolidation_mh_262k_no5,factconsolidation_mh_262k_no5,5,4,7,0.5714285714285714,1789220531213725981-201c047dd8cb41a692925f3964d7031c,"[""read""]",sufficient,4,1,0.25,[1],"[2,3,4]",[],1,"[""m-9c66a5ec4a759d8795c58788""]",False,1.0,True
1,official_mquake_label_chain,agentmemorybench:fact-mh-262k:context-0/factconsolidation_mh_262k_no5,factconsolidation_mh_262k_no5,5,5,7,0.7142857142857143,1789220555555427462-90e4638b910f4f23b4ed58afd0614bce,"[""search""]",sufficient,4,4,1.0,"[1,2,3,4]",[],"[2,3,4]",3,"[""m-9c66a5ec4a759d8795c58788"",""m-d8939565b192098f7742417a"",""m-aff4df280c82222c41cd9dbd""]",False,1.0,True
1,official_mquake_label_chain,agentmemorybench:fact-mh-262k:context-0/factconsolidation_mh_262k_no5,factconsolidation_mh_262k_no5,5,6,7,0.8571428571428571,1789220574057636195-b8952302da9f42728ba08965ff46115f,"[""read""]",sufficient,4,4,1.0,"[1,2,3,4]",[],[],3,"[""m-9c66a5ec4a759d8795c58788"",""m-d8939565b192098f7742417a"",""m-aff4df280c82222c41cd9dbd""]",False,1.0,True
1,official_mquake_label_chain,agentmemorybench:fact-mh-262k:context-0/factconsolidation_mh_262k_no5,factconsolidation_mh_262k_no5,5,7,7,1.0,1789220603585287832-92cb2c9439434d81928b30e17c799a13,"[""finish""]",sufficient,4,4,1.0,"[1,2,3,4]",[],[],4,"[""m-9c66a5ec4a759d8795c58788"",""m-d8939565b192098f7742417a"",""m-aff4df280c82222c41cd9dbd"",""m-fe91a1e8a803d8f45780f318""]",False,1.0,True
1,official_mquake_label_chain,agentmemorybench:fact-mh-262k:context-0/factconsolidation_mh_262k_no6,factconsolidation_mh_262k_no6,6,1,3,0.3333333333333333,1789220509516006047-c034cd6e7d7d48c79a7a26ebb745abbe,"[""search""]",sufficient,2,0,0.0,[],"[1,2]",[],0,[],False,1.0,True
1,official_mquake_label_chain,agentmemorybench:fact-mh-262k:context-0/factconsolidation_mh_262k_no6,factconsolidation_mh_262k_no6,6,2,3,0.6666666666666666,1789220517297584023-97a6509ca3604be18e615f661c8635a0,"[""read""]",sufficient,2,0,0.0,[],"[1,2]",[],0,[],False,1.0,True
1,official_mquake_label_chain,agentmemorybench:fact-mh-262k:context-0/factconsolidation_mh_262k_no6,factconsolidation_mh_262k_no6,6,3,3,1.0,1789220539439222845-5ab6cb7f04424411824dcf49833a03a5,"[""finish""]",sufficient,2,2,1.0,"[1,2]",[],"[1,2]",3,"[""m-df5c8fccc1791c4df5c99f24"",""m-e83f38f2c761aa5a2f5c0f21"",""m-ae3c59715d1425023fba9b40""]",False,1.0,True
1,official_mquake_label_chain,agentmemorybench:fact-mh-262k:context-0/factconsolidation_mh_262k_no7,factconsolidation_mh_262k_no7,7,1,20,0.05,1789220509504991768-dedc60e6ef5146aabb0a765e1f1b895c,"[""search""]",sufficient,4,0,0.0,[],"[1,2,3,4]",[],0,[],False,0.0,False
1,official_mquake_label_chain,agentmemorybench:fact-mh-262k:context-0/factconsolidation_mh_262k_no7,factconsolidation_mh_262k_no7,7,2,20,0.1,1789220517304746899-8d7c13ae1ded4fd9a8c3838948d955b9,"[""read""]",sufficient,4,0,0.0,[],"[1,2,3,4]",[],0,[],False,0.0,False
1,official_mquake_label_chain,agentmemorybench:fact-mh-262k:context-0/factconsolidation_mh_262k_no7,factconsolidation_mh_262k_no7,7,3,20,0.15,1789220551274870825-2a5d322f3eea486cb5454808240fe39f,"[""search""]",sufficient,4,1,0.25,[1],"[2,3,4]",[1],3,"[""m-323e3517faf8135a089224ca"",""m-a0156ee0ec6cb0be09a290e7"",""m-4629414582d97d69514c4643""]",False,0.0,False
1,official_mquake_label_chain,agentmemorybench:fact-mh-262k:context-0/factconsolidation_mh_262k_no7,factconsolidation_mh_262k_no7,7,4,20,0.2,1789220587875695815-26954986892b44e58c105ef8b73460a7,"[""read""]",sufficient,4,1,0.25,[1],"[2,3,4]",[],3,"[""m-323e3517faf8135a089224ca"",""m-a0156ee0ec6cb0be09a290e7"",""m-4629414582d97d69514c4643""]",False,0.0,False
1,official_mquake_label_chain,agentmemorybench:fact-mh-262k:context-0/factconsolidation_mh_262k_no7,factconsolidation_mh_262k_no7,7,5,20,0.25,1789220598189767709-808e3351e65d4dbe8c76b8e4e0cdc828,"[""search""]",sufficient,4,2,0.5,"[1,2]","[3,4]",[2],4,"[""m-323e3517faf8135a089224ca"",""m-a0156ee0ec6cb0be09a290e7"",""m-4629414582d97d69514c4643"",""m-b4f7617ddfde634fb0ac7372""]",False,0.0,False
1,official_mquake_label_chain,agentmemorybench:fact-mh-262k:context-0/factconsolidation_mh_262k_no7,factconsolidation_mh_262k_no7,7,6,20,0.3,1789220606805539958-4a3c99ade4794102bfc1bb4efd34b994,"[""search""]",sufficient,4,2,0.5,"[1,2]","[3,4]",[],4,"[""m-323e3517faf8135a089224ca"",""m-a0156ee0ec6cb0be09a290e7"",""m-4629414582d97d69514c4643"",""m-b4f7617ddfde634fb0ac7372""]",False,0.0,False
1,official_mquake_label_chain,agentmemorybench:fact-mh-262k:context-0/factconsolidation_mh_262k_no7,factconsolidation_mh_262k_no7,7,7,20,0.35,1789220615638028259-cc111921a47a4d3885e23ec5e0d78e92,"[""search""]",sufficient,4,2,0.5,"[1,2]","[3,4]",[],4,"[""m-323e3517faf8135a089224ca"",""m-a0156ee0ec6cb0be09a290e7"",""m-4629414582d97d69514c4643"",""m-b4f7617ddfde634fb0ac7372""]",False,0.0,False
1,official_mquake_label_chain,agentmemorybench:fact-mh-262k:context-0/factconsolidation_mh_262k_no7,factconsolidation_mh_262k_no7,7,8,20,0.4,1789220628963392773-28c3a27237d04dcf8f3f0ed2f8186e52,"[""read""]",sufficient,4,2,0.5,"[1,2]","[3,4]",[],4,"[""m-323e3517faf8135a089224ca"",""m-a0156ee0ec6cb0be09a290e7"",""m-4629414582d97d69514c4643"",""m-b4f7617ddfde634fb0ac7372""]",False,0.0,False
1,official_mquake_label_chain,agentmemorybench:fact-mh-262k:context-0/factconsolidation_mh_262k_no7,factconsolidation_mh_262k_no7,7,9,20,0.45,1789220664314003558-750e784c08df4556af791d861014bb0c,"[""search""]",sufficient,4,2,0.5,"[1,2]","[3,4]",[],5,"[""m-323e3517faf8135a089224ca"",""m-a0156ee0ec6cb0be09a290e7"",""m-4629414582d97d69514c4643"",""m-b4f7617ddfde634fb0ac7372"",""m-d378741b166342a8e5a0aca8""]",False,0.0,False
1,official_mquake_label_chain,agentmemorybench:fact-mh-262k:context-0/factconsolidation_mh_262k_no7,factconsolidation_mh_262k_no7,7,10,20,0.5,1789220676791749367-beb2e6d7eb4a41fa915eeb72fd76f15e,"[""read""]",sufficient,4,2,0.5,"[1,2]","[3,4]",[],5,"[""m-323e3517faf8135a089224ca"",""m-a0156ee0ec6cb0be09a290e7"",""m-4629414582d97d69514c4643"",""m-b4f7617ddfde634fb0ac7372"",""m-d378741b166342a8e5a0aca8""]",False,0.0,False
1,official_mquake_label_chain,agentmemorybench:fact-mh-262k:context-0/factconsolidation_mh_262k_no7,factconsolidation_mh_262k_no7,7,11,20,0.55,1789220692395549184-c942fb6d4bc24d78981c03d733a0af45,"[""search""]",sufficient,4,2,0.5,"[1,2]","[3,4]",[],6,"[""m-323e3517faf8135a089224ca"",""m-a0156ee0ec6cb0be09a290e7"",""m-4629414582d97d69514c4643"",""m-b4f7617ddfde634fb0ac7372"",""m-d378741b166342a8e5a0aca8"",""m-0a2ca057cd4e91028f99f848""]",False,0.0,False
1,official_mquake_label_chain,agentmemorybench:fact-mh-262k:context-0/factconsolidation_mh_262k_no7,factconsolidation_mh_262k_no7,7,12,20,0.6,1789220706577380647-4bf9dc08d0554eb08f17c486f7b24088,"[""search""]",sufficient,4,2,0.5,"[1,2]","[3,4]",[],6,"[""m-323e3517faf8135a089224ca"",""m-a0156ee0ec6cb0be09a290e7"",""m-4629414582d97d69514c4643"",""m-b4f7617ddfde634fb0ac7372"",""m-d378741b166342a8e5a0aca8"",""m-0a2ca057cd4e91028f99f848""]",False,0.0,False
1,official_mquake_label_chain,agentmemorybench:fact-mh-262k:context-0/factconsolidation_mh_262k_no7,factconsolidation_mh_262k_no7,7,13,20,0.65,1789220715992069544-2078ffb46e8b4354933d379a184e6e3d,"[""workingMemory""]",sufficient,4,2,0.5,"[1,2]","[3,4]",[],6,"[""m-323e3517faf8135a089224ca"",""m-a0156ee0ec6cb0be09a290e7"",""m-4629414582d97d69514c4643"",""m-b4f7617ddfde634fb0ac7372"",""m-d378741b166342a8e5a0aca8"",""m-0a2ca057cd4e91028f99f848""]",False,0.0,False
1,official_mquake_label_chain,agentmemorybench:fact-mh-262k:context-0/factconsolidation_mh_262k_no7,factconsolidation_mh_262k_no7,7,14,20,0.7,1789220761020762702-e2c0736c290349cbbe3971ceabccb4f8,[],sufficient,4,2,0.5,"[1,2]","[3,4]",[],6,"[""m-323e3517faf8135a089224ca"",""m-a0156ee0ec6cb0be09a290e7"",""m-4629414582d97d69514c4643"",""m-b4f7617ddfde634fb0ac7372"",""m-d378741b166342a8e5a0aca8"",""m-0a2ca057cd4e91028f99f848""]",False,0.0,False
1,official_mquake_label_chain,agentmemorybench:fact-mh-262k:context-0/factconsolidation_mh_262k_no7,factconsolidation_mh_262k_no7,7,15,20,0.75,1789221205050590527-04b3f2f57f154032977cac433de025b7,"[""search""]",sufficient,4,2,0.5,"[1,2]","[3,4]",[],6,"[""m-323e3517faf8135a089224ca"",""m-a0156ee0ec6cb0be09a290e7"",""m-4629414582d97d69514c4643"",""m-b4f7617ddfde634fb0ac7372"",""m-d378741b166342a8e5a0aca8"",""m-0a2ca057cd4e91028f99f848""]",False,0.0,False
1,official_mquake_label_chain,agentmemorybench:fact-mh-262k:context-0/factconsolidation_mh_262k_no7,factconsolidation_mh_262k_no7,7,16,20,0.8,1789221218239501637-a22ab7f7f6664585a0360b8c14e11824,"[""read""]",sufficient,4,2,0.5,"[1,2]","[3,4]",[],6,"[""m-323e3517faf8135a089224ca"",""m-a0156ee0ec6cb0be09a290e7"",""m-4629414582d97d69514c4643"",""m-b4f7617ddfde634fb0ac7372"",""m-d378741b166342a8e5a0aca8"",""m-0a2ca057cd4e91028f99f848""]",False,0.0,False
1,official_mquake_label_chain,agentmemorybench:fact-mh-262k:context-0/factconsolidation_mh_262k_no7,factconsolidation_mh_262k_no7,7,17,20,0.85,1789221226189411045-de3efbe3e007498fb37ec4f969a54e4d,"[""search""]",sufficient,4,2,0.5,"[1,2]","[3,4]",[],6,"[""m-323e3517faf8135a089224ca"",""m-a0156ee0ec6cb0be09a290e7"",""m-4629414582d97d69514c4643"",""m-b4f7617ddfde634fb0ac7372"",""m-d378741b166342a8e5a0aca8"",""m-0a2ca057cd4e91028f99f848""]",False,0.0,False
1,official_mquake_label_chain,agentmemorybench:fact-mh-262k:context-0/factconsolidation_mh_262k_no7,factconsolidation_mh_262k_no7,7,18,20,0.9,1789221289380179192-192bace8eff74aeb9745dfccd9aa4851,"[""search""]",sufficient,4,2,0.5,"[1,2]","[3,4]",[],6,"[""m-323e3517faf8135a089224ca"",""m-a0156ee0ec6cb0be09a290e7"",""m-4629414582d97d69514c4643"",""m-b4f7617ddfde634fb0ac7372"",""m-d378741b166342a8e5a0aca8"",""m-0a2ca057cd4e91028f99f848""]",False,0.0,False
1,official_mquake_label_chain,agentmemorybench:fact-mh-262k:context-0/factconsolidation_mh_262k_no7,factconsolidation_mh_262k_no7,7,19,20,0.95,1789221329706896221-81d4e61ee2694773a961c10ed05d9f1d,"[""read""]",sufficient,4,2,0.5,"[1,2]","[3,4]",[],6,"[""m-323e3517faf8135a089224ca"",""m-a0156ee0ec6cb0be09a290e7"",""m-4629414582d97d69514c4643"",""m-b4f7617ddfde634fb0ac7372"",""m-d378741b166342a8e5a0aca8"",""m-0a2ca057cd4e91028f99f848""]",False,0.0,False
1,official_mquake_label_chain,agentmemorybench:fact-mh-262k:context-0/factconsolidation_mh_262k_no7,factconsolidation_mh_262k_no7,7,20,20,1.0,1789221363566932070-6f4ae0826b764b46b3d85d2fb06496a6,"[""finish""]",sufficient,4,2,0.5,"[1,2]","[3,4]",[],7,"[""m-323e3517faf8135a089224ca"",""m-a0156ee0ec6cb0be09a290e7"",""m-4629414582d97d69514c4643"",""m-b4f7617ddfde634fb0ac7372"",""m-d378741b166342a8e5a0aca8"",""m-0a2ca057cd4e91028f99f848"",""m-d8939565b192098f7742417a""]",False,0.0,False
1,official_mquake_label_chain,agentmemorybench:fact-mh-262k:context-0/factconsolidation_mh_262k_no8,factconsolidation_mh_262k_no8,8,1,14,0.07142857142857142,1789220509520436483-f6a1099855554df3a17e5f23223d09e3,"[""search""]",sufficient,2,0,0.0,[],"[1,2]",[],0,[],True,0.0,False
1,official_mquake_label_chain,agentmemorybench:fact-mh-262k:context-0/factconsolidation_mh_262k_no8,factconsolidation_mh_262k_no8,8,2,14,0.14285714285714285,1789220517295692803-aa06d40230014022a025b02f4c6013a7,"[""read""]",sufficient,2,0,0.0,[],"[1,2]",[],0,[],True,0.0,False
1,official_mquake_label_chain,agentmemorybench:fact-mh-262k:context-0/factconsolidation_mh_262k_no8,factconsolidation_mh_262k_no8,8,3,14,0.21428571428571427,1789220543194021998-e2dbca8275b54680b2d47395d02e4da1,"[""search""]",sufficient,2,1,0.5,[1],[2],[1],2,"[""m-edc48416279cf33fce68c421"",""m-621e3928a351e7bbd9e11337""]",True,0.0,False
1,official_mquake_label_chain,agentmemorybench:fact-mh-262k:context-0/factconsolidation_mh_262k_no8,factconsolidation_mh_262k_no8,8,4,14,0.2857142857142857,1789220562439951211-fa03dbad1f624b5e9990deb471675df8,"[""read""]",sufficient,2,1,0.5,[1],[2],[],2,"[""m-edc48416279cf33fce68c421"",""m-621e3928a351e7bbd9e11337""]",True,0.0,False
1,official_mquake_label_chain,agentmemorybench:fact-mh-262k:context-0/factconsolidation_mh_262k_no8,factconsolidation_mh_262k_no8,8,5,14,0.35714285714285715,1789220578624564529-ebd843056df24d208fb16730d7ef42ad,"[""search""]",sufficient,2,1,0.5,[1],[2],[],6,"[""m-edc48416279cf33fce68c421"",""m-621e3928a351e7bbd9e11337"",""m-8988c2999d80d11c33dcaf06"",""m-cbdf6a8153fd22ff0242fee9"",""m-954c540a5962fbc7d01e18bf"",""m-e88cdf413fbf8a7ac37bd0fb""]",True,0.0,False
1,official_mquake_label_chain,agentmemorybench:fact-mh-262k:context-0/factconsolidation_mh_262k_no8,factconsolidation_mh_262k_no8,8,6,14,0.42857142857142855,1789220590594423710-e64339cf4d8547d4943e2b9c869da99e,"[""search""]",sufficient,2,1,0.5,[1],[2],[],6,"[""m-edc48416279cf33fce68c421"",""m-621e3928a351e7bbd9e11337"",""m-8988c2999d80d11c33dcaf06"",""m-cbdf6a8153fd22ff0242fee9"",""m-954c540a5962fbc7d01e18bf"",""m-e88cdf413fbf8a7ac37bd0fb""]",True,0.0,False
1,official_mquake_label_chain,agentmemorybench:fact-mh-262k:context-0/factconsolidation_mh_262k_no8,factconsolidation_mh_262k_no8,8,7,14,0.5,1789220620005266764-3b19b11fcc43421985bcbc97dd460b4a,"[""search""]",sufficient,2,1,0.5,[1],[2],[],6,"[""m-edc48416279cf33fce68c421"",""m-621e3928a351e7bbd9e11337"",""m-8988c2999d80d11c33dcaf06"",""m-cbdf6a8153fd22ff0242fee9"",""m-954c540a5962fbc7d01e18bf"",""m-e88cdf413fbf8a7ac37bd0fb""]",True,0.0,False
1,official_mquake_label_chain,agentmemorybench:fact-mh-262k:context-0/factconsolidation_mh_262k_no8,factconsolidation_mh_262k_no8,8,8,14,0.5714285714285714,1789220649319487589-813014400c964045b95d07ba6a7c7897,"[""search""]",sufficient,2,1,0.5,[1],[2],[],6,"[""m-edc48416279cf33fce68c421"",""m-621e3928a351e7bbd9e11337"",""m-8988c2999d80d11c33dcaf06"",""m-cbdf6a8153fd22ff0242fee9"",""m-954c540a5962fbc7d01e18bf"",""m-e88cdf413fbf8a7ac37bd0fb""]",True,0.0,False
1,official_mquake_label_chain,agentmemorybench:fact-mh-262k:context-0/factconsolidation_mh_262k_no8,factconsolidation_mh_262k_no8,8,9,14,0.6428571428571429,1789220674251916104-13274212fa17497cb3dc66546dc8c572,"[""search""]",sufficient,2,1,0.5,[1],[2],[],6,"[""m-edc48416279cf33fce68c421"",""m-621e3928a351e7bbd9e11337"",""m-8988c2999d80d11c33dcaf06"",""m-cbdf6a8153fd22ff0242fee9"",""m-954c540a5962fbc7d01e18bf"",""m-e88cdf413fbf8a7ac37bd0fb""]",True,0.0,False
1,official_mquake_label_chain,agentmemorybench:fact-mh-262k:context-0/factconsolidation_mh_262k_no8,factconsolidation_mh_262k_no8,8,10,14,0.7142857142857143,1789220692396015665-aeb8062a07dd4dc7baac6a87c5741471,"[""read""]",sufficient,2,1,0.5,[1],[2],[],6,"[""m-edc48416279cf33fce68c421"",""m-621e3928a351e7bbd9e11337"",""m-8988c2999d80d11c33dcaf06"",""m-cbdf6a8153fd22ff0242fee9"",""m-954c540a5962fbc7d01e18bf"",""m-e88cdf413fbf8a7ac37bd0fb""]",True,0.0,False
1,official_mquake_label_chain,agentmemorybench:fact-mh-262k:context-0/factconsolidation_mh_262k_no8,factconsolidation_mh_262k_no8,8,11,14,0.7857142857142857,1789220722996198219-eddddbfe554442a481004baf624efa13,"[""search""]",sufficient,2,1,0.5,[1],[2],[],6,"[""m-edc48416279cf33fce68c421"",""m-621e3928a351e7bbd9e11337"",""m-8988c2999d80d11c33dcaf06"",""m-cbdf6a8153fd22ff0242fee9"",""m-954c540a5962fbc7d01e18bf"",""m-e88cdf413fbf8a7ac37bd0fb""]",True,0.0,False
1,official_mquake_label_chain,agentmemorybench:fact-mh-262k:context-0/factconsolidation_mh_262k_no8,factconsolidation_mh_262k_no8,8,12,14,0.8571428571428571,1789220750169349052-5ba48fbf32d64998afa8497b1ad4b128,"[""search""]",sufficient,2,1,0.5,[1],[2],[],6,"[""m-edc48416279cf33fce68c421"",""m-621e3928a351e7bbd9e11337"",""m-8988c2999d80d11c33dcaf06"",""m-cbdf6a8153fd22ff0242fee9"",""m-954c540a5962fbc7d01e18bf"",""m-e88cdf413fbf8a7ac37bd0fb""]",True,0.0,False
1,official_mquake_label_chain,agentmemorybench:fact-mh-262k:context-0/factconsolidation_mh_262k_no8,factconsolidation_mh_262k_no8,8,13,14,0.9285714285714286,1789221121160561488-46fa7e37c5a04f7683b5f39d032058b1,"[""read""]",sufficient,2,1,0.5,[1],[2],[],6,"[""m-edc48416279cf33fce68c421"",""m-621e3928a351e7bbd9e11337"",""m-8988c2999d80d11c33dcaf06"",""m-cbdf6a8153fd22ff0242fee9"",""m-954c540a5962fbc7d01e18bf"",""m-e88cdf413fbf8a7ac37bd0fb""]",True,0.0,False
1,official_mquake_label_chain,agentmemorybench:fact-mh-262k:context-0/factconsolidation_mh_262k_no8,factconsolidation_mh_262k_no8,8,14,14,1.0,1789221149138807920-733a30855eb740d1bf01dae6dcff891d,"[""finish""]",sufficient,2,1,0.5,[1],[2],[],6,"[""m-edc48416279cf33fce68c421"",""m-621e3928a351e7bbd9e11337"",""m-8988c2999d80d11c33dcaf06"",""m-cbdf6a8153fd22ff0242fee9"",""m-954c540a5962fbc7d01e18bf"",""m-e88cdf413fbf8a7ac37bd0fb""]",True,0.0,False
1,official_mquake_label_chain,agentmemorybench:fact-mh-262k:context-0/factconsolidation_mh_262k_no9,factconsolidation_mh_262k_no9,9,1,6,0.16666666666666666,1789220509509257608-a3b1a252a4f244cea888639412420747,"[""search""]",sufficient,3,0,0.0,[],"[1,2,3]",[],0,[],True,0.0,False
1,official_mquake_label_chain,agentmemorybench:fact-mh-262k:context-0/factconsolidation_mh_262k_no9,factconsolidation_mh_262k_no9,9,2,6,0.3333333333333333,1789220517300594184-f8cd9e7de9d04f80b003b24889f59d9d,"[""read""]",sufficient,3,0,0.0,[],"[1,2,3]",[],0,[],True,0.0,False
1,official_mquake_label_chain,agentmemorybench:fact-mh-262k:context-0/factconsolidation_mh_262k_no9,factconsolidation_mh_262k_no9,9,3,6,0.5,1789220528802703860-015a1216dd724a71ba6fdf744ce66e1a,"[""search""]",sufficient,3,2,0.6666666666666666,"[1,2]",[3],"[1,2]",2,"[""m-8e14b81f299884f04aa016ff"",""m-8988c2999d80d11c33dcaf06""]",True,0.0,False
1,official_mquake_label_chain,agentmemorybench:fact-mh-262k:context-0/factconsolidation_mh_262k_no9,factconsolidation_mh_262k_no9,9,4,6,0.6666666666666666,1789220543589064376-be2192dabd8846c8bccd1847b134527e,"[""read""]",sufficient,3,2,0.6666666666666666,"[1,2]",[3],[],2,"[""m-8e14b81f299884f04aa016ff"",""m-8988c2999d80d11c33dcaf06""]",True,0.0,False
1,official_mquake_label_chain,agentmemorybench:fact-mh-262k:context-0/factconsolidation_mh_262k_no9,factconsolidation_mh_262k_no9,9,5,6,0.8333333333333334,1789220569516542800-3db3e03a62b24aa28aab3b8134aea2fd,"[""read""]",sufficient,3,2,0.6666666666666666,"[1,2]",[3],[],3,"[""m-8e14b81f299884f04aa016ff"",""m-8988c2999d80d11c33dcaf06"",""m-a1a4edfb7fb9ec1bee215e03""]",True,0.0,False
1,official_mquake_label_chain,agentmemorybench:fact-mh-262k:context-0/factconsolidation_mh_262k_no9,factconsolidation_mh_262k_no9,9,6,6,1.0,1789220593957718089-212a52e663a248b4a4865983ce3ad3b8,"[""finish""]",sufficient,3,3,1.0,"[1,2,3]",[],[3],4,"[""m-8e14b81f299884f04aa016ff"",""m-8988c2999d80d11c33dcaf06"",""m-a1a4edfb7fb9ec1bee215e03"",""m-9775f81addddef3bf5347951""]",True,0.0,False
1,official_mquake_label_chain,agentmemorybench:fact-mh-262k:context-0/factconsolidation_mh_262k_no10,factconsolidation_mh_262k_no10,10,1,4,0.25,1789220509564206490-f4260dd3b7004ab98beae1e580f14944,"[""search""]",sufficient,4,0,0.0,[],"[1,2,3,4]",[],0,[],True,0.0,False
1,official_mquake_label_chain,agentmemorybench:fact-mh-262k:context-0/factconsolidation_mh_262k_no10,factconsolidation_mh_262k_no10,10,2,4,0.5,1789220517299983925-49ab6f3ef2ff488eaeadd04b829fd93d,"[""search""]",sufficient,4,0,0.0,[],"[1,2,3,4]",[],0,[],True,0.0,False
1,official_mquake_label_chain,agentmemorybench:fact-mh-262k:context-0/factconsolidation_mh_262k_no10,factconsolidation_mh_262k_no10,10,3,4,0.75,1789220535274987694-6020b41c47f74b34beeef87093c50ae3,"[""read""]",sufficient,4,0,0.0,[],"[1,2,3,4]",[],0,[],True,0.0,False
1,official_mquake_label_chain,agentmemorybench:fact-mh-262k:context-0/factconsolidation_mh_262k_no10,factconsolidation_mh_262k_no10,10,4,4,1.0,1789220575686818771-08974912653f460aaeae1c41c8492017,"[""finish""]",sufficient,4,3,0.75,"[1,2,3]",[4],"[1,2,3]",5,"[""m-8a1ac4543999c1eeeb063bdd"",""m-4b387e35592c018e238fb4ed"",""m-621e3928a351e7bbd9e11337"",""m-7c5d78490bb6e83cf8439922"",""m-954c540a5962fbc7d01e18bf""]",True,0.0,False
1,official_mquake_label_chain,agentmemorybench:fact-mh-262k:context-0/factconsolidation_mh_262k_no11,factconsolidation_mh_262k_no11,11,1,14,0.07142857142857142,1789220509664771802-3b84fd96f68b4eda9df3b17845e7a691,"[""search""]",sufficient,3,0,0.0,[],"[1,2,3]",[],0,[],True,0.0,False
1,official_mquake_label_chain,agentmemorybench:fact-mh-262k:context-0/factconsolidation_mh_262k_no11,factconsolidation_mh_262k_no11,11,2,14,0.14285714285714285,1789220517305154739-54f63a04eb764ba2841fc4336a3fecdf,"[""search""]",sufficient,3,0,0.0,[],"[1,2,3]",[],0,[],True,0.0,False
1,official_mquake_label_chain,agentmemorybench:fact-mh-262k:context-0/factconsolidation_mh_262k_no11,factconsolidation_mh_262k_no11,11,3,14,0.21428571428571427,1789220535958023642-ddd0e2290b864060b7a6ed5b62674f80,"[""read""]",sufficient,3,0,0.0,[],"[1,2,3]",[],0,[],True,0.0,False
1,official_mquake_label_chain,agentmemorybench:fact-mh-262k:context-0/factconsolidation_mh_262k_no11,factconsolidation_mh_262k_no11,11,4,14,0.2857142857142857,1789220549541537414-aea2e9be5fac45a8b25197569fdbad71,"[""search""]",sufficient,3,1,0.3333333333333333,[2],"[1,3]",[2],1,"[""m-971985574eb04740c13ad5c1""]",True,0.0,False
1,official_mquake_label_chain,agentmemorybench:fact-mh-262k:context-0/factconsolidation_mh_262k_no11,factconsolidation_mh_262k_no11,11,5,14,0.35714285714285715,1789220562439490645-21f40caf0dc3453eb5f7147308b6d901,"[""read""]",sufficient,3,1,0.3333333333333333,[2],"[1,3]",[],1,"[""m-971985574eb04740c13ad5c1""]",True,0.0,False
1,official_mquake_label_chain,agentmemorybench:fact-mh-262k:context-0/factconsolidation_mh_262k_no11,factconsolidation_mh_262k_no11,11,6,14,0.42857142857142855,1789220575697427830-585d883868d84acfb923230e413a2d4d,"[""search""]",sufficient,3,1,0.3333333333333333,[2],"[1,3]",[],2,"[""m-971985574eb04740c13ad5c1"",""m-621e3928a351e7bbd9e11337""]",True,0.0,False
1,official_mquake_label_chain,agentmemorybench:fact-mh-262k:context-0/factconsolidation_mh_262k_no11,factconsolidation_mh_262k_no11,11,7,14,0.5,1789220584162331499-34ac670effc64406aa815436fa6bc737,"[""search""]",sufficient,3,1,0.3333333333333333,[2],"[1,3]",[],2,"[""m-971985574eb04740c13ad5c1"",""m-621e3928a351e7bbd9e11337""]",True,0.0,False
1,official_mquake_label_chain,agentmemorybench:fact-mh-262k:context-0/factconsolidation_mh_262k_no11,factconsolidation_mh_262k_no11,11,8,14,0.5714285714285714,1789220593129258162-e4f754402b5f4c03822de46ffff9e058,"[""search""]",sufficient,3,1,0.3333333333333333,[2],"[1,3]",[],2,"[""m-971985574eb04740c13ad5c1"",""m-621e3928a351e7bbd9e11337""]",True,0.0,False
1,official_mquake_label_chain,agentmemorybench:fact-mh-262k:context-0/factconsolidation_mh_262k_no11,factconsolidation_mh_262k_no11,11,9,14,0.6428571428571429,1789220608670475268-95d59da65bb24aa98828ffadbbf0bb03,"[""read""]",sufficient,3,1,0.3333333333333333,[2],"[1,3]",[],2,"[""m-971985574eb04740c13ad5c1"",""m-621e3928a351e7bbd9e11337""]",True,0.0,False
1,official_mquake_label_chain,agentmemorybench:fact-mh-262k:context-0/factconsolidation_mh_262k_no11,factconsolidation_mh_262k_no11,11,10,14,0.7142857142857143,1789220617270080540-d1f47bf0e3bb4feaa0a65d004b488e93,"[""search""]",sufficient,3,1,0.3333333333333333,[2],"[1,3]",[],3,"[""m-971985574eb04740c13ad5c1"",""m-621e3928a351e7bbd9e11337"",""m-390bc624383d3833d9578af5""]",True,0.0,False
1,official_mquake_label_chain,agentmemorybench:fact-mh-262k:context-0/factconsolidation_mh_262k_no11,factconsolidation_mh_262k_no11,11,11,14,0.7857142857142857,1789220628962916688-ea0798278c844995a90d60c44b985edf,"[""search""]",sufficient,3,1,0.3333333333333333,[2],"[1,3]",[],3,"[""m-971985574eb04740c13ad5c1"",""m-621e3928a351e7bbd9e11337"",""m-390bc624383d3833d9578af5""]",True,0.0,False
1,official_mquake_label_chain,agentmemorybench:fact-mh-262k:context-0/factconsolidation_mh_262k_no11,factconsolidation_mh_262k_no11,11,12,14,0.8571428571428571,1789220654754068458-edbb5cd89cd74d17ba8447364cf6d386,"[""read""]",sufficient,3,1,0.3333333333333333,[2],"[1,3]",[],3,"[""m-971985574eb04740c13ad5c1"",""m-621e3928a351e7bbd9e11337"",""m-390bc624383d3833d9578af5""]",True,0.0,False
1,official_mquake_label_chain,agentmemorybench:fact-mh-262k:context-0/factconsolidation_mh_262k_no11,factconsolidation_mh_262k_no11,11,13,14,0.9285714285714286,1789220672800049856-e458cd5f662242d8bf5b75ec5a7a3ef7,"[""search""]",sufficient,3,1,0.3333333333333333,[2],"[1,3]",[],4,"[""m-971985574eb04740c13ad5c1"",""m-621e3928a351e7bbd9e11337"",""m-390bc624383d3833d9578af5"",""m-95bbccbd6a08d16d05369687""]",True,0.0,False
1,official_mquake_label_chain,agentmemorybench:fact-mh-262k:context-0/factconsolidation_mh_262k_no11,factconsolidation_mh_262k_no11,11,14,14,1.0,1789220687615688520-8aab27cd6b714009b57ec6a2c5b7bd43,"[""finish""]",sufficient,3,1,0.3333333333333333,[2],"[1,3]",[],4,"[""m-971985574eb04740c13ad5c1"",""m-621e3928a351e7bbd9e11337"",""m-390bc624383d3833d9578af5"",""m-95bbccbd6a08d16d05369687""]",True,0.0,False
1,official_mquake_label_chain,agentmemorybench:fact-mh-262k:context-0/factconsolidation_mh_262k_no12,factconsolidation_mh_262k_no12,12,1,3,0.3333333333333333,1789220509510203402-01dacaea841f440bb41f2074da1bc5d5,"[""search""]",sufficient,2,0,0.0,[],"[1,2]",[],0,[],False,0.0,False
1,official_mquake_label_chain,agentmemorybench:fact-mh-262k:context-0/factconsolidation_mh_262k_no12,factconsolidation_mh_262k_no12,12,2,3,0.6666666666666666,1789220517301723412-a914df74a5c1430d915c0213276cde77,"[""read""]",sufficient,2,0,0.0,[],"[1,2]",[],0,[],False,0.0,False
1,official_mquake_label_chain,agentmemorybench:fact-mh-262k:context-0/factconsolidation_mh_262k_no12,factconsolidation_mh_262k_no12,12,3,3,1.0,1789220542263290213-62e1ac26eb22490a8b8b57b1ed592d35,"[""finish""]",sufficient,2,1,0.5,[1],[2],[1],3,"[""m-154bcacb92d86a5c9d325b00"",""m-3d125b0f0545f62e1d4dad28"",""m-25705ac9d5e8865bd0ef9821""]",False,0.0,False
1,official_mquake_label_chain,agentmemorybench:fact-mh-262k:context-0/factconsolidation_mh_262k_no13,factconsolidation_mh_262k_no13,13,1,5,0.2,1789220509503886990-aa288f72e4cc47e8a65e7eadda548c11,"[""search""]",sufficient,2,0,0.0,[],"[1,2]",[],0,[],False,1.0,True
1,official_mquake_label_chain,agentmemorybench:fact-mh-262k:context-0/factconsolidation_mh_262k_no13,factconsolidation_mh_262k_no13,13,2,5,0.4,1789220517298980348-e2b8ab1f1d79478c8b76892e61ff8f44,"[""read""]",sufficient,2,0,0.0,[],"[1,2]",[],0,[],False,1.0,True
1,official_mquake_label_chain,agentmemorybench:fact-mh-262k:context-0/factconsolidation_mh_262k_no13,factconsolidation_mh_262k_no13,13,3,5,0.6,1789220548280388726-9f1d1d2796a04e1781c9d90547a5103f,"[""search""]",sufficient,2,1,0.5,[1],[2],[1],4,"[""m-20b0bd029c73234fd44ab583"",""m-ae3c59715d1425023fba9b40"",""m-1206e80bff6434ab66c69ece"",""m-b7dcd8cd2d91e2a0530e94f1""]",False,1.0,True
1,official_mquake_label_chain,agentmemorybench:fact-mh-262k:context-0/factconsolidation_mh_262k_no13,factconsolidation_mh_262k_no13,13,4,5,0.8,1789220561625271392-258282356ccc4fb5a49903c7b1a74ea4,"[""read""]",sufficient,2,1,0.5,[1],[2],[],4,"[""m-20b0bd029c73234fd44ab583"",""m-ae3c59715d1425023fba9b40"",""m-1206e80bff6434ab66c69ece"",""m-b7dcd8cd2d91e2a0530e94f1""]",False,1.0,True
1,official_mquake_label_chain,agentmemorybench:fact-mh-262k:context-0/factconsolidation_mh_262k_no13,factconsolidation_mh_262k_no13,13,5,5,1.0,1789220581254766196-3d00beac3113430d8e4029b47d08d17c,"[""finish""]",sufficient,2,2,1.0,"[1,2]",[],[2],7,"[""m-20b0bd029c73234fd44ab583"",""m-ae3c59715d1425023fba9b40"",""m-1206e80bff6434ab66c69ece"",""m-b7dcd8cd2d91e2a0530e94f1"",""m-d8939565b192098f7742417a"",""m-390bc624383d3833d9578af5"",""m-4629414582d97d69514c4643""]",False,1.0,True
1,official_mquake_label_chain,agentmemorybench:fact-mh-262k:context-0/factconsolidation_mh_262k_no14,factconsolidation_mh_262k_no14,14,1,3,0.3333333333333333,1789220509519497781-cd29b45b664c4a78b59cc530206053e7,"[""search""]",sufficient,2,0,0.0,[],"[1,2]",[],0,[],False,1.0,True
1,official_mquake_label_chain,agentmemorybench:fact-mh-262k:context-0/factconsolidation_mh_262k_no14,factconsolidation_mh_262k_no14,14,2,3,0.6666666666666666,1789220517301292758-d192c2efa2af43c8bcd83c7fee727b37,"[""read""]",sufficient,2,0,0.0,[],"[1,2]",[],0,[],False,1.0,True
1,official_mquake_label_chain,agentmemorybench:fact-mh-262k:context-0/factconsolidation_mh_262k_no14,factconsolidation_mh_262k_no14,14,3,3,1.0,1789220554095685340-dba213baf6bf48bc976df83ed217c8a3,"[""finish""]",sufficient,2,2,1.0,"[1,2]",[],"[1,2]",3,"[""m-0e33301d9eea6a7743aacd1f"",""m-1013038271bffdb5b4d7d9a5"",""m-f4d41a198fada7f7ebf3b81e""]",False,1.0,True
1,official_mquake_label_chain,agentmemorybench:fact-mh-262k:context-0/factconsolidation_mh_262k_no15,factconsolidation_mh_262k_no15,15,1,5,0.2,1789220509522804136-d8bde2ee255346c18d6ba6c4cb68cae8,"[""search""]",sufficient,2,0,0.0,[],"[1,2]",[],0,[],False,1.0,True
1,official_mquake_label_chain,agentmemorybench:fact-mh-262k:context-0/factconsolidation_mh_262k_no15,factconsolidation_mh_262k_no15,15,2,5,0.4,1789220517302274491-3ab51e3745464d8592cbfdad67f3f234,"[""read""]",sufficient,2,0,0.0,[],"[1,2]",[],0,[],False,1.0,True
1,official_mquake_label_chain,agentmemorybench:fact-mh-262k:context-0/factconsolidation_mh_262k_no15,factconsolidation_mh_262k_no15,15,3,5,0.6,1789220532986851712-a01a6bf563834b79802078fe7040c688,"[""search""]",sufficient,2,1,0.5,[1],[2],[1],2,"[""m-39a70dddcdab182d48ea3d73"",""m-25705ac9d5e8865bd0ef9821""]",False,1.0,True
1,official_mquake_label_chain,agentmemorybench:fact-mh-262k:context-0/factconsolidation_mh_262k_no15,factconsolidation_mh_262k_no15,15,4,5,0.8,1789220549375145085-c7ab78f4ae46452ea6a858c8c7aaeba1,"[""read""]",sufficient,2,1,0.5,[1],[2],[],2,"[""m-39a70dddcdab182d48ea3d73"",""m-25705ac9d5e8865bd0ef9821""]",False,1.0,True
1,official_mquake_label_chain,agentmemorybench:fact-mh-262k:context-0/factconsolidation_mh_262k_no15,factconsolidation_mh_262k_no15,15,5,5,1.0,1789220553703133204-683b1e458bf84682811e79df5463faf5,"[""finish""]",sufficient,2,2,1.0,"[1,2]",[],[2],3,"[""m-39a70dddcdab182d48ea3d73"",""m-25705ac9d5e8865bd0ef9821"",""m-ac04b749be9809cc151a3f0e""]",False,1.0,True
1,official_mquake_label_chain,agentmemorybench:fact-mh-262k:context-0/factconsolidation_mh_262k_no16,factconsolidation_mh_262k_no16,16,1,15,0.06666666666666667,1789220553505012656-8afadcef797d456d9752f5a4d8bdfa1a,"[""search""]",sufficient,4,0,0.0,[],"[1,2,3,4]",[],0,[],True,0.0,False
1,official_mquake_label_chain,agentmemorybench:fact-mh-262k:context-0/factconsolidation_mh_262k_no16,factconsolidation_mh_262k_no16,16,2,15,0.13333333333333333,1789220561625853375-a1047515ccb949959c8a26794900b709,"[""read""]",sufficient,4,0,0.0,[],"[1,2,3,4]",[],0,[],True,0.0,False
1,official_mquake_label_chain,agentmemorybench:fact-mh-262k:context-0/factconsolidation_mh_262k_no16,factconsolidation_mh_262k_no16,16,3,15,0.2,1789220579045648402-25a4444d35e344b8975863d7ab810ddd,"[""search""]",sufficient,4,1,0.25,[1],"[2,3,4]",[1],1,"[""m-ec21766410e0c5f0e5f7320f""]",True,0.0,False
1,official_mquake_label_chain,agentmemorybench:fact-mh-262k:context-0/factconsolidation_mh_262k_no16,factconsolidation_mh_262k_no16,16,4,15,0.26666666666666666,1789220593957248639-fa36628fd41c4147a00666b2fc3cf602,"[""search""]",sufficient,4,1,0.25,[1],"[2,3,4]",[],1,"[""m-ec21766410e0c5f0e5f7320f""]",True,0.0,False
1,official_mquake_label_chain,agentmemorybench:fact-mh-262k:context-0/factconsolidation_mh_262k_no16,factconsolidation_mh_262k_no16,16,5,15,0.3333333333333333,1789220610777958917-c0c11fdf1c9448cba0d235646febb6cf,"[""search""]",sufficient,4,1,0.25,[1],"[2,3,4]",[],1,"[""m-ec21766410e0c5f0e5f7320f""]",True,0.0,False
1,official_mquake_label_chain,agentmemorybench:fact-mh-262k:context-0/factconsolidation_mh_262k_no16,factconsolidation_mh_262k_no16,16,6,15,0.4,1789220634282436990-e77b2394e11b49ac8d79a0bb2e1a942b,"[""read""]",sufficient,4,1,0.25,[1],"[2,3,4]",[],1,"[""m-ec21766410e0c5f0e5f7320f""]",True,0.0,False
1,official_mquake_label_chain,agentmemorybench:fact-mh-262k:context-0/factconsolidation_mh_262k_no16,factconsolidation_mh_262k_no16,16,7,15,0.4666666666666667,1789220649382025716-76beb6bbe65840af88767cbc397f826e,"[""search""]",sufficient,4,2,0.5,"[1,2]","[3,4]",[2],2,"[""m-ec21766410e0c5f0e5f7320f"",""m-0b1df58bb07f6d7652d8dfb1""]",True,0.0,False
1,official_mquake_label_chain,agentmemorybench:fact-mh-262k:context-0/factconsolidation_mh_262k_no16,factconsolidation_mh_262k_no16,16,8,15,0.5333333333333333,1789220663657453637-a282401ef36b475382f3998f364a8148,"[""read""]",sufficient,4,2,0.5,"[1,2]","[3,4]",[],2,"[""m-ec21766410e0c5f0e5f7320f"",""m-0b1df58bb07f6d7652d8dfb1""]",True,0.0,False
1,official_mquake_label_chain,agentmemorybench:fact-mh-262k:context-0/factconsolidation_mh_262k_no16,factconsolidation_mh_262k_no16,16,9,15,0.6,1789220690522720847-4d47ace4d7d14eefaeb940bb39032e7c,"[""search""]",sufficient,4,3,0.75,"[1,2,3]",[4],[3],4,"[""m-ec21766410e0c5f0e5f7320f"",""m-0b1df58bb07f6d7652d8dfb1"",""m-b4f7617ddfde634fb0ac7372"",""m-b7d3a9321839d30b4fca32c4""]",True,0.0,False
1,official_mquake_label_chain,agentmemorybench:fact-mh-262k:context-0/factconsolidation_mh_262k_no16,factconsolidation_mh_262k_no16,16,10,15,0.6666666666666666,1789220706050274941-6d41de265b9e424c9035578c98be746e,"[""read""]",sufficient,4,3,0.75,"[1,2,3]",[4],[],4,"[""m-ec21766410e0c5f0e5f7320f"",""m-0b1df58bb07f6d7652d8dfb1"",""m-b4f7617ddfde634fb0ac7372"",""m-b7d3a9321839d30b4fca32c4""]",True,0.0,False
1,official_mquake_label_chain,agentmemorybench:fact-mh-262k:context-0/factconsolidation_mh_262k_no16,factconsolidation_mh_262k_no16,16,11,15,0.7333333333333333,1789220753602022098-b2766e4a8e71483baf5bf1ad78ee4337,[],sufficient,4,3,0.75,"[1,2,3]",[4],[],5,"[""m-ec21766410e0c5f0e5f7320f"",""m-0b1df58bb07f6d7652d8dfb1"",""m-b4f7617ddfde634fb0ac7372"",""m-b7d3a9321839d30b4fca32c4"",""m-dfb16b405973c1a31c4ae15b""]",True,0.0,False
1,official_mquake_label_chain,agentmemorybench:fact-mh-262k:context-0/factconsolidation_mh_262k_no16,factconsolidation_mh_262k_no16,16,12,15,0.8,1789221199456172544-585b0ad06fa74fadac2494dcc7d947a1,"[""search""]",sufficient,4,3,0.75,"[1,2,3]",[4],[],5,"[""m-ec21766410e0c5f0e5f7320f"",""m-0b1df58bb07f6d7652d8dfb1"",""m-b4f7617ddfde634fb0ac7372"",""m-b7d3a9321839d30b4fca32c4"",""m-dfb16b405973c1a31c4ae15b""]",True,0.0,False
1,official_mquake_label_chain,agentmemorybench:fact-mh-262k:context-0/factconsolidation_mh_262k_no16,factconsolidation_mh_262k_no16,16,13,15,0.8666666666666667,1789221209983622543-ae8bb22dcea3400db74285cc7556b558,"[""search""]",sufficient,4,3,0.75,"[1,2,3]",[4],[],5,"[""m-ec21766410e0c5f0e5f7320f"",""m-0b1df58bb07f6d7652d8dfb1"",""m-b4f7617ddfde634fb0ac7372"",""m-b7d3a9321839d30b4fca32c4"",""m-dfb16b405973c1a31c4ae15b""]",True,0.0,False
1,official_mquake_label_chain,agentmemorybench:fact-mh-262k:context-0/factconsolidation_mh_262k_no16,factconsolidation_mh_262k_no16,16,14,15,0.9333333333333333,1789221224400143964-c6475c56808747978f4a9508130f8720,"[""read""]",sufficient,4,3,0.75,"[1,2,3]",[4],[],5,"[""m-ec21766410e0c5f0e5f7320f"",""m-0b1df58bb07f6d7652d8dfb1"",""m-b4f7617ddfde634fb0ac7372"",""m-b7d3a9321839d30b4fca32c4"",""m-dfb16b405973c1a31c4ae15b""]",True,0.0,False
1,official_mquake_label_chain,agentmemorybench:fact-mh-262k:context-0/factconsolidation_mh_262k_no16,factconsolidation_mh_262k_no16,16,15,15,1.0,1789221260703602048-3c50d65769254ed59b0a94d60da602ed,"[""finish""]",sufficient,4,3,0.75,"[1,2,3]",[4],[],6,"[""m-ec21766410e0c5f0e5f7320f"",""m-0b1df58bb07f6d7652d8dfb1"",""m-b4f7617ddfde634fb0ac7372"",""m-b7d3a9321839d30b4fca32c4"",""m-dfb16b405973c1a31c4ae15b"",""m-9c66a5ec4a759d8795c58788""]",True,0.0,False
1,official_mquake_label_chain,agentmemorybench:fact-mh-262k:context-0/factconsolidation_mh_262k_no17,factconsolidation_mh_262k_no17,17,1,9,0.1111111111111111,1789220554427538247-dc76701e3985454a88bc8071834961c7,"[""search""]",insufficient,3,0,0.0,[],"[1,2,3]",[],0,[],True,0.0,False
1,official_mquake_label_chain,agentmemorybench:fact-mh-262k:context-0/factconsolidation_mh_262k_no17,factconsolidation_mh_262k_no17,17,2,9,0.2222222222222222,1789220561624595195-da7e4e2b62d24a2f90943a6933943f84,"[""search""]",insufficient,3,0,0.0,[],"[1,2,3]",[],0,[],True,0.0,False
1,official_mquake_label_chain,agentmemorybench:fact-mh-262k:context-0/factconsolidation_mh_262k_no17,factconsolidation_mh_262k_no17,17,3,9,0.3333333333333333,1789220579369266370-cc8f1ce54ba24ec0b471f2b3c75a70f5,"[""read""]",insufficient,3,0,0.0,[],"[1,2,3]",[],0,[],True,0.0,False
1,official_mquake_label_chain,agentmemorybench:fact-mh-262k:context-0/factconsolidation_mh_262k_no17,factconsolidation_mh_262k_no17,17,4,9,0.4444444444444444,1789220589702235248-a87eb5cb45d549598c274224cbb3e04f,"[""search""]",insufficient,3,0,0.0,[],"[1,2,3]",[],5,"[""m-2a33ae56e5df02e9a6e4fa1b"",""m-95bbccbd6a08d16d05369687"",""m-0e33301d9eea6a7743aacd1f"",""m-de83a0d2e0630ddb97f1fe54"",""m-feaf7a534f97d17286f510dc""]",True,0.0,False
1,official_mquake_label_chain,agentmemorybench:fact-mh-262k:context-0/factconsolidation_mh_262k_no17,factconsolidation_mh_262k_no17,17,5,9,0.5555555555555556,1789220594752913968-9da843c7f78c4647bda5452b1d09818e,"[""search""]",insufficient,3,0,0.0,[],"[1,2,3]",[],5,"[""m-2a33ae56e5df02e9a6e4fa1b"",""m-95bbccbd6a08d16d05369687"",""m-0e33301d9eea6a7743aacd1f"",""m-de83a0d2e0630ddb97f1fe54"",""m-feaf7a534f97d17286f510dc""]",True,0.0,False
1,official_mquake_label_chain,agentmemorybench:fact-mh-262k:context-0/factconsolidation_mh_262k_no17,factconsolidation_mh_262k_no17,17,6,9,0.6666666666666666,1789220610778712586-10426e097c1b46e1adcd01b1eebc8ea7,"[""read""]",insufficient,3,0,0.0,[],"[1,2,3]",[],5,"[""m-2a33ae56e5df02e9a6e4fa1b"",""m-95bbccbd6a08d16d05369687"",""m-0e33301d9eea6a7743aacd1f"",""m-de83a0d2e0630ddb97f1fe54"",""m-feaf7a534f97d17286f510dc""]",True,0.0,False
1,official_mquake_label_chain,agentmemorybench:fact-mh-262k:context-0/factconsolidation_mh_262k_no17,factconsolidation_mh_262k_no17,17,7,9,0.7777777777777778,1789220624096136160-3c8fcd10617344a5862464f6a7e4a32b,"[""search""]",insufficient,3,1,0.3333333333333333,[1],"[2,3]",[1],7,"[""m-2a33ae56e5df02e9a6e4fa1b"",""m-95bbccbd6a08d16d05369687"",""m-0e33301d9eea6a7743aacd1f"",""m-de83a0d2e0630ddb97f1fe54"",""m-feaf7a534f97d17286f510dc"",""m-2c378c529470c6ac9d9129c5"",""m-954c540a5962fbc7d01e18bf""]",True,0.0,False
1,official_mquake_label_chain,agentmemorybench:fact-mh-262k:context-0/factconsolidation_mh_262k_no17,factconsolidation_mh_262k_no17,17,8,9,0.8888888888888888,1789220636700691066-edb1dbbdc15e4e11b49b52fc29a294ee,"[""search_more""]",insufficient,3,1,0.3333333333333333,[1],"[2,3]",[],7,"[""m-2a33ae56e5df02e9a6e4fa1b"",""m-95bbccbd6a08d16d05369687"",""m-0e33301d9eea6a7743aacd1f"",""m-de83a0d2e0630ddb97f1fe54"",""m-feaf7a534f97d17286f510dc"",""m-2c378c529470c6ac9d9129c5"",""m-954c540a5962fbc7d01e18bf""]",True,0.0,False
1,official_mquake_label_chain,agentmemorybench:fact-mh-262k:context-0/factconsolidation_mh_262k_no17,factconsolidation_mh_262k_no17,17,9,9,1.0,1789220647775021690-b1d07f11b59f4b78ba8f8c995366cc1e,"[""finish""]",insufficient,3,1,0.3333333333333333,[1],"[2,3]",[],7,"[""m-2a33ae56e5df02e9a6e4fa1b"",""m-95bbccbd6a08d16d05369687"",""m-0e33301d9eea6a7743aacd1f"",""m-de83a0d2e0630ddb97f1fe54"",""m-feaf7a534f97d17286f510dc"",""m-2c378c529470c6ac9d9129c5"",""m-954c540a5962fbc7d01e18bf""]",True,0.0,False
1,official_mquake_label_chain,agentmemorybench:fact-mh-262k:context-0/factconsolidation_mh_262k_no18,factconsolidation_mh_262k_no18,18,1,13,0.07692307692307693,1789220570305927587-aab24c62155f45ec8782debe90d1582f,"[""search""]",sufficient,4,0,0.0,[],"[1,2,3,4]",[],0,[],True,0.0,False
1,official_mquake_label_chain,agentmemorybench:fact-mh-262k:context-0/factconsolidation_mh_262k_no18,factconsolidation_mh_262k_no18,18,2,13,0.15384615384615385,1789220584162783198-5121ac06a58a4c529ac8cedf8bc3cf87,"[""search""]",sufficient,4,0,0.0,[],"[1,2,3,4]",[],0,[],True,0.0,False
1,official_mquake_label_chain,agentmemorybench:fact-mh-262k:context-0/factconsolidation_mh_262k_no18,factconsolidation_mh_262k_no18,18,3,13,0.23076923076923078,1789220615636299550-728b2777d4464a72b057952541826fed,"[""read""]",sufficient,4,0,0.0,[],"[1,2,3,4]",[],0,[],True,0.0,False
1,official_mquake_label_chain,agentmemorybench:fact-mh-262k:context-0/factconsolidation_mh_262k_no18,factconsolidation_mh_262k_no18,18,4,13,0.3076923076923077,1789220637336696671-781b2a6f4f0c4eefa200ac1c1f4625d1,"[""search""]",sufficient,4,1,0.25,[1],"[2,3,4]",[1],6,"[""m-2a33ae56e5df02e9a6e4fa1b"",""m-3576b8a194151a5c0e81bdc5"",""m-0a2ca057cd4e91028f99f848"",""m-7c5d78490bb6e83cf8439922"",""m-0b1100aa2215e071bf08a812"",""m-ec21766410e0c5f0e5f7320f""]",True,0.0,False
1,official_mquake_label_chain,agentmemorybench:fact-mh-262k:context-0/factconsolidation_mh_262k_no18,factconsolidation_mh_262k_no18,18,5,13,0.38461538461538464,1789220660334099570-65ec75e8587346a690aed6097298e421,"[""read""]",sufficient,4,1,0.25,[1],"[2,3,4]",[],6,"[""m-2a33ae56e5df02e9a6e4fa1b"",""m-3576b8a194151a5c0e81bdc5"",""m-0a2ca057cd4e91028f99f848"",""m-7c5d78490bb6e83cf8439922"",""m-0b1100aa2215e071bf08a812"",""m-ec21766410e0c5f0e5f7320f""]",True,0.0,False
1,official_mquake_label_chain,agentmemorybench:fact-mh-262k:context-0/factconsolidation_mh_262k_no18,factconsolidation_mh_262k_no18,18,6,13,0.46153846153846156,1789220685559508166-c1f6e50b483c4e66821401c71c4e2477,"[""search""]",sufficient,4,1,0.25,[1],"[2,3,4]",[],8,"[""m-2a33ae56e5df02e9a6e4fa1b"",""m-3576b8a194151a5c0e81bdc5"",""m-0a2ca057cd4e91028f99f848"",""m-7c5d78490bb6e83cf8439922"",""m-0b1100aa2215e071bf08a812"",""m-ec21766410e0c5f0e5f7320f"",""m-0f10fff25f4f2295def856b4"",""m-1206e80bff6434ab66c69ece""]",True,0.0,False
1,official_mquake_label_chain,agentmemorybench:fact-mh-262k:context-0/factconsolidation_mh_262k_no18,factconsolidation_mh_262k_no18,18,7,13,0.5384615384615384,1789220739620431705-bbe9c491389f4ff78b53b2693178e7e4,"[""search""]",sufficient,4,1,0.25,[1],"[2,3,4]",[],8,"[""m-2a33ae56e5df02e9a6e4fa1b"",""m-3576b8a194151a5c0e81bdc5"",""m-0a2ca057cd4e91028f99f848"",""m-7c5d78490bb6e83cf8439922"",""m-0b1100aa2215e071bf08a812"",""m-ec21766410e0c5f0e5f7320f"",""m-0f10fff25f4f2295def856b4"",""m-1206e80bff6434ab66c69ece""]",True,0.0,False
1,official_mquake_label_chain,agentmemorybench:fact-mh-262k:context-0/factconsolidation_mh_262k_no18,factconsolidation_mh_262k_no18,18,8,13,0.6153846153846154,1789221008304202835-10fcd8434c884d65a5d4fde2a25b052b,"[""read""]",sufficient,4,1,0.25,[1],"[2,3,4]",[],8,"[""m-2a33ae56e5df02e9a6e4fa1b"",""m-3576b8a194151a5c0e81bdc5"",""m-0a2ca057cd4e91028f99f848"",""m-7c5d78490bb6e83cf8439922"",""m-0b1100aa2215e071bf08a812"",""m-ec21766410e0c5f0e5f7320f"",""m-0f10fff25f4f2295def856b4"",""m-1206e80bff6434ab66c69ece""]",True,0.0,False
1,official_mquake_label_chain,agentmemorybench:fact-mh-262k:context-0/factconsolidation_mh_262k_no18,factconsolidation_mh_262k_no18,18,9,13,0.6923076923076923,1789221140075164193-a1cc767892cb41ad981b419a59b57f20,"[""search""]",sufficient,4,1,0.25,[1],"[2,3,4]",[],10,"[""m-2a33ae56e5df02e9a6e4fa1b"",""m-3576b8a194151a5c0e81bdc5"",""m-0a2ca057cd4e91028f99f848"",""m-7c5d78490bb6e83cf8439922"",""m-0b1100aa2215e071bf08a812"",""m-ec21766410e0c5f0e5f7320f"",""m-0f10fff25f4f2295def856b4"",""m-1206e80bff6434ab66c69ece"",""m-0b1df58bb07f6d7652d8dfb1"",""m-954c540a5962fbc7d01e18bf""]",True,0.0,False
1,official_mquake_label_chain,agentmemorybench:fact-mh-262k:context-0/factconsolidation_mh_262k_no18,factconsolidation_mh_262k_no18,18,10,13,0.7692307692307693,1789221158935831193-df7992c16e3a4aa1be531f914278ce80,"[""search""]",sufficient,4,1,0.25,[1],"[2,3,4]",[],10,"[""m-2a33ae56e5df02e9a6e4fa1b"",""m-3576b8a194151a5c0e81bdc5"",""m-0a2ca057cd4e91028f99f848"",""m-7c5d78490bb6e83cf8439922"",""m-0b1100aa2215e071bf08a812"",""m-ec21766410e0c5f0e5f7320f"",""m-0f10fff25f4f2295def856b4"",""m-1206e80bff6434ab66c69ece"",""m-0b1df58bb07f6d7652d8dfb1"",""m-954c540a5962fbc7d01e18bf""]",True,0.0,False
1,official_mquake_label_chain,agentmemorybench:fact-mh-262k:context-0/factconsolidation_mh_262k_no18,factconsolidation_mh_262k_no18,18,11,13,0.8461538461538461,1789221180131235871-c57e712617f449d387ada7ff1883add5,"[""search""]",sufficient,4,1,0.25,[1],"[2,3,4]",[],10,"[""m-2a33ae56e5df02e9a6e4fa1b"",""m-3576b8a194151a5c0e81bdc5"",""m-0a2ca057cd4e91028f99f848"",""m-7c5d78490bb6e83cf8439922"",""m-0b1100aa2215e071bf08a812"",""m-ec21766410e0c5f0e5f7320f"",""m-0f10fff25f4f2295def856b4"",""m-1206e80bff6434ab66c69ece"",""m-0b1df58bb07f6d7652d8dfb1"",""m-954c540a5962fbc7d01e18bf""]",True,0.0,False
1,official_mquake_label_chain,agentmemorybench:fact-mh-262k:context-0/factconsolidation_mh_262k_no18,factconsolidation_mh_262k_no18,18,12,13,0.9230769230769231,1789221204480278930-616c489928884b829d5a0619ddc79328,"[""read""]",sufficient,4,1,0.25,[1],"[2,3,4]",[],10,"[""m-2a33ae56e5df02e9a6e4fa1b"",""m-3576b8a194151a5c0e81bdc5"",""m-0a2ca057cd4e91028f99f848"",""m-7c5d78490bb6e83cf8439922"",""m-0b1100aa2215e071bf08a812"",""m-ec21766410e0c5f0e5f7320f"",""m-0f10fff25f4f2295def856b4"",""m-1206e80bff6434ab66c69ece"",""m-0b1df58bb07f6d7652d8dfb1"",""m-954c540a5962fbc7d01e18bf""]",True,0.0,False
1,official_mquake_label_chain,agentmemorybench:fact-mh-262k:context-0/factconsolidation_mh_262k_no18,factconsolidation_mh_262k_no18,18,13,13,1.0,1789221231737197633-a3d8a6083094483197be6300d19c79db,"[""finish""]",sufficient,4,1,0.25,[1],"[2,3,4]",[],12,"[""m-2a33ae56e5df02e9a6e4fa1b"",""m-3576b8a194151a5c0e81bdc5"",""m-0a2ca057cd4e91028f99f848"",""m-7c5d78490bb6e83cf8439922"",""m-0b1100aa2215e071bf08a812"",""m-ec21766410e0c5f0e5f7320f"",""m-0f10fff25f4f2295def856b4"",""m-1206e80bff6434ab66c69ece"",""m-0b1df58bb07f6d7652d8dfb1"",""m-954c540a5962fbc7d01e18bf"",""m-9c66a5ec4a759d8795c58788"",""m-764a735eb863dbf0706b046a""]",True,0.0,False
1,official_mquake_label_chain,agentmemorybench:fact-mh-262k:context-0/factconsolidation_mh_262k_no19,factconsolidation_mh_262k_no19,19,1,26,0.038461538461538464,1789220573412731024-db87c228268a40acbd7a60277ce1efae,"[""search""]",sufficient,4,0,0.0,[],"[1,2,3,4]",[],0,[],True,0.0,False
1,official_mquake_label_chain,agentmemorybench:fact-mh-262k:context-0/factconsolidation_mh_262k_no19,factconsolidation_mh_262k_no19,19,2,26,0.07692307692307693,1789220582310981328-e2e3c9a2ee434c3eb5b6b9407c04be84,"[""read""]",sufficient,4,0,0.0,[],"[1,2,3,4]",[],0,[],True,0.0,False
1,official_mquake_label_chain,agentmemorybench:fact-mh-262k:context-0/factconsolidation_mh_262k_no19,factconsolidation_mh_262k_no19,19,3,26,0.11538461538461539,1789220596982219741-bcfba7f5e9424cf0b9d687197c5ad5d7,"[""search""]",sufficient,4,1,0.25,[1],"[2,3,4]",[1],3,"[""m-edc48416279cf33fce68c421"",""m-1206e80bff6434ab66c69ece"",""m-ac04b749be9809cc151a3f0e""]",True,0.0,False
1,official_mquake_label_chain,agentmemorybench:fact-mh-262k:context-0/factconsolidation_mh_262k_no19,factconsolidation_mh_262k_no19,19,4,26,0.15384615384615385,1789220610777673115-44e7caa2096d4081a8c9fb5fad0da71c,"[""search""]",sufficient,4,1,0.25,[1],"[2,3,4]",[],3,"[""m-edc48416279cf33fce68c421"",""m-1206e80bff6434ab66c69ece"",""m-ac04b749be9809cc151a3f0e""]",True,0.0,False
1,official_mquake_label_chain,agentmemorybench:fact-mh-262k:context-0/factconsolidation_mh_262k_no19,factconsolidation_mh_262k_no19,19,5,26,0.19230769230769232,1789220623226427243-5c8e2b7faf6b4e0a8001a3fc783af6c4,"[""read""]",sufficient,4,1,0.25,[1],"[2,3,4]",[],3,"[""m-edc48416279cf33fce68c421"",""m-1206e80bff6434ab66c69ece"",""m-ac04b749be9809cc151a3f0e""]",True,0.0,False
1,official_mquake_label_chain,agentmemorybench:fact-mh-262k:context-0/factconsolidation_mh_262k_no19,factconsolidation_mh_262k_no19,19,6,26,0.23076923076923078,1789220631923376956-d229b72ed737473eb95dcfa8953f273e,"[""search""]",sufficient,4,1,0.25,[1],"[2,3,4]",[],4,"[""m-edc48416279cf33fce68c421"",""m-1206e80bff6434ab66c69ece"",""m-ac04b749be9809cc151a3f0e"",""m-b7dcd8cd2d91e2a0530e94f1""]",True,0.0,False
1,official_mquake_label_chain,agentmemorybench:fact-mh-262k:context-0/factconsolidation_mh_262k_no19,factconsolidation_mh_262k_no19,19,7,26,0.2692307692307692,1789220643719179456-69609a86b9f444969220f3a2efd1671e,"[""read""]",sufficient,4,1,0.25,[1],"[2,3,4]",[],4,"[""m-edc48416279cf33fce68c421"",""m-1206e80bff6434ab66c69ece"",""m-ac04b749be9809cc151a3f0e"",""m-b7dcd8cd2d91e2a0530e94f1""]",True,0.0,False
1,official_mquake_label_chain,agentmemorybench:fact-mh-262k:context-0/factconsolidation_mh_262k_no19,factconsolidation_mh_262k_no19,19,8,26,0.3076923076923077,1789220660847319490-22fe654a8af543c9aba7a2872e15052e,"[""search""]",sufficient,4,2,0.5,"[1,4]","[2,3]",[4],7,"[""m-edc48416279cf33fce68c421"",""m-1206e80bff6434ab66c69ece"",""m-ac04b749be9809cc151a3f0e"",""m-b7dcd8cd2d91e2a0530e94f1"",""m-b7d3a9321839d30b4fca32c4"",""m-cbdf6a8153fd22ff0242fee9"",""m-ae3c59715d1425023fba9b40""]",True,0.0,False
1,official_mquake_label_chain,agentmemorybench:fact-mh-262k:context-0/factconsolidation_mh_262k_no19,factconsolidation_mh_262k_no19,19,9,26,0.34615384615384615,1789220688322175920-7b653db4b0054a1985e5e17d57be1ef6,"[""search""]",sufficient,4,2,0.5,"[1,4]","[2,3]",[],7,"[""m-edc48416279cf33fce68c421"",""m-1206e80bff6434ab66c69ece"",""m-ac04b749be9809cc151a3f0e"",""m-b7dcd8cd2d91e2a0530e94f1"",""m-b7d3a9321839d30b4fca32c4"",""m-cbdf6a8153fd22ff0242fee9"",""m-ae3c59715d1425023fba9b40""]",True,0.0,False
1,official_mquake_label_chain,agentmemorybench:fact-mh-262k:context-0/factconsolidation_mh_262k_no19,factconsolidation_mh_262k_no19,19,10,26,0.38461538461538464,1789220711644330431-fba8cf0c34ff406bab910ac453762611,"[""search""]",sufficient,4,2,0.5,"[1,4]","[2,3]",[],7,"[""m-edc48416279cf33fce68c421"",""m-1206e80bff6434ab66c69ece"",""m-ac04b749be9809cc151a3f0e"",""m-b7dcd8cd2d91e2a0530e94f1"",""m-b7d3a9321839d30b4fca32c4"",""m-cbdf6a8153fd22ff0242fee9"",""m-ae3c59715d1425023fba9b40""]",True,0.0,False
1,official_mquake_label_chain,agentmemorybench:fact-mh-262k:context-0/factconsolidation_mh_262k_no19,factconsolidation_mh_262k_no19,19,11,26,0.4230769230769231,1789220738377853740-48e42d0d71794b0b978741facd2f624e,"[""read""]",sufficient,4,2,0.5,"[1,4]","[2,3]",[],7,"[""m-edc48416279cf33fce68c421"",""m-1206e80bff6434ab66c69ece"",""m-ac04b749be9809cc151a3f0e"",""m-b7dcd8cd2d91e2a0530e94f1"",""m-b7d3a9321839d30b4fca32c4"",""m-cbdf6a8153fd22ff0242fee9"",""m-ae3c59715d1425023fba9b40""]",True,0.0,False
1,official_mquake_label_chain,agentmemorybench:fact-mh-262k:context-0/factconsolidation_mh_262k_no19,factconsolidation_mh_262k_no19,19,12,26,0.46153846153846156,1789220761202661720-93bdd6e478ef4da59d6089c5782953bb,"[""read""]",sufficient,4,2,0.5,"[1,4]","[2,3]",[],9,"[""m-edc48416279cf33fce68c421"",""m-1206e80bff6434ab66c69ece"",""m-ac04b749be9809cc151a3f0e"",""m-b7dcd8cd2d91e2a0530e94f1"",""m-b7d3a9321839d30b4fca32c4"",""m-cbdf6a8153fd22ff0242fee9"",""m-ae3c59715d1425023fba9b40"",""m-2a33ae56e5df02e9a6e4fa1b"",""m-e8c89d3ba3aa543273171efa""]",True,0.0,False
1,official_mquake_label_chain,agentmemorybench:fact-mh-262k:context-0/factconsolidation_mh_262k_no19,factconsolidation_mh_262k_no19,19,13,26,0.5,1789221124112914795-d7273bb8fd824ab7a2675888826f94dc,"[""search""]",sufficient,4,2,0.5,"[1,4]","[2,3]",[],11,"[""m-edc48416279cf33fce68c421"",""m-1206e80bff6434ab66c69ece"",""m-ac04b749be9809cc151a3f0e"",""m-b7dcd8cd2d91e2a0530e94f1"",""m-b7d3a9321839d30b4fca32c4"",""m-cbdf6a8153fd22ff0242fee9"",""m-ae3c59715d1425023fba9b40"",""m-2a33ae56e5df02e9a6e4fa1b"",""m-e8c89d3ba3aa543273171efa"",""m-1013038271bffdb5b4d7d9a5"",""m-aff4df280c82222c41cd9dbd""]",True,0.0,False
1,official_mquake_label_chain,agentmemorybench:fact-mh-262k:context-0/factconsolidation_mh_262k_no19,factconsolidation_mh_262k_no19,19,14,26,0.5384615384615384,1789221129659835022-721c5ffc11ba4e44b11805a763d1652f,"[""search""]",sufficient,4,2,0.5,"[1,4]","[2,3]",[],11,"[""m-edc48416279cf33fce68c421"",""m-1206e80bff6434ab66c69ece"",""m-ac04b749be9809cc151a3f0e"",""m-b7dcd8cd2d91e2a0530e94f1"",""m-b7d3a9321839d30b4fca32c4"",""m-cbdf6a8153fd22ff0242fee9"",""m-ae3c59715d1425023fba9b40"",""m-2a33ae56e5df02e9a6e4fa1b"",""m-e8c89d3ba3aa543273171efa"",""m-1013038271bffdb5b4d7d9a5"",""m-aff4df280c82222c41cd9dbd""]",True,0.0,False
1,official_mquake_label_chain,agentmemorybench:fact-mh-262k:context-0/factconsolidation_mh_262k_no19,factconsolidation_mh_262k_no19,19,15,26,0.5769230769230769,1789221142200777998-f9774abad3bf4072863abea71f685cf2,"[""search""]",sufficient,4,2,0.5,"[1,4]","[2,3]",[],11,"[""m-edc48416279cf33fce68c421"",""m-1206e80bff6434ab66c69ece"",""m-ac04b749be9809cc151a3f0e"",""m-b7dcd8cd2d91e2a0530e94f1"",""m-b7d3a9321839d30b4fca32c4"",""m-cbdf6a8153fd22ff0242fee9"",""m-ae3c59715d1425023fba9b40"",""m-2a33ae56e5df02e9a6e4fa1b"",""m-e8c89d3ba3aa543273171efa"",""m-1013038271bffdb5b4d7d9a5"",""m-aff4df280c82222c41cd9dbd""]",True,0.0,False
1,official_mquake_label_chain,agentmemorybench:fact-mh-262k:context-0/factconsolidation_mh_262k_no19,factconsolidation_mh_262k_no19,19,16,26,0.6153846153846154,1789221180131684594-44ac20c58ecd45088a14fc657620c11d,"[""search""]",sufficient,4,2,0.5,"[1,4]","[2,3]",[],11,"[""m-edc48416279cf33fce68c421"",""m-1206e80bff6434ab66c69ece"",""m-ac04b749be9809cc151a3f0e"",""m-b7dcd8cd2d91e2a0530e94f1"",""m-b7d3a9321839d30b4fca32c4"",""m-cbdf6a8153fd22ff0242fee9"",""m-ae3c59715d1425023fba9b40"",""m-2a33ae56e5df02e9a6e4fa1b"",""m-e8c89d3ba3aa543273171efa"",""m-1013038271bffdb5b4d7d9a5"",""m-aff4df280c82222c41cd9dbd""]",True,0.0,False
1,official_mquake_label_chain,agentmemorybench:fact-mh-262k:context-0/factconsolidation_mh_262k_no19,factconsolidation_mh_262k_no19,19,17,26,0.6538461538461539,1789221185772996356-e5f81db3c64e4795b4203305d7b170e5,"[""search""]",sufficient,4,2,0.5,"[1,4]","[2,3]",[],11,"[""m-edc48416279cf33fce68c421"",""m-1206e80bff6434ab66c69ece"",""m-ac04b749be9809cc151a3f0e"",""m-b7dcd8cd2d91e2a0530e94f1"",""m-b7d3a9321839d30b4fca32c4"",""m-cbdf6a8153fd22ff0242fee9"",""m-ae3c59715d1425023fba9b40"",""m-2a33ae56e5df02e9a6e4fa1b"",""m-e8c89d3ba3aa543273171efa"",""m-1013038271bffdb5b4d7d9a5"",""m-aff4df280c82222c41cd9dbd""]",True,0.0,False
1,official_mquake_label_chain,agentmemorybench:fact-mh-262k:context-0/factconsolidation_mh_262k_no19,factconsolidation_mh_262k_no19,19,18,26,0.6923076923076923,1789221210854710171-26d9c6e8548e4f9e88b0f0f493113f0d,"[""search_more""]",sufficient,4,2,0.5,"[1,4]","[2,3]",[],11,"[""m-edc48416279cf33fce68c421"",""m-1206e80bff6434ab66c69ece"",""m-ac04b749be9809cc151a3f0e"",""m-b7dcd8cd2d91e2a0530e94f1"",""m-b7d3a9321839d30b4fca32c4"",""m-cbdf6a8153fd22ff0242fee9"",""m-ae3c59715d1425023fba9b40"",""m-2a33ae56e5df02e9a6e4fa1b"",""m-e8c89d3ba3aa543273171efa"",""m-1013038271bffdb5b4d7d9a5"",""m-aff4df280c82222c41cd9dbd""]",True,0.0,False
1,official_mquake_label_chain,agentmemorybench:fact-mh-262k:context-0/factconsolidation_mh_262k_no19,factconsolidation_mh_262k_no19,19,19,26,0.7307692307692307,1789221229349945646-39f35a12783f462bb08f517fb222e2ef,"[""read""]",sufficient,4,2,0.5,"[1,4]","[2,3]",[],11,"[""m-edc48416279cf33fce68c421"",""m-1206e80bff6434ab66c69ece"",""m-ac04b749be9809cc151a3f0e"",""m-b7dcd8cd2d91e2a0530e94f1"",""m-b7d3a9321839d30b4fca32c4"",""m-cbdf6a8153fd22ff0242fee9"",""m-ae3c59715d1425023fba9b40"",""m-2a33ae56e5df02e9a6e4fa1b"",""m-e8c89d3ba3aa543273171efa"",""m-1013038271bffdb5b4d7d9a5"",""m-aff4df280c82222c41cd9dbd""]",True,0.0,False
1,official_mquake_label_chain,agentmemorybench:fact-mh-262k:context-0/factconsolidation_mh_262k_no19,factconsolidation_mh_262k_no19,19,20,26,0.7692307692307693,1789221262956277006-81e091c2e33f46d98ff787eb747adb07,"[""read""]",sufficient,4,2,0.5,"[1,4]","[2,3]",[],14,"[""m-edc48416279cf33fce68c421"",""m-1206e80bff6434ab66c69ece"",""m-ac04b749be9809cc151a3f0e"",""m-b7dcd8cd2d91e2a0530e94f1"",""m-b7d3a9321839d30b4fca32c4"",""m-cbdf6a8153fd22ff0242fee9"",""m-ae3c59715d1425023fba9b40"",""m-2a33ae56e5df02e9a6e4fa1b"",""m-e8c89d3ba3aa543273171efa"",""m-1013038271bffdb5b4d7d9a5"",""m-aff4df280c82222c41cd9dbd"",""m-ec21766410e0c5f0e5f7320f"",""m-879a81ce4bb890141c60d24f"",""m-32937397b194ea97822b7885""]",True,0.0,False
1,official_mquake_label_chain,agentmemorybench:fact-mh-262k:context-0/factconsolidation_mh_262k_no19,factconsolidation_mh_262k_no19,19,21,26,0.8076923076923077,1789221304449144631-aaffad8a32d246cd9522bb815db74f37,"[""search""]",sufficient,4,3,0.75,"[1,2,4]",[3],[2],17,"[""m-edc48416279cf33fce68c421"",""m-1206e80bff6434ab66c69ece"",""m-ac04b749be9809cc151a3f0e"",""m-b7dcd8cd2d91e2a0530e94f1"",""m-b7d3a9321839d30b4fca32c4"",""m-cbdf6a8153fd22ff0242fee9"",""m-ae3c59715d1425023fba9b40"",""m-2a33ae56e5df02e9a6e4fa1b"",""m-e8c89d3ba3aa543273171efa"",""m-1013038271bffdb5b4d7d9a5"",""m-aff4df280c82222c41cd9dbd"",""m-ec21766410e0c5f0e5f7320f"",""m-879a81ce4bb890141c60d24f"",""m-32937397b194ea97822b7885"",""m-9775f81addddef3bf5347951"",""m-28069cede24e19a36554223e"",""m-9114fa7460e0af8f396d5e59""]",True,0.0,False
1,official_mquake_label_chain,agentmemorybench:fact-mh-262k:context-0/factconsolidation_mh_262k_no19,factconsolidation_mh_262k_no19,19,22,26,0.8461538461538461,1789221349606798628-4bb485061b994b87948f023960cb1775,"[""search""]",sufficient,4,3,0.75,"[1,2,4]",[3],[],17,"[""m-edc48416279cf33fce68c421"",""m-1206e80bff6434ab66c69ece"",""m-ac04b749be9809cc151a3f0e"",""m-b7dcd8cd2d91e2a0530e94f1"",""m-b7d3a9321839d30b4fca32c4"",""m-cbdf6a8153fd22ff0242fee9"",""m-ae3c59715d1425023fba9b40"",""m-2a33ae56e5df02e9a6e4fa1b"",""m-e8c89d3ba3aa543273171efa"",""m-1013038271bffdb5b4d7d9a5"",""m-aff4df280c82222c41cd9dbd"",""m-ec21766410e0c5f0e5f7320f"",""m-879a81ce4bb890141c60d24f"",""m-32937397b194ea97822b7885"",""m-9775f81addddef3bf5347951"",""m-28069cede24e19a36554223e"",""m-9114fa7460e0af8f396d5e59""]",True,0.0,False
1,official_mquake_label_chain,agentmemorybench:fact-mh-262k:context-0/factconsolidation_mh_262k_no19,factconsolidation_mh_262k_no19,19,23,26,0.8846153846153846,1789221400545874819-f42964ed087c4533888fcb2167b69237,"[""search""]",sufficient,4,3,0.75,"[1,2,4]",[3],[],17,"[""m-edc48416279cf33fce68c421"",""m-1206e80bff6434ab66c69ece"",""m-ac04b749be9809cc151a3f0e"",""m-b7dcd8cd2d91e2a0530e94f1"",""m-b7d3a9321839d30b4fca32c4"",""m-cbdf6a8153fd22ff0242fee9"",""m-ae3c59715d1425023fba9b40"",""m-2a33ae56e5df02e9a6e4fa1b"",""m-e8c89d3ba3aa543273171efa"",""m-1013038271bffdb5b4d7d9a5"",""m-aff4df280c82222c41cd9dbd"",""m-ec21766410e0c5f0e5f7320f"",""m-879a81ce4bb890141c60d24f"",""m-32937397b194ea97822b7885"",""m-9775f81addddef3bf5347951"",""m-28069cede24e19a36554223e"",""m-9114fa7460e0af8f396d5e59""]",True,0.0,False
1,official_mquake_label_chain,agentmemorybench:fact-mh-262k:context-0/factconsolidation_mh_262k_no19,factconsolidation_mh_262k_no19,19,24,26,0.9230769230769231,1789221448305019306-36e319ea7f434f06a7b5dcc563a29ef1,"[""read""]",sufficient,4,3,0.75,"[1,2,4]",[3],[],17,"[""m-edc48416279cf33fce68c421"",""m-1206e80bff6434ab66c69ece"",""m-ac04b749be9809cc151a3f0e"",""m-b7dcd8cd2d91e2a0530e94f1"",""m-b7d3a9321839d30b4fca32c4"",""m-cbdf6a8153fd22ff0242fee9"",""m-ae3c59715d1425023fba9b40"",""m-2a33ae56e5df02e9a6e4fa1b"",""m-e8c89d3ba3aa543273171efa"",""m-1013038271bffdb5b4d7d9a5"",""m-aff4df280c82222c41cd9dbd"",""m-ec21766410e0c5f0e5f7320f"",""m-879a81ce4bb890141c60d24f"",""m-32937397b194ea97822b7885"",""m-9775f81addddef3bf5347951"",""m-28069cede24e19a36554223e"",""m-9114fa7460e0af8f396d5e59""]",True,0.0,False
1,official_mquake_label_chain,agentmemorybench:fact-mh-262k:context-0/factconsolidation_mh_262k_no19,factconsolidation_mh_262k_no19,19,25,26,0.9615384615384616,1789221517059237326-38d1f521113041069847c08e2ee85852,"[""read""]",sufficient,4,3,0.75,"[1,2,4]",[3],[],19,"[""m-edc48416279cf33fce68c421"",""m-1206e80bff6434ab66c69ece"",""m-ac04b749be9809cc151a3f0e"",""m-b7dcd8cd2d91e2a0530e94f1"",""m-b7d3a9321839d30b4fca32c4"",""m-cbdf6a8153fd22ff0242fee9"",""m-ae3c59715d1425023fba9b40"",""m-2a33ae56e5df02e9a6e4fa1b"",""m-e8c89d3ba3aa543273171efa"",""m-1013038271bffdb5b4d7d9a5"",""m-aff4df280c82222c41cd9dbd"",""m-ec21766410e0c5f0e5f7320f"",""m-879a81ce4bb890141c60d24f"",""m-32937397b194ea97822b7885"",""m-9775f81addddef3bf5347951"",""m-28069cede24e19a36554223e"",""m-9114fa7460e0af8f396d5e59"",""m-621e3928a351e7bbd9e11337"",""m-a1a4edfb7fb9ec1bee215e03""]",True,0.0,False
1,official_mquake_label_chain,agentmemorybench:fact-mh-262k:context-0/factconsolidation_mh_262k_no19,factconsolidation_mh_262k_no19,19,26,26,1.0,1789221560530048641-6f36d4c438a745ab927e465103b8f979,"[""finish""]",sufficient,4,3,0.75,"[1,2,4]",[3],[],22,"[""m-edc48416279cf33fce68c421"",""m-1206e80bff6434ab66c69ece"",""m-ac04b749be9809cc151a3f0e"",""m-b7dcd8cd2d91e2a0530e94f1"",""m-b7d3a9321839d30b4fca32c4"",""m-cbdf6a8153fd22ff0242fee9"",""m-ae3c59715d1425023fba9b40"",""m-2a33ae56e5df02e9a6e4fa1b"",""m-e8c89d3ba3aa543273171efa"",""m-1013038271bffdb5b4d7d9a5"",""m-aff4df280c82222c41cd9dbd"",""m-ec21766410e0c5f0e5f7320f"",""m-879a81ce4bb890141c60d24f"",""m-32937397b194ea97822b7885"",""m-9775f81addddef3bf5347951"",""m-28069cede24e19a36554223e"",""m-9114fa7460e0af8f396d5e59"",""m-621e3928a351e7bbd9e11337"",""m-a1a4edfb7fb9ec1bee215e03"",""m-95bbccbd6a08d16d05369687"",""m-6fd0269b08ed390fee96395f"",""m-0b1100aa2215e071bf08a812""]",True,0.0,False
1,official_mquake_label_chain,agentmemorybench:fact-mh-262k:context-0/factconsolidation_mh_262k_no20,factconsolidation_mh_262k_no20,20,1,6,0.16666666666666666,1789220580295301033-f0b32732ea4d415e88a96edc360b7483,"[""search""]",sufficient,3,0,0.0,[],"[1,2,3]",[],0,[],True,0.0,False
1,official_mquake_label_chain,agentmemorybench:fact-mh-262k:context-0/factconsolidation_mh_262k_no20,factconsolidation_mh_262k_no20,20,2,6,0.3333333333333333,1789220587627141269-12205acce48e4eee84ffa3595f832659,"[""read""]",sufficient,3,0,0.0,[],"[1,2,3]",[],0,[],True,0.0,False
1,official_mquake_label_chain,agentmemorybench:fact-mh-262k:context-0/factconsolidation_mh_262k_no20,factconsolidation_mh_262k_no20,20,3,6,0.5,1789220595920469559-cf64d482339442408299076067dbbbc1,"[""search""]",sufficient,3,1,0.3333333333333333,[1],"[2,3]",[1],1,"[""m-9c66a5ec4a759d8795c58788""]",True,0.0,False
1,official_mquake_label_chain,agentmemorybench:fact-mh-262k:context-0/factconsolidation_mh_262k_no20,factconsolidation_mh_262k_no20,20,4,6,0.6666666666666666,1789220606802164095-eb913a3d2ebc4deaab0832fded052fb0,"[""search""]",sufficient,3,1,0.3333333333333333,[1],"[2,3]",[],1,"[""m-9c66a5ec4a759d8795c58788""]",True,0.0,False
1,official_mquake_label_chain,agentmemorybench:fact-mh-262k:context-0/factconsolidation_mh_262k_no20,factconsolidation_mh_262k_no20,20,5,6,0.8333333333333334,1789220616200608859-c4829a0862f84fd6ae6ecb25d44d23a3,"[""read""]",sufficient,3,1,0.3333333333333333,[1],"[2,3]",[],1,"[""m-9c66a5ec4a759d8795c58788""]",True,0.0,False
1,official_mquake_label_chain,agentmemorybench:fact-mh-262k:context-0/factconsolidation_mh_262k_no20,factconsolidation_mh_262k_no20,20,6,6,1.0,1789220630124004467-8545f58a309c4a038df74a192d89b193,"[""finish""]",sufficient,3,3,1.0,"[1,2,3]",[],"[2,3]",5,"[""m-9c66a5ec4a759d8795c58788"",""m-a1a4edfb7fb9ec1bee215e03"",""m-df5c8fccc1791c4df5c99f24"",""m-9775f81addddef3bf5347951"",""m-32937397b194ea97822b7885""]",True,0.0,False
1,official_mquake_label_chain,agentmemorybench:fact-mh-262k:context-0/factconsolidation_mh_262k_no21,factconsolidation_mh_262k_no21,21,1,5,0.2,1789220580877505212-389c0e73d8344cf4aa5f1a659fc8bdfd,"[""search""]",sufficient,2,0,0.0,[],"[1,2]",[],0,[],False,1.0,True
1,official_mquake_label_chain,agentmemorybench:fact-mh-262k:context-0/factconsolidation_mh_262k_no21,factconsolidation_mh_262k_no21,21,2,5,0.4,1789220586515256719-b145437dfaa14e2181ff75de8672b2c8,"[""read""]",sufficient,2,0,0.0,[],"[1,2]",[],0,[],False,1.0,True
1,official_mquake_label_chain,agentmemorybench:fact-mh-262k:context-0/factconsolidation_mh_262k_no21,factconsolidation_mh_262k_no21,21,3,5,0.6,1789220601063375178-64f9012596b042b0a527a5ad718fdc36,"[""search""]",sufficient,2,2,1.0,"[1,2]",[],"[1,2]",2,"[""m-390bc624383d3833d9578af5"",""m-28069cede24e19a36554223e""]",False,1.0,True
1,official_mquake_label_chain,agentmemorybench:fact-mh-262k:context-0/factconsolidation_mh_262k_no21,factconsolidation_mh_262k_no21,21,4,5,0.8,1789220607372622004-5d81e075ce744328a09c29cda2a1876a,"[""read""]",sufficient,2,2,1.0,"[1,2]",[],[],2,"[""m-390bc624383d3833d9578af5"",""m-28069cede24e19a36554223e""]",False,1.0,True
1,official_mquake_label_chain,agentmemorybench:fact-mh-262k:context-0/factconsolidation_mh_262k_no21,factconsolidation_mh_262k_no21,21,5,5,1.0,1789220621176799225-cc7dc88d304b4a8e991952d44ce282fc,"[""finish""]",sufficient,2,2,1.0,"[1,2]",[],[],4,"[""m-390bc624383d3833d9578af5"",""m-28069cede24e19a36554223e"",""m-2a46f1804e76d4daa1449ec5"",""m-fe91a1e8a803d8f45780f318""]",False,1.0,True
1,official_mquake_label_chain,agentmemorybench:fact-mh-262k:context-0/factconsolidation_mh_262k_no22,factconsolidation_mh_262k_no22,22,1,5,0.2,1789220593178228586-3c1b6737233a4094808ebdb1ec795e84,"[""search""]",sufficient,3,0,0.0,[],"[1,2,3]",[],0,[],False,0.0,False
1,official_mquake_label_chain,agentmemorybench:fact-mh-262k:context-0/factconsolidation_mh_262k_no22,factconsolidation_mh_262k_no22,22,2,5,0.4,1789220602027688677-23c2bae8f776430ebd11edf0679468eb,"[""read""]",sufficient,3,0,0.0,[],"[1,2,3]",[],0,[],False,0.0,False
1,official_mquake_label_chain,agentmemorybench:fact-mh-262k:context-0/factconsolidation_mh_262k_no22,factconsolidation_mh_262k_no22,22,3,5,0.6,1789220618477579341-e9a637da6bfe4b82836e9ad5495f4a46,"[""search""]",sufficient,3,1,0.3333333333333333,[1],"[2,3]",[1],2,"[""m-d378741b166342a8e5a0aca8"",""m-e88cdf413fbf8a7ac37bd0fb""]",False,0.0,False
1,official_mquake_label_chain,agentmemorybench:fact-mh-262k:context-0/factconsolidation_mh_262k_no22,factconsolidation_mh_262k_no22,22,4,5,0.8,1789220628233571506-05cd8da6e3b34d25bbcdbe3aec09e797,"[""read""]",sufficient,3,1,0.3333333333333333,[1],"[2,3]",[],2,"[""m-d378741b166342a8e5a0aca8"",""m-e88cdf413fbf8a7ac37bd0fb""]",False,0.0,False
1,official_mquake_label_chain,agentmemorybench:fact-mh-262k:context-0/factconsolidation_mh_262k_no22,factconsolidation_mh_262k_no22,22,5,5,1.0,1789220643059479243-5f3d8c1621e2424da836fa815815882c,"[""finish""]",sufficient,3,1,0.3333333333333333,[1],"[2,3]",[],4,"[""m-d378741b166342a8e5a0aca8"",""m-e88cdf413fbf8a7ac37bd0fb"",""m-b7d3a9321839d30b4fca32c4"",""m-32937397b194ea97822b7885""]",False,0.0,False
1,official_mquake_label_chain,agentmemorybench:fact-mh-262k:context-0/factconsolidation_mh_262k_no23,factconsolidation_mh_262k_no23,23,1,5,0.2,1789220602791431354-128e33a959c34f3c9163ce910cc22506,"[""search""]",sufficient,2,0,0.0,[],"[1,2]",[],0,[],False,1.0,True
1,official_mquake_label_chain,agentmemorybench:fact-mh-262k:context-0/factconsolidation_mh_262k_no23,factconsolidation_mh_262k_no23,23,2,5,0.4,1789220610778459079-146ee2d686df48b1bbf55088e45b1625,"[""read""]",sufficient,2,0,0.0,[],"[1,2]",[],0,[],False,1.0,True
1,official_mquake_label_chain,agentmemorybench:fact-mh-262k:context-0/factconsolidation_mh_262k_no23,factconsolidation_mh_262k_no23,23,3,5,0.6,1789220617677123558-cf1eba67852545659ab5434d82f37d23,"[""search""]",sufficient,2,1,0.5,[1],[2],[1],1,"[""m-65ddf9819a5ecf5e4656074f""]",False,1.0,True
1,official_mquake_label_chain,agentmemorybench:fact-mh-262k:context-0/factconsolidation_mh_262k_no23,factconsolidation_mh_262k_no23,23,4,5,0.8,1789220623774963675-340cd5f384cb4a7084e189026f9e904e,"[""read""]",sufficient,2,1,0.5,[1],[2],[],1,"[""m-65ddf9819a5ecf5e4656074f""]",False,1.0,True
1,official_mquake_label_chain,agentmemorybench:fact-mh-262k:context-0/factconsolidation_mh_262k_no23,factconsolidation_mh_262k_no23,23,5,5,1.0,1789220634439199384-6a394f50e0914cdcb52667496a244915,"[""finish""]",sufficient,2,2,1.0,"[1,2]",[],[2],3,"[""m-65ddf9819a5ecf5e4656074f"",""m-154bcacb92d86a5c9d325b00"",""m-20b0bd029c73234fd44ab583""]",False,1.0,True
1,official_mquake_label_chain,agentmemorybench:fact-mh-262k:context-0/factconsolidation_mh_262k_no24,factconsolidation_mh_262k_no24,24,1,3,0.3333333333333333,1789220608308878109-e8c40ce36ede4178b9625d7ae866aed1,"[""search""]",sufficient,2,0,0.0,[],"[1,2]",[],0,[],False,0.0,False
1,official_mquake_label_chain,agentmemorybench:fact-mh-262k:context-0/factconsolidation_mh_262k_no24,factconsolidation_mh_262k_no24,24,2,3,0.6666666666666666,1789220615637177910-90928b907713453ba0c47cff46b713b6,"[""read""]",sufficient,2,0,0.0,[],"[1,2]",[],0,[],False,0.0,False
1,official_mquake_label_chain,agentmemorybench:fact-mh-262k:context-0/factconsolidation_mh_262k_no24,factconsolidation_mh_262k_no24,24,3,3,1.0,1789220633589177522-4c40c8a71ea94a47a03fbe11a59643cc,"[""finish""]",sufficient,2,1,0.5,[1],[2],[1],2,"[""m-d8939565b192098f7742417a"",""m-aff4df280c82222c41cd9dbd""]",False,0.0,False
1,official_mquake_label_chain,agentmemorybench:fact-mh-262k:context-0/factconsolidation_mh_262k_no25,factconsolidation_mh_262k_no25,25,1,7,0.14285714285714285,1789220614428789576-1ee460b068fe4fca809af603297fa290,"[""search""]",sufficient,4,0,0.0,[],"[1,2,3,4]",[],0,[],True,0.0,False
1,official_mquake_label_chain,agentmemorybench:fact-mh-262k:context-0/factconsolidation_mh_262k_no25,factconsolidation_mh_262k_no25,25,2,7,0.2857142857142857,1789220621706031807-81fe3c015dab4a7d8df5926ddd5e1021,"[""search""]",sufficient,4,0,0.0,[],"[1,2,3,4]",[],0,[],True,0.0,False
1,official_mquake_label_chain,agentmemorybench:fact-mh-262k:context-0/factconsolidation_mh_262k_no25,factconsolidation_mh_262k_no25,25,3,7,0.42857142857142855,1789220638948719557-f518ebf442e249e5918decb77ae8f1c4,"[""search""]",sufficient,4,0,0.0,[],"[1,2,3,4]",[],0,[],True,0.0,False
1,official_mquake_label_chain,agentmemorybench:fact-mh-262k:context-0/factconsolidation_mh_262k_no25,factconsolidation_mh_262k_no25,25,4,7,0.5714285714285714,1789220653990088178-8d99f13e2a35404f86fb3fab7cd8660f,"[""search""]",sufficient,4,0,0.0,[],"[1,2,3,4]",[],0,[],True,0.0,False
1,official_mquake_label_chain,agentmemorybench:fact-mh-262k:context-0/factconsolidation_mh_262k_no25,factconsolidation_mh_262k_no25,25,5,7,0.7142857142857143,1789220666507763536-8a6396bc49814574a68ff61c5d248086,"[""read""]",sufficient,4,0,0.0,[],"[1,2,3,4]",[],0,[],True,0.0,False
1,official_mquake_label_chain,agentmemorybench:fact-mh-262k:context-0/factconsolidation_mh_262k_no25,factconsolidation_mh_262k_no25,25,6,7,0.8571428571428571,1789220684163159159-24230961cee1484ab0841251aa70f2cd,"[""read""]",sufficient,4,0,0.0,[],"[1,2,3,4]",[],2,"[""m-32937397b194ea97822b7885"",""m-aff4df280c82222c41cd9dbd""]",True,0.0,False
1,official_mquake_label_chain,agentmemorybench:fact-mh-262k:context-0/factconsolidation_mh_262k_no25,factconsolidation_mh_262k_no25,25,7,7,1.0,1789220700910207358-df6917039cfa45f1b3d610669f663215,"[""finish""]",sufficient,4,0,0.0,[],"[1,2,3,4]",[],3,"[""m-32937397b194ea97822b7885"",""m-aff4df280c82222c41cd9dbd"",""m-4b387e35592c018e238fb4ed""]",True,0.0,False
1,official_mquake_label_chain,agentmemorybench:fact-mh-262k:context-0/factconsolidation_mh_262k_no26,factconsolidation_mh_262k_no26,26,1,3,0.3333333333333333,1789220633640305001-6b38d45e942049c799daf087a61e22fb,"[""search""]",sufficient,2,0,0.0,[],"[1,2]",[],0,[],False,1.0,True
1,official_mquake_label_chain,agentmemorybench:fact-mh-262k:context-0/factconsolidation_mh_262k_no26,factconsolidation_mh_262k_no26,26,2,3,0.6666666666666666,1789220643059054821-32e132f5807843b0a4b72e6dd62fd0a8,"[""read""]",sufficient,2,0,0.0,[],"[1,2]",[],0,[],False,1.0,True
1,official_mquake_label_chain,agentmemorybench:fact-mh-262k:context-0/factconsolidation_mh_262k_no26,factconsolidation_mh_262k_no26,26,3,3,1.0,1789220657253873651-46a6ee4a8c1e44198df7750cf688da2e,"[""finish""]",sufficient,2,2,1.0,"[1,2]",[],"[1,2]",3,"[""m-1d5745d8b432a6047b4dd936"",""m-1206e80bff6434ab66c69ece"",""m-22130c7cb447261eda31ef6b""]",False,1.0,True
1,official_mquake_label_chain,agentmemorybench:fact-mh-262k:context-0/factconsolidation_mh_262k_no27,factconsolidation_mh_262k_no27,27,1,10,0.1,1789220645223522785-bd49f63cba3a474a8b5404f825cb0d99,"[""search""]",sufficient,4,0,0.0,[],"[1,2,3,4]",[],0,[],True,0.0,False
1,official_mquake_label_chain,agentmemorybench:fact-mh-262k:context-0/factconsolidation_mh_262k_no27,factconsolidation_mh_262k_no27,27,2,10,0.2,1789220653989762912-66ff01774aa34be4bed8dda192b6a266,"[""read"",""search""]",sufficient,4,0,0.0,[],"[1,2,3,4]",[],0,[],True,0.0,False
1,official_mquake_label_chain,agentmemorybench:fact-mh-262k:context-0/factconsolidation_mh_262k_no27,factconsolidation_mh_262k_no27,27,3,10,0.3,1789220673626544988-c9c55e25d1f64beab8fb54531d67808a,"[""read""]",sufficient,4,2,0.5,"[1,4]","[2,3]","[1,4]",2,"[""m-2a33ae56e5df02e9a6e4fa1b"",""m-1013038271bffdb5b4d7d9a5""]",True,0.0,False
1,official_mquake_label_chain,agentmemorybench:fact-mh-262k:context-0/factconsolidation_mh_262k_no27,factconsolidation_mh_262k_no27,27,4,10,0.4,1789220741187725113-fc03f2b58b2e42a6beddd4cbf60a6c93,"[""read"",""search""]",sufficient,4,3,0.75,"[1,2,4]",[3],[2],7,"[""m-2a33ae56e5df02e9a6e4fa1b"",""m-1013038271bffdb5b4d7d9a5"",""m-0b1df58bb07f6d7652d8dfb1"",""m-154bcacb92d86a5c9d325b00"",""m-ae3c59715d1425023fba9b40"",""m-dfb16b405973c1a31c4ae15b"",""m-aff4df280c82222c41cd9dbd""]",True,0.0,False
1,official_mquake_label_chain,agentmemorybench:fact-mh-262k:context-0/factconsolidation_mh_262k_no27,factconsolidation_mh_262k_no27,27,5,10,0.5,1789220774066254709-301ada3714294653a5fedc8274b92baf,"[""read"",""search""]",sufficient,4,3,0.75,"[1,2,4]",[3],[],7,"[""m-2a33ae56e5df02e9a6e4fa1b"",""m-1013038271bffdb5b4d7d9a5"",""m-0b1df58bb07f6d7652d8dfb1"",""m-154bcacb92d86a5c9d325b00"",""m-ae3c59715d1425023fba9b40"",""m-dfb16b405973c1a31c4ae15b"",""m-aff4df280c82222c41cd9dbd""]",True,0.0,False
1,official_mquake_label_chain,agentmemorybench:fact-mh-262k:context-0/factconsolidation_mh_262k_no27,factconsolidation_mh_262k_no27,27,6,10,0.6,1789221128074793556-c03a9b13ffb4474daece64f4355152fa,"[""workingMemory""]",sufficient,4,3,0.75,"[1,2,4]",[3],[],8,"[""m-2a33ae56e5df02e9a6e4fa1b"",""m-1013038271bffdb5b4d7d9a5"",""m-0b1df58bb07f6d7652d8dfb1"",""m-154bcacb92d86a5c9d325b00"",""m-ae3c59715d1425023fba9b40"",""m-dfb16b405973c1a31c4ae15b"",""m-aff4df280c82222c41cd9dbd"",""m-b7d3a9321839d30b4fca32c4""]",True,0.0,False
1,official_mquake_label_chain,agentmemorybench:fact-mh-262k:context-0/factconsolidation_mh_262k_no27,factconsolidation_mh_262k_no27,27,7,10,0.7,1789221147071941600-ff1635e96ad74fe892c7302c2830a57e,"[""read""]",sufficient,4,3,0.75,"[1,2,4]",[3],[],8,"[""m-2a33ae56e5df02e9a6e4fa1b"",""m-1013038271bffdb5b4d7d9a5"",""m-0b1df58bb07f6d7652d8dfb1"",""m-154bcacb92d86a5c9d325b00"",""m-ae3c59715d1425023fba9b40"",""m-dfb16b405973c1a31c4ae15b"",""m-aff4df280c82222c41cd9dbd"",""m-b7d3a9321839d30b4fca32c4""]",True,0.0,False
1,official_mquake_label_chain,agentmemorybench:fact-mh-262k:context-0/factconsolidation_mh_262k_no27,factconsolidation_mh_262k_no27,27,8,10,0.8,1789221150072265030-f0eda7f46cb449f4a64b8c06eeca0ab5,"[""search""]",sufficient,4,3,0.75,"[1,2,4]",[3],[],9,"[""m-2a33ae56e5df02e9a6e4fa1b"",""m-1013038271bffdb5b4d7d9a5"",""m-0b1df58bb07f6d7652d8dfb1"",""m-154bcacb92d86a5c9d325b00"",""m-ae3c59715d1425023fba9b40"",""m-dfb16b405973c1a31c4ae15b"",""m-aff4df280c82222c41cd9dbd"",""m-b7d3a9321839d30b4fca32c4"",""m-971985574eb04740c13ad5c1""]",True,0.0,False
1,official_mquake_label_chain,agentmemorybench:fact-mh-262k:context-0/factconsolidation_mh_262k_no27,factconsolidation_mh_262k_no27,27,9,10,0.9,1789221163246014594-b6741115dcbd4f30abbe5ad207809062,"[""read""]",sufficient,4,3,0.75,"[1,2,4]",[3],[],9,"[""m-2a33ae56e5df02e9a6e4fa1b"",""m-1013038271bffdb5b4d7d9a5"",""m-0b1df58bb07f6d7652d8dfb1"",""m-154bcacb92d86a5c9d325b00"",""m-ae3c59715d1425023fba9b40"",""m-dfb16b405973c1a31c4ae15b"",""m-aff4df280c82222c41cd9dbd"",""m-b7d3a9321839d30b4fca32c4"",""m-971985574eb04740c13ad5c1""]",True,0.0,False
1,official_mquake_label_chain,agentmemorybench:fact-mh-262k:context-0/factconsolidation_mh_262k_no27,factconsolidation_mh_262k_no27,27,10,10,1.0,1789221182067118938-6c5bea40d0db469ebc66200174a07a81,"[""finish""]",sufficient,4,3,0.75,"[1,2,4]",[3],[],10,"[""m-2a33ae56e5df02e9a6e4fa1b"",""m-1013038271bffdb5b4d7d9a5"",""m-0b1df58bb07f6d7652d8dfb1"",""m-154bcacb92d86a5c9d325b00"",""m-ae3c59715d1425023fba9b40"",""m-dfb16b405973c1a31c4ae15b"",""m-aff4df280c82222c41cd9dbd"",""m-b7d3a9321839d30b4fca32c4"",""m-971985574eb04740c13ad5c1"",""m-28069cede24e19a36554223e""]",True,0.0,False
1,official_mquake_label_chain,agentmemorybench:fact-mh-262k:context-0/factconsolidation_mh_262k_no28,factconsolidation_mh_262k_no28,28,1,7,0.14285714285714285,1789220648054043041-8177510ee5f34b618a52c3ee6ca47776,"[""search""]",sufficient,2,0,0.0,[],"[1,2]",[],0,[],False,1.0,True
1,official_mquake_label_chain,agentmemorybench:fact-mh-262k:context-0/factconsolidation_mh_262k_no28,factconsolidation_mh_262k_no28,28,2,7,0.2857142857142857,1789220653074301202-bf165d4123db4fdcac6455a4ac0b9208,"[""search""]",sufficient,2,0,0.0,[],"[1,2]",[],0,[],False,1.0,True
1,official_mquake_label_chain,agentmemorybench:fact-mh-262k:context-0/factconsolidation_mh_262k_no28,factconsolidation_mh_262k_no28,28,3,7,0.42857142857142855,1789220668006437424-dab2ee7dd739433b877e7b93986c56d1,"[""read""]",sufficient,2,0,0.0,[],"[1,2]",[],0,[],False,1.0,True
1,official_mquake_label_chain,agentmemorybench:fact-mh-262k:context-0/factconsolidation_mh_262k_no28,factconsolidation_mh_262k_no28,28,4,7,0.5714285714285714,1789220676504918028-6eb62b093a9b46768cecd35cbb80e7a8,"[""read""]",sufficient,2,0,0.0,[],"[1,2]",[],2,"[""m-95bbccbd6a08d16d05369687"",""m-b7dcd8cd2d91e2a0530e94f1""]",False,1.0,True
1,official_mquake_label_chain,agentmemorybench:fact-mh-262k:context-0/factconsolidation_mh_262k_no28,factconsolidation_mh_262k_no28,28,5,7,0.7142857142857143,1789220690243206816-93108b58abe649fca75f6ff6535a32d7,"[""search""]",sufficient,2,1,0.5,[1],[2],[1],4,"[""m-95bbccbd6a08d16d05369687"",""m-b7dcd8cd2d91e2a0530e94f1"",""m-edc48416279cf33fce68c421"",""m-3576b8a194151a5c0e81bdc5""]",False,1.0,True
1,official_mquake_label_chain,agentmemorybench:fact-mh-262k:context-0/factconsolidation_mh_262k_no28,factconsolidation_mh_262k_no28,28,6,7,0.8571428571428571,1789220710281632091-b3653f45a08848328f928698649bd9ab,"[""read""]",sufficient,2,1,0.5,[1],[2],[],4,"[""m-95bbccbd6a08d16d05369687"",""m-b7dcd8cd2d91e2a0530e94f1"",""m-edc48416279cf33fce68c421"",""m-3576b8a194151a5c0e81bdc5""]",False,1.0,True
1,official_mquake_label_chain,agentmemorybench:fact-mh-262k:context-0/factconsolidation_mh_262k_no28,factconsolidation_mh_262k_no28,28,7,7,1.0,1789220716611837670-5eea5c1b98fb40adbe09a69b4ebe7d66,"[""finish""]",sufficient,2,2,1.0,"[1,2]",[],[2],6,"[""m-95bbccbd6a08d16d05369687"",""m-b7dcd8cd2d91e2a0530e94f1"",""m-edc48416279cf33fce68c421"",""m-3576b8a194151a5c0e81bdc5"",""m-9775f81addddef3bf5347951"",""m-a0156ee0ec6cb0be09a290e7""]",False,1.0,True
1,official_mquake_label_chain,agentmemorybench:fact-mh-262k:context-0/factconsolidation_mh_262k_no29,factconsolidation_mh_262k_no29,29,1,4,0.25,1789220648858095017-e27ee0e95a9942a48fd5d3d6e192d607,"[""search""]",sufficient,2,0,0.0,[],"[1,2]",[],0,[],False,1.0,True
1,official_mquake_label_chain,agentmemorybench:fact-mh-262k:context-0/factconsolidation_mh_262k_no29,factconsolidation_mh_262k_no29,29,2,4,0.5,1789220653989350292-95bb75d50cb34fff9a592fa63134d384,"[""search""]",sufficient,2,0,0.0,[],"[1,2]",[],0,[],False,1.0,True
1,official_mquake_label_chain,agentmemorybench:fact-mh-262k:context-0/factconsolidation_mh_262k_no29,factconsolidation_mh_262k_no29,29,3,4,0.75,1789220666508185128-2faa8ef88c154e89b99327d3099ed26d,"[""read""]",sufficient,2,0,0.0,[],"[1,2]",[],0,[],False,1.0,True
1,official_mquake_label_chain,agentmemorybench:fact-mh-262k:context-0/factconsolidation_mh_262k_no29,factconsolidation_mh_262k_no29,29,4,4,1.0,1789220679421178280-ec106f1abdd34d9cb7ec7db1cad5aac1,"[""finish""]",sufficient,2,2,1.0,"[1,2]",[],"[1,2]",2,"[""m-1013038271bffdb5b4d7d9a5"",""m-32937397b194ea97822b7885""]",False,1.0,True
1,official_mquake_label_chain,agentmemorybench:fact-mh-262k:context-0/factconsolidation_mh_262k_no30,factconsolidation_mh_262k_no30,30,1,5,0.2,1789220651998706689-66c1707301204653980cd44c03dac860,"[""search""]",sufficient,2,0,0.0,[],"[1,2]",[],0,[],False,1.0,True
1,official_mquake_label_chain,agentmemorybench:fact-mh-262k:context-0/factconsolidation_mh_262k_no30,factconsolidation_mh_262k_no30,30,2,5,0.4,1789220657253076577-ab80254814394f1e9c01a77942d89abb,"[""search""]",sufficient,2,0,0.0,[],"[1,2]",[],0,[],False,1.0,True
1,official_mquake_label_chain,agentmemorybench:fact-mh-262k:context-0/factconsolidation_mh_262k_no30,factconsolidation_mh_262k_no30,30,3,5,0.6,1789220668473694190-9c9661eb63ab447691c3e7ff9385195d,"[""read""]",sufficient,2,0,0.0,[],"[1,2]",[],0,[],False,1.0,True
1,official_mquake_label_chain,agentmemorybench:fact-mh-262k:context-0/factconsolidation_mh_262k_no30,factconsolidation_mh_262k_no30,30,4,5,0.8,1789220679556289489-43e48ebf51884e7bba2b4672403ed12e,"[""read""]",sufficient,2,1,0.5,[1],[2],[1],2,"[""m-098e8f358b290e8ba2babe14"",""m-1206e80bff6434ab66c69ece""]",False,1.0,True
1,official_mquake_label_chain,agentmemorybench:fact-mh-262k:context-0/factconsolidation_mh_262k_no30,factconsolidation_mh_262k_no30,30,5,5,1.0,1789220692446289693-55f439100b594cf2b8256b1ce72cb584,"[""finish""]",sufficient,2,2,1.0,"[1,2]",[],[2],4,"[""m-098e8f358b290e8ba2babe14"",""m-1206e80bff6434ab66c69ece"",""m-e8c89d3ba3aa543273171efa"",""m-32937397b194ea97822b7885""]",False,1.0,True
1,official_mquake_label_chain,agentmemorybench:fact-mh-262k:context-0/factconsolidation_mh_262k_no31,factconsolidation_mh_262k_no31,31,1,3,0.3333333333333333,1789220656451702317-cbd05b814cbc459eb0ec4e2850bb6c7b,"[""search""]",sufficient,2,0,0.0,[],"[1,2]",[],0,[],False,0.0,False
1,official_mquake_label_chain,agentmemorybench:fact-mh-262k:context-0/factconsolidation_mh_262k_no31,factconsolidation_mh_262k_no31,31,2,3,0.6666666666666666,1789220659784330485-a542ca8b7e8a4389aa9b3735b5eccc2b,"[""read""]",sufficient,2,0,0.0,[],"[1,2]",[],0,[],False,0.0,False
1,official_mquake_label_chain,agentmemorybench:fact-mh-262k:context-0/factconsolidation_mh_262k_no31,factconsolidation_mh_262k_no31,31,3,3,1.0,1789220682587796999-fdf27ffaf0e140839de29442fcf7cfb4,"[""finish""]",sufficient,2,1,0.5,[1],[2],[1],3,"[""m-154bcacb92d86a5c9d325b00"",""m-942f5722dd6757610c2e118b"",""m-2a46f1804e76d4daa1449ec5""]",False,0.0,False
1,official_mquake_label_chain,agentmemorybench:fact-mh-262k:context-0/factconsolidation_mh_262k_no32,factconsolidation_mh_262k_no32,32,1,16,0.0625,1789220668488997146-fba04992d1ec4764a530ab03b0d39994,"[""search""]",sufficient,4,0,0.0,[],"[1,2,3,4]",[],0,[],False,0.0,False
1,official_mquake_label_chain,agentmemorybench:fact-mh-262k:context-0/factconsolidation_mh_262k_no32,factconsolidation_mh_262k_no32,32,2,16,0.125,1789220675274617338-fee72b8efd724f6cbc43924e343d13ec,"[""search""]",sufficient,4,0,0.0,[],"[1,2,3,4]",[],0,[],False,0.0,False
1,official_mquake_label_chain,agentmemorybench:fact-mh-262k:context-0/factconsolidation_mh_262k_no32,factconsolidation_mh_262k_no32,32,3,16,0.1875,1789220693498205851-b50f8e2279a94a8eb7ccb562e3bfba6c,"[""search""]",sufficient,4,0,0.0,[],"[1,2,3,4]",[],0,[],False,0.0,False
1,official_mquake_label_chain,agentmemorybench:fact-mh-262k:context-0/factconsolidation_mh_262k_no32,factconsolidation_mh_262k_no32,32,4,16,0.25,1789220714502482576-da5f6594f1634811af61b90bc370d44e,"[""search""]",sufficient,4,0,0.0,[],"[1,2,3,4]",[],0,[],False,0.0,False
1,official_mquake_label_chain,agentmemorybench:fact-mh-262k:context-0/factconsolidation_mh_262k_no32,factconsolidation_mh_262k_no32,32,5,16,0.3125,1789220735822067117-d1e35542c2154923ab111c799d95656b,"[""workingMemory""]",sufficient,4,0,0.0,[],"[1,2,3,4]",[],0,[],False,0.0,False
1,official_mquake_label_chain,agentmemorybench:fact-mh-262k:context-0/factconsolidation_mh_262k_no32,factconsolidation_mh_262k_no32,32,6,16,0.375,1789220744679209730-86b468d268774a0aa13a11d7cfdd6088,"[""workingMemory""]",sufficient,4,0,0.0,[],"[1,2,3,4]",[],0,[],False,0.0,False
1,official_mquake_label_chain,agentmemorybench:fact-mh-262k:context-0/factconsolidation_mh_262k_no32,factconsolidation_mh_262k_no32,32,7,16,0.4375,1789220752455111727-7660ab84cf784ca7b2d23e9b90a26632,"[""search""]",sufficient,4,0,0.0,[],"[1,2,3,4]",[],0,[],False,0.0,False
1,official_mquake_label_chain,agentmemorybench:fact-mh-262k:context-0/factconsolidation_mh_262k_no32,factconsolidation_mh_262k_no32,32,8,16,0.5,1789220754695878568-d36b26f2244d4bbc84699c0f07470c17,"[""read""]",sufficient,4,0,0.0,[],"[1,2,3,4]",[],0,[],False,0.0,False
1,official_mquake_label_chain,agentmemorybench:fact-mh-262k:context-0/factconsolidation_mh_262k_no32,factconsolidation_mh_262k_no32,32,9,16,0.5625,1789220785188092761-bbf253326a584da2afb7bdbcae2dc7af,[],sufficient,4,2,0.5,"[1,2]","[3,4]","[1,2]",3,"[""m-b4f7617ddfde634fb0ac7372"",""m-aff4df280c82222c41cd9dbd"",""m-ac04b749be9809cc151a3f0e""]",False,0.0,False
1,official_mquake_label_chain,agentmemorybench:fact-mh-262k:context-0/factconsolidation_mh_262k_no32,factconsolidation_mh_262k_no32,32,10,16,0.625,1789221230920080295-e92e4ad8507a4a999a2d861d85e74742,"[""search""]",sufficient,4,2,0.5,"[1,2]","[3,4]",[],3,"[""m-b4f7617ddfde634fb0ac7372"",""m-aff4df280c82222c41cd9dbd"",""m-ac04b749be9809cc151a3f0e""]",False,0.0,False
1,official_mquake_label_chain,agentmemorybench:fact-mh-262k:context-0/factconsolidation_mh_262k_no32,factconsolidation_mh_262k_no32,32,11,16,0.6875,1789221241036671584-2dd617ea6fcb4510a3d7a056426c9847,"[""read""]",sufficient,4,2,0.5,"[1,2]","[3,4]",[],3,"[""m-b4f7617ddfde634fb0ac7372"",""m-aff4df280c82222c41cd9dbd"",""m-ac04b749be9809cc151a3f0e""]",False,0.0,False
1,official_mquake_label_chain,agentmemorybench:fact-mh-262k:context-0/factconsolidation_mh_262k_no32,factconsolidation_mh_262k_no32,32,12,16,0.75,1789221247936134718-2ad7b757efad44269bcd676d776b72d2,"[""search""]",sufficient,4,2,0.5,"[1,2]","[3,4]",[],6,"[""m-b4f7617ddfde634fb0ac7372"",""m-aff4df280c82222c41cd9dbd"",""m-ac04b749be9809cc151a3f0e"",""m-4b387e35592c018e238fb4ed"",""m-d378741b166342a8e5a0aca8"",""m-0f10fff25f4f2295def856b4""]",False,0.0,False
1,official_mquake_label_chain,agentmemorybench:fact-mh-262k:context-0/factconsolidation_mh_262k_no32,factconsolidation_mh_262k_no32,32,13,16,0.8125,1789221262954812136-ed175cd694384b4ca65a6d819ae74033,"[""read""]",sufficient,4,2,0.5,"[1,2]","[3,4]",[],6,"[""m-b4f7617ddfde634fb0ac7372"",""m-aff4df280c82222c41cd9dbd"",""m-ac04b749be9809cc151a3f0e"",""m-4b387e35592c018e238fb4ed"",""m-d378741b166342a8e5a0aca8"",""m-0f10fff25f4f2295def856b4""]",False,0.0,False
1,official_mquake_label_chain,agentmemorybench:fact-mh-262k:context-0/factconsolidation_mh_262k_no32,factconsolidation_mh_262k_no32,32,14,16,0.875,1789221281423955676-55de5f1745f2462ebfec54b73dce0c8a,"[""search""]",sufficient,4,2,0.5,"[1,2]","[3,4]",[],11,"[""m-b4f7617ddfde634fb0ac7372"",""m-aff4df280c82222c41cd9dbd"",""m-ac04b749be9809cc151a3f0e"",""m-4b387e35592c018e238fb4ed"",""m-d378741b166342a8e5a0aca8"",""m-0f10fff25f4f2295def856b4"",""m-cc9026da2a96fd1bdeb2953b"",""m-cbdf6a8153fd22ff0242fee9"",""m-1013038271bffdb5b4d7d9a5"",""m-22130c7cb447261eda31ef6b"",""m-39a70dddcdab182d48ea3d73""]",False,0.0,False
1,official_mquake_label_chain,agentmemorybench:fact-mh-262k:context-0/factconsolidation_mh_262k_no32,factconsolidation_mh_262k_no32,32,15,16,0.9375,1789221288369995730-c673e224814045b6b30c45ac258c516d,"[""search""]",sufficient,4,2,0.5,"[1,2]","[3,4]",[],11,"[""m-b4f7617ddfde634fb0ac7372"",""m-aff4df280c82222c41cd9dbd"",""m-ac04b749be9809cc151a3f0e"",""m-4b387e35592c018e238fb4ed"",""m-d378741b166342a8e5a0aca8"",""m-0f10fff25f4f2295def856b4"",""m-cc9026da2a96fd1bdeb2953b"",""m-cbdf6a8153fd22ff0242fee9"",""m-1013038271bffdb5b4d7d9a5"",""m-22130c7cb447261eda31ef6b"",""m-39a70dddcdab182d48ea3d73""]",False,0.0,False
1,official_mquake_label_chain,agentmemorybench:fact-mh-262k:context-0/factconsolidation_mh_262k_no32,factconsolidation_mh_262k_no32,32,16,16,1.0,1789221295125515888-6e3884aadaff497e91460b0b98ddba6e,"[""finish""]",sufficient,4,2,0.5,"[1,2]","[3,4]",[],11,"[""m-b4f7617ddfde634fb0ac7372"",""m-aff4df280c82222c41cd9dbd"",""m-ac04b749be9809cc151a3f0e"",""m-4b387e35592c018e238fb4ed"",""m-d378741b166342a8e5a0aca8"",""m-0f10fff25f4f2295def856b4"",""m-cc9026da2a96fd1bdeb2953b"",""m-cbdf6a8153fd22ff0242fee9"",""m-1013038271bffdb5b4d7d9a5"",""m-22130c7cb447261eda31ef6b"",""m-39a70dddcdab182d48ea3d73""]",False,0.0,False
1,official_mquake_label_chain,agentmemorybench:fact-mh-262k:context-0/factconsolidation_mh_262k_no33,factconsolidation_mh_262k_no33,33,1,7,0.14285714285714285,1789220682775634340-aca6ff462f794b48964c1474a1f672e9,"[""search""]",sufficient,3,0,0.0,[],"[1,2,3]",[],0,[],True,1.0,True
1,official_mquake_label_chain,agentmemorybench:fact-mh-262k:context-0/factconsolidation_mh_262k_no33,factconsolidation_mh_262k_no33,33,2,7,0.2857142857142857,1789220688321058442-b483bd5666d342aa8cd5b636a1cb5815,"[""read""]",sufficient,3,0,0.0,[],"[1,2,3]",[],0,[],True,1.0,True
1,official_mquake_label_chain,agentmemorybench:fact-mh-262k:context-0/factconsolidation_mh_262k_no33,factconsolidation_mh_262k_no33,33,3,7,0.42857142857142855,1789220702374890205-ff81cfa2bd9448788b7c3d91ec513358,"[""search""]",sufficient,3,1,0.3333333333333333,[1],"[2,3]",[1],2,"[""m-9775f81addddef3bf5347951"",""m-0f10fff25f4f2295def856b4""]",True,1.0,True
1,official_mquake_label_chain,agentmemorybench:fact-mh-262k:context-0/factconsolidation_mh_262k_no33,factconsolidation_mh_262k_no33,33,4,7,0.5714285714285714,1789220715142022094-00ff50b4a6be4cc6aeb479075773163a,"[""read""]",sufficient,3,1,0.3333333333333333,[1],"[2,3]",[],2,"[""m-9775f81addddef3bf5347951"",""m-0f10fff25f4f2295def856b4""]",True,1.0,True
1,official_mquake_label_chain,agentmemorybench:fact-mh-262k:context-0/factconsolidation_mh_262k_no33,factconsolidation_mh_262k_no33,33,5,7,0.7142857142857143,1789220741188316551-5cf3ae1968ba4556b8517e10002c306b,"[""search""]",sufficient,3,2,0.6666666666666666,"[1,3]",[2],[3],4,"[""m-9775f81addddef3bf5347951"",""m-0f10fff25f4f2295def856b4"",""m-edc48416279cf33fce68c421"",""m-9114fa7460e0af8f396d5e59""]",True,1.0,True
1,official_mquake_label_chain,agentmemorybench:fact-mh-262k:context-0/factconsolidation_mh_262k_no33,factconsolidation_mh_262k_no33,33,6,7,0.8571428571428571,1789220988353049966-66ecc67888db46a8965e4732d52dee89,[],sufficient,3,2,0.6666666666666666,"[1,3]",[2],[],4,"[""m-9775f81addddef3bf5347951"",""m-0f10fff25f4f2295def856b4"",""m-edc48416279cf33fce68c421"",""m-9114fa7460e0af8f396d5e59""]",True,1.0,True
1,official_mquake_label_chain,agentmemorybench:fact-mh-262k:context-0/factconsolidation_mh_262k_no33,factconsolidation_mh_262k_no33,33,7,7,1.0,1789221130050975004-12ac4acdbb9f4d62a588295738204cad,"[""finish""]",sufficient,3,2,0.6666666666666666,"[1,3]",[2],[],4,"[""m-9775f81addddef3bf5347951"",""m-0f10fff25f4f2295def856b4"",""m-edc48416279cf33fce68c421"",""m-9114fa7460e0af8f396d5e59""]",True,1.0,True
1,official_mquake_label_chain,agentmemorybench:fact-mh-262k:context-0/factconsolidation_mh_262k_no34,factconsolidation_mh_262k_no34,34,1,12,0.08333333333333333,1789220684241053595-2fcd7df1a38f43a18765cea7fd8994af,"[""search""]",sufficient,3,0,0.0,[],"[1,2,3]",[],0,[],False,1.0,True
1,official_mquake_label_chain,agentmemorybench:fact-mh-262k:context-0/factconsolidation_mh_262k_no34,factconsolidation_mh_262k_no34,34,2,12,0.16666666666666666,1789220693497780359-9fd0473e27f748129757c5ed85bf9356,"[""search""]",sufficient,3,0,0.0,[],"[1,2,3]",[],0,[],False,1.0,True
1,official_mquake_label_chain,agentmemorybench:fact-mh-262k:context-0/factconsolidation_mh_262k_no34,factconsolidation_mh_262k_no34,34,3,12,0.25,1789220710719768537-3215abec8e4c483fa2ade6b45a69f905,"[""read""]",sufficient,3,0,0.0,[],"[1,2,3]",[],0,[],False,1.0,True
1,official_mquake_label_chain,agentmemorybench:fact-mh-262k:context-0/factconsolidation_mh_262k_no34,factconsolidation_mh_262k_no34,34,4,12,0.3333333333333333,1789220718765268346-110465a544b7447f85c204fe33b1a7de,"[""search""]",sufficient,3,1,0.3333333333333333,[1],"[2,3]",[1],2,"[""m-2a33ae56e5df02e9a6e4fa1b"",""m-a0156ee0ec6cb0be09a290e7""]",False,1.0,True
1,official_mquake_label_chain,agentmemorybench:fact-mh-262k:context-0/factconsolidation_mh_262k_no34,factconsolidation_mh_262k_no34,34,5,12,0.4166666666666667,1789220747805006552-cca484df5183447dba3b17de396f0636,"[""read""]",sufficient,3,1,0.3333333333333333,[1],"[2,3]",[],2,"[""m-2a33ae56e5df02e9a6e4fa1b"",""m-a0156ee0ec6cb0be09a290e7""]",False,1.0,True
1,official_mquake_label_chain,agentmemorybench:fact-mh-262k:context-0/factconsolidation_mh_262k_no34,factconsolidation_mh_262k_no34,34,6,12,0.5,1789220754038917010-ee9b46dcf9fb474492abd45832e2d091,"[""search""]",sufficient,3,1,0.3333333333333333,[1],"[2,3]",[],5,"[""m-2a33ae56e5df02e9a6e4fa1b"",""m-a0156ee0ec6cb0be09a290e7"",""m-cbdf6a8153fd22ff0242fee9"",""m-f41ccd0cde28da235a2664ef"",""m-4629414582d97d69514c4643""]",False,1.0,True
1,official_mquake_label_chain,agentmemorybench:fact-mh-262k:context-0/factconsolidation_mh_262k_no34,factconsolidation_mh_262k_no34,34,7,12,0.5833333333333334,1789220944426284926-a89c2d9719f244ac8a0bc105ea3474ec,"[""search""]",sufficient,3,1,0.3333333333333333,[1],"[2,3]",[],5,"[""m-2a33ae56e5df02e9a6e4fa1b"",""m-a0156ee0ec6cb0be09a290e7"",""m-cbdf6a8153fd22ff0242fee9"",""m-f41ccd0cde28da235a2664ef"",""m-4629414582d97d69514c4643""]",False,1.0,True
1,official_mquake_label_chain,agentmemorybench:fact-mh-262k:context-0/factconsolidation_mh_262k_no34,factconsolidation_mh_262k_no34,34,8,12,0.6666666666666666,1789221132723777840-f3ec28f7db494a0a91d7a8bc43af9077,"[""search""]",sufficient,3,1,0.3333333333333333,[1],"[2,3]",[],5,"[""m-2a33ae56e5df02e9a6e4fa1b"",""m-a0156ee0ec6cb0be09a290e7"",""m-cbdf6a8153fd22ff0242fee9"",""m-f41ccd0cde28da235a2664ef"",""m-4629414582d97d69514c4643""]",False,1.0,True
1,official_mquake_label_chain,agentmemorybench:fact-mh-262k:context-0/factconsolidation_mh_262k_no34,factconsolidation_mh_262k_no34,34,9,12,0.75,1789221143799466364-a062a9ae553c4a8083ec6251f041e7a6,"[""search""]",sufficient,3,1,0.3333333333333333,[1],"[2,3]",[],5,"[""m-2a33ae56e5df02e9a6e4fa1b"",""m-a0156ee0ec6cb0be09a290e7"",""m-cbdf6a8153fd22ff0242fee9"",""m-f41ccd0cde28da235a2664ef"",""m-4629414582d97d69514c4643""]",False,1.0,True
1,official_mquake_label_chain,agentmemorybench:fact-mh-262k:context-0/factconsolidation_mh_262k_no34,factconsolidation_mh_262k_no34,34,10,12,0.8333333333333334,1789221157668228525-f047799c97b44da4869b55526abdf389,"[""search""]",sufficient,3,1,0.3333333333333333,[1],"[2,3]",[],5,"[""m-2a33ae56e5df02e9a6e4fa1b"",""m-a0156ee0ec6cb0be09a290e7"",""m-cbdf6a8153fd22ff0242fee9"",""m-f41ccd0cde28da235a2664ef"",""m-4629414582d97d69514c4643""]",False,1.0,True
1,official_mquake_label_chain,agentmemorybench:fact-mh-262k:context-0/factconsolidation_mh_262k_no34,factconsolidation_mh_262k_no34,34,11,12,0.9166666666666666,1789221179420845877-62ed1640158c46388b236ea644867feb,"[""search""]",sufficient,3,1,0.3333333333333333,[1],"[2,3]",[],5,"[""m-2a33ae56e5df02e9a6e4fa1b"",""m-a0156ee0ec6cb0be09a290e7"",""m-cbdf6a8153fd22ff0242fee9"",""m-f41ccd0cde28da235a2664ef"",""m-4629414582d97d69514c4643""]",False,1.0,True
1,official_mquake_label_chain,agentmemorybench:fact-mh-262k:context-0/factconsolidation_mh_262k_no34,factconsolidation_mh_262k_no34,34,12,12,1.0,1789221203101039206-012bcb6dccf24220b256685d262d68ff,"[""finish""]",sufficient,3,1,0.3333333333333333,[1],"[2,3]",[],5,"[""m-2a33ae56e5df02e9a6e4fa1b"",""m-a0156ee0ec6cb0be09a290e7"",""m-cbdf6a8153fd22ff0242fee9"",""m-f41ccd0cde28da235a2664ef"",""m-4629414582d97d69514c4643""]",False,1.0,True
1,official_mquake_label_chain,agentmemorybench:fact-mh-262k:context-0/factconsolidation_mh_262k_no35,factconsolidation_mh_262k_no35,35,1,9,0.1111111111111111,1789220693652619011-46edcfe41c46483398425902e44f5203,"[""search""]",sufficient,4,0,0.0,[],"[1,2,3,4]",[],0,[],True,0.0,False
1,official_mquake_label_chain,agentmemorybench:fact-mh-262k:context-0/factconsolidation_mh_262k_no35,factconsolidation_mh_262k_no35,35,2,9,0.2222222222222222,1789220701329639003-6da4ee28d40042e78762545f7b04f583,"[""search""]",sufficient,4,0,0.0,[],"[1,2,3,4]",[],0,[],True,0.0,False
1,official_mquake_label_chain,agentmemorybench:fact-mh-262k:context-0/factconsolidation_mh_262k_no35,factconsolidation_mh_262k_no35,35,3,9,0.3333333333333333,1789220708091409944-9962ea93281849e1b80efaa3ca8444de,"[""read""]",sufficient,4,0,0.0,[],"[1,2,3,4]",[],0,[],True,0.0,False
1,official_mquake_label_chain,agentmemorybench:fact-mh-262k:context-0/factconsolidation_mh_262k_no35,factconsolidation_mh_262k_no35,35,4,9,0.4444444444444444,1789220725933199159-aacf21ec9c7a44a980dbb54656061e16,"[""search""]",sufficient,4,2,0.5,"[1,2]","[3,4]","[1,2]",5,"[""m-2c378c529470c6ac9d9129c5"",""m-0b1df58bb07f6d7652d8dfb1"",""m-154bcacb92d86a5c9d325b00"",""m-ae3c59715d1425023fba9b40"",""m-dfb16b405973c1a31c4ae15b""]",True,0.0,False
1,official_mquake_label_chain,agentmemorybench:fact-mh-262k:context-0/factconsolidation_mh_262k_no35,factconsolidation_mh_262k_no35,35,5,9,0.5555555555555556,1789220739620881711-5398acf5dde54e57b29271b45734bc75,"[""search""]",sufficient,4,2,0.5,"[1,2]","[3,4]",[],5,"[""m-2c378c529470c6ac9d9129c5"",""m-0b1df58bb07f6d7652d8dfb1"",""m-154bcacb92d86a5c9d325b00"",""m-ae3c59715d1425023fba9b40"",""m-dfb16b405973c1a31c4ae15b""]",True,0.0,False
1,official_mquake_label_chain,agentmemorybench:fact-mh-262k:context-0/factconsolidation_mh_262k_no35,factconsolidation_mh_262k_no35,35,6,9,0.6666666666666666,1789220755330001783-8b7ab56b6d8548dba80bbbb9f1354795,"[""read""]",sufficient,4,2,0.5,"[1,2]","[3,4]",[],5,"[""m-2c378c529470c6ac9d9129c5"",""m-0b1df58bb07f6d7652d8dfb1"",""m-154bcacb92d86a5c9d325b00"",""m-ae3c59715d1425023fba9b40"",""m-dfb16b405973c1a31c4ae15b""]",True,0.0,False
1,official_mquake_label_chain,agentmemorybench:fact-mh-262k:context-0/factconsolidation_mh_262k_no35,factconsolidation_mh_262k_no35,35,7,9,0.7777777777777778,1789220856082099154-a5bdf9972c08474e9f1f6ae0f68b7466,"[""search""]",sufficient,4,2,0.5,"[1,2]","[3,4]",[],5,"[""m-2c378c529470c6ac9d9129c5"",""m-0b1df58bb07f6d7652d8dfb1"",""m-154bcacb92d86a5c9d325b00"",""m-ae3c59715d1425023fba9b40"",""m-dfb16b405973c1a31c4ae15b""]",True,0.0,False
1,official_mquake_label_chain,agentmemorybench:fact-mh-262k:context-0/factconsolidation_mh_262k_no35,factconsolidation_mh_262k_no35,35,8,9,0.8888888888888888,1789221122679999781-3a4cd0c407b14a488a090b9b9e21c271,"[""read""]",sufficient,4,2,0.5,"[1,2]","[3,4]",[],5,"[""m-2c378c529470c6ac9d9129c5"",""m-0b1df58bb07f6d7652d8dfb1"",""m-154bcacb92d86a5c9d325b00"",""m-ae3c59715d1425023fba9b40"",""m-dfb16b405973c1a31c4ae15b""]",True,0.0,False
1,official_mquake_label_chain,agentmemorybench:fact-mh-262k:context-0/factconsolidation_mh_262k_no35,factconsolidation_mh_262k_no35,35,9,9,1.0,1789221124035431369-b4a163064ce947fcb8bfd5c8076b3483,"[""finish""]",sufficient,4,3,0.75,"[1,2,4]",[3],[4],7,"[""m-2c378c529470c6ac9d9129c5"",""m-0b1df58bb07f6d7652d8dfb1"",""m-154bcacb92d86a5c9d325b00"",""m-ae3c59715d1425023fba9b40"",""m-dfb16b405973c1a31c4ae15b"",""m-2a33ae56e5df02e9a6e4fa1b"",""m-b7dcd8cd2d91e2a0530e94f1""]",True,0.0,False
1,official_mquake_label_chain,agentmemorybench:fact-mh-262k:context-0/factconsolidation_mh_262k_no36,factconsolidation_mh_262k_no36,36,1,5,0.2,1789220705731808398-8b73a4a7f8a144359a4707bb1fb87e94,"[""search""]",sufficient,4,0,0.0,[],"[1,2,3,4]",[],0,[],True,0.0,False
1,official_mquake_label_chain,agentmemorybench:fact-mh-262k:context-0/factconsolidation_mh_262k_no36,factconsolidation_mh_262k_no36,36,2,5,0.4,1789220711644761771-f81831ab4c75456cb09b74fc957dbdaa,"[""read""]",sufficient,4,0,0.0,[],"[1,2,3,4]",[],0,[],True,0.0,False
1,official_mquake_label_chain,agentmemorybench:fact-mh-262k:context-0/factconsolidation_mh_262k_no36,factconsolidation_mh_262k_no36,36,3,5,0.6,1789220720662313538-7b2d4462939344c2ac4caa8383571991,"[""search""]",sufficient,4,1,0.25,[1],"[2,3,4]",[1],2,"[""m-0b1df58bb07f6d7652d8dfb1"",""m-a1a4edfb7fb9ec1bee215e03""]",True,0.0,False
1,official_mquake_label_chain,agentmemorybench:fact-mh-262k:context-0/factconsolidation_mh_262k_no36,factconsolidation_mh_262k_no36,36,4,5,0.8,1789220737591663066-40677d7ee3c8424983cc94b37139f55c,"[""read""]",sufficient,4,1,0.25,[1],"[2,3,4]",[],2,"[""m-0b1df58bb07f6d7652d8dfb1"",""m-a1a4edfb7fb9ec1bee215e03""]",True,0.0,False
1,official_mquake_label_chain,agentmemorybench:fact-mh-262k:context-0/factconsolidation_mh_262k_no36,factconsolidation_mh_262k_no36,36,5,5,1.0,1789220744569199087-1608827bc06a4bab80be41d5a321811e,"[""finish""]",sufficient,4,1,0.25,[1],"[2,3,4]",[],3,"[""m-0b1df58bb07f6d7652d8dfb1"",""m-a1a4edfb7fb9ec1bee215e03"",""m-e8c89d3ba3aa543273171efa""]",True,0.0,False
1,official_mquake_label_chain,agentmemorybench:fact-mh-262k:context-0/factconsolidation_mh_262k_no37,factconsolidation_mh_262k_no37,37,1,5,0.2,1789220711671189307-e7cb7007ef5947aa915646f1cf4d5fc9,"[""search""]",sufficient,2,0,0.0,[],"[1,2]",[],0,[],False,1.0,True
1,official_mquake_label_chain,agentmemorybench:fact-mh-262k:context-0/factconsolidation_mh_262k_no37,factconsolidation_mh_262k_no37,37,2,5,0.4,1789220716861304486-6a45f02778024156adc8f604ff0c5ac9,"[""read""]",sufficient,2,0,0.0,[],"[1,2]",[],0,[],False,1.0,True
1,official_mquake_label_chain,agentmemorybench:fact-mh-262k:context-0/factconsolidation_mh_262k_no37,factconsolidation_mh_262k_no37,37,3,5,0.6,1789220723756050028-20e273bf41594996b16787479553aace,"[""search""]",sufficient,2,1,0.5,[1],[2],[1],1,"[""m-f4d41a198fada7f7ebf3b81e""]",False,1.0,True
1,official_mquake_label_chain,agentmemorybench:fact-mh-262k:context-0/factconsolidation_mh_262k_no37,factconsolidation_mh_262k_no37,37,4,5,0.8,1789220738935111964-dacebbf7cdfb4561acb5ed9e1b5038b0,"[""read""]",sufficient,2,1,0.5,[1],[2],[],1,"[""m-f4d41a198fada7f7ebf3b81e""]",False,1.0,True
1,official_mquake_label_chain,agentmemorybench:fact-mh-262k:context-0/factconsolidation_mh_262k_no37,factconsolidation_mh_262k_no37,37,5,5,1.0,1789220750169775874-dc7dde6f7299405fabade545bd65d8ff,"[""finish""]",sufficient,2,2,1.0,"[1,2]",[],[2],3,"[""m-f4d41a198fada7f7ebf3b81e"",""m-edc48416279cf33fce68c421"",""m-9114fa7460e0af8f396d5e59""]",False,1.0,True
1,official_mquake_label_chain,agentmemorybench:fact-mh-262k:context-0/factconsolidation_mh_262k_no38,factconsolidation_mh_262k_no38,38,1,7,0.14285714285714285,1789220723851221332-05808a12b9c448458834e2648f8f5a44,"[""search""]",sufficient,2,0,0.0,[],"[1,2]",[],0,[],False,1.0,True
1,official_mquake_label_chain,agentmemorybench:fact-mh-262k:context-0/factconsolidation_mh_262k_no38,factconsolidation_mh_262k_no38,38,2,7,0.2857142857142857,1789220741186934149-f85a47d5b492460a81eb2350b014b42b,"[""read""]",sufficient,2,0,0.0,[],"[1,2]",[],0,[],False,1.0,True
1,official_mquake_label_chain,agentmemorybench:fact-mh-262k:context-0/factconsolidation_mh_262k_no38,factconsolidation_mh_262k_no38,38,3,7,0.42857142857142855,1789220759981043522-edcb2d7eb2254319b79bf60ab879f668,"[""search""]",sufficient,2,1,0.5,[1],[2],[1],2,"[""m-8a1ac4543999c1eeeb063bdd"",""m-32937397b194ea97822b7885""]",False,1.0,True
1,official_mquake_label_chain,agentmemorybench:fact-mh-262k:context-0/factconsolidation_mh_262k_no38,factconsolidation_mh_262k_no38,38,4,7,0.5714285714285714,1789220868805760809-1b73ca4c457a4fcfab8483cf41a9db16,[],sufficient,2,1,0.5,[1],[2],[],2,"[""m-8a1ac4543999c1eeeb063bdd"",""m-32937397b194ea97822b7885""]",False,1.0,True
1,official_mquake_label_chain,agentmemorybench:fact-mh-262k:context-0/factconsolidation_mh_262k_no38,factconsolidation_mh_262k_no38,38,5,7,0.7142857142857143,1789221234831439680-0ad5f9b2bb6948e9b91e84fa4705c50d,"[""read""]",sufficient,2,1,0.5,[1],[2],[],2,"[""m-8a1ac4543999c1eeeb063bdd"",""m-32937397b194ea97822b7885""]",False,1.0,True
1,official_mquake_label_chain,agentmemorybench:fact-mh-262k:context-0/factconsolidation_mh_262k_no38,factconsolidation_mh_262k_no38,38,6,7,0.8571428571428571,1789221241038002417-cf386184d4ee4e4baa46cc04f122b529,"[""read""]",sufficient,2,1,0.5,[1],[2],[],3,"[""m-8a1ac4543999c1eeeb063bdd"",""m-32937397b194ea97822b7885"",""m-ac04b749be9809cc151a3f0e""]",False,1.0,True
1,official_mquake_label_chain,agentmemorybench:fact-mh-262k:context-0/factconsolidation_mh_262k_no38,factconsolidation_mh_262k_no38,38,7,7,1.0,1789221259167090765-ecb903fdf80b44ceb4bf31a3dc347ecb,"[""finish""]",sufficient,2,2,1.0,"[1,2]",[],[2],4,"[""m-8a1ac4543999c1eeeb063bdd"",""m-32937397b194ea97822b7885"",""m-ac04b749be9809cc151a3f0e"",""m-de83a0d2e0630ddb97f1fe54""]",False,1.0,True
1,official_mquake_label_chain,agentmemorybench:fact-mh-262k:context-0/factconsolidation_mh_262k_no39,factconsolidation_mh_262k_no39,39,1,8,0.125,1789220753152821765-43a360914bfc4c6b8cea967d79f0b1de,"[""search""]",sufficient,2,0,0.0,[],"[1,2]",[],0,[],False,1.0,True
1,official_mquake_label_chain,agentmemorybench:fact-mh-262k:context-0/factconsolidation_mh_262k_no39,factconsolidation_mh_262k_no39,39,2,8,0.25,1789220759980597180-8188fe46caa045539e31fac13123958e,"[""search""]",sufficient,2,0,0.0,[],"[1,2]",[],0,[],False,1.0,True
1,official_mquake_label_chain,agentmemorybench:fact-mh-262k:context-0/factconsolidation_mh_262k_no39,factconsolidation_mh_262k_no39,39,3,8,0.375,1789220835810417684-0c4494fcd14f4199a30b9b6f784f3fca,[],sufficient,2,0,0.0,[],"[1,2]",[],0,[],False,1.0,True
1,official_mquake_label_chain,agentmemorybench:fact-mh-262k:context-0/factconsolidation_mh_262k_no39,factconsolidation_mh_262k_no39,39,4,8,0.5,1789221231151101723-c19f98460cf04bf1a13e69f903cfa7ec,"[""search""]",sufficient,2,0,0.0,[],"[1,2]",[],0,[],False,1.0,True
1,official_mquake_label_chain,agentmemorybench:fact-mh-262k:context-0/factconsolidation_mh_262k_no39,factconsolidation_mh_262k_no39,39,5,8,0.625,1789221235613449375-f0cab5ef958d4935b126e8f16d4ac224,"[""read""]",sufficient,2,0,0.0,[],"[1,2]",[],0,[],False,1.0,True
1,official_mquake_label_chain,agentmemorybench:fact-mh-262k:context-0/factconsolidation_mh_262k_no39,factconsolidation_mh_262k_no39,39,6,8,0.75,1789221249679528976-0a1f57d5d8f84d9eb0d0b4a776183345,"[""search""]",sufficient,2,1,0.5,[1],[2],[1],4,"[""m-1d5745d8b432a6047b4dd936"",""m-621e3928a351e7bbd9e11337"",""m-6fd0269b08ed390fee96395f"",""m-20b0bd029c73234fd44ab583""]",False,1.0,True
1,official_mquake_label_chain,agentmemorybench:fact-mh-262k:context-0/factconsolidation_mh_262k_no39,factconsolidation_mh_262k_no39,39,7,8,0.875,1789221270968583104-6b01d09e5f704704b7925764ef9e8fda,"[""read""]",sufficient,2,1,0.5,[1],[2],[],4,"[""m-1d5745d8b432a6047b4dd936"",""m-621e3928a351e7bbd9e11337"",""m-6fd0269b08ed390fee96395f"",""m-20b0bd029c73234fd44ab583""]",False,1.0,True
1,official_mquake_label_chain,agentmemorybench:fact-mh-262k:context-0/factconsolidation_mh_262k_no39,factconsolidation_mh_262k_no39,39,8,8,1.0,1789221287300035047-078b75d28efc4b6b84592ed121330bdb,"[""finish""]",sufficient,2,2,1.0,"[1,2]",[],[2],6,"[""m-1d5745d8b432a6047b4dd936"",""m-621e3928a351e7bbd9e11337"",""m-6fd0269b08ed390fee96395f"",""m-20b0bd029c73234fd44ab583"",""m-098e8f358b290e8ba2babe14"",""m-b4f7617ddfde634fb0ac7372""]",False,1.0,True
1,official_mquake_label_chain,agentmemorybench:fact-mh-262k:context-0/factconsolidation_mh_262k_no40,factconsolidation_mh_262k_no40,40,1,13,0.07692307692307693,1789220753212679762-827215ab2d4040a5885c9a5123679509,"[""search""]",insufficient,2,0,0.0,[],"[1,2]",[],0,[],False,0.0,False
1,official_mquake_label_chain,agentmemorybench:fact-mh-262k:context-0/factconsolidation_mh_262k_no40,factconsolidation_mh_262k_no40,40,2,13,0.15384615384615385,1789220760255261127-d8d624f716cc4c9caea36f6b5bcc2b33,"[""read""]",insufficient,2,0,0.0,[],"[1,2]",[],0,[],False,0.0,False
1,official_mquake_label_chain,agentmemorybench:fact-mh-262k:context-0/factconsolidation_mh_262k_no40,factconsolidation_mh_262k_no40,40,3,13,0.23076923076923078,1789220764424727005-c8fe731fecb94f698fff1227c9a5f1b5,"[""search""]",insufficient,2,1,0.5,[1],[2],[1],1,"[""m-764a735eb863dbf0706b046a""]",False,0.0,False
1,official_mquake_label_chain,agentmemorybench:fact-mh-262k:context-0/factconsolidation_mh_262k_no40,factconsolidation_mh_262k_no40,40,4,13,0.3076923076923077,1789220809321463476-4f7e2e1ec54947f8bb90502dcfca8339,[],insufficient,2,1,0.5,[1],[2],[],1,"[""m-764a735eb863dbf0706b046a""]",False,0.0,False
1,official_mquake_label_chain,agentmemorybench:fact-mh-262k:context-0/factconsolidation_mh_262k_no40,factconsolidation_mh_262k_no40,40,5,13,0.38461538461538464,1789221213688364149-7dd578adc55a468594af60ad08183136,"[""read""]",insufficient,2,1,0.5,[1],[2],[],1,"[""m-764a735eb863dbf0706b046a""]",False,0.0,False
1,official_mquake_label_chain,agentmemorybench:fact-mh-262k:context-0/factconsolidation_mh_262k_no40,factconsolidation_mh_262k_no40,40,6,13,0.46153846153846156,1789221218239093057-d259f2f583c94c42915a1e8c86aa47c7,"[""search""]",insufficient,2,1,0.5,[1],[2],[],6,"[""m-764a735eb863dbf0706b046a"",""m-edc48416279cf33fce68c421"",""m-6fd0269b08ed390fee96395f"",""m-df5c8fccc1791c4df5c99f24"",""m-0b1100aa2215e071bf08a812"",""m-feaf7a534f97d17286f510dc""]",False,0.0,False
1,official_mquake_label_chain,agentmemorybench:fact-mh-262k:context-0/factconsolidation_mh_262k_no40,factconsolidation_mh_262k_no40,40,7,13,0.5384615384615384,1789221235672174649-7849419df2c84acaa8dcd758a7a0967b,"[""search""]",insufficient,2,1,0.5,[1],[2],[],6,"[""m-764a735eb863dbf0706b046a"",""m-edc48416279cf33fce68c421"",""m-6fd0269b08ed390fee96395f"",""m-df5c8fccc1791c4df5c99f24"",""m-0b1100aa2215e071bf08a812"",""m-feaf7a534f97d17286f510dc""]",False,0.0,False
1,official_mquake_label_chain,agentmemorybench:fact-mh-262k:context-0/factconsolidation_mh_262k_no40,factconsolidation_mh_262k_no40,40,8,13,0.6153846153846154,1789221241037238181-e1ea5338dd6c4280b0b42c30f3aaa91c,"[""search""]",insufficient,2,1,0.5,[1],[2],[],6,"[""m-764a735eb863dbf0706b046a"",""m-edc48416279cf33fce68c421"",""m-6fd0269b08ed390fee96395f"",""m-df5c8fccc1791c4df5c99f24"",""m-0b1100aa2215e071bf08a812"",""m-feaf7a534f97d17286f510dc""]",False,0.0,False
1,official_mquake_label_chain,agentmemorybench:fact-mh-262k:context-0/factconsolidation_mh_262k_no40,factconsolidation_mh_262k_no40,40,9,13,0.6923076923076923,1789221244819495935-ee5ab8c71cf34ee8a0bd7ad565202a35,"[""search""]",insufficient,2,1,0.5,[1],[2],[],6,"[""m-764a735eb863dbf0706b046a"",""m-edc48416279cf33fce68c421"",""m-6fd0269b08ed390fee96395f"",""m-df5c8fccc1791c4df5c99f24"",""m-0b1100aa2215e071bf08a812"",""m-feaf7a534f97d17286f510dc""]",False,0.0,False
1,official_mquake_label_chain,agentmemorybench:fact-mh-262k:context-0/factconsolidation_mh_262k_no40,factconsolidation_mh_262k_no40,40,10,13,0.7692307692307693,1789221246979373757-b1dcaeeaf6ae4a04bc675be7980ecbbb,"[""search""]",insufficient,2,1,0.5,[1],[2],[],6,"[""m-764a735eb863dbf0706b046a"",""m-edc48416279cf33fce68c421"",""m-6fd0269b08ed390fee96395f"",""m-df5c8fccc1791c4df5c99f24"",""m-0b1100aa2215e071bf08a812"",""m-feaf7a534f97d17286f510dc""]",False,0.0,False
1,official_mquake_label_chain,agentmemorybench:fact-mh-262k:context-0/factconsolidation_mh_262k_no40,factconsolidation_mh_262k_no40,40,11,13,0.8461538461538461,1789221257762179597-ca7c724010c24e19adbdeb9fbe3bd4b5,"[""search""]",insufficient,2,1,0.5,[1],[2],[],6,"[""m-764a735eb863dbf0706b046a"",""m-edc48416279cf33fce68c421"",""m-6fd0269b08ed390fee96395f"",""m-df5c8fccc1791c4df5c99f24"",""m-0b1100aa2215e071bf08a812"",""m-feaf7a534f97d17286f510dc""]",False,0.0,False
1,official_mquake_label_chain,agentmemorybench:fact-mh-262k:context-0/factconsolidation_mh_262k_no40,factconsolidation_mh_262k_no40,40,12,13,0.9230769230769231,1789221262955604109-8e2cf941fedf454da1724fe70de5a684,"[""search""]",insufficient,2,1,0.5,[1],[2],[],6,"[""m-764a735eb863dbf0706b046a"",""m-edc48416279cf33fce68c421"",""m-6fd0269b08ed390fee96395f"",""m-df5c8fccc1791c4df5c99f24"",""m-0b1100aa2215e071bf08a812"",""m-feaf7a534f97d17286f510dc""]",False,0.0,False
1,official_mquake_label_chain,agentmemorybench:fact-mh-262k:context-0/factconsolidation_mh_262k_no40,factconsolidation_mh_262k_no40,40,13,13,1.0,1789221271403746098-831420eeae724780b837a1e1e4f60723,"[""finish""]",insufficient,2,1,0.5,[1],[2],[],6,"[""m-764a735eb863dbf0706b046a"",""m-edc48416279cf33fce68c421"",""m-6fd0269b08ed390fee96395f"",""m-df5c8fccc1791c4df5c99f24"",""m-0b1100aa2215e071bf08a812"",""m-feaf7a534f97d17286f510dc""]",False,0.0,False
1,official_mquake_label_chain,agentmemorybench:fact-mh-262k:context-0/factconsolidation_mh_262k_no41,factconsolidation_mh_262k_no41,41,1,14,0.07142857142857142,1789220765405120213-84596f57ff024751ab9ff51daa93b616,[],insufficient,2,0,0.0,[],"[1,2]",[],0,[],False,0.0,False
1,official_mquake_label_chain,agentmemorybench:fact-mh-262k:context-0/factconsolidation_mh_262k_no41,factconsolidation_mh_262k_no41,41,2,14,0.14285714285714285,1789221120627000986-5ed976339ab84e95bc675d61ba250037,"[""search""]",insufficient,2,0,0.0,[],"[1,2]",[],0,[],False,0.0,False
1,official_mquake_label_chain,agentmemorybench:fact-mh-262k:context-0/factconsolidation_mh_262k_no41,factconsolidation_mh_262k_no41,41,3,14,0.21428571428571427,1789221125017043839-cefcba79507a40818798ed449d163def,"[""read""]",insufficient,2,0,0.0,[],"[1,2]",[],0,[],False,0.0,False
1,official_mquake_label_chain,agentmemorybench:fact-mh-262k:context-0/factconsolidation_mh_262k_no41,factconsolidation_mh_262k_no41,41,4,14,0.2857142857142857,1789221136938876768-e3d328bcb02d4f4da3461c9c7ea4b134,"[""search""]",insufficient,2,2,1.0,"[1,2]",[],"[1,2]",4,"[""m-0a2ca057cd4e91028f99f848"",""m-b4f7617ddfde634fb0ac7372"",""m-e83f38f2c761aa5a2f5c0f21"",""m-22130c7cb447261eda31ef6b""]",False,0.0,False
1,official_mquake_label_chain,agentmemorybench:fact-mh-262k:context-0/factconsolidation_mh_262k_no41,factconsolidation_mh_262k_no41,41,5,14,0.35714285714285715,1789221145595969648-ecb9a4ffb6944f2f94fc9653cef92451,"[""read""]",insufficient,2,2,1.0,"[1,2]",[],[],4,"[""m-0a2ca057cd4e91028f99f848"",""m-b4f7617ddfde634fb0ac7372"",""m-e83f38f2c761aa5a2f5c0f21"",""m-22130c7cb447261eda31ef6b""]",False,0.0,False
1,official_mquake_label_chain,agentmemorybench:fact-mh-262k:context-0/factconsolidation_mh_262k_no41,factconsolidation_mh_262k_no41,41,6,14,0.42857142857142855,1789221154997337420-ba700d67175f4e829ea5ceae439d205a,"[""search""]",insufficient,2,2,1.0,"[1,2]",[],[],5,"[""m-0a2ca057cd4e91028f99f848"",""m-b4f7617ddfde634fb0ac7372"",""m-e83f38f2c761aa5a2f5c0f21"",""m-22130c7cb447261eda31ef6b"",""m-32937397b194ea97822b7885""]",False,0.0,False
1,official_mquake_label_chain,agentmemorybench:fact-mh-262k:context-0/factconsolidation_mh_262k_no41,factconsolidation_mh_262k_no41,41,7,14,0.5,1789221161032403220-03f6bfc22da2489cac38ff865db4be9e,"[""search""]",insufficient,2,2,1.0,"[1,2]",[],[],5,"[""m-0a2ca057cd4e91028f99f848"",""m-b4f7617ddfde634fb0ac7372"",""m-e83f38f2c761aa5a2f5c0f21"",""m-22130c7cb447261eda31ef6b"",""m-32937397b194ea97822b7885""]",False,0.0,False
1,official_mquake_label_chain,agentmemorybench:fact-mh-262k:context-0/factconsolidation_mh_262k_no41,factconsolidation_mh_262k_no41,41,8,14,0.5714285714285714,1789221166737545813-f76ab680920f442c9cb39b9e778766fe,"[""search""]",insufficient,2,2,1.0,"[1,2]",[],[],5,"[""m-0a2ca057cd4e91028f99f848"",""m-b4f7617ddfde634fb0ac7372"",""m-e83f38f2c761aa5a2f5c0f21"",""m-22130c7cb447261eda31ef6b"",""m-32937397b194ea97822b7885""]",False,0.0,False
1,official_mquake_label_chain,agentmemorybench:fact-mh-262k:context-0/factconsolidation_mh_262k_no41,factconsolidation_mh_262k_no41,41,9,14,0.6428571428571429,1789221182006223447-7e83437bbc664456b633b936c517021c,"[""search""]",insufficient,2,2,1.0,"[1,2]",[],[],5,"[""m-0a2ca057cd4e91028f99f848"",""m-b4f7617ddfde634fb0ac7372"",""m-e83f38f2c761aa5a2f5c0f21"",""m-22130c7cb447261eda31ef6b"",""m-32937397b194ea97822b7885""]",False,0.0,False
1,official_mquake_label_chain,agentmemorybench:fact-mh-262k:context-0/factconsolidation_mh_262k_no41,factconsolidation_mh_262k_no41,41,10,14,0.7142857142857143,1789221190460794917-449dbbc440ef47319452442bb89f2300,"[""search""]",insufficient,2,2,1.0,"[1,2]",[],[],5,"[""m-0a2ca057cd4e91028f99f848"",""m-b4f7617ddfde634fb0ac7372"",""m-e83f38f2c761aa5a2f5c0f21"",""m-22130c7cb447261eda31ef6b"",""m-32937397b194ea97822b7885""]",False,0.0,False
1,official_mquake_label_chain,agentmemorybench:fact-mh-262k:context-0/factconsolidation_mh_262k_no41,factconsolidation_mh_262k_no41,41,11,14,0.7857142857142857,1789221205591264973-d777ad1e139f4ee79a0b1093d0163d99,"[""read""]",insufficient,2,2,1.0,"[1,2]",[],[],5,"[""m-0a2ca057cd4e91028f99f848"",""m-b4f7617ddfde634fb0ac7372"",""m-e83f38f2c761aa5a2f5c0f21"",""m-22130c7cb447261eda31ef6b"",""m-32937397b194ea97822b7885""]",False,0.0,False
1,official_mquake_label_chain,agentmemorybench:fact-mh-262k:context-0/factconsolidation_mh_262k_no41,factconsolidation_mh_262k_no41,41,12,14,0.8571428571428571,1789221214058854733-3a0725da69c7469bbb30bab4a01b2bd6,"[""search""]",insufficient,2,2,1.0,"[1,2]",[],[],6,"[""m-0a2ca057cd4e91028f99f848"",""m-b4f7617ddfde634fb0ac7372"",""m-e83f38f2c761aa5a2f5c0f21"",""m-22130c7cb447261eda31ef6b"",""m-32937397b194ea97822b7885"",""m-de83a0d2e0630ddb97f1fe54""]",False,0.0,False
1,official_mquake_label_chain,agentmemorybench:fact-mh-262k:context-0/factconsolidation_mh_262k_no41,factconsolidation_mh_262k_no41,41,13,14,0.9285714285714286,1789221250467980772-f72dee2db6b74b1792b99a2d7cc211b9,"[""search""]",insufficient,2,2,1.0,"[1,2]",[],[],6,"[""m-0a2ca057cd4e91028f99f848"",""m-b4f7617ddfde634fb0ac7372"",""m-e83f38f2c761aa5a2f5c0f21"",""m-22130c7cb447261eda31ef6b"",""m-32937397b194ea97822b7885"",""m-de83a0d2e0630ddb97f1fe54""]",False,0.0,False
1,official_mquake_label_chain,agentmemorybench:fact-mh-262k:context-0/factconsolidation_mh_262k_no41,factconsolidation_mh_262k_no41,41,14,14,1.0,1789221282135009263-f491dfd905ec455cbafbd4b451519980,"[""finish""]",insufficient,2,2,1.0,"[1,2]",[],[],6,"[""m-0a2ca057cd4e91028f99f848"",""m-b4f7617ddfde634fb0ac7372"",""m-e83f38f2c761aa5a2f5c0f21"",""m-22130c7cb447261eda31ef6b"",""m-32937397b194ea97822b7885"",""m-de83a0d2e0630ddb97f1fe54""]",False,0.0,False
1,official_mquake_label_chain,agentmemorybench:fact-mh-262k:context-0/factconsolidation_mh_262k_no42,factconsolidation_mh_262k_no42,42,1,7,0.14285714285714285,1789221136249749381-fa4f32bfcae24b1d8cbae8c2da340dd3,"[""search""]",sufficient,4,0,0.0,[],"[1,2,3,4]",[],0,[],True,0.0,False
1,official_mquake_label_chain,agentmemorybench:fact-mh-262k:context-0/factconsolidation_mh_262k_no42,factconsolidation_mh_262k_no42,42,2,7,0.2857142857142857,1789221138211075777-b63f4845e3964207a081313b54bd20ac,"[""read""]",sufficient,4,0,0.0,[],"[1,2,3,4]",[],0,[],True,0.0,False
1,official_mquake_label_chain,agentmemorybench:fact-mh-262k:context-0/factconsolidation_mh_262k_no42,factconsolidation_mh_262k_no42,42,3,7,0.42857142857142855,1789221153077679195-36f16e5e85ad467fa6adb6032a500da3,"[""search""]",sufficient,4,1,0.25,[1],"[2,3,4]",[1],2,"[""m-cc9026da2a96fd1bdeb2953b"",""m-9114fa7460e0af8f396d5e59""]",True,0.0,False
1,official_mquake_label_chain,agentmemorybench:fact-mh-262k:context-0/factconsolidation_mh_262k_no42,factconsolidation_mh_262k_no42,42,4,7,0.5714285714285714,1789221166171054206-7ae129941bbb41ee974222ad958fed9b,"[""search""]",sufficient,4,1,0.25,[1],"[2,3,4]",[],2,"[""m-cc9026da2a96fd1bdeb2953b"",""m-9114fa7460e0af8f396d5e59""]",True,0.0,False
1,official_mquake_label_chain,agentmemorybench:fact-mh-262k:context-0/factconsolidation_mh_262k_no42,factconsolidation_mh_262k_no42,42,5,7,0.7142857142857143,1789221172832802063-d65f86bd967645bc89277137ec930119,"[""read""]",sufficient,4,1,0.25,[1],"[2,3,4]",[],2,"[""m-cc9026da2a96fd1bdeb2953b"",""m-9114fa7460e0af8f396d5e59""]",True,0.0,False
1,official_mquake_label_chain,agentmemorybench:fact-mh-262k:context-0/factconsolidation_mh_262k_no42,factconsolidation_mh_262k_no42,42,6,7,0.8571428571428571,1789221184623604706-efd16ea73def4801ac6b0190152da8b6,"[""read""]",sufficient,4,1,0.25,[1],"[2,3,4]",[],3,"[""m-cc9026da2a96fd1bdeb2953b"",""m-9114fa7460e0af8f396d5e59"",""m-cbdf6a8153fd22ff0242fee9""]",True,0.0,False
1,official_mquake_label_chain,agentmemorybench:fact-mh-262k:context-0/factconsolidation_mh_262k_no42,factconsolidation_mh_262k_no42,42,7,7,1.0,1789221192215271428-2fefcc4b144c454abc9285aaf3552aea,"[""finish""]",sufficient,4,1,0.25,[1],"[2,3,4]",[],4,"[""m-cc9026da2a96fd1bdeb2953b"",""m-9114fa7460e0af8f396d5e59"",""m-cbdf6a8153fd22ff0242fee9"",""m-3d125b0f0545f62e1d4dad28""]",True,0.0,False
1,official_mquake_label_chain,agentmemorybench:fact-mh-262k:context-0/factconsolidation_mh_262k_no43,factconsolidation_mh_262k_no43,43,1,6,0.16666666666666666,1789221139781548866-72b19ed68f814b8091c023c03183d91b,"[""search""]",sufficient,2,0,0.0,[],"[1,2]",[],0,[],False,1.0,True
1,official_mquake_label_chain,agentmemorybench:fact-mh-262k:context-0/factconsolidation_mh_262k_no43,factconsolidation_mh_262k_no43,43,2,6,0.3333333333333333,1789221145595511530-5903eb4f1ff44fa393138eb652e36500,"[""read""]",sufficient,2,0,0.0,[],"[1,2]",[],0,[],False,1.0,True
1,official_mquake_label_chain,agentmemorybench:fact-mh-262k:context-0/factconsolidation_mh_262k_no43,factconsolidation_mh_262k_no43,43,3,6,0.5,1789221154080198426-89be4cfb9d4e40d0967912f1acab1782,"[""search""]",sufficient,2,1,0.5,[1],[2],[1],2,"[""m-8e14b81f299884f04aa016ff"",""m-8988c2999d80d11c33dcaf06""]",False,1.0,True
1,official_mquake_label_chain,agentmemorybench:fact-mh-262k:context-0/factconsolidation_mh_262k_no43,factconsolidation_mh_262k_no43,43,4,6,0.6666666666666666,1789221161360663829-56b6520fe33349238d088943ae127e1f,"[""read""]",sufficient,2,1,0.5,[1],[2],[],2,"[""m-8e14b81f299884f04aa016ff"",""m-8988c2999d80d11c33dcaf06""]",False,1.0,True
1,official_mquake_label_chain,agentmemorybench:fact-mh-262k:context-0/factconsolidation_mh_262k_no43,factconsolidation_mh_262k_no43,43,5,6,0.8333333333333334,1789221169042755395-a324b871c9b64c17b8b1b266c284f1c7,"[""search""]",sufficient,2,2,1.0,"[1,2]",[],[2],6,"[""m-8e14b81f299884f04aa016ff"",""m-8988c2999d80d11c33dcaf06"",""m-1d5745d8b432a6047b4dd936"",""m-0b1100aa2215e071bf08a812"",""m-feaf7a534f97d17286f510dc"",""m-4629414582d97d69514c4643""]",False,1.0,True
1,official_mquake_label_chain,agentmemorybench:fact-mh-262k:context-0/factconsolidation_mh_262k_no43,factconsolidation_mh_262k_no43,43,6,6,1.0,1789221174414674940-124dba4bc4de42b8b210ed6e7b8f0b05,"[""finish""]",sufficient,2,2,1.0,"[1,2]",[],[],6,"[""m-8e14b81f299884f04aa016ff"",""m-8988c2999d80d11c33dcaf06"",""m-1d5745d8b432a6047b4dd936"",""m-0b1100aa2215e071bf08a812"",""m-feaf7a534f97d17286f510dc"",""m-4629414582d97d69514c4643""]",False,1.0,True
1,official_mquake_label_chain,agentmemorybench:fact-mh-262k:context-0/factconsolidation_mh_262k_no44,factconsolidation_mh_262k_no44,44,1,7,0.14285714285714285,1789221184711230960-54c7fbf1d2c548a4a07d9b644d17f8f3,"[""search""]",sufficient,2,0,0.0,[],"[1,2]",[],0,[],False,1.0,True
1,official_mquake_label_chain,agentmemorybench:fact-mh-262k:context-0/factconsolidation_mh_262k_no44,factconsolidation_mh_262k_no44,44,2,7,0.2857142857142857,1789221188435513117-6694cf1e4add409fa4df1e7c98a3b088,"[""read""]",sufficient,2,0,0.0,[],"[1,2]",[],0,[],False,1.0,True
1,official_mquake_label_chain,agentmemorybench:fact-mh-262k:context-0/factconsolidation_mh_262k_no44,factconsolidation_mh_262k_no44,44,3,7,0.42857142857142855,1789221198427789808-d011ac8a10a0477b8f2d4dc504d782ec,"[""search""]",sufficient,2,1,0.5,[1],[2],[1],2,"[""m-1013038271bffdb5b4d7d9a5"",""m-764a735eb863dbf0706b046a""]",False,1.0,True
1,official_mquake_label_chain,agentmemorybench:fact-mh-262k:context-0/factconsolidation_mh_262k_no44,factconsolidation_mh_262k_no44,44,4,7,0.5714285714285714,1789221206721560331-0db58ac511394c028051f4c292bc0a77,"[""read""]",sufficient,2,1,0.5,[1],[2],[],2,"[""m-1013038271bffdb5b4d7d9a5"",""m-764a735eb863dbf0706b046a""]",False,1.0,True
1,official_mquake_label_chain,agentmemorybench:fact-mh-262k:context-0/factconsolidation_mh_262k_no44,factconsolidation_mh_262k_no44,44,5,7,0.7142857142857143,1789221220626373236-e064aaabea8f4a0c9b30ff22b4671ee5,"[""search""]",sufficient,2,2,1.0,"[1,2]",[],[2],5,"[""m-1013038271bffdb5b4d7d9a5"",""m-764a735eb863dbf0706b046a"",""m-3d125b0f0545f62e1d4dad28"",""m-0b1100aa2215e071bf08a812"",""m-aff4df280c82222c41cd9dbd""]",False,1.0,True
1,official_mquake_label_chain,agentmemorybench:fact-mh-262k:context-0/factconsolidation_mh_262k_no44,factconsolidation_mh_262k_no44,44,6,7,0.8571428571428571,1789221248146659595-c6a8e3b8499845708480711c9237e38e,"[""search""]",sufficient,2,2,1.0,"[1,2]",[],[],5,"[""m-1013038271bffdb5b4d7d9a5"",""m-764a735eb863dbf0706b046a"",""m-3d125b0f0545f62e1d4dad28"",""m-0b1100aa2215e071bf08a812"",""m-aff4df280c82222c41cd9dbd""]",False,1.0,True
1,official_mquake_label_chain,agentmemorybench:fact-mh-262k:context-0/factconsolidation_mh_262k_no44,factconsolidation_mh_262k_no44,44,7,7,1.0,1789221270968978649-802fed8930c14e2b8c319e19ab351693,"[""finish""]",sufficient,2,2,1.0,"[1,2]",[],[],5,"[""m-1013038271bffdb5b4d7d9a5"",""m-764a735eb863dbf0706b046a"",""m-3d125b0f0545f62e1d4dad28"",""m-0b1100aa2215e071bf08a812"",""m-aff4df280c82222c41cd9dbd""]",False,1.0,True
1,official_mquake_label_chain,agentmemorybench:fact-mh-262k:context-0/factconsolidation_mh_262k_no45,factconsolidation_mh_262k_no45,45,1,5,0.2,1789221201387938531-6a91beebd19749dea2a2359d8098c8e4,"[""search""]",sufficient,2,0,0.0,[],"[1,2]",[],0,[],False,1.0,True
1,official_mquake_label_chain,agentmemorybench:fact-mh-262k:context-0/factconsolidation_mh_262k_no45,factconsolidation_mh_262k_no45,45,2,5,0.4,1789221209199269481-0313024b89d243d18b376f468e04c7c5,"[""read""]",sufficient,2,0,0.0,[],"[1,2]",[],0,[],False,1.0,True
1,official_mquake_label_chain,agentmemorybench:fact-mh-262k:context-0/factconsolidation_mh_262k_no45,factconsolidation_mh_262k_no45,45,3,5,0.6,1789221221255909921-8d80106bbcf64280be1ba5a0bf243afc,"[""search""]",sufficient,2,1,0.5,[1],[2],[1],2,"[""m-65ddf9819a5ecf5e4656074f"",""m-e83f38f2c761aa5a2f5c0f21""]",False,1.0,True
1,official_mquake_label_chain,agentmemorybench:fact-mh-262k:context-0/factconsolidation_mh_262k_no45,factconsolidation_mh_262k_no45,45,4,5,0.8,1789221237677867391-941358dd0ff74ff8b85fb3658f296d3d,"[""read""]",sufficient,2,1,0.5,[1],[2],[],2,"[""m-65ddf9819a5ecf5e4656074f"",""m-e83f38f2c761aa5a2f5c0f21""]",False,1.0,True
1,official_mquake_label_chain,agentmemorybench:fact-mh-262k:context-0/factconsolidation_mh_262k_no45,factconsolidation_mh_262k_no45,45,5,5,1.0,1789221244650587658-9735d48f0d504143a0de4d1f765e2917,"[""finish""]",sufficient,2,2,1.0,"[1,2]",[],[2],3,"[""m-65ddf9819a5ecf5e4656074f"",""m-e83f38f2c761aa5a2f5c0f21"",""m-de83a0d2e0630ddb97f1fe54""]",False,1.0,True
1,official_mquake_label_chain,agentmemorybench:fact-mh-262k:context-0/factconsolidation_mh_262k_no46,factconsolidation_mh_262k_no46,46,1,5,0.2,1789221204483520591-ecde161fd7164f77b6b0d283ca687c7a,"[""search""]",sufficient,2,0,0.0,[],"[1,2]",[],0,[],False,0.0,False
1,official_mquake_label_chain,agentmemorybench:fact-mh-262k:context-0/factconsolidation_mh_262k_no46,factconsolidation_mh_262k_no46,46,2,5,0.4,1789221211695700189-1ea5135f20074c848889a55248803b86,"[""read""]",sufficient,2,0,0.0,[],"[1,2]",[],0,[],False,0.0,False
1,official_mquake_label_chain,agentmemorybench:fact-mh-262k:context-0/factconsolidation_mh_262k_no46,factconsolidation_mh_262k_no46,46,3,5,0.6,1789221224400619780-eeb29f14fb2d4f28bed251fd6836c39f,"[""search""]",sufficient,2,1,0.5,[1],[2],[1],2,"[""m-3d125b0f0545f62e1d4dad28"",""m-ac04b749be9809cc151a3f0e""]",False,0.0,False
1,official_mquake_label_chain,agentmemorybench:fact-mh-262k:context-0/factconsolidation_mh_262k_no46,factconsolidation_mh_262k_no46,46,4,5,0.8,1789221235247320555-27d894a402954f238ee790282f9c42a2,"[""read""]",sufficient,2,1,0.5,[1],[2],[],2,"[""m-3d125b0f0545f62e1d4dad28"",""m-ac04b749be9809cc151a3f0e""]",False,0.0,False
1,official_mquake_label_chain,agentmemorybench:fact-mh-262k:context-0/factconsolidation_mh_262k_no46,factconsolidation_mh_262k_no46,46,5,5,1.0,1789221252598087649-e3425fa8ec6541fca7b701e6fa52bf6d,"[""finish""]",sufficient,2,2,1.0,"[1,2]",[],[2],4,"[""m-3d125b0f0545f62e1d4dad28"",""m-ac04b749be9809cc151a3f0e"",""m-f4d41a198fada7f7ebf3b81e"",""m-22130c7cb447261eda31ef6b""]",False,0.0,False
1,official_mquake_label_chain,agentmemorybench:fact-mh-262k:context-0/factconsolidation_mh_262k_no47,factconsolidation_mh_262k_no47,47,1,9,0.1111111111111111,1789221207687205544-ebc23896ad644bfa8bf1bc0067682b8a,"[""search""]",sufficient,4,0,0.0,[],"[1,2,3,4]",[],0,[],True,0.0,False
1,official_mquake_label_chain,agentmemorybench:fact-mh-262k:context-0/factconsolidation_mh_262k_no47,factconsolidation_mh_262k_no47,47,2,9,0.2222222222222222,1789221211696043966-581b22da9e364156aa2d364d7733752f,"[""read""]",sufficient,4,0,0.0,[],"[1,2,3,4]",[],0,[],True,0.0,False
1,official_mquake_label_chain,agentmemorybench:fact-mh-262k:context-0/factconsolidation_mh_262k_no47,factconsolidation_mh_262k_no47,47,3,9,0.3333333333333333,1789221215398381039-dfec94fe5b6047518ba59e47cd45f278,"[""search""]",sufficient,4,1,0.25,[1],"[2,3,4]",[1],2,"[""m-954c540a5962fbc7d01e18bf"",""m-b7dcd8cd2d91e2a0530e94f1""]",True,0.0,False
1,official_mquake_label_chain,agentmemorybench:fact-mh-262k:context-0/factconsolidation_mh_262k_no47,factconsolidation_mh_262k_no47,47,4,9,0.4444444444444444,1789221230285842329-96ce62af7665458380c9c3bee0977395,"[""search""]",sufficient,4,1,0.25,[1],"[2,3,4]",[],2,"[""m-954c540a5962fbc7d01e18bf"",""m-b7dcd8cd2d91e2a0530e94f1""]",True,0.0,False
1,official_mquake_label_chain,agentmemorybench:fact-mh-262k:context-0/factconsolidation_mh_262k_no47,factconsolidation_mh_262k_no47,47,5,9,0.5555555555555556,1789221241035716257-ca65de28ef6b45f98d0287e59fd549bc,"[""read""]",sufficient,4,1,0.25,[1],"[2,3,4]",[],2,"[""m-954c540a5962fbc7d01e18bf"",""m-b7dcd8cd2d91e2a0530e94f1""]",True,0.0,False
1,official_mquake_label_chain,agentmemorybench:fact-mh-262k:context-0/factconsolidation_mh_262k_no47,factconsolidation_mh_262k_no47,47,6,9,0.6666666666666666,1789221247078255862-dc585cf5f9af4acda5f25aa57224212c,"[""search""]",sufficient,4,1,0.25,[1],"[2,3,4]",[],4,"[""m-954c540a5962fbc7d01e18bf"",""m-b7dcd8cd2d91e2a0530e94f1"",""m-8988c2999d80d11c33dcaf06"",""m-cbdf6a8153fd22ff0242fee9""]",True,0.0,False
1,official_mquake_label_chain,agentmemorybench:fact-mh-262k:context-0/factconsolidation_mh_262k_no47,factconsolidation_mh_262k_no47,47,7,9,0.7777777777777778,1789221267019464268-93d4ab84ecc9446f8994fd362cf5c08c,"[""read""]",sufficient,4,1,0.25,[1],"[2,3,4]",[],4,"[""m-954c540a5962fbc7d01e18bf"",""m-b7dcd8cd2d91e2a0530e94f1"",""m-8988c2999d80d11c33dcaf06"",""m-cbdf6a8153fd22ff0242fee9""]",True,0.0,False
1,official_mquake_label_chain,agentmemorybench:fact-mh-262k:context-0/factconsolidation_mh_262k_no47,factconsolidation_mh_262k_no47,47,8,9,0.8888888888888888,1789221276343123235-64dd0acbc545406dad1a55e9e6436ddc,"[""read""]",sufficient,4,1,0.25,[1],"[2,3,4]",[],5,"[""m-954c540a5962fbc7d01e18bf"",""m-b7dcd8cd2d91e2a0530e94f1"",""m-8988c2999d80d11c33dcaf06"",""m-cbdf6a8153fd22ff0242fee9"",""m-9114fa7460e0af8f396d5e59""]",True,0.0,False
1,official_mquake_label_chain,agentmemorybench:fact-mh-262k:context-0/factconsolidation_mh_262k_no47,factconsolidation_mh_262k_no47,47,9,9,1.0,1789221297046854887-617b1ead9625416db11f9284e5da01e9,"[""finish""]",sufficient,4,1,0.25,[1],"[2,3,4]",[],6,"[""m-954c540a5962fbc7d01e18bf"",""m-b7dcd8cd2d91e2a0530e94f1"",""m-8988c2999d80d11c33dcaf06"",""m-cbdf6a8153fd22ff0242fee9"",""m-9114fa7460e0af8f396d5e59"",""m-0f10fff25f4f2295def856b4""]",True,0.0,False
1,official_mquake_label_chain,agentmemorybench:fact-mh-262k:context-0/factconsolidation_mh_262k_no48,factconsolidation_mh_262k_no48,48,1,9,0.1111111111111111,1789221207747647377-5fb4417a4d364ae3a98007112c1ebaf8,"[""search""]",sufficient,4,0,0.0,[],"[1,2,3,4]",[],0,[],False,1.0,True
1,official_mquake_label_chain,agentmemorybench:fact-mh-262k:context-0/factconsolidation_mh_262k_no48,factconsolidation_mh_262k_no48,48,2,9,0.2222222222222222,1789221212193594246-6d47cfe397fb4516bc145a8ccda9bca2,"[""search""]",sufficient,4,0,0.0,[],"[1,2,3,4]",[],0,[],False,1.0,True
1,official_mquake_label_chain,agentmemorybench:fact-mh-262k:context-0/factconsolidation_mh_262k_no48,factconsolidation_mh_262k_no48,48,3,9,0.3333333333333333,1789221218238688419-709c60a2e2174acf81e0c465400c95b6,"[""search""]",sufficient,4,0,0.0,[],"[1,2,3,4]",[],0,[],False,1.0,True
1,official_mquake_label_chain,agentmemorybench:fact-mh-262k:context-0/factconsolidation_mh_262k_no48,factconsolidation_mh_262k_no48,48,4,9,0.4444444444444444,1789221237101946319-76c229b7f6dc489bb2b3fb73a262a4ed,"[""read""]",sufficient,4,0,0.0,[],"[1,2,3,4]",[],0,[],False,1.0,True
1,official_mquake_label_chain,agentmemorybench:fact-mh-262k:context-0/factconsolidation_mh_262k_no48,factconsolidation_mh_262k_no48,48,5,9,0.5555555555555556,1789221260638270997-4b5df72e4e0f473893efc17125e5795d,"[""search""]",sufficient,4,2,0.5,"[1,2]","[3,4]","[1,2]",2,"[""m-d8939565b192098f7742417a"",""m-28069cede24e19a36554223e""]",False,1.0,True
1,official_mquake_label_chain,agentmemorybench:fact-mh-262k:context-0/factconsolidation_mh_262k_no48,factconsolidation_mh_262k_no48,48,6,9,0.6666666666666666,1789221267174345345-88b6ed11fc824449a66523655756c419,"[""read""]",sufficient,4,2,0.5,"[1,2]","[3,4]",[],2,"[""m-d8939565b192098f7742417a"",""m-28069cede24e19a36554223e""]",False,1.0,True
1,official_mquake_label_chain,agentmemorybench:fact-mh-262k:context-0/factconsolidation_mh_262k_no48,factconsolidation_mh_262k_no48,48,7,9,0.7777777777777778,1789221284356137750-b754b64e161d4824b511727e9c407ac2,"[""search""]",sufficient,4,3,0.75,"[1,2,3]",[4],[3],4,"[""m-d8939565b192098f7742417a"",""m-28069cede24e19a36554223e"",""m-323e3517faf8135a089224ca"",""m-a0156ee0ec6cb0be09a290e7""]",False,1.0,True
1,official_mquake_label_chain,agentmemorybench:fact-mh-262k:context-0/factconsolidation_mh_262k_no48,factconsolidation_mh_262k_no48,48,8,9,0.8888888888888888,1789221293862771098-e421566132554a18afb7c7f6ecfc22be,"[""read""]",sufficient,4,3,0.75,"[1,2,3]",[4],[],4,"[""m-d8939565b192098f7742417a"",""m-28069cede24e19a36554223e"",""m-323e3517faf8135a089224ca"",""m-a0156ee0ec6cb0be09a290e7""]",False,1.0,True
1,official_mquake_label_chain,agentmemorybench:fact-mh-262k:context-0/factconsolidation_mh_262k_no48,factconsolidation_mh_262k_no48,48,9,9,1.0,1789221314899879465-efc69fcb3c8440fd836633b2ce54cd05,"[""finish""]",sufficient,4,4,1.0,"[1,2,3,4]",[],[4],6,"[""m-d8939565b192098f7742417a"",""m-28069cede24e19a36554223e"",""m-323e3517faf8135a089224ca"",""m-a0156ee0ec6cb0be09a290e7"",""m-098e8f358b290e8ba2babe14"",""m-32937397b194ea97822b7885""]",False,1.0,True
1,official_mquake_label_chain,agentmemorybench:fact-mh-262k:context-0/factconsolidation_mh_262k_no49,factconsolidation_mh_262k_no49,49,1,5,0.2,1789221209232996565-36327d441a44460e835778ccb5377b1e,"[""search""]",sufficient,2,0,0.0,[],"[1,2]",[],0,[],False,1.0,True
1,official_mquake_label_chain,agentmemorybench:fact-mh-262k:context-0/factconsolidation_mh_262k_no49,factconsolidation_mh_262k_no49,49,2,5,0.4,1789221216178559382-e2435338590b4a5f8323131ed8f06c32,"[""read""]",sufficient,2,0,0.0,[],"[1,2]",[],0,[],False,1.0,True
1,official_mquake_label_chain,agentmemorybench:fact-mh-262k:context-0/factconsolidation_mh_262k_no49,factconsolidation_mh_262k_no49,49,3,5,0.6,1789221235613843117-57c61d952ba84fc79d3ad6d4be3c4080,"[""search""]",sufficient,2,1,0.5,[1],[2],[1],2,"[""m-32937397b194ea97822b7885"",""m-ac04b749be9809cc151a3f0e""]",False,1.0,True
1,official_mquake_label_chain,agentmemorybench:fact-mh-262k:context-0/factconsolidation_mh_262k_no49,factconsolidation_mh_262k_no49,49,4,5,0.8,1789221244339122452-efee069b5a834d86a88fcdfaef07b159,"[""read""]",sufficient,2,1,0.5,[1],[2],[],2,"[""m-32937397b194ea97822b7885"",""m-ac04b749be9809cc151a3f0e""]",False,1.0,True
1,official_mquake_label_chain,agentmemorybench:fact-mh-262k:context-0/factconsolidation_mh_262k_no49,factconsolidation_mh_262k_no49,49,5,5,1.0,1789221254458998386-9d9ad83cf48640db9ccbe4d036f1eff7,"[""finish""]",sufficient,2,2,1.0,"[1,2]",[],[2],4,"[""m-32937397b194ea97822b7885"",""m-ac04b749be9809cc151a3f0e"",""m-1d5745d8b432a6047b4dd936"",""m-954c540a5962fbc7d01e18bf""]",False,1.0,True
1,official_mquake_label_chain,agentmemorybench:fact-mh-262k:context-0/factconsolidation_mh_262k_no50,factconsolidation_mh_262k_no50,50,1,5,0.2,1789221257197945127-c6a11d37bc8f488ebd1a9a7d675ef75f,"[""search""]",sufficient,2,0,0.0,[],"[1,2]",[],0,[],False,1.0,True
1,official_mquake_label_chain,agentmemorybench:fact-mh-262k:context-0/factconsolidation_mh_262k_no50,factconsolidation_mh_262k_no50,50,2,5,0.4,1789221268852073485-d69e1ddf346940889c2f658a7fbab71e,"[""read""]",sufficient,2,0,0.0,[],"[1,2]",[],0,[],False,1.0,True
1,official_mquake_label_chain,agentmemorybench:fact-mh-262k:context-0/factconsolidation_mh_262k_no50,factconsolidation_mh_262k_no50,50,3,5,0.6,1789221277241448467-9979a494adb846a7bba3276640adc031,"[""search""]",sufficient,2,1,0.5,[1],[2],[1],2,"[""m-2a46f1804e76d4daa1449ec5"",""m-e83f38f2c761aa5a2f5c0f21""]",False,1.0,True
1,official_mquake_label_chain,agentmemorybench:fact-mh-262k:context-0/factconsolidation_mh_262k_no50,factconsolidation_mh_262k_no50,50,4,5,0.8,1789221292124788218-7a32afe133744af2bf8c89ed234a3874,"[""read""]",sufficient,2,1,0.5,[1],[2],[],2,"[""m-2a46f1804e76d4daa1449ec5"",""m-e83f38f2c761aa5a2f5c0f21""]",False,1.0,True
1,official_mquake_label_chain,agentmemorybench:fact-mh-262k:context-0/factconsolidation_mh_262k_no50,factconsolidation_mh_262k_no50,50,5,5,1.0,1789221310214991492-8ee813324b37415a96defa73062fa07f,"[""finish""]",sufficient,2,2,1.0,"[1,2]",[],[2],4,"[""m-2a46f1804e76d4daa1449ec5"",""m-e83f38f2c761aa5a2f5c0f21"",""m-1d5745d8b432a6047b4dd936"",""m-cc9026da2a96fd1bdeb2953b""]",False,1.0,True
1,official_mquake_label_chain,agentmemorybench:fact-mh-262k:context-0/factconsolidation_mh_262k_no51,factconsolidation_mh_262k_no51,51,1,5,0.2,1789221260592102233-a71e37c5797c41979968d4c0a65ec932,"[""search""]",sufficient,2,0,0.0,[],"[1,2]",[],0,[],False,0.0,False
1,official_mquake_label_chain,agentmemorybench:fact-mh-262k:context-0/factconsolidation_mh_262k_no51,factconsolidation_mh_262k_no51,51,2,5,0.4,1789221267517275522-1884fd2821094447aacef40735cb8267,"[""read""]",sufficient,2,0,0.0,[],"[1,2]",[],0,[],False,0.0,False
1,official_mquake_label_chain,agentmemorybench:fact-mh-262k:context-0/factconsolidation_mh_262k_no51,factconsolidation_mh_262k_no51,51,3,5,0.6,1789221274388366006-7fb5c38752664ec9babb71b2e8cfd383,"[""search""]",sufficient,2,1,0.5,[1],[2],[1],1,"[""m-f41ccd0cde28da235a2664ef""]",False,0.0,False
1,official_mquake_label_chain,agentmemorybench:fact-mh-262k:context-0/factconsolidation_mh_262k_no51,factconsolidation_mh_262k_no51,51,4,5,0.8,1789221285218366640-0549786db369471da278233e7d1c1256,"[""read""]",sufficient,2,1,0.5,[1],[2],[],1,"[""m-f41ccd0cde28da235a2664ef""]",False,0.0,False
1,official_mquake_label_chain,agentmemorybench:fact-mh-262k:context-0/factconsolidation_mh_262k_no51,factconsolidation_mh_262k_no51,51,5,5,1.0,1789221300198942446-b7f936d6dde04f52be63f9616e928743,"[""finish""]",sufficient,2,2,1.0,"[1,2]",[],[2],4,"[""m-f41ccd0cde28da235a2664ef"",""m-9775f81addddef3bf5347951"",""m-ae3c59715d1425023fba9b40"",""m-fe91a1e8a803d8f45780f318""]",False,0.0,False
1,official_mquake_label_chain,agentmemorybench:fact-mh-262k:context-0/factconsolidation_mh_262k_no52,factconsolidation_mh_262k_no52,52,1,5,0.2,1789221267549463143-586420369b3b4734a50eefd3e2afcf31,"[""search""]",sufficient,4,0,0.0,[],"[1,2,3,4]",[],0,[],False,1.0,True
1,official_mquake_label_chain,agentmemorybench:fact-mh-262k:context-0/factconsolidation_mh_262k_no52,factconsolidation_mh_262k_no52,52,2,5,0.4,1789221277241200092-e7f20009a1aa4f718fd1cbe3ae6450db,"[""search"",""read""]",sufficient,4,0,0.0,[],"[1,2,3,4]",[],0,[],False,1.0,True
1,official_mquake_label_chain,agentmemorybench:fact-mh-262k:context-0/factconsolidation_mh_262k_no52,factconsolidation_mh_262k_no52,52,3,5,0.6,1789221301484786398-906c3da360ab401da5ed88525c0b87a7,"[""search"",""read""]",sufficient,4,0,0.0,[],"[1,2,3,4]",[],4,"[""m-0b1df58bb07f6d7652d8dfb1"",""m-df5c8fccc1791c4df5c99f24"",""m-ae3c59715d1425023fba9b40"",""m-fe91a1e8a803d8f45780f318""]",False,1.0,True
1,official_mquake_label_chain,agentmemorybench:fact-mh-262k:context-0/factconsolidation_mh_262k_no52,factconsolidation_mh_262k_no52,52,4,5,0.8,1789221321112443343-3273fa2d5518464f950ffe275e5683f6,"[""read""]",sufficient,4,0,0.0,[],"[1,2,3,4]",[],6,"[""m-0b1df58bb07f6d7652d8dfb1"",""m-df5c8fccc1791c4df5c99f24"",""m-ae3c59715d1425023fba9b40"",""m-fe91a1e8a803d8f45780f318"",""m-0f10fff25f4f2295def856b4"",""m-8ea23f7d97db2ab60eec5ae4""]",False,1.0,True
1,official_mquake_label_chain,agentmemorybench:fact-mh-262k:context-0/factconsolidation_mh_262k_no52,factconsolidation_mh_262k_no52,52,5,5,1.0,1789221338353500260-3d3a08369c554795b46bb54b1d481417,"[""finish""]",sufficient,4,0,0.0,[],"[1,2,3,4]",[],8,"[""m-0b1df58bb07f6d7652d8dfb1"",""m-df5c8fccc1791c4df5c99f24"",""m-ae3c59715d1425023fba9b40"",""m-fe91a1e8a803d8f45780f318"",""m-0f10fff25f4f2295def856b4"",""m-8ea23f7d97db2ab60eec5ae4"",""m-1d5745d8b432a6047b4dd936"",""m-390bc624383d3833d9578af5""]",False,1.0,True
1,official_mquake_label_chain,agentmemorybench:fact-mh-262k:context-0/factconsolidation_mh_262k_no53,factconsolidation_mh_262k_no53,53,1,7,0.14285714285714285,1789221270619823785-a956b0cb1b00498c97da3d1695f983f0,"[""search""]",sufficient,3,0,0.0,[],"[1,2,3]",[],0,[],True,0.0,False
1,official_mquake_label_chain,agentmemorybench:fact-mh-262k:context-0/factconsolidation_mh_262k_no53,factconsolidation_mh_262k_no53,53,2,7,0.2857142857142857,1789221274712294239-75f3b8d8be6246c3b7aa7636c7bd7563,"[""search""]",sufficient,3,0,0.0,[],"[1,2,3]",[],0,[],True,0.0,False
1,official_mquake_label_chain,agentmemorybench:fact-mh-262k:context-0/factconsolidation_mh_262k_no53,factconsolidation_mh_262k_no53,53,3,7,0.42857142857142855,1789221290572768968-7a4712203b634095b2409bce7098ce6e,"[""read""]",sufficient,3,0,0.0,[],"[1,2,3]",[],0,[],True,0.0,False
1,official_mquake_label_chain,agentmemorybench:fact-mh-262k:context-0/factconsolidation_mh_262k_no53,factconsolidation_mh_262k_no53,53,4,7,0.5714285714285714,1789221307928713070-8ec27e6460bd4a9bacf2acca99907a09,"[""search""]",sufficient,3,1,0.3333333333333333,[1],"[2,3]",[1],5,"[""m-2a33ae56e5df02e9a6e4fa1b"",""m-0b1df58bb07f6d7652d8dfb1"",""m-0e33301d9eea6a7743aacd1f"",""m-0a2ca057cd4e91028f99f848"",""m-1206e80bff6434ab66c69ece""]",True,0.0,False
1,official_mquake_label_chain,agentmemorybench:fact-mh-262k:context-0/factconsolidation_mh_262k_no53,factconsolidation_mh_262k_no53,53,5,7,0.7142857142857143,1789221321114086745-41f385ae970f43e48603ef67e7bf560c,"[""read""]",sufficient,3,1,0.3333333333333333,[1],"[2,3]",[],5,"[""m-2a33ae56e5df02e9a6e4fa1b"",""m-0b1df58bb07f6d7652d8dfb1"",""m-0e33301d9eea6a7743aacd1f"",""m-0a2ca057cd4e91028f99f848"",""m-1206e80bff6434ab66c69ece""]",True,0.0,False
1,official_mquake_label_chain,agentmemorybench:fact-mh-262k:context-0/factconsolidation_mh_262k_no53,factconsolidation_mh_262k_no53,53,6,7,0.8571428571428571,1789221346663638630-331ae417ec9346eb9cd36915f64a5bc0,[],sufficient,3,1,0.3333333333333333,[1],"[2,3]",[],8,"[""m-2a33ae56e5df02e9a6e4fa1b"",""m-0b1df58bb07f6d7652d8dfb1"",""m-0e33301d9eea6a7743aacd1f"",""m-0a2ca057cd4e91028f99f848"",""m-1206e80bff6434ab66c69ece"",""m-6fd0269b08ed390fee96395f"",""m-3576b8a194151a5c0e81bdc5"",""m-e8c89d3ba3aa543273171efa""]",True,0.0,False
1,official_mquake_label_chain,agentmemorybench:fact-mh-262k:context-0/factconsolidation_mh_262k_no53,factconsolidation_mh_262k_no53,53,7,7,1.0,1789221375231923564-e4bba3cd04a64b4f8b9b3a8bc411f67e,"[""finish""]",sufficient,3,1,0.3333333333333333,[1],"[2,3]",[],8,"[""m-2a33ae56e5df02e9a6e4fa1b"",""m-0b1df58bb07f6d7652d8dfb1"",""m-0e33301d9eea6a7743aacd1f"",""m-0a2ca057cd4e91028f99f848"",""m-1206e80bff6434ab66c69ece"",""m-6fd0269b08ed390fee96395f"",""m-3576b8a194151a5c0e81bdc5"",""m-e8c89d3ba3aa543273171efa""]",True,0.0,False
1,official_mquake_label_chain,agentmemorybench:fact-mh-262k:context-0/factconsolidation_mh_262k_no54,factconsolidation_mh_262k_no54,54,1,6,0.16666666666666666,1789221272888820102-3c015f4b54274e83bacd750ec5c8867f,"[""search""]",sufficient,3,0,0.0,[],"[1,2,3]",[],0,[],False,1.0,True
1,official_mquake_label_chain,agentmemorybench:fact-mh-262k:context-0/factconsolidation_mh_262k_no54,factconsolidation_mh_262k_no54,54,2,6,0.3333333333333333,1789221276591272798-bbe940435dc24c2a9a0b59643285b267,"[""search""]",sufficient,3,0,0.0,[],"[1,2,3]",[],0,[],False,1.0,True
1,official_mquake_label_chain,agentmemorybench:fact-mh-262k:context-0/factconsolidation_mh_262k_no54,factconsolidation_mh_262k_no54,54,3,6,0.5,1789221289950079987-2983e9c6e2f748fd86b0807d9a1fc4b4,"[""read""]",sufficient,3,0,0.0,[],"[1,2,3]",[],0,[],False,1.0,True
1,official_mquake_label_chain,agentmemorybench:fact-mh-262k:context-0/factconsolidation_mh_262k_no54,factconsolidation_mh_262k_no54,54,4,6,0.6666666666666666,1789221300123964582-56bcb2de0c1c4ebab143d2f9dc3ff3da,"[""search""]",sufficient,3,1,0.3333333333333333,[2],"[1,3]",[2],2,"[""m-971985574eb04740c13ad5c1"",""m-2a46f1804e76d4daa1449ec5""]",False,1.0,True
1,official_mquake_label_chain,agentmemorybench:fact-mh-262k:context-0/factconsolidation_mh_262k_no54,factconsolidation_mh_262k_no54,54,5,6,0.8333333333333334,1789221326711474424-f0605651d5754fdcbd2e308055d502d3,"[""read""]",sufficient,3,1,0.3333333333333333,[2],"[1,3]",[],2,"[""m-971985574eb04740c13ad5c1"",""m-2a46f1804e76d4daa1449ec5""]",False,1.0,True
1,official_mquake_label_chain,agentmemorybench:fact-mh-262k:context-0/factconsolidation_mh_262k_no54,factconsolidation_mh_262k_no54,54,6,6,1.0,1789221356638291273-7a34e3ec496b485faef5ba6b92953dd9,"[""finish""]",sufficient,3,3,1.0,"[1,2,3]",[],"[1,3]",5,"[""m-971985574eb04740c13ad5c1"",""m-2a46f1804e76d4daa1449ec5"",""m-621e3928a351e7bbd9e11337"",""m-a1a4edfb7fb9ec1bee215e03"",""m-cc9026da2a96fd1bdeb2953b""]",False,1.0,True
1,official_mquake_label_chain,agentmemorybench:fact-mh-262k:context-0/factconsolidation_mh_262k_no55,factconsolidation_mh_262k_no55,55,1,6,0.16666666666666666,1789221287235501427-41b584cf397849139602b4acc459328a,"[""search""]",sufficient,4,0,0.0,[],"[1,2,3,4]",[],0,[],False,1.0,True
1,official_mquake_label_chain,agentmemorybench:fact-mh-262k:context-0/factconsolidation_mh_262k_no55,factconsolidation_mh_262k_no55,55,2,6,0.3333333333333333,1789221292740646671-a1cedd2d049e4e17b0dd2eeb014f677b,"[""read"",""search""]",sufficient,4,0,0.0,[],"[1,2,3,4]",[],0,[],False,1.0,True
1,official_mquake_label_chain,agentmemorybench:fact-mh-262k:context-0/factconsolidation_mh_262k_no55,factconsolidation_mh_262k_no55,55,3,6,0.5,1789221308342203113-de14b95895ce46f19be118ac650e84c2,"[""read""]",sufficient,4,1,0.25,[1],"[2,3,4]",[1],2,"[""m-e8c89d3ba3aa543273171efa"",""m-a0156ee0ec6cb0be09a290e7""]",False,1.0,True
1,official_mquake_label_chain,agentmemorybench:fact-mh-262k:context-0/factconsolidation_mh_262k_no55,factconsolidation_mh_262k_no55,55,4,6,0.6666666666666666,1789221327285834902-823307d15adf4e78bd1e09cd023a8753,"[""search""]",sufficient,4,3,0.75,"[1,2,3]",[4],"[2,3]",4,"[""m-e8c89d3ba3aa543273171efa"",""m-a0156ee0ec6cb0be09a290e7"",""m-b7d3a9321839d30b4fca32c4"",""m-f41ccd0cde28da235a2664ef""]",False,1.0,True
1,official_mquake_label_chain,agentmemorybench:fact-mh-262k:context-0/factconsolidation_mh_262k_no55,factconsolidation_mh_262k_no55,55,5,6,0.8333333333333334,1789221340069852843-cfc91f1f9d094de592b95c18cd0fbf72,"[""read""]",sufficient,4,3,0.75,"[1,2,3]",[4],[],4,"[""m-e8c89d3ba3aa543273171efa"",""m-a0156ee0ec6cb0be09a290e7"",""m-b7d3a9321839d30b4fca32c4"",""m-f41ccd0cde28da235a2664ef""]",False,1.0,True
1,official_mquake_label_chain,agentmemorybench:fact-mh-262k:context-0/factconsolidation_mh_262k_no55,factconsolidation_mh_262k_no55,55,6,6,1.0,1789221357834978549-2d555a2d035449f6bdbf3c928450036f,"[""finish""]",sufficient,4,4,1.0,"[1,2,3,4]",[],[4],6,"[""m-e8c89d3ba3aa543273171efa"",""m-a0156ee0ec6cb0be09a290e7"",""m-b7d3a9321839d30b4fca32c4"",""m-f41ccd0cde28da235a2664ef"",""m-9c66a5ec4a759d8795c58788"",""m-9775f81addddef3bf5347951""]",False,1.0,True
1,official_mquake_label_chain,agentmemorybench:fact-mh-262k:context-0/factconsolidation_mh_262k_no56,factconsolidation_mh_262k_no56,56,1,3,0.3333333333333333,1789221287556285550-be4c47bd7cc541d2aca74c2ab4ce107d,"[""search""]",sufficient,2,0,0.0,[],"[1,2]",[],0,[],True,0.0,False
1,official_mquake_label_chain,agentmemorybench:fact-mh-262k:context-0/factconsolidation_mh_262k_no56,factconsolidation_mh_262k_no56,56,2,3,0.6666666666666666,1789221293389190500-5382dc6b572c479395bdd6332faa2ce3,"[""read""]",sufficient,2,0,0.0,[],"[1,2]",[],0,[],True,0.0,False
1,official_mquake_label_chain,agentmemorybench:fact-mh-262k:context-0/factconsolidation_mh_262k_no56,factconsolidation_mh_262k_no56,56,3,3,1.0,1789221308374494588-da2951d1e1b341d6977dcb0e76264194,"[""finish""]",sufficient,2,2,1.0,"[1,2]",[],"[1,2]",3,"[""m-95bbccbd6a08d16d05369687"",""m-1d5745d8b432a6047b4dd936"",""m-b4f7617ddfde634fb0ac7372""]",True,0.0,False
1,official_mquake_label_chain,agentmemorybench:fact-mh-262k:context-0/factconsolidation_mh_262k_no57,factconsolidation_mh_262k_no57,57,1,14,0.07142857142857142,1789221294359975449-726177ad37f3491c9e9d7e7e56e06feb,"[""search""]",insufficient,3,0,0.0,[],"[1,2,3]",[],0,[],True,0.0,False
1,official_mquake_label_chain,agentmemorybench:fact-mh-262k:context-0/factconsolidation_mh_262k_no57,factconsolidation_mh_262k_no57,57,2,14,0.14285714285714285,1789221297412857076-02e1d311ce4a494381959b9b2584e4e2,"[""read""]",insufficient,3,0,0.0,[],"[1,2,3]",[],0,[],True,0.0,False
1,official_mquake_label_chain,agentmemorybench:fact-mh-262k:context-0/factconsolidation_mh_262k_no57,factconsolidation_mh_262k_no57,57,3,14,0.21428571428571427,1789221314090107258-ba3e54a23fd945a7a8acc56de9a4bc0f,"[""search""]",insufficient,3,1,0.3333333333333333,[1],"[2,3]",[1],2,"[""m-8a1ac4543999c1eeeb063bdd"",""m-b4f7617ddfde634fb0ac7372""]",True,0.0,False
1,official_mquake_label_chain,agentmemorybench:fact-mh-262k:context-0/factconsolidation_mh_262k_no57,factconsolidation_mh_262k_no57,57,4,14,0.2857142857142857,1789221326370070217-c34b6aba61da49e4a48c894bbf8bb62a,"[""search""]",insufficient,3,1,0.3333333333333333,[1],"[2,3]",[],2,"[""m-8a1ac4543999c1eeeb063bdd"",""m-b4f7617ddfde634fb0ac7372""]",True,0.0,False
1,official_mquake_label_chain,agentmemorybench:fact-mh-262k:context-0/factconsolidation_mh_262k_no57,factconsolidation_mh_262k_no57,57,5,14,0.35714285714285715,1789221333180395892-c1e696da245a481a93af741fc462d341,"[""read""]",insufficient,3,1,0.3333333333333333,[1],"[2,3]",[],2,"[""m-8a1ac4543999c1eeeb063bdd"",""m-b4f7617ddfde634fb0ac7372""]",True,0.0,False
1,official_mquake_label_chain,agentmemorybench:fact-mh-262k:context-0/factconsolidation_mh_262k_no57,factconsolidation_mh_262k_no57,57,6,14,0.42857142857142855,1789221346664070854-567e559d909f46ca9d21b5fa24214e76,"[""search""]",insufficient,3,3,1.0,"[1,2,3]",[],"[2,3]",5,"[""m-8a1ac4543999c1eeeb063bdd"",""m-b4f7617ddfde634fb0ac7372"",""m-95bbccbd6a08d16d05369687"",""m-971985574eb04740c13ad5c1"",""m-2a46f1804e76d4daa1449ec5""]",True,0.0,False
1,official_mquake_label_chain,agentmemorybench:fact-mh-262k:context-0/factconsolidation_mh_262k_no57,factconsolidation_mh_262k_no57,57,7,14,0.5,1789221377957433475-9be60c4f89b84ddc80f77f92f1444d52,"[""search""]",insufficient,3,3,1.0,"[1,2,3]",[],[],5,"[""m-8a1ac4543999c1eeeb063bdd"",""m-b4f7617ddfde634fb0ac7372"",""m-95bbccbd6a08d16d05369687"",""m-971985574eb04740c13ad5c1"",""m-2a46f1804e76d4daa1449ec5""]",True,0.0,False
1,official_mquake_label_chain,agentmemorybench:fact-mh-262k:context-0/factconsolidation_mh_262k_no57,factconsolidation_mh_262k_no57,57,8,14,0.5714285714285714,1789221402200351710-f95632b175ae49d7842aee9095e618d1,"[""search""]",insufficient,3,3,1.0,"[1,2,3]",[],[],5,"[""m-8a1ac4543999c1eeeb063bdd"",""m-b4f7617ddfde634fb0ac7372"",""m-95bbccbd6a08d16d05369687"",""m-971985574eb04740c13ad5c1"",""m-2a46f1804e76d4daa1449ec5""]",True,0.0,False
1,official_mquake_label_chain,agentmemorybench:fact-mh-262k:context-0/factconsolidation_mh_262k_no57,factconsolidation_mh_262k_no57,57,9,14,0.6428571428571429,1789221409164441497-55197850ee0e4223a62b5ac8fcca922a,"[""search""]",insufficient,3,3,1.0,"[1,2,3]",[],[],5,"[""m-8a1ac4543999c1eeeb063bdd"",""m-b4f7617ddfde634fb0ac7372"",""m-95bbccbd6a08d16d05369687"",""m-971985574eb04740c13ad5c1"",""m-2a46f1804e76d4daa1449ec5""]",True,0.0,False
1,official_mquake_label_chain,agentmemorybench:fact-mh-262k:context-0/factconsolidation_mh_262k_no57,factconsolidation_mh_262k_no57,57,10,14,0.7142857142857143,1789221420192931653-b16b5d4d02294f1aaeb94d1a6ab18c28,"[""read""]",insufficient,3,3,1.0,"[1,2,3]",[],[],5,"[""m-8a1ac4543999c1eeeb063bdd"",""m-b4f7617ddfde634fb0ac7372"",""m-95bbccbd6a08d16d05369687"",""m-971985574eb04740c13ad5c1"",""m-2a46f1804e76d4daa1449ec5""]",True,0.0,False
1,official_mquake_label_chain,agentmemorybench:fact-mh-262k:context-0/factconsolidation_mh_262k_no57,factconsolidation_mh_262k_no57,57,11,14,0.7857142857142857,1789221449997167128-b1ca2546e59d4c89a8e05b15c32de1c8,"[""search""]",insufficient,3,3,1.0,"[1,2,3]",[],[],25,"[""m-8a1ac4543999c1eeeb063bdd"",""m-b4f7617ddfde634fb0ac7372"",""m-95bbccbd6a08d16d05369687"",""m-971985574eb04740c13ad5c1"",""m-2a46f1804e76d4daa1449ec5"",""m-0b1df58bb07f6d7652d8dfb1"",""m-1d5745d8b432a6047b4dd936"",""m-d8939565b192098f7742417a"",""m-8e14b81f299884f04aa016ff"",""m-3576b8a194151a5c0e81bdc5"",""m-942f5722dd6757610c2e118b"",""m-7c5d78490bb6e83cf8439922"",""m-3d125b0f0545f62e1d4dad28"",""m-879a81ce4bb890141c60d24f"",""m-1013038271bffdb5b4d7d9a5"",""m-f4d41a198fada7f7ebf3b81e"",""m-764a735eb863dbf0706b046a"",""m-32937397b194ea97822b7885"",""m-ae3c59715d1425023fba9b40"",""m-1206e80bff6434ab66c69ece"",""m-f41ccd0cde28da235a2664ef"",""m-9114fa7460e0af8f396d5e59"",""m-e88cdf413fbf8a7ac37bd0fb"",""m-323e3517faf8135a089224ca"",""m-25705ac9d5e8865bd0ef9821""]",True,0.0,False
1,official_mquake_label_chain,agentmemorybench:fact-mh-262k:context-0/factconsolidation_mh_262k_no57,factconsolidation_mh_262k_no57,57,12,14,0.8571428571428571,1789221486718793583-9630d87902bd4adf82fd7fc9cfd9fa21,"[""search""]",insufficient,3,3,1.0,"[1,2,3]",[],[],25,"[""m-8a1ac4543999c1eeeb063bdd"",""m-b4f7617ddfde634fb0ac7372"",""m-95bbccbd6a08d16d05369687"",""m-971985574eb04740c13ad5c1"",""m-2a46f1804e76d4daa1449ec5"",""m-0b1df58bb07f6d7652d8dfb1"",""m-1d5745d8b432a6047b4dd936"",""m-d8939565b192098f7742417a"",""m-8e14b81f299884f04aa016ff"",""m-3576b8a194151a5c0e81bdc5"",""m-942f5722dd6757610c2e118b"",""m-7c5d78490bb6e83cf8439922"",""m-3d125b0f0545f62e1d4dad28"",""m-879a81ce4bb890141c60d24f"",""m-1013038271bffdb5b4d7d9a5"",""m-f4d41a198fada7f7ebf3b81e"",""m-764a735eb863dbf0706b046a"",""m-32937397b194ea97822b7885"",""m-ae3c59715d1425023fba9b40"",""m-1206e80bff6434ab66c69ece"",""m-f41ccd0cde28da235a2664ef"",""m-9114fa7460e0af8f396d5e59"",""m-e88cdf413fbf8a7ac37bd0fb"",""m-323e3517faf8135a089224ca"",""m-25705ac9d5e8865bd0ef9821""]",True,0.0,False
1,official_mquake_label_chain,agentmemorybench:fact-mh-262k:context-0/factconsolidation_mh_262k_no57,factconsolidation_mh_262k_no57,57,13,14,0.9285714285714286,1789221521415514305-906353a6fa0e43be86e222d0c894abf2,"[""read""]",insufficient,3,3,1.0,"[1,2,3]",[],[],25,"[""m-8a1ac4543999c1eeeb063bdd"",""m-b4f7617ddfde634fb0ac7372"",""m-95bbccbd6a08d16d05369687"",""m-971985574eb04740c13ad5c1"",""m-2a46f1804e76d4daa1449ec5"",""m-0b1df58bb07f6d7652d8dfb1"",""m-1d5745d8b432a6047b4dd936"",""m-d8939565b192098f7742417a"",""m-8e14b81f299884f04aa016ff"",""m-3576b8a194151a5c0e81bdc5"",""m-942f5722dd6757610c2e118b"",""m-7c5d78490bb6e83cf8439922"",""m-3d125b0f0545f62e1d4dad28"",""m-879a81ce4bb890141c60d24f"",""m-1013038271bffdb5b4d7d9a5"",""m-f4d41a198fada7f7ebf3b81e"",""m-764a735eb863dbf0706b046a"",""m-32937397b194ea97822b7885"",""m-ae3c59715d1425023fba9b40"",""m-1206e80bff6434ab66c69ece"",""m-f41ccd0cde28da235a2664ef"",""m-9114fa7460e0af8f396d5e59"",""m-e88cdf413fbf8a7ac37bd0fb"",""m-323e3517faf8135a089224ca"",""m-25705ac9d5e8865bd0ef9821""]",True,0.0,False
1,official_mquake_label_chain,agentmemorybench:fact-mh-262k:context-0/factconsolidation_mh_262k_no57,factconsolidation_mh_262k_no57,57,14,14,1.0,1789221568823857342-f1f4ec3c9aeb4ea9b269298ab41821f2,"[""finish""]",insufficient,3,3,1.0,"[1,2,3]",[],[],34,"[""m-8a1ac4543999c1eeeb063bdd"",""m-b4f7617ddfde634fb0ac7372"",""m-95bbccbd6a08d16d05369687"",""m-971985574eb04740c13ad5c1"",""m-2a46f1804e76d4daa1449ec5"",""m-0b1df58bb07f6d7652d8dfb1"",""m-1d5745d8b432a6047b4dd936"",""m-d8939565b192098f7742417a"",""m-8e14b81f299884f04aa016ff"",""m-3576b8a194151a5c0e81bdc5"",""m-942f5722dd6757610c2e118b"",""m-7c5d78490bb6e83cf8439922"",""m-3d125b0f0545f62e1d4dad28"",""m-879a81ce4bb890141c60d24f"",""m-1013038271bffdb5b4d7d9a5"",""m-f4d41a198fada7f7ebf3b81e"",""m-764a735eb863dbf0706b046a"",""m-32937397b194ea97822b7885"",""m-ae3c59715d1425023fba9b40"",""m-1206e80bff6434ab66c69ece"",""m-f41ccd0cde28da235a2664ef"",""m-9114fa7460e0af8f396d5e59"",""m-e88cdf413fbf8a7ac37bd0fb"",""m-323e3517faf8135a089224ca"",""m-25705ac9d5e8865bd0ef9821"",""m-154bcacb92d86a5c9d325b00"",""m-0e33301d9eea6a7743aacd1f"",""m-098e8f358b290e8ba2babe14"",""m-6fd0269b08ed390fee96395f"",""m-0a2ca057cd4e91028f99f848"",""m-cbdf6a8153fd22ff0242fee9"",""m-0f10fff25f4f2295def856b4"",""m-8ea23f7d97db2ab60eec5ae4"",""m-39a70dddcdab182d48ea3d73""]",True,0.0,False
1,official_mquake_label_chain,agentmemorybench:fact-mh-262k:context-0/factconsolidation_mh_262k_no58,factconsolidation_mh_262k_no58,58,1,10,0.1,1789221303972800097-b9012d64018045439378b7fc06eee277,"[""search""]",sufficient,2,0,0.0,[],"[1,2]",[],0,[],False,0.0,False
1,official_mquake_label_chain,agentmemorybench:fact-mh-262k:context-0/factconsolidation_mh_262k_no58,factconsolidation_mh_262k_no58,58,2,10,0.2,1789221314899434770-30176f925df44bacb7fd3a22c661f422,"[""read""]",sufficient,2,0,0.0,[],"[1,2]",[],0,[],False,0.0,False
1,official_mquake_label_chain,agentmemorybench:fact-mh-262k:context-0/factconsolidation_mh_262k_no58,factconsolidation_mh_262k_no58,58,3,10,0.3,1789221324282819106-55e853eb3de146569d07595612293895,"[""search""]",sufficient,2,1,0.5,[1],[2],[1],2,"[""m-154bcacb92d86a5c9d325b00"",""m-879a81ce4bb890141c60d24f""]",False,0.0,False
1,official_mquake_label_chain,agentmemorybench:fact-mh-262k:context-0/factconsolidation_mh_262k_no58,factconsolidation_mh_262k_no58,58,4,10,0.4,1789221334439293291-b8f98dd3bf6a44fc9e1fe1a9afc2ef21,"[""search""]",sufficient,2,1,0.5,[1],[2],[],2,"[""m-154bcacb92d86a5c9d325b00"",""m-879a81ce4bb890141c60d24f""]",False,0.0,False
1,official_mquake_label_chain,agentmemorybench:fact-mh-262k:context-0/factconsolidation_mh_262k_no58,factconsolidation_mh_262k_no58,58,5,10,0.5,1789221338353134274-ff341ae7697448e9a4a1c32de63cd9d3,"[""search""]",sufficient,2,1,0.5,[1],[2],[],2,"[""m-154bcacb92d86a5c9d325b00"",""m-879a81ce4bb890141c60d24f""]",False,0.0,False
1,official_mquake_label_chain,agentmemorybench:fact-mh-262k:context-0/factconsolidation_mh_262k_no58,factconsolidation_mh_262k_no58,58,6,10,0.6,1789221351504071499-203d35daadaf468d941431852b8a19f6,"[""search""]",sufficient,2,1,0.5,[1],[2],[],2,"[""m-154bcacb92d86a5c9d325b00"",""m-879a81ce4bb890141c60d24f""]",False,0.0,False
1,official_mquake_label_chain,agentmemorybench:fact-mh-262k:context-0/factconsolidation_mh_262k_no58,factconsolidation_mh_262k_no58,58,7,10,0.7,1789221359418343259-b77d75f036294f2480487e0f40a7ac1d,"[""search""]",sufficient,2,1,0.5,[1],[2],[],2,"[""m-154bcacb92d86a5c9d325b00"",""m-879a81ce4bb890141c60d24f""]",False,0.0,False
1,official_mquake_label_chain,agentmemorybench:fact-mh-262k:context-0/factconsolidation_mh_262k_no58,factconsolidation_mh_262k_no58,58,8,10,0.8,1789221368204713786-74f2be5fd0644b04a83d328554b5ada7,"[""search""]",sufficient,2,1,0.5,[1],[2],[],2,"[""m-154bcacb92d86a5c9d325b00"",""m-879a81ce4bb890141c60d24f""]",False,0.0,False
1,official_mquake_label_chain,agentmemorybench:fact-mh-262k:context-0/factconsolidation_mh_262k_no58,factconsolidation_mh_262k_no58,58,9,10,0.9,1789221381032645267-3cf572f0fd2043b2a66eb2d460fbdc21,"[""search""]",sufficient,2,1,0.5,[1],[2],[],2,"[""m-154bcacb92d86a5c9d325b00"",""m-879a81ce4bb890141c60d24f""]",False,0.0,False
1,official_mquake_label_chain,agentmemorybench:fact-mh-262k:context-0/factconsolidation_mh_262k_no58,factconsolidation_mh_262k_no58,58,10,10,1.0,1789221399783604929-c7cc2a3df8544599b5440078ff7f7a4e,"[""finish""]",sufficient,2,1,0.5,[1],[2],[],2,"[""m-154bcacb92d86a5c9d325b00"",""m-879a81ce4bb890141c60d24f""]",False,0.0,False
1,official_mquake_label_chain,agentmemorybench:fact-mh-262k:context-0/factconsolidation_mh_262k_no59,factconsolidation_mh_262k_no59,59,1,4,0.25,1789221306499909416-c3bdc1ac60b24ea68ca3fef8acb276fe,"[""search""]",sufficient,2,0,0.0,[],"[1,2]",[],0,[],False,0.0,False
1,official_mquake_label_chain,agentmemorybench:fact-mh-262k:context-0/factconsolidation_mh_262k_no59,factconsolidation_mh_262k_no59,59,2,4,0.5,1789221308710421550-6749c90b6d044e3a8cfab311d0e9c366,"[""search""]",sufficient,2,0,0.0,[],"[1,2]",[],0,[],False,0.0,False
1,official_mquake_label_chain,agentmemorybench:fact-mh-262k:context-0/factconsolidation_mh_262k_no59,factconsolidation_mh_262k_no59,59,3,4,0.75,1789221325668936296-3ad137893f9a4a119732d1dea40f5696,"[""read""]",sufficient,2,0,0.0,[],"[1,2]",[],0,[],False,0.0,False
1,official_mquake_label_chain,agentmemorybench:fact-mh-262k:context-0/factconsolidation_mh_262k_no59,factconsolidation_mh_262k_no59,59,4,4,1.0,1789221330757760220-4fa6de53b3d648ddab3cdea9b8fc39db,"[""finish""]",sufficient,2,1,0.5,[1],[2],[1],2,"[""m-0b1df58bb07f6d7652d8dfb1"",""m-feaf7a534f97d17286f510dc""]",False,0.0,False
1,official_mquake_label_chain,agentmemorybench:fact-mh-262k:context-0/factconsolidation_mh_262k_no60,factconsolidation_mh_262k_no60,60,1,5,0.2,1789221316995573224-ffbfb149233947eea64ba3564e1ebf23,"[""search""]",sufficient,2,0,0.0,[],"[1,2]",[],0,[],False,1.0,True
1,official_mquake_label_chain,agentmemorybench:fact-mh-262k:context-0/factconsolidation_mh_262k_no60,factconsolidation_mh_262k_no60,60,2,5,0.4,1789221321113068655-1175800ce0b347f6aaf86735241022f4,"[""read""]",sufficient,2,0,0.0,[],"[1,2]",[],0,[],False,1.0,True
1,official_mquake_label_chain,agentmemorybench:fact-mh-262k:context-0/factconsolidation_mh_262k_no60,factconsolidation_mh_262k_no60,60,3,5,0.6,1789221335801935561-239c2a3e638d41cdbc1893b915e7a700,"[""search""]",sufficient,2,1,0.5,[1],[2],[1],2,"[""m-9775f81addddef3bf5347951"",""m-a0156ee0ec6cb0be09a290e7""]",False,1.0,True
1,official_mquake_label_chain,agentmemorybench:fact-mh-262k:context-0/factconsolidation_mh_262k_no60,factconsolidation_mh_262k_no60,60,4,5,0.8,1789221344935760003-585a779908fb47ed999bbc6a2a06b930,"[""read""]",sufficient,2,1,0.5,[1],[2],[],2,"[""m-9775f81addddef3bf5347951"",""m-a0156ee0ec6cb0be09a290e7""]",False,1.0,True
1,official_mquake_label_chain,agentmemorybench:fact-mh-262k:context-0/factconsolidation_mh_262k_no60,factconsolidation_mh_262k_no60,60,5,5,1.0,1789221364559745844-e5362dec041847ddb86003c43e8a4c1d,"[""finish""]",sufficient,2,2,1.0,"[1,2]",[],[2],4,"[""m-9775f81addddef3bf5347951"",""m-a0156ee0ec6cb0be09a290e7"",""m-df5c8fccc1791c4df5c99f24"",""m-0a2ca057cd4e91028f99f848""]",False,1.0,True
1,official_mquake_label_chain,agentmemorybench:fact-mh-262k:context-0/factconsolidation_mh_262k_no61,factconsolidation_mh_262k_no61,61,1,4,0.25,1789221321116178158-2dc2609090b94ef5b5759fc8c61a0fd9,"[""search""]",sufficient,2,0,0.0,[],"[1,2]",[],0,[],False,1.0,True
1,official_mquake_label_chain,agentmemorybench:fact-mh-262k:context-0/factconsolidation_mh_262k_no61,factconsolidation_mh_262k_no61,61,2,4,0.5,1789221330043221338-d907ea9b054a47b4949e3271339599f9,"[""search""]",sufficient,2,0,0.0,[],"[1,2]",[],0,[],False,1.0,True
1,official_mquake_label_chain,agentmemorybench:fact-mh-262k:context-0/factconsolidation_mh_262k_no61,factconsolidation_mh_262k_no61,61,3,4,0.75,1789221339551696510-88b007ddfc6542ae9c8d945a3596fbab,"[""read""]",sufficient,2,0,0.0,[],"[1,2]",[],0,[],False,1.0,True
1,official_mquake_label_chain,agentmemorybench:fact-mh-262k:context-0/factconsolidation_mh_262k_no61,factconsolidation_mh_262k_no61,61,4,4,1.0,1789221354739614047-b2e130f2ff14466fa01b3086eb7071e9,"[""finish""]",sufficient,2,2,1.0,"[1,2]",[],"[1,2]",3,"[""m-0e33301d9eea6a7743aacd1f"",""m-27a012671d73f03a3fd6b638"",""m-3d125b0f0545f62e1d4dad28""]",False,1.0,True
1,official_mquake_label_chain,agentmemorybench:fact-mh-262k:context-0/factconsolidation_mh_262k_no62,factconsolidation_mh_262k_no62,62,1,4,0.25,1789221326387146525-57d62405cd1c4c4ebb18fe40abf3de18,"[""search""]",sufficient,2,0,0.0,[],"[1,2]",[],0,[],False,1.0,True
1,official_mquake_label_chain,agentmemorybench:fact-mh-262k:context-0/factconsolidation_mh_262k_no62,factconsolidation_mh_262k_no62,62,2,4,0.5,1789221332441503845-9cd636e5c62244378f082866c1abd784,"[""search""]",sufficient,2,0,0.0,[],"[1,2]",[],0,[],False,1.0,True
1,official_mquake_label_chain,agentmemorybench:fact-mh-262k:context-0/factconsolidation_mh_262k_no62,factconsolidation_mh_262k_no62,62,3,4,0.75,1789221343907054418-243032c43fc643868d9b30499077696e,"[""read""]",sufficient,2,0,0.0,[],"[1,2]",[],0,[],False,1.0,True
1,official_mquake_label_chain,agentmemorybench:fact-mh-262k:context-0/factconsolidation_mh_262k_no62,factconsolidation_mh_262k_no62,62,4,4,1.0,1789221369087283272-2f629dc7b8fe4182a6bdae48cc6aad47,"[""finish""]",sufficient,2,2,1.0,"[1,2]",[],"[1,2]",3,"[""m-95bbccbd6a08d16d05369687"",""m-e83f38f2c761aa5a2f5c0f21"",""m-feaf7a534f97d17286f510dc""]",False,1.0,True
1,official_mquake_label_chain,agentmemorybench:fact-mh-262k:context-0/factconsolidation_mh_262k_no63,factconsolidation_mh_262k_no63,63,1,7,0.14285714285714285,1789221326748531932-8803e0b0f8aa41cea5333c1044356370,"[""search""]",sufficient,4,0,0.0,[],"[1,2,3,4]",[],0,[],True,0.0,False
1,official_mquake_label_chain,agentmemorybench:fact-mh-262k:context-0/factconsolidation_mh_262k_no63,factconsolidation_mh_262k_no63,63,2,7,0.2857142857142857,1789221335437772587-70abc448b7ed4bb1806ed517c56c9ee6,"[""read""]",sufficient,4,0,0.0,[],"[1,2,3,4]",[],0,[],True,0.0,False
1,official_mquake_label_chain,agentmemorybench:fact-mh-262k:context-0/factconsolidation_mh_262k_no63,factconsolidation_mh_262k_no63,63,3,7,0.42857142857142855,1789221351034596037-e56d380695a241fbb0bf7c7a3b43b04b,"[""search""]",sufficient,4,1,0.25,[1],"[2,3,4]",[1],2,"[""m-154bcacb92d86a5c9d325b00"",""m-b4f7617ddfde634fb0ac7372""]",True,0.0,False
1,official_mquake_label_chain,agentmemorybench:fact-mh-262k:context-0/factconsolidation_mh_262k_no63,factconsolidation_mh_262k_no63,63,4,7,0.5714285714285714,1789221359995868801-ee470b34199e4a8db72a454ec7621bfb,"[""read""]",sufficient,4,1,0.25,[1],"[2,3,4]",[],2,"[""m-154bcacb92d86a5c9d325b00"",""m-b4f7617ddfde634fb0ac7372""]",True,0.0,False
1,official_mquake_label_chain,agentmemorybench:fact-mh-262k:context-0/factconsolidation_mh_262k_no63,factconsolidation_mh_262k_no63,63,5,7,0.7142857142857143,1789221367393169808-dafb0ba2713d4389876e5c63736776eb,"[""search""]",sufficient,4,2,0.5,"[1,2]","[3,4]",[2],4,"[""m-154bcacb92d86a5c9d325b00"",""m-b4f7617ddfde634fb0ac7372"",""m-b7d3a9321839d30b4fca32c4"",""m-f41ccd0cde28da235a2664ef""]",True,0.0,False
1,official_mquake_label_chain,agentmemorybench:fact-mh-262k:context-0/factconsolidation_mh_262k_no63,factconsolidation_mh_262k_no63,63,6,7,0.8571428571428571,1789221426925997278-04dd002beba9493596ec4346c33964e4,"[""read""]",sufficient,4,2,0.5,"[1,2]","[3,4]",[],4,"[""m-154bcacb92d86a5c9d325b00"",""m-b4f7617ddfde634fb0ac7372"",""m-b7d3a9321839d30b4fca32c4"",""m-f41ccd0cde28da235a2664ef""]",True,0.0,False
1,official_mquake_label_chain,agentmemorybench:fact-mh-262k:context-0/factconsolidation_mh_262k_no63,factconsolidation_mh_262k_no63,63,7,7,1.0,1789221450011244029-5526fd848b024a86bdd1d84bb8a9fcec,"[""finish""]",sufficient,4,3,0.75,"[1,2,3]",[4],[3],5,"[""m-154bcacb92d86a5c9d325b00"",""m-b4f7617ddfde634fb0ac7372"",""m-b7d3a9321839d30b4fca32c4"",""m-f41ccd0cde28da235a2664ef"",""m-aff4df280c82222c41cd9dbd""]",True,0.0,False
1,official_mquake_label_chain,agentmemorybench:fact-mh-262k:context-0/factconsolidation_mh_262k_no64,factconsolidation_mh_262k_no64,64,1,7,0.14285714285714285,1789221326752350439-ded2a3344b754868960278a955b4e0d0,"[""search""]",sufficient,2,0,0.0,[],"[1,2]",[],0,[],False,0.0,False
1,official_mquake_label_chain,agentmemorybench:fact-mh-262k:context-0/factconsolidation_mh_262k_no64,factconsolidation_mh_262k_no64,64,2,7,0.2857142857142857,1789221331068579298-bade47f66a1b4879b5e32f3defc7bea4,"[""read""]",sufficient,2,0,0.0,[],"[1,2]",[],0,[],False,0.0,False
1,official_mquake_label_chain,agentmemorybench:fact-mh-262k:context-0/factconsolidation_mh_262k_no64,factconsolidation_mh_262k_no64,64,3,7,0.42857142857142855,1789221343435531912-05ae6b00bacf403e98b0713a187a4395,"[""search""]",sufficient,2,1,0.5,[1],[2],[1],3,"[""m-1013038271bffdb5b4d7d9a5"",""m-2a46f1804e76d4daa1449ec5"",""m-22130c7cb447261eda31ef6b""]",False,0.0,False
1,official_mquake_label_chain,agentmemorybench:fact-mh-262k:context-0/factconsolidation_mh_262k_no64,factconsolidation_mh_262k_no64,64,4,7,0.5714285714285714,1789221371194114619-1a57bc1e2c2445e7aee14afea101d486,"[""read""]",sufficient,2,1,0.5,[1],[2],[],3,"[""m-1013038271bffdb5b4d7d9a5"",""m-2a46f1804e76d4daa1449ec5"",""m-22130c7cb447261eda31ef6b""]",False,0.0,False
1,official_mquake_label_chain,agentmemorybench:fact-mh-262k:context-0/factconsolidation_mh_262k_no64,factconsolidation_mh_262k_no64,64,5,7,0.7142857142857143,1789221384853499760-ea9e097edc2449f0ae1edd2347398cc7,"[""search""]",sufficient,2,2,1.0,"[1,2]",[],[2],4,"[""m-1013038271bffdb5b4d7d9a5"",""m-2a46f1804e76d4daa1449ec5"",""m-22130c7cb447261eda31ef6b"",""m-6fd0269b08ed390fee96395f""]",False,0.0,False
1,official_mquake_label_chain,agentmemorybench:fact-mh-262k:context-0/factconsolidation_mh_262k_no64,factconsolidation_mh_262k_no64,64,6,7,0.8571428571428571,1789221405275265192-6ddcca236e6b47d1a2f7f2e51d4c5e1c,"[""search""]",sufficient,2,2,1.0,"[1,2]",[],[],4,"[""m-1013038271bffdb5b4d7d9a5"",""m-2a46f1804e76d4daa1449ec5"",""m-22130c7cb447261eda31ef6b"",""m-6fd0269b08ed390fee96395f""]",False,0.0,False
1,official_mquake_label_chain,agentmemorybench:fact-mh-262k:context-0/factconsolidation_mh_262k_no64,factconsolidation_mh_262k_no64,64,7,7,1.0,1789221429332097810-d6a2382fde324637af85425ff87c02a3,"[""finish""]",sufficient,2,2,1.0,"[1,2]",[],[],4,"[""m-1013038271bffdb5b4d7d9a5"",""m-2a46f1804e76d4daa1449ec5"",""m-22130c7cb447261eda31ef6b"",""m-6fd0269b08ed390fee96395f""]",False,0.0,False
1,official_mquake_label_chain,agentmemorybench:fact-mh-262k:context-0/factconsolidation_mh_262k_no65,factconsolidation_mh_262k_no65,65,1,5,0.2,1789221342279003133-de2bdde514164d1c9ec04e96614d35af,"[""search""]",sufficient,2,0,0.0,[],"[1,2]",[],0,[],False,0.0,False
1,official_mquake_label_chain,agentmemorybench:fact-mh-262k:context-0/factconsolidation_mh_262k_no65,factconsolidation_mh_262k_no65,65,2,5,0.4,1789221347045026201-cf2af988cd1e4fb392f6e4ef6aeb3593,"[""read""]",sufficient,2,0,0.0,[],"[1,2]",[],0,[],False,0.0,False
1,official_mquake_label_chain,agentmemorybench:fact-mh-262k:context-0/factconsolidation_mh_262k_no65,factconsolidation_mh_262k_no65,65,3,5,0.6,1789221375177112404-54e71e23e5774043bb7b86664cd83898,"[""search""]",sufficient,2,1,0.5,[1],[2],[1],9,"[""m-95bbccbd6a08d16d05369687"",""m-154bcacb92d86a5c9d325b00"",""m-8e14b81f299884f04aa016ff"",""m-8988c2999d80d11c33dcaf06"",""m-df5c8fccc1791c4df5c99f24"",""m-b4f7617ddfde634fb0ac7372"",""m-cc9026da2a96fd1bdeb2953b"",""m-a0156ee0ec6cb0be09a290e7"",""m-aff4df280c82222c41cd9dbd""]",False,0.0,False
1,official_mquake_label_chain,agentmemorybench:fact-mh-262k:context-0/factconsolidation_mh_262k_no65,factconsolidation_mh_262k_no65,65,4,5,0.8,1789221406005697331-d389bb6b36c842a7a5586a3379276c84,"[""read""]",sufficient,2,1,0.5,[1],[2],[],9,"[""m-95bbccbd6a08d16d05369687"",""m-154bcacb92d86a5c9d325b00"",""m-8e14b81f299884f04aa016ff"",""m-8988c2999d80d11c33dcaf06"",""m-df5c8fccc1791c4df5c99f24"",""m-b4f7617ddfde634fb0ac7372"",""m-cc9026da2a96fd1bdeb2953b"",""m-a0156ee0ec6cb0be09a290e7"",""m-aff4df280c82222c41cd9dbd""]",False,0.0,False
1,official_mquake_label_chain,agentmemorybench:fact-mh-262k:context-0/factconsolidation_mh_262k_no65,factconsolidation_mh_262k_no65,65,5,5,1.0,1789221435023709718-d14e8b7d6df941e88f400683f6281ec1,"[""finish""]",sufficient,2,2,1.0,"[1,2]",[],[2],11,"[""m-95bbccbd6a08d16d05369687"",""m-154bcacb92d86a5c9d325b00"",""m-8e14b81f299884f04aa016ff"",""m-8988c2999d80d11c33dcaf06"",""m-df5c8fccc1791c4df5c99f24"",""m-b4f7617ddfde634fb0ac7372"",""m-cc9026da2a96fd1bdeb2953b"",""m-a0156ee0ec6cb0be09a290e7"",""m-aff4df280c82222c41cd9dbd"",""m-942f5722dd6757610c2e118b"",""m-b7dcd8cd2d91e2a0530e94f1""]",False,0.0,False
1,official_mquake_label_chain,agentmemorybench:fact-mh-262k:context-0/factconsolidation_mh_262k_no66,factconsolidation_mh_262k_no66,66,1,5,0.2,1789221342660093907-67dd1cec0a5343dab1cdd9e55bff4eb1,"[""search""]",sufficient,2,0,0.0,[],"[1,2]",[],0,[],False,1.0,True
1,official_mquake_label_chain,agentmemorybench:fact-mh-262k:context-0/factconsolidation_mh_262k_no66,factconsolidation_mh_262k_no66,66,2,5,0.4,1789221351274835793-55f61b9e4edf4fc89f925f8bb435e647,"[""read""]",sufficient,2,0,0.0,[],"[1,2]",[],0,[],False,1.0,True
1,official_mquake_label_chain,agentmemorybench:fact-mh-262k:context-0/factconsolidation_mh_262k_no66,factconsolidation_mh_262k_no66,66,3,5,0.6,1789221363074486461-8c39d39afb524a3aa82966cc130178fc,"[""search""]",sufficient,2,1,0.5,[1],[2],[1],2,"[""m-20b0bd029c73234fd44ab583"",""m-3d125b0f0545f62e1d4dad28""]",False,1.0,True
1,official_mquake_label_chain,agentmemorybench:fact-mh-262k:context-0/factconsolidation_mh_262k_no66,factconsolidation_mh_262k_no66,66,4,5,0.8,1789221370649276824-e8072df257db4addaa0945a590856912,"[""read""]",sufficient,2,1,0.5,[1],[2],[],2,"[""m-20b0bd029c73234fd44ab583"",""m-3d125b0f0545f62e1d4dad28""]",False,1.0,True
1,official_mquake_label_chain,agentmemorybench:fact-mh-262k:context-0/factconsolidation_mh_262k_no66,factconsolidation_mh_262k_no66,66,5,5,1.0,1789221389738412864-384b3787116149f4b7691a363b96a531,"[""finish""]",sufficient,2,2,1.0,"[1,2]",[],[2],4,"[""m-20b0bd029c73234fd44ab583"",""m-3d125b0f0545f62e1d4dad28"",""m-9c66a5ec4a759d8795c58788"",""m-feaf7a534f97d17286f510dc""]",False,1.0,True
1,official_mquake_label_chain,agentmemorybench:fact-mh-262k:context-0/factconsolidation_mh_262k_no67,factconsolidation_mh_262k_no67,67,1,4,0.25,1789221342801044146-5ef0681d80b6469ab14bce1c8e535620,"[""search""]",sufficient,2,0,0.0,[],"[1,2]",[],0,[],False,0.0,False
1,official_mquake_label_chain,agentmemorybench:fact-mh-262k:context-0/factconsolidation_mh_262k_no67,factconsolidation_mh_262k_no67,67,2,4,0.5,1789221356637872145-e01f3737e7c64c97b5627032ff6b9878,"[""search""]",sufficient,2,0,0.0,[],"[1,2]",[],0,[],False,0.0,False
1,official_mquake_label_chain,agentmemorybench:fact-mh-262k:context-0/factconsolidation_mh_262k_no67,factconsolidation_mh_262k_no67,67,3,4,0.75,1789221375698936972-668d58d8f5cf438fba0af1885763fc13,"[""read""]",sufficient,2,0,0.0,[],"[1,2]",[],0,[],False,0.0,False
1,official_mquake_label_chain,agentmemorybench:fact-mh-262k:context-0/factconsolidation_mh_262k_no67,factconsolidation_mh_262k_no67,67,4,4,1.0,1789221402201204194-aee1afb8b23b46b7a49be64f884752f8,"[""finish""]",sufficient,2,1,0.5,[1],[2],[1],3,"[""m-20b0bd029c73234fd44ab583"",""m-942f5722dd6757610c2e118b"",""m-e83f38f2c761aa5a2f5c0f21""]",False,0.0,False
1,official_mquake_label_chain,agentmemorybench:fact-mh-262k:context-0/factconsolidation_mh_262k_no68,factconsolidation_mh_262k_no68,68,1,15,0.06666666666666667,1789221353958627719-1178befae6c743d8b9931c138cb9746e,"[""search""]",insufficient,2,0,0.0,[],"[1,2]",[],0,[],False,1.0,True
1,official_mquake_label_chain,agentmemorybench:fact-mh-262k:context-0/factconsolidation_mh_262k_no68,factconsolidation_mh_262k_no68,68,2,15,0.13333333333333333,1789221361058032173-63f75933b7f44585bd02b0b4553634fe,"[""search""]",insufficient,2,0,0.0,[],"[1,2]",[],0,[],False,1.0,True
1,official_mquake_label_chain,agentmemorybench:fact-mh-262k:context-0/factconsolidation_mh_262k_no68,factconsolidation_mh_262k_no68,68,3,15,0.2,1789221371193248744-e81df44f8c2149009f55cb43a64a0bce,"[""read""]",insufficient,2,0,0.0,[],"[1,2]",[],0,[],False,1.0,True
1,official_mquake_label_chain,agentmemorybench:fact-mh-262k:context-0/factconsolidation_mh_262k_no68,factconsolidation_mh_262k_no68,68,4,15,0.26666666666666666,1789221384717223792-a900ab42fbb44b84ad634bd33038462e,[],insufficient,2,1,0.5,[2],[1],[2],2,"[""m-9775f81addddef3bf5347951"",""m-28069cede24e19a36554223e""]",False,1.0,True
1,official_mquake_label_chain,agentmemorybench:fact-mh-262k:context-0/factconsolidation_mh_262k_no68,factconsolidation_mh_262k_no68,68,5,15,0.3333333333333333,1789221421620470067-ce67e27473804e3e831a76af7257d42f,"[""search""]",insufficient,2,1,0.5,[2],[1],[],2,"[""m-9775f81addddef3bf5347951"",""m-28069cede24e19a36554223e""]",False,1.0,True
1,official_mquake_label_chain,agentmemorybench:fact-mh-262k:context-0/factconsolidation_mh_262k_no68,factconsolidation_mh_262k_no68,68,6,15,0.4,1789221424331487743-8bd3513561204b639a72db3ba2bb02e8,"[""read""]",insufficient,2,1,0.5,[2],[1],[],2,"[""m-9775f81addddef3bf5347951"",""m-28069cede24e19a36554223e""]",False,1.0,True
1,official_mquake_label_chain,agentmemorybench:fact-mh-262k:context-0/factconsolidation_mh_262k_no68,factconsolidation_mh_262k_no68,68,7,15,0.4666666666666667,1789221435669444483-88e0c47284334f299d3ece9d5d978ef1,"[""search""]",insufficient,2,2,1.0,"[1,2]",[],[1],5,"[""m-9775f81addddef3bf5347951"",""m-28069cede24e19a36554223e"",""m-954c540a5962fbc7d01e18bf"",""m-9114fa7460e0af8f396d5e59"",""m-25705ac9d5e8865bd0ef9821""]",False,1.0,True
1,official_mquake_label_chain,agentmemorybench:fact-mh-262k:context-0/factconsolidation_mh_262k_no68,factconsolidation_mh_262k_no68,68,8,15,0.5333333333333333,1789221450992124407-78d56f3c23d34920ada96b9df3f04843,"[""read""]",insufficient,2,2,1.0,"[1,2]",[],[],5,"[""m-9775f81addddef3bf5347951"",""m-28069cede24e19a36554223e"",""m-954c540a5962fbc7d01e18bf"",""m-9114fa7460e0af8f396d5e59"",""m-25705ac9d5e8865bd0ef9821""]",False,1.0,True
1,official_mquake_label_chain,agentmemorybench:fact-mh-262k:context-0/factconsolidation_mh_262k_no68,factconsolidation_mh_262k_no68,68,9,15,0.6,1789221468710080805-e574fb40607943faaeb695242f829dc4,"[""search""]",insufficient,2,2,1.0,"[1,2]",[],[],6,"[""m-9775f81addddef3bf5347951"",""m-28069cede24e19a36554223e"",""m-954c540a5962fbc7d01e18bf"",""m-9114fa7460e0af8f396d5e59"",""m-25705ac9d5e8865bd0ef9821"",""m-8ea23f7d97db2ab60eec5ae4""]",False,1.0,True
1,official_mquake_label_chain,agentmemorybench:fact-mh-262k:context-0/factconsolidation_mh_262k_no68,factconsolidation_mh_262k_no68,68,10,15,0.6666666666666666,1789221482208425968-0068f7845ced43deaccb3c5f3e340280,"[""search""]",insufficient,2,2,1.0,"[1,2]",[],[],6,"[""m-9775f81addddef3bf5347951"",""m-28069cede24e19a36554223e"",""m-954c540a5962fbc7d01e18bf"",""m-9114fa7460e0af8f396d5e59"",""m-25705ac9d5e8865bd0ef9821"",""m-8ea23f7d97db2ab60eec5ae4""]",False,1.0,True
1,official_mquake_label_chain,agentmemorybench:fact-mh-262k:context-0/factconsolidation_mh_262k_no68,factconsolidation_mh_262k_no68,68,11,15,0.7333333333333333,1789221498310870461-43a27c2b495f4e488e6a08eb2ed196d5,"[""read""]",insufficient,2,2,1.0,"[1,2]",[],[],6,"[""m-9775f81addddef3bf5347951"",""m-28069cede24e19a36554223e"",""m-954c540a5962fbc7d01e18bf"",""m-9114fa7460e0af8f396d5e59"",""m-25705ac9d5e8865bd0ef9821"",""m-8ea23f7d97db2ab60eec5ae4""]",False,1.0,True
1,official_mquake_label_chain,agentmemorybench:fact-mh-262k:context-0/factconsolidation_mh_262k_no68,factconsolidation_mh_262k_no68,68,12,15,0.8,1789221512518273998-9c1938daa38e4864ad9beda019f22dbb,"[""search""]",insufficient,2,2,1.0,"[1,2]",[],[],7,"[""m-9775f81addddef3bf5347951"",""m-28069cede24e19a36554223e"",""m-954c540a5962fbc7d01e18bf"",""m-9114fa7460e0af8f396d5e59"",""m-25705ac9d5e8865bd0ef9821"",""m-8ea23f7d97db2ab60eec5ae4"",""m-65ddf9819a5ecf5e4656074f""]",False,1.0,True
1,official_mquake_label_chain,agentmemorybench:fact-mh-262k:context-0/factconsolidation_mh_262k_no68,factconsolidation_mh_262k_no68,68,13,15,0.8666666666666667,1789221539266415746-2f3f14a3853d42b4b1499806c01ffdc0,"[""search""]",insufficient,2,2,1.0,"[1,2]",[],[],7,"[""m-9775f81addddef3bf5347951"",""m-28069cede24e19a36554223e"",""m-954c540a5962fbc7d01e18bf"",""m-9114fa7460e0af8f396d5e59"",""m-25705ac9d5e8865bd0ef9821"",""m-8ea23f7d97db2ab60eec5ae4"",""m-65ddf9819a5ecf5e4656074f""]",False,1.0,True
1,official_mquake_label_chain,agentmemorybench:fact-mh-262k:context-0/factconsolidation_mh_262k_no68,factconsolidation_mh_262k_no68,68,14,15,0.9333333333333333,1789221560171896838-e9e779709f3f4586be04741c14739280,"[""search""]",insufficient,2,2,1.0,"[1,2]",[],[],7,"[""m-9775f81addddef3bf5347951"",""m-28069cede24e19a36554223e"",""m-954c540a5962fbc7d01e18bf"",""m-9114fa7460e0af8f396d5e59"",""m-25705ac9d5e8865bd0ef9821"",""m-8ea23f7d97db2ab60eec5ae4"",""m-65ddf9819a5ecf5e4656074f""]",False,1.0,True
1,official_mquake_label_chain,agentmemorybench:fact-mh-262k:context-0/factconsolidation_mh_262k_no68,factconsolidation_mh_262k_no68,68,15,15,1.0,1789221577363053923-99d5459193784770bf349b4b584c1aac,"[""finish""]",insufficient,2,2,1.0,"[1,2]",[],[],7,"[""m-9775f81addddef3bf5347951"",""m-28069cede24e19a36554223e"",""m-954c540a5962fbc7d01e18bf"",""m-9114fa7460e0af8f396d5e59"",""m-25705ac9d5e8865bd0ef9821"",""m-8ea23f7d97db2ab60eec5ae4"",""m-65ddf9819a5ecf5e4656074f""]",False,1.0,True
1,official_mquake_label_chain,agentmemorybench:fact-mh-262k:context-0/factconsolidation_mh_262k_no69,factconsolidation_mh_262k_no69,69,1,9,0.1111111111111111,1789221367081575077-8606ae13e40642f28264c8345228c418,"[""search""]",sufficient,4,0,0.0,[],"[1,2,3,4]",[],0,[],False,1.0,True
1,official_mquake_label_chain,agentmemorybench:fact-mh-262k:context-0/factconsolidation_mh_262k_no69,factconsolidation_mh_262k_no69,69,2,9,0.2222222222222222,1789221377175518831-0226c534c92e4f8ba44f4b2a8cf39d70,"[""read""]",sufficient,4,0,0.0,[],"[1,2,3,4]",[],0,[],False,1.0,True
1,official_mquake_label_chain,agentmemorybench:fact-mh-262k:context-0/factconsolidation_mh_262k_no69,factconsolidation_mh_262k_no69,69,3,9,0.3333333333333333,1789221390054183152-d106fbbac4c54c0f8074c494dc3f8eb4,"[""search""]",sufficient,4,1,0.25,[1],"[2,3,4]",[1],2,"[""m-3d125b0f0545f62e1d4dad28"",""m-cc9026da2a96fd1bdeb2953b""]",False,1.0,True
1,official_mquake_label_chain,agentmemorybench:fact-mh-262k:context-0/factconsolidation_mh_262k_no69,factconsolidation_mh_262k_no69,69,4,9,0.4444444444444444,1789221398014910867-ab0127590cfb46d4b66069b822bcc113,"[""search""]",sufficient,4,1,0.25,[1],"[2,3,4]",[],2,"[""m-3d125b0f0545f62e1d4dad28"",""m-cc9026da2a96fd1bdeb2953b""]",False,1.0,True
1,official_mquake_label_chain,agentmemorybench:fact-mh-262k:context-0/factconsolidation_mh_262k_no69,factconsolidation_mh_262k_no69,69,5,9,0.5555555555555556,1789221408086934945-92ffed33bf9a492ea760f106b36dba56,"[""read""]",sufficient,4,1,0.25,[1],"[2,3,4]",[],2,"[""m-3d125b0f0545f62e1d4dad28"",""m-cc9026da2a96fd1bdeb2953b""]",False,1.0,True
1,official_mquake_label_chain,agentmemorybench:fact-mh-262k:context-0/factconsolidation_mh_262k_no69,factconsolidation_mh_262k_no69,69,6,9,0.6666666666666666,1789221426689508062-0954de25e89f49f7ac7567dfc4853ec3,"[""read""]",sufficient,4,2,0.5,"[1,3]","[2,4]",[3],3,"[""m-3d125b0f0545f62e1d4dad28"",""m-cc9026da2a96fd1bdeb2953b"",""m-0b1100aa2215e071bf08a812""]",False,1.0,True
1,official_mquake_label_chain,agentmemorybench:fact-mh-262k:context-0/factconsolidation_mh_262k_no69,factconsolidation_mh_262k_no69,69,7,9,0.7777777777777778,1789221444670201107-0764881e06d74f33b07eb92239eb47a7,"[""search""]",sufficient,4,3,0.75,"[1,2,3]",[4],[2],4,"[""m-3d125b0f0545f62e1d4dad28"",""m-cc9026da2a96fd1bdeb2953b"",""m-0b1100aa2215e071bf08a812"",""m-b7d3a9321839d30b4fca32c4""]",False,1.0,True
1,official_mquake_label_chain,agentmemorybench:fact-mh-262k:context-0/factconsolidation_mh_262k_no69,factconsolidation_mh_262k_no69,69,8,9,0.8888888888888888,1789221453999895846-41570d3d6e5d4286aa3083c4540c8698,"[""read""]",sufficient,4,3,0.75,"[1,2,3]",[4],[],4,"[""m-3d125b0f0545f62e1d4dad28"",""m-cc9026da2a96fd1bdeb2953b"",""m-0b1100aa2215e071bf08a812"",""m-b7d3a9321839d30b4fca32c4""]",False,1.0,True
1,official_mquake_label_chain,agentmemorybench:fact-mh-262k:context-0/factconsolidation_mh_262k_no69,factconsolidation_mh_262k_no69,69,9,9,1.0,1789221462342733482-bb44ac57d5ab41c7830616f3053eaaf4,"[""finish""]",sufficient,4,4,1.0,"[1,2,3,4]",[],[4],6,"[""m-3d125b0f0545f62e1d4dad28"",""m-cc9026da2a96fd1bdeb2953b"",""m-0b1100aa2215e071bf08a812"",""m-b7d3a9321839d30b4fca32c4"",""m-dfb16b405973c1a31c4ae15b"",""m-fe91a1e8a803d8f45780f318""]",False,1.0,True
1,official_mquake_label_chain,agentmemorybench:fact-mh-262k:context-0/factconsolidation_mh_262k_no70,factconsolidation_mh_262k_no70,70,1,6,0.16666666666666666,1789221372840539783-192602e08ce04c96bb307380be037fec,"[""search""]",sufficient,3,0,0.0,[],"[1,2,3]",[],0,[],False,1.0,True
1,official_mquake_label_chain,agentmemorybench:fact-mh-262k:context-0/factconsolidation_mh_262k_no70,factconsolidation_mh_262k_no70,70,2,6,0.3333333333333333,1789221379595694432-10593013acaa4809a47dd8d173b826f5,"[""search""]",sufficient,3,0,0.0,[],"[1,2,3]",[],0,[],False,1.0,True
1,official_mquake_label_chain,agentmemorybench:fact-mh-262k:context-0/factconsolidation_mh_262k_no70,factconsolidation_mh_262k_no70,70,3,6,0.5,1789221394645598357-6efea23c3a5b48fb8d265ef66457a7cd,"[""read""]",sufficient,3,0,0.0,[],"[1,2,3]",[],0,[],False,1.0,True
1,official_mquake_label_chain,agentmemorybench:fact-mh-262k:context-0/factconsolidation_mh_262k_no70,factconsolidation_mh_262k_no70,70,4,6,0.6666666666666666,1789221406887049699-9fbd9ccce63f4a2b8ed3fb38bb23e587,"[""search""]",sufficient,3,2,0.6666666666666666,"[1,2]",[3],"[1,2]",3,"[""m-971985574eb04740c13ad5c1"",""m-cc9026da2a96fd1bdeb2953b"",""m-1206e80bff6434ab66c69ece""]",False,1.0,True
1,official_mquake_label_chain,agentmemorybench:fact-mh-262k:context-0/factconsolidation_mh_262k_no70,factconsolidation_mh_262k_no70,70,5,6,0.8333333333333334,1789221422810287459-030b30c1885f41ebbdaa4c4f4575fe30,"[""read""]",sufficient,3,2,0.6666666666666666,"[1,2]",[3],[],3,"[""m-971985574eb04740c13ad5c1"",""m-cc9026da2a96fd1bdeb2953b"",""m-1206e80bff6434ab66c69ece""]",False,1.0,True
1,official_mquake_label_chain,agentmemorybench:fact-mh-262k:context-0/factconsolidation_mh_262k_no70,factconsolidation_mh_262k_no70,70,6,6,1.0,1789221435754154863-b6b152faf2564dfc90d81756a0cb6cec,"[""finish""]",sufficient,3,3,1.0,"[1,2,3]",[],[3],5,"[""m-971985574eb04740c13ad5c1"",""m-cc9026da2a96fd1bdeb2953b"",""m-1206e80bff6434ab66c69ece"",""m-b7dcd8cd2d91e2a0530e94f1"",""m-39a70dddcdab182d48ea3d73""]",False,1.0,True
1,official_mquake_label_chain,agentmemorybench:fact-mh-262k:context-0/factconsolidation_mh_262k_no71,factconsolidation_mh_262k_no71,71,1,3,0.3333333333333333,1789221376853921382-492bc556ccba42d18ddd2ff4eb896e6e,"[""search""]",sufficient,2,0,0.0,[],"[1,2]",[],0,[],True,1.0,True
1,official_mquake_label_chain,agentmemorybench:fact-mh-262k:context-0/factconsolidation_mh_262k_no71,factconsolidation_mh_262k_no71,71,2,3,0.6666666666666666,1789221382551773259-0abffee7787047aba3c5ba84ad81668b,"[""read""]",sufficient,2,0,0.0,[],"[1,2]",[],0,[],True,1.0,True
1,official_mquake_label_chain,agentmemorybench:fact-mh-262k:context-0/factconsolidation_mh_262k_no71,factconsolidation_mh_262k_no71,71,3,3,1.0,1789221397172398151-e9a8edbfb00b45bfa7d581375ea450dc,"[""finish""]",sufficient,2,2,1.0,"[1,2]",[],"[1,2]",3,"[""m-3576b8a194151a5c0e81bdc5"",""m-879a81ce4bb890141c60d24f"",""m-25705ac9d5e8865bd0ef9821""]",True,1.0,True
1,official_mquake_label_chain,agentmemorybench:fact-mh-262k:context-0/factconsolidation_mh_262k_no72,factconsolidation_mh_262k_no72,72,1,6,0.16666666666666666,1789221380086408803-764089c6db9b400ab96e64355b0494f3,"[""search""]",sufficient,4,0,0.0,[],"[1,2,3,4]",[],0,[],True,0.0,False
1,official_mquake_label_chain,agentmemorybench:fact-mh-262k:context-0/factconsolidation_mh_262k_no72,factconsolidation_mh_262k_no72,72,2,6,0.3333333333333333,1789221386449424863-47b9306fd8534b148fde5fd0fa321cb0,"[""search""]",sufficient,4,0,0.0,[],"[1,2,3,4]",[],0,[],True,0.0,False
1,official_mquake_label_chain,agentmemorybench:fact-mh-262k:context-0/factconsolidation_mh_262k_no72,factconsolidation_mh_262k_no72,72,3,6,0.5,1789221401748386253-db677d1d7f714dc791f0a9ba3b3b859a,"[""read""]",sufficient,4,0,0.0,[],"[1,2,3,4]",[],0,[],True,0.0,False
1,official_mquake_label_chain,agentmemorybench:fact-mh-262k:context-0/factconsolidation_mh_262k_no72,factconsolidation_mh_262k_no72,72,4,6,0.6666666666666666,1789221431451516665-72f4cbdf98904d27b47b78eac8508f32,"[""search""]",sufficient,4,1,0.25,[1],"[2,3,4]",[1],4,"[""m-0b1df58bb07f6d7652d8dfb1"",""m-971985574eb04740c13ad5c1"",""m-b7d3a9321839d30b4fca32c4"",""m-8ea23f7d97db2ab60eec5ae4""]",True,0.0,False
1,official_mquake_label_chain,agentmemorybench:fact-mh-262k:context-0/factconsolidation_mh_262k_no72,factconsolidation_mh_262k_no72,72,5,6,0.8333333333333334,1789221439746217887-ad0881fee93a49968484f71be2b5e2e2,"[""read""]",sufficient,4,1,0.25,[1],"[2,3,4]",[],4,"[""m-0b1df58bb07f6d7652d8dfb1"",""m-971985574eb04740c13ad5c1"",""m-b7d3a9321839d30b4fca32c4"",""m-8ea23f7d97db2ab60eec5ae4""]",True,0.0,False
1,official_mquake_label_chain,agentmemorybench:fact-mh-262k:context-0/factconsolidation_mh_262k_no72,factconsolidation_mh_262k_no72,72,6,6,1.0,1789221453555187126-ff9890dc139c4e379ed20aa31a61043c,"[""finish""]",sufficient,4,1,0.25,[1],"[2,3,4]",[],6,"[""m-0b1df58bb07f6d7652d8dfb1"",""m-971985574eb04740c13ad5c1"",""m-b7d3a9321839d30b4fca32c4"",""m-8ea23f7d97db2ab60eec5ae4"",""m-a0156ee0ec6cb0be09a290e7"",""m-4629414582d97d69514c4643""]",True,0.0,False
1,official_mquake_label_chain,agentmemorybench:fact-mh-262k:context-0/factconsolidation_mh_262k_no73,factconsolidation_mh_262k_no73,73,1,6,0.16666666666666666,1789221382332102882-9874afd4cb6546edb9b6af0e1677194e,"[""search""]",sufficient,2,0,0.0,[],"[1,2]",[],0,[],False,1.0,True
1,official_mquake_label_chain,agentmemorybench:fact-mh-262k:context-0/factconsolidation_mh_262k_no73,factconsolidation_mh_262k_no73,73,2,6,0.3333333333333333,1789221388830304055-e3ddbdf090f9445ba628100b98bd4cd3,"[""search""]",sufficient,2,0,0.0,[],"[1,2]",[],0,[],False,1.0,True
1,official_mquake_label_chain,agentmemorybench:fact-mh-262k:context-0/factconsolidation_mh_262k_no73,factconsolidation_mh_262k_no73,73,3,6,0.5,1789221395317974280-cf77d5605b164805909ea3dbe1793c49,"[""read""]",sufficient,2,0,0.0,[],"[1,2]",[],0,[],False,1.0,True
1,official_mquake_label_chain,agentmemorybench:fact-mh-262k:context-0/factconsolidation_mh_262k_no73,factconsolidation_mh_262k_no73,73,4,6,0.6666666666666666,1789221402200762510-10feb98c5f8f4f42af1ccec2635d0e3c,"[""search""]",sufficient,2,1,0.5,[2],[1],[2],1,"[""m-0b1100aa2215e071bf08a812""]",False,1.0,True
1,official_mquake_label_chain,agentmemorybench:fact-mh-262k:context-0/factconsolidation_mh_262k_no73,factconsolidation_mh_262k_no73,73,5,6,0.8333333333333334,1789221409620072100-0cf4e6d8053c4c249c6e16aa2e5ce4db,"[""read""]",sufficient,2,1,0.5,[2],[1],[],1,"[""m-0b1100aa2215e071bf08a812""]",False,1.0,True
1,official_mquake_label_chain,agentmemorybench:fact-mh-262k:context-0/factconsolidation_mh_262k_no73,factconsolidation_mh_262k_no73,73,6,6,1.0,1789221418910963157-bc7f8abfcbb64b4d9ab4d3889c2181d9,"[""finish""]",sufficient,2,2,1.0,"[1,2]",[],[1],3,"[""m-0b1100aa2215e071bf08a812"",""m-cbdf6a8153fd22ff0242fee9"",""m-aff4df280c82222c41cd9dbd""]",False,1.0,True
1,official_mquake_label_chain,agentmemorybench:fact-mh-262k:context-0/factconsolidation_mh_262k_no74,factconsolidation_mh_262k_no74,74,1,4,0.25,1789221389756502788-8a296516f2234996a9de91ff937ad404,"[""search""]",sufficient,2,0,0.0,[],"[1,2]",[],0,[],False,0.0,False
1,official_mquake_label_chain,agentmemorybench:fact-mh-262k:context-0/factconsolidation_mh_262k_no74,factconsolidation_mh_262k_no74,74,2,4,0.5,1789221398243856881-172fb6e2223f4c33b98a929083b56c3e,"[""search""]",sufficient,2,0,0.0,[],"[1,2]",[],0,[],False,0.0,False
1,official_mquake_label_chain,agentmemorybench:fact-mh-262k:context-0/factconsolidation_mh_262k_no74,factconsolidation_mh_262k_no74,74,3,4,0.75,1789221414139932453-1397ee89a2824dd2a9c9c5a100398712,"[""read""]",sufficient,2,0,0.0,[],"[1,2]",[],0,[],False,0.0,False
1,official_mquake_label_chain,agentmemorybench:fact-mh-262k:context-0/factconsolidation_mh_262k_no74,factconsolidation_mh_262k_no74,74,4,4,1.0,1789221426386806783-1d4a534e47054e64939933653b63843e,"[""finish""]",sufficient,2,1,0.5,[1],[2],[1],3,"[""m-95bbccbd6a08d16d05369687"",""m-9c66a5ec4a759d8795c58788"",""m-28069cede24e19a36554223e""]",False,0.0,False
1,official_mquake_label_chain,agentmemorybench:fact-mh-262k:context-0/factconsolidation_mh_262k_no75,factconsolidation_mh_262k_no75,75,1,10,0.1,1789221406029065783-348edf1baf9c4afb9e2c343e2967ee33,"[""search""]",sufficient,4,0,0.0,[],"[1,2,3,4]",[],0,[],True,0.0,False
1,official_mquake_label_chain,agentmemorybench:fact-mh-262k:context-0/factconsolidation_mh_262k_no75,factconsolidation_mh_262k_no75,75,2,10,0.2,1789221411704989069-8d6a8d05bd484c87a74ca3b56991148e,"[""search""]",sufficient,4,0,0.0,[],"[1,2,3,4]",[],0,[],True,0.0,False
1,official_mquake_label_chain,agentmemorybench:fact-mh-262k:context-0/factconsolidation_mh_262k_no75,factconsolidation_mh_262k_no75,75,3,10,0.3,1789221420749577363-594f362f6d45490ba1beeb8f98522238,"[""read""]",sufficient,4,0,0.0,[],"[1,2,3,4]",[],0,[],True,0.0,False
1,official_mquake_label_chain,agentmemorybench:fact-mh-262k:context-0/factconsolidation_mh_262k_no75,factconsolidation_mh_262k_no75,75,4,10,0.4,1789221438413530501-152cc85641ad4587b16f5e6f176f4a1e,"[""search""]",sufficient,4,2,0.5,"[1,2]","[3,4]","[1,2]",4,"[""m-621e3928a351e7bbd9e11337"",""m-6fd0269b08ed390fee96395f"",""m-b4f7617ddfde634fb0ac7372"",""m-aff4df280c82222c41cd9dbd""]",True,0.0,False
1,official_mquake_label_chain,agentmemorybench:fact-mh-262k:context-0/factconsolidation_mh_262k_no75,factconsolidation_mh_262k_no75,75,5,10,0.5,1789221461360049565-450ae93ab97c4fc199572905a8f48ed8,"[""read""]",sufficient,4,2,0.5,"[1,2]","[3,4]",[],4,"[""m-621e3928a351e7bbd9e11337"",""m-6fd0269b08ed390fee96395f"",""m-b4f7617ddfde634fb0ac7372"",""m-aff4df280c82222c41cd9dbd""]",True,0.0,False
1,official_mquake_label_chain,agentmemorybench:fact-mh-262k:context-0/factconsolidation_mh_262k_no75,factconsolidation_mh_262k_no75,75,6,10,0.6,1789221473053085229-e9eca92b74cd48fd87d32e0c0fba4e81,"[""search""]",sufficient,4,2,0.5,"[1,2]","[3,4]",[],6,"[""m-621e3928a351e7bbd9e11337"",""m-6fd0269b08ed390fee96395f"",""m-b4f7617ddfde634fb0ac7372"",""m-aff4df280c82222c41cd9dbd"",""m-2a33ae56e5df02e9a6e4fa1b"",""m-cc9026da2a96fd1bdeb2953b""]",True,0.0,False
1,official_mquake_label_chain,agentmemorybench:fact-mh-262k:context-0/factconsolidation_mh_262k_no75,factconsolidation_mh_262k_no75,75,7,10,0.7,1789221486718136256-634055622ae84258af188f612c44c717,"[""search""]",sufficient,4,2,0.5,"[1,2]","[3,4]",[],6,"[""m-621e3928a351e7bbd9e11337"",""m-6fd0269b08ed390fee96395f"",""m-b4f7617ddfde634fb0ac7372"",""m-aff4df280c82222c41cd9dbd"",""m-2a33ae56e5df02e9a6e4fa1b"",""m-cc9026da2a96fd1bdeb2953b""]",True,0.0,False
1,official_mquake_label_chain,agentmemorybench:fact-mh-262k:context-0/factconsolidation_mh_262k_no75,factconsolidation_mh_262k_no75,75,8,10,0.8,1789221497483128089-e3d6b7f2d6164544b8ddf21804c00657,"[""search""]",sufficient,4,2,0.5,"[1,2]","[3,4]",[],6,"[""m-621e3928a351e7bbd9e11337"",""m-6fd0269b08ed390fee96395f"",""m-b4f7617ddfde634fb0ac7372"",""m-aff4df280c82222c41cd9dbd"",""m-2a33ae56e5df02e9a6e4fa1b"",""m-cc9026da2a96fd1bdeb2953b""]",True,0.0,False
1,official_mquake_label_chain,agentmemorybench:fact-mh-262k:context-0/factconsolidation_mh_262k_no75,factconsolidation_mh_262k_no75,75,9,10,0.9,1789221516340785517-3f0e4d649c834a9c9dfc56dbc511bfd3,"[""read""]",sufficient,4,2,0.5,"[1,2]","[3,4]",[],6,"[""m-621e3928a351e7bbd9e11337"",""m-6fd0269b08ed390fee96395f"",""m-b4f7617ddfde634fb0ac7372"",""m-aff4df280c82222c41cd9dbd"",""m-2a33ae56e5df02e9a6e4fa1b"",""m-cc9026da2a96fd1bdeb2953b""]",True,0.0,False
1,official_mquake_label_chain,agentmemorybench:fact-mh-262k:context-0/factconsolidation_mh_262k_no75,factconsolidation_mh_262k_no75,75,10,10,1.0,1789221542266669389-a328356e9c1b483188ed4f2e5333012a,"[""finish""]",sufficient,4,2,0.5,"[1,2]","[3,4]",[],7,"[""m-621e3928a351e7bbd9e11337"",""m-6fd0269b08ed390fee96395f"",""m-b4f7617ddfde634fb0ac7372"",""m-aff4df280c82222c41cd9dbd"",""m-2a33ae56e5df02e9a6e4fa1b"",""m-cc9026da2a96fd1bdeb2953b"",""m-9114fa7460e0af8f396d5e59""]",True,0.0,False
1,official_mquake_label_chain,agentmemorybench:fact-mh-262k:context-0/factconsolidation_mh_262k_no76,factconsolidation_mh_262k_no76,76,1,4,0.25,1789221407173134824-b7f04e26723a4f7383070ed8688e9484,"[""search""]",sufficient,2,0,0.0,[],"[1,2]",[],0,[],True,0.0,False
1,official_mquake_label_chain,agentmemorybench:fact-mh-262k:context-0/factconsolidation_mh_262k_no76,factconsolidation_mh_262k_no76,76,2,4,0.5,1789221414140371346-398d63ae7d8a4b7b9b616863bce222b9,"[""search""]",sufficient,2,0,0.0,[],"[1,2]",[],0,[],True,0.0,False
1,official_mquake_label_chain,agentmemorybench:fact-mh-262k:context-0/factconsolidation_mh_262k_no76,factconsolidation_mh_262k_no76,76,3,4,0.75,1789221423352993558-97e331687e8c41ed813dc5f8a39a351c,"[""read""]",sufficient,2,0,0.0,[],"[1,2]",[],0,[],True,0.0,False
1,official_mquake_label_chain,agentmemorybench:fact-mh-262k:context-0/factconsolidation_mh_262k_no76,factconsolidation_mh_262k_no76,76,4,4,1.0,1789221441326447312-0b95df2461db410b8d1c556a098d60eb,"[""finish""]",sufficient,2,2,1.0,"[1,2]",[],"[1,2]",3,"[""m-8e14b81f299884f04aa016ff"",""m-e8c89d3ba3aa543273171efa"",""m-1206e80bff6434ab66c69ece""]",True,0.0,False
1,official_mquake_label_chain,agentmemorybench:fact-mh-262k:context-0/factconsolidation_mh_262k_no77,factconsolidation_mh_262k_no77,77,1,10,0.1,1789221410365431505-f2f0a0d2c19842409b6b10d06ebb09cd,"[""search""]",sufficient,4,0,0.0,[],"[1,2,3,4]",[],0,[],True,0.0,False
1,official_mquake_label_chain,agentmemorybench:fact-mh-262k:context-0/factconsolidation_mh_262k_no77,factconsolidation_mh_262k_no77,77,2,10,0.2,1789221419588370041-6c6bffc811494c7ca4f08822a6dc2eaa,"[""read""]",sufficient,4,0,0.0,[],"[1,2,3,4]",[],0,[],True,0.0,False
1,official_mquake_label_chain,agentmemorybench:fact-mh-262k:context-0/factconsolidation_mh_262k_no77,factconsolidation_mh_262k_no77,77,3,10,0.3,1789221442081383675-3224c02e043049f1803f1bb719e347cf,"[""search""]",sufficient,4,1,0.25,[1],"[2,3,4]",[1],2,"[""m-28069cede24e19a36554223e"",""m-25705ac9d5e8865bd0ef9821""]",True,0.0,False
1,official_mquake_label_chain,agentmemorybench:fact-mh-262k:context-0/factconsolidation_mh_262k_no77,factconsolidation_mh_262k_no77,77,4,10,0.4,1789221450565893018-54fa839388134766b6a9e402b903a8a0,"[""search""]",sufficient,4,1,0.25,[1],"[2,3,4]",[],2,"[""m-28069cede24e19a36554223e"",""m-25705ac9d5e8865bd0ef9821""]",True,0.0,False
1,official_mquake_label_chain,agentmemorybench:fact-mh-262k:context-0/factconsolidation_mh_262k_no77,factconsolidation_mh_262k_no77,77,5,10,0.5,1789221469734064942-d5cce67fc91948a9b4dfbbbc4b6f0fae,"[""read""]",sufficient,4,1,0.25,[1],"[2,3,4]",[],2,"[""m-28069cede24e19a36554223e"",""m-25705ac9d5e8865bd0ef9821""]",True,0.0,False
1,official_mquake_label_chain,agentmemorybench:fact-mh-262k:context-0/factconsolidation_mh_262k_no77,factconsolidation_mh_262k_no77,77,6,10,0.6,1789221479990843177-5f797e4197124ec7b3a2812b64e6df50,"[""search""]",sufficient,4,1,0.25,[1],"[2,3,4]",[],4,"[""m-28069cede24e19a36554223e"",""m-25705ac9d5e8865bd0ef9821"",""m-ec21766410e0c5f0e5f7320f"",""m-dfb16b405973c1a31c4ae15b""]",True,0.0,False
1,official_mquake_label_chain,agentmemorybench:fact-mh-262k:context-0/factconsolidation_mh_262k_no77,factconsolidation_mh_262k_no77,77,7,10,0.7,1789221492316110974-1f58d5417d824e36a9d44dc78d0f9f14,"[""lexical""]",sufficient,4,1,0.25,[1],"[2,3,4]",[],4,"[""m-28069cede24e19a36554223e"",""m-25705ac9d5e8865bd0ef9821"",""m-ec21766410e0c5f0e5f7320f"",""m-dfb16b405973c1a31c4ae15b""]",True,0.0,False
1,official_mquake_label_chain,agentmemorybench:fact-mh-262k:context-0/factconsolidation_mh_262k_no77,factconsolidation_mh_262k_no77,77,8,10,0.8,1789221523143315732-dfe5f273f2eb4d69b33f5960e62cac9c,"[""search""]",sufficient,4,1,0.25,[1],"[2,3,4]",[],4,"[""m-28069cede24e19a36554223e"",""m-25705ac9d5e8865bd0ef9821"",""m-ec21766410e0c5f0e5f7320f"",""m-dfb16b405973c1a31c4ae15b""]",True,0.0,False
1,official_mquake_label_chain,agentmemorybench:fact-mh-262k:context-0/factconsolidation_mh_262k_no77,factconsolidation_mh_262k_no77,77,9,10,0.9,1789221527174509394-7bffbbd953c947b6b5a242151ef972e9,"[""read""]",sufficient,4,1,0.25,[1],"[2,3,4]",[],4,"[""m-28069cede24e19a36554223e"",""m-25705ac9d5e8865bd0ef9821"",""m-ec21766410e0c5f0e5f7320f"",""m-dfb16b405973c1a31c4ae15b""]",True,0.0,False
1,official_mquake_label_chain,agentmemorybench:fact-mh-262k:context-0/factconsolidation_mh_262k_no77,factconsolidation_mh_262k_no77,77,10,10,1.0,1789221544790642307-6b7f3ee1bbf347349950ccf83827ca4c,"[""finish""]",sufficient,4,1,0.25,[1],"[2,3,4]",[],6,"[""m-28069cede24e19a36554223e"",""m-25705ac9d5e8865bd0ef9821"",""m-ec21766410e0c5f0e5f7320f"",""m-dfb16b405973c1a31c4ae15b"",""m-3d125b0f0545f62e1d4dad28"",""m-764a735eb863dbf0706b046a""]",True,0.0,False
1,official_mquake_label_chain,agentmemorybench:fact-mh-262k:context-0/factconsolidation_mh_262k_no78,factconsolidation_mh_262k_no78,78,1,4,0.25,1789221414178083735-f9a066deee794883a7db350b1806c187,"[""search""]",sufficient,2,0,0.0,[],"[1,2]",[],0,[],False,0.0,False
1,official_mquake_label_chain,agentmemorybench:fact-mh-262k:context-0/factconsolidation_mh_262k_no78,factconsolidation_mh_262k_no78,78,2,4,0.5,1789221422220718822-d12550477709461999cd266965c8b7ed,"[""search""]",sufficient,2,0,0.0,[],"[1,2]",[],0,[],False,0.0,False
1,official_mquake_label_chain,agentmemorybench:fact-mh-262k:context-0/factconsolidation_mh_262k_no78,factconsolidation_mh_262k_no78,78,3,4,0.75,1789221439298729416-34cce853995c4085bbf0625cd6d2c8c2,"[""read""]",sufficient,2,0,0.0,[],"[1,2]",[],0,[],False,0.0,False
1,official_mquake_label_chain,agentmemorybench:fact-mh-262k:context-0/factconsolidation_mh_262k_no78,factconsolidation_mh_262k_no78,78,4,4,1.0,1789221464204311826-ff21d2e9d9714d05a25f2aed6a580728,"[""finish""]",sufficient,2,1,0.5,[1],[2],[1],3,"[""m-621e3928a351e7bbd9e11337"",""m-098e8f358b290e8ba2babe14"",""m-2a46f1804e76d4daa1449ec5""]",False,0.0,False
1,official_mquake_label_chain,agentmemorybench:fact-mh-262k:context-0/factconsolidation_mh_262k_no79,factconsolidation_mh_262k_no79,79,1,5,0.2,1789221425976982234-b1e0432f90d4411da6bdfb8b5d2d5ce7,"[""search""]",sufficient,2,0,0.0,[],"[1,2]",[],0,[],True,1.0,True
1,official_mquake_label_chain,agentmemorybench:fact-mh-262k:context-0/factconsolidation_mh_262k_no79,factconsolidation_mh_262k_no79,79,2,5,0.4,1789221433511757724-3221f461998b40dabec433a51d695082,"[""search""]",sufficient,2,0,0.0,[],"[1,2]",[],0,[],True,1.0,True
1,official_mquake_label_chain,agentmemorybench:fact-mh-262k:context-0/factconsolidation_mh_262k_no79,factconsolidation_mh_262k_no79,79,3,5,0.6,1789221442579602051-4156cfe158744f16b0d814c7062c468a,"[""read""]",sufficient,2,0,0.0,[],"[1,2]",[],0,[],True,1.0,True
1,official_mquake_label_chain,agentmemorybench:fact-mh-262k:context-0/factconsolidation_mh_262k_no79,factconsolidation_mh_262k_no79,79,4,5,0.8,1789221461098631421-8ca99f61bc754598942936e6959fea4f,"[""search""]",sufficient,2,2,1.0,"[1,2]",[],"[1,2]",3,"[""m-0b1df58bb07f6d7652d8dfb1"",""m-390bc624383d3833d9578af5"",""m-a0156ee0ec6cb0be09a290e7""]",True,1.0,True
1,official_mquake_label_chain,agentmemorybench:fact-mh-262k:context-0/factconsolidation_mh_262k_no79,factconsolidation_mh_262k_no79,79,5,5,1.0,1789221487332505873-7a4206823a7e442aa75680074c6875b5,"[""finish""]",sufficient,2,2,1.0,"[1,2]",[],[],3,"[""m-0b1df58bb07f6d7652d8dfb1"",""m-390bc624383d3833d9578af5"",""m-a0156ee0ec6cb0be09a290e7""]",True,1.0,True
1,official_mquake_label_chain,agentmemorybench:fact-mh-262k:context-0/factconsolidation_mh_262k_no80,factconsolidation_mh_262k_no80,80,1,11,0.09090909090909091,1789221436292084143-58943555b25e401eac370ffe36dc9aa6,"[""search""]",sufficient,2,0,0.0,[],"[1,2]",[],0,[],False,0.0,False
1,official_mquake_label_chain,agentmemorybench:fact-mh-262k:context-0/factconsolidation_mh_262k_no80,factconsolidation_mh_262k_no80,80,2,11,0.18181818181818182,1789221442081007392-02cea8ada5fa49fba6d946487982562d,"[""read""]",sufficient,2,0,0.0,[],"[1,2]",[],0,[],False,0.0,False
1,official_mquake_label_chain,agentmemorybench:fact-mh-262k:context-0/factconsolidation_mh_262k_no80,factconsolidation_mh_262k_no80,80,3,11,0.2727272727272727,1789221474222671336-e6b3cd463bff46f5b792fe45c3fb608c,"[""search""]",sufficient,2,1,0.5,[1],[2],[1],9,"[""m-0b1df58bb07f6d7652d8dfb1"",""m-098e8f358b290e8ba2babe14"",""m-65ddf9819a5ecf5e4656074f"",""m-27a012671d73f03a3fd6b638"",""m-cc9026da2a96fd1bdeb2953b"",""m-764a735eb863dbf0706b046a"",""m-dfb16b405973c1a31c4ae15b"",""m-e88cdf413fbf8a7ac37bd0fb"",""m-39a70dddcdab182d48ea3d73""]",False,0.0,False
1,official_mquake_label_chain,agentmemorybench:fact-mh-262k:context-0/factconsolidation_mh_262k_no80,factconsolidation_mh_262k_no80,80,4,11,0.36363636363636365,1789221502482286551-a58f20888bb44304873f8aeacd6e4c7c,"[""read""]",sufficient,2,1,0.5,[1],[2],[],9,"[""m-0b1df58bb07f6d7652d8dfb1"",""m-098e8f358b290e8ba2babe14"",""m-65ddf9819a5ecf5e4656074f"",""m-27a012671d73f03a3fd6b638"",""m-cc9026da2a96fd1bdeb2953b"",""m-764a735eb863dbf0706b046a"",""m-dfb16b405973c1a31c4ae15b"",""m-e88cdf413fbf8a7ac37bd0fb"",""m-39a70dddcdab182d48ea3d73""]",False,0.0,False
1,official_mquake_label_chain,agentmemorybench:fact-mh-262k:context-0/factconsolidation_mh_262k_no80,factconsolidation_mh_262k_no80,80,5,11,0.45454545454545453,1789221530030763860-f930ce333241451b9cd04bb6786e591f,"[""read""]",sufficient,2,1,0.5,[1],[2],[],16,"[""m-0b1df58bb07f6d7652d8dfb1"",""m-098e8f358b290e8ba2babe14"",""m-65ddf9819a5ecf5e4656074f"",""m-27a012671d73f03a3fd6b638"",""m-cc9026da2a96fd1bdeb2953b"",""m-764a735eb863dbf0706b046a"",""m-dfb16b405973c1a31c4ae15b"",""m-e88cdf413fbf8a7ac37bd0fb"",""m-39a70dddcdab182d48ea3d73"",""m-8e14b81f299884f04aa016ff"",""m-a1a4edfb7fb9ec1bee215e03"",""m-3d125b0f0545f62e1d4dad28"",""m-b7d3a9321839d30b4fca32c4"",""m-1206e80bff6434ab66c69ece"",""m-a0156ee0ec6cb0be09a290e7"",""m-aff4df280c82222c41cd9dbd""]",False,0.0,False
1,official_mquake_label_chain,agentmemorybench:fact-mh-262k:context-0/factconsolidation_mh_262k_no80,factconsolidation_mh_262k_no80,80,6,11,0.5454545454545454,1789221572825360153-1b3ef3f5816249d08bdfddab9b3b419e,"[""search""]",sufficient,2,1,0.5,[1],[2],[],21,"[""m-0b1df58bb07f6d7652d8dfb1"",""m-098e8f358b290e8ba2babe14"",""m-65ddf9819a5ecf5e4656074f"",""m-27a012671d73f03a3fd6b638"",""m-cc9026da2a96fd1bdeb2953b"",""m-764a735eb863dbf0706b046a"",""m-dfb16b405973c1a31c4ae15b"",""m-e88cdf413fbf8a7ac37bd0fb"",""m-39a70dddcdab182d48ea3d73"",""m-8e14b81f299884f04aa016ff"",""m-a1a4edfb7fb9ec1bee215e03"",""m-3d125b0f0545f62e1d4dad28"",""m-b7d3a9321839d30b4fca32c4"",""m-1206e80bff6434ab66c69ece"",""m-a0156ee0ec6cb0be09a290e7"",""m-aff4df280c82222c41cd9dbd"",""m-971985574eb04740c13ad5c1"",""m-ec21766410e0c5f0e5f7320f"",""m-0f10fff25f4f2295def856b4"",""m-de83a0d2e0630ddb97f1fe54"",""m-e83f38f2c761aa5a2f5c0f21""]",False,0.0,False
1,official_mquake_label_chain,agentmemorybench:fact-mh-262k:context-0/factconsolidation_mh_262k_no80,factconsolidation_mh_262k_no80,80,7,11,0.6363636363636364,1789221592568812218-fd7f8394fe394afcb0d7638866c313e5,"[""search""]",sufficient,2,1,0.5,[1],[2],[],21,"[""m-0b1df58bb07f6d7652d8dfb1"",""m-098e8f358b290e8ba2babe14"",""m-65ddf9819a5ecf5e4656074f"",""m-27a012671d73f03a3fd6b638"",""m-cc9026da2a96fd1bdeb2953b"",""m-764a735eb863dbf0706b046a"",""m-dfb16b405973c1a31c4ae15b"",""m-e88cdf413fbf8a7ac37bd0fb"",""m-39a70dddcdab182d48ea3d73"",""m-8e14b81f299884f04aa016ff"",""m-a1a4edfb7fb9ec1bee215e03"",""m-3d125b0f0545f62e1d4dad28"",""m-b7d3a9321839d30b4fca32c4"",""m-1206e80bff6434ab66c69ece"",""m-a0156ee0ec6cb0be09a290e7"",""m-aff4df280c82222c41cd9dbd"",""m-971985574eb04740c13ad5c1"",""m-ec21766410e0c5f0e5f7320f"",""m-0f10fff25f4f2295def856b4"",""m-de83a0d2e0630ddb97f1fe54"",""m-e83f38f2c761aa5a2f5c0f21""]",False,0.0,False
1,official_mquake_label_chain,agentmemorybench:fact-mh-262k:context-0/factconsolidation_mh_262k_no80,factconsolidation_mh_262k_no80,80,8,11,0.7272727272727273,1789221604299970130-4b0a262a38ec4550b913d9c7ab0e3ce4,"[""read""]",sufficient,2,1,0.5,[1],[2],[],21,"[""m-0b1df58bb07f6d7652d8dfb1"",""m-098e8f358b290e8ba2babe14"",""m-65ddf9819a5ecf5e4656074f"",""m-27a012671d73f03a3fd6b638"",""m-cc9026da2a96fd1bdeb2953b"",""m-764a735eb863dbf0706b046a"",""m-dfb16b405973c1a31c4ae15b"",""m-e88cdf413fbf8a7ac37bd0fb"",""m-39a70dddcdab182d48ea3d73"",""m-8e14b81f299884f04aa016ff"",""m-a1a4edfb7fb9ec1bee215e03"",""m-3d125b0f0545f62e1d4dad28"",""m-b7d3a9321839d30b4fca32c4"",""m-1206e80bff6434ab66c69ece"",""m-a0156ee0ec6cb0be09a290e7"",""m-aff4df280c82222c41cd9dbd"",""m-971985574eb04740c13ad5c1"",""m-ec21766410e0c5f0e5f7320f"",""m-0f10fff25f4f2295def856b4"",""m-de83a0d2e0630ddb97f1fe54"",""m-e83f38f2c761aa5a2f5c0f21""]",False,0.0,False
1,official_mquake_label_chain,agentmemorybench:fact-mh-262k:context-0/factconsolidation_mh_262k_no80,factconsolidation_mh_262k_no80,80,9,11,0.8181818181818182,1789221616210313976-4b43e38213d442bf8554288e7114efac,"[""search""]",sufficient,2,1,0.5,[1],[2],[],23,"[""m-0b1df58bb07f6d7652d8dfb1"",""m-098e8f358b290e8ba2babe14"",""m-65ddf9819a5ecf5e4656074f"",""m-27a012671d73f03a3fd6b638"",""m-cc9026da2a96fd1bdeb2953b"",""m-764a735eb863dbf0706b046a"",""m-dfb16b405973c1a31c4ae15b"",""m-e88cdf413fbf8a7ac37bd0fb"",""m-39a70dddcdab182d48ea3d73"",""m-8e14b81f299884f04aa016ff"",""m-a1a4edfb7fb9ec1bee215e03"",""m-3d125b0f0545f62e1d4dad28"",""m-b7d3a9321839d30b4fca32c4"",""m-1206e80bff6434ab66c69ece"",""m-a0156ee0ec6cb0be09a290e7"",""m-aff4df280c82222c41cd9dbd"",""m-971985574eb04740c13ad5c1"",""m-ec21766410e0c5f0e5f7320f"",""m-0f10fff25f4f2295def856b4"",""m-de83a0d2e0630ddb97f1fe54"",""m-e83f38f2c761aa5a2f5c0f21"",""m-4b387e35592c018e238fb4ed"",""m-22130c7cb447261eda31ef6b""]",False,0.0,False
1,official_mquake_label_chain,agentmemorybench:fact-mh-262k:context-0/factconsolidation_mh_262k_no80,factconsolidation_mh_262k_no80,80,10,11,0.9090909090909091,1789221624376582404-0d41a1c6a1db4335b98c9b5cbc0eaa6b,"[""search""]",sufficient,2,1,0.5,[1],[2],[],23,"[""m-0b1df58bb07f6d7652d8dfb1"",""m-098e8f358b290e8ba2babe14"",""m-65ddf9819a5ecf5e4656074f"",""m-27a012671d73f03a3fd6b638"",""m-cc9026da2a96fd1bdeb2953b"",""m-764a735eb863dbf0706b046a"",""m-dfb16b405973c1a31c4ae15b"",""m-e88cdf413fbf8a7ac37bd0fb"",""m-39a70dddcdab182d48ea3d73"",""m-8e14b81f299884f04aa016ff"",""m-a1a4edfb7fb9ec1bee215e03"",""m-3d125b0f0545f62e1d4dad28"",""m-b7d3a9321839d30b4fca32c4"",""m-1206e80bff6434ab66c69ece"",""m-a0156ee0ec6cb0be09a290e7"",""m-aff4df280c82222c41cd9dbd"",""m-971985574eb04740c13ad5c1"",""m-ec21766410e0c5f0e5f7320f"",""m-0f10fff25f4f2295def856b4"",""m-de83a0d2e0630ddb97f1fe54"",""m-e83f38f2c761aa5a2f5c0f21"",""m-4b387e35592c018e238fb4ed"",""m-22130c7cb447261eda31ef6b""]",False,0.0,False
1,official_mquake_label_chain,agentmemorybench:fact-mh-262k:context-0/factconsolidation_mh_262k_no80,factconsolidation_mh_262k_no80,80,11,11,1.0,1789221643033473439-70ebdccb41b6452b96b45d44836c7b67,"[""finish""]",sufficient,2,1,0.5,[1],[2],[],23,"[""m-0b1df58bb07f6d7652d8dfb1"",""m-098e8f358b290e8ba2babe14"",""m-65ddf9819a5ecf5e4656074f"",""m-27a012671d73f03a3fd6b638"",""m-cc9026da2a96fd1bdeb2953b"",""m-764a735eb863dbf0706b046a"",""m-dfb16b405973c1a31c4ae15b"",""m-e88cdf413fbf8a7ac37bd0fb"",""m-39a70dddcdab182d48ea3d73"",""m-8e14b81f299884f04aa016ff"",""m-a1a4edfb7fb9ec1bee215e03"",""m-3d125b0f0545f62e1d4dad28"",""m-b7d3a9321839d30b4fca32c4"",""m-1206e80bff6434ab66c69ece"",""m-a0156ee0ec6cb0be09a290e7"",""m-aff4df280c82222c41cd9dbd"",""m-971985574eb04740c13ad5c1"",""m-ec21766410e0c5f0e5f7320f"",""m-0f10fff25f4f2295def856b4"",""m-de83a0d2e0630ddb97f1fe54"",""m-e83f38f2c761aa5a2f5c0f21"",""m-4b387e35592c018e238fb4ed"",""m-22130c7cb447261eda31ef6b""]",False,0.0,False
1,official_mquake_label_chain,agentmemorybench:fact-mh-262k:context-0/factconsolidation_mh_262k_no81,factconsolidation_mh_262k_no81,81,1,5,0.2,1789221446623560065-c5855c14341e438f884be9ee002c9ee5,"[""search""]",sufficient,2,0,0.0,[],"[1,2]",[],0,[],False,0.0,False
1,official_mquake_label_chain,agentmemorybench:fact-mh-262k:context-0/factconsolidation_mh_262k_no81,factconsolidation_mh_262k_no81,81,2,5,0.4,1789221450321243686-888d4130d7af4c05904d27b9f1f29e31,"[""read""]",sufficient,2,0,0.0,[],"[1,2]",[],0,[],False,0.0,False
1,official_mquake_label_chain,agentmemorybench:fact-mh-262k:context-0/factconsolidation_mh_262k_no81,factconsolidation_mh_262k_no81,81,3,5,0.6,1789221466495018749-029210597bdd418a987d87aabf973c5f,"[""search""]",sufficient,2,1,0.5,[1],[2],[1],2,"[""m-e8c89d3ba3aa543273171efa"",""m-28069cede24e19a36554223e""]",False,0.0,False
1,official_mquake_label_chain,agentmemorybench:fact-mh-262k:context-0/factconsolidation_mh_262k_no81,factconsolidation_mh_262k_no81,81,4,5,0.8,1789221488031530961-a757c7265d0e43a48eac1a03ac52717c,"[""read""]",sufficient,2,1,0.5,[1],[2],[],2,"[""m-e8c89d3ba3aa543273171efa"",""m-28069cede24e19a36554223e""]",False,0.0,False
1,official_mquake_label_chain,agentmemorybench:fact-mh-262k:context-0/factconsolidation_mh_262k_no81,factconsolidation_mh_262k_no81,81,5,5,1.0,1789221497483509783-e95f9f94a4b24e5b933fa3ab93ebf47b,"[""finish""]",sufficient,2,1,0.5,[1],[2],[],5,"[""m-e8c89d3ba3aa543273171efa"",""m-28069cede24e19a36554223e"",""m-2a33ae56e5df02e9a6e4fa1b"",""m-879a81ce4bb890141c60d24f"",""m-9114fa7460e0af8f396d5e59""]",False,0.0,False
1,official_mquake_label_chain,agentmemorybench:fact-mh-262k:context-0/factconsolidation_mh_262k_no82,factconsolidation_mh_262k_no82,82,1,6,0.16666666666666666,1789221449454095753-39801156fc1e42c1807427f7fbd63c01,"[""search""]",sufficient,3,0,0.0,[],"[1,2,3]",[],0,[],True,0.0,False
1,official_mquake_label_chain,agentmemorybench:fact-mh-262k:context-0/factconsolidation_mh_262k_no82,factconsolidation_mh_262k_no82,82,2,6,0.3333333333333333,1789221452138201421-b09b0910201d49d29fa25e0cb99d4e84,"[""read""]",sufficient,3,0,0.0,[],"[1,2,3]",[],0,[],True,0.0,False
1,official_mquake_label_chain,agentmemorybench:fact-mh-262k:context-0/factconsolidation_mh_262k_no82,factconsolidation_mh_262k_no82,82,3,6,0.5,1789221458658571059-238527852605424e922a5903e179d34b,"[""search""]",sufficient,3,1,0.3333333333333333,[1],"[2,3]",[1],2,"[""m-8988c2999d80d11c33dcaf06"",""m-e88cdf413fbf8a7ac37bd0fb""]",True,0.0,False
1,official_mquake_label_chain,agentmemorybench:fact-mh-262k:context-0/factconsolidation_mh_262k_no82,factconsolidation_mh_262k_no82,82,4,6,0.6666666666666666,1789221469188962783-ed462f990aae4df885c360fa94058977,"[""read"",""search""]",sufficient,3,1,0.3333333333333333,[1],"[2,3]",[],2,"[""m-8988c2999d80d11c33dcaf06"",""m-e88cdf413fbf8a7ac37bd0fb""]",True,0.0,False
1,official_mquake_label_chain,agentmemorybench:fact-mh-262k:context-0/factconsolidation_mh_262k_no82,factconsolidation_mh_262k_no82,82,5,6,0.8333333333333334,1789221479345179252-1b13c12f5bf74e8d87889880495ec075,"[""read""]",sufficient,3,2,0.6666666666666666,"[1,2]",[3],[2],4,"[""m-8988c2999d80d11c33dcaf06"",""m-e88cdf413fbf8a7ac37bd0fb"",""m-32937397b194ea97822b7885"",""m-aff4df280c82222c41cd9dbd""]",True,0.0,False
1,official_mquake_label_chain,agentmemorybench:fact-mh-262k:context-0/factconsolidation_mh_262k_no82,factconsolidation_mh_262k_no82,82,6,6,1.0,1789221497354187541-a6f3a3fc78a543c2bfe6bcac3ecae5ae,"[""finish""]",sufficient,3,3,1.0,"[1,2,3]",[],[3],6,"[""m-8988c2999d80d11c33dcaf06"",""m-e88cdf413fbf8a7ac37bd0fb"",""m-32937397b194ea97822b7885"",""m-aff4df280c82222c41cd9dbd"",""m-6fd0269b08ed390fee96395f"",""m-0f10fff25f4f2295def856b4""]",True,0.0,False
1,official_mquake_label_chain,agentmemorybench:fact-mh-262k:context-0/factconsolidation_mh_262k_no83,factconsolidation_mh_262k_no83,83,1,3,0.3333333333333333,1789221449514124395-3c3d14cf4dfc4909b47ef923063ba024,"[""search""]",sufficient,2,0,0.0,[],"[1,2]",[],0,[],False,0.0,False
1,official_mquake_label_chain,agentmemorybench:fact-mh-262k:context-0/factconsolidation_mh_262k_no83,factconsolidation_mh_262k_no83,83,2,3,0.6666666666666666,1789221459856695621-0bdbec77b0b94e74a651aac132cb4a16,"[""read""]",sufficient,2,0,0.0,[],"[1,2]",[],0,[],False,0.0,False
1,official_mquake_label_chain,agentmemorybench:fact-mh-262k:context-0/factconsolidation_mh_262k_no83,factconsolidation_mh_262k_no83,83,3,3,1.0,1789221485511444238-4c05cd19eb924b019ffe4aa320463c55,"[""finish""]",sufficient,2,1,0.5,[1],[2],[1],3,"[""m-27a012671d73f03a3fd6b638"",""m-1013038271bffdb5b4d7d9a5"",""m-4629414582d97d69514c4643""]",False,0.0,False
1,official_mquake_label_chain,agentmemorybench:fact-mh-262k:context-0/factconsolidation_mh_262k_no84,factconsolidation_mh_262k_no84,84,1,8,0.125,1789221453568069873-4571e9b24ed942b3844a4154c9eeccea,"[""search""]",sufficient,4,0,0.0,[],"[1,2,3,4]",[],0,[],True,0.0,False
1,official_mquake_label_chain,agentmemorybench:fact-mh-262k:context-0/factconsolidation_mh_262k_no84,factconsolidation_mh_262k_no84,84,2,8,0.25,1789221459139320813-cc63ebbc515546b4a4b7684ca8f648e9,"[""read""]",sufficient,4,0,0.0,[],"[1,2,3,4]",[],0,[],True,0.0,False
1,official_mquake_label_chain,agentmemorybench:fact-mh-262k:context-0/factconsolidation_mh_262k_no84,factconsolidation_mh_262k_no84,84,3,8,0.375,1789221478638902850-9ab93f12d5ee443499ec9fabc488fc2e,"[""search""]",sufficient,4,1,0.25,[1],"[2,3,4]",[1],3,"[""m-9c66a5ec4a759d8795c58788"",""m-d378741b166342a8e5a0aca8"",""m-aff4df280c82222c41cd9dbd""]",True,0.0,False
1,official_mquake_label_chain,agentmemorybench:fact-mh-262k:context-0/factconsolidation_mh_262k_no84,factconsolidation_mh_262k_no84,84,4,8,0.5,1789221496519709662-67b60305e01c431ebde103526430f086,"[""read""]",sufficient,4,1,0.25,[1],"[2,3,4]",[],3,"[""m-9c66a5ec4a759d8795c58788"",""m-d378741b166342a8e5a0aca8"",""m-aff4df280c82222c41cd9dbd""]",True,0.0,False
1,official_mquake_label_chain,agentmemorybench:fact-mh-262k:context-0/factconsolidation_mh_262k_no84,factconsolidation_mh_262k_no84,84,5,8,0.625,1789221509714425237-5957c00b7afe4e7891092d76e2d0bb4c,"[""search""]",sufficient,4,2,0.5,"[1,2]","[3,4]",[2],6,"[""m-9c66a5ec4a759d8795c58788"",""m-d378741b166342a8e5a0aca8"",""m-aff4df280c82222c41cd9dbd"",""m-a1a4edfb7fb9ec1bee215e03"",""m-22130c7cb447261eda31ef6b"",""m-e88cdf413fbf8a7ac37bd0fb""]",True,0.0,False
1,official_mquake_label_chain,agentmemorybench:fact-mh-262k:context-0/factconsolidation_mh_262k_no84,factconsolidation_mh_262k_no84,84,6,8,0.75,1789221523142923460-bc6084d8e159443698f016bcff3b1e8a,"[""search""]",sufficient,4,2,0.5,"[1,2]","[3,4]",[],6,"[""m-9c66a5ec4a759d8795c58788"",""m-d378741b166342a8e5a0aca8"",""m-aff4df280c82222c41cd9dbd"",""m-a1a4edfb7fb9ec1bee215e03"",""m-22130c7cb447261eda31ef6b"",""m-e88cdf413fbf8a7ac37bd0fb""]",True,0.0,False
1,official_mquake_label_chain,agentmemorybench:fact-mh-262k:context-0/factconsolidation_mh_262k_no84,factconsolidation_mh_262k_no84,84,7,8,0.875,1789221531070679453-e9392b65f8e147839bd2e9eae4b02b6e,"[""read""]",sufficient,4,2,0.5,"[1,2]","[3,4]",[],6,"[""m-9c66a5ec4a759d8795c58788"",""m-d378741b166342a8e5a0aca8"",""m-aff4df280c82222c41cd9dbd"",""m-a1a4edfb7fb9ec1bee215e03"",""m-22130c7cb447261eda31ef6b"",""m-e88cdf413fbf8a7ac37bd0fb""]",True,0.0,False
1,official_mquake_label_chain,agentmemorybench:fact-mh-262k:context-0/factconsolidation_mh_262k_no84,factconsolidation_mh_262k_no84,84,8,8,1.0,1789221546791886082-19938ae15743490ba2a127e433989d59,"[""finish""]",sufficient,4,2,0.5,"[1,2]","[3,4]",[],8,"[""m-9c66a5ec4a759d8795c58788"",""m-d378741b166342a8e5a0aca8"",""m-aff4df280c82222c41cd9dbd"",""m-a1a4edfb7fb9ec1bee215e03"",""m-22130c7cb447261eda31ef6b"",""m-e88cdf413fbf8a7ac37bd0fb"",""m-e83f38f2c761aa5a2f5c0f21"",""m-9114fa7460e0af8f396d5e59""]",True,0.0,False
1,official_mquake_label_chain,agentmemorybench:fact-mh-262k:context-0/factconsolidation_mh_262k_no85,factconsolidation_mh_262k_no85,85,1,5,0.2,1789221460532462956-5e4bf9605c6e4bc3b8782008613f9283,"[""search""]",sufficient,2,0,0.0,[],"[1,2]",[],0,[],True,0.0,False
1,official_mquake_label_chain,agentmemorybench:fact-mh-262k:context-0/factconsolidation_mh_262k_no85,factconsolidation_mh_262k_no85,85,2,5,0.4,1789221469189258968-a95e69cd899f43afb9f16be676ff37c8,"[""read""]",sufficient,2,0,0.0,[],"[1,2]",[],0,[],True,0.0,False
1,official_mquake_label_chain,agentmemorybench:fact-mh-262k:context-0/factconsolidation_mh_262k_no85,factconsolidation_mh_262k_no85,85,3,5,0.6,1789221485374811458-26e00bdf0c6f49c38b9903ff64dc4a5c,"[""search""]",sufficient,2,1,0.5,[1],[2],[1],2,"[""m-6fd0269b08ed390fee96395f"",""m-323e3517faf8135a089224ca""]",True,0.0,False
1,official_mquake_label_chain,agentmemorybench:fact-mh-262k:context-0/factconsolidation_mh_262k_no85,factconsolidation_mh_262k_no85,85,4,5,0.8,1789221498311289453-cd4d6d48d52240e3a2ed1620569ddf67,"[""read""]",sufficient,2,1,0.5,[1],[2],[],2,"[""m-6fd0269b08ed390fee96395f"",""m-323e3517faf8135a089224ca""]",True,0.0,False
1,official_mquake_label_chain,agentmemorybench:fact-mh-262k:context-0/factconsolidation_mh_262k_no85,factconsolidation_mh_262k_no85,85,5,5,1.0,1789221519618185008-4528755cb6a8417e931625be3970effb,"[""finish""]",sufficient,2,2,1.0,"[1,2]",[],[2],4,"[""m-6fd0269b08ed390fee96395f"",""m-323e3517faf8135a089224ca"",""m-154bcacb92d86a5c9d325b00"",""m-764a735eb863dbf0706b046a""]",True,0.0,False
1,official_mquake_label_chain,agentmemorybench:fact-mh-262k:context-0/factconsolidation_mh_262k_no86,factconsolidation_mh_262k_no86,86,1,3,0.3333333333333333,1789221472268069309-9832f50b6cb244e5b11f4940da5c62ed,"[""search""]",sufficient,2,0,0.0,[],"[1,2]",[],0,[],False,1.0,True
1,official_mquake_label_chain,agentmemorybench:fact-mh-262k:context-0/factconsolidation_mh_262k_no86,factconsolidation_mh_262k_no86,86,2,3,0.6666666666666666,1789221479990448829-9bcfbc42a4a84253997fc38d15cd5a8d,"[""read""]",sufficient,2,0,0.0,[],"[1,2]",[],0,[],False,1.0,True
1,official_mquake_label_chain,agentmemorybench:fact-mh-262k:context-0/factconsolidation_mh_262k_no86,factconsolidation_mh_262k_no86,86,3,3,1.0,1789221493090426719-23411f40244a4777a90a1b6ad8f08668,"[""finish""]",sufficient,2,2,1.0,"[1,2]",[],"[1,2]",3,"[""m-6fd0269b08ed390fee96395f"",""m-de83a0d2e0630ddb97f1fe54"",""m-32937397b194ea97822b7885""]",False,1.0,True
1,official_mquake_label_chain,agentmemorybench:fact-mh-262k:context-0/factconsolidation_mh_262k_no87,factconsolidation_mh_262k_no87,87,1,6,0.16666666666666666,1789221472290733877-f7888a2497964eeeb59a4acafbbe61b2,"[""search""]",sufficient,3,0,0.0,[],"[1,2,3]",[],0,[],False,1.0,True
1,official_mquake_label_chain,agentmemorybench:fact-mh-262k:context-0/factconsolidation_mh_262k_no87,factconsolidation_mh_262k_no87,87,2,6,0.3333333333333333,1789221486718534947-701c6c1074ab41afa96167285e441dd8,"[""search""]",sufficient,3,0,0.0,[],"[1,2,3]",[],0,[],False,1.0,True
1,official_mquake_label_chain,agentmemorybench:fact-mh-262k:context-0/factconsolidation_mh_262k_no87,factconsolidation_mh_262k_no87,87,3,6,0.5,1789221498311577145-29be499d039d47b1b4048082513a97df,"[""read""]",sufficient,3,0,0.0,[],"[1,2,3]",[],0,[],False,1.0,True
1,official_mquake_label_chain,agentmemorybench:fact-mh-262k:context-0/factconsolidation_mh_262k_no87,factconsolidation_mh_262k_no87,87,4,6,0.6666666666666666,1789221514234103121-e19619b494e34062966beb6519d8e9d4,"[""search""]",sufficient,3,2,0.6666666666666666,"[1,2]",[3],"[1,2]",3,"[""m-8a1ac4543999c1eeeb063bdd"",""m-0f10fff25f4f2295def856b4"",""m-25705ac9d5e8865bd0ef9821""]",False,1.0,True
1,official_mquake_label_chain,agentmemorybench:fact-mh-262k:context-0/factconsolidation_mh_262k_no87,factconsolidation_mh_262k_no87,87,5,6,0.8333333333333334,1789221530522435251-b3e53c4be42949c9a38fe939f117d1aa,"[""read""]",sufficient,3,2,0.6666666666666666,"[1,2]",[3],[],3,"[""m-8a1ac4543999c1eeeb063bdd"",""m-0f10fff25f4f2295def856b4"",""m-25705ac9d5e8865bd0ef9821""]",False,1.0,True
1,official_mquake_label_chain,agentmemorybench:fact-mh-262k:context-0/factconsolidation_mh_262k_no87,factconsolidation_mh_262k_no87,87,6,6,1.0,1789221548578426527-58685f9e88fb45faa6201f28b39c3c0e,"[""finish""]",sufficient,3,3,1.0,"[1,2,3]",[],[3],5,"[""m-8a1ac4543999c1eeeb063bdd"",""m-0f10fff25f4f2295def856b4"",""m-25705ac9d5e8865bd0ef9821"",""m-a1a4edfb7fb9ec1bee215e03"",""m-8ea23f7d97db2ab60eec5ae4""]",False,1.0,True
1,official_mquake_label_chain,agentmemorybench:fact-mh-262k:context-0/factconsolidation_mh_262k_no88,factconsolidation_mh_262k_no88,88,1,4,0.25,1789221472331110327-45a959a473f64e779958b9f7954a6426,"[""search""]",sufficient,2,0,0.0,[],"[1,2]",[],0,[],True,0.0,False
1,official_mquake_label_chain,agentmemorybench:fact-mh-262k:context-0/factconsolidation_mh_262k_no88,factconsolidation_mh_262k_no88,88,2,4,0.5,1789221488600523004-83608126e0f24129b92a50cc5de1d6aa,"[""search""]",sufficient,2,0,0.0,[],"[1,2]",[],0,[],True,0.0,False
1,official_mquake_label_chain,agentmemorybench:fact-mh-262k:context-0/factconsolidation_mh_262k_no88,factconsolidation_mh_262k_no88,88,3,4,0.75,1789221497305377586-ab37eb18ff72431e84b3aa92e562cc48,"[""read""]",sufficient,2,0,0.0,[],"[1,2]",[],0,[],True,0.0,False
1,official_mquake_label_chain,agentmemorybench:fact-mh-262k:context-0/factconsolidation_mh_262k_no88,factconsolidation_mh_262k_no88,88,4,4,1.0,1789221507298828884-d9fc7b14ff4045d1bda9cff5b6099977,"[""finish""]",sufficient,2,2,1.0,"[1,2]",[],"[1,2]",2,"[""m-0f10fff25f4f2295def856b4"",""m-e83f38f2c761aa5a2f5c0f21""]",True,0.0,False
1,official_mquake_label_chain,agentmemorybench:fact-mh-262k:context-0/factconsolidation_mh_262k_no89,factconsolidation_mh_262k_no89,89,1,7,0.14285714285714285,1789221497331958765-79fcf01b31d34d56be6fc5863bff13e3,"[""search""]",sufficient,2,0,0.0,[],"[1,2]",[],0,[],False,1.0,True
1,official_mquake_label_chain,agentmemorybench:fact-mh-262k:context-0/factconsolidation_mh_262k_no89,factconsolidation_mh_262k_no89,89,2,7,0.2857142857142857,1789221507966828900-70b2845795504e3eaabc7e14de875c00,"[""search""]",sufficient,2,0,0.0,[],"[1,2]",[],0,[],False,1.0,True
1,official_mquake_label_chain,agentmemorybench:fact-mh-262k:context-0/factconsolidation_mh_262k_no89,factconsolidation_mh_262k_no89,89,3,7,0.42857142857142855,1789221528439147037-2f2c17081a814a38b2132aeaf8aadd54,"[""search""]",sufficient,2,0,0.0,[],"[1,2]",[],0,[],False,1.0,True
1,official_mquake_label_chain,agentmemorybench:fact-mh-262k:context-0/factconsolidation_mh_262k_no89,factconsolidation_mh_262k_no89,89,4,7,0.5714285714285714,1789221539863710893-56f3e571062b45f9bb6b885d6fc93994,"[""read""]",sufficient,2,0,0.0,[],"[1,2]",[],0,[],False,1.0,True
1,official_mquake_label_chain,agentmemorybench:fact-mh-262k:context-0/factconsolidation_mh_262k_no89,factconsolidation_mh_262k_no89,89,5,7,0.7142857142857143,1789221558044477138-91c9532314ce42f8ad64fbb24acde319,"[""read""]",sufficient,2,0,0.0,[],"[1,2]",[],0,[],False,1.0,True
1,official_mquake_label_chain,agentmemorybench:fact-mh-262k:context-0/factconsolidation_mh_262k_no89,factconsolidation_mh_262k_no89,89,6,7,0.8571428571428571,1789221564345516382-fe697b1f6b5845cba201c36ad5b27afc,"[""read""]",sufficient,2,2,1.0,"[1,2]",[],"[1,2]",3,"[""m-621e3928a351e7bbd9e11337"",""m-764a735eb863dbf0706b046a"",""m-aff4df280c82222c41cd9dbd""]",False,1.0,True
1,official_mquake_label_chain,agentmemorybench:fact-mh-262k:context-0/factconsolidation_mh_262k_no89,factconsolidation_mh_262k_no89,89,7,7,1.0,1789221587093100106-975466e209e3493c8a627789efe66a3b,"[""finish""]",sufficient,2,2,1.0,"[1,2]",[],[],5,"[""m-621e3928a351e7bbd9e11337"",""m-764a735eb863dbf0706b046a"",""m-aff4df280c82222c41cd9dbd"",""m-154bcacb92d86a5c9d325b00"",""m-ae3c59715d1425023fba9b40""]",False,1.0,True
1,official_mquake_label_chain,agentmemorybench:fact-mh-262k:context-0/factconsolidation_mh_262k_no90,factconsolidation_mh_262k_no90,90,1,4,0.25,1789221502529927552-7c101ba9f0b844eba95f437b8ad7a667,"[""search""]",sufficient,2,0,0.0,[],"[1,2]",[],0,[],False,1.0,True
1,official_mquake_label_chain,agentmemorybench:fact-mh-262k:context-0/factconsolidation_mh_262k_no90,factconsolidation_mh_262k_no90,90,2,4,0.5,1789221507967423780-432f09564f18416db676bb04d2f265e8,"[""search""]",sufficient,2,0,0.0,[],"[1,2]",[],0,[],False,1.0,True
1,official_mquake_label_chain,agentmemorybench:fact-mh-262k:context-0/factconsolidation_mh_262k_no90,factconsolidation_mh_262k_no90,90,3,4,0.75,1789221520397813137-5adf9745e43340189327a76df0083b25,"[""read""]",sufficient,2,0,0.0,[],"[1,2]",[],0,[],False,1.0,True
1,official_mquake_label_chain,agentmemorybench:fact-mh-262k:context-0/factconsolidation_mh_262k_no90,factconsolidation_mh_262k_no90,90,4,4,1.0,1789221534395542939-f1a808f641af40b9a5b38479fd4ee3d1,"[""finish""]",sufficient,2,2,1.0,"[1,2]",[],"[1,2]",3,"[""m-edc48416279cf33fce68c421"",""m-d378741b166342a8e5a0aca8"",""m-9114fa7460e0af8f396d5e59""]",False,1.0,True
1,official_mquake_label_chain,agentmemorybench:fact-mh-262k:context-0/factconsolidation_mh_262k_no91,factconsolidation_mh_262k_no91,91,1,9,0.1111111111111111,1789221508228142968-e8ad353f0bc34a84b969f7dedcfdc8f8,"[""search""]",sufficient,3,0,0.0,[],"[1,2,3]",[],0,[],True,0.0,False
1,official_mquake_label_chain,agentmemorybench:fact-mh-262k:context-0/factconsolidation_mh_262k_no91,factconsolidation_mh_262k_no91,91,2,9,0.2222222222222222,1789221510073519154-e2d94c5cd341459a95d48070299464a2,"[""search""]",sufficient,3,0,0.0,[],"[1,2,3]",[],0,[],True,0.0,False
1,official_mquake_label_chain,agentmemorybench:fact-mh-262k:context-0/factconsolidation_mh_262k_no91,factconsolidation_mh_262k_no91,91,3,9,0.3333333333333333,1789221527767550756-8ad8c6c2ebf84c5fb81cba6d681323a8,"[""search""]",sufficient,3,0,0.0,[],"[1,2,3]",[],0,[],True,0.0,False
1,official_mquake_label_chain,agentmemorybench:fact-mh-262k:context-0/factconsolidation_mh_262k_no91,factconsolidation_mh_262k_no91,91,4,9,0.4444444444444444,1789221537839680778-b0bca1dbac6a427dbbb5e9d6cdb964fd,"[""read""]",sufficient,3,0,0.0,[],"[1,2,3]",[],0,[],True,0.0,False
1,official_mquake_label_chain,agentmemorybench:fact-mh-262k:context-0/factconsolidation_mh_262k_no91,factconsolidation_mh_262k_no91,91,5,9,0.5555555555555556,1789221550633683106-e8d484f670ab4c0aae9ec04f7ab69ad8,"[""search""]",sufficient,3,1,0.3333333333333333,[1],"[2,3]",[1],5,"[""m-27a012671d73f03a3fd6b638"",""m-20b0bd029c73234fd44ab583"",""m-7c5d78490bb6e83cf8439922"",""m-cbdf6a8153fd22ff0242fee9"",""m-fe91a1e8a803d8f45780f318""]",True,0.0,False
1,official_mquake_label_chain,agentmemorybench:fact-mh-262k:context-0/factconsolidation_mh_262k_no91,factconsolidation_mh_262k_no91,91,6,9,0.6666666666666666,1789221558009733535-9bacae9406ad4764b7715778f293def4,"[""read""]",sufficient,3,1,0.3333333333333333,[1],"[2,3]",[],5,"[""m-27a012671d73f03a3fd6b638"",""m-20b0bd029c73234fd44ab583"",""m-7c5d78490bb6e83cf8439922"",""m-cbdf6a8153fd22ff0242fee9"",""m-fe91a1e8a803d8f45780f318""]",True,0.0,False
1,official_mquake_label_chain,agentmemorybench:fact-mh-262k:context-0/factconsolidation_mh_262k_no91,factconsolidation_mh_262k_no91,91,7,9,0.7777777777777778,1789221567006360085-bcf92a4fa50c45048a157fed1a5f00e4,"[""search""]",sufficient,3,2,0.6666666666666666,"[1,2]",[3],[2],6,"[""m-27a012671d73f03a3fd6b638"",""m-20b0bd029c73234fd44ab583"",""m-7c5d78490bb6e83cf8439922"",""m-cbdf6a8153fd22ff0242fee9"",""m-fe91a1e8a803d8f45780f318"",""m-b4f7617ddfde634fb0ac7372""]",True,0.0,False
1,official_mquake_label_chain,agentmemorybench:fact-mh-262k:context-0/factconsolidation_mh_262k_no91,factconsolidation_mh_262k_no91,91,8,9,0.8888888888888888,1789221578224266326-e64fb3fe6a6c4619b03db0d2f55766a4,"[""read""]",sufficient,3,2,0.6666666666666666,"[1,2]",[3],[],6,"[""m-27a012671d73f03a3fd6b638"",""m-20b0bd029c73234fd44ab583"",""m-7c5d78490bb6e83cf8439922"",""m-cbdf6a8153fd22ff0242fee9"",""m-fe91a1e8a803d8f45780f318"",""m-b4f7617ddfde634fb0ac7372""]",True,0.0,False
1,official_mquake_label_chain,agentmemorybench:fact-mh-262k:context-0/factconsolidation_mh_262k_no91,factconsolidation_mh_262k_no91,91,9,9,1.0,1789221587699738621-f9780e5f5a0f41199231c652d2014ef6,"[""finish""]",sufficient,3,3,1.0,"[1,2,3]",[],[3],8,"[""m-27a012671d73f03a3fd6b638"",""m-20b0bd029c73234fd44ab583"",""m-7c5d78490bb6e83cf8439922"",""m-cbdf6a8153fd22ff0242fee9"",""m-fe91a1e8a803d8f45780f318"",""m-b4f7617ddfde634fb0ac7372"",""m-0b1100aa2215e071bf08a812"",""m-de83a0d2e0630ddb97f1fe54""]",True,0.0,False
1,official_mquake_label_chain,agentmemorybench:fact-mh-262k:context-0/factconsolidation_mh_262k_no92,factconsolidation_mh_262k_no92,92,1,13,0.07692307692307693,1789221508489597215-7830f11853854a61ad88e70ac3309265,"[""search""]",sufficient,3,0,0.0,[],"[1,2,3]",[],0,[],False,0.0,False
1,official_mquake_label_chain,agentmemorybench:fact-mh-262k:context-0/factconsolidation_mh_262k_no92,factconsolidation_mh_262k_no92,92,2,13,0.15384615384615385,1789221518090128876-f86ca7b5a4c8449495600008421f254b,"[""search""]",sufficient,3,0,0.0,[],"[1,2,3]",[],0,[],False,0.0,False
1,official_mquake_label_chain,agentmemorybench:fact-mh-262k:context-0/factconsolidation_mh_262k_no92,factconsolidation_mh_262k_no92,92,3,13,0.23076923076923078,1789221542864422184-01474c9ed3804b35be795b648454a6c9,"[""read""]",sufficient,3,0,0.0,[],"[1,2,3]",[],0,[],False,0.0,False
1,official_mquake_label_chain,agentmemorybench:fact-mh-262k:context-0/factconsolidation_mh_262k_no92,factconsolidation_mh_262k_no92,92,4,13,0.3076923076923077,1789221558010157371-91aaff88370d47c89160f785e52ec56b,"[""search""]",sufficient,3,1,0.3333333333333333,[1],"[2,3]",[1],4,"[""m-d8939565b192098f7742417a"",""m-390bc624383d3833d9578af5"",""m-8ea23f7d97db2ab60eec5ae4"",""m-ac04b749be9809cc151a3f0e""]",False,0.0,False
1,official_mquake_label_chain,agentmemorybench:fact-mh-262k:context-0/factconsolidation_mh_262k_no92,factconsolidation_mh_262k_no92,92,5,13,0.38461538461538464,1789221565051244402-384943871cfa4f4393721ec82b2a8342,"[""search""]",sufficient,3,1,0.3333333333333333,[1],"[2,3]",[],4,"[""m-d8939565b192098f7742417a"",""m-390bc624383d3833d9578af5"",""m-8ea23f7d97db2ab60eec5ae4"",""m-ac04b749be9809cc151a3f0e""]",False,0.0,False
1,official_mquake_label_chain,agentmemorybench:fact-mh-262k:context-0/factconsolidation_mh_262k_no92,factconsolidation_mh_262k_no92,92,6,13,0.46153846153846156,1789221584499716443-5f912fcf5bad4f8291f663164f15130b,"[""search""]",sufficient,3,1,0.3333333333333333,[1],"[2,3]",[],4,"[""m-d8939565b192098f7742417a"",""m-390bc624383d3833d9578af5"",""m-8ea23f7d97db2ab60eec5ae4"",""m-ac04b749be9809cc151a3f0e""]",False,0.0,False
1,official_mquake_label_chain,agentmemorybench:fact-mh-262k:context-0/factconsolidation_mh_262k_no92,factconsolidation_mh_262k_no92,92,7,13,0.5384615384615384,1789221592568194285-da9af1d25c9f4dc2b07d16673858333f,"[""search""]",sufficient,3,1,0.3333333333333333,[1],"[2,3]",[],4,"[""m-d8939565b192098f7742417a"",""m-390bc624383d3833d9578af5"",""m-8ea23f7d97db2ab60eec5ae4"",""m-ac04b749be9809cc151a3f0e""]",False,0.0,False
1,official_mquake_label_chain,agentmemorybench:fact-mh-262k:context-0/factconsolidation_mh_262k_no92,factconsolidation_mh_262k_no92,92,8,13,0.6153846153846154,1789221602496486345-0cf754b27a0b462684d89b6744eb2341,"[""read""]",sufficient,3,1,0.3333333333333333,[1],"[2,3]",[],4,"[""m-d8939565b192098f7742417a"",""m-390bc624383d3833d9578af5"",""m-8ea23f7d97db2ab60eec5ae4"",""m-ac04b749be9809cc151a3f0e""]",False,0.0,False
1,official_mquake_label_chain,agentmemorybench:fact-mh-262k:context-0/factconsolidation_mh_262k_no92,factconsolidation_mh_262k_no92,92,9,13,0.6923076923076923,1789221607327793202-3e4b8a3e9970433a956c85823e261010,"[""search""]",sufficient,3,1,0.3333333333333333,[1],"[2,3]",[],6,"[""m-d8939565b192098f7742417a"",""m-390bc624383d3833d9578af5"",""m-8ea23f7d97db2ab60eec5ae4"",""m-ac04b749be9809cc151a3f0e"",""m-1d5745d8b432a6047b4dd936"",""m-25705ac9d5e8865bd0ef9821""]",False,0.0,False
1,official_mquake_label_chain,agentmemorybench:fact-mh-262k:context-0/factconsolidation_mh_262k_no92,factconsolidation_mh_262k_no92,92,10,13,0.7692307692307693,1789221615098575682-53521bc582bb4f5482fd97f36f987669,"[""search""]",sufficient,3,1,0.3333333333333333,[1],"[2,3]",[],6,"[""m-d8939565b192098f7742417a"",""m-390bc624383d3833d9578af5"",""m-8ea23f7d97db2ab60eec5ae4"",""m-ac04b749be9809cc151a3f0e"",""m-1d5745d8b432a6047b4dd936"",""m-25705ac9d5e8865bd0ef9821""]",False,0.0,False
1,official_mquake_label_chain,agentmemorybench:fact-mh-262k:context-0/factconsolidation_mh_262k_no92,factconsolidation_mh_262k_no92,92,11,13,0.8461538461538461,1789221628122750843-d3c34848f53645a0bd9146dde909b42a,"[""read""]",sufficient,3,1,0.3333333333333333,[1],"[2,3]",[],6,"[""m-d8939565b192098f7742417a"",""m-390bc624383d3833d9578af5"",""m-8ea23f7d97db2ab60eec5ae4"",""m-ac04b749be9809cc151a3f0e"",""m-1d5745d8b432a6047b4dd936"",""m-25705ac9d5e8865bd0ef9821""]",False,0.0,False
1,official_mquake_label_chain,agentmemorybench:fact-mh-262k:context-0/factconsolidation_mh_262k_no92,factconsolidation_mh_262k_no92,92,12,13,0.9230769230769231,1789221637598558224-f32403c786f7419db41408b72bbf6fa2,"[""search""]",sufficient,3,1,0.3333333333333333,[1],"[2,3]",[],8,"[""m-d8939565b192098f7742417a"",""m-390bc624383d3833d9578af5"",""m-8ea23f7d97db2ab60eec5ae4"",""m-ac04b749be9809cc151a3f0e"",""m-1d5745d8b432a6047b4dd936"",""m-25705ac9d5e8865bd0ef9821"",""m-cbdf6a8153fd22ff0242fee9"",""m-fe91a1e8a803d8f45780f318""]",False,0.0,False
1,official_mquake_label_chain,agentmemorybench:fact-mh-262k:context-0/factconsolidation_mh_262k_no92,factconsolidation_mh_262k_no92,92,13,13,1.0,1789221649068954089-a83c08d1cdf748bfb2218b980624b63e,"[""finish""]",sufficient,3,1,0.3333333333333333,[1],"[2,3]",[],8,"[""m-d8939565b192098f7742417a"",""m-390bc624383d3833d9578af5"",""m-8ea23f7d97db2ab60eec5ae4"",""m-ac04b749be9809cc151a3f0e"",""m-1d5745d8b432a6047b4dd936"",""m-25705ac9d5e8865bd0ef9821"",""m-cbdf6a8153fd22ff0242fee9"",""m-fe91a1e8a803d8f45780f318""]",False,0.0,False
1,official_mquake_label_chain,agentmemorybench:fact-mh-262k:context-0/factconsolidation_mh_262k_no93,factconsolidation_mh_262k_no93,93,1,8,0.125,1789221513767332469-872f8672e4604b16994689eb3ac93655,"[""search""]",sufficient,4,0,0.0,[],"[1,2,3,4]",[],0,[],False,0.0,False
1,official_mquake_label_chain,agentmemorybench:fact-mh-262k:context-0/factconsolidation_mh_262k_no93,factconsolidation_mh_262k_no93,93,2,8,0.25,1789221519531801357-62736d0013354587bc2bff93324c2ff6,"[""read""]",sufficient,4,0,0.0,[],"[1,2,3,4]",[],0,[],False,0.0,False
1,official_mquake_label_chain,agentmemorybench:fact-mh-262k:context-0/factconsolidation_mh_262k_no93,factconsolidation_mh_262k_no93,93,3,8,0.375,1789221534487600948-8f4d71eb6947497c9dc1505cd77764e0,"[""search""]",sufficient,4,1,0.25,[1],"[2,3,4]",[1],2,"[""m-7c5d78490bb6e83cf8439922"",""m-764a735eb863dbf0706b046a""]",False,0.0,False
1,official_mquake_label_chain,agentmemorybench:fact-mh-262k:context-0/factconsolidation_mh_262k_no93,factconsolidation_mh_262k_no93,93,4,8,0.5,1789221545550540138-ead14e8ba86d453bb1fa921c3943dc33,"[""read""]",sufficient,4,1,0.25,[1],"[2,3,4]",[],2,"[""m-7c5d78490bb6e83cf8439922"",""m-764a735eb863dbf0706b046a""]",False,0.0,False
1,official_mquake_label_chain,agentmemorybench:fact-mh-262k:context-0/factconsolidation_mh_262k_no93,factconsolidation_mh_262k_no93,93,5,8,0.625,1789221551374472248-3e12700f39f643c5be1bae3fa3ebbe1d,"[""search""]",sufficient,4,2,0.5,"[1,2]","[3,4]",[2],4,"[""m-7c5d78490bb6e83cf8439922"",""m-764a735eb863dbf0706b046a"",""m-b7d3a9321839d30b4fca32c4"",""m-32937397b194ea97822b7885""]",False,0.0,False
1,official_mquake_label_chain,agentmemorybench:fact-mh-262k:context-0/factconsolidation_mh_262k_no93,factconsolidation_mh_262k_no93,93,6,8,0.75,1789221566828822451-a72546a9bb9847deb045e9340b5c824e,"[""search""]",sufficient,4,2,0.5,"[1,2]","[3,4]",[],4,"[""m-7c5d78490bb6e83cf8439922"",""m-764a735eb863dbf0706b046a"",""m-b7d3a9321839d30b4fca32c4"",""m-32937397b194ea97822b7885""]",False,0.0,False
1,official_mquake_label_chain,agentmemorybench:fact-mh-262k:context-0/factconsolidation_mh_262k_no93,factconsolidation_mh_262k_no93,93,7,8,0.875,1789221578223924881-c08de29865204f458a6f653f37a85287,"[""read""]",sufficient,4,2,0.5,"[1,2]","[3,4]",[],4,"[""m-7c5d78490bb6e83cf8439922"",""m-764a735eb863dbf0706b046a"",""m-b7d3a9321839d30b4fca32c4"",""m-32937397b194ea97822b7885""]",False,0.0,False
1,official_mquake_label_chain,agentmemorybench:fact-mh-262k:context-0/factconsolidation_mh_262k_no93,factconsolidation_mh_262k_no93,93,8,8,1.0,1789221595514792591-caac2b19474c472b8330293dbfbe29f3,"[""finish""]",sufficient,4,2,0.5,"[1,2]","[3,4]",[],6,"[""m-7c5d78490bb6e83cf8439922"",""m-764a735eb863dbf0706b046a"",""m-b7d3a9321839d30b4fca32c4"",""m-32937397b194ea97822b7885"",""m-0f10fff25f4f2295def856b4"",""m-9114fa7460e0af8f396d5e59""]",False,0.0,False
1,official_mquake_label_chain,agentmemorybench:fact-mh-262k:context-0/factconsolidation_mh_262k_no94,factconsolidation_mh_262k_no94,94,1,5,0.2,1789221514008474867-bdc8959a83f8419f98e12b479b2de857,"[""search""]",sufficient,2,0,0.0,[],"[1,2]",[],0,[],False,1.0,True
1,official_mquake_label_chain,agentmemorybench:fact-mh-262k:context-0/factconsolidation_mh_262k_no94,factconsolidation_mh_262k_no94,94,2,5,0.4,1789221524175006119-14ec44a326804477a02b99e74955d25a,"[""read""]",sufficient,2,0,0.0,[],"[1,2]",[],0,[],False,1.0,True
1,official_mquake_label_chain,agentmemorybench:fact-mh-262k:context-0/factconsolidation_mh_262k_no94,factconsolidation_mh_262k_no94,94,3,5,0.6,1789221532109707235-d309d976472b4d53a86952596b8a6f29,"[""search""]",sufficient,2,1,0.5,[1],[2],[1],1,"[""m-8a1ac4543999c1eeeb063bdd""]",False,1.0,True
1,official_mquake_label_chain,agentmemorybench:fact-mh-262k:context-0/factconsolidation_mh_262k_no94,factconsolidation_mh_262k_no94,94,4,5,0.8,1789221537158901694-af255dae04654770a92c45f08b52f56e,"[""read""]",sufficient,2,1,0.5,[1],[2],[],1,"[""m-8a1ac4543999c1eeeb063bdd""]",False,1.0,True
1,official_mquake_label_chain,agentmemorybench:fact-mh-262k:context-0/factconsolidation_mh_262k_no94,factconsolidation_mh_262k_no94,94,5,5,1.0,1789221555835839253-96ed1b6b9a384c438c9f589994434a65,"[""finish""]",sufficient,2,2,1.0,"[1,2]",[],[2],4,"[""m-8a1ac4543999c1eeeb063bdd"",""m-098e8f358b290e8ba2babe14"",""m-3576b8a194151a5c0e81bdc5"",""m-25705ac9d5e8865bd0ef9821""]",False,1.0,True
1,official_mquake_label_chain,agentmemorybench:fact-mh-262k:context-0/factconsolidation_mh_262k_no95,factconsolidation_mh_262k_no95,95,1,8,0.125,1789221524884499913-2824a687ae2444518ac8f4fb8f164a78,"[""search""]",sufficient,2,0,0.0,[],"[1,2]",[],0,[],False,0.0,False
1,official_mquake_label_chain,agentmemorybench:fact-mh-262k:context-0/factconsolidation_mh_262k_no95,factconsolidation_mh_262k_no95,95,2,8,0.25,1789221532109351649-81175a045faf4040866d7ba699e2e809,"[""read""]",sufficient,2,0,0.0,[],"[1,2]",[],0,[],False,0.0,False
1,official_mquake_label_chain,agentmemorybench:fact-mh-262k:context-0/factconsolidation_mh_262k_no95,factconsolidation_mh_262k_no95,95,3,8,0.375,1789221537358661383-0a2b1a94dbf14d97a8a30618d038c89d,"[""search""]",sufficient,2,1,0.5,[1],[2],[1],1,"[""m-65ddf9819a5ecf5e4656074f""]",False,0.0,False
1,official_mquake_label_chain,agentmemorybench:fact-mh-262k:context-0/factconsolidation_mh_262k_no95,factconsolidation_mh_262k_no95,95,4,8,0.5,1789221543202820629-a79d02414be04f1eb321ae8cf5bfb97e,"[""search""]",sufficient,2,1,0.5,[1],[2],[],1,"[""m-65ddf9819a5ecf5e4656074f""]",False,0.0,False
1,official_mquake_label_chain,agentmemorybench:fact-mh-262k:context-0/factconsolidation_mh_262k_no95,factconsolidation_mh_262k_no95,95,5,8,0.625,1789221551374073367-c00ae83c367c4eee9035e7cc254b9376,"[""search""]",sufficient,2,1,0.5,[1],[2],[],1,"[""m-65ddf9819a5ecf5e4656074f""]",False,0.0,False
1,official_mquake_label_chain,agentmemorybench:fact-mh-262k:context-0/factconsolidation_mh_262k_no95,factconsolidation_mh_262k_no95,95,6,8,0.75,1789221566395983649-d78917485db14aeea0cf98f34ef19d9a,"[""search""]",sufficient,2,1,0.5,[1],[2],[],1,"[""m-65ddf9819a5ecf5e4656074f""]",False,0.0,False
1,official_mquake_label_chain,agentmemorybench:fact-mh-262k:context-0/factconsolidation_mh_262k_no95,factconsolidation_mh_262k_no95,95,7,8,0.875,1789221581039203627-4bb2b8c4f8334286805b004f22b9c16b,"[""read""]",sufficient,2,1,0.5,[1],[2],[],1,"[""m-65ddf9819a5ecf5e4656074f""]",False,0.0,False
1,official_mquake_label_chain,agentmemorybench:fact-mh-262k:context-0/factconsolidation_mh_262k_no95,factconsolidation_mh_262k_no95,95,8,8,1.0,1789221599620225328-796ca8ebd73a4357a7d0b074e4d59782,"[""finish""]",sufficient,2,1,0.5,[1],[2],[],4,"[""m-65ddf9819a5ecf5e4656074f"",""m-2c378c529470c6ac9d9129c5"",""m-390bc624383d3833d9578af5"",""m-954c540a5962fbc7d01e18bf""]",False,0.0,False
1,official_mquake_label_chain,agentmemorybench:fact-mh-262k:context-0/factconsolidation_mh_262k_no96,factconsolidation_mh_262k_no96,96,1,12,0.08333333333333333,1789221530343721607-ae3ba8bdcdb743faa1d1f631e65ee91a,"[""search""]",sufficient,3,0,0.0,[],"[1,2,3]",[],0,[],True,0.0,False
1,official_mquake_label_chain,agentmemorybench:fact-mh-262k:context-0/factconsolidation_mh_262k_no96,factconsolidation_mh_262k_no96,96,2,12,0.16666666666666666,1789221537158435289-296943c6b6b3471ab890ab3e12afad63,"[""search""]",sufficient,3,0,0.0,[],"[1,2,3]",[],0,[],True,0.0,False
1,official_mquake_label_chain,agentmemorybench:fact-mh-262k:context-0/factconsolidation_mh_262k_no96,factconsolidation_mh_262k_no96,96,3,12,0.25,1789221549423720013-8c37f778a2904fbda3a51bb4390cce24,"[""search""]",sufficient,3,0,0.0,[],"[1,2,3]",[],0,[],True,0.0,False
1,official_mquake_label_chain,agentmemorybench:fact-mh-262k:context-0/factconsolidation_mh_262k_no96,factconsolidation_mh_262k_no96,96,4,12,0.3333333333333333,1789221554560158254-3a4b29d1f6954cb49d3e4a594347adb0,"[""read""]",sufficient,3,0,0.0,[],"[1,2,3]",[],0,[],True,0.0,False
1,official_mquake_label_chain,agentmemorybench:fact-mh-262k:context-0/factconsolidation_mh_262k_no96,factconsolidation_mh_262k_no96,96,5,12,0.4166666666666667,1789221567222596802-88a1063880d84b5d91deccaa7ed95290,"[""search""]",sufficient,3,0,0.0,[],"[1,2,3]",[],3,"[""m-2c378c529470c6ac9d9129c5"",""m-cbdf6a8153fd22ff0242fee9"",""m-e88cdf413fbf8a7ac37bd0fb""]",True,0.0,False
1,official_mquake_label_chain,agentmemorybench:fact-mh-262k:context-0/factconsolidation_mh_262k_no96,factconsolidation_mh_262k_no96,96,6,12,0.5,1789221578891970761-c83aaaaac1b5441b9cf5be4034e8c0ce,"[""search""]",sufficient,3,0,0.0,[],"[1,2,3]",[],3,"[""m-2c378c529470c6ac9d9129c5"",""m-cbdf6a8153fd22ff0242fee9"",""m-e88cdf413fbf8a7ac37bd0fb""]",True,0.0,False
1,official_mquake_label_chain,agentmemorybench:fact-mh-262k:context-0/factconsolidation_mh_262k_no96,factconsolidation_mh_262k_no96,96,7,12,0.5833333333333334,1789221583931769945-ec43628eef3f4f399f8913421c9a1136,"[""read""]",sufficient,3,0,0.0,[],"[1,2,3]",[],3,"[""m-2c378c529470c6ac9d9129c5"",""m-cbdf6a8153fd22ff0242fee9"",""m-e88cdf413fbf8a7ac37bd0fb""]",True,0.0,False
1,official_mquake_label_chain,agentmemorybench:fact-mh-262k:context-0/factconsolidation_mh_262k_no96,factconsolidation_mh_262k_no96,96,8,12,0.6666666666666666,1789221591789675026-f3748138ba464dc592ba086a7badc06f,"[""search""]",sufficient,3,0,0.0,[],"[1,2,3]",[],4,"[""m-2c378c529470c6ac9d9129c5"",""m-cbdf6a8153fd22ff0242fee9"",""m-e88cdf413fbf8a7ac37bd0fb"",""m-b7d3a9321839d30b4fca32c4""]",True,0.0,False
1,official_mquake_label_chain,agentmemorybench:fact-mh-262k:context-0/factconsolidation_mh_262k_no96,factconsolidation_mh_262k_no96,96,9,12,0.75,1789221601280144789-7518915c800b4da4a498acabe7ec92ef,"[""search""]",sufficient,3,0,0.0,[],"[1,2,3]",[],4,"[""m-2c378c529470c6ac9d9129c5"",""m-cbdf6a8153fd22ff0242fee9"",""m-e88cdf413fbf8a7ac37bd0fb"",""m-b7d3a9321839d30b4fca32c4""]",True,0.0,False
1,official_mquake_label_chain,agentmemorybench:fact-mh-262k:context-0/factconsolidation_mh_262k_no96,factconsolidation_mh_262k_no96,96,10,12,0.8333333333333334,1789221609308649624-e7fba8a8d6894d4e9c792740ede3d179,"[""search""]",sufficient,3,0,0.0,[],"[1,2,3]",[],4,"[""m-2c378c529470c6ac9d9129c5"",""m-cbdf6a8153fd22ff0242fee9"",""m-e88cdf413fbf8a7ac37bd0fb"",""m-b7d3a9321839d30b4fca32c4""]",True,0.0,False
1,official_mquake_label_chain,agentmemorybench:fact-mh-262k:context-0/factconsolidation_mh_262k_no96,factconsolidation_mh_262k_no96,96,11,12,0.9166666666666666,1789221615321065173-6afcda75f391404889ee561e5f103f14,"[""search""]",sufficient,3,0,0.0,[],"[1,2,3]",[],4,"[""m-2c378c529470c6ac9d9129c5"",""m-cbdf6a8153fd22ff0242fee9"",""m-e88cdf413fbf8a7ac37bd0fb"",""m-b7d3a9321839d30b4fca32c4""]",True,0.0,False
1,official_mquake_label_chain,agentmemorybench:fact-mh-262k:context-0/factconsolidation_mh_262k_no96,factconsolidation_mh_262k_no96,96,12,12,1.0,1789221625347617688-8209c37495764ae284a1a21adb168129,"[""finish""]",sufficient,3,0,0.0,[],"[1,2,3]",[],4,"[""m-2c378c529470c6ac9d9129c5"",""m-cbdf6a8153fd22ff0242fee9"",""m-e88cdf413fbf8a7ac37bd0fb"",""m-b7d3a9321839d30b4fca32c4""]",True,0.0,False
1,official_mquake_label_chain,agentmemorybench:fact-mh-262k:context-0/factconsolidation_mh_262k_no97,factconsolidation_mh_262k_no97,97,1,5,0.2,1789221545835340237-0fe2077a47fd4f3d90b8e8332ac7e18a,"[""search""]",sufficient,2,0,0.0,[],"[1,2]",[],0,[],False,1.0,True
1,official_mquake_label_chain,agentmemorybench:fact-mh-262k:context-0/factconsolidation_mh_262k_no97,factconsolidation_mh_262k_no97,97,2,5,0.4,1789221550860959878-1d351b48403e4b3f8d3781a9e513b41d,"[""read""]",sufficient,2,0,0.0,[],"[1,2]",[],0,[],False,1.0,True
1,official_mquake_label_chain,agentmemorybench:fact-mh-262k:context-0/factconsolidation_mh_262k_no97,factconsolidation_mh_262k_no97,97,3,5,0.6,1789221573002136254-d7d95e2b57e344a8a7bfc39f87e9c36b,"[""search""]",sufficient,2,1,0.5,[1],[2],[1],2,"[""m-6fd0269b08ed390fee96395f"",""m-28069cede24e19a36554223e""]",False,1.0,True
1,official_mquake_label_chain,agentmemorybench:fact-mh-262k:context-0/factconsolidation_mh_262k_no97,factconsolidation_mh_262k_no97,97,4,5,0.8,1789221583932183532-d177acb82acd4b10ad44c805652e1dc4,"[""read""]",sufficient,2,1,0.5,[1],[2],[],2,"[""m-6fd0269b08ed390fee96395f"",""m-28069cede24e19a36554223e""]",False,1.0,True
1,official_mquake_label_chain,agentmemorybench:fact-mh-262k:context-0/factconsolidation_mh_262k_no97,factconsolidation_mh_262k_no97,97,5,5,1.0,1789221591765583365-18fe7ba5c4334eabb8afe54f62ab3e6c,"[""finish""]",sufficient,2,2,1.0,"[1,2]",[],[2],3,"[""m-6fd0269b08ed390fee96395f"",""m-28069cede24e19a36554223e"",""m-098e8f358b290e8ba2babe14""]",False,1.0,True
1,official_mquake_label_chain,agentmemorybench:fact-mh-262k:context-0/factconsolidation_mh_262k_no98,factconsolidation_mh_262k_no98,98,1,13,0.07692307692307693,1789221554002834288-f74e1f116f1a461cb4ac3013686b5048,"[""search""]",sufficient,3,0,0.0,[],"[1,2,3]",[],0,[],True,0.0,False
1,official_mquake_label_chain,agentmemorybench:fact-mh-262k:context-0/factconsolidation_mh_262k_no98,factconsolidation_mh_262k_no98,98,2,13,0.15384615384615385,1789221560785765116-7df332d24c2c4bd08cc6d3776f188c31,"[""read""]",sufficient,3,0,0.0,[],"[1,2,3]",[],0,[],True,0.0,False
1,official_mquake_label_chain,agentmemorybench:fact-mh-262k:context-0/factconsolidation_mh_262k_no98,factconsolidation_mh_262k_no98,98,3,13,0.23076923076923078,1789221577363274476-528cee13de9a42a5a020fbf0d973fcf9,"[""search""]",sufficient,3,1,0.3333333333333333,[1],"[2,3]",[1],2,"[""m-7c5d78490bb6e83cf8439922"",""m-0f10fff25f4f2295def856b4""]",True,0.0,False
1,official_mquake_label_chain,agentmemorybench:fact-mh-262k:context-0/factconsolidation_mh_262k_no98,factconsolidation_mh_262k_no98,98,4,13,0.3076923076923077,1789221583416925921-4981b5cb25f34b0bb15b4906b8b7c5c1,"[""read""]",sufficient,3,1,0.3333333333333333,[1],"[2,3]",[],2,"[""m-7c5d78490bb6e83cf8439922"",""m-0f10fff25f4f2295def856b4""]",True,0.0,False
1,official_mquake_label_chain,agentmemorybench:fact-mh-262k:context-0/factconsolidation_mh_262k_no98,factconsolidation_mh_262k_no98,98,5,13,0.38461538461538464,1789221595542626370-c6008b3c53854bb4988be3bab7a5207d,"[""search""]",sufficient,3,2,0.6666666666666666,"[1,2]",[3],[2],4,"[""m-7c5d78490bb6e83cf8439922"",""m-0f10fff25f4f2295def856b4"",""m-1d5745d8b432a6047b4dd936"",""m-8988c2999d80d11c33dcaf06""]",True,0.0,False
1,official_mquake_label_chain,agentmemorybench:fact-mh-262k:context-0/factconsolidation_mh_262k_no98,factconsolidation_mh_262k_no98,98,6,13,0.46153846153846156,1789221601870524713-86042ec567184789b93e315bac6bb091,"[""search""]",sufficient,3,2,0.6666666666666666,"[1,2]",[3],[],4,"[""m-7c5d78490bb6e83cf8439922"",""m-0f10fff25f4f2295def856b4"",""m-1d5745d8b432a6047b4dd936"",""m-8988c2999d80d11c33dcaf06""]",True,0.0,False
1,official_mquake_label_chain,agentmemorybench:fact-mh-262k:context-0/factconsolidation_mh_262k_no98,factconsolidation_mh_262k_no98,98,7,13,0.5384615384615384,1789221613181525662-1fea16da3cff40c38b7d35552165f225,"[""read""]",sufficient,3,2,0.6666666666666666,"[1,2]",[3],[],4,"[""m-7c5d78490bb6e83cf8439922"",""m-0f10fff25f4f2295def856b4"",""m-1d5745d8b432a6047b4dd936"",""m-8988c2999d80d11c33dcaf06""]",True,0.0,False
1,official_mquake_label_chain,agentmemorybench:fact-mh-262k:context-0/factconsolidation_mh_262k_no98,factconsolidation_mh_262k_no98,98,8,13,0.6153846153846154,1789221622318223153-30a367c15af74040a0c9082ffd379c54,"[""search""]",sufficient,3,2,0.6666666666666666,"[1,2]",[3],[],5,"[""m-7c5d78490bb6e83cf8439922"",""m-0f10fff25f4f2295def856b4"",""m-1d5745d8b432a6047b4dd936"",""m-8988c2999d80d11c33dcaf06"",""m-879a81ce4bb890141c60d24f""]",True,0.0,False
1,official_mquake_label_chain,agentmemorybench:fact-mh-262k:context-0/factconsolidation_mh_262k_no98,factconsolidation_mh_262k_no98,98,9,13,0.6923076923076923,1789221626101376807-00d085ae3b7e423a9194b69993f3a3fc,"[""search""]",sufficient,3,2,0.6666666666666666,"[1,2]",[3],[],5,"[""m-7c5d78490bb6e83cf8439922"",""m-0f10fff25f4f2295def856b4"",""m-1d5745d8b432a6047b4dd936"",""m-8988c2999d80d11c33dcaf06"",""m-879a81ce4bb890141c60d24f""]",True,0.0,False
1,official_mquake_label_chain,agentmemorybench:fact-mh-262k:context-0/factconsolidation_mh_262k_no98,factconsolidation_mh_262k_no98,98,10,13,0.7692307692307693,1789221632656846512-e2ead8640e5d4922a7376b3f958ef7a3,"[""search""]",sufficient,3,2,0.6666666666666666,"[1,2]",[3],[],5,"[""m-7c5d78490bb6e83cf8439922"",""m-0f10fff25f4f2295def856b4"",""m-1d5745d8b432a6047b4dd936"",""m-8988c2999d80d11c33dcaf06"",""m-879a81ce4bb890141c60d24f""]",True,0.0,False
1,official_mquake_label_chain,agentmemorybench:fact-mh-262k:context-0/factconsolidation_mh_262k_no98,factconsolidation_mh_262k_no98,98,11,13,0.8461538461538461,1789221638274916708-e1d6d6b547c64c16bd14f282fb9676f7,"[""search""]",sufficient,3,2,0.6666666666666666,"[1,2]",[3],[],5,"[""m-7c5d78490bb6e83cf8439922"",""m-0f10fff25f4f2295def856b4"",""m-1d5745d8b432a6047b4dd936"",""m-8988c2999d80d11c33dcaf06"",""m-879a81ce4bb890141c60d24f""]",True,0.0,False
1,official_mquake_label_chain,agentmemorybench:fact-mh-262k:context-0/factconsolidation_mh_262k_no98,factconsolidation_mh_262k_no98,98,12,13,0.9230769230769231,1789221643033973793-1f7852fc90774ecbb1ce9d35e9178732,"[""read""]",sufficient,3,2,0.6666666666666666,"[1,2]",[3],[],5,"[""m-7c5d78490bb6e83cf8439922"",""m-0f10fff25f4f2295def856b4"",""m-1d5745d8b432a6047b4dd936"",""m-8988c2999d80d11c33dcaf06"",""m-879a81ce4bb890141c60d24f""]",True,0.0,False
1,official_mquake_label_chain,agentmemorybench:fact-mh-262k:context-0/factconsolidation_mh_262k_no98,factconsolidation_mh_262k_no98,98,13,13,1.0,1789221650643497838-2d9abdab2caf4251845b0a65abeeaae1,"[""finish""]",sufficient,3,2,0.6666666666666666,"[1,2]",[3],[],14,"[""m-7c5d78490bb6e83cf8439922"",""m-0f10fff25f4f2295def856b4"",""m-1d5745d8b432a6047b4dd936"",""m-8988c2999d80d11c33dcaf06"",""m-879a81ce4bb890141c60d24f"",""m-8a1ac4543999c1eeeb063bdd"",""m-0b1df58bb07f6d7652d8dfb1"",""m-154bcacb92d86a5c9d325b00"",""m-4b387e35592c018e238fb4ed"",""m-a1a4edfb7fb9ec1bee215e03"",""m-ec21766410e0c5f0e5f7320f"",""m-b7dcd8cd2d91e2a0530e94f1"",""m-39a70dddcdab182d48ea3d73"",""m-323e3517faf8135a089224ca""]",True,0.0,False
1,official_mquake_label_chain,agentmemorybench:fact-mh-262k:context-0/factconsolidation_mh_262k_no99,factconsolidation_mh_262k_no99,99,1,10,0.1,1789221557133624850-abd318fa22dd49b68b0cfc4722b5bc2b,"[""search""]",insufficient,3,0,0.0,[],"[1,2,3]",[],0,[],True,0.0,False
1,official_mquake_label_chain,agentmemorybench:fact-mh-262k:context-0/factconsolidation_mh_262k_no99,factconsolidation_mh_262k_no99,99,2,10,0.2,1789221562240896192-19cab995720c4555bc84f4c6392ad1af,"[""search""]",insufficient,3,0,0.0,[],"[1,2,3]",[],0,[],True,0.0,False
1,official_mquake_label_chain,agentmemorybench:fact-mh-262k:context-0/factconsolidation_mh_262k_no99,factconsolidation_mh_262k_no99,99,3,10,0.3,1789221573714298360-9159f9bfca4d4882af90b081f091dac8,"[""search""]",insufficient,3,0,0.0,[],"[1,2,3]",[],0,[],True,0.0,False
1,official_mquake_label_chain,agentmemorybench:fact-mh-262k:context-0/factconsolidation_mh_262k_no99,factconsolidation_mh_262k_no99,99,4,10,0.4,1789221577362666545-663d009ce8f2471f8bcf7adcfb1515bd,"[""read""]",insufficient,3,0,0.0,[],"[1,2,3]",[],0,[],True,0.0,False
1,official_mquake_label_chain,agentmemorybench:fact-mh-262k:context-0/factconsolidation_mh_262k_no99,factconsolidation_mh_262k_no99,99,5,10,0.5,1789221588107283360-c93f5624c98641218b2ecf2d762f8a39,"[""search""]",insufficient,3,3,1.0,"[1,2,3]",[],"[1,2,3]",4,"[""m-95bbccbd6a08d16d05369687"",""m-971985574eb04740c13ad5c1"",""m-2a46f1804e76d4daa1449ec5"",""m-323e3517faf8135a089224ca""]",True,0.0,False
1,official_mquake_label_chain,agentmemorybench:fact-mh-262k:context-0/factconsolidation_mh_262k_no99,factconsolidation_mh_262k_no99,99,6,10,0.6,1789221608759780953-26585b6229b54d58b771081c3d4fbf10,"[""search""]",insufficient,3,3,1.0,"[1,2,3]",[],[],4,"[""m-95bbccbd6a08d16d05369687"",""m-971985574eb04740c13ad5c1"",""m-2a46f1804e76d4daa1449ec5"",""m-323e3517faf8135a089224ca""]",True,0.0,False
1,official_mquake_label_chain,agentmemorybench:fact-mh-262k:context-0/factconsolidation_mh_262k_no99,factconsolidation_mh_262k_no99,99,7,10,0.7,1789221612755973339-f89fecddb01d4cc1be9ad1f1569afdb7,"[""search""]",insufficient,3,3,1.0,"[1,2,3]",[],[],4,"[""m-95bbccbd6a08d16d05369687"",""m-971985574eb04740c13ad5c1"",""m-2a46f1804e76d4daa1449ec5"",""m-323e3517faf8135a089224ca""]",True,0.0,False
1,official_mquake_label_chain,agentmemorybench:fact-mh-262k:context-0/factconsolidation_mh_262k_no99,factconsolidation_mh_262k_no99,99,8,10,0.8,1789221621506174376-b5e2a8b2ec274a00854cc45a897ddcf2,"[""read""]",insufficient,3,3,1.0,"[1,2,3]",[],[],4,"[""m-95bbccbd6a08d16d05369687"",""m-971985574eb04740c13ad5c1"",""m-2a46f1804e76d4daa1449ec5"",""m-323e3517faf8135a089224ca""]",True,0.0,False
1,official_mquake_label_chain,agentmemorybench:fact-mh-262k:context-0/factconsolidation_mh_262k_no99,factconsolidation_mh_262k_no99,99,9,10,0.9,1789221630109181900-ebd942184d874dbf8606306c81776bd1,"[""search""]",insufficient,3,3,1.0,"[1,2,3]",[],[],4,"[""m-95bbccbd6a08d16d05369687"",""m-971985574eb04740c13ad5c1"",""m-2a46f1804e76d4daa1449ec5"",""m-323e3517faf8135a089224ca""]",True,0.0,False
1,official_mquake_label_chain,agentmemorybench:fact-mh-262k:context-0/factconsolidation_mh_262k_no99,factconsolidation_mh_262k_no99,99,10,10,1.0,1789221637270400637-9ee05e60bbc5454dbb37b86564e0de28,"[""finish""]",insufficient,3,3,1.0,"[1,2,3]",[],[],4,"[""m-95bbccbd6a08d16d05369687"",""m-971985574eb04740c13ad5c1"",""m-2a46f1804e76d4daa1449ec5"",""m-323e3517faf8135a089224ca""]",True,0.0,False
