conflicted,experiment,gold_hops,id,native_original_prefixes,ordinal,original_request_sha256,question_id,r,run,step,trajectory_length,native_n,margin,likelihood,replica_margin_difference,input_tokens,answer_n,official_score,exact_match,f1,fallback_n,complete,mask,order,condition,introduced_hops,parent_state,preview_slots,action,previous_margin,previous_r,previous_action,delta_margin,delta_r,normalized_progress,package_changed,support_gain,sufficiency_rise
False,state_answers,3,state-r1-q000-t002,"['/data/zhaogangyi/picorer-eval/qwen36-v100-sufficiency-dynamics-20260912/probes-v2/0b674be0109c/step-002/qwen-r1/native-s.request.json', '/data/zhaogangyi/picorer-eval/qwen36-v100-sufficiency-dynamics-20260912/probes-v2/0b674be0109c/step-002/qwen-r2/native-s.request.json']",0,4fd859686b4f9d307753de16d2fa85e36f1e931ea03d280b036c2ec1a8e44aa3,agentmemorybench:fact-mh-262k:context-0/factconsolidation_mh_262k_no0,0.0,1,2,8,2,1.6250000596046448,0.8354835452961425,0.0,8787.0,5,0.0,0.0,0.0,0.0,True,,,,,,,"[""read""]",-4.75000009033829,0.0,"[""search""]",6.3750001499429345,0.0,0.14285714285714285,False,False,True
False,state_answers,3,state-r1-q000-t003,"['/data/zhaogangyi/picorer-eval/qwen36-v100-sufficiency-dynamics-20260912/probes-v2/0b674be0109c/step-003/qwen-r1/native-s.request.json', '/data/zhaogangyi/picorer-eval/qwen36-v100-sufficiency-dynamics-20260912/probes-v2/0b674be0109c/step-003/qwen-r2/native-s.request.json']",0,ecb53c9b126e563848ca024a9316cae6f6cad7c4f10d8f2d278e918eca3bf5ac,agentmemorybench:fact-mh-262k:context-0/factconsolidation_mh_262k_no0,0.3333333333333333,1,3,8,2,4.250000008381903,0.9859363730729768,0.0,14080.0,5,0.0,0.0,0.0,0.0,True,,,,,,,"[""search""]",1.6250000596046448,0.0,"[""read""]",2.6249999487772584,0.3333333333333333,0.2857142857142857,True,True,True
False,state_answers,3,state-r1-q000-t004,"['/data/zhaogangyi/picorer-eval/qwen36-v100-sufficiency-dynamics-20260912/probes-v2/0b674be0109c/step-004/qwen-r1/native-s.request.json', '/data/zhaogangyi/picorer-eval/qwen36-v100-sufficiency-dynamics-20260912/probes-v2/0b674be0109c/step-004/qwen-r2/native-s.request.json']",0,59bfe5b58154a901ea7b76e54037f6ef2affa8f3713a48d83d6b52c8b0d5294b,agentmemorybench:fact-mh-262k:context-0/factconsolidation_mh_262k_no0,0.3333333333333333,1,4,8,2,2.312499973922968,0.9099070039003512,0.1249998435378074,9203.0,5,0.0,0.0,0.0,0.0,True,,,,,,,"[""search""]",4.250000008381903,0.3333333333333333,"[""search""]",-1.9375000344589353,0.0,0.42857142857142855,False,False,False
False,state_answers,3,state-r1-q000-t005,"['/data/zhaogangyi/picorer-eval/qwen36-v100-sufficiency-dynamics-20260912/probes-v2/0b674be0109c/step-005/qwen-r1/native-s.request.json', '/data/zhaogangyi/picorer-eval/qwen36-v100-sufficiency-dynamics-20260912/probes-v2/0b674be0109c/step-005/qwen-r2/native-s.request.json']",0,ac898b2a4cdd4e0843e13d9e6433cd7a7a85942dfdd7241f914b6e444d4bd56d,agentmemorybench:fact-mh-262k:context-0/factconsolidation_mh_262k_no0,0.3333333333333333,1,5,8,2,1.0625000447034836,0.7431680171450046,0.1249999701976776,9456.0,5,0.0,0.0,0.0,0.0,True,,,,,,,"[""read""]",2.312499973922968,0.3333333333333333,"[""search""]",-1.2499999292194843,0.0,0.5714285714285714,False,False,False
False,state_answers,3,state-r1-q000-t006,"['/data/zhaogangyi/picorer-eval/qwen36-v100-sufficiency-dynamics-20260912/probes-v2/0b674be0109c/step-006/qwen-r1/native-s.request.json', '/data/zhaogangyi/picorer-eval/qwen36-v100-sufficiency-dynamics-20260912/probes-v2/0b674be0109c/step-006/qwen-r2/native-s.request.json']",0,04c565d6ff3ea6aa7cd42a88926d54be61cd7c087667bc5105459e9229abe758,agentmemorybench:fact-mh-262k:context-0/factconsolidation_mh_262k_no0,0.3333333333333333,1,6,8,2,6.187500165018719,0.9979492567977998,0.12500006693881,19690.0,5,0.0,0.0,0.0,0.0,True,,,,,,,"[""search""]",1.0625000447034836,0.3333333333333333,"[""read""]",5.125000120315235,0.0,0.7142857142857143,True,False,True
False,state_answers,3,state-r1-q000-t007,"['/data/zhaogangyi/picorer-eval/qwen36-v100-sufficiency-dynamics-20260912/probes-v2/0b674be0109c/step-007/qwen-r1/native-s.request.json', '/data/zhaogangyi/picorer-eval/qwen36-v100-sufficiency-dynamics-20260912/probes-v2/0b674be0109c/step-007/qwen-r2/native-s.request.json']",0,f5fe2357a3ed64ec5fdda5131a4f4e81e21564a777e7ea932b01d4fb378b3fb0,agentmemorybench:fact-mh-262k:context-0/factconsolidation_mh_262k_no0,0.3333333333333333,1,7,8,2,5.125000019092113,0.994088931255944,0.0,10215.0,5,0.0,0.0,0.0,0.0,True,,,,,,,"[""read""]",6.187500165018719,0.3333333333333333,"[""search""]",-1.062500145926606,0.0,0.8571428571428571,False,False,False
False,state_answers,3,state-r1-q000-t008,"['/data/zhaogangyi/picorer-eval/qwen36-v100-sufficiency-dynamics-20260912/probes-v2/0b674be0109c/step-008/qwen-r1/native-s.request.json', '/data/zhaogangyi/picorer-eval/qwen36-v100-sufficiency-dynamics-20260912/probes-v2/0b674be0109c/step-008/qwen-r2/native-s.request.json']",0,6e34caa563be326f3480f3851ad4d415e6f834e6423c1fcf797411197ae62a02,agentmemorybench:fact-mh-262k:context-0/factconsolidation_mh_262k_no0,0.3333333333333333,1,8,8,2,6.749999854248017,0.9988304895646856,-4.656612873077393e-10,26068.0,5,0.0,0.0,0.0,0.0,True,,,,,,,"[""finish""]",5.125000019092113,0.3333333333333333,"[""read""]",1.6249998351559043,0.0,1.0,False,False,True
False,state_answers,3,state-r2-q000-t002,"['/data/zhaogangyi/picorer-eval/qwen36-v100-sufficiency-dynamics-replicate-2-20260912/probes-v2/0b674be0109c/step-002/qwen-r1/native-s.request.json', '/data/zhaogangyi/picorer-eval/qwen36-v100-sufficiency-dynamics-replicate-2-20260912/probes-v2/0b674be0109c/step-002/qwen-r2/native-s.request.json']",0,435a41a531301c66433344c7f2673ebdd0109438f72653d1d3ffc8177fbd4204,agentmemorybench:fact-mh-262k:context-0/factconsolidation_mh_262k_no0,0.0,2,2,13,2,0.9999999403953552,0.7310585669110203,0.0,8816.0,5,0.0,0.0,0.0,0.0,True,,,,,,,"[""read""]",-4.624999990686774,0.0,"[""search""]",5.6249999310821295,0.0,0.08333333333333333,False,False,True
False,state_answers,3,state-r2-q000-t003,"['/data/zhaogangyi/picorer-eval/qwen36-v100-sufficiency-dynamics-replicate-2-20260912/probes-v2/0b674be0109c/step-003/qwen-r1/native-s.request.json', '/data/zhaogangyi/picorer-eval/qwen36-v100-sufficiency-dynamics-replicate-2-20260912/probes-v2/0b674be0109c/step-003/qwen-r2/native-s.request.json']",0,7c358aed3d6a93233b05b6edbf82d547854a23ee2170d54ddc40dede5fee9ee2,agentmemorybench:fact-mh-262k:context-0/factconsolidation_mh_262k_no0,0.6666666666666666,2,3,13,2,4.750000141561031,0.9914225157901104,0.0,19116.0,5,0.0,0.0,0.0,0.0,True,,,,,,,"[""search""]",0.9999999403953552,0.0,"[""read""]",3.750000201165676,0.6666666666666666,0.16666666666666666,True,True,True
False,state_answers,3,state-r2-q000-t004,"['/data/zhaogangyi/picorer-eval/qwen36-v100-sufficiency-dynamics-replicate-2-20260912/probes-v2/0b674be0109c/step-004/qwen-r1/native-s.request.json', '/data/zhaogangyi/picorer-eval/qwen36-v100-sufficiency-dynamics-replicate-2-20260912/probes-v2/0b674be0109c/step-004/qwen-r2/native-s.request.json']",0,cfc84bb2ef82c9ec23b4f93b421d7738b1cc3b014c765fa7653a95e38e2af152,agentmemorybench:fact-mh-262k:context-0/factconsolidation_mh_262k_no0,0.6666666666666666,2,4,13,2,2.8749999180436134,0.9465966660571644,0.0,9278.0,5,0.0,0.0,0.0,0.0,True,,,,,,,"[""read""]",4.750000141561031,0.6666666666666666,"[""search""]",-1.875000223517418,0.0,0.25,False,False,False
False,state_answers,3,state-r2-q000-t005,"['/data/zhaogangyi/picorer-eval/qwen36-v100-sufficiency-dynamics-replicate-2-20260912/probes-v2/0b674be0109c/step-005/qwen-r1/native-s.request.json', '/data/zhaogangyi/picorer-eval/qwen36-v100-sufficiency-dynamics-replicate-2-20260912/probes-v2/0b674be0109c/step-005/qwen-r2/native-s.request.json']",0,d96e6b6208fb0d759487b6567d05d619659dcdae49967bf5abf6ab2107577e3b,agentmemorybench:fact-mh-262k:context-0/factconsolidation_mh_262k_no0,0.6666666666666666,2,5,13,2,2.9374999906867743,0.9496693669573744,0.1249999292194843,14329.0,5,0.0,0.0,0.0,0.0,True,,,,,,,"[""search""]",2.8749999180436134,0.6666666666666666,"[""read""]",0.06250007264316082,0.0,0.3333333333333333,True,False,True
False,state_answers,3,state-r2-q000-t006,"['/data/zhaogangyi/picorer-eval/qwen36-v100-sufficiency-dynamics-replicate-2-20260912/probes-v2/0b674be0109c/step-006/qwen-r1/native-s.request.json', '/data/zhaogangyi/picorer-eval/qwen36-v100-sufficiency-dynamics-replicate-2-20260912/probes-v2/0b674be0109c/step-006/qwen-r2/native-s.request.json']",0,37fa5f169d580d62e84422f148c910101cf7e27c52b5a181f4e3f0f2fc46ccbb,agentmemorybench:fact-mh-262k:context-0/factconsolidation_mh_262k_no0,0.6666666666666666,2,6,13,2,1.6249999552965164,0.8354835309589073,0.0,9537.0,5,0.0,0.0,0.0,0.0,True,,,,,,,"[""read""]",2.9374999906867743,0.6666666666666666,"[""search""]",-1.3125000353902578,0.0,0.4166666666666667,False,False,False
False,state_answers,3,state-r2-q000-t007,"['/data/zhaogangyi/picorer-eval/qwen36-v100-sufficiency-dynamics-replicate-2-20260912/probes-v2/0b674be0109c/step-007/qwen-r1/native-s.request.json', '/data/zhaogangyi/picorer-eval/qwen36-v100-sufficiency-dynamics-replicate-2-20260912/probes-v2/0b674be0109c/step-007/qwen-r2/native-s.request.json']",0,3a76ba13713f8d468283ba666b1ed5ffb3676b3cd1eda014fdbae996d52433f0,agentmemorybench:fact-mh-262k:context-0/factconsolidation_mh_262k_no0,0.6666666666666666,2,7,13,2,3.624999933876097,0.9740426411303548,-5.0291419029235846e-08,24632.0,5,0.0,0.0,0.0,0.0,True,,,,,,,"[""search""]",1.6249999552965164,0.6666666666666666,"[""read""]",1.9999999785795808,0.0,0.5,True,False,True
False,state_answers,3,state-r2-q000-t008,"['/data/zhaogangyi/picorer-eval/qwen36-v100-sufficiency-dynamics-replicate-2-20260912/probes-v2/0b674be0109c/step-008/qwen-r1/native-s.request.json', '/data/zhaogangyi/picorer-eval/qwen36-v100-sufficiency-dynamics-replicate-2-20260912/probes-v2/0b674be0109c/step-008/qwen-r2/native-s.request.json']",0,da64500eac282dce11e666a19d070ad86066e0576f10937e01e4baccb1c10769,agentmemorybench:fact-mh-262k:context-0/factconsolidation_mh_262k_no0,0.6666666666666666,2,8,13,2,2.624999947845936,0.932453305575492,0.0,10292.0,5,0.0,0.0,0.0,0.0,True,,,,,,,"[""read""]",3.624999933876097,0.6666666666666666,"[""search""]",-0.9999999860301614,0.0,0.5833333333333334,False,False,False
False,state_answers,3,state-r2-q000-t009,"['/data/zhaogangyi/picorer-eval/qwen36-v100-sufficiency-dynamics-replicate-2-20260912/probes-v2/0b674be0109c/step-009/qwen-r1/native-s.request.json', '/data/zhaogangyi/picorer-eval/qwen36-v100-sufficiency-dynamics-replicate-2-20260912/probes-v2/0b674be0109c/step-009/qwen-r2/native-s.request.json']",0,3efbb2dc340641d09602d6f6519efcc3fa79196fa5177adc8c3584ae7267e717,agentmemorybench:fact-mh-262k:context-0/factconsolidation_mh_262k_no0,0.6666666666666666,2,9,13,2,2.8749999962747097,0.9465966700118572,0.0,16026.0,5,0.0,0.0,0.0,0.0,True,,,,,,,"[""search""]",2.624999947845936,0.6666666666666666,"[""read""]",0.2500000484287739,0.0,0.6666666666666666,True,False,True
False,state_answers,3,state-r2-q000-t010,"['/data/zhaogangyi/picorer-eval/qwen36-v100-sufficiency-dynamics-replicate-2-20260912/probes-v2/0b674be0109c/step-010/qwen-r1/native-s.request.json', '/data/zhaogangyi/picorer-eval/qwen36-v100-sufficiency-dynamics-replicate-2-20260912/probes-v2/0b674be0109c/step-010/qwen-r2/native-s.request.json']",0,bce563b6541dbb2bf92837b31d67a6b5c78a781ca9a5ae43f443a444b33eded7,agentmemorybench:fact-mh-262k:context-0/factconsolidation_mh_262k_no0,0.6666666666666666,2,10,13,2,2.875000089406967,0.9465966747198244,0.0,11186.0,5,0.0,0.0,0.0,0.0,True,,,,,,,"[""read""]",2.8749999962747097,0.6666666666666666,"[""search""]",9.313225746154785e-08,0.0,0.75,False,False,True
False,state_answers,3,state-r2-q000-t011,"['/data/zhaogangyi/picorer-eval/qwen36-v100-sufficiency-dynamics-replicate-2-20260912/probes-v2/0b674be0109c/step-011/qwen-r1/native-s.request.json', '/data/zhaogangyi/picorer-eval/qwen36-v100-sufficiency-dynamics-replicate-2-20260912/probes-v2/0b674be0109c/step-011/qwen-r2/native-s.request.json']",0,0fb93da3d997f66927a3b33d6e45bc0a6a2db261701d18d50824e7453b9e49e7,agentmemorybench:fact-mh-262k:context-0/factconsolidation_mh_262k_no0,0.6666666666666666,2,11,13,2,2.249999932944774,0.9046505293168444,0.0,16678.0,5,0.0,0.0,0.0,1.0,True,,,,,,,"[""search""]",2.875000089406967,0.6666666666666666,"[""read""]",-0.625000156462193,0.0,0.8333333333333334,True,False,False
False,state_answers,3,state-r2-q000-t012,"['/data/zhaogangyi/picorer-eval/qwen36-v100-sufficiency-dynamics-replicate-2-20260912/probes-v2/0b674be0109c/step-012/qwen-r1/native-s.request.json', '/data/zhaogangyi/picorer-eval/qwen36-v100-sufficiency-dynamics-replicate-2-20260912/probes-v2/0b674be0109c/step-012/qwen-r2/native-s.request.json']",0,8ac0653688736f961fca4303058371ce97982af019f1165b44a6bc76dbb5faf2,agentmemorybench:fact-mh-262k:context-0/factconsolidation_mh_262k_no0,0.6666666666666666,2,12,13,2,2.6250000298023224,0.9324533107374444,1.043081283569336e-07,12247.0,5,0.0,0.0,0.0,1.0,True,,,,,,,"[""read""]",2.249999932944774,0.6666666666666666,"[""search""]",0.3750000968575482,0.0,0.9166666666666666,False,False,True
False,state_answers,3,state-r2-q000-t013,"['/data/zhaogangyi/picorer-eval/qwen36-v100-sufficiency-dynamics-replicate-2-20260912/probes-v2/0b674be0109c/step-013/qwen-r1/native-s.request.json', '/data/zhaogangyi/picorer-eval/qwen36-v100-sufficiency-dynamics-replicate-2-20260912/probes-v2/0b674be0109c/step-013/qwen-r2/native-s.request.json']",0,49d6e46c4818bef4d68393c2416e3e6ff175584256bdcb45deb06f54894e8ec8,agentmemorybench:fact-mh-262k:context-0/factconsolidation_mh_262k_no0,0.6666666666666666,2,13,13,2,4.4999998435378075,0.9890130556692526,0.0,23348.0,5,0.0,0.0,0.0,0.0,True,,,,,,,"[""finish""]",2.6250000298023224,0.6666666666666666,"[""read""]",1.874999813735485,0.0,1.0,False,False,True
False,state_answers,3,state-r3-q000-t002,"['/data/zhaogangyi/picorer-eval/qwen36-v100-sufficiency-dynamics-replicate-3-20260912/probes-v2/0b674be0109c/step-002/qwen-r1/native-s.request.json', '/data/zhaogangyi/picorer-eval/qwen36-v100-sufficiency-dynamics-replicate-3-20260912/probes-v2/0b674be0109c/step-002/qwen-r2/native-s.request.json']",0,fe416d792ec1b04feb87b6a3e9db2afd0027617a96f1c9ddf91239f817fe666f,agentmemorybench:fact-mh-262k:context-0/factconsolidation_mh_262k_no0,0.0,3,2,6,2,1.7500000149011612,0.8519528038477825,0.0,8816.0,5,0.0,0.0,0.0,0.0,True,,,,,,,"[""read""]",-4.812499966239557,0.0,"[""search""]",6.562499981140718,0.0,0.2,False,False,True
False,state_answers,3,state-r3-q000-t003,"['/data/zhaogangyi/picorer-eval/qwen36-v100-sufficiency-dynamics-replicate-3-20260912/probes-v2/0b674be0109c/step-003/qwen-r1/native-s.request.json', '/data/zhaogangyi/picorer-eval/qwen36-v100-sufficiency-dynamics-replicate-3-20260912/probes-v2/0b674be0109c/step-003/qwen-r2/native-s.request.json']",0,f1469759e7e16b24aa945dfc6eb99baafeda9f9de8388f86b24a01e6ab156f23,agentmemorybench:fact-mh-262k:context-0/factconsolidation_mh_262k_no0,0.6666666666666666,3,3,6,2,5.000000101979822,0.9933071497536828,0.0,24323.0,5,0.0,0.0,0.0,2.0,True,,,,,,,"[""search""]",1.7500000149011612,0.0,"[""read""]",3.2500000870786607,0.6666666666666666,0.4,True,True,True
False,state_answers,3,state-r3-q000-t004,"['/data/zhaogangyi/picorer-eval/qwen36-v100-sufficiency-dynamics-replicate-3-20260912/probes-v2/0b674be0109c/step-004/qwen-r1/native-s.request.json', '/data/zhaogangyi/picorer-eval/qwen36-v100-sufficiency-dynamics-replicate-3-20260912/probes-v2/0b674be0109c/step-004/qwen-r2/native-s.request.json']",0,7fbc5237616843579972115a5b5d01a60a68e2660adb7ab76ece01cba782b945,agentmemorybench:fact-mh-262k:context-0/factconsolidation_mh_262k_no0,0.6666666666666666,3,4,6,2,2.3125000596046448,0.9099070109242132,-0.1250001043081283,9471.0,5,0.0,0.0,0.0,2.0,True,,,,,,,"[""read""]",5.000000101979822,0.6666666666666666,"[""search""]",-2.687500042375177,0.0,0.6,False,False,False
False,state_answers,3,state-r3-q000-t005,"['/data/zhaogangyi/picorer-eval/qwen36-v100-sufficiency-dynamics-replicate-3-20260912/probes-v2/0b674be0109c/step-005/qwen-r1/native-s.request.json', '/data/zhaogangyi/picorer-eval/qwen36-v100-sufficiency-dynamics-replicate-3-20260912/probes-v2/0b674be0109c/step-005/qwen-r2/native-s.request.json']",0,d554643cac20d7f684954be69c543ad353c73552831b758d69826095e6dc3f6e,agentmemorybench:fact-mh-262k:context-0/factconsolidation_mh_262k_no0,1.0,3,5,6,2,3.625000027008354,0.9740426434850707,1.1734664440155029e-07,19791.0,5,0.8,0.8,0.8,1.0,True,,,,,,,"[""read""]",2.3125000596046448,0.6666666666666666,"[""read""]",1.3124999674037094,0.33333333333333337,0.8,True,True,True
False,state_answers,3,state-r3-q000-t006,"['/data/zhaogangyi/picorer-eval/qwen36-v100-sufficiency-dynamics-replicate-3-20260912/probes-v2/0b674be0109c/step-006/qwen-r1/native-s.request.json', '/data/zhaogangyi/picorer-eval/qwen36-v100-sufficiency-dynamics-replicate-3-20260912/probes-v2/0b674be0109c/step-006/qwen-r2/native-s.request.json']",0,a0d0e81340d46ef3b9be66b1d0d6d214516e27a50501c3f5d628a3d51f0313ef,agentmemorybench:fact-mh-262k:context-0/factconsolidation_mh_262k_no0,1.0,3,6,6,2,5.499999931780621,0.9959298620075718,-1.1874362826347352e-07,14939.0,5,0.8,0.8,0.8,1.0,True,,,,,,,"[""finish""]",3.625000027008354,1.0,"[""read""]",1.8749999047722672,0.0,1.0,True,False,True
False,state_answers,2,state-r1-q001-t002,"['/data/zhaogangyi/picorer-eval/qwen36-v100-sufficiency-dynamics-20260912/probes-v2/12503d7a8a0b/step-002/qwen-r1/native-s.request.json', '/data/zhaogangyi/picorer-eval/qwen36-v100-sufficiency-dynamics-20260912/probes-v2/12503d7a8a0b/step-002/qwen-r2/native-s.request.json']",1,d743f716e44cb98cda3714e0cec4e228b9dd43e052b3684b1f3c2b6fbc221e19,agentmemorybench:fact-mh-262k:context-0/factconsolidation_mh_262k_no1,0.0,1,2,6,2,2.1874999701976776,0.8991213745668095,-0.1249999552965164,8877.0,5,0.0,0.0,0.0,0.0,True,,,,,,,"[""read""]",-3.750000052154064,0.0,"[""search""]",5.937500022351742,0.0,0.2,False,False,True
False,state_answers,2,state-r1-q001-t003,"['/data/zhaogangyi/picorer-eval/qwen36-v100-sufficiency-dynamics-20260912/probes-v2/12503d7a8a0b/step-003/qwen-r1/native-s.request.json', '/data/zhaogangyi/picorer-eval/qwen36-v100-sufficiency-dynamics-20260912/probes-v2/12503d7a8a0b/step-003/qwen-r2/native-s.request.json']",1,85c4b03d3cf8b6a9813f8ceae0527a3a1879139876024248b72301833f62236a,agentmemorybench:fact-mh-262k:context-0/factconsolidation_mh_262k_no1,0.5,1,3,6,2,0.125,0.5312093733737563,0.0,19424.0,5,0.0,0.0,0.0,0.0,True,,,,,,,"[""search""]",2.1874999701976776,0.0,"[""read""]",-2.0624999701976776,0.5,0.4,True,True,False
False,state_answers,2,state-r1-q001-t004,"['/data/zhaogangyi/picorer-eval/qwen36-v100-sufficiency-dynamics-20260912/probes-v2/12503d7a8a0b/step-004/qwen-r1/native-s.request.json', '/data/zhaogangyi/picorer-eval/qwen36-v100-sufficiency-dynamics-20260912/probes-v2/12503d7a8a0b/step-004/qwen-r2/native-s.request.json']",1,0ec9a5a85172b31aeb4b9a63ca39a718d5f32f33cf330905ba73254d96155572,agentmemorybench:fact-mh-262k:context-0/factconsolidation_mh_262k_no1,0.5,1,4,6,2,3.875000041909516,0.9796676474921346,2.7939677238464355e-08,9462.0,5,0.0,0.0,0.0,0.0,True,,,,,,,"[""read""]",0.125,0.5,"[""search""]",3.750000041909516,0.0,0.6,False,False,True
False,state_answers,2,state-r1-q001-t005,"['/data/zhaogangyi/picorer-eval/qwen36-v100-sufficiency-dynamics-20260912/probes-v2/12503d7a8a0b/step-005/qwen-r1/native-s.request.json', '/data/zhaogangyi/picorer-eval/qwen36-v100-sufficiency-dynamics-20260912/probes-v2/12503d7a8a0b/step-005/qwen-r2/native-s.request.json']",1,63790d36fc66042cdd3e621e3b340cd4777d5c03bbe0d84e97fd580f3c17edb0,agentmemorybench:fact-mh-262k:context-0/factconsolidation_mh_262k_no1,1.0,1,5,6,2,7.62500018402352,0.999512142966951,0.2500000584986992,14961.0,5,0.8,0.8,0.8,0.0,True,,,,,,,"[""read""]",3.875000041909516,0.5,"[""read""]",3.750000142114004,0.5,0.8,True,True,True
False,state_answers,2,state-r1-q001-t006,"['/data/zhaogangyi/picorer-eval/qwen36-v100-sufficiency-dynamics-20260912/probes-v2/12503d7a8a0b/step-006/qwen-r1/native-s.request.json', '/data/zhaogangyi/picorer-eval/qwen36-v100-sufficiency-dynamics-20260912/probes-v2/12503d7a8a0b/step-006/qwen-r2/native-s.request.json']",1,3e54eb68053471c05d2953daea6fa754460878354964e754c4b3ae885d2cc356,agentmemorybench:fact-mh-262k:context-0/factconsolidation_mh_262k_no1,1.0,1,6,6,2,5.125000232364982,0.9940889325091624,2.7939677238464355e-09,14838.0,5,0.4,0.4,0.4,0.0,True,,,,,,,"[""finish""]",7.62500018402352,1.0,"[""read""]",-2.4999999516585376,0.0,1.0,True,False,False
False,state_answers,2,state-r2-q001-t002,"['/data/zhaogangyi/picorer-eval/qwen36-v100-sufficiency-dynamics-replicate-2-20260912/probes-v2/12503d7a8a0b/step-002/qwen-r1/native-s.request.json', '/data/zhaogangyi/picorer-eval/qwen36-v100-sufficiency-dynamics-replicate-2-20260912/probes-v2/12503d7a8a0b/step-002/qwen-r2/native-s.request.json']",1,c36821e403c9daec2a0ad3a5e4b00de77a608d34102a66b9268c86a95b42b610,agentmemorybench:fact-mh-262k:context-0/factconsolidation_mh_262k_no1,0.0,2,2,5,2,2.1874999962747097,0.8991213769320517,-0.1250000819563865,8862.0,5,0.0,0.0,0.0,0.0,True,,,,,,,"[""read""]",-4.0000002179294825,0.0,"[""search""]",6.187500214204192,0.0,0.25,False,False,True
False,state_answers,2,state-r2-q001-t003,"['/data/zhaogangyi/picorer-eval/qwen36-v100-sufficiency-dynamics-replicate-2-20260912/probes-v2/12503d7a8a0b/step-003/qwen-r1/native-s.request.json', '/data/zhaogangyi/picorer-eval/qwen36-v100-sufficiency-dynamics-replicate-2-20260912/probes-v2/12503d7a8a0b/step-003/qwen-r2/native-s.request.json']",1,80afd5afd412ce7126f8c575dc5b8471b2567fc1f06ecc65b91410145bfa6bc5,agentmemorybench:fact-mh-262k:context-0/factconsolidation_mh_262k_no1,0.5,2,3,5,2,-0.6875,0.334589441253186,0.1250000596046447,19394.0,5,0.0,0.0,0.0,0.0,True,,,,,,,"[""search""]",2.1874999962747097,0.0,"[""read""]",-2.8749999962747097,0.5,0.5,True,True,False
False,state_answers,2,state-r2-q001-t004,"['/data/zhaogangyi/picorer-eval/qwen36-v100-sufficiency-dynamics-replicate-2-20260912/probes-v2/12503d7a8a0b/step-004/qwen-r1/native-s.request.json', '/data/zhaogangyi/picorer-eval/qwen36-v100-sufficiency-dynamics-replicate-2-20260912/probes-v2/12503d7a8a0b/step-004/qwen-r2/native-s.request.json']",1,2501ae66f7b5cfb52812ff23b1e1653451d57de89e60e6d0b9df43666ac9becd,agentmemorybench:fact-mh-262k:context-0/factconsolidation_mh_262k_no1,0.5,2,4,5,2,2.9999999292194843,0.9525741236248058,0.0,9420.0,5,0.0,0.0,0.0,0.0,True,,,,,,,"[""read""]",-0.6875,0.5,"[""search""]",3.6874999292194843,0.0,0.75,False,False,True
False,state_answers,2,state-r2-q001-t005,"['/data/zhaogangyi/picorer-eval/qwen36-v100-sufficiency-dynamics-replicate-2-20260912/probes-v2/12503d7a8a0b/step-005/qwen-r1/native-s.request.json', '/data/zhaogangyi/picorer-eval/qwen36-v100-sufficiency-dynamics-replicate-2-20260912/probes-v2/12503d7a8a0b/step-005/qwen-r2/native-s.request.json']",1,0eb79e3fc530f0c90085b09268200b262e46090626a7cc7c335e60749a7e4a26,agentmemorybench:fact-mh-262k:context-0/factconsolidation_mh_262k_no1,1.0,2,5,5,2,6.625000046333298,0.998674977644098,0.0,19804.0,5,0.6,0.6,0.6,0.0,True,,,,,,,"[""finish""]",2.9999999292194843,0.5,"[""read""]",3.6250001171138138,0.5,1.0,True,True,True
False,state_answers,2,state-r3-q001-t002,"['/data/zhaogangyi/picorer-eval/qwen36-v100-sufficiency-dynamics-replicate-3-20260912/probes-v2/12503d7a8a0b/step-002/qwen-r1/native-s.request.json', '/data/zhaogangyi/picorer-eval/qwen36-v100-sufficiency-dynamics-replicate-3-20260912/probes-v2/12503d7a8a0b/step-002/qwen-r2/native-s.request.json']",1,f45c2911d6e4d102d8c24672e9ef4fcc83aea154bbee308734b614cbf2d295e7,agentmemorybench:fact-mh-262k:context-0/factconsolidation_mh_262k_no1,0.0,3,2,4,2,1.8749998807907104,0.8670357460591569,0.0,9052.0,5,0.0,0.0,0.0,0.0,True,,,,,,,"[""search""]",-3.750000052154064,0.0,"[""search""]",5.624999932944775,0.0,0.3333333333333333,False,False,True
False,state_answers,2,state-r3-q001-t003,"['/data/zhaogangyi/picorer-eval/qwen36-v100-sufficiency-dynamics-replicate-3-20260912/probes-v2/12503d7a8a0b/step-003/qwen-r1/native-s.request.json', '/data/zhaogangyi/picorer-eval/qwen36-v100-sufficiency-dynamics-replicate-3-20260912/probes-v2/12503d7a8a0b/step-003/qwen-r2/native-s.request.json']",1,f141b9c9747de4c3017bb5926e701e28fb4e230ad43f462347976fbcc20a55d8,agentmemorybench:fact-mh-262k:context-0/factconsolidation_mh_262k_no1,0.0,3,3,4,2,2.749999947845936,0.9399133468805266,0.0,9202.0,5,0.0,0.0,0.0,0.0,True,,,,,,,"[""read""]",1.8749998807907104,0.0,"[""search""]",0.8750000670552254,0.0,0.6666666666666666,False,False,True
False,state_answers,2,state-r3-q001-t004,"['/data/zhaogangyi/picorer-eval/qwen36-v100-sufficiency-dynamics-replicate-3-20260912/probes-v2/12503d7a8a0b/step-004/qwen-r1/native-s.request.json', '/data/zhaogangyi/picorer-eval/qwen36-v100-sufficiency-dynamics-replicate-3-20260912/probes-v2/12503d7a8a0b/step-004/qwen-r2/native-s.request.json']",1,d99de295cd7435e1f210cf07dc71785316a751c150d5de6f3181d6d64c9671ce,agentmemorybench:fact-mh-262k:context-0/factconsolidation_mh_262k_no1,1.0,3,4,4,2,6.937500178115442,0.9990302482047776,-0.1250000006984919,19403.0,5,0.8,0.8,0.8,1.0,True,,,,,,,"[""finish""]",2.749999947845936,0.0,"[""read""]",4.187500230269507,1.0,1.0,True,True,True
False,state_answers,2,state-r1-q012-t002,"['/data/zhaogangyi/picorer-eval/qwen36-v100-sufficiency-dynamics-20260912/probes-v2/0a3ad385d9f5/step-002/qwen-r1/native-s.request.json', '/data/zhaogangyi/picorer-eval/qwen36-v100-sufficiency-dynamics-20260912/probes-v2/0a3ad385d9f5/step-002/qwen-r2/native-s.request.json']",12,e1ba27c705bffc1427cf801524218775782499fd4b81ea31617d367a2651082f,agentmemorybench:fact-mh-262k:context-0/factconsolidation_mh_262k_no12,0.0,1,2,5,2,2.750000052154064,0.939913352771458,0.0,9200.0,5,0.0,0.0,0.0,0.0,True,,,,,,,"[""read""]",-4.000000113621354,0.0,"[""search""]",6.750000165775418,0.0,0.25,False,False,True
False,state_answers,2,state-r1-q012-t003,"['/data/zhaogangyi/picorer-eval/qwen36-v100-sufficiency-dynamics-20260912/probes-v2/0a3ad385d9f5/step-003/qwen-r1/native-s.request.json', '/data/zhaogangyi/picorer-eval/qwen36-v100-sufficiency-dynamics-20260912/probes-v2/0a3ad385d9f5/step-003/qwen-r2/native-s.request.json']",12,c73f75685f3c0741ecd9d7b339af09c2f43f847533ff2416f554880a7ce74ed0,agentmemorybench:fact-mh-262k:context-0/factconsolidation_mh_262k_no12,0.5,1,3,5,2,4.249999823048711,0.9859363705031758,0.0,19536.0,5,0.0,0.0,0.0,0.0,True,,,,,,,"[""search""]",2.750000052154064,0.0,"[""read""]",1.4999997708946466,0.5,0.5,True,True,True
False,state_answers,2,state-r1-q012-t004,"['/data/zhaogangyi/picorer-eval/qwen36-v100-sufficiency-dynamics-20260912/probes-v2/0a3ad385d9f5/step-004/qwen-r1/native-s.request.json', '/data/zhaogangyi/picorer-eval/qwen36-v100-sufficiency-dynamics-20260912/probes-v2/0a3ad385d9f5/step-004/qwen-r2/native-s.request.json']",12,b4e4362cef19c60516fad351e2edb24776aff4e390ffb1e14c97fb4fab57701f,agentmemorybench:fact-mh-262k:context-0/factconsolidation_mh_262k_no12,0.5,1,4,5,2,4.000000109896064,0.9820137919789702,0.0,9310.0,5,0.0,0.0,0.0,0.0,True,,,,,,,"[""read""]",4.249999823048711,0.5,"[""search""]",-0.24999971315264702,0.0,0.75,False,False,False
False,state_answers,2,state-r1-q012-t005,"['/data/zhaogangyi/picorer-eval/qwen36-v100-sufficiency-dynamics-20260912/probes-v2/0a3ad385d9f5/step-005/qwen-r1/native-s.request.json', '/data/zhaogangyi/picorer-eval/qwen36-v100-sufficiency-dynamics-20260912/probes-v2/0a3ad385d9f5/step-005/qwen-r2/native-s.request.json']",12,ddabd6006b30d603e9d55f6dfc893ad795a7effaf604c4070dfca007cf7004c9,agentmemorybench:fact-mh-262k:context-0/factconsolidation_mh_262k_no12,1.0,1,5,5,2,6.8749999985448085,0.9989677689617448,1.1909287422895433e-07,19666.0,5,1.0,1.0,1.0,0.0,True,,,,,,,"[""finish""]",4.000000109896064,0.5,"[""read""]",2.8749998886487447,0.5,1.0,True,True,True
False,state_answers,2,state-r2-q012-t002,"['/data/zhaogangyi/picorer-eval/qwen36-v100-sufficiency-dynamics-replicate-2-20260912/probes-v2/0a3ad385d9f5/step-002/qwen-r1/native-s.request.json', '/data/zhaogangyi/picorer-eval/qwen36-v100-sufficiency-dynamics-replicate-2-20260912/probes-v2/0a3ad385d9f5/step-002/qwen-r2/native-s.request.json']",12,e8330c0ea03a4afc75807bfb93e968355d6855453cac8cdd9b81e01d7e17b303,agentmemorybench:fact-mh-262k:context-0/factconsolidation_mh_262k_no12,0.0,2,2,3,2,2.499999903142452,0.924141813188682,0.0,9013.0,5,0.0,0.0,0.0,0.0,True,,,,,,,"[""read""]",-4.000000113621354,0.0,"[""search""]",6.500000016763806,0.0,0.5,False,False,True
False,state_answers,2,state-r2-q012-t003,"['/data/zhaogangyi/picorer-eval/qwen36-v100-sufficiency-dynamics-replicate-2-20260912/probes-v2/0a3ad385d9f5/step-003/qwen-r1/native-s.request.json', '/data/zhaogangyi/picorer-eval/qwen36-v100-sufficiency-dynamics-replicate-2-20260912/probes-v2/0a3ad385d9f5/step-003/qwen-r2/native-s.request.json']",12,c35b290822d7a55a000343b5115de0aac12283b60284f7f3e58caaa33bb90705,agentmemorybench:fact-mh-262k:context-0/factconsolidation_mh_262k_no12,0.5,2,3,3,2,7.500000035623088,0.9994472213827572,0.0,24343.0,5,0.0,0.0,0.0,0.0,True,,,,,,,"[""finish""]",2.499999903142452,0.0,"[""read""]",5.000000132480636,0.5,1.0,True,True,True
False,state_answers,2,state-r3-q012-t002,"['/data/zhaogangyi/picorer-eval/qwen36-v100-sufficiency-dynamics-replicate-3-20260912/probes-v2/0a3ad385d9f5/step-002/qwen-r1/native-s.request.json', '/data/zhaogangyi/picorer-eval/qwen36-v100-sufficiency-dynamics-replicate-3-20260912/probes-v2/0a3ad385d9f5/step-002/qwen-r2/native-s.request.json']",12,f1255ae7c3bed0de87fee12fa9b90045c60afed7b9a0e1522d2790492c32710a,agentmemorybench:fact-mh-262k:context-0/factconsolidation_mh_262k_no12,0.0,3,2,3,2,2.875,0.9465966702001756,0.2500000521540642,9053.0,5,0.0,0.0,0.0,0.0,True,,,,,,,"[""read""]",-4.000000113621354,0.0,"[""search""]",6.875000113621354,0.0,0.5,False,False,True
False,state_answers,2,state-r3-q012-t003,"['/data/zhaogangyi/picorer-eval/qwen36-v100-sufficiency-dynamics-replicate-3-20260912/probes-v2/0a3ad385d9f5/step-003/qwen-r1/native-s.request.json', '/data/zhaogangyi/picorer-eval/qwen36-v100-sufficiency-dynamics-replicate-3-20260912/probes-v2/0a3ad385d9f5/step-003/qwen-r2/native-s.request.json']",12,51f4f2656b954ad73cf2aecfde5dd337b4bbdf0d8e607a54a46c8b80dd93d02a,agentmemorybench:fact-mh-262k:context-0/factconsolidation_mh_262k_no12,0.5,3,3,3,2,7.750000093714334,0.9995694429590072,0.0,24442.0,5,0.0,0.0,0.0,0.0,True,,,,,,,"[""finish""]",2.875,0.0,"[""read""]",4.875000093714334,0.5,1.0,True,True,True
False,state_answers,2,state-r1-q013-t002,"['/data/zhaogangyi/picorer-eval/qwen36-v100-sufficiency-dynamics-20260912/probes-v2/f3c646abed8f/step-002/qwen-r1/native-s.request.json', '/data/zhaogangyi/picorer-eval/qwen36-v100-sufficiency-dynamics-20260912/probes-v2/f3c646abed8f/step-002/qwen-r2/native-s.request.json']",13,6cc615f30a628146002486a54a6367071bbe41a68d9d0b21d75b993f4eb4b094,agentmemorybench:fact-mh-262k:context-0/factconsolidation_mh_262k_no13,0.0,1,2,4,2,2.374999925494194,0.9149009491921662,0.0,9104.0,5,0.0,0.0,0.0,0.0,True,,,,,,,"[""search""]",-3.375000022351742,0.0,"[""search""]",5.749999947845936,0.0,0.3333333333333333,False,False,True
False,state_answers,2,state-r1-q013-t003,"['/data/zhaogangyi/picorer-eval/qwen36-v100-sufficiency-dynamics-20260912/probes-v2/f3c646abed8f/step-003/qwen-r1/native-s.request.json', '/data/zhaogangyi/picorer-eval/qwen36-v100-sufficiency-dynamics-20260912/probes-v2/f3c646abed8f/step-003/qwen-r2/native-s.request.json']",13,82e7488a62480b734110b98c8c53ac5f690aacbdf6f7e5341fe06bad514793b5,agentmemorybench:fact-mh-262k:context-0/factconsolidation_mh_262k_no13,0.0,1,3,4,2,1.5000000447034836,0.8175744828610095,0.0,9592.0,5,0.0,0.0,0.0,0.0,True,,,,,,,"[""read""]",2.374999925494194,0.0,"[""search""]",-0.8749998807907104,0.0,0.6666666666666666,False,False,False
False,state_answers,2,state-r1-q013-t004,"['/data/zhaogangyi/picorer-eval/qwen36-v100-sufficiency-dynamics-20260912/probes-v2/f3c646abed8f/step-004/qwen-r1/native-s.request.json', '/data/zhaogangyi/picorer-eval/qwen36-v100-sufficiency-dynamics-20260912/probes-v2/f3c646abed8f/step-004/qwen-r2/native-s.request.json']",13,b4ffa161a0838f86bd197b3a2b74ad6aad527f89533a80a1d0c9a1ee0b3649dd,agentmemorybench:fact-mh-262k:context-0/factconsolidation_mh_262k_no13,1.0,1,4,4,2,6.93749994126847,0.9990302479753176,-0.1249997623963281,25167.0,5,1.0,1.0,1.0,0.0,True,,,,,,,"[""finish""]",1.5000000447034836,0.0,"[""read""]",5.437499896564987,1.0,1.0,True,True,True
False,state_answers,2,state-r2-q013-t002,"['/data/zhaogangyi/picorer-eval/qwen36-v100-sufficiency-dynamics-replicate-2-20260912/probes-v2/f3c646abed8f/step-002/qwen-r1/native-s.request.json', '/data/zhaogangyi/picorer-eval/qwen36-v100-sufficiency-dynamics-replicate-2-20260912/probes-v2/f3c646abed8f/step-002/qwen-r2/native-s.request.json']",13,094cf602f0df2c94134144915834079c363a2e51f34bc8a98b51fd23df2060f4,agentmemorybench:fact-mh-262k:context-0/factconsolidation_mh_262k_no13,0.0,2,2,5,2,3.375000063329935,0.9669140236373024,0.0,9080.0,5,0.0,0.0,0.0,0.0,True,,,,,,,"[""read""]",-3.375000022351742,0.0,"[""search""]",6.750000085681677,0.0,0.25,False,False,True
False,state_answers,2,state-r2-q013-t003,"['/data/zhaogangyi/picorer-eval/qwen36-v100-sufficiency-dynamics-replicate-2-20260912/probes-v2/f3c646abed8f/step-003/qwen-r1/native-s.request.json', '/data/zhaogangyi/picorer-eval/qwen36-v100-sufficiency-dynamics-replicate-2-20260912/probes-v2/f3c646abed8f/step-003/qwen-r2/native-s.request.json']",13,01c246df7ba6645af7b7b6c76d5ed8463518f6f7c1e7dfdd27723b910696149a,agentmemorybench:fact-mh-262k:context-0/factconsolidation_mh_262k_no13,0.5,2,3,5,2,2.624999910593033,0.9324533032291502,0.0,19340.0,5,0.0,0.0,0.0,0.0,True,,,,,,,"[""search""]",3.375000063329935,0.0,"[""read""]",-0.7500001527369022,0.5,0.5,True,True,False
False,state_answers,2,state-r2-q013-t004,"['/data/zhaogangyi/picorer-eval/qwen36-v100-sufficiency-dynamics-replicate-2-20260912/probes-v2/f3c646abed8f/step-004/qwen-r1/native-s.request.json', '/data/zhaogangyi/picorer-eval/qwen36-v100-sufficiency-dynamics-replicate-2-20260912/probes-v2/f3c646abed8f/step-004/qwen-r2/native-s.request.json']",13,7d0af00d8362b5930b9541ed79430c1ff6cecb5d2f7deb06d1d392d822d3992a,agentmemorybench:fact-mh-262k:context-0/factconsolidation_mh_262k_no13,0.5,2,4,5,2,2.8750000335276127,0.946596671895044,0.0,9988.0,5,0.0,0.0,0.0,1.0,True,,,,,,,"[""read""]",2.624999910593033,0.5,"[""search""]",0.25000012293457985,0.0,0.75,False,False,True
False,state_answers,2,state-r2-q013-t005,"['/data/zhaogangyi/picorer-eval/qwen36-v100-sufficiency-dynamics-replicate-2-20260912/probes-v2/f3c646abed8f/step-005/qwen-r1/native-s.request.json', '/data/zhaogangyi/picorer-eval/qwen36-v100-sufficiency-dynamics-replicate-2-20260912/probes-v2/f3c646abed8f/step-005/qwen-r2/native-s.request.json']",13,3b62f2a8dc71c4fd3e1ac5936ab36bc747c2289065ff9c74934674b760e5b9ab,agentmemorybench:fact-mh-262k:context-0/factconsolidation_mh_262k_no13,1.0,2,5,5,2,6.499999940977432,0.9984988176547924,0.0,20300.0,5,1.0,1.0,1.0,0.0,True,,,,,,,"[""finish""]",2.8750000335276127,0.5,"[""read""]",3.624999907449819,0.5,1.0,True,True,True
False,state_answers,2,state-r3-q013-t002,"['/data/zhaogangyi/picorer-eval/qwen36-v100-sufficiency-dynamics-replicate-3-20260912/probes-v2/f3c646abed8f/step-002/qwen-r1/native-s.request.json', '/data/zhaogangyi/picorer-eval/qwen36-v100-sufficiency-dynamics-replicate-3-20260912/probes-v2/f3c646abed8f/step-002/qwen-r2/native-s.request.json']",13,3fa7eabbe2caa9561224b5d0f1e8ae6eabbfa3fd68b4af75e1d18ffa61093e4b,agentmemorybench:fact-mh-262k:context-0/factconsolidation_mh_262k_no13,0.0,3,2,5,2,3.687499969266355,0.9755769092136144,0.124999975785613,9071.0,5,0.0,0.0,0.0,0.0,True,,,,,,,"[""read""]",-3.375000022351742,0.0,"[""search""]",7.062499991618097,0.0,0.25,False,False,True
False,state_answers,2,state-r3-q013-t003,"['/data/zhaogangyi/picorer-eval/qwen36-v100-sufficiency-dynamics-replicate-3-20260912/probes-v2/f3c646abed8f/step-003/qwen-r1/native-s.request.json', '/data/zhaogangyi/picorer-eval/qwen36-v100-sufficiency-dynamics-replicate-3-20260912/probes-v2/f3c646abed8f/step-003/qwen-r2/native-s.request.json']",13,76c0532bdeff902a30f04ef13c49861c3c6a013f9aa29193900bda87adf7337e,agentmemorybench:fact-mh-262k:context-0/factconsolidation_mh_262k_no13,0.5,3,3,5,2,2.7499999832361937,0.9399133488792356,1.8998980522155762e-07,19024.0,5,0.0,0.0,0.0,0.0,True,,,,,,,"[""search""]",3.687499969266355,0.0,"[""read""]",-0.9374999860301614,0.5,0.5,True,True,False
False,state_answers,2,state-r3-q013-t004,"['/data/zhaogangyi/picorer-eval/qwen36-v100-sufficiency-dynamics-replicate-3-20260912/probes-v2/f3c646abed8f/step-004/qwen-r1/native-s.request.json', '/data/zhaogangyi/picorer-eval/qwen36-v100-sufficiency-dynamics-replicate-3-20260912/probes-v2/f3c646abed8f/step-004/qwen-r2/native-s.request.json']",13,48de663eb71e4de78ff0cabe713c620866ddef0d1788cbe59513f3fb2a34a5ae,agentmemorybench:fact-mh-262k:context-0/factconsolidation_mh_262k_no13,0.5,3,4,5,2,3.749999964609742,0.977022629295484,4.842877388000488e-08,9632.0,5,0.0,0.0,0.0,0.0,True,,,,,,,"[""read""]",2.7499999832361937,0.5,"[""search""]",0.9999999813735485,0.0,0.75,False,False,True
False,state_answers,2,state-r3-q013-t005,"['/data/zhaogangyi/picorer-eval/qwen36-v100-sufficiency-dynamics-replicate-3-20260912/probes-v2/f3c646abed8f/step-005/qwen-r1/native-s.request.json', '/data/zhaogangyi/picorer-eval/qwen36-v100-sufficiency-dynamics-replicate-3-20260912/probes-v2/f3c646abed8f/step-005/qwen-r2/native-s.request.json']",13,c5ec5bbcff3a8e64369b3b7c96019d69ddc3e7c6f5e7d7f65554457691556f85,agentmemorybench:fact-mh-262k:context-0/factconsolidation_mh_262k_no13,1.0,3,5,5,2,6.749999885360012,0.9988304896010288,-0.4999998759594746,24936.0,5,1.0,1.0,1.0,0.0,True,,,,,,,"[""finish""]",3.749999964609742,0.5,"[""read""]",2.9999999207502697,0.5,1.0,True,True,True
False,state_answers,2,state-r1-q014-t002,"['/data/zhaogangyi/picorer-eval/qwen36-v100-sufficiency-dynamics-20260912/probes-v2/aaea6011fd45/step-002/qwen-r1/native-s.request.json', '/data/zhaogangyi/picorer-eval/qwen36-v100-sufficiency-dynamics-20260912/probes-v2/aaea6011fd45/step-002/qwen-r2/native-s.request.json']",14,e99b3ad9005ac909121826d97582958d12787d4afcbf544ac20c1775c60f8d52,agentmemorybench:fact-mh-262k:context-0/factconsolidation_mh_262k_no14,0.0,1,2,3,2,3.250000085681677,0.9626731157347208,0.0,8954.0,5,0.0,0.0,0.0,0.0,True,,,,,,,"[""read""]",-3.874999964609742,0.0,"[""search""]",7.125000050291419,0.0,0.5,False,False,True
False,state_answers,2,state-r1-q014-t003,"['/data/zhaogangyi/picorer-eval/qwen36-v100-sufficiency-dynamics-20260912/probes-v2/aaea6011fd45/step-003/qwen-r1/native-s.request.json', '/data/zhaogangyi/picorer-eval/qwen36-v100-sufficiency-dynamics-20260912/probes-v2/aaea6011fd45/step-003/qwen-r2/native-s.request.json']",14,7d3030fc1d49ed6372cf2c70accb6a32f19c1238b9bf2189e624652ad0a17f53,agentmemorybench:fact-mh-262k:context-0/factconsolidation_mh_262k_no14,1.0,1,3,3,2,8.62499989765638,0.9998204720122832,-0.2499995148973539,24692.0,5,1.0,1.0,1.0,0.0,True,,,,,,,"[""finish""]",3.250000085681677,0.0,"[""read""]",5.374999811974703,1.0,1.0,True,True,True
False,state_answers,2,state-r2-q014-t002,"['/data/zhaogangyi/picorer-eval/qwen36-v100-sufficiency-dynamics-replicate-2-20260912/probes-v2/aaea6011fd45/step-002/qwen-r1/native-s.request.json', '/data/zhaogangyi/picorer-eval/qwen36-v100-sufficiency-dynamics-replicate-2-20260912/probes-v2/aaea6011fd45/step-002/qwen-r2/native-s.request.json']",14,19e015a8d6da03dbf2f85ffa6f7f42cbede9a8377e9b2660036d98087aad4769,agentmemorybench:fact-mh-262k:context-0/factconsolidation_mh_262k_no14,0.0,2,2,6,2,3.625000072643161,0.9740426446388816,0.0,8954.0,5,0.0,0.0,0.0,0.0,True,,,,,,,"[""read""]",-3.874999989755452,0.0,"[""search""]",7.5000000623986125,0.0,0.2,False,False,True
False,state_answers,2,state-r2-q014-t003,"['/data/zhaogangyi/picorer-eval/qwen36-v100-sufficiency-dynamics-replicate-2-20260912/probes-v2/aaea6011fd45/step-003/qwen-r1/native-s.request.json', '/data/zhaogangyi/picorer-eval/qwen36-v100-sufficiency-dynamics-replicate-2-20260912/probes-v2/aaea6011fd45/step-003/qwen-r2/native-s.request.json']",14,a20ec436cb5642670bb3ccd9e575ac16f870aa57287bfb6e5f56331146796bbb,agentmemorybench:fact-mh-262k:context-0/factconsolidation_mh_262k_no14,0.5,2,3,6,2,7.374999958847184,0.9993736658161312,0.0,19560.0,5,0.0,0.0,0.0,0.0,True,,,,,,,"[""read""]",3.625000072643161,0.0,"[""read""]",3.749999886204023,0.5,0.4,True,True,True
False,state_answers,2,state-r2-q014-t004,"['/data/zhaogangyi/picorer-eval/qwen36-v100-sufficiency-dynamics-replicate-2-20260912/probes-v2/aaea6011fd45/step-004/qwen-r1/native-s.request.json', '/data/zhaogangyi/picorer-eval/qwen36-v100-sufficiency-dynamics-replicate-2-20260912/probes-v2/aaea6011fd45/step-004/qwen-r2/native-s.request.json']",14,31e29483340b145891beba3593904a40274002cd7a3207f6c8073f241c8999a7,agentmemorybench:fact-mh-262k:context-0/factconsolidation_mh_262k_no14,0.5,2,4,6,2,4.874999922467396,0.9924227581491072,0.2499997573904693,14564.0,5,0.0,0.0,0.0,0.0,True,,,,,,,"[""search""]",7.374999958847184,0.5,"[""read""]",-2.500000036379788,0.0,0.6,True,False,False
False,state_answers,2,state-r2-q014-t005,"['/data/zhaogangyi/picorer-eval/qwen36-v100-sufficiency-dynamics-replicate-2-20260912/probes-v2/aaea6011fd45/step-005/qwen-r1/native-s.request.json', '/data/zhaogangyi/picorer-eval/qwen36-v100-sufficiency-dynamics-replicate-2-20260912/probes-v2/aaea6011fd45/step-005/qwen-r2/native-s.request.json']",14,2d6d6c72ad8d5a4d637a87bc975707166e6364ba2a11f69f1ce769329298ccb2,agentmemorybench:fact-mh-262k:context-0/factconsolidation_mh_262k_no14,0.5,2,5,6,2,5.249999838415533,0.9947798734673536,0.0,10252.0,5,0.0,0.0,0.0,0.0,True,,,,,,,"[""read""]",4.874999922467396,0.5,"[""search""]",0.37499991594813764,0.0,0.8,False,False,True
False,state_answers,2,state-r2-q014-t006,"['/data/zhaogangyi/picorer-eval/qwen36-v100-sufficiency-dynamics-replicate-2-20260912/probes-v2/aaea6011fd45/step-006/qwen-r1/native-s.request.json', '/data/zhaogangyi/picorer-eval/qwen36-v100-sufficiency-dynamics-replicate-2-20260912/probes-v2/aaea6011fd45/step-006/qwen-r2/native-s.request.json']",14,17c31a305abff685b578f00e346aceeab58dbb4e237d074461fda12079eaf483,agentmemorybench:fact-mh-262k:context-0/factconsolidation_mh_262k_no14,1.0,2,6,6,2,8.875000249026925,0.9998601779591674,0.0,15881.0,5,1.0,1.0,1.0,0.0,True,,,,,,,"[""finish""]",5.249999838415533,0.5,"[""read""]",3.625000410611392,0.5,1.0,True,True,True
False,state_answers,2,state-r3-q014-t002,"['/data/zhaogangyi/picorer-eval/qwen36-v100-sufficiency-dynamics-replicate-3-20260912/probes-v2/aaea6011fd45/step-002/qwen-r1/native-s.request.json', '/data/zhaogangyi/picorer-eval/qwen36-v100-sufficiency-dynamics-replicate-3-20260912/probes-v2/aaea6011fd45/step-002/qwen-r2/native-s.request.json']",14,d61bbb59360f892ce2b071d68606e0b3be893efb44153e22f1d1959ab6c7a74e,agentmemorybench:fact-mh-262k:context-0/factconsolidation_mh_262k_no14,0.0,3,2,3,2,3.375000100582838,0.9669140248290712,0.0,8948.0,5,0.0,0.0,0.0,0.0,True,,,,,,,"[""read""]",-3.8749999282881618,0.0,"[""search""]",7.250000028871,0.0,0.5,False,False,True
False,state_answers,2,state-r3-q014-t003,"['/data/zhaogangyi/picorer-eval/qwen36-v100-sufficiency-dynamics-replicate-3-20260912/probes-v2/aaea6011fd45/step-003/qwen-r1/native-s.request.json', '/data/zhaogangyi/picorer-eval/qwen36-v100-sufficiency-dynamics-replicate-3-20260912/probes-v2/aaea6011fd45/step-003/qwen-r2/native-s.request.json']",14,d0efb9adc2eaa3501180bbc4035bfabd62d195cd0fa448d7da20ca8bb9f4e832,agentmemorybench:fact-mh-262k:context-0/factconsolidation_mh_262k_no14,1.0,3,3,3,2,7.4374998784333,0.9994115911099544,-0.1250000756117515,24930.0,5,0.8,0.8,0.8,1.0,True,,,,,,,"[""finish""]",3.375000100582838,0.0,"[""read""]",4.062499777850462,1.0,1.0,True,True,True
False,state_answers,2,state-r1-q015-t002,"['/data/zhaogangyi/picorer-eval/qwen36-v100-sufficiency-dynamics-20260912/probes-v2/a94ed09c3a54/step-002/qwen-r1/native-s.request.json', '/data/zhaogangyi/picorer-eval/qwen36-v100-sufficiency-dynamics-20260912/probes-v2/a94ed09c3a54/step-002/qwen-r2/native-s.request.json']",15,501072e06c746bf19ea110b88dddc68e8ab94aab2a2315277d855f03df025599,agentmemorybench:fact-mh-262k:context-0/factconsolidation_mh_262k_no15,0.0,1,2,4,2,2.8750001043081284,0.9465966754730988,2.2351741790771484e-08,8900.0,5,0.0,0.0,0.0,0.0,True,,,,,,,"[""search""]",-4.2500001937150955,0.0,"[""search""]",7.125000298023224,0.0,0.3333333333333333,False,False,True
False,state_answers,2,state-r1-q015-t003,"['/data/zhaogangyi/picorer-eval/qwen36-v100-sufficiency-dynamics-20260912/probes-v2/a94ed09c3a54/step-003/qwen-r1/native-s.request.json', '/data/zhaogangyi/picorer-eval/qwen36-v100-sufficiency-dynamics-20260912/probes-v2/a94ed09c3a54/step-003/qwen-r2/native-s.request.json']",15,df6b6aa6aaf3cdb150d2bdb7cae88a9b7b8ed26ff06250cfa31bfddeee57b36a,agentmemorybench:fact-mh-262k:context-0/factconsolidation_mh_262k_no15,0.0,1,3,4,2,3.18750006146729,0.9603611632389424,0.1249999962747097,9073.0,5,0.0,0.0,0.0,0.0,True,,,,,,,"[""read""]",2.8750001043081284,0.0,"[""search""]",0.31249995715916157,0.0,0.6666666666666666,False,False,True
False,state_answers,2,state-r1-q015-t004,"['/data/zhaogangyi/picorer-eval/qwen36-v100-sufficiency-dynamics-20260912/probes-v2/a94ed09c3a54/step-004/qwen-r1/native-s.request.json', '/data/zhaogangyi/picorer-eval/qwen36-v100-sufficiency-dynamics-20260912/probes-v2/a94ed09c3a54/step-004/qwen-r2/native-s.request.json']",15,9f71d4933f033fb9ca9eb784d7f29159f51c1ab7858dd1c4b408af2f6bdac43a,agentmemorybench:fact-mh-262k:context-0/factconsolidation_mh_262k_no15,1.0,1,4,4,2,7.875000072934199,0.9996200155129514,0.0,19649.0,5,1.0,1.0,1.0,0.0,True,,,,,,,"[""finish""]",3.18750006146729,0.0,"[""read""]",4.687500011466909,1.0,1.0,True,True,True
False,state_answers,2,state-r2-q015-t002,"['/data/zhaogangyi/picorer-eval/qwen36-v100-sufficiency-dynamics-replicate-2-20260912/probes-v2/a94ed09c3a54/step-002/qwen-r1/native-s.request.json', '/data/zhaogangyi/picorer-eval/qwen36-v100-sufficiency-dynamics-replicate-2-20260912/probes-v2/a94ed09c3a54/step-002/qwen-r2/native-s.request.json']",15,5cc544d5c0c0b7f5b8b1a8fbcbb3521518535f8e7861114af2a43b0fa5193e31,agentmemorybench:fact-mh-262k:context-0/factconsolidation_mh_262k_no15,0.0,2,2,4,2,2.7499999534338713,0.9399133471961122,8.568167686462402e-08,8892.0,5,0.0,0.0,0.0,0.0,True,,,,,,,"[""search""]",-4.2500001937150955,0.0,"[""search""]",7.000000147148967,0.0,0.3333333333333333,False,False,True
False,state_answers,2,state-r2-q015-t003,"['/data/zhaogangyi/picorer-eval/qwen36-v100-sufficiency-dynamics-replicate-2-20260912/probes-v2/a94ed09c3a54/step-003/qwen-r1/native-s.request.json', '/data/zhaogangyi/picorer-eval/qwen36-v100-sufficiency-dynamics-replicate-2-20260912/probes-v2/a94ed09c3a54/step-003/qwen-r2/native-s.request.json']",15,dd1a360a831540bf4dd5f4fd89b92221db27df3c54afa84dab23e9e610a2bdcf,agentmemorybench:fact-mh-262k:context-0/factconsolidation_mh_262k_no15,0.0,2,3,4,2,3.2499999590218067,0.962673111183377,0.0,9094.0,5,0.0,0.0,0.0,0.0,True,,,,,,,"[""read""]",2.7499999534338713,0.0,"[""search""]",0.5000000055879354,0.0,0.6666666666666666,False,False,True
False,state_answers,2,state-r2-q015-t004,"['/data/zhaogangyi/picorer-eval/qwen36-v100-sufficiency-dynamics-replicate-2-20260912/probes-v2/a94ed09c3a54/step-004/qwen-r1/native-s.request.json', '/data/zhaogangyi/picorer-eval/qwen36-v100-sufficiency-dynamics-replicate-2-20260912/probes-v2/a94ed09c3a54/step-004/qwen-r2/native-s.request.json']",15,da5a940bd19c20f2c75dbb9fbc069f9e208b76b3901baf39918c4596e09c827d,agentmemorybench:fact-mh-262k:context-0/factconsolidation_mh_262k_no15,1.0,2,4,4,2,8.125000163709046,0.9997040429349234,0.0,24780.0,5,1.0,1.0,1.0,0.0,True,,,,,,,"[""finish""]",3.2499999590218067,0.0,"[""read""]",4.87500020468724,1.0,1.0,True,True,True
False,state_answers,2,state-r3-q015-t002,"['/data/zhaogangyi/picorer-eval/qwen36-v100-sufficiency-dynamics-replicate-3-20260912/probes-v2/a94ed09c3a54/step-002/qwen-r1/native-s.request.json', '/data/zhaogangyi/picorer-eval/qwen36-v100-sufficiency-dynamics-replicate-3-20260912/probes-v2/a94ed09c3a54/step-002/qwen-r2/native-s.request.json']",15,30ba44758a680fb4c38d7d5a44e9e05458b03337b8b1233f8ad09e6d762fad1a,agentmemorybench:fact-mh-262k:context-0/factconsolidation_mh_262k_no15,0.0,3,2,5,2,2.5625000074505806,0.9284088010506572,0.1249998658895492,8877.0,5,0.0,0.0,0.0,0.0,True,,,,,,,"[""read""]",-4.2500001937150955,0.0,"[""search""]",6.812500201165676,0.0,0.25,False,False,True
False,state_answers,2,state-r3-q015-t003,"['/data/zhaogangyi/picorer-eval/qwen36-v100-sufficiency-dynamics-replicate-3-20260912/probes-v2/a94ed09c3a54/step-003/qwen-r1/native-s.request.json', '/data/zhaogangyi/picorer-eval/qwen36-v100-sufficiency-dynamics-replicate-3-20260912/probes-v2/a94ed09c3a54/step-003/qwen-r2/native-s.request.json']",15,16bc939f1997626bcc512cb86e86cb856e14d2e6f1829998a9cd375844274de8,agentmemorybench:fact-mh-262k:context-0/factconsolidation_mh_262k_no15,0.5,3,3,5,2,3.6250000540167098,0.9740426441679384,0.0,19150.0,5,1.0,1.0,1.0,0.0,True,,,,,,,"[""search""]",2.5625000074505806,0.0,"[""read""]",1.0625000465661292,0.5,0.5,True,True,True
False,state_answers,2,state-r3-q015-t004,"['/data/zhaogangyi/picorer-eval/qwen36-v100-sufficiency-dynamics-replicate-3-20260912/probes-v2/a94ed09c3a54/step-004/qwen-r1/native-s.request.json', '/data/zhaogangyi/picorer-eval/qwen36-v100-sufficiency-dynamics-replicate-3-20260912/probes-v2/a94ed09c3a54/step-004/qwen-r2/native-s.request.json']",15,ed4360a7ed9070dcbb5e8f5eaf9b4c14937de6fb2ef7fde0b7fbe4fbc0d1342a,agentmemorybench:fact-mh-262k:context-0/factconsolidation_mh_262k_no15,0.5,3,4,5,2,4.062500021420419,0.9830850870894692,0.1249995697289705,9264.0,5,1.0,1.0,1.0,0.0,True,,,,,,,"[""read""]",3.6250000540167098,0.5,"[""search""]",0.43749996740370944,0.0,0.75,False,False,True
False,state_answers,2,state-r3-q015-t005,"['/data/zhaogangyi/picorer-eval/qwen36-v100-sufficiency-dynamics-replicate-3-20260912/probes-v2/a94ed09c3a54/step-005/qwen-r1/native-s.request.json', '/data/zhaogangyi/picorer-eval/qwen36-v100-sufficiency-dynamics-replicate-3-20260912/probes-v2/a94ed09c3a54/step-005/qwen-r2/native-s.request.json']",15,d5365e3c47bd1762888663c38feec99ca0d32c0d871444441f5020610cf91e92,agentmemorybench:fact-mh-262k:context-0/factconsolidation_mh_262k_no15,1.0,3,5,5,2,6.624999989347998,0.9986749775686916,-1.1909287422895433e-07,14565.0,5,1.0,1.0,1.0,0.0,True,,,,,,,"[""finish""]",4.062500021420419,0.5,"[""read""]",2.562499967927579,0.5,1.0,True,True,True
False,state_answers,2,state-r1-q021-t002,"['/data/zhaogangyi/picorer-eval/qwen36-v100-sufficiency-dynamics-20260912/probes-v2/2be036049ade/step-002/qwen-r1/native-s.request.json', '/data/zhaogangyi/picorer-eval/qwen36-v100-sufficiency-dynamics-20260912/probes-v2/2be036049ade/step-002/qwen-r2/native-s.request.json']",21,a3642047bc5fe9215104d0120f7eef8a685bc302cb761fc8186469439432f36a,agentmemorybench:fact-mh-262k:context-0/factconsolidation_mh_262k_no21,0.0,1,2,4,2,2.875000085681677,0.9465966745315056,0.0,9109.0,5,0.0,0.0,0.0,0.0,True,,,,,,,"[""read""]",-4.375000074505806,0.0,"[""search""]",7.250000160187483,0.0,0.3333333333333333,False,False,True
False,state_answers,2,state-r1-q021-t003,"['/data/zhaogangyi/picorer-eval/qwen36-v100-sufficiency-dynamics-20260912/probes-v2/2be036049ade/step-003/qwen-r1/native-s.request.json', '/data/zhaogangyi/picorer-eval/qwen36-v100-sufficiency-dynamics-20260912/probes-v2/2be036049ade/step-003/qwen-r2/native-s.request.json']",21,bade3efc22d5edac134a7cd49d878ca9e3733c530272891bd474f7caf4ae2d8c,agentmemorybench:fact-mh-262k:context-0/factconsolidation_mh_262k_no21,1.0,1,3,4,2,5.7500001976732165,0.9968273177826794,0.0,19145.0,5,1.0,1.0,1.0,0.0,True,,,,,,,[],2.875000085681677,0.0,"[""read""]",2.8750001119915396,1.0,0.6666666666666666,True,True,True
False,state_answers,2,state-r1-q021-t004,"['/data/zhaogangyi/picorer-eval/qwen36-v100-sufficiency-dynamics-20260912/probes-v2/2be036049ade/step-004/qwen-r1/native-s.request.json', '/data/zhaogangyi/picorer-eval/qwen36-v100-sufficiency-dynamics-20260912/probes-v2/2be036049ade/step-004/qwen-r2/native-s.request.json']",21,e1260d3c35ffa2d6704fe857e51c45ef6555f250dc7e396a0ce68ca6cdb446ad,agentmemorybench:fact-mh-262k:context-0/factconsolidation_mh_262k_no21,1.0,1,4,4,2,5.500000111758709,0.9959298627371258,0.0,4109.0,5,1.0,1.0,1.0,0.0,True,,,,,,,"[""finish""]",5.7500001976732165,1.0,[],-0.2500000859145075,0.0,1.0,False,False,False
False,state_answers,2,state-r2-q021-t002,"['/data/zhaogangyi/picorer-eval/qwen36-v100-sufficiency-dynamics-replicate-2-20260912/probes-v2/2be036049ade/step-002/qwen-r1/native-s.request.json', '/data/zhaogangyi/picorer-eval/qwen36-v100-sufficiency-dynamics-replicate-2-20260912/probes-v2/2be036049ade/step-002/qwen-r2/native-s.request.json']",21,db2807ba0e55a309823f09541c24ce5bc3edf8be9099b465e811f907618518c3,agentmemorybench:fact-mh-262k:context-0/factconsolidation_mh_262k_no21,0.0,2,2,8,2,2.8749999180436134,0.9465966660571644,0.0,9116.0,5,0.0,0.0,0.0,0.0,True,,,,,,,"[""read""]",-4.375000074505806,0.0,"[""search""]",7.249999992549419,0.0,0.14285714285714285,False,False,True
False,state_answers,2,state-r2-q021-t003,"['/data/zhaogangyi/picorer-eval/qwen36-v100-sufficiency-dynamics-replicate-2-20260912/probes-v2/2be036049ade/step-003/qwen-r1/native-s.request.json', '/data/zhaogangyi/picorer-eval/qwen36-v100-sufficiency-dynamics-replicate-2-20260912/probes-v2/2be036049ade/step-003/qwen-r2/native-s.request.json']",21,0aefd920ab419c68ce6c4728c628ad01d2977b40bdc6a692c6178a2ea6511909,agentmemorybench:fact-mh-262k:context-0/factconsolidation_mh_262k_no21,1.0,2,3,8,2,6.625000049592927,0.9986749776484114,0.0,19106.0,5,1.0,1.0,1.0,0.0,True,,,,,,,"[""search""]",2.8749999180436134,0.0,"[""read""]",3.7500001315493137,1.0,0.2857142857142857,True,True,True
False,state_answers,2,state-r2-q021-t004,"['/data/zhaogangyi/picorer-eval/qwen36-v100-sufficiency-dynamics-replicate-2-20260912/probes-v2/2be036049ade/step-004/qwen-r1/native-s.request.json', '/data/zhaogangyi/picorer-eval/qwen36-v100-sufficiency-dynamics-replicate-2-20260912/probes-v2/2be036049ade/step-004/qwen-r2/native-s.request.json']",21,64ca9a96255c598cba155682e53fab13b663e517194a120f51fa06e397d002d2,agentmemorybench:fact-mh-262k:context-0/factconsolidation_mh_262k_no21,1.0,2,4,8,2,2.125000074505806,0.8933094131553264,-4.4703483581542975e-08,9449.0,5,1.0,1.0,1.0,0.0,True,,,,,,,"[""search""]",6.625000049592927,1.0,"[""search""]",-4.499999975087121,0.0,0.42857142857142855,False,False,False
False,state_answers,2,state-r2-q021-t005,"['/data/zhaogangyi/picorer-eval/qwen36-v100-sufficiency-dynamics-replicate-2-20260912/probes-v2/2be036049ade/step-005/qwen-r1/native-s.request.json', '/data/zhaogangyi/picorer-eval/qwen36-v100-sufficiency-dynamics-replicate-2-20260912/probes-v2/2be036049ade/step-005/qwen-r2/native-s.request.json']",21,810d2b1fa2f6994f5f74ea72cbdbfeec9963bcb3bd52a11b07f25ba12dac278d,agentmemorybench:fact-mh-262k:context-0/factconsolidation_mh_262k_no21,1.0,2,5,8,2,3.624999882653355,0.9740426398352604,0.0,9732.0,5,1.0,1.0,1.0,0.0,True,,,,,,,"[""read""]",2.125000074505806,1.0,"[""search""]",1.4999998081475492,0.0,0.5714285714285714,False,False,True
False,state_answers,2,state-r2-q021-t006,"['/data/zhaogangyi/picorer-eval/qwen36-v100-sufficiency-dynamics-replicate-2-20260912/probes-v2/2be036049ade/step-006/qwen-r1/native-s.request.json', '/data/zhaogangyi/picorer-eval/qwen36-v100-sufficiency-dynamics-replicate-2-20260912/probes-v2/2be036049ade/step-006/qwen-r2/native-s.request.json']",21,d542d96a905c21ed04c40a2be9ddbea14a7ab1dfc326c2fcf8ab8713b519a240,agentmemorybench:fact-mh-262k:context-0/factconsolidation_mh_262k_no21,1.0,2,6,8,2,6.99999994027894,0.99908894875124,0.0,15251.0,5,1.0,1.0,1.0,0.0,True,,,,,,,"[""search""]",3.624999882653355,1.0,"[""read""]",3.3750000576255847,0.0,0.7142857142857143,False,False,True
False,state_answers,2,state-r2-q021-t007,"['/data/zhaogangyi/picorer-eval/qwen36-v100-sufficiency-dynamics-replicate-2-20260912/probes-v2/2be036049ade/step-007/qwen-r1/native-s.request.json', '/data/zhaogangyi/picorer-eval/qwen36-v100-sufficiency-dynamics-replicate-2-20260912/probes-v2/2be036049ade/step-007/qwen-r2/native-s.request.json']",21,2087371d005fb876f858f140989d64fa121a91c6010e6cea70315d87725ea0eb,agentmemorybench:fact-mh-262k:context-0/factconsolidation_mh_262k_no21,1.0,2,7,8,2,5.062499940395355,0.9937100974905584,0.1249998873099684,10808.0,5,1.0,1.0,1.0,0.0,True,,,,,,,"[""read""]",6.99999994027894,1.0,"[""search""]",-1.9374999998835847,0.0,0.8571428571428571,False,False,False
False,state_answers,2,state-r2-q021-t008,"['/data/zhaogangyi/picorer-eval/qwen36-v100-sufficiency-dynamics-replicate-2-20260912/probes-v2/2be036049ade/step-008/qwen-r1/native-s.request.json', '/data/zhaogangyi/picorer-eval/qwen36-v100-sufficiency-dynamics-replicate-2-20260912/probes-v2/2be036049ade/step-008/qwen-r2/native-s.request.json']",21,c300dc0e1ef1acbb0e0e270e7c14b4aaf951b74c56ad107022379490379daffa,agentmemorybench:fact-mh-262k:context-0/factconsolidation_mh_262k_no21,1.0,2,8,8,2,4.4999999878928065,0.9890130572378472,0.2499997168779373,16240.0,5,1.0,1.0,1.0,0.0,True,,,,,,,"[""finish""]",5.062499940395355,1.0,"[""read""]",-0.5624999525025487,0.0,1.0,True,False,False
False,state_answers,2,state-r3-q021-t002,"['/data/zhaogangyi/picorer-eval/qwen36-v100-sufficiency-dynamics-replicate-3-20260912/probes-v2/2be036049ade/step-002/qwen-r1/native-s.request.json', '/data/zhaogangyi/picorer-eval/qwen36-v100-sufficiency-dynamics-replicate-3-20260912/probes-v2/2be036049ade/step-002/qwen-r2/native-s.request.json']",21,ad3b3ae3c3e1829aa803825037be137fe204052f545ba4eed89df20188211c94,agentmemorybench:fact-mh-262k:context-0/factconsolidation_mh_262k_no21,0.0,3,2,5,2,2.75,0.9399133498259924,1.862645149230957e-07,9002.0,5,0.0,0.0,0.0,1.0,True,,,,,,,"[""read""]",-4.3749999855645,0.0,"[""search""]",7.1249999855645,0.0,0.25,False,False,True
False,state_answers,2,state-r3-q021-t003,"['/data/zhaogangyi/picorer-eval/qwen36-v100-sufficiency-dynamics-replicate-3-20260912/probes-v2/2be036049ade/step-003/qwen-r1/native-s.request.json', '/data/zhaogangyi/picorer-eval/qwen36-v100-sufficiency-dynamics-replicate-3-20260912/probes-v2/2be036049ade/step-003/qwen-r2/native-s.request.json']",21,e8fe20abb32e3736484903812f2d10a135fa162d0daeb60df19121585335bca5,agentmemorybench:fact-mh-262k:context-0/factconsolidation_mh_262k_no21,1.0,3,3,5,2,5.6250001090811566,0.9964063978091656,2.4796463549137115e-07,19030.0,5,1.0,1.0,1.0,0.0,True,,,,,,,"[""search""]",2.75,0.0,"[""read""]",2.8750001090811566,1.0,0.5,True,True,True
False,state_answers,2,state-r3-q021-t004,"['/data/zhaogangyi/picorer-eval/qwen36-v100-sufficiency-dynamics-replicate-3-20260912/probes-v2/2be036049ade/step-004/qwen-r1/native-s.request.json', '/data/zhaogangyi/picorer-eval/qwen36-v100-sufficiency-dynamics-replicate-3-20260912/probes-v2/2be036049ade/step-004/qwen-r2/native-s.request.json']",21,0e71f129bcf01c768e7b59b2b5f04a3f9581d35d002a6b80bd7f7d57a9bfa784,agentmemorybench:fact-mh-262k:context-0/factconsolidation_mh_262k_no21,1.0,3,4,5,2,3.5625000139698386,0.9724147181479416,-0.1249998975545167,9433.0,5,1.0,1.0,1.0,0.0,True,,,,,,,"[""read""]",5.6250001090811566,1.0,"[""search""]",-2.062500095111318,0.0,0.75,False,False,False
False,state_answers,2,state-r3-q021-t005,"['/data/zhaogangyi/picorer-eval/qwen36-v100-sufficiency-dynamics-replicate-3-20260912/probes-v2/2be036049ade/step-005/qwen-r1/native-s.request.json', '/data/zhaogangyi/picorer-eval/qwen36-v100-sufficiency-dynamics-replicate-3-20260912/probes-v2/2be036049ade/step-005/qwen-r2/native-s.request.json']",21,af4118de6e837441d8b6b4ea01845ec42617d32d91602cedf40f7dc29f29fcd0,agentmemorybench:fact-mh-262k:context-0/factconsolidation_mh_262k_no21,1.0,3,5,5,2,5.812500039348379,0.9970189673870944,0.124999716412276,19564.0,5,1.0,1.0,1.0,1.0,True,,,,,,,"[""finish""]",3.5625000139698386,1.0,"[""read""]",2.25000002537854,0.0,1.0,True,False,True
False,state_answers,3,state-r1-q022-t002,"['/data/zhaogangyi/picorer-eval/qwen36-v100-sufficiency-dynamics-20260912/probes-v2/38a61820a8bc/step-002/qwen-r1/native-s.request.json', '/data/zhaogangyi/picorer-eval/qwen36-v100-sufficiency-dynamics-20260912/probes-v2/38a61820a8bc/step-002/qwen-r2/native-s.request.json']",22,b10f90111d30d1c89d9a19f254542940c9542c0d5878952df028576ffc0b5ede,agentmemorybench:fact-mh-262k:context-0/factconsolidation_mh_262k_no22,0.0,1,2,9,2,2.874999962747097,0.9465966683169889,0.0,8980.0,5,0.0,0.0,0.0,0.0,True,,,,,,,"[""read""]",-4.7500002002343535,0.0,"[""search""]",7.625000162981451,0.0,0.125,False,False,True
False,state_answers,3,state-r1-q022-t003,"['/data/zhaogangyi/picorer-eval/qwen36-v100-sufficiency-dynamics-20260912/probes-v2/38a61820a8bc/step-003/qwen-r1/native-s.request.json', '/data/zhaogangyi/picorer-eval/qwen36-v100-sufficiency-dynamics-20260912/probes-v2/38a61820a8bc/step-003/qwen-r2/native-s.request.json']",22,10b3e32269c08c32122c866d4e4eabf39dc175ab3934da5bb84223fc1abfae1f,agentmemorybench:fact-mh-262k:context-0/factconsolidation_mh_262k_no22,0.3333333333333333,1,3,9,2,1.6250000149011612,0.8354835391516132,-2.9802322387695312e-08,19706.0,5,0.0,0.0,0.0,0.0,True,,,,,,,"[""search""]",2.874999962747097,0.0,"[""read""]",-1.2499999478459358,0.3333333333333333,0.25,True,True,False
False,state_answers,3,state-r1-q022-t004,"['/data/zhaogangyi/picorer-eval/qwen36-v100-sufficiency-dynamics-20260912/probes-v2/38a61820a8bc/step-004/qwen-r1/native-s.request.json', '/data/zhaogangyi/picorer-eval/qwen36-v100-sufficiency-dynamics-20260912/probes-v2/38a61820a8bc/step-004/qwen-r2/native-s.request.json']",22,b3c282a06c1f21bc0e70a3ac8025eb1fd814145c1eb33321ba7b8877cc55084f,agentmemorybench:fact-mh-262k:context-0/factconsolidation_mh_262k_no22,0.3333333333333333,1,4,9,2,-0.5,0.3775406687981454,0.0,9624.0,5,0.0,0.0,0.0,0.0,True,,,,,,,"[""search""]",1.6250000149011612,0.3333333333333333,"[""search""]",-2.125000014901161,0.0,0.375,False,False,False
False,state_answers,3,state-r1-q022-t005,"['/data/zhaogangyi/picorer-eval/qwen36-v100-sufficiency-dynamics-20260912/probes-v2/38a61820a8bc/step-005/qwen-r1/native-s.request.json', '/data/zhaogangyi/picorer-eval/qwen36-v100-sufficiency-dynamics-20260912/probes-v2/38a61820a8bc/step-005/qwen-r2/native-s.request.json']",22,84549718106143343309f32a306f13d9055cc12fd18398c3ef25da963193fb2d,agentmemorybench:fact-mh-262k:context-0/factconsolidation_mh_262k_no22,0.3333333333333333,1,5,9,2,-2.125000074505806,0.1066905868446735,0.0,9807.0,5,0.0,0.0,0.0,2.0,True,,,,,,,"[""search""]",-0.5,0.3333333333333333,"[""search""]",-1.625000074505806,0.0,0.5,False,False,False
False,state_answers,3,state-r1-q022-t006,"['/data/zhaogangyi/picorer-eval/qwen36-v100-sufficiency-dynamics-20260912/probes-v2/38a61820a8bc/step-006/qwen-r1/native-s.request.json', '/data/zhaogangyi/picorer-eval/qwen36-v100-sufficiency-dynamics-20260912/probes-v2/38a61820a8bc/step-006/qwen-r2/native-s.request.json']",22,e92cc1271d46b7d379999566d2279592fae9d0f2c16462a9900f3397247d12f0,agentmemorybench:fact-mh-262k:context-0/factconsolidation_mh_262k_no22,0.3333333333333333,1,6,9,2,-1.999999962747097,0.1192029259334334,1.043081283569336e-07,9841.0,5,0.0,0.0,0.0,2.0,True,,,,,,,"[""read""]",-2.125000074505806,0.3333333333333333,"[""search""]",0.12500011175870895,0.0,0.625,False,False,True
False,state_answers,3,state-r1-q022-t007,"['/data/zhaogangyi/picorer-eval/qwen36-v100-sufficiency-dynamics-20260912/probes-v2/38a61820a8bc/step-007/qwen-r1/native-s.request.json', '/data/zhaogangyi/picorer-eval/qwen36-v100-sufficiency-dynamics-20260912/probes-v2/38a61820a8bc/step-007/qwen-r2/native-s.request.json']",22,f7f68dc6d1b8a803f7e6dffc228fb0c99f2302bd2b911d66803fda76b2f7f624,agentmemorybench:fact-mh-262k:context-0/factconsolidation_mh_262k_no22,0.6666666666666666,1,7,9,2,1.1875,0.7662936430859597,0.1250000596046447,20695.0,5,0.0,0.0,0.0,4.0,True,,,,,,,"[""search""]",-1.999999962747097,0.3333333333333333,"[""read""]",3.187499962747097,0.3333333333333333,0.75,True,True,True
False,state_answers,3,state-r1-q022-t008,"['/data/zhaogangyi/picorer-eval/qwen36-v100-sufficiency-dynamics-20260912/probes-v2/38a61820a8bc/step-008/qwen-r1/native-s.request.json', '/data/zhaogangyi/picorer-eval/qwen36-v100-sufficiency-dynamics-20260912/probes-v2/38a61820a8bc/step-008/qwen-r2/native-s.request.json']",22,3f74b559b31038a24705e191fc15f17d93ffeb9c5851b8d3d5f8ac4e2bc4d2b0,agentmemorybench:fact-mh-262k:context-0/factconsolidation_mh_262k_no22,0.6666666666666666,1,8,9,2,2.8750001154839993,0.9465966760380548,0.0,10777.0,5,0.0,0.0,0.0,2.0,True,,,,,,,"[""read""]",1.1875,0.6666666666666666,"[""search""]",1.6875001154839993,0.0,0.875,False,False,True
False,state_answers,3,state-r1-q022-t009,"['/data/zhaogangyi/picorer-eval/qwen36-v100-sufficiency-dynamics-20260912/probes-v2/38a61820a8bc/step-009/qwen-r1/native-s.request.json', '/data/zhaogangyi/picorer-eval/qwen36-v100-sufficiency-dynamics-20260912/probes-v2/38a61820a8bc/step-009/qwen-r2/native-s.request.json']",22,9dd9c116cec26afe974e0f7947c7fed11ca10cb8f9c77e6b9a09b3cb95b0d795,agentmemorybench:fact-mh-262k:context-0/factconsolidation_mh_262k_no22,0.6666666666666666,1,9,9,2,9.624999644685886,0.9999339478316775,0.0,15943.0,5,0.0,0.0,0.0,0.0,True,,,,,,,"[""finish""]",2.8750001154839993,0.6666666666666666,"[""read""]",6.749999529201887,0.0,1.0,True,False,True
False,state_answers,3,state-r2-q022-t002,"['/data/zhaogangyi/picorer-eval/qwen36-v100-sufficiency-dynamics-replicate-2-20260912/probes-v2/38a61820a8bc/step-002/qwen-r1/native-s.request.json', '/data/zhaogangyi/picorer-eval/qwen36-v100-sufficiency-dynamics-replicate-2-20260912/probes-v2/38a61820a8bc/step-002/qwen-r2/native-s.request.json']",22,201f45401f944b41616d3407587221dfb7cb586ff5e7d4238cdf3d3ad1cb0cac,agentmemorybench:fact-mh-262k:context-0/factconsolidation_mh_262k_no22,0.0,2,2,3,2,2.000000089406967,0.8807970873650403,0.0,9026.0,5,0.0,0.0,0.0,0.0,True,,,,,,,"[""read""]",-4.624999992549419,0.0,"[""search""]",6.625000081956387,0.0,0.5,False,False,True
False,state_answers,3,state-r2-q022-t003,"['/data/zhaogangyi/picorer-eval/qwen36-v100-sufficiency-dynamics-replicate-2-20260912/probes-v2/38a61820a8bc/step-003/qwen-r1/native-s.request.json', '/data/zhaogangyi/picorer-eval/qwen36-v100-sufficiency-dynamics-replicate-2-20260912/probes-v2/38a61820a8bc/step-003/qwen-r2/native-s.request.json']",22,eecf934f6175374a560ee2b8f4cc9cf10a2b9404455eb5669d71648058fd73df,agentmemorybench:fact-mh-262k:context-0/factconsolidation_mh_262k_no22,0.3333333333333333,2,3,3,2,4.937499874504283,0.9928785703669204,-0.1249998989515006,24613.0,5,0.0,0.0,0.0,0.0,True,,,,,,,"[""finish""]",2.000000089406967,0.0,"[""read""]",2.937499785097316,0.3333333333333333,1.0,True,True,True
False,state_answers,3,state-r3-q022-t002,"['/data/zhaogangyi/picorer-eval/qwen36-v100-sufficiency-dynamics-replicate-3-20260912/probes-v2/38a61820a8bc/step-002/qwen-r1/native-s.request.json', '/data/zhaogangyi/picorer-eval/qwen36-v100-sufficiency-dynamics-replicate-3-20260912/probes-v2/38a61820a8bc/step-002/qwen-r2/native-s.request.json']",22,b80ae49d4280010848261398b96de6a35d796298c7208547cd7cebb6e446cbde,agentmemorybench:fact-mh-262k:context-0/factconsolidation_mh_262k_no22,0.0,3,2,5,2,2.9374999571591616,0.9496693653548398,-0.1250001080334186,8984.0,5,0.0,0.0,0.0,0.0,True,,,,,,,"[""read""]",-4.6875000153668225,0.0,"[""search""]",7.624999972525984,0.0,0.25,False,False,True
False,state_answers,3,state-r3-q022-t003,"['/data/zhaogangyi/picorer-eval/qwen36-v100-sufficiency-dynamics-replicate-3-20260912/probes-v2/38a61820a8bc/step-003/qwen-r1/native-s.request.json', '/data/zhaogangyi/picorer-eval/qwen36-v100-sufficiency-dynamics-replicate-3-20260912/probes-v2/38a61820a8bc/step-003/qwen-r2/native-s.request.json']",22,beebe8aebdc8bc689e8f287dc69929c69a48ce24cb30b8b251340f48d466dcd9,agentmemorybench:fact-mh-262k:context-0/factconsolidation_mh_262k_no22,0.3333333333333333,3,3,5,2,1.2499999776482582,0.7772998573054977,-0.2499999552965164,19710.0,5,0.0,0.0,0.0,0.0,True,,,,,,,"[""search""]",2.9374999571591616,0.0,"[""read""]",-1.6874999795109034,0.3333333333333333,0.5,True,True,False
False,state_answers,3,state-r3-q022-t004,"['/data/zhaogangyi/picorer-eval/qwen36-v100-sufficiency-dynamics-replicate-3-20260912/probes-v2/38a61820a8bc/step-004/qwen-r1/native-s.request.json', '/data/zhaogangyi/picorer-eval/qwen36-v100-sufficiency-dynamics-replicate-3-20260912/probes-v2/38a61820a8bc/step-004/qwen-r2/native-s.request.json']",22,176710b97407cbc4f13afda54569db042f40dce1f364a70bac4e7b92b0617d8a,agentmemorybench:fact-mh-262k:context-0/factconsolidation_mh_262k_no22,0.3333333333333333,3,4,5,2,2.374999936670065,0.9149009500622884,-2.2351741790771484e-08,9586.0,5,0.0,0.0,0.0,0.0,True,,,,,,,"[""read""]",1.2499999776482582,0.3333333333333333,"[""search""]",1.1249999590218067,0.0,0.75,False,False,True
False,state_answers,3,state-r3-q022-t005,"['/data/zhaogangyi/picorer-eval/qwen36-v100-sufficiency-dynamics-replicate-3-20260912/probes-v2/38a61820a8bc/step-005/qwen-r1/native-s.request.json', '/data/zhaogangyi/picorer-eval/qwen36-v100-sufficiency-dynamics-replicate-3-20260912/probes-v2/38a61820a8bc/step-005/qwen-r2/native-s.request.json']",22,685e782a2c39ae2e002e78ce536e0096b43d91fa52f36de0fc55a50ae7fad40c,agentmemorybench:fact-mh-262k:context-0/factconsolidation_mh_262k_no22,0.3333333333333333,3,5,5,2,7.125000086874934,0.9991959141341696,-2.385932020843029e-07,20107.0,5,0.0,0.0,0.0,0.0,True,,,,,,,"[""finish""]",2.374999936670065,0.3333333333333333,"[""read""]",4.750000150204869,0.0,1.0,True,False,True
False,state_answers,2,state-r1-q023-t002,"['/data/zhaogangyi/picorer-eval/qwen36-v100-sufficiency-dynamics-20260912/probes-v2/ac90ecc9493c/step-002/qwen-r1/native-s.request.json', '/data/zhaogangyi/picorer-eval/qwen36-v100-sufficiency-dynamics-20260912/probes-v2/ac90ecc9493c/step-002/qwen-r2/native-s.request.json']",23,a3d4fb2b90648e85cf6c5bc29f8d2bb9d8f0a3e2179ac1064ededb7868eb6e08,agentmemorybench:fact-mh-262k:context-0/factconsolidation_mh_262k_no23,0.0,1,2,5,2,0.125,0.5312093733737563,0.0,9253.0,5,0.0,0.0,0.0,0.0,True,,,,,,,"[""read""]",-4.374999818392098,0.0,"[""search""]",4.499999818392098,0.0,0.25,False,False,True
False,state_answers,2,state-r1-q023-t003,"['/data/zhaogangyi/picorer-eval/qwen36-v100-sufficiency-dynamics-20260912/probes-v2/ac90ecc9493c/step-003/qwen-r1/native-s.request.json', '/data/zhaogangyi/picorer-eval/qwen36-v100-sufficiency-dynamics-20260912/probes-v2/ac90ecc9493c/step-003/qwen-r2/native-s.request.json']",23,9ab286d68b7be6694df146df0d5e9f26b1e742a63921ee90113b77499e00936d,agentmemorybench:fact-mh-262k:context-0/factconsolidation_mh_262k_no23,0.5,1,3,5,2,1.25,0.7772998611746911,0.0,14332.0,5,0.0,0.0,0.0,0.0,True,,,,,,,"[""search""]",0.125,0.0,"[""read""]",1.125,0.5,0.5,True,True,True
False,state_answers,2,state-r1-q023-t004,"['/data/zhaogangyi/picorer-eval/qwen36-v100-sufficiency-dynamics-20260912/probes-v2/ac90ecc9493c/step-004/qwen-r1/native-s.request.json', '/data/zhaogangyi/picorer-eval/qwen36-v100-sufficiency-dynamics-20260912/probes-v2/ac90ecc9493c/step-004/qwen-r2/native-s.request.json']",23,6ef7cd257ab05a47a934a45a3ef0981141bc7f681fdd88967e9e906e6226e189,agentmemorybench:fact-mh-262k:context-0/factconsolidation_mh_262k_no23,0.5,1,4,5,2,3.2499999571591616,0.9626731111164454,-1.30385160446167e-07,9340.0,5,0.0,0.0,0.0,0.0,True,,,,,,,"[""read""]",1.25,0.5,"[""search""]",1.9999999571591616,0.0,0.75,False,False,True
False,state_answers,2,state-r1-q023-t005,"['/data/zhaogangyi/picorer-eval/qwen36-v100-sufficiency-dynamics-20260912/probes-v2/ac90ecc9493c/step-005/qwen-r1/native-s.request.json', '/data/zhaogangyi/picorer-eval/qwen36-v100-sufficiency-dynamics-20260912/probes-v2/ac90ecc9493c/step-005/qwen-r2/native-s.request.json']",23,cbc269c9a49119b34e62f1320e9a379ae4479620c8950315f23d895046e4b458,agentmemorybench:fact-mh-262k:context-0/factconsolidation_mh_262k_no23,1.0,1,5,5,2,7.374999839696102,0.9993736657415496,0.0,19533.0,5,1.0,1.0,1.0,0.0,True,,,,,,,"[""finish""]",3.2499999571591616,0.5,"[""read""]",4.12499988253694,0.5,1.0,True,True,True
False,state_answers,2,state-r2-q023-t002,"['/data/zhaogangyi/picorer-eval/qwen36-v100-sufficiency-dynamics-replicate-2-20260912/probes-v2/ac90ecc9493c/step-002/qwen-r1/native-s.request.json', '/data/zhaogangyi/picorer-eval/qwen36-v100-sufficiency-dynamics-replicate-2-20260912/probes-v2/ac90ecc9493c/step-002/qwen-r2/native-s.request.json']",23,ffea5105b390b3630c2a9cf0e864397570e6909b6b159b5b4a36d3dd149750a6,agentmemorybench:fact-mh-262k:context-0/factconsolidation_mh_262k_no23,0.0,2,2,5,2,1.4999999552965164,0.8175744695262777,0.0,9065.0,5,0.0,0.0,0.0,0.0,True,,,,,,,"[""read""]",-4.374999818392098,0.0,"[""search""]",5.874999773688614,0.0,0.25,False,False,True
False,state_answers,2,state-r2-q023-t003,"['/data/zhaogangyi/picorer-eval/qwen36-v100-sufficiency-dynamics-replicate-2-20260912/probes-v2/ac90ecc9493c/step-003/qwen-r1/native-s.request.json', '/data/zhaogangyi/picorer-eval/qwen36-v100-sufficiency-dynamics-replicate-2-20260912/probes-v2/ac90ecc9493c/step-003/qwen-r2/native-s.request.json']",23,b9ae7135f7d83a597a532f3f41a5c2877d0c5aaf942a365077113416a111a24a,agentmemorybench:fact-mh-262k:context-0/factconsolidation_mh_262k_no23,0.5,2,3,5,2,3.0625000298023224,0.9553191309994468,0.1250000670552253,14092.0,5,0.0,0.0,0.0,0.0,True,,,,,,,"[""search""]",1.4999999552965164,0.0,"[""read""]",1.562500074505806,0.5,0.5,True,True,True
False,state_answers,2,state-r2-q023-t004,"['/data/zhaogangyi/picorer-eval/qwen36-v100-sufficiency-dynamics-replicate-2-20260912/probes-v2/ac90ecc9493c/step-004/qwen-r1/native-s.request.json', '/data/zhaogangyi/picorer-eval/qwen36-v100-sufficiency-dynamics-replicate-2-20260912/probes-v2/ac90ecc9493c/step-004/qwen-r2/native-s.request.json']",23,ee49e1bdb39c36448f84595c7d6abe380b287a94192c499409d3af76eb2b1b0c,agentmemorybench:fact-mh-262k:context-0/factconsolidation_mh_262k_no23,0.5,2,4,5,2,3.062500001862645,0.955319129806856,-0.1249998994171619,9388.0,5,0.0,0.0,0.0,1.0,True,,,,,,,"[""read""]",3.0625000298023224,0.5,"[""search""]",-2.7939677238464355e-08,0.0,0.75,False,False,False
False,state_answers,2,state-r2-q023-t005,"['/data/zhaogangyi/picorer-eval/qwen36-v100-sufficiency-dynamics-replicate-2-20260912/probes-v2/ac90ecc9493c/step-005/qwen-r1/native-s.request.json', '/data/zhaogangyi/picorer-eval/qwen36-v100-sufficiency-dynamics-replicate-2-20260912/probes-v2/ac90ecc9493c/step-005/qwen-r2/native-s.request.json']",23,20ced50cbcf1a435c34099330ca141efd5684c05aa0b7e6ec2ebefb35dbad0e6,agentmemorybench:fact-mh-262k:context-0/factconsolidation_mh_262k_no23,1.0,2,5,5,2,7.062500073661795,0.999144099426248,0.1250002650194801,19488.0,5,1.0,1.0,1.0,0.0,True,,,,,,,"[""finish""]",3.062500001862645,0.5,"[""read""]",4.00000007179915,0.5,1.0,True,True,True
False,state_answers,2,state-r3-q023-t002,"['/data/zhaogangyi/picorer-eval/qwen36-v100-sufficiency-dynamics-replicate-3-20260912/probes-v2/ac90ecc9493c/step-002/qwen-r1/native-s.request.json', '/data/zhaogangyi/picorer-eval/qwen36-v100-sufficiency-dynamics-replicate-3-20260912/probes-v2/ac90ecc9493c/step-002/qwen-r2/native-s.request.json']",23,9de42e14e4261096188f088b5b68a2482a107b05fa6f70c71ad3ed2efcaa7908,agentmemorybench:fact-mh-262k:context-0/factconsolidation_mh_262k_no23,0.0,3,2,5,2,1.437499962747097,0.8080672077750394,0.1250000149011612,9060.0,5,0.0,0.0,0.0,0.0,True,,,,,,,"[""read""]",-4.499999913852662,0.0,"[""search""]",5.937499876599759,0.0,0.25,False,False,True
False,state_answers,2,state-r3-q023-t003,"['/data/zhaogangyi/picorer-eval/qwen36-v100-sufficiency-dynamics-replicate-3-20260912/probes-v2/ac90ecc9493c/step-003/qwen-r1/native-s.request.json', '/data/zhaogangyi/picorer-eval/qwen36-v100-sufficiency-dynamics-replicate-3-20260912/probes-v2/ac90ecc9493c/step-003/qwen-r2/native-s.request.json']",23,84a43a4055441959a6dd0c44e51aa419d32881896071412461197ba8a0bdefa9,agentmemorybench:fact-mh-262k:context-0/factconsolidation_mh_262k_no23,0.5,3,3,5,2,0.5000000149011612,0.6224593347036828,-2.9802322387695312e-08,14147.0,5,0.0,0.0,0.0,0.0,True,,,,,,,"[""search""]",1.437499962747097,0.0,"[""read""]",-0.9374999478459358,0.5,0.5,True,True,False
False,state_answers,2,state-r3-q023-t004,"['/data/zhaogangyi/picorer-eval/qwen36-v100-sufficiency-dynamics-replicate-3-20260912/probes-v2/ac90ecc9493c/step-004/qwen-r1/native-s.request.json', '/data/zhaogangyi/picorer-eval/qwen36-v100-sufficiency-dynamics-replicate-3-20260912/probes-v2/ac90ecc9493c/step-004/qwen-r2/native-s.request.json']",23,fd47b02256fb774edee92fc01d4f2435ecd7e8887359f9963ec68704d8c42ef9,agentmemorybench:fact-mh-262k:context-0/factconsolidation_mh_262k_no23,0.5,3,4,5,2,3.4999999292194843,0.970687767234724,-4.0978193283081055e-08,9359.0,5,0.0,0.0,0.0,1.0,True,,,,,,,"[""read""]",0.5000000149011612,0.5,"[""search""]",2.999999914318323,0.0,0.75,False,False,True
False,state_answers,2,state-r3-q023-t005,"['/data/zhaogangyi/picorer-eval/qwen36-v100-sufficiency-dynamics-replicate-3-20260912/probes-v2/ac90ecc9493c/step-005/qwen-r1/native-s.request.json', '/data/zhaogangyi/picorer-eval/qwen36-v100-sufficiency-dynamics-replicate-3-20260912/probes-v2/ac90ecc9493c/step-005/qwen-r2/native-s.request.json']",23,58a65cd437d7b2d05c90f127e26605937bfbee1337f6a42112a314f55671b8b9,agentmemorybench:fact-mh-262k:context-0/factconsolidation_mh_262k_no23,1.0,3,5,5,2,4.624999851919711,0.9902915220948488,-1.3224780559539798e-07,19416.0,5,1.0,1.0,1.0,0.0,True,,,,,,,"[""finish""]",3.4999999292194843,0.5,"[""read""]",1.1249999227002263,0.5,1.0,True,True,True
False,state_answers,2,state-r1-q024-t002,"['/data/zhaogangyi/picorer-eval/qwen36-v100-sufficiency-dynamics-20260912/probes-v2/61627e587dcf/step-002/qwen-r1/native-s.request.json', '/data/zhaogangyi/picorer-eval/qwen36-v100-sufficiency-dynamics-20260912/probes-v2/61627e587dcf/step-002/qwen-r2/native-s.request.json']",24,0230522322e08f22a28189c5d5c7572171fee12dadce80418eb2a4996f72f693,agentmemorybench:fact-mh-262k:context-0/factconsolidation_mh_262k_no24,0.0,1,2,3,2,3.3125000707805157,0.9648551559993518,0.1249999329447746,8960.0,5,0.0,0.0,0.0,0.0,True,,,,,,,"[""read""]",-3.1249999590218067,0.0,"[""search""]",6.437500029802322,0.0,0.5,False,False,True
False,state_answers,2,state-r1-q024-t003,"['/data/zhaogangyi/picorer-eval/qwen36-v100-sufficiency-dynamics-20260912/probes-v2/61627e587dcf/step-003/qwen-r1/native-s.request.json', '/data/zhaogangyi/picorer-eval/qwen36-v100-sufficiency-dynamics-20260912/probes-v2/61627e587dcf/step-003/qwen-r2/native-s.request.json']",24,0e4de73aa874843048bcf2d46553949f5135d45f96e92f4515b6887be8ee2295,agentmemorybench:fact-mh-262k:context-0/factconsolidation_mh_262k_no24,0.5,1,3,3,2,8.874999652602128,0.9998601778757856,-0.2499997566046659,19192.0,5,0.8,0.8,0.8,0.0,True,,,,,,,"[""finish""]",3.3125000707805157,0.0,"[""read""]",5.562499581821612,0.5,1.0,True,True,True
False,state_answers,2,state-r2-q024-t002,"['/data/zhaogangyi/picorer-eval/qwen36-v100-sufficiency-dynamics-replicate-2-20260912/probes-v2/61627e587dcf/step-002/qwen-r1/native-s.request.json', '/data/zhaogangyi/picorer-eval/qwen36-v100-sufficiency-dynamics-replicate-2-20260912/probes-v2/61627e587dcf/step-002/qwen-r2/native-s.request.json']",24,cc0ff55c63b4eda5238b7779bddb567378c7fa85f7b17ad1aec4a0e91e3f38ee,agentmemorybench:fact-mh-262k:context-0/factconsolidation_mh_262k_no24,0.0,2,2,5,2,3.500000085681677,0.9706877716865464,0.0,8982.0,5,0.0,0.0,0.0,0.0,True,,,,,,,"[""read""]",-3.1249999590218067,0.0,"[""search""]",6.625000044703484,0.0,0.25,False,False,True
False,state_answers,2,state-r2-q024-t003,"['/data/zhaogangyi/picorer-eval/qwen36-v100-sufficiency-dynamics-replicate-2-20260912/probes-v2/61627e587dcf/step-003/qwen-r1/native-s.request.json', '/data/zhaogangyi/picorer-eval/qwen36-v100-sufficiency-dynamics-replicate-2-20260912/probes-v2/61627e587dcf/step-003/qwen-r2/native-s.request.json']",24,6ee0500f4960925ea9a841dadb580634a1db8d91a6e583de159225ff78ef1a8b,agentmemorybench:fact-mh-262k:context-0/factconsolidation_mh_262k_no24,0.5,2,3,5,2,7.062500014726538,0.9991440993758484,0.1249999072169885,19265.0,5,0.8,0.8,0.8,0.0,True,,,,,,,"[""search""]",3.500000085681677,0.0,"[""read""]",3.5624999290448613,0.5,0.5,True,True,True
False,state_answers,2,state-r2-q024-t004,"['/data/zhaogangyi/picorer-eval/qwen36-v100-sufficiency-dynamics-replicate-2-20260912/probes-v2/61627e587dcf/step-004/qwen-r1/native-s.request.json', '/data/zhaogangyi/picorer-eval/qwen36-v100-sufficiency-dynamics-replicate-2-20260912/probes-v2/61627e587dcf/step-004/qwen-r2/native-s.request.json']",24,eaa9c8e8cbd5fd6947723ea80862b628924ab03a153e0dcb9742e0cbfe0bdff7,agentmemorybench:fact-mh-262k:context-0/factconsolidation_mh_262k_no24,0.5,2,4,5,2,4.374999820254743,0.9875683469400628,0.0,9319.0,5,0.8,0.8,0.8,0.0,True,,,,,,,"[""read""]",7.062500014726538,0.5,"[""search""]",-2.687500194471795,0.0,0.75,False,False,False
False,state_answers,2,state-r2-q024-t005,"['/data/zhaogangyi/picorer-eval/qwen36-v100-sufficiency-dynamics-replicate-2-20260912/probes-v2/61627e587dcf/step-005/qwen-r1/native-s.request.json', '/data/zhaogangyi/picorer-eval/qwen36-v100-sufficiency-dynamics-replicate-2-20260912/probes-v2/61627e587dcf/step-005/qwen-r2/native-s.request.json']",24,4dec683746d7b18d88881be6b79667ab6c54fe0280e783f1bdf422e386ba0f6e,agentmemorybench:fact-mh-262k:context-0/factconsolidation_mh_262k_no24,1.0,2,5,5,2,5.750000062980689,0.9968273173566984,-2.391170710325241e-07,14379.0,5,0.8,0.8,0.8,0.0,True,,,,,,,"[""finish""]",4.374999820254743,0.5,"[""read""]",1.375000242725946,0.5,1.0,True,True,True
False,state_answers,2,state-r3-q024-t002,"['/data/zhaogangyi/picorer-eval/qwen36-v100-sufficiency-dynamics-replicate-3-20260912/probes-v2/61627e587dcf/step-002/qwen-r1/native-s.request.json', '/data/zhaogangyi/picorer-eval/qwen36-v100-sufficiency-dynamics-replicate-3-20260912/probes-v2/61627e587dcf/step-002/qwen-r2/native-s.request.json']",24,927cccfac5129d968ee22f926d3bf91404a9dc9779dc81ee17b3f1a6b994bcbe,agentmemorybench:fact-mh-262k:context-0/factconsolidation_mh_262k_no24,0.0,3,2,3,2,3.5624999748542905,0.9724147170986932,-0.3750001806765795,8997.0,5,0.0,0.0,0.0,0.0,True,,,,,,,"[""read""]",-3.187499985098839,0.0,"[""search""]",6.749999959953129,0.0,0.5,False,False,True
False,state_answers,2,state-r3-q024-t003,"['/data/zhaogangyi/picorer-eval/qwen36-v100-sufficiency-dynamics-replicate-3-20260912/probes-v2/61627e587dcf/step-003/qwen-r1/native-s.request.json', '/data/zhaogangyi/picorer-eval/qwen36-v100-sufficiency-dynamics-replicate-3-20260912/probes-v2/61627e587dcf/step-003/qwen-r2/native-s.request.json']",24,789ea9bad05d70b545a3ee5e84892278adc2c036fd904378860f76705a889d41,agentmemorybench:fact-mh-262k:context-0/factconsolidation_mh_262k_no24,0.5,3,3,3,2,7.875000192085281,0.9996200155582096,0.0,19366.0,5,1.0,1.0,1.0,0.0,True,,,,,,,"[""finish""]",3.5624999748542905,0.0,"[""read""]",4.3125002172309905,0.5,1.0,True,True,True
False,state_answers,2,state-r1-q026-t002,"['/data/zhaogangyi/picorer-eval/qwen36-v100-sufficiency-dynamics-20260912/probes-v2/2afbe5df89ab/step-002/qwen-r1/native-s.request.json', '/data/zhaogangyi/picorer-eval/qwen36-v100-sufficiency-dynamics-20260912/probes-v2/2afbe5df89ab/step-002/qwen-r2/native-s.request.json']",26,32db1f7e44a0ae737ae155a9b588e0a8d017ebc7ae78547a901520ea44d76397,agentmemorybench:fact-mh-262k:context-0/factconsolidation_mh_262k_no26,0.0,1,2,3,2,1.7500000447034836,0.8519528076067262,-0.2500001192092895,9071.0,5,0.0,0.0,0.0,0.0,True,,,,,,,"[""read""]",-4.500000196509063,0.0,"[""search""]",6.250000241212547,0.0,0.5,False,False,True
False,state_answers,2,state-r1-q026-t003,"['/data/zhaogangyi/picorer-eval/qwen36-v100-sufficiency-dynamics-20260912/probes-v2/2afbe5df89ab/step-003/qwen-r1/native-s.request.json', '/data/zhaogangyi/picorer-eval/qwen36-v100-sufficiency-dynamics-20260912/probes-v2/2afbe5df89ab/step-003/qwen-r2/native-s.request.json']",26,7868e4b61bb9d01f3e05da8ea89f723596eba73ee3ed93ace31bd08bf684240e,agentmemorybench:fact-mh-262k:context-0/factconsolidation_mh_262k_no26,1.0,1,3,3,2,7.2499998972634785,0.999290329528042,0.0,24283.0,5,1.0,1.0,1.0,0.0,True,,,,,,,"[""finish""]",1.7500000447034836,0.0,"[""read""]",5.499999852559995,1.0,1.0,True,True,True
False,state_answers,2,state-r2-q026-t002,"['/data/zhaogangyi/picorer-eval/qwen36-v100-sufficiency-dynamics-replicate-2-20260912/probes-v2/2afbe5df89ab/step-002/qwen-r1/native-s.request.json', '/data/zhaogangyi/picorer-eval/qwen36-v100-sufficiency-dynamics-replicate-2-20260912/probes-v2/2afbe5df89ab/step-002/qwen-r2/native-s.request.json']",26,30306f17677fee6edcd118f598eedcb912a39d964f773c221e4e7617ec9207d6,agentmemorybench:fact-mh-262k:context-0/factconsolidation_mh_262k_no26,0.0,2,2,3,2,1.6250000447034836,0.8354835432479661,0.0,9144.0,5,0.0,0.0,0.0,1.0,True,,,,,,,"[""read""]",-4.500000196509063,0.0,"[""search""]",6.125000241212547,0.0,0.5,False,False,True
False,state_answers,2,state-r2-q026-t003,"['/data/zhaogangyi/picorer-eval/qwen36-v100-sufficiency-dynamics-replicate-2-20260912/probes-v2/2afbe5df89ab/step-003/qwen-r1/native-s.request.json', '/data/zhaogangyi/picorer-eval/qwen36-v100-sufficiency-dynamics-replicate-2-20260912/probes-v2/2afbe5df89ab/step-003/qwen-r2/native-s.request.json']",26,d26b3b22d166417d62868a6f6430f765f1c0bf5b6b2bdff78f868cadaa6e1524,agentmemorybench:fact-mh-262k:context-0/factconsolidation_mh_262k_no26,1.0,2,3,3,2,6.999999884195859,0.999088948700192,1.191510818898678e-07,24461.0,5,0.6,0.6,0.6,0.0,True,,,,,,,"[""finish""]",1.6250000447034836,0.0,"[""read""]",5.374999839492375,1.0,1.0,True,True,True
False,state_answers,2,state-r3-q026-t002,"['/data/zhaogangyi/picorer-eval/qwen36-v100-sufficiency-dynamics-replicate-3-20260912/probes-v2/2afbe5df89ab/step-002/qwen-r1/native-s.request.json', '/data/zhaogangyi/picorer-eval/qwen36-v100-sufficiency-dynamics-replicate-3-20260912/probes-v2/2afbe5df89ab/step-002/qwen-r2/native-s.request.json']",26,30c1155642bf0f7114dfab0b63c8de35d8c8b343ddba6a96bfbd3ef56bf72ba4,agentmemorybench:fact-mh-262k:context-0/factconsolidation_mh_262k_no26,0.0,3,2,3,2,3.187499890103936,0.9603611567155504,-0.1249999888241291,9024.0,5,0.0,0.0,0.0,0.0,True,,,,,,,"[""read""]",-4.500000074971467,0.0,"[""search""]",7.6874999650754035,0.0,0.5,False,False,True
False,state_answers,2,state-r3-q026-t003,"['/data/zhaogangyi/picorer-eval/qwen36-v100-sufficiency-dynamics-replicate-3-20260912/probes-v2/2afbe5df89ab/step-003/qwen-r1/native-s.request.json', '/data/zhaogangyi/picorer-eval/qwen36-v100-sufficiency-dynamics-replicate-3-20260912/probes-v2/2afbe5df89ab/step-003/qwen-r2/native-s.request.json']",26,25f5eba832c73b6571bad03934421cbdd57009ac32f2479ccaea677b175ece03,agentmemorybench:fact-mh-262k:context-0/factconsolidation_mh_262k_no26,1.0,3,3,3,2,7.750000036918209,0.999569442934564,-0.2499998336716089,24265.0,5,1.0,1.0,1.0,3.0,True,,,,,,,"[""finish""]",3.187499890103936,0.0,"[""read""]",4.562500146814273,1.0,1.0,True,True,True
False,state_answers,2,state-r1-q028-t002,"['/data/zhaogangyi/picorer-eval/qwen36-v100-sufficiency-dynamics-20260912/probes-v2/8e4e94e00307/step-002/qwen-r1/native-s.request.json', '/data/zhaogangyi/picorer-eval/qwen36-v100-sufficiency-dynamics-20260912/probes-v2/8e4e94e00307/step-002/qwen-r2/native-s.request.json']",28,c9da6c834d9f22260e555a4de9311236577ac671b1caec3f918235b27ecc9e9c,agentmemorybench:fact-mh-262k:context-0/factconsolidation_mh_262k_no28,0.0,1,2,5,2,2.1249999701976776,0.8933094032139576,0.0,8993.0,5,0.0,0.0,0.0,0.0,True,,,,,,,"[""read""]",-3.625000074505806,0.0,"[""search""]",5.750000044703484,0.0,0.25,False,False,True
False,state_answers,2,state-r1-q028-t003,"['/data/zhaogangyi/picorer-eval/qwen36-v100-sufficiency-dynamics-20260912/probes-v2/8e4e94e00307/step-003/qwen-r1/native-s.request.json', '/data/zhaogangyi/picorer-eval/qwen36-v100-sufficiency-dynamics-20260912/probes-v2/8e4e94e00307/step-003/qwen-r2/native-s.request.json']",28,633b123e31326a06d74550bdcb1424c7ef21602ab1801348561e6d59ab5c64f3,agentmemorybench:fact-mh-262k:context-0/factconsolidation_mh_262k_no28,0.5,1,3,5,2,2.8749998845160007,0.946596664362296,0.0,19289.0,5,0.0,0.0,0.0,1.0,True,,,,,,,"[""search""]",2.1249999701976776,0.0,"[""read""]",0.7499999143183231,0.5,0.5,True,True,True
False,state_answers,2,state-r1-q028-t004,"['/data/zhaogangyi/picorer-eval/qwen36-v100-sufficiency-dynamics-20260912/probes-v2/8e4e94e00307/step-004/qwen-r1/native-s.request.json', '/data/zhaogangyi/picorer-eval/qwen36-v100-sufficiency-dynamics-20260912/probes-v2/8e4e94e00307/step-004/qwen-r2/native-s.request.json']",28,671775bc484a1a010799615cd86a24c904e1eab9cd230c6cf04f6bbb620985d3,agentmemorybench:fact-mh-262k:context-0/factconsolidation_mh_262k_no28,0.5,1,4,5,2,3.250000024214387,0.9626731135259804,5.587935447692872e-08,9510.0,5,0.0,0.0,0.0,0.0,True,,,,,,,"[""read""]",2.8749998845160007,0.5,"[""search""]",0.3750001396983862,0.0,0.75,False,False,True
False,state_answers,2,state-r1-q028-t005,"['/data/zhaogangyi/picorer-eval/qwen36-v100-sufficiency-dynamics-20260912/probes-v2/8e4e94e00307/step-005/qwen-r1/native-s.request.json', '/data/zhaogangyi/picorer-eval/qwen36-v100-sufficiency-dynamics-20260912/probes-v2/8e4e94e00307/step-005/qwen-r2/native-s.request.json']",28,e425e4db887696d023d85c36431d8572791fe4efb975df964377fe9620aa7ae8,agentmemorybench:fact-mh-262k:context-0/factconsolidation_mh_262k_no28,1.0,1,5,5,2,6.749999873689376,0.9988304895873956,-0.24999989150092,19559.0,5,1.0,1.0,1.0,0.0,True,,,,,,,"[""finish""]",3.250000024214387,0.5,"[""read""]",3.499999849474989,0.5,1.0,True,True,True
False,state_answers,2,state-r2-q028-t002,"['/data/zhaogangyi/picorer-eval/qwen36-v100-sufficiency-dynamics-replicate-2-20260912/probes-v2/8e4e94e00307/step-002/qwen-r1/native-s.request.json', '/data/zhaogangyi/picorer-eval/qwen36-v100-sufficiency-dynamics-replicate-2-20260912/probes-v2/8e4e94e00307/step-002/qwen-r2/native-s.request.json']",28,e7315bef17667b6111569d882f8114579ebc9024c4f951a448e386278f0b2286,agentmemorybench:fact-mh-262k:context-0/factconsolidation_mh_262k_no28,0.0,2,2,5,2,3.1250000409781933,0.9579122737364724,0.0,8995.0,5,0.0,0.0,0.0,0.0,True,,,,,,,"[""read""]",-3.625000074505806,0.0,"[""search""]",6.750000115483999,0.0,0.25,False,False,True
False,state_answers,2,state-r2-q028-t003,"['/data/zhaogangyi/picorer-eval/qwen36-v100-sufficiency-dynamics-replicate-2-20260912/probes-v2/8e4e94e00307/step-003/qwen-r1/native-s.request.json', '/data/zhaogangyi/picorer-eval/qwen36-v100-sufficiency-dynamics-replicate-2-20260912/probes-v2/8e4e94e00307/step-003/qwen-r2/native-s.request.json']",28,abb731ca43eaac37574d80f14d937f45427237cac5972628804484fe88910e2c,agentmemorybench:fact-mh-262k:context-0/factconsolidation_mh_262k_no28,0.5,2,3,5,2,0.6874999850988388,0.6654105554292292,0.1249999701976776,19517.0,5,0.0,0.0,0.0,0.0,True,,,,,,,"[""search""]",3.1250000409781933,0.0,"[""read""]",-2.4375000558793545,0.5,0.5,True,True,False
False,state_answers,2,state-r2-q028-t004,"['/data/zhaogangyi/picorer-eval/qwen36-v100-sufficiency-dynamics-replicate-2-20260912/probes-v2/8e4e94e00307/step-004/qwen-r1/native-s.request.json', '/data/zhaogangyi/picorer-eval/qwen36-v100-sufficiency-dynamics-replicate-2-20260912/probes-v2/8e4e94e00307/step-004/qwen-r2/native-s.request.json']",28,dcdf48256d35aadf02c6f140cd968ac6406abe5a19e4f615a368a890e03fe9be,agentmemorybench:fact-mh-262k:context-0/factconsolidation_mh_262k_no28,0.5,2,4,5,2,3.2500000167638063,0.9626731132582542,-2.60770320892334e-08,9597.0,5,0.0,0.0,0.0,1.0,True,,,,,,,"[""read""]",0.6874999850988388,0.5,"[""search""]",2.5625000316649675,0.0,0.75,False,False,True
False,state_answers,2,state-r2-q028-t005,"['/data/zhaogangyi/picorer-eval/qwen36-v100-sufficiency-dynamics-replicate-2-20260912/probes-v2/8e4e94e00307/step-005/qwen-r1/native-s.request.json', '/data/zhaogangyi/picorer-eval/qwen36-v100-sufficiency-dynamics-replicate-2-20260912/probes-v2/8e4e94e00307/step-005/qwen-r2/native-s.request.json']",28,f114c3ff26aa9fc4aebe39c63e36b8656c73e1354b976c2f4e8607d812594bf8,agentmemorybench:fact-mh-262k:context-0/factconsolidation_mh_262k_no28,1.0,2,5,5,2,5.999999916530214,0.9975273766374864,-1.189764589071274e-07,19889.0,5,1.0,1.0,1.0,0.0,True,,,,,,,"[""finish""]",3.2500000167638063,0.5,"[""read""]",2.749999899766408,0.5,1.0,True,True,True
False,state_answers,2,state-r3-q028-t002,"['/data/zhaogangyi/picorer-eval/qwen36-v100-sufficiency-dynamics-replicate-3-20260912/probes-v2/8e4e94e00307/step-002/qwen-r1/native-s.request.json', '/data/zhaogangyi/picorer-eval/qwen36-v100-sufficiency-dynamics-replicate-3-20260912/probes-v2/8e4e94e00307/step-002/qwen-r2/native-s.request.json']",28,4dad82c9c086fa7209788dbcc07f4c15bc14aa472925020a5077293fe0fc3763,agentmemorybench:fact-mh-262k:context-0/factconsolidation_mh_262k_no28,0.0,3,2,7,2,1.4375000074505806,0.808067214708308,-0.1250001043081283,8984.0,5,0.0,0.0,0.0,0.0,True,,,,,,,"[""search""]",-3.687500043772161,0.0,"[""search""]",5.125000051222742,0.0,0.16666666666666666,False,False,True
False,state_answers,2,state-r3-q028-t003,"['/data/zhaogangyi/picorer-eval/qwen36-v100-sufficiency-dynamics-replicate-3-20260912/probes-v2/8e4e94e00307/step-003/qwen-r1/native-s.request.json', '/data/zhaogangyi/picorer-eval/qwen36-v100-sufficiency-dynamics-replicate-3-20260912/probes-v2/8e4e94e00307/step-003/qwen-r2/native-s.request.json']",28,c10a2f1fb1242eac14ae519f39cfd24292cf3e5e64d11820ff6d589d15ad627d,agentmemorybench:fact-mh-262k:context-0/factconsolidation_mh_262k_no28,0.0,3,3,7,2,-1.1249999850988388,0.24508501588936,-0.2499999105930328,9254.0,5,0.0,0.0,0.0,0.0,True,,,,,,,"[""read""]",1.4375000074505806,0.0,"[""search""]",-2.5624999925494194,0.0,0.3333333333333333,False,False,False
False,state_answers,2,state-r3-q028-t004,"['/data/zhaogangyi/picorer-eval/qwen36-v100-sufficiency-dynamics-replicate-3-20260912/probes-v2/8e4e94e00307/step-004/qwen-r1/native-s.request.json', '/data/zhaogangyi/picorer-eval/qwen36-v100-sufficiency-dynamics-replicate-3-20260912/probes-v2/8e4e94e00307/step-004/qwen-r2/native-s.request.json']",28,c3526160b3acc5601e1b9ec713e4b9e1280f478acae08a3cc5a0b9e1e87b6a59,agentmemorybench:fact-mh-262k:context-0/factconsolidation_mh_262k_no28,0.0,3,4,7,2,1.2499999850988388,0.7772998585952288,2.9802322387695312e-08,19705.0,5,0.0,0.0,0.0,3.0,True,,,,,,,"[""read""]",-1.1249999850988388,0.0,"[""read""]",2.3749999701976776,0.0,0.5,True,False,True
False,state_answers,2,state-r3-q028-t005,"['/data/zhaogangyi/picorer-eval/qwen36-v100-sufficiency-dynamics-replicate-3-20260912/probes-v2/8e4e94e00307/step-005/qwen-r1/native-s.request.json', '/data/zhaogangyi/picorer-eval/qwen36-v100-sufficiency-dynamics-replicate-3-20260912/probes-v2/8e4e94e00307/step-005/qwen-r2/native-s.request.json']",28,d08ec510f840fe0eb6484065bf4de6aef3ad80aa81763bf2d4d1d2c848d3f7a9,agentmemorybench:fact-mh-262k:context-0/factconsolidation_mh_262k_no28,0.5,3,5,7,2,1.1875000596046448,0.766293653760418,-0.125,19954.0,5,0.0,0.0,0.0,5.0,True,,,,,,,"[""search""]",1.2499999850988388,0.0,"[""read""]",-0.06249992549419403,0.5,0.6666666666666666,True,True,False
False,state_answers,2,state-r3-q028-t006,"['/data/zhaogangyi/picorer-eval/qwen36-v100-sufficiency-dynamics-replicate-3-20260912/probes-v2/8e4e94e00307/step-006/qwen-r1/native-s.request.json', '/data/zhaogangyi/picorer-eval/qwen36-v100-sufficiency-dynamics-replicate-3-20260912/probes-v2/8e4e94e00307/step-006/qwen-r2/native-s.request.json']",28,b5d89e10bd5f509fcc5273caf08392ff1673412b4d1699eebb496e24d173381f,agentmemorybench:fact-mh-262k:context-0/factconsolidation_mh_262k_no28,0.5,3,6,7,2,3.1875000279396772,0.9603611619626266,0.1250000111758709,10171.0,5,0.0,0.0,0.0,2.0,True,,,,,,,"[""read""]",1.1875000596046448,0.5,"[""search""]",1.9999999683350325,0.0,0.8333333333333334,False,False,True
False,state_answers,2,state-r3-q028-t007,"['/data/zhaogangyi/picorer-eval/qwen36-v100-sufficiency-dynamics-replicate-3-20260912/probes-v2/8e4e94e00307/step-007/qwen-r1/native-s.request.json', '/data/zhaogangyi/picorer-eval/qwen36-v100-sufficiency-dynamics-replicate-3-20260912/probes-v2/8e4e94e00307/step-007/qwen-r2/native-s.request.json']",28,730f81ba821a090c6fab90fa91326e5479a4d8e33805ed7a64bcdd714d415b5a,agentmemorybench:fact-mh-262k:context-0/factconsolidation_mh_262k_no28,1.0,3,7,7,2,5.937499813386239,0.9973683255353012,-0.1250000826548785,20263.0,5,0.8,0.8,0.8,1.0,True,,,,,,,"[""finish""]",3.1875000279396772,0.5,"[""read""]",2.749999785446562,0.5,1.0,True,True,True
False,state_answers,2,state-r1-q029-t002,"['/data/zhaogangyi/picorer-eval/qwen36-v100-sufficiency-dynamics-20260912/probes-v2/838dbf836fd9/step-002/qwen-r1/native-s.request.json', '/data/zhaogangyi/picorer-eval/qwen36-v100-sufficiency-dynamics-20260912/probes-v2/838dbf836fd9/step-002/qwen-r2/native-s.request.json']",29,f3eb9231fdfb80835c560717f807eb16d53bc1a4037db713cdf68aa89068d96c,agentmemorybench:fact-mh-262k:context-0/factconsolidation_mh_262k_no29,0.0,1,2,4,2,1.25,0.7772998611746911,0.0,9152.0,5,0.0,0.0,0.0,0.0,True,,,,,,,"[""search""]",-4.374999913387001,0.0,"[""search""]",5.624999913387001,0.0,0.3333333333333333,False,False,True
False,state_answers,2,state-r1-q029-t003,"['/data/zhaogangyi/picorer-eval/qwen36-v100-sufficiency-dynamics-20260912/probes-v2/838dbf836fd9/step-003/qwen-r1/native-s.request.json', '/data/zhaogangyi/picorer-eval/qwen36-v100-sufficiency-dynamics-20260912/probes-v2/838dbf836fd9/step-003/qwen-r2/native-s.request.json']",29,fbb8482e3c70d33b5da0ecf4751137b84c783d2e037efeac4b4436191049c414,agentmemorybench:fact-mh-262k:context-0/factconsolidation_mh_262k_no29,0.0,1,3,4,2,3.1250001154839993,0.9579122767402743,0.0,9311.0,5,0.0,0.0,0.0,0.0,True,,,,,,,"[""read""]",1.25,0.0,"[""search""]",1.8750001154839993,0.0,0.6666666666666666,False,False,True
False,state_answers,2,state-r1-q029-t004,"['/data/zhaogangyi/picorer-eval/qwen36-v100-sufficiency-dynamics-20260912/probes-v2/838dbf836fd9/step-004/qwen-r1/native-s.request.json', '/data/zhaogangyi/picorer-eval/qwen36-v100-sufficiency-dynamics-20260912/probes-v2/838dbf836fd9/step-004/qwen-r2/native-s.request.json']",29,c603e5d86d5d07d2b94930f38fc9531f454de2544b56af4b4c34a1a1295ae131,agentmemorybench:fact-mh-262k:context-0/factconsolidation_mh_262k_no29,1.0,1,4,4,2,9.000000007683411,0.9998766054249618,0.0,19779.0,5,1.0,1.0,1.0,0.0,True,,,,,,,"[""finish""]",3.1250001154839993,0.0,"[""read""]",5.874999892199412,1.0,1.0,True,True,True
False,state_answers,2,state-r2-q029-t002,"['/data/zhaogangyi/picorer-eval/qwen36-v100-sufficiency-dynamics-replicate-2-20260912/probes-v2/838dbf836fd9/step-002/qwen-r1/native-s.request.json', '/data/zhaogangyi/picorer-eval/qwen36-v100-sufficiency-dynamics-replicate-2-20260912/probes-v2/838dbf836fd9/step-002/qwen-r2/native-s.request.json']",29,b7489268bb05bb3e746a636faa2d61190fad9c8a75a70d0fefe4540b2fcc3d44,agentmemorybench:fact-mh-262k:context-0/factconsolidation_mh_262k_no29,0.0,2,2,5,2,1.25,0.7772998611746911,0.0,9156.0,5,0.0,0.0,0.0,0.0,True,,,,,,,"[""read""]",-4.374999913387001,0.0,"[""search""]",5.624999913387001,0.0,0.25,False,False,True
False,state_answers,2,state-r2-q029-t003,"['/data/zhaogangyi/picorer-eval/qwen36-v100-sufficiency-dynamics-replicate-2-20260912/probes-v2/838dbf836fd9/step-003/qwen-r1/native-s.request.json', '/data/zhaogangyi/picorer-eval/qwen36-v100-sufficiency-dynamics-replicate-2-20260912/probes-v2/838dbf836fd9/step-003/qwen-r2/native-s.request.json']",29,a42f6fbceb9debbe2471a20797e1bf879fb456c0a869ae2ab6f61d07dff28cae,agentmemorybench:fact-mh-262k:context-0/factconsolidation_mh_262k_no29,0.5,2,3,5,2,3.750000067055226,0.9770226315953248,0.0,19422.0,5,0.0,0.0,0.0,0.0,True,,,,,,,"[""search""]",1.25,0.0,"[""read""]",2.500000067055226,0.5,0.5,True,True,True
False,state_answers,2,state-r2-q029-t004,"['/data/zhaogangyi/picorer-eval/qwen36-v100-sufficiency-dynamics-replicate-2-20260912/probes-v2/838dbf836fd9/step-004/qwen-r1/native-s.request.json', '/data/zhaogangyi/picorer-eval/qwen36-v100-sufficiency-dynamics-replicate-2-20260912/probes-v2/838dbf836fd9/step-004/qwen-r2/native-s.request.json']",29,4d997f5049bdac250f13e6d44b0a2d3c527aaa05ace81358536d1836fc7b2757,agentmemorybench:fact-mh-262k:context-0/factconsolidation_mh_262k_no29,0.5,2,4,5,2,3.812500031664967,0.9783846679070064,-0.1249998994171619,9307.0,5,0.0,0.0,0.0,1.0,True,,,,,,,"[""read""]",3.750000067055226,0.5,"[""search""]",0.062499964609741276,0.0,0.75,False,False,True
False,state_answers,2,state-r2-q029-t005,"['/data/zhaogangyi/picorer-eval/qwen36-v100-sufficiency-dynamics-replicate-2-20260912/probes-v2/838dbf836fd9/step-005/qwen-r1/native-s.request.json', '/data/zhaogangyi/picorer-eval/qwen36-v100-sufficiency-dynamics-replicate-2-20260912/probes-v2/838dbf836fd9/step-005/qwen-r2/native-s.request.json']",29,f39d10727e33a369cb9773953329b750f18a7690efd8f5fc58b63e35dbf970f8,agentmemorybench:fact-mh-262k:context-0/factconsolidation_mh_262k_no29,1.0,2,5,5,2,7.499999796040356,0.9994472212503942,0.0,14669.0,5,1.0,1.0,1.0,0.0,True,,,,,,,"[""finish""]",3.812500031664967,0.5,"[""read""]",3.687499764375389,0.5,1.0,True,True,True
False,state_answers,2,state-r3-q029-t002,"['/data/zhaogangyi/picorer-eval/qwen36-v100-sufficiency-dynamics-replicate-3-20260912/probes-v2/838dbf836fd9/step-002/qwen-r1/native-s.request.json', '/data/zhaogangyi/picorer-eval/qwen36-v100-sufficiency-dynamics-replicate-3-20260912/probes-v2/838dbf836fd9/step-002/qwen-r2/native-s.request.json']",29,d23f5744f41382ac81c7e494525422d15f2751b92a5f041266ed35c7fcc5f764,agentmemorybench:fact-mh-262k:context-0/factconsolidation_mh_262k_no29,0.0,3,2,4,2,1.3750000596046448,0.7981867873410141,0.0,9089.0,5,0.0,0.0,0.0,0.0,True,,,,,,,"[""search""]",-4.312499995809048,0.0,"[""search""]",5.687500055413693,0.0,0.3333333333333333,False,False,True
False,state_answers,2,state-r3-q029-t003,"['/data/zhaogangyi/picorer-eval/qwen36-v100-sufficiency-dynamics-replicate-3-20260912/probes-v2/838dbf836fd9/step-003/qwen-r1/native-s.request.json', '/data/zhaogangyi/picorer-eval/qwen36-v100-sufficiency-dynamics-replicate-3-20260912/probes-v2/838dbf836fd9/step-003/qwen-r2/native-s.request.json']",29,3be9fc831c18db71b368169388af7f41ab62bf62048431a880f207bdcad155d4,agentmemorybench:fact-mh-262k:context-0/factconsolidation_mh_262k_no29,0.0,3,3,4,2,3.125000001862645,0.9579122721594764,4.842877388000488e-08,9322.0,5,0.0,0.0,0.0,0.0,True,,,,,,,"[""read""]",1.3750000596046448,0.0,"[""search""]",1.7499999422580004,0.0,0.6666666666666666,False,False,True
False,state_answers,2,state-r3-q029-t004,"['/data/zhaogangyi/picorer-eval/qwen36-v100-sufficiency-dynamics-replicate-3-20260912/probes-v2/838dbf836fd9/step-004/qwen-r1/native-s.request.json', '/data/zhaogangyi/picorer-eval/qwen36-v100-sufficiency-dynamics-replicate-3-20260912/probes-v2/838dbf836fd9/step-004/qwen-r2/native-s.request.json']",29,bcdfd1769a5b58d7c0c11f0cd046c9a48d8984a0ef37fad4c6a57ecaf7f3bbd0,agentmemorybench:fact-mh-262k:context-0/factconsolidation_mh_262k_no29,1.0,3,4,4,2,9.437499645624484,0.999920326961907,-0.1250002376327756,19865.0,5,1.0,1.0,1.0,0.0,True,,,,,,,"[""finish""]",3.125000001862645,0.0,"[""read""]",6.312499643761839,1.0,1.0,True,True,True
False,state_answers,2,state-r1-q003-t002,"['/data/zhaogangyi/picorer-eval/qwen36-v100-sufficiency-dynamics-20260912/probes-v2/d6ebb6cd7c8c/step-002/qwen-r1/native-s.request.json', '/data/zhaogangyi/picorer-eval/qwen36-v100-sufficiency-dynamics-20260912/probes-v2/d6ebb6cd7c8c/step-002/qwen-r2/native-s.request.json']",3,60348f2932521648ba1fd49402293cae1e4b0ab7c3474730337c5ae9039bf27d,agentmemorybench:fact-mh-262k:context-0/factconsolidation_mh_262k_no3,0.0,1,2,3,2,3.312500035390258,0.9648551547992792,0.1249999515712261,8953.0,5,0.0,0.0,0.0,0.0,True,,,,,,,"[""read""]",-4.375000060535967,0.0,"[""search""]",7.687500095926225,0.0,0.5,False,False,True
False,state_answers,2,state-r1-q003-t003,"['/data/zhaogangyi/picorer-eval/qwen36-v100-sufficiency-dynamics-20260912/probes-v2/d6ebb6cd7c8c/step-003/qwen-r1/native-s.request.json', '/data/zhaogangyi/picorer-eval/qwen36-v100-sufficiency-dynamics-20260912/probes-v2/d6ebb6cd7c8c/step-003/qwen-r2/native-s.request.json']",3,8325206a577589c3bd6e51784c705147b16eb9f032b4a243caafb9c345492395,agentmemorybench:fact-mh-262k:context-0/factconsolidation_mh_262k_no3,0.5,1,3,3,2,5.874999905703589,0.9971990727695016,0.0,13971.0,5,0.0,0.0,0.0,0.0,True,,,,,,,"[""finish""]",3.312500035390258,0.0,"[""read""]",2.5624998703133315,0.5,1.0,True,True,True
False,state_answers,2,state-r2-q003-t002,"['/data/zhaogangyi/picorer-eval/qwen36-v100-sufficiency-dynamics-replicate-2-20260912/probes-v2/d6ebb6cd7c8c/step-002/qwen-r1/native-s.request.json', '/data/zhaogangyi/picorer-eval/qwen36-v100-sufficiency-dynamics-replicate-2-20260912/probes-v2/d6ebb6cd7c8c/step-002/qwen-r2/native-s.request.json']",3,5fcb0228eca446ee066ea2f5afa32688616695a0d87533034b95b46085304cef,agentmemorybench:fact-mh-262k:context-0/factconsolidation_mh_262k_no3,0.0,2,2,3,2,2.7499999813735485,0.9399133487740404,-1.4901161193847656e-08,8981.0,5,0.0,0.0,0.0,0.0,True,,,,,,,"[""read""]",-4.437500113621354,0.0,"[""search""]",7.187500094994903,0.0,0.5,False,False,True
False,state_answers,2,state-r2-q003-t003,"['/data/zhaogangyi/picorer-eval/qwen36-v100-sufficiency-dynamics-replicate-2-20260912/probes-v2/d6ebb6cd7c8c/step-003/qwen-r1/native-s.request.json', '/data/zhaogangyi/picorer-eval/qwen36-v100-sufficiency-dynamics-replicate-2-20260912/probes-v2/d6ebb6cd7c8c/step-003/qwen-r2/native-s.request.json']",3,574441febfbaba17f75846e9452bc96e786cdcab7e3584df7e9cf22e1c526268,agentmemorybench:fact-mh-262k:context-0/factconsolidation_mh_262k_no3,0.5,2,3,3,2,6.312499936262611,0.998189788858628,-0.374999797088094,14069.0,5,0.0,0.0,0.0,0.0,True,,,,,,,"[""finish""]",2.7499999813735485,0.0,"[""read""]",3.562499954889063,0.5,1.0,True,True,True
False,state_answers,2,state-r3-q003-t002,"['/data/zhaogangyi/picorer-eval/qwen36-v100-sufficiency-dynamics-replicate-3-20260912/probes-v2/d6ebb6cd7c8c/step-002/qwen-r1/native-s.request.json', '/data/zhaogangyi/picorer-eval/qwen36-v100-sufficiency-dynamics-replicate-3-20260912/probes-v2/d6ebb6cd7c8c/step-002/qwen-r2/native-s.request.json']",3,a1eaee43dc66092a9ef59156d6b61894a17eaefadf4c1947413e2b30e386f1a8,agentmemorybench:fact-mh-262k:context-0/factconsolidation_mh_262k_no3,0.0,3,2,5,2,2.8749999441206455,0.9465966673753954,0.0,9110.0,5,0.0,0.0,0.0,0.0,True,,,,,,,"[""read""]",-4.500000076368451,0.0,"[""search""]",7.375000020489097,0.0,0.25,False,False,True
False,state_answers,2,state-r3-q003-t003,"['/data/zhaogangyi/picorer-eval/qwen36-v100-sufficiency-dynamics-replicate-3-20260912/probes-v2/d6ebb6cd7c8c/step-003/qwen-r1/native-s.request.json', '/data/zhaogangyi/picorer-eval/qwen36-v100-sufficiency-dynamics-replicate-3-20260912/probes-v2/d6ebb6cd7c8c/step-003/qwen-r2/native-s.request.json']",3,9628192960b9136e78e536b0f6d9926d5cee01fa88c174ce6fab8a163c54330e,agentmemorybench:fact-mh-262k:context-0/factconsolidation_mh_262k_no3,0.5,3,3,5,2,6.375000168336555,0.9982992778743714,0.0,14142.0,5,0.0,0.0,0.0,0.0,True,,,,,,,"[""search""]",2.8749999441206455,0.0,"[""read""]",3.50000022421591,0.5,0.5,True,True,True
False,state_answers,2,state-r3-q003-t004,"['/data/zhaogangyi/picorer-eval/qwen36-v100-sufficiency-dynamics-replicate-3-20260912/probes-v2/d6ebb6cd7c8c/step-004/qwen-r1/native-s.request.json', '/data/zhaogangyi/picorer-eval/qwen36-v100-sufficiency-dynamics-replicate-3-20260912/probes-v2/d6ebb6cd7c8c/step-004/qwen-r2/native-s.request.json']",3,f7f33cadf7da412d7e7b319652da62cd7b1b7915e1c381edb70e3873da2e9414,agentmemorybench:fact-mh-262k:context-0/factconsolidation_mh_262k_no3,0.5,3,4,5,2,3.625000021420419,0.974042643343788,7.636845111846925e-08,9428.0,5,0.0,0.0,0.0,1.0,True,,,,,,,"[""read""]",6.375000168336555,0.5,"[""search""]",-2.750000146916136,0.0,0.75,False,False,False
False,state_answers,2,state-r3-q003-t005,"['/data/zhaogangyi/picorer-eval/qwen36-v100-sufficiency-dynamics-replicate-3-20260912/probes-v2/d6ebb6cd7c8c/step-005/qwen-r1/native-s.request.json', '/data/zhaogangyi/picorer-eval/qwen36-v100-sufficiency-dynamics-replicate-3-20260912/probes-v2/d6ebb6cd7c8c/step-005/qwen-r2/native-s.request.json']",3,750515504fb080b42348abdbb46bfa86f024700d8d16967ad831035643a57efc,agentmemorybench:fact-mh-262k:context-0/factconsolidation_mh_262k_no3,1.0,3,5,5,2,7.062499953521183,0.9991440993235076,-0.1249997882987372,14725.0,5,0.8,0.8,0.8,1.0,True,,,,,,,"[""finish""]",3.625000021420419,0.5,"[""read""]",3.4374999321007635,0.5,1.0,True,True,True
False,state_answers,2,state-r1-q030-t002,"['/data/zhaogangyi/picorer-eval/qwen36-v100-sufficiency-dynamics-20260912/probes-v2/225ea9117bef/step-002/qwen-r1/native-s.request.json', '/data/zhaogangyi/picorer-eval/qwen36-v100-sufficiency-dynamics-20260912/probes-v2/225ea9117bef/step-002/qwen-r2/native-s.request.json']",30,d66c8965f2ddcefac017733d94affe8880e1bdd27a3107cdb0609185e8db78b6,agentmemorybench:fact-mh-262k:context-0/factconsolidation_mh_262k_no30,0.0,1,2,3,2,2.812499923631549,0.9433475706106724,0.1250000186264515,9033.0,5,0.0,0.0,0.0,0.0,True,,,,,,,"[""read""]",-3.874999994412065,0.0,"[""search""]",6.687499918043613,0.0,0.5,False,False,True
False,state_answers,2,state-r1-q030-t003,"['/data/zhaogangyi/picorer-eval/qwen36-v100-sufficiency-dynamics-20260912/probes-v2/225ea9117bef/step-003/qwen-r1/native-s.request.json', '/data/zhaogangyi/picorer-eval/qwen36-v100-sufficiency-dynamics-20260912/probes-v2/225ea9117bef/step-003/qwen-r2/native-s.request.json']",30,2dd40ba7fb6cdcc8bb8ec472a92dfec9f96eac0a3fc20acec388b785cbc77916,agentmemorybench:fact-mh-262k:context-0/factconsolidation_mh_262k_no30,1.0,1,3,3,2,10.25000000073851,0.9999646437492844,-0.2499999996362021,16974.0,5,1.0,1.0,1.0,0.0,True,,,,,,,"[""finish""]",2.812499923631549,0.0,"[""read""]",7.437500077106961,1.0,1.0,True,True,True
False,state_answers,2,state-r2-q030-t002,"['/data/zhaogangyi/picorer-eval/qwen36-v100-sufficiency-dynamics-replicate-2-20260912/probes-v2/225ea9117bef/step-002/qwen-r1/native-s.request.json', '/data/zhaogangyi/picorer-eval/qwen36-v100-sufficiency-dynamics-replicate-2-20260912/probes-v2/225ea9117bef/step-002/qwen-r2/native-s.request.json']",30,08ab4310dde163722ca22d7b8e74f23857ac2969ced24d14851cf505874c03b5,agentmemorybench:fact-mh-262k:context-0/factconsolidation_mh_262k_no30,0.0,2,2,5,2,2.250000037252903,0.9046505383142494,-1.043081283569336e-07,9130.0,5,0.0,0.0,0.0,0.0,True,,,,,,,"[""read""]",-3.874999994412065,0.0,"[""search""]",6.1250000316649675,0.0,0.25,False,False,True
False,state_answers,2,state-r2-q030-t003,"['/data/zhaogangyi/picorer-eval/qwen36-v100-sufficiency-dynamics-replicate-2-20260912/probes-v2/225ea9117bef/step-003/qwen-r1/native-s.request.json', '/data/zhaogangyi/picorer-eval/qwen36-v100-sufficiency-dynamics-replicate-2-20260912/probes-v2/225ea9117bef/step-003/qwen-r2/native-s.request.json']",30,7feaf2ceef629e2fcb61d78c82eb65fce284325018d34d39db4fba4ebfd51b84,agentmemorybench:fact-mh-262k:context-0/factconsolidation_mh_262k_no30,1.0,2,3,5,2,8.062499816020136,0.999684961247976,0.374999961029971,17213.0,5,1.0,1.0,1.0,0.0,True,,,,,,,"[""search""]",2.250000037252903,0.0,"[""read""]",5.812499778767233,1.0,0.5,True,True,True
False,state_answers,2,state-r2-q030-t004,"['/data/zhaogangyi/picorer-eval/qwen36-v100-sufficiency-dynamics-replicate-2-20260912/probes-v2/225ea9117bef/step-004/qwen-r1/native-s.request.json', '/data/zhaogangyi/picorer-eval/qwen36-v100-sufficiency-dynamics-replicate-2-20260912/probes-v2/225ea9117bef/step-004/qwen-r2/native-s.request.json']",30,f5da53f705419000f4287a20e9bc2f54be212fc6f2ec6171c031b75d2f390cfa,agentmemorybench:fact-mh-262k:context-0/factconsolidation_mh_262k_no30,1.0,2,4,5,2,7.499999980762368,0.999447221352448,0.2500000408035703,9845.0,5,1.0,1.0,1.0,0.0,True,,,,,,,"[""read""]",8.062499816020136,1.0,"[""search""]",-0.5624998352577677,0.0,0.75,False,False,False
False,state_answers,2,state-r2-q030-t005,"['/data/zhaogangyi/picorer-eval/qwen36-v100-sufficiency-dynamics-replicate-2-20260912/probes-v2/225ea9117bef/step-005/qwen-r1/native-s.request.json', '/data/zhaogangyi/picorer-eval/qwen36-v100-sufficiency-dynamics-replicate-2-20260912/probes-v2/225ea9117bef/step-005/qwen-r2/native-s.request.json']",30,ece4960ec49688a4632896a205fb9c32277112b9d0d7100004103b3521e74d6b,agentmemorybench:fact-mh-262k:context-0/factconsolidation_mh_262k_no30,1.0,2,5,5,2,8.93749989054777,0.9998686481885598,-0.3750004699541023,12963.0,5,1.0,1.0,1.0,0.0,True,,,,,,,"[""finish""]",7.499999980762368,1.0,"[""read""]",1.4374999097854015,0.0,1.0,False,False,True
False,state_answers,2,state-r3-q030-t002,"['/data/zhaogangyi/picorer-eval/qwen36-v100-sufficiency-dynamics-replicate-3-20260912/probes-v2/225ea9117bef/step-002/qwen-r1/native-s.request.json', '/data/zhaogangyi/picorer-eval/qwen36-v100-sufficiency-dynamics-replicate-3-20260912/probes-v2/225ea9117bef/step-002/qwen-r2/native-s.request.json']",30,4d7f83f056e9412700a642c1f4d378c1f5e46198957a4ad0d2c99e05c6377578,agentmemorybench:fact-mh-262k:context-0/factconsolidation_mh_262k_no30,0.0,3,2,5,2,3.0000000447034836,0.9525741288419872,-0.25,9078.0,5,0.0,0.0,0.0,0.0,True,,,,,,,"[""search""]",-3.874999947845936,0.0,"[""search""]",6.874999992549419,0.0,0.25,False,False,True
False,state_answers,2,state-r3-q030-t003,"['/data/zhaogangyi/picorer-eval/qwen36-v100-sufficiency-dynamics-replicate-3-20260912/probes-v2/225ea9117bef/step-003/qwen-r1/native-s.request.json', '/data/zhaogangyi/picorer-eval/qwen36-v100-sufficiency-dynamics-replicate-3-20260912/probes-v2/225ea9117bef/step-003/qwen-r2/native-s.request.json']",30,fbe7e3a1a1e52de03b76096a12b398dfc03f17c4382e935f93ea1d75d44c6c26,agentmemorybench:fact-mh-262k:context-0/factconsolidation_mh_262k_no30,0.0,3,3,5,2,0.8124999552965164,0.6926419736178532,0.1250000298023224,9132.0,5,0.0,0.0,0.0,0.0,True,,,,,,,"[""read""]",3.0000000447034836,0.0,"[""search""]",-2.187500089406967,0.0,0.5,False,False,False
False,state_answers,2,state-r3-q030-t004,"['/data/zhaogangyi/picorer-eval/qwen36-v100-sufficiency-dynamics-replicate-3-20260912/probes-v2/225ea9117bef/step-004/qwen-r1/native-s.request.json', '/data/zhaogangyi/picorer-eval/qwen36-v100-sufficiency-dynamics-replicate-3-20260912/probes-v2/225ea9117bef/step-004/qwen-r2/native-s.request.json']",30,41e5dcaa78c9e78523066c0d184f0c7e2a8ae61ccc667a9f87e23ec7375fc89a,agentmemorybench:fact-mh-262k:context-0/factconsolidation_mh_262k_no30,0.5,3,4,5,2,6.875000119151082,0.9989677690861096,-1.1909287422895433e-07,19438.0,5,0.0,0.0,0.0,0.0,True,,,,,,,"[""read""]",0.8124999552965164,0.0,"[""read""]",6.0625001638545655,0.5,0.75,True,True,True
False,state_answers,2,state-r3-q030-t005,"['/data/zhaogangyi/picorer-eval/qwen36-v100-sufficiency-dynamics-replicate-3-20260912/probes-v2/225ea9117bef/step-005/qwen-r1/native-s.request.json', '/data/zhaogangyi/picorer-eval/qwen36-v100-sufficiency-dynamics-replicate-3-20260912/probes-v2/225ea9117bef/step-005/qwen-r2/native-s.request.json']",30,698c102f1f87b57a97bcc0e5807a870d27819667030bc566ac7c1f7f495acf48,agentmemorybench:fact-mh-262k:context-0/factconsolidation_mh_262k_no30,1.0,3,5,5,2,6.312499993189704,0.9981897889614916,-0.1250003013992682,17138.0,5,1.0,1.0,1.0,0.0,True,,,,,,,"[""finish""]",6.875000119151082,0.5,"[""read""]",-0.5625001259613782,0.5,1.0,True,True,False
False,state_answers,2,state-r1-q031-t002,"['/data/zhaogangyi/picorer-eval/qwen36-v100-sufficiency-dynamics-20260912/probes-v2/df211e6ea9d8/step-002/qwen-r1/native-s.request.json', '/data/zhaogangyi/picorer-eval/qwen36-v100-sufficiency-dynamics-20260912/probes-v2/df211e6ea9d8/step-002/qwen-r2/native-s.request.json']",31,a280c6e32db5ce4e8cb84306178e877c2833fa89d3e98b3f5c894639a1bd46a7,agentmemorybench:fact-mh-262k:context-0/factconsolidation_mh_262k_no31,0.0,1,2,5,2,0.6874999850988388,0.6654105554292292,0.1250000298023224,9062.0,5,0.0,0.0,0.0,0.0,True,,,,,,,"[""read""]",-4.624999821186066,0.0,"[""search""]",5.3124998062849045,0.0,0.25,False,False,True
False,state_answers,2,state-r1-q031-t003,"['/data/zhaogangyi/picorer-eval/qwen36-v100-sufficiency-dynamics-20260912/probes-v2/df211e6ea9d8/step-003/qwen-r1/native-s.request.json', '/data/zhaogangyi/picorer-eval/qwen36-v100-sufficiency-dynamics-20260912/probes-v2/df211e6ea9d8/step-003/qwen-r2/native-s.request.json']",31,a05424410a9029845e98828b66e99a7da72857af2568c1dfe80344899c34b8ae,agentmemorybench:fact-mh-262k:context-0/factconsolidation_mh_262k_no31,0.5,1,3,5,2,-1.0624999850988388,0.2568319942316933,0.1250000298023224,19259.0,5,0.0,0.0,0.0,0.0,True,,,,,,,"[""search""]",0.6874999850988388,0.0,"[""read""]",-1.7499999701976776,0.5,0.5,True,True,False
False,state_answers,2,state-r1-q031-t004,"['/data/zhaogangyi/picorer-eval/qwen36-v100-sufficiency-dynamics-20260912/probes-v2/df211e6ea9d8/step-004/qwen-r1/native-s.request.json', '/data/zhaogangyi/picorer-eval/qwen36-v100-sufficiency-dynamics-20260912/probes-v2/df211e6ea9d8/step-004/qwen-r2/native-s.request.json']",31,a8c6384a365d3569d1a04b47b0f59fbb5c71379ecaeb898944594cac67896d30,agentmemorybench:fact-mh-262k:context-0/factconsolidation_mh_262k_no31,0.5,1,4,5,2,3.124999951571226,0.9579122701319096,-8.195638656616212e-08,9672.0,5,0.0,0.0,0.0,0.0,True,,,,,,,"[""read""]",-1.0624999850988388,0.5,"[""search""]",4.187499936670065,0.0,0.75,False,False,True
False,state_answers,2,state-r1-q031-t005,"['/data/zhaogangyi/picorer-eval/qwen36-v100-sufficiency-dynamics-20260912/probes-v2/df211e6ea9d8/step-005/qwen-r1/native-s.request.json', '/data/zhaogangyi/picorer-eval/qwen36-v100-sufficiency-dynamics-20260912/probes-v2/df211e6ea9d8/step-005/qwen-r2/native-s.request.json']",31,0d8c2b324875e76e2b480bfc12f3473eaa1e5637f914851ca39c2883f08b8a77,agentmemorybench:fact-mh-262k:context-0/factconsolidation_mh_262k_no31,1.0,1,5,5,2,8.5625001379085,0.999808895710472,0.1249999954015947,20402.0,5,1.0,1.0,1.0,0.0,True,,,,,,,"[""finish""]",3.124999951571226,0.5,"[""read""]",5.4375001863372745,0.5,1.0,True,True,True
False,state_answers,2,state-r2-q031-t002,"['/data/zhaogangyi/picorer-eval/qwen36-v100-sufficiency-dynamics-replicate-2-20260912/probes-v2/df211e6ea9d8/step-002/qwen-r1/native-s.request.json', '/data/zhaogangyi/picorer-eval/qwen36-v100-sufficiency-dynamics-replicate-2-20260912/probes-v2/df211e6ea9d8/step-002/qwen-r2/native-s.request.json']",31,76faabbfa12da13d2677c6cd661e27659f1dc8efb3c4509f09345705f304a260,agentmemorybench:fact-mh-262k:context-0/factconsolidation_mh_262k_no31,0.0,2,2,3,2,2.749999962747097,0.9399133477220882,0.0,9077.0,5,0.0,0.0,0.0,0.0,True,,,,,,,"[""read""]",-4.624999821186066,0.0,"[""search""]",7.374999783933163,0.0,0.5,False,False,True
False,state_answers,2,state-r2-q031-t003,"['/data/zhaogangyi/picorer-eval/qwen36-v100-sufficiency-dynamics-replicate-2-20260912/probes-v2/df211e6ea9d8/step-003/qwen-r1/native-s.request.json', '/data/zhaogangyi/picorer-eval/qwen36-v100-sufficiency-dynamics-replicate-2-20260912/probes-v2/df211e6ea9d8/step-003/qwen-r2/native-s.request.json']",31,bbf9cb00c186e15bdff6cdf12ea18552f5c723f76f9924068fcd99c75bead79e,agentmemorybench:fact-mh-262k:context-0/factconsolidation_mh_262k_no31,0.5,2,3,3,2,6.874999899853719,0.9989677688599776,0.2500000860891305,24326.0,5,0.0,0.0,0.0,0.0,True,,,,,,,"[""finish""]",2.749999962747097,0.0,"[""read""]",4.124999937106622,0.5,1.0,True,True,True
False,state_answers,2,state-r3-q031-t002,"['/data/zhaogangyi/picorer-eval/qwen36-v100-sufficiency-dynamics-replicate-3-20260912/probes-v2/df211e6ea9d8/step-002/qwen-r1/native-s.request.json', '/data/zhaogangyi/picorer-eval/qwen36-v100-sufficiency-dynamics-replicate-3-20260912/probes-v2/df211e6ea9d8/step-002/qwen-r2/native-s.request.json']",31,1c65a01994f771ba51bb77d48da159b21b3b8f7fbcfb32b2468ef194a34b748c,agentmemorybench:fact-mh-262k:context-0/factconsolidation_mh_262k_no31,0.0,3,2,3,2,3.6875000037252903,0.975576910034654,0.1250001043081283,9057.0,5,0.0,0.0,0.0,0.0,True,,,,,,,"[""read""]",-4.562499960884452,0.0,"[""search""]",8.249999964609742,0.0,0.5,False,False,True
False,state_answers,2,state-r3-q031-t003,"['/data/zhaogangyi/picorer-eval/qwen36-v100-sufficiency-dynamics-replicate-3-20260912/probes-v2/df211e6ea9d8/step-003/qwen-r1/native-s.request.json', '/data/zhaogangyi/picorer-eval/qwen36-v100-sufficiency-dynamics-replicate-3-20260912/probes-v2/df211e6ea9d8/step-003/qwen-r2/native-s.request.json']",31,237bc74335b38c61e88934fc835ef6defbb77eb0c523c8d74f7da4fdc79523af,agentmemorybench:fact-mh-262k:context-0/factconsolidation_mh_262k_no31,0.5,3,3,3,2,6.687499891035259,0.9987551565624364,-0.1249999236315488,24520.0,5,0.0,0.0,0.0,0.0,True,,,,,,,"[""finish""]",3.6875000037252903,0.0,"[""read""]",2.9999998873099685,0.5,1.0,True,True,True
False,state_answers,4,state-r1-q032-t002,"['/data/zhaogangyi/picorer-eval/qwen36-v100-sufficiency-dynamics-20260912/probes-v2/599d8f91829b/step-002/qwen-r1/native-s.request.json', '/data/zhaogangyi/picorer-eval/qwen36-v100-sufficiency-dynamics-20260912/probes-v2/599d8f91829b/step-002/qwen-r2/native-s.request.json']",32,7caf455471147b9681d300bce774212ee131cd554fc0395cd5d25ff179f15cd1,agentmemorybench:fact-mh-262k:context-0/factconsolidation_mh_262k_no32,0.0,1,2,22,2,-7.000000209489372,0.000911051003719,0.0,9074.0,5,0.0,0.0,0.0,0.0,True,,,,,,,"[""search""]",-3.8749999441206455,0.0,"[""search""]",-3.125000265368726,0.0,0.047619047619047616,False,False,False
False,state_answers,4,state-r1-q032-t003,"['/data/zhaogangyi/picorer-eval/qwen36-v100-sufficiency-dynamics-20260912/probes-v2/599d8f91829b/step-003/qwen-r1/native-s.request.json', '/data/zhaogangyi/picorer-eval/qwen36-v100-sufficiency-dynamics-20260912/probes-v2/599d8f91829b/step-003/qwen-r2/native-s.request.json']",32,fc74e38085765a55dfd255196d3ca2efd08cf1c507875233f95f18ab81b43a2b,agentmemorybench:fact-mh-262k:context-0/factconsolidation_mh_262k_no32,0.0,1,3,22,2,-5.999999941093847,0.0024726233019273,4.7031790018081665e-08,9295.0,5,0.0,0.0,0.0,0.0,True,,,,,,,"[""read""]",-7.000000209489372,0.0,"[""search""]",1.0000002683955245,0.0,0.09523809523809523,False,False,True
False,state_answers,4,state-r1-q032-t004,"['/data/zhaogangyi/picorer-eval/qwen36-v100-sufficiency-dynamics-20260912/probes-v2/599d8f91829b/step-004/qwen-r1/native-s.request.json', '/data/zhaogangyi/picorer-eval/qwen36-v100-sufficiency-dynamics-20260912/probes-v2/599d8f91829b/step-004/qwen-r2/native-s.request.json']",32,b4c9195558d31450b4e9cd10a92958da21c07eae91d0217d7c83140196565f64,agentmemorybench:fact-mh-262k:context-0/factconsolidation_mh_262k_no32,0.0,1,4,22,2,-2.6250000819563866,0.0675466859776771,0.0,14263.0,5,0.0,0.0,0.0,0.0,True,,,,,,,"[""search""]",-5.999999941093847,0.0,"[""read""]",3.3749998591374606,0.0,0.14285714285714285,True,False,True
False,state_answers,4,state-r1-q032-t005,"['/data/zhaogangyi/picorer-eval/qwen36-v100-sufficiency-dynamics-20260912/probes-v2/599d8f91829b/step-005/qwen-r1/native-s.request.json', '/data/zhaogangyi/picorer-eval/qwen36-v100-sufficiency-dynamics-20260912/probes-v2/599d8f91829b/step-005/qwen-r2/native-s.request.json']",32,ed97da41d167003ec497f3da0bd2fbe69a0572ad0136012714dac3803b8eb332,agentmemorybench:fact-mh-262k:context-0/factconsolidation_mh_262k_no32,0.0,1,5,22,2,-6.625000202213414,0.0013250221496309,0.0,9665.0,5,0.0,0.0,0.0,0.0,True,,,,,,,"[""search""]",-2.6250000819563866,0.0,"[""search""]",-4.0000001202570274,0.0,0.19047619047619047,False,False,False
False,state_answers,4,state-r1-q032-t006,"['/data/zhaogangyi/picorer-eval/qwen36-v100-sufficiency-dynamics-20260912/probes-v2/599d8f91829b/step-006/qwen-r1/native-s.request.json', '/data/zhaogangyi/picorer-eval/qwen36-v100-sufficiency-dynamics-20260912/probes-v2/599d8f91829b/step-006/qwen-r2/native-s.request.json']",32,f0f992b75f37073cf84b999950a46c09387b166baa45765c73bf93edcbd844b1,agentmemorybench:fact-mh-262k:context-0/factconsolidation_mh_262k_no32,0.0,1,6,22,2,-8.62499984074384,0.0001795279979325,0.0,9974.0,5,0.0,0.0,0.0,0.0,True,,,,,,,"[""search""]",-6.625000202213414,0.0,"[""search""]",-1.9999996385304257,0.0,0.23809523809523808,False,False,False
False,state_answers,4,state-r1-q032-t007,"['/data/zhaogangyi/picorer-eval/qwen36-v100-sufficiency-dynamics-20260912/probes-v2/599d8f91829b/step-007/qwen-r1/native-s.request.json', '/data/zhaogangyi/picorer-eval/qwen36-v100-sufficiency-dynamics-20260912/probes-v2/599d8f91829b/step-007/qwen-r2/native-s.request.json']",32,445975b0fbb550cf57e58f26c9996fab3396dd4894feb8a0bd36941926f1f8c1,agentmemorybench:fact-mh-262k:context-0/factconsolidation_mh_262k_no32,0.0,1,7,22,2,-8.249999987485353,0.0002611903223635,-5.809124559164047e-07,10124.0,5,0.0,0.0,0.0,0.0,True,,,,,,,"[""search""]",-8.62499984074384,0.0,"[""search""]",0.37499985325848684,0.0,0.2857142857142857,False,False,True
False,state_answers,4,state-r1-q032-t008,"['/data/zhaogangyi/picorer-eval/qwen36-v100-sufficiency-dynamics-20260912/probes-v2/599d8f91829b/step-008/qwen-r1/native-s.request.json', '/data/zhaogangyi/picorer-eval/qwen36-v100-sufficiency-dynamics-20260912/probes-v2/599d8f91829b/step-008/qwen-r2/native-s.request.json']",32,c28656088bd04902c4ee8d4695e2bff52530d88d455d6671ddf1e9eacc894f33,agentmemorybench:fact-mh-262k:context-0/factconsolidation_mh_262k_no32,0.0,1,8,22,2,-8.187499770108843,0.0002780310277766,-0.1250004645553417,10412.0,5,0.0,0.0,0.0,0.0,True,,,,,,,"[""search""]",-8.249999987485353,0.0,"[""search""]",0.06250021737650968,0.0,0.3333333333333333,False,False,True
False,state_answers,4,state-r1-q032-t009,"['/data/zhaogangyi/picorer-eval/qwen36-v100-sufficiency-dynamics-20260912/probes-v2/599d8f91829b/step-009/qwen-r1/native-s.request.json', '/data/zhaogangyi/picorer-eval/qwen36-v100-sufficiency-dynamics-20260912/probes-v2/599d8f91829b/step-009/qwen-r2/native-s.request.json']",32,3bae7d859d909280c008774f8426a40594d58ac0c6539f400e6dd2773549af82,agentmemorybench:fact-mh-262k:context-0/factconsolidation_mh_262k_no32,0.0,1,9,22,2,-7.874999778752681,0.0003799845987904,0.0,10553.0,5,0.0,0.0,0.0,0.0,True,,,,,,,"[""search""]",-8.187499770108843,0.0,"[""search""]",0.31249999135616235,0.0,0.38095238095238093,False,False,True
False,state_answers,4,state-r1-q032-t010,"['/data/zhaogangyi/picorer-eval/qwen36-v100-sufficiency-dynamics-20260912/probes-v2/599d8f91829b/step-010/qwen-r1/native-s.request.json', '/data/zhaogangyi/picorer-eval/qwen36-v100-sufficiency-dynamics-20260912/probes-v2/599d8f91829b/step-010/qwen-r2/native-s.request.json']",32,7224e37c8ec923d6611f25726a99916bfccc1ba945aa62b02b312050bd9fb5e9,agentmemorybench:fact-mh-262k:context-0/factconsolidation_mh_262k_no32,0.0,1,10,22,2,-4.87499996367842,0.0075772415409928,0.0,10835.0,5,0.0,0.0,0.0,0.0,True,,,,,,,"[""search""]",-7.874999778752681,0.0,"[""search""]",2.9999998150742613,0.0,0.42857142857142855,False,False,True
False,state_answers,4,state-r1-q032-t011,"['/data/zhaogangyi/picorer-eval/qwen36-v100-sufficiency-dynamics-20260912/probes-v2/599d8f91829b/step-011/qwen-r1/native-s.request.json', '/data/zhaogangyi/picorer-eval/qwen36-v100-sufficiency-dynamics-20260912/probes-v2/599d8f91829b/step-011/qwen-r2/native-s.request.json']",32,ee01d10614b9bdabedb22b222cb30543e29a2d0265750bfae07c25fbd558ca3f,agentmemorybench:fact-mh-262k:context-0/factconsolidation_mh_262k_no32,0.0,1,11,22,2,-4.00000006519258,0.0179862088106142,0.2499999031424522,5863.0,5,0.0,0.0,0.0,0.0,True,,,,,,,"[""read""]",-4.87499996367842,0.0,"[""search""]",0.8749998984858394,0.0,0.47619047619047616,False,False,True
False,state_answers,4,state-r1-q032-t012,"['/data/zhaogangyi/picorer-eval/qwen36-v100-sufficiency-dynamics-20260912/probes-v2/599d8f91829b/step-012/qwen-r1/native-s.request.json', '/data/zhaogangyi/picorer-eval/qwen36-v100-sufficiency-dynamics-20260912/probes-v2/599d8f91829b/step-012/qwen-r2/native-s.request.json']",32,351875abfe1668a31dd0b9c31fc4c1cf03f4414b38da4464d1f5294fe71b65b7,agentmemorybench:fact-mh-262k:context-0/factconsolidation_mh_262k_no32,0.0,1,12,22,2,-2.999999888241291,0.0474258782264522,0.0,6162.0,5,0.0,0.0,0.0,0.0,True,,,,,,,"[""read""]",-4.00000006519258,0.0,"[""read""]",1.0000001769512892,0.0,0.5238095238095238,False,False,True
False,state_answers,4,state-r1-q032-t013,"['/data/zhaogangyi/picorer-eval/qwen36-v100-sufficiency-dynamics-20260912/probes-v2/599d8f91829b/step-013/qwen-r1/native-s.request.json', '/data/zhaogangyi/picorer-eval/qwen36-v100-sufficiency-dynamics-20260912/probes-v2/599d8f91829b/step-013/qwen-r2/native-s.request.json']",32,2ac78ee62c7ec3a2651f2e72ef88e50e485f78fbadbd0a79d7044bfbfecc36ec,agentmemorybench:fact-mh-262k:context-0/factconsolidation_mh_262k_no32,0.0,1,13,22,2,-0.5624999850988388,0.3629692089651014,0.1249999701976776,26010.0,5,0.0,0.0,0.0,0.0,True,,,,,,,"[""search""]",-2.999999888241291,0.0,"[""read""]",2.4374999031424522,0.0,0.5714285714285714,True,False,True
False,state_answers,4,state-r1-q032-t014,"['/data/zhaogangyi/picorer-eval/qwen36-v100-sufficiency-dynamics-20260912/probes-v2/599d8f91829b/step-014/qwen-r1/native-s.request.json', '/data/zhaogangyi/picorer-eval/qwen36-v100-sufficiency-dynamics-20260912/probes-v2/599d8f91829b/step-014/qwen-r2/native-s.request.json']",32,c2ab5c4572269243bcc2dc3e5b0643a7de45ba5088fa78e248ddf5815bbe654e,agentmemorybench:fact-mh-262k:context-0/factconsolidation_mh_262k_no32,0.0,1,14,22,2,-4.937500033760443,0.0071214285070246,-0.1249999613501131,6813.0,5,0.0,0.0,0.0,0.0,True,,,,,,,"[""search""]",-0.5624999850988388,0.0,"[""search""]",-4.3750000486616045,0.0,0.6190476190476191,False,False,False
False,state_answers,4,state-r1-q032-t015,"['/data/zhaogangyi/picorer-eval/qwen36-v100-sufficiency-dynamics-20260912/probes-v2/599d8f91829b/step-015/qwen-r1/native-s.request.json', '/data/zhaogangyi/picorer-eval/qwen36-v100-sufficiency-dynamics-20260912/probes-v2/599d8f91829b/step-015/qwen-r2/native-s.request.json']",32,4813cdf1a033d6cdf1991b121dc20d72a3cea2290c69a2048011b2e7b4cb3f33,agentmemorybench:fact-mh-262k:context-0/factconsolidation_mh_262k_no32,0.0,1,15,22,2,-5.812500065541826,0.002981032535055,-0.1250003122258931,7039.0,5,0.0,0.0,0.0,0.0,True,,,,,,,"[""search""]",-4.937500033760443,0.0,"[""search""]",-0.8750000317813829,0.0,0.6666666666666666,False,False,False
False,state_answers,4,state-r1-q032-t016,"['/data/zhaogangyi/picorer-eval/qwen36-v100-sufficiency-dynamics-20260912/probes-v2/599d8f91829b/step-016/qwen-r1/native-s.request.json', '/data/zhaogangyi/picorer-eval/qwen36-v100-sufficiency-dynamics-20260912/probes-v2/599d8f91829b/step-016/qwen-r2/native-s.request.json']",32,3107aa66ea8cc970e5885634c55c378f4fe0ddece243fa9cd543f771b1047569,agentmemorybench:fact-mh-262k:context-0/factconsolidation_mh_262k_no32,0.0,1,16,22,2,-4.125000081025064,0.0159063904434987,-2.514570951461792e-07,7276.0,5,0.0,0.0,0.0,0.0,True,,,,,,,"[""read""]",-5.812500065541826,0.0,"[""search""]",1.6874999845167622,0.0,0.7142857142857143,False,False,True
False,state_answers,4,state-r1-q032-t017,"['/data/zhaogangyi/picorer-eval/qwen36-v100-sufficiency-dynamics-20260912/probes-v2/599d8f91829b/step-017/qwen-r1/native-s.request.json', '/data/zhaogangyi/picorer-eval/qwen36-v100-sufficiency-dynamics-20260912/probes-v2/599d8f91829b/step-017/qwen-r2/native-s.request.json']",32,3e4e5b15436bf6aa0a163eb52ab4c978e305bd0241c7ec43dab09e79236a6887,agentmemorybench:fact-mh-262k:context-0/factconsolidation_mh_262k_no32,0.0,1,17,22,2,-2.6250000037252903,0.0675466909049949,-0.249999813735485,27458.0,5,0.0,0.0,0.0,0.0,True,,,,,,,"[""read""]",-4.125000081025064,0.0,"[""read""]",1.5000000772997737,0.0,0.7619047619047619,False,False,True
False,state_answers,4,state-r1-q032-t018,"['/data/zhaogangyi/picorer-eval/qwen36-v100-sufficiency-dynamics-20260912/probes-v2/599d8f91829b/step-018/qwen-r1/native-s.request.json', '/data/zhaogangyi/picorer-eval/qwen36-v100-sufficiency-dynamics-20260912/probes-v2/599d8f91829b/step-018/qwen-r2/native-s.request.json']",32,5955f2d6bc9787cb0c66cf224f45b352dff28b47b34fcaa72407cd508a22dae3,agentmemorybench:fact-mh-262k:context-0/factconsolidation_mh_262k_no32,0.0,1,18,22,2,-2.4374999552965164,0.0803574721258011,0.1249999403953552,32390.0,5,0.0,0.0,0.0,0.0,True,,,,,,,"[""read""]",-2.6250000037252903,0.0,"[""read""]",0.18750004842877388,0.0,0.8095238095238095,True,False,True
False,state_answers,4,state-r1-q032-t019,"['/data/zhaogangyi/picorer-eval/qwen36-v100-sufficiency-dynamics-20260912/probes-v2/599d8f91829b/step-019/qwen-r1/native-s.request.json', '/data/zhaogangyi/picorer-eval/qwen36-v100-sufficiency-dynamics-20260912/probes-v2/599d8f91829b/step-019/qwen-r2/native-s.request.json']",32,966c688182ac94a1b867d9bba7ce15210c48df226d53c8a62b8cdf94abcc87a3,agentmemorybench:fact-mh-262k:context-0/factconsolidation_mh_262k_no32,0.25,1,19,22,2,-1.1250000298023224,0.2450850076183952,0.0,22958.0,5,0.2,0.0,0.0001397135871463,2.0,True,,,,,,,"[""read""]",-2.4374999552965164,0.0,"[""read""]",1.312499925494194,0.25,0.8571428571428571,True,True,True
False,state_answers,4,state-r1-q032-t020,"['/data/zhaogangyi/picorer-eval/qwen36-v100-sufficiency-dynamics-20260912/probes-v2/599d8f91829b/step-020/qwen-r1/native-s.request.json', '/data/zhaogangyi/picorer-eval/qwen36-v100-sufficiency-dynamics-20260912/probes-v2/599d8f91829b/step-020/qwen-r2/native-s.request.json']",32,9600cd36debafa2bbe049ce8da0c09effcdd9eb3a23a2ee87ca25aa0df1a58c2,agentmemorybench:fact-mh-262k:context-0/factconsolidation_mh_262k_no32,0.25,1,20,22,2,-2.375000052154064,0.085099040946451,-8.940696716308595e-08,23117.0,5,0.4,0.0,0.0002052224187169,2.0,True,,,,,,,"[""read""]",-1.1250000298023224,0.25,"[""read""]",-1.2500000223517418,0.0,0.9047619047619048,True,False,False
False,state_answers,4,state-r1-q032-t021,"['/data/zhaogangyi/picorer-eval/qwen36-v100-sufficiency-dynamics-20260912/probes-v2/599d8f91829b/step-021/qwen-r1/native-s.request.json', '/data/zhaogangyi/picorer-eval/qwen36-v100-sufficiency-dynamics-20260912/probes-v2/599d8f91829b/step-021/qwen-r2/native-s.request.json']",32,1855781e1dfbe6f759f64257aeabf7f32faa510e099a431c3d359776956c0fee,agentmemorybench:fact-mh-262k:context-0/factconsolidation_mh_262k_no32,0.25,1,21,22,2,-2.749999964609742,0.0600866521727165,-2.60770320892334e-08,23487.0,5,0.0,0.0,0.0,1.0,True,,,,,,,"[""search""]",-2.375000052154064,0.25,"[""read""]",-0.374999912455678,0.0,0.9523809523809523,True,False,False
False,state_answers,4,state-r1-q032-t022,"['/data/zhaogangyi/picorer-eval/qwen36-v100-sufficiency-dynamics-20260912/probes-v2/599d8f91829b/step-022/qwen-r1/native-s.request.json', '/data/zhaogangyi/picorer-eval/qwen36-v100-sufficiency-dynamics-20260912/probes-v2/599d8f91829b/step-022/qwen-r2/native-s.request.json']",32,919dc95d5560ed316303b1e6e95deb21bc7d350d7d5e2bd0132f12f54d32e3e9,agentmemorybench:fact-mh-262k:context-0/factconsolidation_mh_262k_no32,0.25,1,22,22,2,-4.562499976716936,0.0103281527572926,-0.1249999273568391,10632.0,5,0.0,0.0,0.0,1.0,True,,,,,,,"[""finish""]",-2.749999964609742,0.25,"[""search""]",-1.8125000121071935,0.0,1.0,False,False,False
False,state_answers,4,state-r2-q032-t002,"['/data/zhaogangyi/picorer-eval/qwen36-v100-sufficiency-dynamics-replicate-2-20260912/probes-v2/599d8f91829b/step-002/qwen-r1/native-s.request.json', '/data/zhaogangyi/picorer-eval/qwen36-v100-sufficiency-dynamics-replicate-2-20260912/probes-v2/599d8f91829b/step-002/qwen-r2/native-s.request.json']",32,76306de0e69021309536746ae4d795aa9b94d31239b58ff820f4e9ee614a75e0,agentmemorybench:fact-mh-262k:context-0/factconsolidation_mh_262k_no32,0.0,2,2,12,2,-4.499999877996743,0.0109869439563086,-5.960464477539064e-08,9047.0,5,0.0,0.0,0.0,0.0,True,,,,,,,"[""search""]",-3.8749999441206455,0.0,"[""search""]",-0.6249999338760972,0.0,0.09090909090909091,False,False,False
False,state_answers,4,state-r2-q032-t003,"['/data/zhaogangyi/picorer-eval/qwen36-v100-sufficiency-dynamics-replicate-2-20260912/probes-v2/599d8f91829b/step-003/qwen-r1/native-s.request.json', '/data/zhaogangyi/picorer-eval/qwen36-v100-sufficiency-dynamics-replicate-2-20260912/probes-v2/599d8f91829b/step-003/qwen-r2/native-s.request.json']",32,76d112fdd3187d2f8dc9fe612569d85f7f888f7010c25b5893a400f87706d5c5,agentmemorybench:fact-mh-262k:context-0/factconsolidation_mh_262k_no32,0.0,2,3,12,2,-5.750000154832378,0.0031726823528097,0.0,9530.0,5,0.0,0.0,0.0,0.0,True,,,,,,,"[""read""]",-4.499999877996743,0.0,"[""search""]",-1.2500002768356353,0.0,0.18181818181818182,False,False,False
False,state_answers,4,state-r2-q032-t004,"['/data/zhaogangyi/picorer-eval/qwen36-v100-sufficiency-dynamics-replicate-2-20260912/probes-v2/599d8f91829b/step-004/qwen-r1/native-s.request.json', '/data/zhaogangyi/picorer-eval/qwen36-v100-sufficiency-dynamics-replicate-2-20260912/probes-v2/599d8f91829b/step-004/qwen-r2/native-s.request.json']",32,6f938a6783897c6684b7e44053e28472488e9721d63942e203fe2386a2e15a9e,agentmemorybench:fact-mh-262k:context-0/factconsolidation_mh_262k_no32,0.0,2,4,12,2,-1.9999999403953552,0.119202928280223,0.0,21920.0,5,0.0,0.0,0.0,0.0,True,,,,,,,"[""search""]",-5.750000154832378,0.0,"[""read""]",3.750000214437023,0.0,0.2727272727272727,True,False,True
False,state_answers,4,state-r2-q032-t005,"['/data/zhaogangyi/picorer-eval/qwen36-v100-sufficiency-dynamics-replicate-2-20260912/probes-v2/599d8f91829b/step-005/qwen-r1/native-s.request.json', '/data/zhaogangyi/picorer-eval/qwen36-v100-sufficiency-dynamics-replicate-2-20260912/probes-v2/599d8f91829b/step-005/qwen-r2/native-s.request.json']",32,d139907c1bd53fa6d0f27e3efa3533280e9b3b4f4f4256e66ab91a7c03be439b,agentmemorybench:fact-mh-262k:context-0/factconsolidation_mh_262k_no32,0.0,2,5,12,2,-2.062500096857548,0.1127953965901066,0.1250000149011612,9797.0,5,0.0,0.0,0.0,0.0,True,,,,,,,"[""search""]",-1.9999999403953552,0.0,"[""search""]",-0.06250015646219298,0.0,0.36363636363636365,False,False,False
False,state_answers,4,state-r2-q032-t006,"['/data/zhaogangyi/picorer-eval/qwen36-v100-sufficiency-dynamics-replicate-2-20260912/probes-v2/599d8f91829b/step-006/qwen-r1/native-s.request.json', '/data/zhaogangyi/picorer-eval/qwen36-v100-sufficiency-dynamics-replicate-2-20260912/probes-v2/599d8f91829b/step-006/qwen-r2/native-s.request.json']",32,d3f30b9877430057f062652fe59e00e50e60b0515fdf29aa62369ec908ce40c5,agentmemorybench:fact-mh-262k:context-0/factconsolidation_mh_262k_no32,0.0,2,6,12,2,0.9374999850988388,0.7185943895575957,0.1250000894069671,10142.0,5,0.0,0.0,0.0,0.0,True,,,,,,,[],-2.062500096857548,0.0,"[""search""]",3.000000081956387,0.0,0.45454545454545453,False,False,True
False,state_answers,4,state-r2-q032-t007,"['/data/zhaogangyi/picorer-eval/qwen36-v100-sufficiency-dynamics-replicate-2-20260912/probes-v2/599d8f91829b/step-007/qwen-r1/native-s.request.json', '/data/zhaogangyi/picorer-eval/qwen36-v100-sufficiency-dynamics-replicate-2-20260912/probes-v2/599d8f91829b/step-007/qwen-r2/native-s.request.json']",32,722727616bd6087a349a6bc266ffc55b134ad8c62571675c64c22243e7cc99e6,agentmemorybench:fact-mh-262k:context-0/factconsolidation_mh_262k_no32,0.0,2,7,12,2,-4.2500001434236765,0.0140636250545556,0.0,4325.0,5,0.0,0.0,0.0,0.0,True,,,,,,,"[""search""]",0.9374999850988388,0.0,[],-5.187500128522515,0.0,0.5454545454545454,False,False,False
False,state_answers,4,state-r2-q032-t008,"['/data/zhaogangyi/picorer-eval/qwen36-v100-sufficiency-dynamics-replicate-2-20260912/probes-v2/599d8f91829b/step-008/qwen-r1/native-s.request.json', '/data/zhaogangyi/picorer-eval/qwen36-v100-sufficiency-dynamics-replicate-2-20260912/probes-v2/599d8f91829b/step-008/qwen-r2/native-s.request.json']",32,f94b0c79a826cfdf7a0a91cee68b0d1cdfee837e5079eda207f1c0368782fd5a,agentmemorybench:fact-mh-262k:context-0/factconsolidation_mh_262k_no32,0.0,2,8,12,2,1.3750000447034836,0.7981867849406659,0.0,9843.0,5,0.0,0.0,0.0,0.0,True,,,,,,,"[""search""]",-4.2500001434236765,0.0,"[""search""]",5.62500018812716,0.0,0.6363636363636364,False,False,True
False,state_answers,4,state-r2-q032-t009,"['/data/zhaogangyi/picorer-eval/qwen36-v100-sufficiency-dynamics-replicate-2-20260912/probes-v2/599d8f91829b/step-009/qwen-r1/native-s.request.json', '/data/zhaogangyi/picorer-eval/qwen36-v100-sufficiency-dynamics-replicate-2-20260912/probes-v2/599d8f91829b/step-009/qwen-r2/native-s.request.json']",32,b16a1e24ee5bd3046e02b7457cff3e30b28aa1fc72e45f08195a81122160c238,agentmemorybench:fact-mh-262k:context-0/factconsolidation_mh_262k_no32,0.0,2,9,12,2,1.5000000447034836,0.8175744828610095,0.0,10102.0,5,0.0,0.0,0.0,0.0,True,,,,,,,"[""read""]",1.3750000447034836,0.0,"[""search""]",0.125,0.0,0.7272727272727273,False,False,True
False,state_answers,4,state-r2-q032-t010,"['/data/zhaogangyi/picorer-eval/qwen36-v100-sufficiency-dynamics-replicate-2-20260912/probes-v2/599d8f91829b/step-010/qwen-r1/native-s.request.json', '/data/zhaogangyi/picorer-eval/qwen36-v100-sufficiency-dynamics-replicate-2-20260912/probes-v2/599d8f91829b/step-010/qwen-r2/native-s.request.json']",32,642ee5a6e9c916b744f1e35b74f6223903a9f9fce68b194b1be22f80fe91afee,agentmemorybench:fact-mh-262k:context-0/factconsolidation_mh_262k_no32,0.0,2,10,12,2,0.9375000149011612,0.7185943955841166,0.1249999701976776,20621.0,5,0.0,0.0,0.0,1.0,True,,,,,,,"[""search""]",1.5000000447034836,0.0,"[""read""]",-0.5625000298023224,0.0,0.8181818181818182,True,False,False
False,state_answers,4,state-r2-q032-t011,"['/data/zhaogangyi/picorer-eval/qwen36-v100-sufficiency-dynamics-replicate-2-20260912/probes-v2/599d8f91829b/step-011/qwen-r1/native-s.request.json', '/data/zhaogangyi/picorer-eval/qwen36-v100-sufficiency-dynamics-replicate-2-20260912/probes-v2/599d8f91829b/step-011/qwen-r2/native-s.request.json']",32,7f89c5ca4937f2188905290c1623bde87fd32e21e8539673331611a3eb2d83ac,agentmemorybench:fact-mh-262k:context-0/factconsolidation_mh_262k_no32,0.0,2,11,12,2,2.000000052154064,0.8807970834537245,4.4703483581542975e-08,10328.0,5,0.0,0.0,0.0,0.0,True,,,,,,,"[""read""]",0.9375000149011612,0.0,"[""search""]",1.062500037252903,0.0,0.9090909090909091,False,False,True
False,state_answers,4,state-r2-q032-t012,"['/data/zhaogangyi/picorer-eval/qwen36-v100-sufficiency-dynamics-replicate-2-20260912/probes-v2/599d8f91829b/step-012/qwen-r1/native-s.request.json', '/data/zhaogangyi/picorer-eval/qwen36-v100-sufficiency-dynamics-replicate-2-20260912/probes-v2/599d8f91829b/step-012/qwen-r2/native-s.request.json']",32,c06dfd664b1a7d29718bcbee02eb0c78df891d233776dc68389fa8fe5ad49fcf,agentmemorybench:fact-mh-262k:context-0/factconsolidation_mh_262k_no32,0.0,2,12,12,2,5.375000098720193,0.995390428273586,2.3748725652694705e-07,20582.0,5,0.2,0.0,0.0001136686558681,2.0,True,,,,,,,"[""finish""]",2.000000052154064,0.0,"[""read""]",3.3750000465661287,0.0,1.0,True,False,True
False,state_answers,4,state-r3-q032-t002,"['/data/zhaogangyi/picorer-eval/qwen36-v100-sufficiency-dynamics-replicate-3-20260912/probes-v2/599d8f91829b/step-002/qwen-r1/native-s.request.json', '/data/zhaogangyi/picorer-eval/qwen36-v100-sufficiency-dynamics-replicate-3-20260912/probes-v2/599d8f91829b/step-002/qwen-r2/native-s.request.json']",32,fc9f4e032a82617901cd4b013ef6328e13e01bd65211992a2c1da645d237ddb7,agentmemorybench:fact-mh-262k:context-0/factconsolidation_mh_262k_no32,0.0,3,2,16,2,-6.4374999784631655,0.0015978455283748,0.1249999115243554,9168.0,5,0.0,0.0,0.0,0.0,True,,,,,,,"[""search""]",-3.9375000121071935,0.0,"[""search""]",-2.499999966355972,0.0,0.06666666666666667,False,False,False
False,state_answers,4,state-r3-q032-t003,"['/data/zhaogangyi/picorer-eval/qwen36-v100-sufficiency-dynamics-replicate-3-20260912/probes-v2/599d8f91829b/step-003/qwen-r1/native-s.request.json', '/data/zhaogangyi/picorer-eval/qwen36-v100-sufficiency-dynamics-replicate-3-20260912/probes-v2/599d8f91829b/step-003/qwen-r2/native-s.request.json']",32,d8c471885df9f509cdc2dbdd8b2c78ccdbaababa27319d880719ef3d33f9fec3,agentmemorybench:fact-mh-262k:context-0/factconsolidation_mh_262k_no32,0.0,3,3,16,2,-5.625000084983185,0.0035936022771217,-1.6298145055770874e-08,9658.0,5,0.0,0.0,0.0,0.0,True,,,,,,,"[""search""]",-6.4374999784631655,0.0,"[""search""]",0.8124998934799805,0.0,0.13333333333333333,False,False,True
False,state_answers,4,state-r3-q032-t004,"['/data/zhaogangyi/picorer-eval/qwen36-v100-sufficiency-dynamics-replicate-3-20260912/probes-v2/599d8f91829b/step-004/qwen-r1/native-s.request.json', '/data/zhaogangyi/picorer-eval/qwen36-v100-sufficiency-dynamics-replicate-3-20260912/probes-v2/599d8f91829b/step-004/qwen-r2/native-s.request.json']",32,939c4f1b647dc1dc0295deebf51514f5daf06f000731a740bbfad733d4b1c089,agentmemorybench:fact-mh-262k:context-0/factconsolidation_mh_262k_no32,0.0,3,4,16,2,-4.9999999813735485,0.0066928510481145,-4.228204488754273e-07,9739.0,5,0.0,0.0,0.0,0.0,True,,,,,,,"[""search""]",-5.625000084983185,0.0,"[""search""]",0.6250001036096364,0.0,0.2,False,False,True
False,state_answers,4,state-r3-q032-t005,"['/data/zhaogangyi/picorer-eval/qwen36-v100-sufficiency-dynamics-replicate-3-20260912/probes-v2/599d8f91829b/step-005/qwen-r1/native-s.request.json', '/data/zhaogangyi/picorer-eval/qwen36-v100-sufficiency-dynamics-replicate-3-20260912/probes-v2/599d8f91829b/step-005/qwen-r2/native-s.request.json']",32,b3e325417d20b0ffd2e2f0c1a44a0cd8381c4de1c006e86bd44988e02ec1929a,agentmemorybench:fact-mh-262k:context-0/factconsolidation_mh_262k_no32,0.0,3,5,16,2,-0.6875,0.334589441253186,-0.125,10171.0,5,0.0,0.0,0.0,0.0,True,,,,,,,"[""workingMemory""]",-4.9999999813735485,0.0,"[""search""]",4.3124999813735485,0.0,0.26666666666666666,False,False,True
False,state_answers,4,state-r3-q032-t006,"['/data/zhaogangyi/picorer-eval/qwen36-v100-sufficiency-dynamics-replicate-3-20260912/probes-v2/599d8f91829b/step-006/qwen-r1/native-s.request.json', '/data/zhaogangyi/picorer-eval/qwen36-v100-sufficiency-dynamics-replicate-3-20260912/probes-v2/599d8f91829b/step-006/qwen-r2/native-s.request.json']",32,461682011f644e301381512ca8e84970c36c7a82a023f21c5ab8ad89bf220c5d,agentmemorybench:fact-mh-262k:context-0/factconsolidation_mh_262k_no32,0.0,3,6,16,2,-1.5625000223517418,0.1732882027272294,0.1250000745058059,5120.0,5,0.0,0.0,0.0,0.0,True,,,,,,,"[""workingMemory""]",-0.6875,0.0,"[""workingMemory""]",-0.8750000223517418,0.0,0.3333333333333333,False,False,False
False,state_answers,4,state-r3-q032-t007,"['/data/zhaogangyi/picorer-eval/qwen36-v100-sufficiency-dynamics-replicate-3-20260912/probes-v2/599d8f91829b/step-007/qwen-r1/native-s.request.json', '/data/zhaogangyi/picorer-eval/qwen36-v100-sufficiency-dynamics-replicate-3-20260912/probes-v2/599d8f91829b/step-007/qwen-r2/native-s.request.json']",32,699649c232f5e0c2bb5d88b65f9bd347ac7363975bbea9bf086bc727fd87e5ed,agentmemorybench:fact-mh-262k:context-0/factconsolidation_mh_262k_no32,0.0,3,7,16,2,-1.1250000149011612,0.2450850103753834,8.940696716308595e-08,5265.0,5,0.0,0.0,0.0,0.0,True,,,,,,,"[""search""]",-1.5625000223517418,0.0,"[""workingMemory""]",0.4375000074505806,0.0,0.4,False,False,True
False,state_answers,4,state-r3-q032-t008,"['/data/zhaogangyi/picorer-eval/qwen36-v100-sufficiency-dynamics-replicate-3-20260912/probes-v2/599d8f91829b/step-008/qwen-r1/native-s.request.json', '/data/zhaogangyi/picorer-eval/qwen36-v100-sufficiency-dynamics-replicate-3-20260912/probes-v2/599d8f91829b/step-008/qwen-r2/native-s.request.json']",32,7f7b157fd900f0518286d43333bb26dacf9b622bb002ee7ca4cbec9c1ce5f7af,agentmemorybench:fact-mh-262k:context-0/factconsolidation_mh_262k_no32,0.0,3,8,16,2,0.9999999701976776,0.7310585727705126,5.960464477539064e-08,10554.0,5,0.0,0.0,0.0,0.0,True,,,,,,,"[""read""]",-1.1250000149011612,0.0,"[""search""]",2.124999985098839,0.0,0.4666666666666667,False,False,True
False,state_answers,4,state-r3-q032-t009,"['/data/zhaogangyi/picorer-eval/qwen36-v100-sufficiency-dynamics-replicate-3-20260912/probes-v2/599d8f91829b/step-009/qwen-r1/native-s.request.json', '/data/zhaogangyi/picorer-eval/qwen36-v100-sufficiency-dynamics-replicate-3-20260912/probes-v2/599d8f91829b/step-009/qwen-r2/native-s.request.json']",32,f1ad702cd03055d203f46ce5912da7b991c100c1193152c0bbaed3736ff8a9d2,agentmemorybench:fact-mh-262k:context-0/factconsolidation_mh_262k_no32,0.5,3,9,16,2,0.8124999701976776,0.6926419767901475,0.1249999403953552,25916.0,5,0.0,0.0,0.0,0.0,True,,,,,,,[],0.9999999701976776,0.0,"[""read""]",-0.1875,0.5,0.5333333333333333,True,True,False
False,state_answers,4,state-r3-q032-t010,"['/data/zhaogangyi/picorer-eval/qwen36-v100-sufficiency-dynamics-replicate-3-20260912/probes-v2/599d8f91829b/step-010/qwen-r1/native-s.request.json', '/data/zhaogangyi/picorer-eval/qwen36-v100-sufficiency-dynamics-replicate-3-20260912/probes-v2/599d8f91829b/step-010/qwen-r2/native-s.request.json']",32,a93fdbb96220bae7c1c9cfd96a981de67734956910ee6d064456cb566ba17485,agentmemorybench:fact-mh-262k:context-0/factconsolidation_mh_262k_no32,0.5,3,10,16,2,2.9999999590218067,0.9525741249711752,6.705522537231445e-08,4455.0,5,0.0,0.0,0.0,0.0,True,,,,,,,"[""search""]",0.8124999701976776,0.5,[],2.187499988824129,0.0,0.6,False,False,True
False,state_answers,4,state-r3-q032-t011,"['/data/zhaogangyi/picorer-eval/qwen36-v100-sufficiency-dynamics-replicate-3-20260912/probes-v2/599d8f91829b/step-011/qwen-r1/native-s.request.json', '/data/zhaogangyi/picorer-eval/qwen36-v100-sufficiency-dynamics-replicate-3-20260912/probes-v2/599d8f91829b/step-011/qwen-r2/native-s.request.json']",32,0a18170c01b9c582bba1f88447c26c0756994b3817782f605cad625681e19037,agentmemorybench:fact-mh-262k:context-0/factconsolidation_mh_262k_no32,0.5,3,11,16,2,-1.0625000298023224,0.2568319856991699,0.1249999403953552,9686.0,5,0.0,0.0,0.0,0.0,True,,,,,,,"[""read""]",2.9999999590218067,0.5,"[""search""]",-4.062499988824129,0.0,0.6666666666666666,False,False,False
False,state_answers,4,state-r3-q032-t012,"['/data/zhaogangyi/picorer-eval/qwen36-v100-sufficiency-dynamics-replicate-3-20260912/probes-v2/599d8f91829b/step-012/qwen-r1/native-s.request.json', '/data/zhaogangyi/picorer-eval/qwen36-v100-sufficiency-dynamics-replicate-3-20260912/probes-v2/599d8f91829b/step-012/qwen-r2/native-s.request.json']",32,876e7d85be6dc01cd1e6f3ddc390c64de82ac06d62865b42c09f17ed45c3fbec,agentmemorybench:fact-mh-262k:context-0/factconsolidation_mh_262k_no32,0.5,3,12,16,2,-0.125,0.4687906266262437,-0.25,25516.0,5,0.0,0.0,0.0,0.0,True,,,,,,,"[""search""]",-1.0625000298023224,0.5,"[""read""]",0.9375000298023224,0.0,0.7333333333333333,True,False,True
False,state_answers,4,state-r3-q032-t013,"['/data/zhaogangyi/picorer-eval/qwen36-v100-sufficiency-dynamics-replicate-3-20260912/probes-v2/599d8f91829b/step-013/qwen-r1/native-s.request.json', '/data/zhaogangyi/picorer-eval/qwen36-v100-sufficiency-dynamics-replicate-3-20260912/probes-v2/599d8f91829b/step-013/qwen-r2/native-s.request.json']",32,03ece9f08e03f6cbac3334a4f387df04059d19ab32e1293af5e966c3a5f026e8,agentmemorybench:fact-mh-262k:context-0/factconsolidation_mh_262k_no32,0.5,3,13,16,2,1.1874999701976776,0.7662936377487304,0.1250000596046447,9901.0,5,0.0,0.0,0.0,1.0,True,,,,,,,"[""read""]",-0.125,0.5,"[""search""]",1.3124999701976776,0.0,0.8,False,False,True
False,state_answers,4,state-r3-q032-t014,"['/data/zhaogangyi/picorer-eval/qwen36-v100-sufficiency-dynamics-replicate-3-20260912/probes-v2/599d8f91829b/step-014/qwen-r1/native-s.request.json', '/data/zhaogangyi/picorer-eval/qwen36-v100-sufficiency-dynamics-replicate-3-20260912/probes-v2/599d8f91829b/step-014/qwen-r2/native-s.request.json']",32,72ebc15897803cab0077fd612c978ae1be521d6148cb1c5eb8a8c8702d6fcc0f,agentmemorybench:fact-mh-262k:context-0/factconsolidation_mh_262k_no32,0.5,3,14,16,2,1.5,0.8175744761936437,5.960464477539064e-08,22774.0,5,0.0,0.0,0.0,0.0,True,,,,,,,"[""search""]",1.1874999701976776,0.5,"[""read""]",0.3125000298023224,0.0,0.8666666666666667,True,False,True
False,state_answers,4,state-r3-q032-t015,"['/data/zhaogangyi/picorer-eval/qwen36-v100-sufficiency-dynamics-replicate-3-20260912/probes-v2/599d8f91829b/step-015/qwen-r1/native-s.request.json', '/data/zhaogangyi/picorer-eval/qwen36-v100-sufficiency-dynamics-replicate-3-20260912/probes-v2/599d8f91829b/step-015/qwen-r2/native-s.request.json']",32,ae0ea9ee223fa1bdbb024e9a38a91fe77f96ef9195690c8a569d0e0f0bd765c0,agentmemorybench:fact-mh-262k:context-0/factconsolidation_mh_262k_no32,0.5,3,15,16,2,-1.3125000074505806,0.2120688031121459,0.1249999552965164,10350.0,5,0.0,0.0,0.0,1.0,True,,,,,,,"[""search""]",1.5,0.5,"[""search""]",-2.8125000074505806,0.0,0.9333333333333333,False,False,False
False,state_answers,4,state-r3-q032-t016,"['/data/zhaogangyi/picorer-eval/qwen36-v100-sufficiency-dynamics-replicate-3-20260912/probes-v2/599d8f91829b/step-016/qwen-r1/native-s.request.json', '/data/zhaogangyi/picorer-eval/qwen36-v100-sufficiency-dynamics-replicate-3-20260912/probes-v2/599d8f91829b/step-016/qwen-r2/native-s.request.json']",32,ca1c20e9557f51efe264a1d9cecb9bfce3a5136ad42fb6ca351e20f7aa51e4bc,agentmemorybench:fact-mh-262k:context-0/factconsolidation_mh_262k_no32,0.5,3,16,16,2,-3.5624999897554517,0.0275852825015931,0.1250001098960638,5873.0,5,0.0,0.0,0.0,0.0,True,,,,,,,"[""finish""]",-1.3125000074505806,0.5,"[""search""]",-2.249999982304871,0.0,1.0,False,False,False
False,state_answers,3,state-r1-q034-t002,"['/data/zhaogangyi/picorer-eval/qwen36-v100-sufficiency-dynamics-20260912/probes-v2/ab492dfd386d/step-002/qwen-r1/native-s.request.json', '/data/zhaogangyi/picorer-eval/qwen36-v100-sufficiency-dynamics-20260912/probes-v2/ab492dfd386d/step-002/qwen-r2/native-s.request.json']",34,e29cac5607e8b600c25c52c10f746d7116244f658db5323f4e52387e1eb7fe15,agentmemorybench:fact-mh-262k:context-0/factconsolidation_mh_262k_no34,0.0,1,2,13,2,-3.625000085681677,0.025957355031458,0.0,9176.0,5,0.0,0.0,0.0,0.0,True,,,,,,,"[""search""]",-5.2500001126900315,0.0,"[""search""]",1.6250000270083547,0.0,0.08333333333333333,False,False,True
False,state_answers,3,state-r1-q034-t003,"['/data/zhaogangyi/picorer-eval/qwen36-v100-sufficiency-dynamics-20260912/probes-v2/ab492dfd386d/step-003/qwen-r1/native-s.request.json', '/data/zhaogangyi/picorer-eval/qwen36-v100-sufficiency-dynamics-20260912/probes-v2/ab492dfd386d/step-003/qwen-r2/native-s.request.json']",34,fecac45956b155ba999a345f00ad1d0a3015f97aa9fee25b24beb9ffaabf9a6f,agentmemorybench:fact-mh-262k:context-0/factconsolidation_mh_262k_no34,0.0,1,3,13,2,-6.874999932246283,0.0010322311066201,0.0,9292.0,5,0.0,0.0,0.0,0.0,True,,,,,,,"[""search""]",-3.625000085681677,0.0,"[""search""]",-3.249999846564606,0.0,0.16666666666666666,False,False,False
False,state_answers,3,state-r1-q034-t004,"['/data/zhaogangyi/picorer-eval/qwen36-v100-sufficiency-dynamics-20260912/probes-v2/ab492dfd386d/step-004/qwen-r1/native-s.request.json', '/data/zhaogangyi/picorer-eval/qwen36-v100-sufficiency-dynamics-20260912/probes-v2/ab492dfd386d/step-004/qwen-r2/native-s.request.json']",34,d1ea62b4126bc320ab1c21bf9dac674e027fc81eb335ece06bef9757217acb91,agentmemorybench:fact-mh-262k:context-0/factconsolidation_mh_262k_no34,0.0,1,4,13,2,-6.375000032945536,0.0017007223554993,0.2500001501757651,9510.0,5,0.0,0.0,0.0,0.0,True,,,,,,,"[""search_more""]",-6.874999932246283,0.0,"[""search""]",0.4999998993007466,0.0,0.25,False,False,True
False,state_answers,3,state-r1-q034-t005,"['/data/zhaogangyi/picorer-eval/qwen36-v100-sufficiency-dynamics-20260912/probes-v2/ab492dfd386d/step-005/qwen-r1/native-s.request.json', '/data/zhaogangyi/picorer-eval/qwen36-v100-sufficiency-dynamics-20260912/probes-v2/ab492dfd386d/step-005/qwen-r2/native-s.request.json']",34,0c99ea73ee625d2334df3b0290984e958b6e39d126edf3db359913308d7634a9,agentmemorybench:fact-mh-262k:context-0/factconsolidation_mh_262k_no34,0.0,1,5,13,2,-6.187500033760443,0.0020507434708253,0.1249999180436134,9661.0,5,0.0,0.0,0.0,0.0,True,,,,,,,"[""read""]",-6.375000032945536,0.0,"[""search_more""]",0.18749999918509275,0.0,0.3333333333333333,False,False,True
False,state_answers,3,state-r1-q034-t006,"['/data/zhaogangyi/picorer-eval/qwen36-v100-sufficiency-dynamics-20260912/probes-v2/ab492dfd386d/step-006/qwen-r1/native-s.request.json', '/data/zhaogangyi/picorer-eval/qwen36-v100-sufficiency-dynamics-20260912/probes-v2/ab492dfd386d/step-006/qwen-r2/native-s.request.json']",34,2b8b013c5b08c6456a9e8999cd1c68ed601520dd0b2cf317f720d13aba4ae9a7,agentmemorybench:fact-mh-262k:context-0/factconsolidation_mh_262k_no34,0.3333333333333333,1,6,13,2,-6.625000098254532,0.0013250222871962,0.2500000249128788,19801.0,5,0.0,0.0,0.0,0.0,True,,,,,,,"[""search""]",-6.187500033760443,0.0,"[""read""]",-0.4375000644940883,0.3333333333333333,0.4166666666666667,True,True,False
False,state_answers,3,state-r1-q034-t007,"['/data/zhaogangyi/picorer-eval/qwen36-v100-sufficiency-dynamics-20260912/probes-v2/ab492dfd386d/step-007/qwen-r1/native-s.request.json', '/data/zhaogangyi/picorer-eval/qwen36-v100-sufficiency-dynamics-20260912/probes-v2/ab492dfd386d/step-007/qwen-r2/native-s.request.json']",34,dfccd3df3bd8583f63c93817b501707910e0db420b6c6beb1fdce9989baad11c,agentmemorybench:fact-mh-262k:context-0/factconsolidation_mh_262k_no34,0.3333333333333333,1,7,13,2,-6.2499999408610165,0.001926734777053,0.0,10078.0,5,0.0,0.0,0.0,0.0,True,,,,,,,"[""search""]",-6.625000098254532,0.3333333333333333,"[""search""]",0.3750001573935151,0.0,0.5,False,False,True
False,state_answers,3,state-r1-q034-t008,"['/data/zhaogangyi/picorer-eval/qwen36-v100-sufficiency-dynamics-20260912/probes-v2/ab492dfd386d/step-008/qwen-r1/native-s.request.json', '/data/zhaogangyi/picorer-eval/qwen36-v100-sufficiency-dynamics-20260912/probes-v2/ab492dfd386d/step-008/qwen-r2/native-s.request.json']",34,82ccb83459a04166640d736cc704cc30a5998550184d2eedc5f5c907b7494410,agentmemorybench:fact-mh-262k:context-0/factconsolidation_mh_262k_no34,0.3333333333333333,1,8,13,2,-5.562499824911356,0.0038244843116999,-0.124999901279807,10262.0,5,0.0,0.0,0.0,0.0,True,,,,,,,"[""search""]",-6.2499999408610165,0.3333333333333333,"[""search""]",0.6875001159496605,0.0,0.5833333333333334,False,False,True
False,state_answers,3,state-r1-q034-t009,"['/data/zhaogangyi/picorer-eval/qwen36-v100-sufficiency-dynamics-20260912/probes-v2/ab492dfd386d/step-009/qwen-r1/native-s.request.json', '/data/zhaogangyi/picorer-eval/qwen36-v100-sufficiency-dynamics-20260912/probes-v2/ab492dfd386d/step-009/qwen-r2/native-s.request.json']",34,3aec501385d4997b07a9c8372c8ab4302259643d7fc4733333dcfaa4d8d879c6,agentmemorybench:fact-mh-262k:context-0/factconsolidation_mh_262k_no34,0.3333333333333333,1,9,13,2,-6.437500027357601,0.0015978454503739,0.1250001187436282,9499.0,5,0.0,0.0,0.0,0.0,True,,,,,,,"[""search""]",-5.562499824911356,0.3333333333333333,"[""search""]",-0.8750002024462447,0.0,0.6666666666666666,False,False,False
False,state_answers,3,state-r1-q034-t010,"['/data/zhaogangyi/picorer-eval/qwen36-v100-sufficiency-dynamics-20260912/probes-v2/ab492dfd386d/step-010/qwen-r1/native-s.request.json', '/data/zhaogangyi/picorer-eval/qwen36-v100-sufficiency-dynamics-20260912/probes-v2/ab492dfd386d/step-010/qwen-r2/native-s.request.json']",34,c72af91cf10ccfe055a59099d0876ab6f1dc5f4768ee4a2733e3f1af46db6630,agentmemorybench:fact-mh-262k:context-0/factconsolidation_mh_262k_no34,0.3333333333333333,1,10,13,2,-6.937499918218236,0.0009697520470137,-0.1250002282904461,10833.0,5,0.0,0.0,0.0,0.0,True,,,,,,,"[""search""]",-6.437500027357601,0.3333333333333333,"[""search""]",-0.4999998908606358,0.0,0.75,False,False,False
False,state_answers,3,state-r1-q034-t011,"['/data/zhaogangyi/picorer-eval/qwen36-v100-sufficiency-dynamics-20260912/probes-v2/ab492dfd386d/step-011/qwen-r1/native-s.request.json', '/data/zhaogangyi/picorer-eval/qwen36-v100-sufficiency-dynamics-20260912/probes-v2/ab492dfd386d/step-011/qwen-r2/native-s.request.json']",34,577d73968cf96d64f3573203a84d814dfb8ce57f47e2fa36efa6943c0bba3a2d,agentmemorybench:fact-mh-262k:context-0/factconsolidation_mh_262k_no34,0.3333333333333333,1,11,13,2,-7.312499974825187,0.0006667023260165,-0.1249995751422829,11255.0,5,0.0,0.0,0.0,0.0,True,,,,,,,"[""search_more""]",-6.937499918218236,0.3333333333333333,"[""search""]",-0.37500005660695024,0.0,0.8333333333333334,False,False,False
False,state_answers,3,state-r1-q034-t012,"['/data/zhaogangyi/picorer-eval/qwen36-v100-sufficiency-dynamics-20260912/probes-v2/ab492dfd386d/step-012/qwen-r1/native-s.request.json', '/data/zhaogangyi/picorer-eval/qwen36-v100-sufficiency-dynamics-20260912/probes-v2/ab492dfd386d/step-012/qwen-r2/native-s.request.json']",34,be4cbf32f061977f9fd88fa98292eb2354cc2c382f0c82d76502efb7725f8999,agentmemorybench:fact-mh-262k:context-0/factconsolidation_mh_262k_no34,0.3333333333333333,1,12,13,2,-6.874999820603989,0.0010322312217418,0.2500000284053385,11689.0,5,0.0,0.0,0.0,0.0,True,,,,,,,"[""search""]",-7.312499974825187,0.3333333333333333,"[""search_more""]",0.4375001542211976,0.0,0.9166666666666666,False,False,True
False,state_answers,3,state-r1-q034-t013,"['/data/zhaogangyi/picorer-eval/qwen36-v100-sufficiency-dynamics-20260912/probes-v2/ab492dfd386d/step-013/qwen-r1/native-s.request.json', '/data/zhaogangyi/picorer-eval/qwen36-v100-sufficiency-dynamics-20260912/probes-v2/ab492dfd386d/step-013/qwen-r2/native-s.request.json']",34,2ed06dd236aa1c8e24771b32e69e8db7ebe7208b25f08e1e822f21496a97f14e,agentmemorybench:fact-mh-262k:context-0/factconsolidation_mh_262k_no34,0.3333333333333333,1,13,13,2,-6.499999979976565,0.0015011822867506,-2.454034984111786e-07,7341.0,5,0.0,0.0,0.0,1.0,True,,,,,,,"[""finish""]",-6.874999820603989,0.3333333333333333,"[""search""]",0.3749998406274244,0.0,1.0,False,False,True
False,state_answers,3,state-r2-q034-t002,"['/data/zhaogangyi/picorer-eval/qwen36-v100-sufficiency-dynamics-replicate-2-20260912/probes-v2/ab492dfd386d/step-002/qwen-r1/native-s.request.json', '/data/zhaogangyi/picorer-eval/qwen36-v100-sufficiency-dynamics-replicate-2-20260912/probes-v2/ab492dfd386d/step-002/qwen-r2/native-s.request.json']",34,a681dff6e62046cbfe37c67c97067222e4683441408587a0cb7753bbf0e82e21,agentmemorybench:fact-mh-262k:context-0/factconsolidation_mh_262k_no34,0.0,2,2,9,2,-2.062500074505806,0.1127953988269035,-0.125,9016.0,5,0.0,0.0,0.0,0.0,True,,,,,,,"[""search""]",-5.2500001126900315,0.0,"[""search""]",3.1875000381842256,0.0,0.125,False,False,True
False,state_answers,3,state-r2-q034-t003,"['/data/zhaogangyi/picorer-eval/qwen36-v100-sufficiency-dynamics-replicate-2-20260912/probes-v2/ab492dfd386d/step-003/qwen-r1/native-s.request.json', '/data/zhaogangyi/picorer-eval/qwen36-v100-sufficiency-dynamics-replicate-2-20260912/probes-v2/ab492dfd386d/step-003/qwen-r2/native-s.request.json']",34,27104e98c4691f6a89f00ea0aa0dae1cf4831699072dc69b6632d56366b8bfb7,agentmemorybench:fact-mh-262k:context-0/factconsolidation_mh_262k_no34,0.0,2,3,9,2,-7.312499871390173,0.0006667023949308,0.125000043597538,9491.0,5,0.0,0.0,0.0,0.0,True,,,,,,,"[""read""]",-2.062500074505806,0.0,"[""search""]",-5.249999796884367,0.0,0.25,False,False,False
False,state_answers,3,state-r2-q034-t004,"['/data/zhaogangyi/picorer-eval/qwen36-v100-sufficiency-dynamics-replicate-2-20260912/probes-v2/ab492dfd386d/step-004/qwen-r1/native-s.request.json', '/data/zhaogangyi/picorer-eval/qwen36-v100-sufficiency-dynamics-replicate-2-20260912/probes-v2/ab492dfd386d/step-004/qwen-r2/native-s.request.json']",34,8bf039c43e05b8374057a8f371a8db13a93a2157e32af0a68eb8833b76ca3cd8,agentmemorybench:fact-mh-262k:context-0/factconsolidation_mh_262k_no34,0.3333333333333333,2,4,9,2,-6.3749998636194505,0.0017007226429862,-0.2500000280560925,19543.0,5,0.0,0.0,0.0,0.0,True,,,,,,,"[""search""]",-7.312499871390173,0.0,"[""read""]",0.9375000077707227,0.3333333333333333,0.375,True,True,True
False,state_answers,3,state-r2-q034-t005,"['/data/zhaogangyi/picorer-eval/qwen36-v100-sufficiency-dynamics-replicate-2-20260912/probes-v2/ab492dfd386d/step-005/qwen-r1/native-s.request.json', '/data/zhaogangyi/picorer-eval/qwen36-v100-sufficiency-dynamics-replicate-2-20260912/probes-v2/ab492dfd386d/step-005/qwen-r2/native-s.request.json']",34,870ad4bd09db42a848a3331400a4610257c8c8eb4120a6b79c5bd9664d3e2fed,agentmemorybench:fact-mh-262k:context-0/factconsolidation_mh_262k_no34,0.3333333333333333,2,5,9,2,-6.562500124389771,0.0014103583214312,-0.1250000043073669,10383.0,5,0.0,0.0,0.0,0.0,True,,,,,,,"[""search""]",-6.3749998636194505,0.3333333333333333,"[""search""]",-0.1875002607703209,0.0,0.5,False,False,False
False,state_answers,3,state-r2-q034-t006,"['/data/zhaogangyi/picorer-eval/qwen36-v100-sufficiency-dynamics-replicate-2-20260912/probes-v2/ab492dfd386d/step-006/qwen-r1/native-s.request.json', '/data/zhaogangyi/picorer-eval/qwen36-v100-sufficiency-dynamics-replicate-2-20260912/probes-v2/ab492dfd386d/step-006/qwen-r2/native-s.request.json']",34,5bc239670645ae2910089e2e3f50fe7caa7d6f4da692ed34a6b364eaeae08d00,agentmemorybench:fact-mh-262k:context-0/factconsolidation_mh_262k_no34,0.3333333333333333,2,6,9,2,-7.750000193016604,0.0004305569982557,0.2499999167630449,11143.0,5,0.0,0.0,0.0,0.0,True,,,,,,,"[""search_more""]",-6.562500124389771,0.3333333333333333,"[""search""]",-1.1875000686268322,0.0,0.625,False,False,False
False,state_answers,3,state-r2-q034-t007,"['/data/zhaogangyi/picorer-eval/qwen36-v100-sufficiency-dynamics-replicate-2-20260912/probes-v2/ab492dfd386d/step-007/qwen-r1/native-s.request.json', '/data/zhaogangyi/picorer-eval/qwen36-v100-sufficiency-dynamics-replicate-2-20260912/probes-v2/ab492dfd386d/step-007/qwen-r2/native-s.request.json']",34,5170e97fe149a2d557685e82debab6d0ac3f31114b1cfecc5c11b1fb46f8236a,agentmemorybench:fact-mh-262k:context-0/factconsolidation_mh_262k_no34,0.3333333333333333,2,7,9,2,-6.812500020721927,0.0010987310501818,-0.1250001043081283,11817.0,5,0.0,0.0,0.0,0.0,True,,,,,,,"[""read""]",-7.750000193016604,0.3333333333333333,"[""search_more""]",0.9375001722946763,0.0,0.75,False,False,True
False,state_answers,3,state-r2-q034-t008,"['/data/zhaogangyi/picorer-eval/qwen36-v100-sufficiency-dynamics-replicate-2-20260912/probes-v2/ab492dfd386d/step-008/qwen-r1/native-s.request.json', '/data/zhaogangyi/picorer-eval/qwen36-v100-sufficiency-dynamics-replicate-2-20260912/probes-v2/ab492dfd386d/step-008/qwen-r2/native-s.request.json']",34,ea970ced97d3514bf48d6d784a62c19ab5e2c8586cd61b0c18f5fc3fc51cd729,agentmemorybench:fact-mh-262k:context-0/factconsolidation_mh_262k_no34,0.3333333333333333,2,8,9,2,-7.875000101223122,0.0003799844763032,0.4999999849824235,26959.0,5,0.0,0.0,0.0,1.0,True,,,,,,,"[""search""]",-6.812500020721927,0.3333333333333333,"[""read""]",-1.062500080501195,0.0,0.875,True,False,False
False,state_answers,3,state-r2-q034-t009,"['/data/zhaogangyi/picorer-eval/qwen36-v100-sufficiency-dynamics-replicate-2-20260912/probes-v2/ab492dfd386d/step-009/qwen-r1/native-s.request.json', '/data/zhaogangyi/picorer-eval/qwen36-v100-sufficiency-dynamics-replicate-2-20260912/probes-v2/ab492dfd386d/step-009/qwen-r2/native-s.request.json']",34,f9acf910cb1261ee95f7ee1d1d167bb43172fbb142ae4f6075b64534d3afc3b7,agentmemorybench:fact-mh-262k:context-0/factconsolidation_mh_262k_no34,0.3333333333333333,2,9,9,2,-8.687499781030056,0.0001686527909128,0.3749999868596205,11885.0,5,0.0,0.0,0.0,1.0,True,,,,,,,"[""finish""]",-7.875000101223122,0.3333333333333333,"[""search""]",-0.8124996798069333,0.0,1.0,False,False,False
False,state_answers,3,state-r3-q034-t002,"['/data/zhaogangyi/picorer-eval/qwen36-v100-sufficiency-dynamics-replicate-3-20260912/probes-v2/ab492dfd386d/step-002/qwen-r1/native-s.request.json', '/data/zhaogangyi/picorer-eval/qwen36-v100-sufficiency-dynamics-replicate-3-20260912/probes-v2/ab492dfd386d/step-002/qwen-r2/native-s.request.json']",34,ce346932d4d798b3ffd6980090b27e3085d581a3231801459c7d9a011df0508f,agentmemorybench:fact-mh-262k:context-0/factconsolidation_mh_262k_no34,0.0,3,2,12,2,-3.06250006519258,0.0446808674899382,-0.1249999143183231,9220.0,5,0.0,0.0,0.0,0.0,True,,,,,,,"[""search""]",-5.187499973224476,0.0,"[""search""]",2.124999908031896,0.0,0.09090909090909091,False,False,True
False,state_answers,3,state-r3-q034-t003,"['/data/zhaogangyi/picorer-eval/qwen36-v100-sufficiency-dynamics-replicate-3-20260912/probes-v2/ab492dfd386d/step-003/qwen-r1/native-s.request.json', '/data/zhaogangyi/picorer-eval/qwen36-v100-sufficiency-dynamics-replicate-3-20260912/probes-v2/ab492dfd386d/step-003/qwen-r2/native-s.request.json']",34,6338e6dbfb390944e07f1f0117d4a9c86ad48c07054a5aa9e4038d9cae07e42c,agentmemorybench:fact-mh-262k:context-0/factconsolidation_mh_262k_no34,0.0,3,3,12,2,-7.187499963823939,0.0007554056600364,0.1249999218271114,9399.0,5,0.0,0.0,0.0,0.0,True,,,,,,,"[""read""]",-3.06250006519258,0.0,"[""search""]",-4.1249998986313585,0.0,0.18181818181818182,False,False,False
False,state_answers,3,state-r3-q034-t004,"['/data/zhaogangyi/picorer-eval/qwen36-v100-sufficiency-dynamics-replicate-3-20260912/probes-v2/ab492dfd386d/step-004/qwen-r1/native-s.request.json', '/data/zhaogangyi/picorer-eval/qwen36-v100-sufficiency-dynamics-replicate-3-20260912/probes-v2/ab492dfd386d/step-004/qwen-r2/native-s.request.json']",34,f6b274611d80bd4db2762ec6b2b28fe9ec79ff676d030e19880dcd57b8e6049d,agentmemorybench:fact-mh-262k:context-0/factconsolidation_mh_262k_no34,0.3333333333333333,3,4,12,2,-4.999999965773895,0.0066928511518219,2.202577888965607e-07,19379.0,5,0.0,0.0,0.0,0.0,True,,,,,,,"[""search""]",-7.187499963823939,0.0,"[""read""]",2.1874999980500434,0.3333333333333333,0.2727272727272727,True,True,True
False,state_answers,3,state-r3-q034-t005,"['/data/zhaogangyi/picorer-eval/qwen36-v100-sufficiency-dynamics-replicate-3-20260912/probes-v2/ab492dfd386d/step-005/qwen-r1/native-s.request.json', '/data/zhaogangyi/picorer-eval/qwen36-v100-sufficiency-dynamics-replicate-3-20260912/probes-v2/ab492dfd386d/step-005/qwen-r2/native-s.request.json']",34,d5924e3df9c0fece17f18d66e720abb6539ad9b8a6d35dbba5627df1566e9592,agentmemorybench:fact-mh-262k:context-0/factconsolidation_mh_262k_no34,0.3333333333333333,3,5,12,2,-5.062500037951395,0.0062899018996833,0.1249997154809534,9816.0,5,0.0,0.0,0.0,0.0,True,,,,,,,"[""read""]",-4.999999965773895,0.3333333333333333,"[""search""]",-0.06250007217749953,0.0,0.36363636363636365,False,False,False
False,state_answers,3,state-r3-q034-t006,"['/data/zhaogangyi/picorer-eval/qwen36-v100-sufficiency-dynamics-replicate-3-20260912/probes-v2/ab492dfd386d/step-006/qwen-r1/native-s.request.json', '/data/zhaogangyi/picorer-eval/qwen36-v100-sufficiency-dynamics-replicate-3-20260912/probes-v2/ab492dfd386d/step-006/qwen-r2/native-s.request.json']",34,436aaf005d5f29e4addf392b2e653ce43ef486e18227c76c66fa816ba0479167,agentmemorybench:fact-mh-262k:context-0/factconsolidation_mh_262k_no34,0.3333333333333333,3,6,12,2,-5.375000008614734,0.004609572139847,4.530884325504303e-07,25103.0,5,0.0,0.0,0.0,0.0,True,,,,,,,"[""search""]",-5.062500037951395,0.3333333333333333,"[""read""]",-0.3124999706633389,0.0,0.45454545454545453,True,False,False
False,state_answers,3,state-r3-q034-t007,"['/data/zhaogangyi/picorer-eval/qwen36-v100-sufficiency-dynamics-replicate-3-20260912/probes-v2/ab492dfd386d/step-007/qwen-r1/native-s.request.json', '/data/zhaogangyi/picorer-eval/qwen36-v100-sufficiency-dynamics-replicate-3-20260912/probes-v2/ab492dfd386d/step-007/qwen-r2/native-s.request.json']",34,3891d01c6f7e85fa2741210e924bab07ab5436bc5a0eb21993b2e8a4ab3d362e,agentmemorybench:fact-mh-262k:context-0/factconsolidation_mh_262k_no34,0.3333333333333333,3,7,12,2,-4.624999992549419,0.0097084765531056,-4.209578037261963e-07,10257.0,5,0.0,0.0,0.0,0.0,True,,,,,,,"[""search""]",-5.375000008614734,0.3333333333333333,"[""search""]",0.7500000160653144,0.0,0.5454545454545454,False,False,True
False,state_answers,3,state-r3-q034-t008,"['/data/zhaogangyi/picorer-eval/qwen36-v100-sufficiency-dynamics-replicate-3-20260912/probes-v2/ab492dfd386d/step-008/qwen-r1/native-s.request.json', '/data/zhaogangyi/picorer-eval/qwen36-v100-sufficiency-dynamics-replicate-3-20260912/probes-v2/ab492dfd386d/step-008/qwen-r2/native-s.request.json']",34,e63d1e81bb143633bcb808fee3c3b3ee0b0890873367f9268423499f0d39b832,agentmemorybench:fact-mh-262k:context-0/factconsolidation_mh_262k_no34,0.3333333333333333,3,8,12,2,-0.375,0.4073334000459302,0.0,11049.0,5,0.0,0.0,0.0,0.0,True,,,,,,,"[""search""]",-4.624999992549419,0.3333333333333333,"[""search""]",4.249999992549419,0.0,0.6363636363636364,False,False,True
False,state_answers,3,state-r3-q034-t009,"['/data/zhaogangyi/picorer-eval/qwen36-v100-sufficiency-dynamics-replicate-3-20260912/probes-v2/ab492dfd386d/step-009/qwen-r1/native-s.request.json', '/data/zhaogangyi/picorer-eval/qwen36-v100-sufficiency-dynamics-replicate-3-20260912/probes-v2/ab492dfd386d/step-009/qwen-r2/native-s.request.json']",34,3d3f963ddc77d48b67b0db8f106a3b4a86a0609f1c7b326ead61f2e47aa2d4b4,agentmemorybench:fact-mh-262k:context-0/factconsolidation_mh_262k_no34,0.3333333333333333,3,9,12,2,-0.9375000149011612,0.2814056044158833,0.1250000298023224,11334.0,5,0.0,0.0,0.0,0.0,True,,,,,,,"[""search""]",-0.375,0.3333333333333333,"[""search""]",-0.5625000149011612,0.0,0.7272727272727273,False,False,False
False,state_answers,3,state-r3-q034-t010,"['/data/zhaogangyi/picorer-eval/qwen36-v100-sufficiency-dynamics-replicate-3-20260912/probes-v2/ab492dfd386d/step-010/qwen-r1/native-s.request.json', '/data/zhaogangyi/picorer-eval/qwen36-v100-sufficiency-dynamics-replicate-3-20260912/probes-v2/ab492dfd386d/step-010/qwen-r2/native-s.request.json']",34,faf0c88fc014777dd4d5373c1801e85766f6093e7e35ebaf18a94395a7d4f657,agentmemorybench:fact-mh-262k:context-0/factconsolidation_mh_262k_no34,0.3333333333333333,3,10,12,2,-0.6249999850988388,0.3486451387178759,2.9802322387695312e-08,11737.0,5,0.2,0.2,0.2,0.0,True,,,,,,,"[""search""]",-0.9375000149011612,0.3333333333333333,"[""search""]",0.3125000298023224,0.0,0.8181818181818182,False,False,True
False,state_answers,3,state-r3-q034-t011,"['/data/zhaogangyi/picorer-eval/qwen36-v100-sufficiency-dynamics-replicate-3-20260912/probes-v2/ab492dfd386d/step-011/qwen-r1/native-s.request.json', '/data/zhaogangyi/picorer-eval/qwen36-v100-sufficiency-dynamics-replicate-3-20260912/probes-v2/ab492dfd386d/step-011/qwen-r2/native-s.request.json']",34,79ac9a7e7f3db502c820f11c5af75967acc7b35b1a41df9140ebe612d15a30f1,agentmemorybench:fact-mh-262k:context-0/factconsolidation_mh_262k_no34,0.3333333333333333,3,11,12,2,-2.062500052154064,0.1127954010637003,-0.124999925494194,12657.0,5,0.0,0.0,0.0,0.0,True,,,,,,,"[""search""]",-0.6249999850988388,0.3333333333333333,"[""search""]",-1.4375000670552254,0.0,0.9090909090909091,False,False,False
False,state_answers,3,state-r3-q034-t012,"['/data/zhaogangyi/picorer-eval/qwen36-v100-sufficiency-dynamics-replicate-3-20260912/probes-v2/ab492dfd386d/step-012/qwen-r1/native-s.request.json', '/data/zhaogangyi/picorer-eval/qwen36-v100-sufficiency-dynamics-replicate-3-20260912/probes-v2/ab492dfd386d/step-012/qwen-r2/native-s.request.json']",34,13ab25c207210aab82c5e0294d901eace8f39bc5e77b45c567853e52fe656304,agentmemorybench:fact-mh-262k:context-0/factconsolidation_mh_262k_no34,0.3333333333333333,3,12,12,2,-1.3125000074505806,0.2120688031121459,-0.1249999552965164,8134.0,5,0.0,0.0,0.0,0.0,True,,,,,,,"[""finish""]",-2.062500052154064,0.3333333333333333,"[""search""]",0.7500000447034836,0.0,1.0,False,False,True
False,state_answers,2,state-r1-q037-t002,"['/data/zhaogangyi/picorer-eval/qwen36-v100-sufficiency-dynamics-20260912/probes-v2/b73608b233d0/step-002/qwen-r1/native-s.request.json', '/data/zhaogangyi/picorer-eval/qwen36-v100-sufficiency-dynamics-20260912/probes-v2/b73608b233d0/step-002/qwen-r2/native-s.request.json']",37,f1660d1fb6edba495740d092469f182b07d1cd562d2233f6fb711a1e579e072f,agentmemorybench:fact-mh-262k:context-0/factconsolidation_mh_262k_no37,0.0,1,2,4,2,3.0625000093132257,0.95531913012488,-0.1249999962747097,8903.0,5,0.0,0.0,0.0,0.0,True,,,,,,,"[""search""]",-4.8750000349245965,0.0,"[""search""]",7.937500044237822,0.0,0.3333333333333333,False,False,True
False,state_answers,2,state-r1-q037-t003,"['/data/zhaogangyi/picorer-eval/qwen36-v100-sufficiency-dynamics-20260912/probes-v2/b73608b233d0/step-003/qwen-r1/native-s.request.json', '/data/zhaogangyi/picorer-eval/qwen36-v100-sufficiency-dynamics-20260912/probes-v2/b73608b233d0/step-003/qwen-r2/native-s.request.json']",37,85dfba88df62adcbb976623bc728ab858d2add6fb5f81a0517d83f7e0aeeba4d,agentmemorybench:fact-mh-262k:context-0/factconsolidation_mh_262k_no37,0.0,1,3,4,2,1.8124999776482584,0.8596637478133583,-0.1250000745058059,9112.0,5,0.0,0.0,0.0,0.0,True,,,,,,,"[""read""]",3.0625000093132257,0.0,"[""search""]",-1.2500000316649673,0.0,0.6666666666666666,False,False,False
False,state_answers,2,state-r1-q037-t004,"['/data/zhaogangyi/picorer-eval/qwen36-v100-sufficiency-dynamics-20260912/probes-v2/b73608b233d0/step-004/qwen-r1/native-s.request.json', '/data/zhaogangyi/picorer-eval/qwen36-v100-sufficiency-dynamics-20260912/probes-v2/b73608b233d0/step-004/qwen-r2/native-s.request.json']",37,be69f6e740e43ba2dbec317af6d4043ff02bdab116e9783f651bd9b3dd2b1dae,agentmemorybench:fact-mh-262k:context-0/factconsolidation_mh_262k_no37,1.0,1,4,4,2,8.062499752675649,0.9996849612280264,-0.1249998681014403,24655.0,5,1.0,1.0,1.0,0.0,True,,,,,,,"[""finish""]",1.8124999776482584,0.0,"[""read""]",6.249999775027391,1.0,1.0,True,True,True
False,state_answers,2,state-r2-q037-t002,"['/data/zhaogangyi/picorer-eval/qwen36-v100-sufficiency-dynamics-replicate-2-20260912/probes-v2/b73608b233d0/step-002/qwen-r1/native-s.request.json', '/data/zhaogangyi/picorer-eval/qwen36-v100-sufficiency-dynamics-replicate-2-20260912/probes-v2/b73608b233d0/step-002/qwen-r2/native-s.request.json']",37,fcbdd852676a94fc72304037e4c9f7e53816b4f3d817c0437fb8327736c261c4,agentmemorybench:fact-mh-262k:context-0/factconsolidation_mh_262k_no37,0.0,2,2,4,2,3.3124999180436134,0.9648551508200914,-0.1250000670552253,8916.0,5,0.0,0.0,0.0,0.0,True,,,,,,,"[""read"",""search""]",-4.875000061932951,0.0,"[""search""]",8.187499979976565,0.0,0.3333333333333333,False,False,True
False,state_answers,2,state-r2-q037-t003,"['/data/zhaogangyi/picorer-eval/qwen36-v100-sufficiency-dynamics-replicate-2-20260912/probes-v2/b73608b233d0/step-003/qwen-r1/native-s.request.json', '/data/zhaogangyi/picorer-eval/qwen36-v100-sufficiency-dynamics-replicate-2-20260912/probes-v2/b73608b233d0/step-003/qwen-r2/native-s.request.json']",37,f04daa26c3208057394a71013a21842e9fa39741a3ca6168e35eb526402b5548,agentmemorybench:fact-mh-262k:context-0/factconsolidation_mh_262k_no37,0.5,2,3,4,2,1.1875000149011612,0.7662936457545743,0.1249999105930328,19355.0,5,0.0,0.0,0.0,2.0,True,,,,,,,"[""read""]",3.3124999180436134,0.0,"[""read"",""search""]",-2.1249999031424522,0.5,0.6666666666666666,True,True,False
False,state_answers,2,state-r2-q037-t004,"['/data/zhaogangyi/picorer-eval/qwen36-v100-sufficiency-dynamics-replicate-2-20260912/probes-v2/b73608b233d0/step-004/qwen-r1/native-s.request.json', '/data/zhaogangyi/picorer-eval/qwen36-v100-sufficiency-dynamics-replicate-2-20260912/probes-v2/b73608b233d0/step-004/qwen-r2/native-s.request.json']",37,3f35a414177cc1bd34d5ccc5eadf480cecafc23da9dea3b8f4a3bad52acdce02,agentmemorybench:fact-mh-262k:context-0/factconsolidation_mh_262k_no37,1.0,2,4,4,2,5.874999957741238,0.9971990729148468,-3.578606992959976e-07,14603.0,5,1.0,1.0,1.0,0.0,True,,,,,,,"[""finish""]",1.1875000149011612,0.5,"[""read""]",4.687499942840077,0.5,1.0,True,True,True
False,state_answers,2,state-r3-q037-t002,"['/data/zhaogangyi/picorer-eval/qwen36-v100-sufficiency-dynamics-replicate-3-20260912/probes-v2/b73608b233d0/step-002/qwen-r1/native-s.request.json', '/data/zhaogangyi/picorer-eval/qwen36-v100-sufficiency-dynamics-replicate-3-20260912/probes-v2/b73608b233d0/step-002/qwen-r2/native-s.request.json']",37,a093ebf7b39a71c4f118b89280064a62583629652cae4150f60d454214c661ee,agentmemorybench:fact-mh-262k:context-0/factconsolidation_mh_262k_no37,0.0,3,2,5,2,2.5624999552965164,0.9284087975841904,0.124999850988388,8927.0,5,0.0,0.0,0.0,1.0,True,,,,,,,"[""read""]",-4.937500147148967,0.0,"[""search""]",7.500000102445483,0.0,0.25,False,False,True
False,state_answers,2,state-r3-q037-t003,"['/data/zhaogangyi/picorer-eval/qwen36-v100-sufficiency-dynamics-replicate-3-20260912/probes-v2/b73608b233d0/step-003/qwen-r1/native-s.request.json', '/data/zhaogangyi/picorer-eval/qwen36-v100-sufficiency-dynamics-replicate-3-20260912/probes-v2/b73608b233d0/step-003/qwen-r2/native-s.request.json']",37,1aa5297e75cfaa2adfa89e7444fa371dd4180ee00fbfa29834de38278f45d7c1,agentmemorybench:fact-mh-262k:context-0/factconsolidation_mh_262k_no37,0.5,3,3,5,2,2.437500048428774,0.9196425347566864,0.1249999180436134,14242.0,5,0.0,0.0,0.0,2.0,True,,,,,,,"[""search""]",2.5624999552965164,0.0,"[""read""]",-0.12499990686774254,0.5,0.5,True,True,False
False,state_answers,2,state-r3-q037-t004,"['/data/zhaogangyi/picorer-eval/qwen36-v100-sufficiency-dynamics-replicate-3-20260912/probes-v2/b73608b233d0/step-004/qwen-r1/native-s.request.json', '/data/zhaogangyi/picorer-eval/qwen36-v100-sufficiency-dynamics-replicate-3-20260912/probes-v2/b73608b233d0/step-004/qwen-r2/native-s.request.json']",37,a2197852eecdc02eebbeb7ad007f07be17c422476a5ca3b6d2e6f64a27389ab5,agentmemorybench:fact-mh-262k:context-0/factconsolidation_mh_262k_no37,0.5,3,4,5,2,2.625000037252903,0.9324533112067128,1.1920928955078125e-07,9229.0,5,0.0,0.0,0.0,3.0,True,,,,,,,"[""read""]",2.437500048428774,0.5,"[""search""]",0.1874999888241291,0.0,0.75,False,False,True
False,state_answers,2,state-r3-q037-t005,"['/data/zhaogangyi/picorer-eval/qwen36-v100-sufficiency-dynamics-replicate-3-20260912/probes-v2/b73608b233d0/step-005/qwen-r1/native-s.request.json', '/data/zhaogangyi/picorer-eval/qwen36-v100-sufficiency-dynamics-replicate-3-20260912/probes-v2/b73608b233d0/step-005/qwen-r2/native-s.request.json']",37,31b85ced417879416adc113e4b75452172c41cfde40938b45b44a631d5e6799d,agentmemorybench:fact-mh-262k:context-0/factconsolidation_mh_262k_no37,1.0,3,5,5,2,7.437499996711267,0.9994115911795092,0.1250000757281668,19543.0,5,0.8,0.8,0.8,1.0,True,,,,,,,"[""finish""]",2.625000037252903,0.5,"[""read""]",4.812499959458364,0.5,1.0,True,True,True
False,state_answers,2,state-r1-q038-t002,"['/data/zhaogangyi/picorer-eval/qwen36-v100-sufficiency-dynamics-20260912/probes-v2/6f6e6edfb8f1/step-002/qwen-r1/native-s.request.json', '/data/zhaogangyi/picorer-eval/qwen36-v100-sufficiency-dynamics-20260912/probes-v2/6f6e6edfb8f1/step-002/qwen-r2/native-s.request.json']",38,06d533309e6986f74070a55304c481b0b3c53ec34f411029929d2441e8dd49dc,agentmemorybench:fact-mh-262k:context-0/factconsolidation_mh_262k_no38,0.0,1,2,4,2,3.062500035390258,0.9553191312379647,-0.1249998845160007,9140.0,5,0.0,0.0,0.0,0.0,True,,,,,,,"[""search""]",-3.5624999832361937,0.0,"[""search""]",6.6250000186264515,0.0,0.3333333333333333,False,False,True
False,state_answers,2,state-r1-q038-t003,"['/data/zhaogangyi/picorer-eval/qwen36-v100-sufficiency-dynamics-20260912/probes-v2/6f6e6edfb8f1/step-003/qwen-r1/native-s.request.json', '/data/zhaogangyi/picorer-eval/qwen36-v100-sufficiency-dynamics-20260912/probes-v2/6f6e6edfb8f1/step-003/qwen-r2/native-s.request.json']",38,fe4fa578c140cbe1b551543ed84104b149a935dc4b6e852c29c40f887da60a86,agentmemorybench:fact-mh-262k:context-0/factconsolidation_mh_262k_no38,0.0,1,3,4,2,3.374999973922968,0.9669140207770578,-6.705522537231445e-08,9343.0,5,0.0,0.0,0.0,0.0,True,,,,,,,"[""read""]",3.062500035390258,0.0,"[""search""]",0.3124999385327101,0.0,0.6666666666666666,False,False,True
False,state_answers,2,state-r1-q038-t004,"['/data/zhaogangyi/picorer-eval/qwen36-v100-sufficiency-dynamics-20260912/probes-v2/6f6e6edfb8f1/step-004/qwen-r1/native-s.request.json', '/data/zhaogangyi/picorer-eval/qwen36-v100-sufficiency-dynamics-20260912/probes-v2/6f6e6edfb8f1/step-004/qwen-r2/native-s.request.json']",38,72c1319f2d84f13e58422d030900495348cb4ad68d8acffde00c255e5370e200,agentmemorybench:fact-mh-262k:context-0/factconsolidation_mh_262k_no38,1.0,1,4,4,2,7.187500110274414,0.9992445944505096,0.1249998089042492,19622.0,5,1.0,1.0,1.0,0.0,True,,,,,,,"[""finish""]",3.374999973922968,0.0,"[""read""]",3.8125001363514457,1.0,1.0,True,True,True
False,state_answers,2,state-r2-q038-t002,"['/data/zhaogangyi/picorer-eval/qwen36-v100-sufficiency-dynamics-replicate-2-20260912/probes-v2/6f6e6edfb8f1/step-002/qwen-r1/native-s.request.json', '/data/zhaogangyi/picorer-eval/qwen36-v100-sufficiency-dynamics-replicate-2-20260912/probes-v2/6f6e6edfb8f1/step-002/qwen-r2/native-s.request.json']",38,b5aeea161ad47f50e85846f08c08c3fcdf4a733117a15b6bc668e226c72ec078,agentmemorybench:fact-mh-262k:context-0/factconsolidation_mh_262k_no38,0.0,2,2,6,2,-3.9374999860301614,0.0191240370129394,-0.1249999050050973,3852.0,5,0.0,0.0,0.0,0.0,True,,,,,,,"[""search""]",-3.624999993480742,0.0,"[""search""]",-0.3124999925494194,0.0,0.2,False,False,False
False,state_answers,2,state-r2-q038-t003,"['/data/zhaogangyi/picorer-eval/qwen36-v100-sufficiency-dynamics-replicate-2-20260912/probes-v2/6f6e6edfb8f1/step-003/qwen-r1/native-s.request.json', '/data/zhaogangyi/picorer-eval/qwen36-v100-sufficiency-dynamics-replicate-2-20260912/probes-v2/6f6e6edfb8f1/step-003/qwen-r2/native-s.request.json']",38,7209482c342a7fc1eeafdd9cd767198de6afe6e524aed447a5505c68343f1bbb,agentmemorybench:fact-mh-262k:context-0/factconsolidation_mh_262k_no38,0.0,2,3,6,2,2.375,0.9149009549929796,-4.4703483581542975e-08,9093.0,5,0.0,0.0,0.0,0.0,True,,,,,,,"[""read""]",-3.9374999860301614,0.0,"[""search""]",6.312499986030161,0.0,0.4,False,False,True
False,state_answers,2,state-r2-q038-t004,"['/data/zhaogangyi/picorer-eval/qwen36-v100-sufficiency-dynamics-replicate-2-20260912/probes-v2/6f6e6edfb8f1/step-004/qwen-r1/native-s.request.json', '/data/zhaogangyi/picorer-eval/qwen36-v100-sufficiency-dynamics-replicate-2-20260912/probes-v2/6f6e6edfb8f1/step-004/qwen-r2/native-s.request.json']",38,fe221eb3ec18bd981fe5b4b0d881b064d6a7e80169c340cdaf049c03c362dc1a,agentmemorybench:fact-mh-262k:context-0/factconsolidation_mh_262k_no38,0.5,2,4,6,2,5.624999987427145,0.9964063973735604,-0.2499996926635503,24929.0,5,0.2,0.2,0.2,0.0,True,,,,,,,"[""search""]",2.375,0.0,"[""read""]",3.2499999874271452,0.5,0.6,True,True,True
False,state_answers,2,state-r2-q038-t005,"['/data/zhaogangyi/picorer-eval/qwen36-v100-sufficiency-dynamics-replicate-2-20260912/probes-v2/6f6e6edfb8f1/step-005/qwen-r1/native-s.request.json', '/data/zhaogangyi/picorer-eval/qwen36-v100-sufficiency-dynamics-replicate-2-20260912/probes-v2/6f6e6edfb8f1/step-005/qwen-r2/native-s.request.json']",38,6dd4495a9f202f9905fa959f31ef84e86bb99d61967b105da1fd9682327aad34,agentmemorybench:fact-mh-262k:context-0/factconsolidation_mh_262k_no38,0.5,2,5,6,2,3.0625000540167093,0.9553191320330254,-0.1249999515712261,9530.0,5,0.2,0.2,0.2,0.0,True,,,,,,,"[""read""]",5.624999987427145,0.5,"[""search""]",-2.562499933410436,0.0,0.8,False,False,False
False,state_answers,2,state-r2-q038-t006,"['/data/zhaogangyi/picorer-eval/qwen36-v100-sufficiency-dynamics-replicate-2-20260912/probes-v2/6f6e6edfb8f1/step-006/qwen-r1/native-s.request.json', '/data/zhaogangyi/picorer-eval/qwen36-v100-sufficiency-dynamics-replicate-2-20260912/probes-v2/6f6e6edfb8f1/step-006/qwen-r2/native-s.request.json']",38,4cf7b200c6632cb1d5b70f90f89dc420b675d0137285a3f4f897af9309973c48,agentmemorybench:fact-mh-262k:context-0/factconsolidation_mh_262k_no38,1.0,2,6,6,2,5.874999953084625,0.9971990729018406,3.592576831579209e-07,20003.0,5,1.0,1.0,1.0,0.0,True,,,,,,,"[""finish""]",3.0625000540167093,0.5,"[""read""]",2.812499899067916,0.5,1.0,True,True,True
False,state_answers,2,state-r3-q038-t002,"['/data/zhaogangyi/picorer-eval/qwen36-v100-sufficiency-dynamics-replicate-3-20260912/probes-v2/6f6e6edfb8f1/step-002/qwen-r1/native-s.request.json', '/data/zhaogangyi/picorer-eval/qwen36-v100-sufficiency-dynamics-replicate-3-20260912/probes-v2/6f6e6edfb8f1/step-002/qwen-r2/native-s.request.json']",38,d0ff1d304d4951a3e8d11d9a42f8c27052186ea825390cb2deb6b2635baa2a9b,agentmemorybench:fact-mh-262k:context-0/factconsolidation_mh_262k_no38,0.0,3,2,7,2,3.000000022351742,0.9525741278322104,0.2500001713633537,9089.0,5,0.0,0.0,0.0,0.0,True,,,,,,,"[""read""]",-3.500000013038516,0.0,"[""search""]",6.500000035390258,0.0,0.16666666666666666,False,False,True
False,state_answers,2,state-r3-q038-t003,"['/data/zhaogangyi/picorer-eval/qwen36-v100-sufficiency-dynamics-replicate-3-20260912/probes-v2/6f6e6edfb8f1/step-003/qwen-r1/native-s.request.json', '/data/zhaogangyi/picorer-eval/qwen36-v100-sufficiency-dynamics-replicate-3-20260912/probes-v2/6f6e6edfb8f1/step-003/qwen-r2/native-s.request.json']",38,636ae69207676530dcf3e0e5d43e8947e8bfd9b16e218e9a8f0bcd8b4e1b698b,agentmemorybench:fact-mh-262k:context-0/factconsolidation_mh_262k_no38,0.5,3,3,7,2,3.5624999441206455,0.9724147162742832,0.1250000409781932,19824.0,5,0.0,0.0,0.0,0.0,True,,,,,,,"[""search""]",3.000000022351742,0.0,"[""read""]",0.5624999217689037,0.5,0.3333333333333333,True,True,True
False,state_answers,2,state-r3-q038-t004,"['/data/zhaogangyi/picorer-eval/qwen36-v100-sufficiency-dynamics-replicate-3-20260912/probes-v2/6f6e6edfb8f1/step-004/qwen-r1/native-s.request.json', '/data/zhaogangyi/picorer-eval/qwen36-v100-sufficiency-dynamics-replicate-3-20260912/probes-v2/6f6e6edfb8f1/step-004/qwen-r2/native-s.request.json']",38,ea9f521f79b2746d5ea5cfe8de05deafc51d5249ed3389361761327b50983dec,agentmemorybench:fact-mh-262k:context-0/factconsolidation_mh_262k_no38,0.5,3,4,7,2,3.750000013038516,0.9770226303826812,-1.4901161193847656e-08,9640.0,5,0.0,0.0,0.0,0.0,True,,,,,,,[],3.5624999441206455,0.5,"[""search""]",0.18750006891787052,0.0,0.5,False,False,True
False,state_answers,2,state-r3-q038-t005,"['/data/zhaogangyi/picorer-eval/qwen36-v100-sufficiency-dynamics-replicate-3-20260912/probes-v2/6f6e6edfb8f1/step-005/qwen-r1/native-s.request.json', '/data/zhaogangyi/picorer-eval/qwen36-v100-sufficiency-dynamics-replicate-3-20260912/probes-v2/6f6e6edfb8f1/step-005/qwen-r2/native-s.request.json']",38,9ff9efad3c123bd7936f52cbef2109dd066d636c45be643e9e395317319c22d7,agentmemorybench:fact-mh-262k:context-0/factconsolidation_mh_262k_no38,0.5,3,5,7,2,1.6874999776482582,0.84389509961001,-0.1250000447034835,4169.0,5,0.0,0.0,0.0,1.0,True,,,,,,,"[""read""]",3.750000013038516,0.5,[],-2.062500035390258,0.0,0.6666666666666666,False,False,False
False,state_answers,2,state-r3-q038-t006,"['/data/zhaogangyi/picorer-eval/qwen36-v100-sufficiency-dynamics-replicate-3-20260912/probes-v2/6f6e6edfb8f1/step-006/qwen-r1/native-s.request.json', '/data/zhaogangyi/picorer-eval/qwen36-v100-sufficiency-dynamics-replicate-3-20260912/probes-v2/6f6e6edfb8f1/step-006/qwen-r2/native-s.request.json']",38,72fb531d07d7da002952f70afb9b9db919ab7a662d543e80489ad0b07782423d,agentmemorybench:fact-mh-262k:context-0/factconsolidation_mh_262k_no38,0.5,3,6,7,2,4.874999935505912,0.9924227582471548,0.2499998020939529,14579.0,5,0.0,0.0,0.0,0.0,True,,,,,,,"[""read""]",1.6874999776482582,0.5,"[""read""]",3.1874999578576535,0.0,0.8333333333333334,True,False,True
False,state_answers,2,state-r3-q038-t007,"['/data/zhaogangyi/picorer-eval/qwen36-v100-sufficiency-dynamics-replicate-3-20260912/probes-v2/6f6e6edfb8f1/step-007/qwen-r1/native-s.request.json', '/data/zhaogangyi/picorer-eval/qwen36-v100-sufficiency-dynamics-replicate-3-20260912/probes-v2/6f6e6edfb8f1/step-007/qwen-r2/native-s.request.json']",38,7a65fdee7b41b92ed9478b81bdc2dd704b558927769966a7a62f479a9801b3f7,agentmemorybench:fact-mh-262k:context-0/factconsolidation_mh_262k_no38,1.0,3,7,7,2,7.562499957566615,0.9994806951134806,-0.1250000853324309,14884.0,5,1.0,1.0,1.0,0.0,True,,,,,,,"[""finish""]",4.874999935505912,0.5,"[""read""]",2.6875000220607035,0.5,1.0,True,True,True
False,state_answers,2,state-r1-q039-t002,"['/data/zhaogangyi/picorer-eval/qwen36-v100-sufficiency-dynamics-20260912/probes-v2/bc7797dd9acd/step-002/qwen-r1/native-s.request.json', '/data/zhaogangyi/picorer-eval/qwen36-v100-sufficiency-dynamics-20260912/probes-v2/bc7797dd9acd/step-002/qwen-r2/native-s.request.json']",39,f0542493cb410ac71552b17350b35f85d226d7a13e8f20af9f48dc71316feafc,agentmemorybench:fact-mh-262k:context-0/factconsolidation_mh_262k_no39,0.0,1,2,10,2,-0.1875,0.4532618480153861,0.125,9034.0,5,0.0,0.0,0.0,0.0,True,,,,,,,"[""read""]",-6.0000000215368345,0.0,"[""search""]",5.8125000215368345,0.0,0.1111111111111111,False,False,True
False,state_answers,2,state-r1-q039-t003,"['/data/zhaogangyi/picorer-eval/qwen36-v100-sufficiency-dynamics-20260912/probes-v2/bc7797dd9acd/step-003/qwen-r1/native-s.request.json', '/data/zhaogangyi/picorer-eval/qwen36-v100-sufficiency-dynamics-20260912/probes-v2/bc7797dd9acd/step-003/qwen-r2/native-s.request.json']",39,978c020f16a1c80c9e2c8485e94e4a2ea3a55e4a07b91134c769990213fa050f,agentmemorybench:fact-mh-262k:context-0/factconsolidation_mh_262k_no39,0.5,1,3,10,2,2.0000000931322575,0.8807970877561717,-0.2499999478459358,19311.0,5,0.0,0.0,0.16,2.0,True,,,,,,,"[""search""]",-0.1875,0.0,"[""read""]",2.1875000931322575,0.5,0.2222222222222222,True,True,True
False,state_answers,2,state-r1-q039-t004,"['/data/zhaogangyi/picorer-eval/qwen36-v100-sufficiency-dynamics-20260912/probes-v2/bc7797dd9acd/step-004/qwen-r1/native-s.request.json', '/data/zhaogangyi/picorer-eval/qwen36-v100-sufficiency-dynamics-20260912/probes-v2/bc7797dd9acd/step-004/qwen-r2/native-s.request.json']",39,ca0f76db5fa34e016ae9bd06a011564285e54409dc0a858415020e5ee73ef8e7,agentmemorybench:fact-mh-262k:context-0/factconsolidation_mh_262k_no39,0.5,1,4,10,2,3.5000000251457095,0.9706877699641152,-1.3597309589385986e-07,9428.0,5,0.0,0.0,0.08,1.0,True,,,,,,,"[""read""]",2.0000000931322575,0.5,"[""search""]",1.499999932013452,0.0,0.3333333333333333,False,False,True
False,state_answers,2,state-r1-q039-t005,"['/data/zhaogangyi/picorer-eval/qwen36-v100-sufficiency-dynamics-20260912/probes-v2/bc7797dd9acd/step-005/qwen-r1/native-s.request.json', '/data/zhaogangyi/picorer-eval/qwen36-v100-sufficiency-dynamics-20260912/probes-v2/bc7797dd9acd/step-005/qwen-r2/native-s.request.json']",39,33721886d94c2383f7bf6695271b83a25e91b011e1957fcb9f1f5147a4122c08,agentmemorybench:fact-mh-262k:context-0/factconsolidation_mh_262k_no39,1.0,1,5,10,2,6.750000090454705,0.9988304898406084,0.0,20149.0,5,1.0,1.0,1.0,0.0,True,,,,,,,"[""read""]",3.5000000251457095,0.5,"[""read""]",3.2500000653089955,0.5,0.4444444444444444,True,True,True
False,state_answers,2,state-r1-q039-t006,"['/data/zhaogangyi/picorer-eval/qwen36-v100-sufficiency-dynamics-20260912/probes-v2/bc7797dd9acd/step-006/qwen-r1/native-s.request.json', '/data/zhaogangyi/picorer-eval/qwen36-v100-sufficiency-dynamics-20260912/probes-v2/bc7797dd9acd/step-006/qwen-r2/native-s.request.json']",39,51995ea60e9a32ae46785324995c3a5818165fb41af8e0a4ecad963d6a665d32,agentmemorybench:fact-mh-262k:context-0/factconsolidation_mh_262k_no39,1.0,1,6,10,2,4.187500121537596,0.9850429151975084,-0.1249998668208718,20143.0,5,1.0,1.0,1.0,0.0,True,,,,,,,"[""search""]",6.750000090454705,1.0,"[""read""]",-2.562499968917109,0.0,0.5555555555555556,True,False,False
False,state_answers,2,state-r1-q039-t007,"['/data/zhaogangyi/picorer-eval/qwen36-v100-sufficiency-dynamics-20260912/probes-v2/bc7797dd9acd/step-007/qwen-r1/native-s.request.json', '/data/zhaogangyi/picorer-eval/qwen36-v100-sufficiency-dynamics-20260912/probes-v2/bc7797dd9acd/step-007/qwen-r2/native-s.request.json']",39,4edc9225d06a0ae2448a4173c2238cca80f0260c66c2e3a55fd87000578dd2d6,agentmemorybench:fact-mh-262k:context-0/factconsolidation_mh_262k_no39,1.0,1,7,10,2,3.874999894760549,0.979667644561082,2.421438694000244e-08,10379.0,5,1.0,1.0,1.0,0.0,True,,,,,,,"[""read""]",4.187500121537596,1.0,"[""search""]",-0.3125002267770469,0.0,0.6666666666666666,False,False,False
False,state_answers,2,state-r1-q039-t008,"['/data/zhaogangyi/picorer-eval/qwen36-v100-sufficiency-dynamics-20260912/probes-v2/bc7797dd9acd/step-008/qwen-r1/native-s.request.json', '/data/zhaogangyi/picorer-eval/qwen36-v100-sufficiency-dynamics-20260912/probes-v2/bc7797dd9acd/step-008/qwen-r2/native-s.request.json']",39,89e290b5d3b64bb304b15deb6cde7c59897e09f89f0bff4e7a4d54e8d7102804,agentmemorybench:fact-mh-262k:context-0/factconsolidation_mh_262k_no39,1.0,1,8,10,2,4.87500015553087,0.9924227599017044,-1.1082738637924194e-07,21274.0,5,1.0,1.0,1.0,0.0,True,,,,,,,"[""search""]",3.874999894760549,1.0,"[""read""]",1.000000260770321,0.0,0.7777777777777778,True,False,True
False,state_answers,2,state-r1-q039-t009,"['/data/zhaogangyi/picorer-eval/qwen36-v100-sufficiency-dynamics-20260912/probes-v2/bc7797dd9acd/step-009/qwen-r1/native-s.request.json', '/data/zhaogangyi/picorer-eval/qwen36-v100-sufficiency-dynamics-20260912/probes-v2/bc7797dd9acd/step-009/qwen-r2/native-s.request.json']",39,c918048bb119fe96bea2493a1e467634eb260a12844692c05d99b5c8472e0cc3,agentmemorybench:fact-mh-262k:context-0/factconsolidation_mh_262k_no39,1.0,1,9,10,2,6.374999950290658,0.9982992775041666,0.2500002193264663,11563.0,5,1.0,1.0,1.0,0.0,True,,,,,,,"[""search""]",4.87500015553087,1.0,"[""search""]",1.4999997947597876,0.0,0.8888888888888888,False,False,True
False,state_answers,2,state-r1-q039-t010,"['/data/zhaogangyi/picorer-eval/qwen36-v100-sufficiency-dynamics-20260912/probes-v2/bc7797dd9acd/step-010/qwen-r1/native-s.request.json', '/data/zhaogangyi/picorer-eval/qwen36-v100-sufficiency-dynamics-20260912/probes-v2/bc7797dd9acd/step-010/qwen-r2/native-s.request.json']",39,56efa7341b4155fb0c28083f9d2bfd578d9970ceae4f2ae59f5979f2b46b022e,agentmemorybench:fact-mh-262k:context-0/factconsolidation_mh_262k_no39,1.0,1,10,10,2,6.499999940919224,0.9984988176547052,2.380693331360817e-07,11845.0,5,1.0,1.0,1.0,0.0,True,,,,,,,"[""finish""]",6.374999950290658,1.0,"[""search""]",0.12499999062856659,0.0,1.0,False,False,True
False,state_answers,2,state-r2-q039-t002,"['/data/zhaogangyi/picorer-eval/qwen36-v100-sufficiency-dynamics-replicate-2-20260912/probes-v2/bc7797dd9acd/step-002/qwen-r1/native-s.request.json', '/data/zhaogangyi/picorer-eval/qwen36-v100-sufficiency-dynamics-replicate-2-20260912/probes-v2/bc7797dd9acd/step-002/qwen-r2/native-s.request.json']",39,99fae936ec4368198aff975e28d3ba512dea8a7c91921c93bb27b0bc695ae998,agentmemorybench:fact-mh-262k:context-0/factconsolidation_mh_262k_no39,0.0,2,2,6,2,-3.3124999161809683,0.0351448492430704,0.1249999590218067,3821.0,5,0.0,0.0,0.0,0.0,True,,,,,,,"[""search""]",-6.0000000215368345,0.0,[],2.6875001053558663,0.0,0.2,False,False,True
False,state_answers,2,state-r2-q039-t003,"['/data/zhaogangyi/picorer-eval/qwen36-v100-sufficiency-dynamics-replicate-2-20260912/probes-v2/bc7797dd9acd/step-003/qwen-r1/native-s.request.json', '/data/zhaogangyi/picorer-eval/qwen36-v100-sufficiency-dynamics-replicate-2-20260912/probes-v2/bc7797dd9acd/step-003/qwen-r2/native-s.request.json']",39,0ad7f0dfbc5ed60c45f863e4d9fe0e16f914222d20f0cd962790d6f91c71af56,agentmemorybench:fact-mh-262k:context-0/factconsolidation_mh_262k_no39,0.0,2,3,6,2,-0.8750000298023224,0.2942149659744614,-5.960464477539064e-08,9282.0,5,0.0,0.0,0.0,0.0,True,,,,,,,"[""read""]",-3.3124999161809683,0.0,"[""search""]",2.437499886378646,0.0,0.4,False,False,True
False,state_answers,2,state-r2-q039-t004,"['/data/zhaogangyi/picorer-eval/qwen36-v100-sufficiency-dynamics-replicate-2-20260912/probes-v2/bc7797dd9acd/step-004/qwen-r1/native-s.request.json', '/data/zhaogangyi/picorer-eval/qwen36-v100-sufficiency-dynamics-replicate-2-20260912/probes-v2/bc7797dd9acd/step-004/qwen-r2/native-s.request.json']",39,bfa2d0b51d30b74b6887195eb099d7e860d8fc2e42a6b15892798847c4212eea,agentmemorybench:fact-mh-262k:context-0/factconsolidation_mh_262k_no39,0.5,2,4,6,2,0.1875,0.5467381519846138,-0.125,19769.0,5,0.0,0.0,0.24,1.0,True,,,,,,,"[""search""]",-0.8750000298023224,0.0,"[""read""]",1.0625000298023224,0.5,0.6,True,True,True
False,state_answers,2,state-r2-q039-t005,"['/data/zhaogangyi/picorer-eval/qwen36-v100-sufficiency-dynamics-replicate-2-20260912/probes-v2/bc7797dd9acd/step-005/qwen-r1/native-s.request.json', '/data/zhaogangyi/picorer-eval/qwen36-v100-sufficiency-dynamics-replicate-2-20260912/probes-v2/bc7797dd9acd/step-005/qwen-r2/native-s.request.json']",39,1aaac64c9600a1f333b67ae07e016e99a1f5bea2a0b37c01111d6b2b7e33087e,agentmemorybench:fact-mh-262k:context-0/factconsolidation_mh_262k_no39,0.5,2,5,6,2,2.6250000074505806,0.9324533093296392,2.2351741790771487e-07,9812.0,5,0.0,0.0,0.08,1.0,True,,,,,,,"[""read""]",0.1875,0.5,"[""search""]",2.4375000074505806,0.0,0.8,False,False,True
False,state_answers,2,state-r2-q039-t006,"['/data/zhaogangyi/picorer-eval/qwen36-v100-sufficiency-dynamics-replicate-2-20260912/probes-v2/bc7797dd9acd/step-006/qwen-r1/native-s.request.json', '/data/zhaogangyi/picorer-eval/qwen36-v100-sufficiency-dynamics-replicate-2-20260912/probes-v2/bc7797dd9acd/step-006/qwen-r2/native-s.request.json']",39,02ae6c401dc4e102fc2c5ba5ea3bef5571a3d5e96216339aceed2decae813008,agentmemorybench:fact-mh-262k:context-0/factconsolidation_mh_262k_no39,1.0,2,6,6,2,8.062499812120222,0.999684961246748,-0.1250002259330358,20536.0,5,1.0,1.0,1.0,0.0,True,,,,,,,"[""finish""]",2.6250000074505806,0.5,"[""read""]",5.437499804669642,0.5,1.0,True,True,True
False,state_answers,2,state-r3-q039-t002,"['/data/zhaogangyi/picorer-eval/qwen36-v100-sufficiency-dynamics-replicate-3-20260912/probes-v2/bc7797dd9acd/step-002/qwen-r1/native-s.request.json', '/data/zhaogangyi/picorer-eval/qwen36-v100-sufficiency-dynamics-replicate-3-20260912/probes-v2/bc7797dd9acd/step-002/qwen-r2/native-s.request.json']",39,9281c1e93a816d036d3150913833c62f9edb8560f6d8d489aea89f9b1c638346,agentmemorybench:fact-mh-262k:context-0/factconsolidation_mh_262k_no39,0.0,3,2,8,2,1.1250000596046448,0.754914997895581,0.0,9083.0,5,0.0,0.0,0.0,0.0,True,,,,,,,"[""search""]",-6.125000233296305,0.0,"[""search""]",7.25000029290095,0.0,0.14285714285714285,False,False,True
False,state_answers,2,state-r3-q039-t003,"['/data/zhaogangyi/picorer-eval/qwen36-v100-sufficiency-dynamics-replicate-3-20260912/probes-v2/bc7797dd9acd/step-003/qwen-r1/native-s.request.json', '/data/zhaogangyi/picorer-eval/qwen36-v100-sufficiency-dynamics-replicate-3-20260912/probes-v2/bc7797dd9acd/step-003/qwen-r2/native-s.request.json']",39,5664a040c9847d999e5eb6433dfa75d72b5cbf613e43f6c0adf646f61cc77fd6,agentmemorybench:fact-mh-262k:context-0/factconsolidation_mh_262k_no39,0.0,3,3,8,2,1.6250000149011612,0.8354835391516132,0.0,9150.0,5,0.0,0.0,0.0,0.0,True,,,,,,,[],1.1250000596046448,0.0,"[""search""]",0.4999999552965164,0.0,0.2857142857142857,False,False,True
False,state_answers,2,state-r3-q039-t004,"['/data/zhaogangyi/picorer-eval/qwen36-v100-sufficiency-dynamics-replicate-3-20260912/probes-v2/bc7797dd9acd/step-004/qwen-r1/native-s.request.json', '/data/zhaogangyi/picorer-eval/qwen36-v100-sufficiency-dynamics-replicate-3-20260912/probes-v2/bc7797dd9acd/step-004/qwen-r2/native-s.request.json']",39,67074f9174d65e32ef544f55363555611668d578c2d3638fb6f6f042015eecc7,agentmemorybench:fact-mh-262k:context-0/factconsolidation_mh_262k_no39,0.0,3,4,8,2,-3.5624998891726136,0.027585285199661,-0.1249999981373548,4012.0,5,0.0,0.0,0.0,0.0,True,,,,,,,"[""search""]",1.6250000149011612,0.0,[],-5.187499904073775,0.0,0.42857142857142855,False,False,False
False,state_answers,2,state-r3-q039-t005,"['/data/zhaogangyi/picorer-eval/qwen36-v100-sufficiency-dynamics-replicate-3-20260912/probes-v2/bc7797dd9acd/step-005/qwen-r1/native-s.request.json', '/data/zhaogangyi/picorer-eval/qwen36-v100-sufficiency-dynamics-replicate-3-20260912/probes-v2/bc7797dd9acd/step-005/qwen-r2/native-s.request.json']",39,580fc870fff84536dac0f19f17c4e4c91c59393311aa50b009f15eec626a7c59,agentmemorybench:fact-mh-262k:context-0/factconsolidation_mh_262k_no39,0.0,3,5,8,2,1.4375000223517418,0.8080672170193974,0.3749999850988388,9270.0,5,0.0,0.0,0.0,0.0,True,,,,,,,"[""read""]",-3.5624998891726136,0.0,"[""search""]",4.999999911524355,0.0,0.5714285714285714,False,False,True
False,state_answers,2,state-r3-q039-t006,"['/data/zhaogangyi/picorer-eval/qwen36-v100-sufficiency-dynamics-replicate-3-20260912/probes-v2/bc7797dd9acd/step-006/qwen-r1/native-s.request.json', '/data/zhaogangyi/picorer-eval/qwen36-v100-sufficiency-dynamics-replicate-3-20260912/probes-v2/bc7797dd9acd/step-006/qwen-r2/native-s.request.json']",39,7e07f810f55f16453e874fd15b1a44b2625686940d19ba873aaa9a61d5860acc,agentmemorybench:fact-mh-262k:context-0/factconsolidation_mh_262k_no39,0.5,3,6,8,2,-1.5000000149011612,0.182425521583901,0.2500000596046448,19402.0,5,0.0,0.0,0.3314285714285714,1.0,True,,,,,,,"[""search""]",1.4375000223517418,0.0,"[""read""]",-2.937500037252903,0.5,0.7142857142857143,True,True,False
False,state_answers,2,state-r3-q039-t007,"['/data/zhaogangyi/picorer-eval/qwen36-v100-sufficiency-dynamics-replicate-3-20260912/probes-v2/bc7797dd9acd/step-007/qwen-r1/native-s.request.json', '/data/zhaogangyi/picorer-eval/qwen36-v100-sufficiency-dynamics-replicate-3-20260912/probes-v2/bc7797dd9acd/step-007/qwen-r2/native-s.request.json']",39,d8181300c5a3447d824e28dffd3e817c986e10652fca62ebc582e679d727dca6,agentmemorybench:fact-mh-262k:context-0/factconsolidation_mh_262k_no39,0.5,3,7,8,2,4.187499954365194,0.9850429127344956,-0.1250000800937414,10060.0,5,0.0,0.0,0.3085714285714286,2.0,True,,,,,,,"[""read""]",-1.5000000149011612,0.5,"[""search""]",5.687499969266355,0.0,0.8571428571428571,False,False,True
False,state_answers,2,state-r3-q039-t008,"['/data/zhaogangyi/picorer-eval/qwen36-v100-sufficiency-dynamics-replicate-3-20260912/probes-v2/bc7797dd9acd/step-008/qwen-r1/native-s.request.json', '/data/zhaogangyi/picorer-eval/qwen36-v100-sufficiency-dynamics-replicate-3-20260912/probes-v2/bc7797dd9acd/step-008/qwen-r2/native-s.request.json']",39,ccda0e3a0e46ceac8cf60733a6d6234fc709df456f7812e63e253ea3b6a8be9b,agentmemorybench:fact-mh-262k:context-0/factconsolidation_mh_262k_no39,1.0,3,8,8,2,7.68750004710455,0.9995416871209436,-0.1250000928121153,20340.0,5,1.0,1.0,1.0,0.0,True,,,,,,,"[""finish""]",4.187499954365194,0.5,"[""read""]",3.5000000927393558,0.5,1.0,True,True,True
False,state_answers,2,state-r1-q040-t002,"['/data/zhaogangyi/picorer-eval/qwen36-v100-sufficiency-dynamics-20260912/probes-v2/746e27aa9428/step-002/qwen-r1/native-s.request.json', '/data/zhaogangyi/picorer-eval/qwen36-v100-sufficiency-dynamics-20260912/probes-v2/746e27aa9428/step-002/qwen-r2/native-s.request.json']",40,38cc344c0a4646fbe181ee7c0583b6fd428e10ab4ec8c67cab24bad32126956c,agentmemorybench:fact-mh-262k:context-0/factconsolidation_mh_262k_no40,0.0,1,2,5,2,3.062500024214387,0.9553191307609288,0.1250001676380634,8964.0,5,0.0,0.0,0.0,0.0,True,,,,,,,"[""read""]",-4.0624998807907104,0.0,"[""search""]",7.124999905005097,0.0,0.25,False,False,True
False,state_answers,2,state-r1-q040-t003,"['/data/zhaogangyi/picorer-eval/qwen36-v100-sufficiency-dynamics-20260912/probes-v2/746e27aa9428/step-003/qwen-r1/native-s.request.json', '/data/zhaogangyi/picorer-eval/qwen36-v100-sufficiency-dynamics-20260912/probes-v2/746e27aa9428/step-003/qwen-r2/native-s.request.json']",40,3f4e9bcaf13940c0ff7d49a962ec3eb870cbe4b5a8f3f9b48231d95dda36d600,agentmemorybench:fact-mh-262k:context-0/factconsolidation_mh_262k_no40,0.5,1,3,5,2,3.187500026077032,0.96036116189172,0.1249999478459358,18852.0,5,0.0,0.0,0.0,0.0,True,,,,,,,"[""search""]",3.062500024214387,0.0,"[""read""]",0.12500000186264515,0.5,0.5,True,True,True
False,state_answers,2,state-r1-q040-t004,"['/data/zhaogangyi/picorer-eval/qwen36-v100-sufficiency-dynamics-20260912/probes-v2/746e27aa9428/step-004/qwen-r1/native-s.request.json', '/data/zhaogangyi/picorer-eval/qwen36-v100-sufficiency-dynamics-20260912/probes-v2/746e27aa9428/step-004/qwen-r2/native-s.request.json']",40,6b1328942b80e9aee90ca7756e2db36cc126cead88dcd1375bec69ac79a6262b,agentmemorybench:fact-mh-262k:context-0/factconsolidation_mh_262k_no40,0.5,1,4,5,2,3.9375000884756446,0.9808759649087644,-0.1249999571591615,9122.0,5,0.0,0.0,0.0,0.0,True,,,,,,,"[""read""]",3.187500026077032,0.5,"[""search""]",0.7500000623986125,0.0,0.75,False,False,True
False,state_answers,2,state-r1-q040-t005,"['/data/zhaogangyi/picorer-eval/qwen36-v100-sufficiency-dynamics-20260912/probes-v2/746e27aa9428/step-005/qwen-r1/native-s.request.json', '/data/zhaogangyi/picorer-eval/qwen36-v100-sufficiency-dynamics-20260912/probes-v2/746e27aa9428/step-005/qwen-r2/native-s.request.json']",40,7708385dea2cccc0b0cdf5ce7a2789248e6f4beb4d5e4c8f11145ea6efb14d4f,agentmemorybench:fact-mh-262k:context-0/factconsolidation_mh_262k_no40,1.0,1,5,5,2,7.937499885694706,0.9996430293241731,0.1249993879173416,19521.0,5,1.0,1.0,1.0,0.0,True,,,,,,,"[""finish""]",3.9375000884756446,0.5,"[""read""]",3.9999997972190613,0.5,1.0,True,True,True
False,state_answers,2,state-r2-q040-t002,"['/data/zhaogangyi/picorer-eval/qwen36-v100-sufficiency-dynamics-replicate-2-20260912/probes-v2/746e27aa9428/step-002/qwen-r1/native-s.request.json', '/data/zhaogangyi/picorer-eval/qwen36-v100-sufficiency-dynamics-replicate-2-20260912/probes-v2/746e27aa9428/step-002/qwen-r2/native-s.request.json']",40,daa141036120935d3dba4b03f90c0b4aa181d346071780e0eb30cf19e47fc00f,agentmemorybench:fact-mh-262k:context-0/factconsolidation_mh_262k_no40,0.0,2,2,4,2,2.9374999571591616,0.9496693653548398,0.1249999962747097,8949.0,5,0.0,0.0,0.0,0.0,True,,,,,,,"[""search""]",-3.937499903142452,0.0,"[""search""]",6.874999860301614,0.0,0.3333333333333333,False,False,True
False,state_answers,2,state-r2-q040-t003,"['/data/zhaogangyi/picorer-eval/qwen36-v100-sufficiency-dynamics-replicate-2-20260912/probes-v2/746e27aa9428/step-003/qwen-r1/native-s.request.json', '/data/zhaogangyi/picorer-eval/qwen36-v100-sufficiency-dynamics-replicate-2-20260912/probes-v2/746e27aa9428/step-003/qwen-r2/native-s.request.json']",40,9e88ad806d26548b84d54a0a65ec713c2bddd008127fb950126cd1be129abf41,agentmemorybench:fact-mh-262k:context-0/factconsolidation_mh_262k_no40,0.0,2,3,4,2,1.8125,0.8596637505099167,0.1250000596046447,9231.0,5,0.0,0.0,0.0,0.0,True,,,,,,,"[""read""]",2.9374999571591616,0.0,"[""search""]",-1.1249999571591616,0.0,0.6666666666666666,False,False,False
False,state_answers,2,state-r2-q040-t004,"['/data/zhaogangyi/picorer-eval/qwen36-v100-sufficiency-dynamics-replicate-2-20260912/probes-v2/746e27aa9428/step-004/qwen-r1/native-s.request.json', '/data/zhaogangyi/picorer-eval/qwen36-v100-sufficiency-dynamics-replicate-2-20260912/probes-v2/746e27aa9428/step-004/qwen-r2/native-s.request.json']",40,835d534f98a32bca7b12333abe55b3bea149d01d41070d9ddf42447852eeabc0,agentmemorybench:fact-mh-262k:context-0/factconsolidation_mh_262k_no40,1.0,2,4,4,2,8.874999831175955,0.9998601779007508,-1.191947376355529e-07,24597.0,5,0.6,0.6,0.6,0.0,True,,,,,,,"[""finish""]",1.8125,0.0,"[""read""]",7.0624998311759555,1.0,1.0,True,True,True
False,state_answers,2,state-r3-q040-t002,"['/data/zhaogangyi/picorer-eval/qwen36-v100-sufficiency-dynamics-replicate-3-20260912/probes-v2/746e27aa9428/step-002/qwen-r1/native-s.request.json', '/data/zhaogangyi/picorer-eval/qwen36-v100-sufficiency-dynamics-replicate-3-20260912/probes-v2/746e27aa9428/step-002/qwen-r2/native-s.request.json']",40,b21a244f418ec49e1e7a7dcb7d82e97ac5fc66eb71b612364397d04935261aa3,agentmemorybench:fact-mh-262k:context-0/factconsolidation_mh_262k_no40,0.0,3,2,13,2,2.7499999292194843,0.9399133458285746,0.0,8945.0,5,0.0,0.0,0.0,0.0,True,,,,,,,"[""read""]",-4.062499862164259,0.0,"[""search""]",6.812499791383743,0.0,0.08333333333333333,False,False,True
False,state_answers,2,state-r3-q040-t003,"['/data/zhaogangyi/picorer-eval/qwen36-v100-sufficiency-dynamics-replicate-3-20260912/probes-v2/746e27aa9428/step-003/qwen-r1/native-s.request.json', '/data/zhaogangyi/picorer-eval/qwen36-v100-sufficiency-dynamics-replicate-3-20260912/probes-v2/746e27aa9428/step-003/qwen-r2/native-s.request.json']",40,831f015b7c6a6c7b93b2ffe2afe0484c25c6422cd93eea642736d10416577a3b,agentmemorybench:fact-mh-262k:context-0/factconsolidation_mh_262k_no40,0.5,3,3,13,2,2.3124999590218067,0.9099070026788096,0.124999962747097,13966.0,5,0.0,0.0,0.0,1.0,True,,,,,,,"[""search""]",2.7499999292194843,0.0,"[""read""]",-0.4374999701976776,0.5,0.16666666666666666,True,True,False
False,state_answers,2,state-r3-q040-t004,"['/data/zhaogangyi/picorer-eval/qwen36-v100-sufficiency-dynamics-replicate-3-20260912/probes-v2/746e27aa9428/step-004/qwen-r1/native-s.request.json', '/data/zhaogangyi/picorer-eval/qwen36-v100-sufficiency-dynamics-replicate-3-20260912/probes-v2/746e27aa9428/step-004/qwen-r2/native-s.request.json']",40,fa0cc8c712a6f5d3ed40dfc3049f88a87df2df096a6dbb3f0fee8d932d4dc0d7,agentmemorybench:fact-mh-262k:context-0/factconsolidation_mh_262k_no40,0.5,3,4,13,2,2.8749999664723873,0.9465966685053074,-1.4901161193847656e-07,9246.0,5,0.0,0.0,0.0,0.0,True,,,,,,,[],2.3124999590218067,0.5,"[""search""]",0.5625000074505806,0.0,0.25,False,False,True
False,state_answers,2,state-r3-q040-t005,"['/data/zhaogangyi/picorer-eval/qwen36-v100-sufficiency-dynamics-replicate-3-20260912/probes-v2/746e27aa9428/step-005/qwen-r1/native-s.request.json', '/data/zhaogangyi/picorer-eval/qwen36-v100-sufficiency-dynamics-replicate-3-20260912/probes-v2/746e27aa9428/step-005/qwen-r2/native-s.request.json']",40,670afc630e74d49cd5b0ff6e959e2d8394f5202d47a5a433bceb651552c531f6,agentmemorybench:fact-mh-262k:context-0/factconsolidation_mh_262k_no40,0.5,3,5,13,2,1.25,0.7772998611746911,-1.1920928955078125e-07,4068.0,5,0.0,0.0,0.0,1.0,True,,,,,,,"[""read""]",2.8749999664723873,0.5,[],-1.6249999664723873,0.0,0.3333333333333333,False,False,False
False,state_answers,2,state-r3-q040-t006,"['/data/zhaogangyi/picorer-eval/qwen36-v100-sufficiency-dynamics-replicate-3-20260912/probes-v2/746e27aa9428/step-006/qwen-r1/native-s.request.json', '/data/zhaogangyi/picorer-eval/qwen36-v100-sufficiency-dynamics-replicate-3-20260912/probes-v2/746e27aa9428/step-006/qwen-r2/native-s.request.json']",40,e9a63bb8dde8264d654e8c57c34395f356dd9d8b370af4bacdd893c79ebce614,agentmemorybench:fact-mh-262k:context-0/factconsolidation_mh_262k_no40,0.5,3,6,13,2,0.6249999850988388,0.6513548612821242,0.2499999701976776,21373.0,5,0.0,0.0,0.0,0.0,True,,,,,,,"[""search""]",1.25,0.5,"[""read""]",-0.6250000149011612,0.0,0.4166666666666667,True,False,False
False,state_answers,2,state-r3-q040-t007,"['/data/zhaogangyi/picorer-eval/qwen36-v100-sufficiency-dynamics-replicate-3-20260912/probes-v2/746e27aa9428/step-007/qwen-r1/native-s.request.json', '/data/zhaogangyi/picorer-eval/qwen36-v100-sufficiency-dynamics-replicate-3-20260912/probes-v2/746e27aa9428/step-007/qwen-r2/native-s.request.json']",40,ccbd5f94995742f615399fb2fed3e865e8967ae9f333e689765b3ee06aa055b0,agentmemorybench:fact-mh-262k:context-0/factconsolidation_mh_262k_no40,0.5,3,7,13,2,-0.1875,0.4532618480153861,0.125,7545.0,5,0.0,0.0,0.0,1.0,True,,,,,,,"[""search""]",0.6249999850988388,0.5,"[""search""]",-0.8124999850988388,0.0,0.5,False,False,False
False,state_answers,2,state-r3-q040-t008,"['/data/zhaogangyi/picorer-eval/qwen36-v100-sufficiency-dynamics-replicate-3-20260912/probes-v2/746e27aa9428/step-008/qwen-r1/native-s.request.json', '/data/zhaogangyi/picorer-eval/qwen36-v100-sufficiency-dynamics-replicate-3-20260912/probes-v2/746e27aa9428/step-008/qwen-r2/native-s.request.json']",40,22c8c53171fca0587af606a16fec3434d7bb0efec5f4cc8f0fb3eb1fbf6b68f0,agentmemorybench:fact-mh-262k:context-0/factconsolidation_mh_262k_no40,0.5,3,8,13,2,-1.5625000074505806,0.1732882048619608,0.1249999552965164,9066.0,5,0.0,0.0,0.0,0.0,True,,,,,,,"[""search""]",-0.1875,0.5,"[""search""]",-1.3750000074505806,0.0,0.5833333333333334,False,False,False
False,state_answers,2,state-r3-q040-t009,"['/data/zhaogangyi/picorer-eval/qwen36-v100-sufficiency-dynamics-replicate-3-20260912/probes-v2/746e27aa9428/step-009/qwen-r1/native-s.request.json', '/data/zhaogangyi/picorer-eval/qwen36-v100-sufficiency-dynamics-replicate-3-20260912/probes-v2/746e27aa9428/step-009/qwen-r2/native-s.request.json']",40,f7ab406bd4af2edf6f5da10d241ab65afbfc363be0bf06f231e1371eaedc5af2,agentmemorybench:fact-mh-262k:context-0/factconsolidation_mh_262k_no40,0.5,3,9,13,2,-2.6249998919665813,0.0675466979440209,2.2351741790771484e-08,9220.0,5,0.0,0.0,0.0,0.0,True,,,,,,,"[""search""]",-1.5625000074505806,0.5,"[""search""]",-1.0624998845160007,0.0,0.6666666666666666,False,False,False
False,state_answers,2,state-r3-q040-t010,"['/data/zhaogangyi/picorer-eval/qwen36-v100-sufficiency-dynamics-replicate-3-20260912/probes-v2/746e27aa9428/step-010/qwen-r1/native-s.request.json', '/data/zhaogangyi/picorer-eval/qwen36-v100-sufficiency-dynamics-replicate-3-20260912/probes-v2/746e27aa9428/step-010/qwen-r2/native-s.request.json']",40,25bed00b6da953a4d3daaf55c895787694f3681beb2b9ccc46093cbf61ad6de2,agentmemorybench:fact-mh-262k:context-0/factconsolidation_mh_262k_no40,0.5,3,10,13,2,-3.06250006146729,0.0446808676489503,0.125000100582838,9329.0,5,0.0,0.0,0.0,0.0,True,,,,,,,"[""search""]",-2.6249998919665813,0.5,"[""search""]",-0.4375001695007086,0.0,0.75,False,False,False
False,state_answers,2,state-r3-q040-t011,"['/data/zhaogangyi/picorer-eval/qwen36-v100-sufficiency-dynamics-replicate-3-20260912/probes-v2/746e27aa9428/step-011/qwen-r1/native-s.request.json', '/data/zhaogangyi/picorer-eval/qwen36-v100-sufficiency-dynamics-replicate-3-20260912/probes-v2/746e27aa9428/step-011/qwen-r2/native-s.request.json']",40,456119dcce4518b872d8a7e30dd2de2c554894fa870fb41a7e492a0537005aeb,agentmemorybench:fact-mh-262k:context-0/factconsolidation_mh_262k_no40,0.5,3,11,13,2,-3.1875000279396772,0.0396388380373735,0.1250000260770321,9465.0,5,0.0,0.0,0.0,1.0,True,,,,,,,"[""search""]",-3.06250006146729,0.5,"[""search""]",-0.12499996647238731,0.0,0.8333333333333334,False,False,False
False,state_answers,2,state-r3-q040-t012,"['/data/zhaogangyi/picorer-eval/qwen36-v100-sufficiency-dynamics-replicate-3-20260912/probes-v2/746e27aa9428/step-012/qwen-r1/native-s.request.json', '/data/zhaogangyi/picorer-eval/qwen36-v100-sufficiency-dynamics-replicate-3-20260912/probes-v2/746e27aa9428/step-012/qwen-r2/native-s.request.json']",40,5c881c80126a18b02b15d40e6bde2bdd254e23212cb8e8c7ffb7ec4b416bafad,agentmemorybench:fact-mh-262k:context-0/factconsolidation_mh_262k_no40,0.5,3,12,13,2,-3.5625000847503543,0.0275852799534182,0.1249999534338712,9574.0,5,0.0,0.0,0.0,2.0,True,,,,,,,"[""search""]",-3.1875000279396772,0.5,"[""search""]",-0.37500005681067705,0.0,0.9166666666666666,False,False,False
False,state_answers,2,state-r3-q040-t013,"['/data/zhaogangyi/picorer-eval/qwen36-v100-sufficiency-dynamics-replicate-3-20260912/probes-v2/746e27aa9428/step-013/qwen-r1/native-s.request.json', '/data/zhaogangyi/picorer-eval/qwen36-v100-sufficiency-dynamics-replicate-3-20260912/probes-v2/746e27aa9428/step-013/qwen-r2/native-s.request.json']",40,466326c73dd6abb1b21bf92baaf32f7efc06387a1c380719a373a30a0d2e4dcd,agentmemorybench:fact-mh-262k:context-0/factconsolidation_mh_262k_no40,0.5,3,13,13,2,-4.187499885912985,0.0149570882740365,-0.1250001108273863,5356.0,5,0.0,0.0,0.0,2.0,True,,,,,,,"[""finish""]",-3.5625000847503543,0.5,"[""search""]",-0.6249998011626303,0.0,1.0,False,False,False
False,state_answers,2,state-r1-q041-t002,"['/data/zhaogangyi/picorer-eval/qwen36-v100-sufficiency-dynamics-20260912/probes-v2/bf7b28f4fbae/step-002/qwen-r1/native-s.request.json', '/data/zhaogangyi/picorer-eval/qwen36-v100-sufficiency-dynamics-20260912/probes-v2/bf7b28f4fbae/step-002/qwen-r2/native-s.request.json']",41,c895418b15e3bfc7eb418a0827bc70f0328a25965164f3f3fa9cdfc7672bed77,agentmemorybench:fact-mh-262k:context-0/factconsolidation_mh_262k_no41,0.0,1,2,12,2,-0.4375000298023224,0.3923368230619771,-0.3750000596046448,9101.0,5,0.0,0.0,0.0,0.0,True,,,,,,,"[""read""]",-3.8124999403953552,0.0,"[""search""]",3.374999910593033,0.0,0.09090909090909091,False,False,True
False,state_answers,2,state-r1-q041-t003,"['/data/zhaogangyi/picorer-eval/qwen36-v100-sufficiency-dynamics-20260912/probes-v2/bf7b28f4fbae/step-003/qwen-r1/native-s.request.json', '/data/zhaogangyi/picorer-eval/qwen36-v100-sufficiency-dynamics-20260912/probes-v2/bf7b28f4fbae/step-003/qwen-r2/native-s.request.json']",41,79098c0c8c0b9bb62390b8523bc24b7039472ddf829f58926092dd2c7645661c,agentmemorybench:fact-mh-262k:context-0/factconsolidation_mh_262k_no41,0.5,1,3,12,2,2.0625000447034836,0.8872045981907006,-0.1250000894069671,19006.0,5,0.0,0.0,0.0,0.0,True,,,,,,,"[""search""]",-0.4375000298023224,0.0,"[""read""]",2.500000074505806,0.5,0.18181818181818182,True,True,True
False,state_answers,2,state-r1-q041-t004,"['/data/zhaogangyi/picorer-eval/qwen36-v100-sufficiency-dynamics-20260912/probes-v2/bf7b28f4fbae/step-004/qwen-r1/native-s.request.json', '/data/zhaogangyi/picorer-eval/qwen36-v100-sufficiency-dynamics-20260912/probes-v2/bf7b28f4fbae/step-004/qwen-r2/native-s.request.json']",41,3373e4d0bad65888fb0f0589e8df64888a109a87643e892832bb531611760592,agentmemorybench:fact-mh-262k:context-0/factconsolidation_mh_262k_no41,0.5,1,4,12,2,-0.125,0.4687906266262437,0.0,9707.0,5,0.0,0.0,0.0,0.0,True,,,,,,,"[""search""]",2.0625000447034836,0.5,"[""search""]",-2.1875000447034836,0.0,0.2727272727272727,False,False,False
False,state_answers,2,state-r1-q041-t005,"['/data/zhaogangyi/picorer-eval/qwen36-v100-sufficiency-dynamics-20260912/probes-v2/bf7b28f4fbae/step-005/qwen-r1/native-s.request.json', '/data/zhaogangyi/picorer-eval/qwen36-v100-sufficiency-dynamics-20260912/probes-v2/bf7b28f4fbae/step-005/qwen-r2/native-s.request.json']",41,f0edc5b0d85881177cd43dd102a08b4a81bb75003fc48b1a90058a1020cbfb3d,agentmemorybench:fact-mh-262k:context-0/factconsolidation_mh_262k_no41,0.5,1,5,12,2,-0.7499999552965164,0.3208213105652724,-2.9802322387695312e-08,9910.0,5,0.0,0.0,0.0,0.0,True,,,,,,,"[""search""]",-0.125,0.5,"[""search""]",-0.6249999552965164,0.0,0.36363636363636365,False,False,False
False,state_answers,2,state-r1-q041-t006,"['/data/zhaogangyi/picorer-eval/qwen36-v100-sufficiency-dynamics-20260912/probes-v2/bf7b28f4fbae/step-006/qwen-r1/native-s.request.json', '/data/zhaogangyi/picorer-eval/qwen36-v100-sufficiency-dynamics-20260912/probes-v2/bf7b28f4fbae/step-006/qwen-r2/native-s.request.json']",41,7315d9ddea75ff321ac83445f2f8ef24a8a534efad1764774bcb7a92e0a9e507,agentmemorybench:fact-mh-262k:context-0/factconsolidation_mh_262k_no41,0.5,1,6,12,2,-1.2500000298023224,0.2227001336663842,0.25,10206.0,5,0.0,0.0,0.0,0.0,True,,,,,,,"[""read""]",-0.7499999552965164,0.5,"[""search""]",-0.500000074505806,0.0,0.45454545454545453,False,False,False
False,state_answers,2,state-r1-q041-t007,"['/data/zhaogangyi/picorer-eval/qwen36-v100-sufficiency-dynamics-20260912/probes-v2/bf7b28f4fbae/step-007/qwen-r1/native-s.request.json', '/data/zhaogangyi/picorer-eval/qwen36-v100-sufficiency-dynamics-20260912/probes-v2/bf7b28f4fbae/step-007/qwen-r2/native-s.request.json']",41,2d867469bf7872278b6f9c313a3934f4816dcb6ae804e9b9525bd52611ceb23f,agentmemorybench:fact-mh-262k:context-0/factconsolidation_mh_262k_no41,1.0,1,7,12,2,-0.1875,0.4532618480153861,0.125,25749.0,5,1.0,1.0,1.0,1.0,True,,,,,,,"[""search""]",-1.2500000298023224,0.5,"[""read""]",1.0625000298023224,0.5,0.5454545454545454,True,True,True
False,state_answers,2,state-r1-q041-t008,"['/data/zhaogangyi/picorer-eval/qwen36-v100-sufficiency-dynamics-20260912/probes-v2/bf7b28f4fbae/step-008/qwen-r1/native-s.request.json', '/data/zhaogangyi/picorer-eval/qwen36-v100-sufficiency-dynamics-20260912/probes-v2/bf7b28f4fbae/step-008/qwen-r2/native-s.request.json']",41,8c249c46c1de71ffd7ab7e621ea89f4d2b1bd8dd422869d91b695214cccb4c8a,agentmemorybench:fact-mh-262k:context-0/factconsolidation_mh_262k_no41,1.0,1,8,12,2,-0.8749999850988388,0.2942149752572525,0.2499999105930328,10772.0,5,1.0,1.0,1.0,0.0,True,,,,,,,"[""search""]",-0.1875,1.0,"[""search""]",-0.6874999850988388,0.0,0.6363636363636364,False,False,False
False,state_answers,2,state-r1-q041-t009,"['/data/zhaogangyi/picorer-eval/qwen36-v100-sufficiency-dynamics-20260912/probes-v2/bf7b28f4fbae/step-009/qwen-r1/native-s.request.json', '/data/zhaogangyi/picorer-eval/qwen36-v100-sufficiency-dynamics-20260912/probes-v2/bf7b28f4fbae/step-009/qwen-r2/native-s.request.json']",41,afe84b429c6e15277eeaf0fe9bdec6127452ca8d66d2d5b1affbce86fc49613c,agentmemorybench:fact-mh-262k:context-0/factconsolidation_mh_262k_no41,1.0,1,9,12,2,-1.6249999701976776,0.1645164669929161,2.9802322387695312e-08,11064.0,5,1.0,1.0,1.0,0.0,True,,,,,,,"[""search""]",-0.8749999850988388,1.0,"[""search""]",-0.7499999850988388,0.0,0.7272727272727273,False,False,False
False,state_answers,2,state-r1-q041-t010,"['/data/zhaogangyi/picorer-eval/qwen36-v100-sufficiency-dynamics-20260912/probes-v2/bf7b28f4fbae/step-010/qwen-r1/native-s.request.json', '/data/zhaogangyi/picorer-eval/qwen36-v100-sufficiency-dynamics-20260912/probes-v2/bf7b28f4fbae/step-010/qwen-r2/native-s.request.json']",41,b4e7656c3a9740381870ae7c97d95ad9f3ba6d97f8d1a7a07b330ca604cdfa84,agentmemorybench:fact-mh-262k:context-0/factconsolidation_mh_262k_no41,1.0,1,10,12,2,-1.4374999776482582,0.1919327899138711,-0.124999925494194,11635.0,5,0.6,0.6,0.6,0.0,True,,,,,,,"[""search""]",-1.6249999701976776,1.0,"[""search""]",0.1874999925494194,0.0,0.8181818181818182,False,False,True
False,state_answers,2,state-r1-q041-t011,"['/data/zhaogangyi/picorer-eval/qwen36-v100-sufficiency-dynamics-20260912/probes-v2/bf7b28f4fbae/step-011/qwen-r1/native-s.request.json', '/data/zhaogangyi/picorer-eval/qwen36-v100-sufficiency-dynamics-20260912/probes-v2/bf7b28f4fbae/step-011/qwen-r2/native-s.request.json']",41,0ae2e0be0f372689b1a63046e5226686c50402c68fe809848eb96e1e5b369dc1,agentmemorybench:fact-mh-262k:context-0/factconsolidation_mh_262k_no41,1.0,1,11,12,2,-1.3125000149011612,0.2120688018671864,0.1249999105930328,11946.0,5,1.0,1.0,1.0,0.0,True,,,,,,,"[""search""]",-1.4374999776482582,1.0,"[""search""]",0.12499996274709702,0.0,0.9090909090909091,False,False,True
False,state_answers,2,state-r1-q041-t012,"['/data/zhaogangyi/picorer-eval/qwen36-v100-sufficiency-dynamics-20260912/probes-v2/bf7b28f4fbae/step-012/qwen-r1/native-s.request.json', '/data/zhaogangyi/picorer-eval/qwen36-v100-sufficiency-dynamics-20260912/probes-v2/bf7b28f4fbae/step-012/qwen-r2/native-s.request.json']",41,9693508fcc89e2c213eed649f27b1ba3d093281dad496eeb5cba0b54d6d7c780,agentmemorybench:fact-mh-262k:context-0/factconsolidation_mh_262k_no41,1.0,1,12,12,2,0.125,0.5312093733737563,0.0,7725.0,5,1.0,1.0,1.0,0.0,True,,,,,,,"[""finish""]",-1.3125000149011612,1.0,"[""search""]",1.4375000149011612,0.0,1.0,False,False,True
False,state_answers,2,state-r2-q041-t002,"['/data/zhaogangyi/picorer-eval/qwen36-v100-sufficiency-dynamics-replicate-2-20260912/probes-v2/bf7b28f4fbae/step-002/qwen-r1/native-s.request.json', '/data/zhaogangyi/picorer-eval/qwen36-v100-sufficiency-dynamics-replicate-2-20260912/probes-v2/bf7b28f4fbae/step-002/qwen-r2/native-s.request.json']",41,206bad74ed76e0185f8312113da6fff9a0958321bc651fcfcfb2d2315a1e3e26,agentmemorybench:fact-mh-262k:context-0/factconsolidation_mh_262k_no41,0.0,2,2,11,2,0.5625000298023224,0.6370308013713525,0.1250000596046447,9152.0,5,0.0,0.0,0.0,0.0,True,,,,,,,"[""read""]",-3.8750000204890966,0.0,"[""search""]",4.437500050291419,0.0,0.1,False,False,True
False,state_answers,2,state-r2-q041-t003,"['/data/zhaogangyi/picorer-eval/qwen36-v100-sufficiency-dynamics-replicate-2-20260912/probes-v2/bf7b28f4fbae/step-003/qwen-r1/native-s.request.json', '/data/zhaogangyi/picorer-eval/qwen36-v100-sufficiency-dynamics-replicate-2-20260912/probes-v2/bf7b28f4fbae/step-003/qwen-r2/native-s.request.json']",41,2e05261ac4cd53003f3df24d74c44db56fd97a4bfd8e90a7b1d414ae32916af8,agentmemorybench:fact-mh-262k:context-0/factconsolidation_mh_262k_no41,1.0,2,3,11,2,0.4375,0.6076631698328917,0.125,26858.0,5,1.0,1.0,1.0,0.0,True,,,,,,,"[""search""]",0.5625000298023224,0.0,"[""read""]",-0.1250000298023224,1.0,0.2,True,True,False
False,state_answers,2,state-r2-q041-t004,"['/data/zhaogangyi/picorer-eval/qwen36-v100-sufficiency-dynamics-replicate-2-20260912/probes-v2/bf7b28f4fbae/step-004/qwen-r1/native-s.request.json', '/data/zhaogangyi/picorer-eval/qwen36-v100-sufficiency-dynamics-replicate-2-20260912/probes-v2/bf7b28f4fbae/step-004/qwen-r2/native-s.request.json']",41,2a27ab4b03c0cd8d3101d5869bef3ab198740ef0681ac2f393f92824b15b4450,agentmemorybench:fact-mh-262k:context-0/factconsolidation_mh_262k_no41,1.0,2,4,11,2,-1.9375000558793545,0.125922758684703,0.3750000521540642,10142.0,5,0.8,0.8,0.8,0.0,True,,,,,,,"[""search""]",0.4375,1.0,"[""search""]",-2.3750000558793545,0.0,0.3,False,False,False
False,state_answers,2,state-r2-q041-t005,"['/data/zhaogangyi/picorer-eval/qwen36-v100-sufficiency-dynamics-replicate-2-20260912/probes-v2/bf7b28f4fbae/step-005/qwen-r1/native-s.request.json', '/data/zhaogangyi/picorer-eval/qwen36-v100-sufficiency-dynamics-replicate-2-20260912/probes-v2/bf7b28f4fbae/step-005/qwen-r2/native-s.request.json']",41,d4d27b6e5da7c016c1e203c108f585f62ce1552dc136b9a6e5018734a9ef1cf3,agentmemorybench:fact-mh-262k:context-0/factconsolidation_mh_262k_no41,1.0,2,5,11,2,-2.937499932944774,0.0503306358025464,0.1249999925494194,10427.0,5,0.8,0.8,0.8,0.0,True,,,,,,,"[""search""]",-1.9375000558793545,1.0,"[""search""]",-0.9999998770654197,0.0,0.4,False,False,False
False,state_answers,2,state-r2-q041-t006,"['/data/zhaogangyi/picorer-eval/qwen36-v100-sufficiency-dynamics-replicate-2-20260912/probes-v2/bf7b28f4fbae/step-006/qwen-r1/native-s.request.json', '/data/zhaogangyi/picorer-eval/qwen36-v100-sufficiency-dynamics-replicate-2-20260912/probes-v2/bf7b28f4fbae/step-006/qwen-r2/native-s.request.json']",41,de7fbd49e601593553889cf3418e4d1a050a82666ffb153bb1b7c1bc21831548,agentmemorybench:fact-mh-262k:context-0/factconsolidation_mh_262k_no41,1.0,2,6,11,2,-2.4375000037252903,0.0803574685469075,0.124999962747097,10704.0,5,1.0,1.0,1.0,0.0,True,,,,,,,"[""search""]",-2.937499932944774,1.0,"[""search""]",0.4999999292194839,0.0,0.5,False,False,True
False,state_answers,2,state-r2-q041-t007,"['/data/zhaogangyi/picorer-eval/qwen36-v100-sufficiency-dynamics-replicate-2-20260912/probes-v2/bf7b28f4fbae/step-007/qwen-r1/native-s.request.json', '/data/zhaogangyi/picorer-eval/qwen36-v100-sufficiency-dynamics-replicate-2-20260912/probes-v2/bf7b28f4fbae/step-007/qwen-r2/native-s.request.json']",41,bc6310b7ad92877d342173083c6b41d562d626344d89160b1a274fd64aae73e9,agentmemorybench:fact-mh-262k:context-0/factconsolidation_mh_262k_no41,1.0,2,7,11,2,-2.999999960884452,0.0474258749446766,0.2500000558793545,10915.0,5,1.0,1.0,1.0,0.0,True,,,,,,,"[""search""]",-2.4375000037252903,1.0,"[""search""]",-0.5624999571591616,0.0,0.6,False,False,False
False,state_answers,2,state-r2-q041-t008,"['/data/zhaogangyi/picorer-eval/qwen36-v100-sufficiency-dynamics-replicate-2-20260912/probes-v2/bf7b28f4fbae/step-008/qwen-r1/native-s.request.json', '/data/zhaogangyi/picorer-eval/qwen36-v100-sufficiency-dynamics-replicate-2-20260912/probes-v2/bf7b28f4fbae/step-008/qwen-r2/native-s.request.json']",41,c163069e5c340ef7cc2822dfe51325c133edf97c89a1bf55ed27236256c1e258,agentmemorybench:fact-mh-262k:context-0/factconsolidation_mh_262k_no41,1.0,2,8,11,2,-3.7499999050050974,0.0229773720426052,0.4999997615814209,10934.0,5,1.0,1.0,1.0,0.0,True,,,,,,,"[""search""]",-2.999999960884452,1.0,"[""search""]",-0.7499999441206455,0.0,0.7,False,False,False
False,state_answers,2,state-r2-q041-t009,"['/data/zhaogangyi/picorer-eval/qwen36-v100-sufficiency-dynamics-replicate-2-20260912/probes-v2/bf7b28f4fbae/step-009/qwen-r1/native-s.request.json', '/data/zhaogangyi/picorer-eval/qwen36-v100-sufficiency-dynamics-replicate-2-20260912/probes-v2/bf7b28f4fbae/step-009/qwen-r2/native-s.request.json']",41,258b8f40acbfe0f1bf99848d7d3b4b937f6750938f785d119c0aaec7bf1a5f06,agentmemorybench:fact-mh-262k:context-0/factconsolidation_mh_262k_no41,1.0,2,9,11,2,-3.5625000409781933,0.0275852811275772,0.1250001117587089,11263.0,5,1.0,1.0,1.0,0.0,True,,,,,,,"[""search""]",-3.7499999050050974,1.0,"[""search""]",0.1874998640269041,0.0,0.8,False,False,True
False,state_answers,2,state-r2-q041-t010,"['/data/zhaogangyi/picorer-eval/qwen36-v100-sufficiency-dynamics-replicate-2-20260912/probes-v2/bf7b28f4fbae/step-010/qwen-r1/native-s.request.json', '/data/zhaogangyi/picorer-eval/qwen36-v100-sufficiency-dynamics-replicate-2-20260912/probes-v2/bf7b28f4fbae/step-010/qwen-r2/native-s.request.json']",41,8c87d86cf768a3f4e697655f637a4d9bac1b65c634b07e8eabbde6c7c2b4e141,agentmemorybench:fact-mh-262k:context-0/factconsolidation_mh_262k_no41,1.0,2,10,11,2,-3.5624998873099685,0.0275852852496252,0.1250000055879354,11987.0,5,1.0,1.0,1.0,0.0,True,,,,,,,"[""search""]",-3.5625000409781933,1.0,"[""search""]",1.5366822481155396e-07,0.0,0.9,False,False,True
False,state_answers,2,state-r2-q041-t011,"['/data/zhaogangyi/picorer-eval/qwen36-v100-sufficiency-dynamics-replicate-2-20260912/probes-v2/bf7b28f4fbae/step-011/qwen-r1/native-s.request.json', '/data/zhaogangyi/picorer-eval/qwen36-v100-sufficiency-dynamics-replicate-2-20260912/probes-v2/bf7b28f4fbae/step-011/qwen-r2/native-s.request.json']",41,73772a26bd72d5debb494831a6ec3300a12fb5841784042368129776e02041f4,agentmemorybench:fact-mh-262k:context-0/factconsolidation_mh_262k_no41,1.0,2,11,11,2,-1.8749999701976776,0.1329642436335826,8.940696716308595e-08,7291.0,5,1.0,1.0,1.0,0.0,True,,,,,,,"[""finish""]",-3.5624998873099685,1.0,"[""search""]",1.6874999171122909,0.0,1.0,False,False,True
False,state_answers,2,state-r3-q041-t002,"['/data/zhaogangyi/picorer-eval/qwen36-v100-sufficiency-dynamics-replicate-3-20260912/probes-v2/bf7b28f4fbae/step-002/qwen-r1/native-s.request.json', '/data/zhaogangyi/picorer-eval/qwen36-v100-sufficiency-dynamics-replicate-3-20260912/probes-v2/bf7b28f4fbae/step-002/qwen-r2/native-s.request.json']",41,a0ee0983f559dcf4d33c0f267a76932354e5443273d8ce300f8cc0b6c2a51ed9,agentmemorybench:fact-mh-262k:context-0/factconsolidation_mh_262k_no41,0.0,3,2,14,2,-2.0000000596046448,0.1192029157640123,0.0,3822.0,5,0.0,0.0,0.0,0.0,True,,,,,,,"[""search""]",-3.9374999618157744,0.0,[],1.9374999022111297,0.0,0.07692307692307693,False,False,True
False,state_answers,2,state-r3-q041-t003,"['/data/zhaogangyi/picorer-eval/qwen36-v100-sufficiency-dynamics-replicate-3-20260912/probes-v2/bf7b28f4fbae/step-003/qwen-r1/native-s.request.json', '/data/zhaogangyi/picorer-eval/qwen36-v100-sufficiency-dynamics-replicate-3-20260912/probes-v2/bf7b28f4fbae/step-003/qwen-r2/native-s.request.json']",41,d5f7e24da83b02800788689b38f99a42c1dcc84f7f5b3623814f65b544509b3c,agentmemorybench:fact-mh-262k:context-0/factconsolidation_mh_262k_no41,0.0,3,3,14,2,-0.6249999850988388,0.3486451387178759,-8.940696716308595e-08,9211.0,5,0.0,0.0,0.0,0.0,True,,,,,,,"[""read""]",-2.0000000596046448,0.0,"[""search""]",1.375000074505806,0.0,0.15384615384615385,False,False,True
False,state_answers,2,state-r3-q041-t004,"['/data/zhaogangyi/picorer-eval/qwen36-v100-sufficiency-dynamics-replicate-3-20260912/probes-v2/bf7b28f4fbae/step-004/qwen-r1/native-s.request.json', '/data/zhaogangyi/picorer-eval/qwen36-v100-sufficiency-dynamics-replicate-3-20260912/probes-v2/bf7b28f4fbae/step-004/qwen-r2/native-s.request.json']",41,ef1ad41de915be4d93bbd712eceec6c2106fa793bd146e3e2d5ae589bce5ca98,agentmemorybench:fact-mh-262k:context-0/factconsolidation_mh_262k_no41,1.0,3,4,14,2,0.4375000149011612,0.6076631733854572,-0.1250000298023224,19606.0,5,1.0,1.0,1.0,0.0,True,,,,,,,"[""search""]",-0.6249999850988388,0.0,"[""read""]",1.0625,1.0,0.23076923076923078,True,True,True
False,state_answers,2,state-r3-q041-t005,"['/data/zhaogangyi/picorer-eval/qwen36-v100-sufficiency-dynamics-replicate-3-20260912/probes-v2/bf7b28f4fbae/step-005/qwen-r1/native-s.request.json', '/data/zhaogangyi/picorer-eval/qwen36-v100-sufficiency-dynamics-replicate-3-20260912/probes-v2/bf7b28f4fbae/step-005/qwen-r2/native-s.request.json']",41,28c8691bcfc378ecb96037da1f89a30865b09647ec7ca2c71b024b828dd66a96,agentmemorybench:fact-mh-262k:context-0/factconsolidation_mh_262k_no41,1.0,3,5,14,2,-1.1250000298023224,0.2450850076183952,0.0,10092.0,5,1.0,1.0,1.0,0.0,True,,,,,,,"[""read""]",0.4375000149011612,1.0,"[""search""]",-1.5625000447034836,0.0,0.3076923076923077,False,False,False
False,state_answers,2,state-r3-q041-t006,"['/data/zhaogangyi/picorer-eval/qwen36-v100-sufficiency-dynamics-replicate-3-20260912/probes-v2/bf7b28f4fbae/step-006/qwen-r1/native-s.request.json', '/data/zhaogangyi/picorer-eval/qwen36-v100-sufficiency-dynamics-replicate-3-20260912/probes-v2/bf7b28f4fbae/step-006/qwen-r2/native-s.request.json']",41,c25ad039e47eb4c23a4e6bbd06bf1caa6afb63e88189fe4a10b2add9c2c9248d,agentmemorybench:fact-mh-262k:context-0/factconsolidation_mh_262k_no41,1.0,3,6,14,2,-2.624999925494194,0.067546695832313,-7.450580596923828e-08,15564.0,5,1.0,1.0,1.0,0.0,True,,,,,,,"[""search""]",-1.1250000298023224,1.0,"[""read""]",-1.4999998956918716,0.0,0.38461538461538464,True,False,False
False,state_answers,2,state-r3-q041-t007,"['/data/zhaogangyi/picorer-eval/qwen36-v100-sufficiency-dynamics-replicate-3-20260912/probes-v2/bf7b28f4fbae/step-007/qwen-r1/native-s.request.json', '/data/zhaogangyi/picorer-eval/qwen36-v100-sufficiency-dynamics-replicate-3-20260912/probes-v2/bf7b28f4fbae/step-007/qwen-r2/native-s.request.json']",41,7cecaa32cce71ca99d767369d7ff1dc238ad8eaf31a5f3224ad04d93f8fc6c15,agentmemorybench:fact-mh-262k:context-0/factconsolidation_mh_262k_no41,1.0,3,7,14,2,-3.062499986961484,0.0446808708291926,-0.1249999590218067,10293.0,5,1.0,1.0,1.0,0.0,True,,,,,,,"[""search""]",-2.624999925494194,1.0,"[""search""]",-0.4375000614672899,0.0,0.46153846153846156,False,False,False
False,state_answers,2,state-r3-q041-t008,"['/data/zhaogangyi/picorer-eval/qwen36-v100-sufficiency-dynamics-replicate-3-20260912/probes-v2/bf7b28f4fbae/step-008/qwen-r1/native-s.request.json', '/data/zhaogangyi/picorer-eval/qwen36-v100-sufficiency-dynamics-replicate-3-20260912/probes-v2/bf7b28f4fbae/step-008/qwen-r2/native-s.request.json']",41,2515cccc1b415a04754be015b65da2a73f43d3ade8de129c94e40bf7134e4071,agentmemorybench:fact-mh-262k:context-0/factconsolidation_mh_262k_no41,1.0,3,8,14,2,-3.7499999925494194,0.0229773700772867,-1.2665987014770508e-07,10722.0,5,1.0,1.0,1.0,0.0,True,,,,,,,"[""search""]",-3.062499986961484,1.0,"[""search""]",-0.6875000055879354,0.0,0.5384615384615384,False,False,False
False,state_answers,2,state-r3-q041-t009,"['/data/zhaogangyi/picorer-eval/qwen36-v100-sufficiency-dynamics-replicate-3-20260912/probes-v2/bf7b28f4fbae/step-009/qwen-r1/native-s.request.json', '/data/zhaogangyi/picorer-eval/qwen36-v100-sufficiency-dynamics-replicate-3-20260912/probes-v2/bf7b28f4fbae/step-009/qwen-r2/native-s.request.json']",41,1042380ddc51b7542a81ed700399e47ebe113a0e74af6347db513a50cab467a0,agentmemorybench:fact-mh-262k:context-0/factconsolidation_mh_262k_no41,1.0,3,9,14,2,-3.625000006519258,0.0259573570329667,0.2500000800937414,11025.0,5,1.0,1.0,1.0,0.0,True,,,,,,,"[""search""]",-3.7499999925494194,1.0,"[""search""]",0.12499998603016138,0.0,0.6153846153846154,False,False,True
False,state_answers,2,state-r3-q041-t010,"['/data/zhaogangyi/picorer-eval/qwen36-v100-sufficiency-dynamics-replicate-3-20260912/probes-v2/bf7b28f4fbae/step-010/qwen-r1/native-s.request.json', '/data/zhaogangyi/picorer-eval/qwen36-v100-sufficiency-dynamics-replicate-3-20260912/probes-v2/bf7b28f4fbae/step-010/qwen-r2/native-s.request.json']",41,548cfb6a59a58e270534db26261c47ebe7472f405b8a48776007bb24a40d4099,agentmemorybench:fact-mh-262k:context-0/factconsolidation_mh_262k_no41,1.0,3,10,14,2,-4.374999921768904,0.0124316518136372,-1.955777406692505e-07,11078.0,5,1.0,1.0,1.0,0.0,True,,,,,,,"[""search""]",-3.625000006519258,1.0,"[""search""]",-0.7499999152496457,0.0,0.6923076923076923,False,False,False
False,state_answers,2,state-r3-q041-t011,"['/data/zhaogangyi/picorer-eval/qwen36-v100-sufficiency-dynamics-replicate-3-20260912/probes-v2/bf7b28f4fbae/step-011/qwen-r1/native-s.request.json', '/data/zhaogangyi/picorer-eval/qwen36-v100-sufficiency-dynamics-replicate-3-20260912/probes-v2/bf7b28f4fbae/step-011/qwen-r2/native-s.request.json']",41,018c23fb44b64554c6e47d685b152332859ca75ff856cf4884202e83830abecb,agentmemorybench:fact-mh-262k:context-0/factconsolidation_mh_262k_no41,1.0,3,11,14,2,-3.937500124797225,0.0191240344099042,-0.1250001192092895,11709.0,5,0.8,0.8,0.8,0.0,True,,,,,,,"[""read""]",-4.374999921768904,1.0,"[""search""]",0.43749979697167873,0.0,0.7692307692307693,False,False,True
False,state_answers,2,state-r3-q041-t012,"['/data/zhaogangyi/picorer-eval/qwen36-v100-sufficiency-dynamics-replicate-3-20260912/probes-v2/bf7b28f4fbae/step-012/qwen-r1/native-s.request.json', '/data/zhaogangyi/picorer-eval/qwen36-v100-sufficiency-dynamics-replicate-3-20260912/probes-v2/bf7b28f4fbae/step-012/qwen-r2/native-s.request.json']",41,385736350e7b86105b94515a35235f46cec38577172a3adec97680e7127e54c7,agentmemorybench:fact-mh-262k:context-0/factconsolidation_mh_262k_no41,1.0,3,12,14,2,-1.499999962747097,0.1824255293624947,-1.4901161193847656e-08,17177.0,5,1.0,1.0,1.0,0.0,True,,,,,,,"[""search""]",-3.937500124797225,1.0,"[""read""]",2.437500162050128,0.0,0.8461538461538461,True,False,True
False,state_answers,2,state-r3-q041-t013,"['/data/zhaogangyi/picorer-eval/qwen36-v100-sufficiency-dynamics-replicate-3-20260912/probes-v2/bf7b28f4fbae/step-013/qwen-r1/native-s.request.json', '/data/zhaogangyi/picorer-eval/qwen36-v100-sufficiency-dynamics-replicate-3-20260912/probes-v2/bf7b28f4fbae/step-013/qwen-r2/native-s.request.json']",41,3aec2afa24911bdf7877cc391b9a142baa6f23aa012193a2fe71fc3202341e5d,agentmemorybench:fact-mh-262k:context-0/factconsolidation_mh_262k_no41,1.0,3,13,14,2,-4.500000019092113,0.0109869424231338,2.728775143623352e-07,12665.0,5,0.8,0.8,0.8,0.0,True,,,,,,,"[""search""]",-1.499999962747097,1.0,"[""search""]",-3.0000000563450158,0.0,0.9230769230769231,False,False,False
False,state_answers,2,state-r3-q041-t014,"['/data/zhaogangyi/picorer-eval/qwen36-v100-sufficiency-dynamics-replicate-3-20260912/probes-v2/bf7b28f4fbae/step-014/qwen-r1/native-s.request.json', '/data/zhaogangyi/picorer-eval/qwen36-v100-sufficiency-dynamics-replicate-3-20260912/probes-v2/bf7b28f4fbae/step-014/qwen-r2/native-s.request.json']",41,7195251955971d303122ca1e4ee2566d6b9d97e678b6310f05a8bbbe4fe482ba,agentmemorybench:fact-mh-262k:context-0/factconsolidation_mh_262k_no41,1.0,3,14,14,2,-3.4999999683350325,0.0293122316523204,1.1175870895385744e-07,7942.0,5,0.6,0.6,0.6,0.0,True,,,,,,,"[""finish""]",-4.500000019092113,1.0,"[""search""]",1.0000000507570803,0.0,1.0,False,False,True
False,state_answers,2,state-r1-q043-t002,"['/data/zhaogangyi/picorer-eval/qwen36-v100-sufficiency-dynamics-20260912/probes-v2/c00db64739f8/step-002/qwen-r1/native-s.request.json', '/data/zhaogangyi/picorer-eval/qwen36-v100-sufficiency-dynamics-20260912/probes-v2/c00db64739f8/step-002/qwen-r2/native-s.request.json']",43,1ffe3233a9c18938a15b5cc42aadd968f84b7fb5519b910dcd0cfcf63a70b95e,agentmemorybench:fact-mh-262k:context-0/factconsolidation_mh_262k_no43,0.0,1,2,6,2,-0.375,0.4073334000459302,0.0,9209.0,5,0.0,0.0,0.0,0.0,True,,,,,,,"[""read""]",-4.125000033527613,0.0,"[""search""]",3.7500000335276127,0.0,0.2,False,False,True
False,state_answers,2,state-r1-q043-t003,"['/data/zhaogangyi/picorer-eval/qwen36-v100-sufficiency-dynamics-20260912/probes-v2/c00db64739f8/step-003/qwen-r1/native-s.request.json', '/data/zhaogangyi/picorer-eval/qwen36-v100-sufficiency-dynamics-20260912/probes-v2/c00db64739f8/step-003/qwen-r2/native-s.request.json']",43,6da3c547dd212234ae5eb5f966694bbd0101a25f09e3f2adcc36ab80d3a2ad6f,agentmemorybench:fact-mh-262k:context-0/factconsolidation_mh_262k_no43,0.5,1,3,6,2,-0.4375,0.3923368301671083,0.125,24503.0,5,0.2,0.2,0.2,1.0,True,,,,,,,[],-0.375,0.0,"[""read""]",-0.0625,0.5,0.4,True,True,False
False,state_answers,2,state-r1-q043-t004,"['/data/zhaogangyi/picorer-eval/qwen36-v100-sufficiency-dynamics-20260912/probes-v2/c00db64739f8/step-004/qwen-r1/native-s.request.json', '/data/zhaogangyi/picorer-eval/qwen36-v100-sufficiency-dynamics-20260912/probes-v2/c00db64739f8/step-004/qwen-r2/native-s.request.json']",43,08fc281f97e15b23279fcc3543a26613cdc7d9f863f85cf98b7629d391e0582e,agentmemorybench:fact-mh-262k:context-0/factconsolidation_mh_262k_no43,0.5,1,4,6,2,1.6875000149011612,0.8438951045175643,-0.125,4143.0,5,0.6,0.6,0.6,0.0,True,,,,,,,"[""search""]",-0.4375,0.5,[],2.125000014901161,0.0,0.6,False,False,True
False,state_answers,2,state-r1-q043-t005,"['/data/zhaogangyi/picorer-eval/qwen36-v100-sufficiency-dynamics-20260912/probes-v2/c00db64739f8/step-005/qwen-r1/native-s.request.json', '/data/zhaogangyi/picorer-eval/qwen36-v100-sufficiency-dynamics-20260912/probes-v2/c00db64739f8/step-005/qwen-r2/native-s.request.json']",43,2b4e9ebe46decd64b1f81840f1503967a6aa38f1ee72f308e252f3e8704da7f7,agentmemorybench:fact-mh-262k:context-0/factconsolidation_mh_262k_no43,0.5,1,5,6,2,4.062499862164259,0.9830850844412306,-0.1250001527369022,9653.0,5,0.4,0.4,0.4,0.0,True,,,,,,,"[""read""]",1.6875000149011612,0.5,"[""search""]",2.3749998472630978,0.0,0.8,False,False,True
False,state_answers,2,state-r1-q043-t006,"['/data/zhaogangyi/picorer-eval/qwen36-v100-sufficiency-dynamics-20260912/probes-v2/c00db64739f8/step-006/qwen-r1/native-s.request.json', '/data/zhaogangyi/picorer-eval/qwen36-v100-sufficiency-dynamics-20260912/probes-v2/c00db64739f8/step-006/qwen-r2/native-s.request.json']",43,318b060de4c222fc3cc4a476e9fc10657a1716a69f59f8acaacddc8dd27a8cba,agentmemorybench:fact-mh-262k:context-0/factconsolidation_mh_262k_no43,1.0,1,6,6,2,5.937499991734512,0.9973683260034206,0.125000201864168,19829.0,5,1.0,1.0,1.0,0.0,True,,,,,,,"[""finish""]",4.062499862164259,0.5,"[""read""]",1.8750001295702532,0.5,1.0,True,True,True
False,state_answers,2,state-r2-q043-t002,"['/data/zhaogangyi/picorer-eval/qwen36-v100-sufficiency-dynamics-replicate-2-20260912/probes-v2/c00db64739f8/step-002/qwen-r1/native-s.request.json', '/data/zhaogangyi/picorer-eval/qwen36-v100-sufficiency-dynamics-replicate-2-20260912/probes-v2/c00db64739f8/step-002/qwen-r2/native-s.request.json']",43,a8571d15a95249e9a92a97bc088c5257eb8b083e6219d1fdb7437d5f1c788b1f,agentmemorybench:fact-mh-262k:context-0/factconsolidation_mh_262k_no43,0.0,2,2,5,2,-0.1875,0.4532618480153861,-0.125,9171.0,5,0.0,0.0,0.0,0.0,True,,,,,,,"[""read""]",-4.125000033527613,0.0,"[""search""]",3.9375000335276127,0.0,0.25,False,False,True
False,state_answers,2,state-r2-q043-t003,"['/data/zhaogangyi/picorer-eval/qwen36-v100-sufficiency-dynamics-replicate-2-20260912/probes-v2/c00db64739f8/step-003/qwen-r1/native-s.request.json', '/data/zhaogangyi/picorer-eval/qwen36-v100-sufficiency-dynamics-replicate-2-20260912/probes-v2/c00db64739f8/step-003/qwen-r2/native-s.request.json']",43,41ce4aa1bec4b51c0bd37be2a4e01c8d8fb33bab79304892423dd986ea02e19a,agentmemorybench:fact-mh-262k:context-0/factconsolidation_mh_262k_no43,0.5,2,3,5,2,-0.375,0.4073334000459302,0.0,19310.0,5,1.0,1.0,1.0,0.0,True,,,,,,,"[""search""]",-0.1875,0.0,"[""read""]",-0.1875,0.5,0.5,True,True,False
False,state_answers,2,state-r2-q043-t004,"['/data/zhaogangyi/picorer-eval/qwen36-v100-sufficiency-dynamics-replicate-2-20260912/probes-v2/c00db64739f8/step-004/qwen-r1/native-s.request.json', '/data/zhaogangyi/picorer-eval/qwen36-v100-sufficiency-dynamics-replicate-2-20260912/probes-v2/c00db64739f8/step-004/qwen-r2/native-s.request.json']",43,fcfe3968a58a999923f328828d19ae61e3afdb8b6fcb519ef519ac417b71b942,agentmemorybench:fact-mh-262k:context-0/factconsolidation_mh_262k_no43,0.5,2,4,5,2,3.5000000689178705,0.9706877712095656,7.078051567077638e-08,9764.0,5,0.4,0.4,0.4,0.0,True,,,,,,,"[""read""]",-0.375,0.5,"[""search""]",3.8750000689178705,0.0,0.75,False,False,True
False,state_answers,2,state-r2-q043-t005,"['/data/zhaogangyi/picorer-eval/qwen36-v100-sufficiency-dynamics-replicate-2-20260912/probes-v2/c00db64739f8/step-005/qwen-r1/native-s.request.json', '/data/zhaogangyi/picorer-eval/qwen36-v100-sufficiency-dynamics-replicate-2-20260912/probes-v2/c00db64739f8/step-005/qwen-r2/native-s.request.json']",43,2a11015e94d2104b86450dae3c280881c6ff01436ecef90631a2b143032a9489,agentmemorybench:fact-mh-262k:context-0/factconsolidation_mh_262k_no43,1.0,2,5,5,2,5.999999950872734,0.9975273767221924,-0.2499998793937266,15006.0,5,1.0,1.0,1.0,0.0,True,,,,,,,"[""finish""]",3.5000000689178705,0.5,"[""read""]",2.4999998819548637,0.5,1.0,True,True,True
False,state_answers,2,state-r3-q043-t002,"['/data/zhaogangyi/picorer-eval/qwen36-v100-sufficiency-dynamics-replicate-3-20260912/probes-v2/c00db64739f8/step-002/qwen-r1/native-s.request.json', '/data/zhaogangyi/picorer-eval/qwen36-v100-sufficiency-dynamics-replicate-3-20260912/probes-v2/c00db64739f8/step-002/qwen-r2/native-s.request.json']",43,4de5c8fbe90d8bb3fbd4f9a6ded7aee9b4a92b03c7410ce0075719c81435f6b3,agentmemorybench:fact-mh-262k:context-0/factconsolidation_mh_262k_no43,0.0,3,2,6,2,-1.4375000298023224,0.1919327818250578,0.125,9202.0,5,0.0,0.0,0.0,0.0,True,,,,,,,"[""read""]",-4.124999910593033,0.0,"[""search""]",2.6874998807907104,0.0,0.2,False,False,True
False,state_answers,2,state-r3-q043-t003,"['/data/zhaogangyi/picorer-eval/qwen36-v100-sufficiency-dynamics-replicate-3-20260912/probes-v2/c00db64739f8/step-003/qwen-r1/native-s.request.json', '/data/zhaogangyi/picorer-eval/qwen36-v100-sufficiency-dynamics-replicate-3-20260912/probes-v2/c00db64739f8/step-003/qwen-r2/native-s.request.json']",43,bdaf4c05d5603f7979258f875ea46f136f26e0e95a46c95886cb9fffa0ecf959,agentmemorybench:fact-mh-262k:context-0/factconsolidation_mh_262k_no43,0.5,3,3,6,2,0.25,0.5621765008857981,0.0,19453.0,5,0.6,0.6,0.6,0.0,True,,,,,,,"[""search""]",-1.4375000298023224,0.0,"[""read""]",1.6875000298023224,0.5,0.4,True,True,True
False,state_answers,2,state-r3-q043-t004,"['/data/zhaogangyi/picorer-eval/qwen36-v100-sufficiency-dynamics-replicate-3-20260912/probes-v2/c00db64739f8/step-004/qwen-r1/native-s.request.json', '/data/zhaogangyi/picorer-eval/qwen36-v100-sufficiency-dynamics-replicate-3-20260912/probes-v2/c00db64739f8/step-004/qwen-r2/native-s.request.json']",43,d1f5fa17d922ebb8b852087851168a8f4adc46abf56fad2008e88c92bf037f7d,agentmemorybench:fact-mh-262k:context-0/factconsolidation_mh_262k_no43,0.5,3,4,6,2,4.499999829102308,0.9890130555123932,0.2500000009313226,9685.0,5,0.2,0.2,0.2,1.0,True,,,,,,,"[""read""]",0.25,0.5,"[""search""]",4.249999829102308,0.0,0.6,False,False,True
False,state_answers,2,state-r3-q043-t005,"['/data/zhaogangyi/picorer-eval/qwen36-v100-sufficiency-dynamics-replicate-3-20260912/probes-v2/c00db64739f8/step-005/qwen-r1/native-s.request.json', '/data/zhaogangyi/picorer-eval/qwen36-v100-sufficiency-dynamics-replicate-3-20260912/probes-v2/c00db64739f8/step-005/qwen-r2/native-s.request.json']",43,e2bc994f8ffc972d2b21c6543cd9e76c470f3ffe4bca7df43dd2a63dc156cdac,agentmemorybench:fact-mh-262k:context-0/factconsolidation_mh_262k_no43,1.0,3,5,6,2,5.749999945051968,0.9968273169837352,0.0,19779.0,5,1.0,1.0,1.0,0.0,True,,,,,,,"[""search""]",4.499999829102308,0.5,"[""read""]",1.2500001159496605,0.5,0.8,True,True,True
False,state_answers,2,state-r3-q043-t006,"['/data/zhaogangyi/picorer-eval/qwen36-v100-sufficiency-dynamics-replicate-3-20260912/probes-v2/c00db64739f8/step-006/qwen-r1/native-s.request.json', '/data/zhaogangyi/picorer-eval/qwen36-v100-sufficiency-dynamics-replicate-3-20260912/probes-v2/c00db64739f8/step-006/qwen-r2/native-s.request.json']",43,ef3235aad049e8b024dfa0ed3323b0357d3348fd5a07152cbf06ea30cc3c4954,agentmemorybench:fact-mh-262k:context-0/factconsolidation_mh_262k_no43,1.0,3,6,6,2,4.75000004703179,0.9914225149862425,-3.380700945854187e-07,9855.0,5,1.0,1.0,1.0,0.0,True,,,,,,,"[""finish""]",5.749999945051968,1.0,"[""search""]",-0.9999998980201781,0.0,1.0,False,False,False
False,state_answers,2,state-r1-q044-t002,"['/data/zhaogangyi/picorer-eval/qwen36-v100-sufficiency-dynamics-20260912/probes-v2/cc1615cb5aed/step-002/qwen-r1/native-s.request.json', '/data/zhaogangyi/picorer-eval/qwen36-v100-sufficiency-dynamics-20260912/probes-v2/cc1615cb5aed/step-002/qwen-r2/native-s.request.json']",44,0ce4edb89143c5f6f26f7938e1316f07f4acc66af31ee90a55c5687eb4b53fee,agentmemorybench:fact-mh-262k:context-0/factconsolidation_mh_262k_no44,0.0,1,2,5,2,2.562500037252903,0.9284088030314952,0.1249999701976776,8945.0,5,0.0,0.0,0.0,0.0,True,,,,,,,"[""search""]",-3.8125000093132257,0.0,"[""search""]",6.375000046566129,0.0,0.25,False,False,True
False,state_answers,2,state-r1-q044-t003,"['/data/zhaogangyi/picorer-eval/qwen36-v100-sufficiency-dynamics-20260912/probes-v2/cc1615cb5aed/step-003/qwen-r1/native-s.request.json', '/data/zhaogangyi/picorer-eval/qwen36-v100-sufficiency-dynamics-20260912/probes-v2/cc1615cb5aed/step-003/qwen-r2/native-s.request.json']",44,b265cdf2c348f764f047139d69d47b1a9ab26dd8a377f658b7fcfa6371228c33,agentmemorybench:fact-mh-262k:context-0/factconsolidation_mh_262k_no44,0.0,1,3,5,2,1.0625,0.7431680086124811,-0.1250000596046447,9308.0,5,0.0,0.0,0.0,0.0,True,,,,,,,"[""search""]",2.562500037252903,0.0,"[""search""]",-1.500000037252903,0.0,0.5,False,False,False
False,state_answers,2,state-r1-q044-t004,"['/data/zhaogangyi/picorer-eval/qwen36-v100-sufficiency-dynamics-20260912/probes-v2/cc1615cb5aed/step-004/qwen-r1/native-s.request.json', '/data/zhaogangyi/picorer-eval/qwen36-v100-sufficiency-dynamics-20260912/probes-v2/cc1615cb5aed/step-004/qwen-r2/native-s.request.json']",44,abc973356a20623985966f90d4cd150fb4d7e66996efc26c2add41ba928ce9cc,agentmemorybench:fact-mh-262k:context-0/factconsolidation_mh_262k_no44,0.0,1,4,5,2,0.9999999552965164,0.7310585698407664,2.9802322387695312e-08,9983.0,5,0.0,0.0,0.0,0.0,True,,,,,,,"[""read""]",1.0625,0.0,"[""search""]",-0.06250004470348358,0.0,0.75,False,False,False
False,state_answers,2,state-r1-q044-t005,"['/data/zhaogangyi/picorer-eval/qwen36-v100-sufficiency-dynamics-20260912/probes-v2/cc1615cb5aed/step-005/qwen-r1/native-s.request.json', '/data/zhaogangyi/picorer-eval/qwen36-v100-sufficiency-dynamics-20260912/probes-v2/cc1615cb5aed/step-005/qwen-r2/native-s.request.json']",44,fa856fe78651c47e414238d0603d3404c77b6e54df07f2f374c7990570a2cea8,agentmemorybench:fact-mh-262k:context-0/factconsolidation_mh_262k_no44,1.0,1,5,5,2,6.25000007764902,0.9980732654859932,0.0,22867.0,5,1.0,1.0,1.0,0.0,True,,,,,,,"[""finish""]",0.9999999552965164,0.0,"[""read""]",5.250000122352503,1.0,1.0,True,True,True
False,state_answers,2,state-r2-q044-t002,"['/data/zhaogangyi/picorer-eval/qwen36-v100-sufficiency-dynamics-replicate-2-20260912/probes-v2/cc1615cb5aed/step-002/qwen-r1/native-s.request.json', '/data/zhaogangyi/picorer-eval/qwen36-v100-sufficiency-dynamics-replicate-2-20260912/probes-v2/cc1615cb5aed/step-002/qwen-r2/native-s.request.json']",44,4108e09379dfaaaf21f9bbad9521a9afc8e868d47ec93b4c57e896fd238b0966,agentmemorybench:fact-mh-262k:context-0/factconsolidation_mh_262k_no44,0.0,2,2,7,2,2.125,0.8933094060543487,-2.086162567138672e-07,9078.0,5,0.0,0.0,0.0,0.0,True,,,,,,,"[""search""]",-3.7500000009313226,0.0,"[""search""]",5.875000000931323,0.0,0.16666666666666666,False,False,True
False,state_answers,2,state-r2-q044-t003,"['/data/zhaogangyi/picorer-eval/qwen36-v100-sufficiency-dynamics-replicate-2-20260912/probes-v2/cc1615cb5aed/step-003/qwen-r1/native-s.request.json', '/data/zhaogangyi/picorer-eval/qwen36-v100-sufficiency-dynamics-replicate-2-20260912/probes-v2/cc1615cb5aed/step-003/qwen-r2/native-s.request.json']",44,c8f14182eddfc8c6fe386ed7355d832b6ffc448e1ae3be4396c4ef74edb1e990,agentmemorybench:fact-mh-262k:context-0/factconsolidation_mh_262k_no44,0.0,2,3,7,2,1.4375,0.8080672135527632,0.1249999105930328,9291.0,5,0.0,0.0,0.0,0.0,True,,,,,,,"[""read""]",2.125,0.0,"[""search""]",-0.6875,0.0,0.3333333333333333,False,False,False
False,state_answers,2,state-r2-q044-t004,"['/data/zhaogangyi/picorer-eval/qwen36-v100-sufficiency-dynamics-replicate-2-20260912/probes-v2/cc1615cb5aed/step-004/qwen-r1/native-s.request.json', '/data/zhaogangyi/picorer-eval/qwen36-v100-sufficiency-dynamics-replicate-2-20260912/probes-v2/cc1615cb5aed/step-004/qwen-r2/native-s.request.json']",44,ca85cf23564689abbd876990d38a00ac3d4e5b00c0c8e632a1714f060bdc2d39,agentmemorybench:fact-mh-262k:context-0/factconsolidation_mh_262k_no44,0.5,2,4,7,2,4.0624999683350325,0.9830850862067232,-0.1250001937150955,19245.0,5,0.0,0.0,0.0,0.0,True,,,,,,,"[""search""]",1.4375,0.0,"[""read""]",2.6249999683350325,0.5,0.5,True,True,True
False,state_answers,2,state-r2-q044-t005,"['/data/zhaogangyi/picorer-eval/qwen36-v100-sufficiency-dynamics-replicate-2-20260912/probes-v2/cc1615cb5aed/step-005/qwen-r1/native-s.request.json', '/data/zhaogangyi/picorer-eval/qwen36-v100-sufficiency-dynamics-replicate-2-20260912/probes-v2/cc1615cb5aed/step-005/qwen-r2/native-s.request.json']",44,f3993c3cb181f0aa79b27216d58dc1df8085087114eb286004900fcf09ae2f08,agentmemorybench:fact-mh-262k:context-0/factconsolidation_mh_262k_no44,0.5,2,5,7,2,2.812499964609742,0.9433475728006672,-0.1249999441206455,9750.0,5,0.0,0.0,0.0,0.0,True,,,,,,,"[""search""]",4.0624999683350325,0.5,"[""search""]",-1.2500000037252903,0.0,0.6666666666666666,False,False,False
False,state_answers,2,state-r2-q044-t006,"['/data/zhaogangyi/picorer-eval/qwen36-v100-sufficiency-dynamics-replicate-2-20260912/probes-v2/cc1615cb5aed/step-006/qwen-r1/native-s.request.json', '/data/zhaogangyi/picorer-eval/qwen36-v100-sufficiency-dynamics-replicate-2-20260912/probes-v2/cc1615cb5aed/step-006/qwen-r2/native-s.request.json']",44,0798539689da373d7a6b4dd95bbaf7156244089874ba39cc7eef9d823340ba30,agentmemorybench:fact-mh-262k:context-0/factconsolidation_mh_262k_no44,0.5,2,6,7,2,1.875000074505806,0.8670357683915538,-5.960464477539064e-08,9637.0,5,0.0,0.0,0.0,0.0,True,,,,,,,"[""read""]",2.812499964609742,0.5,"[""search""]",-0.9374998901039362,0.0,0.8333333333333334,False,False,False
False,state_answers,2,state-r2-q044-t007,"['/data/zhaogangyi/picorer-eval/qwen36-v100-sufficiency-dynamics-replicate-2-20260912/probes-v2/cc1615cb5aed/step-007/qwen-r1/native-s.request.json', '/data/zhaogangyi/picorer-eval/qwen36-v100-sufficiency-dynamics-replicate-2-20260912/probes-v2/cc1615cb5aed/step-007/qwen-r2/native-s.request.json']",44,d39452403529b256e330b8cf47ae3bd848f6367657ebda2688969774243cb48c,agentmemorybench:fact-mh-262k:context-0/factconsolidation_mh_262k_no44,1.0,2,7,7,2,7.562499957566615,0.9994806951134806,0.1250000853324309,25158.0,5,0.8,0.8,0.8,1.0,True,,,,,,,"[""finish""]",1.875000074505806,0.5,"[""read""]",5.687499883060809,0.5,1.0,True,True,True
False,state_answers,2,state-r3-q044-t002,"['/data/zhaogangyi/picorer-eval/qwen36-v100-sufficiency-dynamics-replicate-3-20260912/probes-v2/cc1615cb5aed/step-002/qwen-r1/native-s.request.json', '/data/zhaogangyi/picorer-eval/qwen36-v100-sufficiency-dynamics-replicate-3-20260912/probes-v2/cc1615cb5aed/step-002/qwen-r2/native-s.request.json']",44,e912b076d6e4329fe0fff7f9261e66e4eb38db4d96f80a848c8d8b8740a60db3,agentmemorybench:fact-mh-262k:context-0/factconsolidation_mh_262k_no44,0.0,3,2,7,2,2.687499964609742,0.9362850036368148,0.1250001527369022,8948.0,5,0.0,0.0,0.0,0.0,True,,,,,,,"[""read""]",-3.749999960884452,0.0,"[""search""]",6.437499925494194,0.0,0.16666666666666666,False,False,True
False,state_answers,2,state-r3-q044-t003,"['/data/zhaogangyi/picorer-eval/qwen36-v100-sufficiency-dynamics-replicate-3-20260912/probes-v2/cc1615cb5aed/step-003/qwen-r1/native-s.request.json', '/data/zhaogangyi/picorer-eval/qwen36-v100-sufficiency-dynamics-replicate-3-20260912/probes-v2/cc1615cb5aed/step-003/qwen-r2/native-s.request.json']",44,1c5963b30391ece067131b947c12605ca792c976d1c350076523795ead233129,agentmemorybench:fact-mh-262k:context-0/factconsolidation_mh_262k_no44,0.5,3,3,7,2,4.250000122003257,0.9859363746484324,2.1420419216156009e-07,19308.0,5,0.0,0.0,0.0,0.0,True,,,,,,,"[""search""]",2.687499964609742,0.0,"[""read""]",1.562500157393515,0.5,0.3333333333333333,True,True,True
False,state_answers,2,state-r3-q044-t004,"['/data/zhaogangyi/picorer-eval/qwen36-v100-sufficiency-dynamics-replicate-3-20260912/probes-v2/cc1615cb5aed/step-004/qwen-r1/native-s.request.json', '/data/zhaogangyi/picorer-eval/qwen36-v100-sufficiency-dynamics-replicate-3-20260912/probes-v2/cc1615cb5aed/step-004/qwen-r2/native-s.request.json']",44,4c97305060eafde0ec90f5ffd7b5ae4df0ccbb24fa338fde2a7d2353ef839632,agentmemorybench:fact-mh-262k:context-0/factconsolidation_mh_262k_no44,0.5,3,4,7,2,3.6874999534338713,0.97557690883638,-0.125000137835741,9497.0,5,0.0,0.0,0.0,0.0,True,,,,,,,"[""read""]",4.250000122003257,0.5,"[""search""]",-0.562500168569386,0.0,0.5,False,False,False
False,state_answers,2,state-r3-q044-t005,"['/data/zhaogangyi/picorer-eval/qwen36-v100-sufficiency-dynamics-replicate-3-20260912/probes-v2/cc1615cb5aed/step-005/qwen-r1/native-s.request.json', '/data/zhaogangyi/picorer-eval/qwen36-v100-sufficiency-dynamics-replicate-3-20260912/probes-v2/cc1615cb5aed/step-005/qwen-r2/native-s.request.json']",44,5deb4cb8038d6076e158f875672037e5a568bddd614fe6ed445819759779c1ec,agentmemorybench:fact-mh-262k:context-0/factconsolidation_mh_262k_no44,1.0,3,5,7,2,5.937499990570359,0.9973683260003652,0.125000201864168,24928.0,5,0.6,0.6,0.6,1.0,True,,,,,,,"[""search""]",3.6874999534338713,0.5,"[""read""]",2.2500000371364877,0.5,0.6666666666666666,True,True,True
False,state_answers,2,state-r3-q044-t006,"['/data/zhaogangyi/picorer-eval/qwen36-v100-sufficiency-dynamics-replicate-3-20260912/probes-v2/cc1615cb5aed/step-006/qwen-r1/native-s.request.json', '/data/zhaogangyi/picorer-eval/qwen36-v100-sufficiency-dynamics-replicate-3-20260912/probes-v2/cc1615cb5aed/step-006/qwen-r2/native-s.request.json']",44,506a63fae30248020ac66b05f71032415e8a3d22a3698b3834c754aa3e28a852,agentmemorybench:fact-mh-262k:context-0/factconsolidation_mh_262k_no44,1.0,3,6,7,2,3.9375,0.9808759632491112,-0.1249999739229679,10470.0,5,0.8,0.8,0.8,1.0,True,,,,,,,"[""search""]",5.937499990570359,1.0,"[""search""]",-1.999999990570359,0.0,0.8333333333333334,False,False,False
False,state_answers,2,state-r3-q044-t007,"['/data/zhaogangyi/picorer-eval/qwen36-v100-sufficiency-dynamics-replicate-3-20260912/probes-v2/cc1615cb5aed/step-007/qwen-r1/native-s.request.json', '/data/zhaogangyi/picorer-eval/qwen36-v100-sufficiency-dynamics-replicate-3-20260912/probes-v2/cc1615cb5aed/step-007/qwen-r2/native-s.request.json']",44,addff54780176da395fd6ae604a5b310788879cf0bf406bf3f4cad0004ba8f4c,agentmemorybench:fact-mh-262k:context-0/factconsolidation_mh_262k_no44,1.0,3,7,7,2,4.437500008381903,0.988312742101122,-0.1250001825392246,10802.0,5,0.8,0.8,0.8,1.0,True,,,,,,,"[""finish""]",3.9375,1.0,"[""search""]",0.5000000083819032,0.0,1.0,False,False,True
False,state_answers,2,state-r1-q045-t002,"['/data/zhaogangyi/picorer-eval/qwen36-v100-sufficiency-dynamics-20260912/probes-v2/391090251b72/step-002/qwen-r1/native-s.request.json', '/data/zhaogangyi/picorer-eval/qwen36-v100-sufficiency-dynamics-20260912/probes-v2/391090251b72/step-002/qwen-r2/native-s.request.json']",45,106ac7302d22a40f985d208db3479d1b4b7a70e8d775c2e9c25face7f16dae40,agentmemorybench:fact-mh-262k:context-0/factconsolidation_mh_262k_no45,0.0,1,2,5,2,3.3749999590218067,0.9669140203003505,8.940696716308595e-08,9113.0,5,0.0,0.0,0.0,0.0,True,,,,,,,"[""read""]",-4.687500072643161,0.0,"[""search""]",8.062500031664968,0.0,0.25,False,False,True
False,state_answers,2,state-r1-q045-t003,"['/data/zhaogangyi/picorer-eval/qwen36-v100-sufficiency-dynamics-20260912/probes-v2/391090251b72/step-003/qwen-r1/native-s.request.json', '/data/zhaogangyi/picorer-eval/qwen36-v100-sufficiency-dynamics-20260912/probes-v2/391090251b72/step-003/qwen-r2/native-s.request.json']",45,43a2dc6c0a1f7bde71d339e3493b980a2fa9ee706ab10bdae9cc4f146fa8be23,agentmemorybench:fact-mh-262k:context-0/factconsolidation_mh_262k_no45,0.5,1,3,5,2,4.312500061001629,0.9867771790436428,-0.1249997159466147,24586.0,5,0.0,0.0,0.0,0.0,True,,,,,,,"[""search""]",3.3749999590218067,0.0,"[""read""]",0.9375001019798219,0.5,0.5,True,True,True
False,state_answers,2,state-r1-q045-t004,"['/data/zhaogangyi/picorer-eval/qwen36-v100-sufficiency-dynamics-20260912/probes-v2/391090251b72/step-004/qwen-r1/native-s.request.json', '/data/zhaogangyi/picorer-eval/qwen36-v100-sufficiency-dynamics-20260912/probes-v2/391090251b72/step-004/qwen-r2/native-s.request.json']",45,3ae7f69cca61285cb0c37a62aeafb084fc65dce7d5eecf12f4fe094b95661d9e,agentmemorybench:fact-mh-262k:context-0/factconsolidation_mh_262k_no45,0.5,1,4,5,2,3.562500050291419,0.972414719122244,-0.1250000931322574,9830.0,5,0.0,0.0,0.0,0.0,True,,,,,,,"[""read""]",4.312500061001629,0.5,"[""search""]",-0.7500000107102096,0.0,0.75,False,False,False
False,state_answers,2,state-r1-q045-t005,"['/data/zhaogangyi/picorer-eval/qwen36-v100-sufficiency-dynamics-20260912/probes-v2/391090251b72/step-005/qwen-r1/native-s.request.json', '/data/zhaogangyi/picorer-eval/qwen36-v100-sufficiency-dynamics-20260912/probes-v2/391090251b72/step-005/qwen-r2/native-s.request.json']",45,88fe8bdf72a8c125978805a81c8a29be0b8e9965b7ae0a5d09772a039ba27550,agentmemorybench:fact-mh-262k:context-0/factconsolidation_mh_262k_no45,1.0,1,5,5,2,7.625000125321094,0.9995121429383268,-0.2499999384162947,15566.0,5,0.8,0.8,0.8,0.0,True,,,,,,,"[""finish""]",3.562500050291419,0.5,"[""read""]",4.062500075029675,0.5,1.0,True,True,True
False,state_answers,2,state-r2-q045-t002,"['/data/zhaogangyi/picorer-eval/qwen36-v100-sufficiency-dynamics-replicate-2-20260912/probes-v2/391090251b72/step-002/qwen-r1/native-s.request.json', '/data/zhaogangyi/picorer-eval/qwen36-v100-sufficiency-dynamics-replicate-2-20260912/probes-v2/391090251b72/step-002/qwen-r2/native-s.request.json']",45,a29c3880bf4a471140e376fda03d12069b2d509e8d8800b39009e50bddfee5e4,agentmemorybench:fact-mh-262k:context-0/factconsolidation_mh_262k_no45,0.0,2,2,5,2,0.375,0.5926665999540697,0.25,9217.0,5,0.0,0.0,0.0,0.0,True,,,,,,,"[""read""]",-4.749999995809048,0.0,"[""search""]",5.124999995809048,0.0,0.25,False,False,True
False,state_answers,2,state-r2-q045-t003,"['/data/zhaogangyi/picorer-eval/qwen36-v100-sufficiency-dynamics-replicate-2-20260912/probes-v2/391090251b72/step-003/qwen-r1/native-s.request.json', '/data/zhaogangyi/picorer-eval/qwen36-v100-sufficiency-dynamics-replicate-2-20260912/probes-v2/391090251b72/step-003/qwen-r2/native-s.request.json']",45,7658e6a42eec6d35f84f3247b5f4051be29c0220ac9337b8514fbafb0c46be24,agentmemorybench:fact-mh-262k:context-0/factconsolidation_mh_262k_no45,0.5,2,3,5,2,1.6875000223517418,0.8438951054990752,-0.1250000447034835,19320.0,5,0.0,0.0,0.0,0.0,True,,,,,,,"[""search""]",0.375,0.0,"[""read""]",1.3125000223517418,0.5,0.5,True,True,True
False,state_answers,2,state-r2-q045-t004,"['/data/zhaogangyi/picorer-eval/qwen36-v100-sufficiency-dynamics-replicate-2-20260912/probes-v2/391090251b72/step-004/qwen-r1/native-s.request.json', '/data/zhaogangyi/picorer-eval/qwen36-v100-sufficiency-dynamics-replicate-2-20260912/probes-v2/391090251b72/step-004/qwen-r2/native-s.request.json']",45,e41442e7d9e06200438cf80462900b402653b7cd7616e3dd950f198429b85ca0,agentmemorybench:fact-mh-262k:context-0/factconsolidation_mh_262k_no45,0.5,2,4,5,2,3.187499964609742,0.9603611595518078,-0.125000063329935,9635.0,5,0.0,0.0,0.0,1.0,True,,,,,,,"[""read""]",1.6875000223517418,0.5,"[""search""]",1.4999999422580004,0.0,0.75,False,False,True
False,state_answers,2,state-r2-q045-t005,"['/data/zhaogangyi/picorer-eval/qwen36-v100-sufficiency-dynamics-replicate-2-20260912/probes-v2/391090251b72/step-005/qwen-r1/native-s.request.json', '/data/zhaogangyi/picorer-eval/qwen36-v100-sufficiency-dynamics-replicate-2-20260912/probes-v2/391090251b72/step-005/qwen-r2/native-s.request.json']",45,3a487579987e819688aeb61c176be3ac41e58efb937befdf4c04f6d034e409fd,agentmemorybench:fact-mh-262k:context-0/factconsolidation_mh_262k_no45,1.0,2,5,5,2,6.374999844352715,0.998299277324302,1.1827796697616577e-07,15263.0,5,1.0,1.0,1.0,0.0,True,,,,,,,"[""finish""]",3.187499964609742,0.5,"[""read""]",3.1874998797429726,0.5,1.0,True,True,True
False,state_answers,2,state-r3-q045-t002,"['/data/zhaogangyi/picorer-eval/qwen36-v100-sufficiency-dynamics-replicate-3-20260912/probes-v2/391090251b72/step-002/qwen-r1/native-s.request.json', '/data/zhaogangyi/picorer-eval/qwen36-v100-sufficiency-dynamics-replicate-3-20260912/probes-v2/391090251b72/step-002/qwen-r2/native-s.request.json']",45,121e9f364d356748a6d3c1736b98254fd308ed2b796ba78d94cdfa5d6d2c6098,agentmemorybench:fact-mh-262k:context-0/factconsolidation_mh_262k_no45,0.0,3,2,5,2,0.6875000149011612,0.6654105620643989,-0.1249999701976776,9236.0,5,0.0,0.0,0.0,0.0,True,,,,,,,"[""read""]",-4.749999979510903,0.0,"[""search""]",5.4374999944120646,0.0,0.25,False,False,True
False,state_answers,2,state-r3-q045-t003,"['/data/zhaogangyi/picorer-eval/qwen36-v100-sufficiency-dynamics-replicate-3-20260912/probes-v2/391090251b72/step-003/qwen-r1/native-s.request.json', '/data/zhaogangyi/picorer-eval/qwen36-v100-sufficiency-dynamics-replicate-3-20260912/probes-v2/391090251b72/step-003/qwen-r2/native-s.request.json']",45,3de492cea02eefbd86f026f8ebd1224e43404fbeba17485e5e3d356c290949f1,agentmemorybench:fact-mh-262k:context-0/factconsolidation_mh_262k_no45,0.5,3,3,5,2,2.312500052154064,0.9099070103134425,0.1249999701976776,19361.0,5,0.0,0.0,0.0,0.0,True,,,,,,,"[""search""]",0.6875000149011612,0.0,"[""read""]",1.625000037252903,0.5,0.5,True,True,True
False,state_answers,2,state-r3-q045-t004,"['/data/zhaogangyi/picorer-eval/qwen36-v100-sufficiency-dynamics-replicate-3-20260912/probes-v2/391090251b72/step-004/qwen-r1/native-s.request.json', '/data/zhaogangyi/picorer-eval/qwen36-v100-sufficiency-dynamics-replicate-3-20260912/probes-v2/391090251b72/step-004/qwen-r2/native-s.request.json']",45,d5161b42e39e72c6595e39a89766528c6eff92f3ca1293b73e5c9ac2753770c4,agentmemorybench:fact-mh-262k:context-0/factconsolidation_mh_262k_no45,0.5,3,4,5,2,2.687500024214387,0.9362850071925534,0.1250001676380634,9693.0,5,0.0,0.0,0.0,0.0,True,,,,,,,"[""read""]",2.312500052154064,0.5,"[""search""]",0.37499997206032276,0.0,0.75,False,False,True
False,state_answers,2,state-r3-q045-t005,"['/data/zhaogangyi/picorer-eval/qwen36-v100-sufficiency-dynamics-replicate-3-20260912/probes-v2/391090251b72/step-005/qwen-r1/native-s.request.json', '/data/zhaogangyi/picorer-eval/qwen36-v100-sufficiency-dynamics-replicate-3-20260912/probes-v2/391090251b72/step-005/qwen-r2/native-s.request.json']",45,cd6206a728afc8ff4b06e0846023bf530e60222dd67d58750bd3cccb4a225487,agentmemorybench:fact-mh-262k:context-0/factconsolidation_mh_262k_no45,1.0,3,5,5,2,7.6249997621634975,0.999512142761244,0.0,15208.0,5,1.0,1.0,1.0,0.0,True,,,,,,,"[""finish""]",2.687500024214387,0.5,"[""read""]",4.937499737949111,0.5,1.0,True,True,True
False,state_answers,2,state-r1-q046-t002,"['/data/zhaogangyi/picorer-eval/qwen36-v100-sufficiency-dynamics-20260912/probes-v2/587646da5400/step-002/qwen-r1/native-s.request.json', '/data/zhaogangyi/picorer-eval/qwen36-v100-sufficiency-dynamics-20260912/probes-v2/587646da5400/step-002/qwen-r2/native-s.request.json']",46,93ce2a3cfe474d1faa4d82b5589e2b704ef9fa9cd10b323175f114a416bca7e2,agentmemorybench:fact-mh-262k:context-0/factconsolidation_mh_262k_no46,0.0,1,2,5,2,2.4999999925494194,0.924141819456443,7.450580596923828e-08,8911.0,5,0.0,0.0,0.0,0.0,True,,,,,,,"[""read""]",-4.187500040978193,0.0,"[""search""]",6.687500033527613,0.0,0.25,False,False,True
False,state_answers,2,state-r1-q046-t003,"['/data/zhaogangyi/picorer-eval/qwen36-v100-sufficiency-dynamics-20260912/probes-v2/587646da5400/step-003/qwen-r1/native-s.request.json', '/data/zhaogangyi/picorer-eval/qwen36-v100-sufficiency-dynamics-20260912/probes-v2/587646da5400/step-003/qwen-r2/native-s.request.json']",46,308efa33b5d2881193095c34e5363f1824a0b38ae74512d4ee5658bc2c0bce33,agentmemorybench:fact-mh-262k:context-0/factconsolidation_mh_262k_no46,0.0,1,3,5,2,2.5625000037252903,0.9284088008030524,-0.1250001713633537,13926.0,5,0.0,0.0,0.0,2.0,True,,,,,,,"[""search""]",2.4999999925494194,0.0,"[""read""]",0.0625000111758709,0.0,0.5,True,False,True
False,state_answers,2,state-r1-q046-t004,"['/data/zhaogangyi/picorer-eval/qwen36-v100-sufficiency-dynamics-20260912/probes-v2/587646da5400/step-004/qwen-r1/native-s.request.json', '/data/zhaogangyi/picorer-eval/qwen36-v100-sufficiency-dynamics-20260912/probes-v2/587646da5400/step-004/qwen-r2/native-s.request.json']",46,9e0d1f4f6f25dcb792709fd6b2d023965e62ef09b5e866c627936de7868cdfa5,agentmemorybench:fact-mh-262k:context-0/factconsolidation_mh_262k_no46,0.0,1,4,5,2,4.500000081490725,0.9890130582549036,1.0151416063308717e-07,9063.0,5,0.0,0.0,0.0,0.0,True,,,,,,,"[""read""]",2.5625000037252903,0.0,"[""search""]",1.937500077765435,0.0,0.75,False,False,True
False,state_answers,2,state-r1-q046-t005,"['/data/zhaogangyi/picorer-eval/qwen36-v100-sufficiency-dynamics-20260912/probes-v2/587646da5400/step-005/qwen-r1/native-s.request.json', '/data/zhaogangyi/picorer-eval/qwen36-v100-sufficiency-dynamics-20260912/probes-v2/587646da5400/step-005/qwen-r2/native-s.request.json']",46,5d1ccff9811f3372d03fe770eac3229b6ed7c9fbcd9f967e1c03a5e1a587ed6a,agentmemorybench:fact-mh-262k:context-0/factconsolidation_mh_262k_no46,0.0,1,5,5,2,8.37499996812403,0.999769493270661,0.2500008208880899,14426.0,5,0.0,0.0,0.0,0.0,True,,,,,,,"[""finish""]",4.500000081490725,0.0,"[""read""]",3.8749998866333044,0.0,1.0,True,False,True
False,state_answers,2,state-r2-q046-t002,"['/data/zhaogangyi/picorer-eval/qwen36-v100-sufficiency-dynamics-replicate-2-20260912/probes-v2/587646da5400/step-002/qwen-r1/native-s.request.json', '/data/zhaogangyi/picorer-eval/qwen36-v100-sufficiency-dynamics-replicate-2-20260912/probes-v2/587646da5400/step-002/qwen-r2/native-s.request.json']",46,49a32e6b869e19b5d321b264fe60764df42520f808249ed7df33fc20490fb360,agentmemorybench:fact-mh-262k:context-0/factconsolidation_mh_262k_no46,0.0,2,2,4,2,1.5625000298023224,0.8267117983401363,-0.1250000298023224,8946.0,5,0.0,0.0,0.0,0.0,True,,,,,,,"[""search""]",-4.125000054948032,0.0,"[""search""]",5.687500084750354,0.0,0.3333333333333333,False,False,True
False,state_answers,2,state-r2-q046-t003,"['/data/zhaogangyi/picorer-eval/qwen36-v100-sufficiency-dynamics-replicate-2-20260912/probes-v2/587646da5400/step-003/qwen-r1/native-s.request.json', '/data/zhaogangyi/picorer-eval/qwen36-v100-sufficiency-dynamics-replicate-2-20260912/probes-v2/587646da5400/step-003/qwen-r2/native-s.request.json']",46,a0cc271234725a675579353bbdea99ba2ee5a2d56fd449c49025653c4ad3674b,agentmemorybench:fact-mh-262k:context-0/factconsolidation_mh_262k_no46,0.0,2,3,4,2,3.187500087544322,0.960361164231632,-0.1249999515712261,9007.0,5,0.0,0.0,0.0,0.0,True,,,,,,,"[""read""]",1.5625000298023224,0.0,"[""search""]",1.6250000577419996,0.0,0.6666666666666666,False,False,True
False,state_answers,2,state-r2-q046-t004,"['/data/zhaogangyi/picorer-eval/qwen36-v100-sufficiency-dynamics-replicate-2-20260912/probes-v2/587646da5400/step-004/qwen-r1/native-s.request.json', '/data/zhaogangyi/picorer-eval/qwen36-v100-sufficiency-dynamics-replicate-2-20260912/probes-v2/587646da5400/step-004/qwen-r2/native-s.request.json']",46,52fa06e1c9469026275a6c9df58265b1eaf812258a5d18cda968bb7b54bd0fcd,agentmemorybench:fact-mh-262k:context-0/factconsolidation_mh_262k_no46,0.0,2,4,4,2,11.125000000125056,0.9999852610180274,0.2500007152002581,19228.0,5,0.0,0.0,0.0,0.0,True,,,,,,,"[""finish""]",3.187500087544322,0.0,"[""read""]",7.9374999125807335,0.0,1.0,True,False,True
False,state_answers,2,state-r3-q046-t002,"['/data/zhaogangyi/picorer-eval/qwen36-v100-sufficiency-dynamics-replicate-3-20260912/probes-v2/587646da5400/step-002/qwen-r1/native-s.request.json', '/data/zhaogangyi/picorer-eval/qwen36-v100-sufficiency-dynamics-replicate-3-20260912/probes-v2/587646da5400/step-002/qwen-r2/native-s.request.json']",46,4801c13f749defb2722adffa7da72e69d3a230e270e62b3c84e10a10778de327,agentmemorybench:fact-mh-262k:context-0/factconsolidation_mh_262k_no46,0.0,3,2,5,2,1.8125000149011612,0.8596637523076225,-0.1250000596046447,8954.0,5,0.0,0.0,0.0,0.0,True,,,,,,,"[""read""]",-4.1249999683350325,0.0,"[""search""]",5.937499983236194,0.0,0.25,False,False,True
False,state_answers,2,state-r3-q046-t003,"['/data/zhaogangyi/picorer-eval/qwen36-v100-sufficiency-dynamics-replicate-3-20260912/probes-v2/587646da5400/step-003/qwen-r1/native-s.request.json', '/data/zhaogangyi/picorer-eval/qwen36-v100-sufficiency-dynamics-replicate-3-20260912/probes-v2/587646da5400/step-003/qwen-r2/native-s.request.json']",46,be006a2b2081f224abe76b46d26b149dba0882b38824205dae37bc1250b66b5a,agentmemorybench:fact-mh-262k:context-0/factconsolidation_mh_262k_no46,0.5,3,3,5,2,1.2500000298023224,0.7772998663336157,0.0,19416.0,5,0.0,0.0,0.0,1.0,True,,,,,,,"[""search""]",1.8125000149011612,0.0,"[""read""]",-0.5624999850988388,0.5,0.5,True,True,False
False,state_answers,2,state-r3-q046-t004,"['/data/zhaogangyi/picorer-eval/qwen36-v100-sufficiency-dynamics-replicate-3-20260912/probes-v2/587646da5400/step-004/qwen-r1/native-s.request.json', '/data/zhaogangyi/picorer-eval/qwen36-v100-sufficiency-dynamics-replicate-3-20260912/probes-v2/587646da5400/step-004/qwen-r2/native-s.request.json']",46,512145b4be517080bf05c4efeb325be767070397f356e9e34eb6f6fe0a0faac4,agentmemorybench:fact-mh-262k:context-0/factconsolidation_mh_262k_no46,0.5,3,4,5,2,3.6874999618157744,0.9755769090360924,0.1250000465661287,9389.0,5,0.0,0.0,0.0,1.0,True,,,,,,,"[""read""]",1.2500000298023224,0.5,"[""search""]",2.437499932013452,0.0,0.75,False,False,True
False,state_answers,2,state-r3-q046-t005,"['/data/zhaogangyi/picorer-eval/qwen36-v100-sufficiency-dynamics-replicate-3-20260912/probes-v2/587646da5400/step-005/qwen-r1/native-s.request.json', '/data/zhaogangyi/picorer-eval/qwen36-v100-sufficiency-dynamics-replicate-3-20260912/probes-v2/587646da5400/step-005/qwen-r2/native-s.request.json']",46,8dd3d8aa317aa49553c73f9718b49ed1eb9e3a6e8423be7df4dfe4374f2c1f50,agentmemorybench:fact-mh-262k:context-0/factconsolidation_mh_262k_no46,1.0,3,5,5,2,7.37500001853914,0.9993736658534952,3.576860763132572e-07,19838.0,5,0.6,0.6,0.6,1.0,True,,,,,,,"[""finish""]",3.6874999618157744,0.5,"[""read""]",3.6875000567233656,0.5,1.0,True,True,True
False,state_answers,4,state-r1-q048-t002,"['/data/zhaogangyi/picorer-eval/qwen36-v100-sufficiency-dynamics-20260912/probes-v2/dac05fbfaf1d/step-002/qwen-r1/native-s.request.json', '/data/zhaogangyi/picorer-eval/qwen36-v100-sufficiency-dynamics-20260912/probes-v2/dac05fbfaf1d/step-002/qwen-r2/native-s.request.json']",48,1b2d4c9bde9b850db1449f06de79f59c4e7e34a5c4f27125037eeda1030c2c34,agentmemorybench:fact-mh-262k:context-0/factconsolidation_mh_262k_no48,0.0,1,2,14,2,1.250000037252903,0.7772998676233469,0.2500000149011612,9063.0,5,0.0,0.0,0.0,0.0,True,,,,,,,"[""search""]",-4.812499951105565,0.0,"[""search""]",6.062499988358468,0.0,0.07692307692307693,False,False,True
False,state_answers,4,state-r1-q048-t003,"['/data/zhaogangyi/picorer-eval/qwen36-v100-sufficiency-dynamics-20260912/probes-v2/dac05fbfaf1d/step-003/qwen-r1/native-s.request.json', '/data/zhaogangyi/picorer-eval/qwen36-v100-sufficiency-dynamics-20260912/probes-v2/dac05fbfaf1d/step-003/qwen-r2/native-s.request.json']",48,d2fae90a73c0a204a05aeb004c4cdeb27f69bcbad72be0e7514fa0b7b6a913ec,agentmemorybench:fact-mh-262k:context-0/factconsolidation_mh_262k_no48,0.0,1,3,14,2,-1.1875000149011612,0.2337063542454256,-0.1249999701976776,9377.0,5,0.0,0.0,0.0,0.0,True,,,,,,,"[""read""]",1.250000037252903,0.0,"[""search""]",-2.437500052154064,0.0,0.15384615384615385,False,False,False
False,state_answers,4,state-r1-q048-t004,"['/data/zhaogangyi/picorer-eval/qwen36-v100-sufficiency-dynamics-20260912/probes-v2/dac05fbfaf1d/step-004/qwen-r1/native-s.request.json', '/data/zhaogangyi/picorer-eval/qwen36-v100-sufficiency-dynamics-20260912/probes-v2/dac05fbfaf1d/step-004/qwen-r2/native-s.request.json']",48,71f389b27c27e7f579b97d25cb03c46db729c59060b18ee47e26f726e996ea40,agentmemorybench:fact-mh-262k:context-0/factconsolidation_mh_262k_no48,0.25,1,4,14,2,1.3125,0.7879311956428947,0.1250000596046447,24799.0,5,0.0,0.0,0.0,0.0,True,,,,,,,"[""search""]",-1.1875000149011612,0.0,"[""read""]",2.500000014901161,0.25,0.23076923076923078,True,True,True
False,state_answers,4,state-r1-q048-t005,"['/data/zhaogangyi/picorer-eval/qwen36-v100-sufficiency-dynamics-20260912/probes-v2/dac05fbfaf1d/step-005/qwen-r1/native-s.request.json', '/data/zhaogangyi/picorer-eval/qwen36-v100-sufficiency-dynamics-20260912/probes-v2/dac05fbfaf1d/step-005/qwen-r2/native-s.request.json']",48,6b805eb2904efaf7f9128b7eea9613841562784d58024d048b06f466a0abf006,agentmemorybench:fact-mh-262k:context-0/factconsolidation_mh_262k_no48,0.25,1,5,14,2,-2.3749999664723873,0.0850990476173862,6.705522537231445e-08,9721.0,5,0.0,0.0,0.0,0.0,True,,,,,,,"[""search""]",1.3125,0.25,"[""search""]",-3.6874999664723873,0.0,0.3076923076923077,False,False,False
False,state_answers,4,state-r1-q048-t006,"['/data/zhaogangyi/picorer-eval/qwen36-v100-sufficiency-dynamics-20260912/probes-v2/dac05fbfaf1d/step-006/qwen-r1/native-s.request.json', '/data/zhaogangyi/picorer-eval/qwen36-v100-sufficiency-dynamics-20260912/probes-v2/dac05fbfaf1d/step-006/qwen-r2/native-s.request.json']",48,6aa684f46f8d5e8a7b064d2304c4c12f502fbe80427d1eddb1eae4e9e5135348,agentmemorybench:fact-mh-262k:context-0/factconsolidation_mh_262k_no48,0.25,1,6,14,2,-3.5000000623986125,0.0293122289759271,-2.7939677238464355e-08,9869.0,5,0.0,0.0,0.0,0.0,True,,,,,,,"[""search""]",-2.3749999664723873,0.25,"[""search""]",-1.1250000959262252,0.0,0.38461538461538464,False,False,False
False,state_answers,4,state-r1-q048-t007,"['/data/zhaogangyi/picorer-eval/qwen36-v100-sufficiency-dynamics-20260912/probes-v2/dac05fbfaf1d/step-007/qwen-r1/native-s.request.json', '/data/zhaogangyi/picorer-eval/qwen36-v100-sufficiency-dynamics-20260912/probes-v2/dac05fbfaf1d/step-007/qwen-r2/native-s.request.json']",48,760b3ed3d5fe21660aee7c9e97e92cc35fa028ac3778f329f504f8be70f0a8b7,agentmemorybench:fact-mh-262k:context-0/factconsolidation_mh_262k_no48,0.25,1,7,14,2,-3.625000048428774,0.0259573559733444,0.2499999739229679,9812.0,5,0.0,0.0,0.0,0.0,True,,,,,,,"[""search""]",-3.5000000623986125,0.25,"[""search""]",-0.12499998603016138,0.0,0.46153846153846156,False,False,False
False,state_answers,4,state-r1-q048-t008,"['/data/zhaogangyi/picorer-eval/qwen36-v100-sufficiency-dynamics-20260912/probes-v2/dac05fbfaf1d/step-008/qwen-r1/native-s.request.json', '/data/zhaogangyi/picorer-eval/qwen36-v100-sufficiency-dynamics-20260912/probes-v2/dac05fbfaf1d/step-008/qwen-r2/native-s.request.json']",48,59b01acb475a871f1624b9ebddcc248e162f867138478f611fec312c2e6114af,agentmemorybench:fact-mh-262k:context-0/factconsolidation_mh_262k_no48,0.25,1,8,14,2,-4.375000060070306,0.0124316501156963,1.1082738637924194e-07,8259.0,5,0.0,0.0,0.0,0.0,True,,,,,,,"[""search""]",-3.625000048428774,0.25,"[""search""]",-0.7500000116415322,0.0,0.5384615384615384,False,False,False
False,state_answers,4,state-r1-q048-t009,"['/data/zhaogangyi/picorer-eval/qwen36-v100-sufficiency-dynamics-20260912/probes-v2/dac05fbfaf1d/step-009/qwen-r1/native-s.request.json', '/data/zhaogangyi/picorer-eval/qwen36-v100-sufficiency-dynamics-20260912/probes-v2/dac05fbfaf1d/step-009/qwen-r2/native-s.request.json']",48,20e51b7ae85764108410d055a9afd6abba53cfb3a97ad35d92361a8d6824a5ca,agentmemorybench:fact-mh-262k:context-0/factconsolidation_mh_262k_no48,0.25,1,9,14,2,-4.437499943654984,0.0116872586465169,0.125000256113708,8384.0,5,0.0,0.0,0.0,0.0,True,,,,,,,"[""search""]",-4.375000060070306,0.25,"[""search""]",-0.06249988358467817,0.0,0.6153846153846154,False,False,False
False,state_answers,4,state-r1-q048-t010,"['/data/zhaogangyi/picorer-eval/qwen36-v100-sufficiency-dynamics-20260912/probes-v2/dac05fbfaf1d/step-010/qwen-r1/native-s.request.json', '/data/zhaogangyi/picorer-eval/qwen36-v100-sufficiency-dynamics-20260912/probes-v2/dac05fbfaf1d/step-010/qwen-r2/native-s.request.json']",48,e40faf3565aa6f3c018e916a702a7777ba59676807d4ebadad1c9d27c837a6bb,agentmemorybench:fact-mh-262k:context-0/factconsolidation_mh_262k_no48,0.25,1,10,14,2,-4.687499955762178,0.0091256377891948,0.1249996935948729,10397.0,5,0.0,0.0,0.0,0.0,True,,,,,,,"[""search_more""]",-4.437499943654984,0.25,"[""search""]",-0.25000001210719347,0.0,0.6923076923076923,False,False,False
False,state_answers,4,state-r1-q048-t011,"['/data/zhaogangyi/picorer-eval/qwen36-v100-sufficiency-dynamics-20260912/probes-v2/dac05fbfaf1d/step-011/qwen-r1/native-s.request.json', '/data/zhaogangyi/picorer-eval/qwen36-v100-sufficiency-dynamics-20260912/probes-v2/dac05fbfaf1d/step-011/qwen-r2/native-s.request.json']",48,42ffe945c9ccb6f77bc0a9ab7b7b36e2cd731203597eb9fc259cd5cb37c816e9,agentmemorybench:fact-mh-262k:context-0/factconsolidation_mh_262k_no48,0.25,1,11,14,2,-5.999999966123141,0.0024726232401923,2.973247319459915e-07,10842.0,5,0.0,0.0,0.0,0.0,True,,,,,,,"[""read""]",-4.687499955762178,0.25,"[""search_more""]",-1.3125000103609636,0.0,0.7692307692307693,False,False,False
False,state_answers,4,state-r1-q048-t012,"['/data/zhaogangyi/picorer-eval/qwen36-v100-sufficiency-dynamics-20260912/probes-v2/dac05fbfaf1d/step-012/qwen-r1/native-s.request.json', '/data/zhaogangyi/picorer-eval/qwen36-v100-sufficiency-dynamics-20260912/probes-v2/dac05fbfaf1d/step-012/qwen-r2/native-s.request.json']",48,bf612a9ad7cad8fa5d84b989d8807929836d276b20f1a6616836a980f61906a8,agentmemorybench:fact-mh-262k:context-0/factconsolidation_mh_262k_no48,0.25,1,12,14,2,-6.687499923224095,0.0012448433975433,-0.1249999111751094,26396.0,5,0.0,0.0,0.0,0.0,True,,,,,,,"[""search""]",-5.999999966123141,0.25,"[""read""]",-0.6874999571009539,0.0,0.8461538461538461,True,False,False
False,state_answers,4,state-r1-q048-t013,"['/data/zhaogangyi/picorer-eval/qwen36-v100-sufficiency-dynamics-20260912/probes-v2/dac05fbfaf1d/step-013/qwen-r1/native-s.request.json', '/data/zhaogangyi/picorer-eval/qwen36-v100-sufficiency-dynamics-20260912/probes-v2/dac05fbfaf1d/step-013/qwen-r2/native-s.request.json']",48,f747984fe868ef1f8d3d190a7619d22edd854c827025ec92020313a48ca5d035,agentmemorybench:fact-mh-262k:context-0/factconsolidation_mh_262k_no48,0.25,1,13,14,2,-6.562499946274329,0.0014103585722836,-0.1249997481936588,6671.0,5,0.0,0.0,0.0,0.0,True,,,,,,,"[""read""]",-6.687499923224095,0.25,"[""search""]",0.12499997694976628,0.0,0.9230769230769231,False,False,True
False,state_answers,4,state-r1-q048-t014,"['/data/zhaogangyi/picorer-eval/qwen36-v100-sufficiency-dynamics-20260912/probes-v2/dac05fbfaf1d/step-014/qwen-r1/native-s.request.json', '/data/zhaogangyi/picorer-eval/qwen36-v100-sufficiency-dynamics-20260912/probes-v2/dac05fbfaf1d/step-014/qwen-r2/native-s.request.json']",48,69e94bcc0b5647f18175f58d6c9ebd723a9d65f911504f7794352676337afe45,agentmemorybench:fact-mh-262k:context-0/factconsolidation_mh_262k_no48,0.25,1,14,14,2,-5.499999990919605,0.0040701377527041,4.307366907596588e-07,21867.0,5,0.2,0.2,0.2,0.0,True,,,,,,,"[""finish""]",-6.562499946274329,0.25,"[""read""]",1.062499955354724,0.0,1.0,True,False,True
False,state_answers,4,state-r2-q048-t002,"['/data/zhaogangyi/picorer-eval/qwen36-v100-sufficiency-dynamics-replicate-2-20260912/probes-v2/dac05fbfaf1d/step-002/qwen-r1/native-s.request.json', '/data/zhaogangyi/picorer-eval/qwen36-v100-sufficiency-dynamics-replicate-2-20260912/probes-v2/dac05fbfaf1d/step-002/qwen-r2/native-s.request.json']",48,bdde1ee4a90c49c41a9855f4c6ea0ad86ffd2e5c413d0c12e38a45bf7b09ce27,agentmemorybench:fact-mh-262k:context-0/factconsolidation_mh_262k_no48,0.0,2,2,8,2,-5.437500027706847,0.0043315019010715,0.1249998775310814,9013.0,5,0.0,0.0,0.0,0.0,True,,,,,,,"[""search""]",-4.87499985517934,0.0,"[""search""]",-0.562500172527507,0.0,0.14285714285714285,False,False,False
False,state_answers,4,state-r2-q048-t003,"['/data/zhaogangyi/picorer-eval/qwen36-v100-sufficiency-dynamics-replicate-2-20260912/probes-v2/dac05fbfaf1d/step-003/qwen-r1/native-s.request.json', '/data/zhaogangyi/picorer-eval/qwen36-v100-sufficiency-dynamics-replicate-2-20260912/probes-v2/dac05fbfaf1d/step-003/qwen-r2/native-s.request.json']",48,2df639b816469bef7495c5a517eb6710847183f6563ea7a2ffc6f17ae6436509,agentmemorybench:fact-mh-262k:context-0/factconsolidation_mh_262k_no48,0.0,2,3,8,2,0.25,0.5621765008857981,0.0,9218.0,5,0.0,0.0,0.0,0.0,True,,,,,,,"[""read""]",-5.437500027706847,0.0,"[""search""]",5.687500027706847,0.0,0.2857142857142857,False,False,True
False,state_answers,4,state-r2-q048-t004,"['/data/zhaogangyi/picorer-eval/qwen36-v100-sufficiency-dynamics-replicate-2-20260912/probes-v2/dac05fbfaf1d/step-004/qwen-r1/native-s.request.json', '/data/zhaogangyi/picorer-eval/qwen36-v100-sufficiency-dynamics-replicate-2-20260912/probes-v2/dac05fbfaf1d/step-004/qwen-r2/native-s.request.json']",48,88fdbb366a120950a99e08d33c0c10c216b59ddc61a7246dc74741dac3f46506,agentmemorybench:fact-mh-262k:context-0/factconsolidation_mh_262k_no48,0.5,2,4,8,2,2.6249999962747097,0.9324533086257366,6.705522537231445e-08,24562.0,5,0.2,0.2,0.2,4.0,True,,,,,,,"[""search""]",0.25,0.0,"[""read""]",2.3749999962747097,0.5,0.42857142857142855,True,True,True
False,state_answers,4,state-r2-q048-t005,"['/data/zhaogangyi/picorer-eval/qwen36-v100-sufficiency-dynamics-replicate-2-20260912/probes-v2/dac05fbfaf1d/step-005/qwen-r1/native-s.request.json', '/data/zhaogangyi/picorer-eval/qwen36-v100-sufficiency-dynamics-replicate-2-20260912/probes-v2/dac05fbfaf1d/step-005/qwen-r2/native-s.request.json']",48,6c7c2e34b8ece7abeca95ba02ac583daa74e4f71bdd1c0e8fd6e8e7fc007ee88,agentmemorybench:fact-mh-262k:context-0/factconsolidation_mh_262k_no48,0.5,2,5,8,2,2.187499988824129,0.8991213762562682,-0.1250000223517418,9851.0,5,0.0,0.0,0.0,2.0,True,,,,,,,"[""search""]",2.6249999962747097,0.5,"[""search""]",-0.4375000074505806,0.0,0.5714285714285714,False,False,False
False,state_answers,4,state-r2-q048-t006,"['/data/zhaogangyi/picorer-eval/qwen36-v100-sufficiency-dynamics-replicate-2-20260912/probes-v2/dac05fbfaf1d/step-006/qwen-r1/native-s.request.json', '/data/zhaogangyi/picorer-eval/qwen36-v100-sufficiency-dynamics-replicate-2-20260912/probes-v2/dac05fbfaf1d/step-006/qwen-r2/native-s.request.json']",48,0880b86777080106aee8da143b15e6743a63f373f85901ccff20db8019f0de18,agentmemorybench:fact-mh-262k:context-0/factconsolidation_mh_262k_no48,0.5,2,6,8,2,2.3124999590218067,0.9099070026788096,0.1249999478459358,10289.0,5,0.2,0.2,0.2,3.0,True,,,,,,,"[""search""]",2.187499988824129,0.5,"[""search""]",0.12499997019767761,0.0,0.7142857142857143,False,False,True
False,state_answers,4,state-r2-q048-t007,"['/data/zhaogangyi/picorer-eval/qwen36-v100-sufficiency-dynamics-replicate-2-20260912/probes-v2/dac05fbfaf1d/step-007/qwen-r1/native-s.request.json', '/data/zhaogangyi/picorer-eval/qwen36-v100-sufficiency-dynamics-replicate-2-20260912/probes-v2/dac05fbfaf1d/step-007/qwen-r2/native-s.request.json']",48,a814b1ecd5c2d1db466f0a9e45e3cb0b36929f71062f224a704880a566572442,agentmemorybench:fact-mh-262k:context-0/factconsolidation_mh_262k_no48,0.5,2,7,8,2,3.0625000204890966,0.9553191306019164,0.1249998174607753,10452.0,5,0.0,0.0,0.0,1.0,True,,,,,,,"[""read""]",2.3124999590218067,0.5,"[""search""]",0.7500000614672899,0.0,0.8571428571428571,False,False,True
False,state_answers,4,state-r2-q048-t008,"['/data/zhaogangyi/picorer-eval/qwen36-v100-sufficiency-dynamics-replicate-2-20260912/probes-v2/dac05fbfaf1d/step-008/qwen-r1/native-s.request.json', '/data/zhaogangyi/picorer-eval/qwen36-v100-sufficiency-dynamics-replicate-2-20260912/probes-v2/dac05fbfaf1d/step-008/qwen-r2/native-s.request.json']",48,4b3a82538f36ca469f03497a95d7cd15248e186c907441d29b457ce9d52bdcba,agentmemorybench:fact-mh-262k:context-0/factconsolidation_mh_262k_no48,1.0,2,8,8,2,5.624999894876964,0.9964063970421672,-1.1525116860866549e-07,25529.0,5,1.0,1.0,1.0,0.0,True,,,,,,,"[""finish""]",3.0625000204890966,0.5,"[""read""]",2.5624998743878677,0.5,1.0,True,True,True
False,state_answers,4,state-r3-q048-t002,"['/data/zhaogangyi/picorer-eval/qwen36-v100-sufficiency-dynamics-replicate-3-20260912/probes-v2/dac05fbfaf1d/step-002/qwen-r1/native-s.request.json', '/data/zhaogangyi/picorer-eval/qwen36-v100-sufficiency-dynamics-replicate-3-20260912/probes-v2/dac05fbfaf1d/step-002/qwen-r2/native-s.request.json']",48,b31b76323c99131ae83ce01f94e97e8adf7c6e38ad962f264eae63e1ae9902cb,agentmemorybench:fact-mh-262k:context-0/factconsolidation_mh_262k_no48,0.0,3,2,9,2,-6.312500036263373,0.0018102109606771,0.1249996743863448,8991.0,5,0.0,0.0,0.0,0.0,True,,,,,,,"[""search""]",-4.749999915249646,0.0,"[""search""]",-1.562500121013727,0.0,0.125,False,False,False
False,state_answers,4,state-r3-q048-t003,"['/data/zhaogangyi/picorer-eval/qwen36-v100-sufficiency-dynamics-replicate-3-20260912/probes-v2/dac05fbfaf1d/step-003/qwen-r1/native-s.request.json', '/data/zhaogangyi/picorer-eval/qwen36-v100-sufficiency-dynamics-replicate-3-20260912/probes-v2/dac05fbfaf1d/step-003/qwen-r2/native-s.request.json']",48,0f9c09bc472a5c28fa832af08ec792e5e2fe6bd3883208dd7e458329c0e1019f,agentmemorybench:fact-mh-262k:context-0/factconsolidation_mh_262k_no48,0.0,3,3,9,2,-0.125,0.4687906266262437,0.0,9278.0,5,0.0,0.0,0.0,0.0,True,,,,,,,"[""search""]",-6.312500036263373,0.0,"[""search""]",6.187500036263373,0.0,0.25,False,False,True
False,state_answers,4,state-r3-q048-t004,"['/data/zhaogangyi/picorer-eval/qwen36-v100-sufficiency-dynamics-replicate-3-20260912/probes-v2/dac05fbfaf1d/step-004/qwen-r1/native-s.request.json', '/data/zhaogangyi/picorer-eval/qwen36-v100-sufficiency-dynamics-replicate-3-20260912/probes-v2/dac05fbfaf1d/step-004/qwen-r2/native-s.request.json']",48,eb419295e1f64b9d9f629096230526e7c25de779d699cc9019d9b7806eedaf47,agentmemorybench:fact-mh-262k:context-0/factconsolidation_mh_262k_no48,0.0,3,4,9,2,-0.375,0.4073334000459302,0.0,9505.0,5,0.0,0.0,0.0,0.0,True,,,,,,,"[""read""]",-0.125,0.0,"[""search""]",-0.25,0.0,0.375,False,False,False
False,state_answers,4,state-r3-q048-t005,"['/data/zhaogangyi/picorer-eval/qwen36-v100-sufficiency-dynamics-replicate-3-20260912/probes-v2/dac05fbfaf1d/step-005/qwen-r1/native-s.request.json', '/data/zhaogangyi/picorer-eval/qwen36-v100-sufficiency-dynamics-replicate-3-20260912/probes-v2/dac05fbfaf1d/step-005/qwen-r2/native-s.request.json']",48,ab930d8aeeb0f4d158ea9ee56886b593733fdd6a89275cffd89fc66fabb3a04d,agentmemorybench:fact-mh-262k:context-0/factconsolidation_mh_262k_no48,0.5,3,5,9,2,-1.2500000149011612,0.2227001362458465,8.940696716308595e-08,20163.0,5,0.0,0.0,0.0,1.0,True,,,,,,,"[""search""]",-0.375,0.0,"[""read""]",-0.8750000149011612,0.5,0.5,True,True,False
False,state_answers,4,state-r3-q048-t006,"['/data/zhaogangyi/picorer-eval/qwen36-v100-sufficiency-dynamics-replicate-3-20260912/probes-v2/dac05fbfaf1d/step-006/qwen-r1/native-s.request.json', '/data/zhaogangyi/picorer-eval/qwen36-v100-sufficiency-dynamics-replicate-3-20260912/probes-v2/dac05fbfaf1d/step-006/qwen-r2/native-s.request.json']",48,c793d842cf06256ca13511cd3fa3c3c83e33d78dbaec8e6461dc00e86c55f913,agentmemorybench:fact-mh-262k:context-0/factconsolidation_mh_262k_no48,0.5,3,6,9,2,2.3125000074505806,0.9099070066488189,-0.1249998211860656,10167.0,5,0.0,0.0,0.0,0.0,True,,,,,,,"[""read""]",-1.2500000149011612,0.5,"[""search""]",3.562500022351742,0.0,0.625,False,False,True
False,state_answers,4,state-r3-q048-t007,"['/data/zhaogangyi/picorer-eval/qwen36-v100-sufficiency-dynamics-replicate-3-20260912/probes-v2/dac05fbfaf1d/step-007/qwen-r1/native-s.request.json', '/data/zhaogangyi/picorer-eval/qwen36-v100-sufficiency-dynamics-replicate-3-20260912/probes-v2/dac05fbfaf1d/step-007/qwen-r2/native-s.request.json']",48,6a317baea97026034270e070a3f38a76b5c4209194455ec72aa5bab15b0fd3f2,agentmemorybench:fact-mh-262k:context-0/factconsolidation_mh_262k_no48,0.75,3,7,9,2,0.3125,0.5774953651858118,-0.125,20541.0,5,0.0,0.0,0.0,0.0,True,,,,,,,"[""search""]",2.3125000074505806,0.5,"[""read""]",-2.0000000074505806,0.25,0.75,True,True,False
False,state_answers,4,state-r3-q048-t008,"['/data/zhaogangyi/picorer-eval/qwen36-v100-sufficiency-dynamics-replicate-3-20260912/probes-v2/dac05fbfaf1d/step-008/qwen-r1/native-s.request.json', '/data/zhaogangyi/picorer-eval/qwen36-v100-sufficiency-dynamics-replicate-3-20260912/probes-v2/dac05fbfaf1d/step-008/qwen-r2/native-s.request.json']",48,fd21abfbb37013687c41afb3df03b6dd1a71c5f6f75f03b7325d0455faec6c7e,agentmemorybench:fact-mh-262k:context-0/factconsolidation_mh_262k_no48,0.75,3,8,9,2,3.1874999552965164,0.9603611591972756,-0.1250001415610313,10534.0,5,0.0,0.0,0.0,2.0,True,,,,,,,"[""read""]",0.3125,0.75,"[""search""]",2.8749999552965164,0.0,0.875,False,False,True
False,state_answers,4,state-r3-q048-t009,"['/data/zhaogangyi/picorer-eval/qwen36-v100-sufficiency-dynamics-replicate-3-20260912/probes-v2/dac05fbfaf1d/step-009/qwen-r1/native-s.request.json', '/data/zhaogangyi/picorer-eval/qwen36-v100-sufficiency-dynamics-replicate-3-20260912/probes-v2/dac05fbfaf1d/step-009/qwen-r2/native-s.request.json']",48,0e75c432c540948fa3e1c21703596600cc35c64333b77835d91f62840a589dd5,agentmemorybench:fact-mh-262k:context-0/factconsolidation_mh_262k_no48,1.0,3,9,9,2,8.437500143227226,0.9997834559811132,-0.1249999939609551,21349.0,5,0.8,0.8,0.8,1.0,True,,,,,,,"[""finish""]",3.1874999552965164,0.75,"[""read""]",5.250000187930709,0.25,1.0,True,True,True
False,state_answers,2,state-r1-q049-t002,"['/data/zhaogangyi/picorer-eval/qwen36-v100-sufficiency-dynamics-20260912/probes-v2/6018bb670bcb/step-002/qwen-r1/native-s.request.json', '/data/zhaogangyi/picorer-eval/qwen36-v100-sufficiency-dynamics-20260912/probes-v2/6018bb670bcb/step-002/qwen-r2/native-s.request.json']",49,a9ca410392039a97c5eaa92044368fb336f00fbf89ef95ed63057c33b86b7a75,agentmemorybench:fact-mh-262k:context-0/factconsolidation_mh_262k_no49,0.0,1,2,4,2,1.0625000149011612,0.7431680114566557,-0.1250000894069671,8995.0,5,0.0,0.0,0.0,0.0,True,,,,,,,"[""search""]",-4.56249989522621,0.0,"[""search""]",5.6249999101273715,0.0,0.3333333333333333,False,False,True
False,state_answers,2,state-r1-q049-t003,"['/data/zhaogangyi/picorer-eval/qwen36-v100-sufficiency-dynamics-20260912/probes-v2/6018bb670bcb/step-003/qwen-r1/native-s.request.json', '/data/zhaogangyi/picorer-eval/qwen36-v100-sufficiency-dynamics-20260912/probes-v2/6018bb670bcb/step-003/qwen-r2/native-s.request.json']",49,e427321ea582779c8dbfaa7e4ab112b99bd276cd157b083652f4553f8edd2ba4,agentmemorybench:fact-mh-262k:context-0/factconsolidation_mh_262k_no49,0.0,1,3,4,2,2.124999932944774,0.8933093996634686,0.2500000447034836,9556.0,5,0.0,0.0,0.0,0.0,True,,,,,,,"[""read""]",1.0625000149011612,0.0,"[""search""]",1.062499918043613,0.0,0.6666666666666666,False,False,True
False,state_answers,2,state-r1-q049-t004,"['/data/zhaogangyi/picorer-eval/qwen36-v100-sufficiency-dynamics-20260912/probes-v2/6018bb670bcb/step-004/qwen-r1/native-s.request.json', '/data/zhaogangyi/picorer-eval/qwen36-v100-sufficiency-dynamics-20260912/probes-v2/6018bb670bcb/step-004/qwen-r2/native-s.request.json']",49,d275fcc3feed742b871a58c892e01b0313917ceab342f493c0c64f38dfb7a246,agentmemorybench:fact-mh-262k:context-0/factconsolidation_mh_262k_no49,1.0,1,4,4,2,7.562499779218342,0.9994806950209116,-0.1249999658903107,25066.0,5,1.0,1.0,1.0,0.0,True,,,,,,,"[""finish""]",2.124999932944774,0.0,"[""read""]",5.4374998462735675,1.0,1.0,True,True,True
False,state_answers,2,state-r2-q049-t002,"['/data/zhaogangyi/picorer-eval/qwen36-v100-sufficiency-dynamics-replicate-2-20260912/probes-v2/6018bb670bcb/step-002/qwen-r1/native-s.request.json', '/data/zhaogangyi/picorer-eval/qwen36-v100-sufficiency-dynamics-replicate-2-20260912/probes-v2/6018bb670bcb/step-002/qwen-r2/native-s.request.json']",49,3fefc7b505f518a217abca8b5cba5516c31a25590055c176bb3017ffbc4aec9f,agentmemorybench:fact-mh-262k:context-0/factconsolidation_mh_262k_no49,0.0,2,2,4,2,1.3124999925494194,0.7879311943979352,0.124999925494194,9017.0,5,0.0,0.0,0.0,0.0,True,,,,,,,"[""search""]",-4.56249989522621,0.0,"[""search""]",5.87499988777563,0.0,0.3333333333333333,False,False,True
False,state_answers,2,state-r2-q049-t003,"['/data/zhaogangyi/picorer-eval/qwen36-v100-sufficiency-dynamics-replicate-2-20260912/probes-v2/6018bb670bcb/step-003/qwen-r1/native-s.request.json', '/data/zhaogangyi/picorer-eval/qwen36-v100-sufficiency-dynamics-replicate-2-20260912/probes-v2/6018bb670bcb/step-003/qwen-r2/native-s.request.json']",49,4e238155e70d224e31abc95c7d52c1d78221964307817cf2dee49cf2823b05b3,agentmemorybench:fact-mh-262k:context-0/factconsolidation_mh_262k_no49,0.0,2,3,4,2,1.8124999701976776,0.8596637469145053,0.1250000298023224,9476.0,5,0.0,0.0,0.0,0.0,True,,,,,,,"[""read""]",1.3124999925494194,0.0,"[""search""]",0.4999999776482582,0.0,0.6666666666666666,False,False,True
False,state_answers,2,state-r2-q049-t004,"['/data/zhaogangyi/picorer-eval/qwen36-v100-sufficiency-dynamics-replicate-2-20260912/probes-v2/6018bb670bcb/step-004/qwen-r1/native-s.request.json', '/data/zhaogangyi/picorer-eval/qwen36-v100-sufficiency-dynamics-replicate-2-20260912/probes-v2/6018bb670bcb/step-004/qwen-r2/native-s.request.json']",49,493e5f2de0c9e1f0bf0411231b7e0a505ebe0e4566f658fb012525c99fb95148,agentmemorybench:fact-mh-262k:context-0/factconsolidation_mh_262k_no49,1.0,2,4,4,2,6.4999999204301275,0.9984988176239934,-0.2499997845152393,25155.0,5,1.0,1.0,1.0,0.0,True,,,,,,,"[""finish""]",1.8124999701976776,0.0,"[""read""]",4.68749995023245,1.0,1.0,True,True,True
False,state_answers,2,state-r3-q049-t002,"['/data/zhaogangyi/picorer-eval/qwen36-v100-sufficiency-dynamics-replicate-3-20260912/probes-v2/6018bb670bcb/step-002/qwen-r1/native-s.request.json', '/data/zhaogangyi/picorer-eval/qwen36-v100-sufficiency-dynamics-replicate-3-20260912/probes-v2/6018bb670bcb/step-002/qwen-r2/native-s.request.json']",49,74873256e477801218b3eb6eaea3b13188c246c3673e337d1bdf1696523a66e8,agentmemorybench:fact-mh-262k:context-0/factconsolidation_mh_262k_no49,0.0,3,2,5,2,1.6874999850988388,0.8438951005915208,0.1249999701976776,8925.0,5,0.0,0.0,0.0,0.0,True,,,,,,,"[""read""]",-4.499999809078872,0.0,"[""search""]",6.187499794177711,0.0,0.25,False,False,True
False,state_answers,2,state-r3-q049-t003,"['/data/zhaogangyi/picorer-eval/qwen36-v100-sufficiency-dynamics-replicate-3-20260912/probes-v2/6018bb670bcb/step-003/qwen-r1/native-s.request.json', '/data/zhaogangyi/picorer-eval/qwen36-v100-sufficiency-dynamics-replicate-3-20260912/probes-v2/6018bb670bcb/step-003/qwen-r2/native-s.request.json']",49,e8724c60f1bef662ac64fae1d35a9d6b04a7f9bb084c090f50eb294f18dff1cb,agentmemorybench:fact-mh-262k:context-0/factconsolidation_mh_262k_no49,0.5,3,3,5,2,3.187499962747097,0.9603611594809012,-0.124999925494194,19487.0,5,0.0,0.0,0.0,1.0,True,,,,,,,"[""search""]",1.6874999850988388,0.0,"[""read""]",1.4999999776482582,0.5,0.5,True,True,True
False,state_answers,2,state-r3-q049-t004,"['/data/zhaogangyi/picorer-eval/qwen36-v100-sufficiency-dynamics-replicate-3-20260912/probes-v2/6018bb670bcb/step-004/qwen-r1/native-s.request.json', '/data/zhaogangyi/picorer-eval/qwen36-v100-sufficiency-dynamics-replicate-3-20260912/probes-v2/6018bb670bcb/step-004/qwen-r2/native-s.request.json']",49,4ea4bdeedc4c1d9b0849b72b6d2de6ed05fab1e0291e0df91f0a491fb36427a2,agentmemorybench:fact-mh-262k:context-0/factconsolidation_mh_262k_no49,0.5,3,4,5,2,2.7500000707805157,0.93991335382341,3.725290298461914e-08,9570.0,5,0.0,0.0,0.0,0.0,True,,,,,,,"[""read""]",3.187499962747097,0.5,"[""search""]",-0.43749989196658134,0.0,0.75,False,False,False
False,state_answers,2,state-r3-q049-t005,"['/data/zhaogangyi/picorer-eval/qwen36-v100-sufficiency-dynamics-replicate-3-20260912/probes-v2/6018bb670bcb/step-005/qwen-r1/native-s.request.json', '/data/zhaogangyi/picorer-eval/qwen36-v100-sufficiency-dynamics-replicate-3-20260912/probes-v2/6018bb670bcb/step-005/qwen-r2/native-s.request.json']",49,7e644b678aea3a4ddd99372a6ad1d839c90db11ecfca3aa76efccf1612ec9ed4,agentmemorybench:fact-mh-262k:context-0/factconsolidation_mh_262k_no49,1.0,3,5,5,2,5.687500122003257,0.9966233880288272,0.1249998775310814,19699.0,5,1.0,1.0,1.0,0.0,True,,,,,,,"[""finish""]",2.7500000707805157,0.5,"[""read""]",2.9375000512227416,0.5,1.0,True,True,True
False,state_answers,4,state-r1-q005-t002,"['/data/zhaogangyi/picorer-eval/qwen36-v100-sufficiency-dynamics-20260912/probes-v2/b53000de5723/step-002/qwen-r1/native-s.request.json', '/data/zhaogangyi/picorer-eval/qwen36-v100-sufficiency-dynamics-20260912/probes-v2/b53000de5723/step-002/qwen-r2/native-s.request.json']",5,7f831cfea9f7649f58a3c721cebfc65d4ee31129038e97ca3efab4cfcb009efc,agentmemorybench:fact-mh-262k:context-0/factconsolidation_mh_262k_no5,0.0,1,2,8,2,-0.5625,0.3629692055196168,0.125,8817.0,5,0.0,0.0,0.0,0.0,True,,,,,,,"[""read""]",-4.8124998298007995,0.0,"[""search""]",4.2499998298007995,0.0,0.14285714285714285,False,False,True
False,state_answers,4,state-r1-q005-t003,"['/data/zhaogangyi/picorer-eval/qwen36-v100-sufficiency-dynamics-20260912/probes-v2/b53000de5723/step-003/qwen-r1/native-s.request.json', '/data/zhaogangyi/picorer-eval/qwen36-v100-sufficiency-dynamics-20260912/probes-v2/b53000de5723/step-003/qwen-r2/native-s.request.json']",5,ab523df09377c5cddf06198b0148e8245c3dd9bd01a32b90b7cf7cb8dcf30bfe,agentmemorybench:fact-mh-262k:context-0/factconsolidation_mh_262k_no5,0.25,1,3,8,2,0.375,0.5926665999540697,0.0,14034.0,5,0.0,0.0,0.0,0.0,True,,,,,,,"[""search""]",-0.5625,0.0,"[""read""]",0.9375,0.25,0.2857142857142857,True,True,True
False,state_answers,4,state-r1-q005-t004,"['/data/zhaogangyi/picorer-eval/qwen36-v100-sufficiency-dynamics-20260912/probes-v2/b53000de5723/step-004/qwen-r1/native-s.request.json', '/data/zhaogangyi/picorer-eval/qwen36-v100-sufficiency-dynamics-20260912/probes-v2/b53000de5723/step-004/qwen-r2/native-s.request.json']",5,3ec9588d2291b108c777085552aecf4ee37e811d3f08d66c3fd555b39ee03bc8,agentmemorybench:fact-mh-262k:context-0/factconsolidation_mh_262k_no5,0.25,1,4,8,2,0.5000000149011612,0.6224593347036828,2.9802322387695312e-08,9321.0,5,0.0,0.0,0.0,0.0,True,,,,,,,"[""search""]",0.375,0.25,"[""search""]",0.1250000149011612,0.0,0.42857142857142855,False,False,True
False,state_answers,4,state-r1-q005-t005,"['/data/zhaogangyi/picorer-eval/qwen36-v100-sufficiency-dynamics-20260912/probes-v2/b53000de5723/step-005/qwen-r1/native-s.request.json', '/data/zhaogangyi/picorer-eval/qwen36-v100-sufficiency-dynamics-20260912/probes-v2/b53000de5723/step-005/qwen-r2/native-s.request.json']",5,5ad3ee864f73d09514c355970dca0a6e3db1f41197e92fdd52e9f6c1067afac7,agentmemorybench:fact-mh-262k:context-0/factconsolidation_mh_262k_no5,0.25,1,5,8,2,0.75,0.679178699175393,-5.960464477539064e-08,9646.0,5,0.0,0.0,0.0,0.0,True,,,,,,,"[""read""]",0.5000000149011612,0.25,"[""search""]",0.2499999850988388,0.0,0.5714285714285714,False,False,True
False,state_answers,4,state-r1-q005-t006,"['/data/zhaogangyi/picorer-eval/qwen36-v100-sufficiency-dynamics-20260912/probes-v2/b53000de5723/step-006/qwen-r1/native-s.request.json', '/data/zhaogangyi/picorer-eval/qwen36-v100-sufficiency-dynamics-20260912/probes-v2/b53000de5723/step-006/qwen-r2/native-s.request.json']",5,ac0e067df05e9600644faa92617e81da325fa178d574e152e42dc3a868e8fe9b,agentmemorybench:fact-mh-262k:context-0/factconsolidation_mh_262k_no5,1.0,1,6,8,2,3.499999998137355,0.9706877691956456,-1.4901161193847656e-08,24903.0,5,1.0,1.0,1.0,0.0,True,,,,,,,"[""search""]",0.75,0.25,"[""read""]",2.749999998137355,0.75,0.7142857142857143,True,True,True
False,state_answers,4,state-r1-q005-t007,"['/data/zhaogangyi/picorer-eval/qwen36-v100-sufficiency-dynamics-20260912/probes-v2/b53000de5723/step-007/qwen-r1/native-s.request.json', '/data/zhaogangyi/picorer-eval/qwen36-v100-sufficiency-dynamics-20260912/probes-v2/b53000de5723/step-007/qwen-r2/native-s.request.json']",5,773a74c3771d6f05244e50bc4ebfeeeec0b0ee4b56123e48669115afee0acf30,agentmemorybench:fact-mh-262k:context-0/factconsolidation_mh_262k_no5,1.0,1,7,8,2,3.562500006519258,0.9724147179480848,-0.1250001061707735,10070.0,5,1.0,1.0,1.0,0.0,True,,,,,,,"[""read""]",3.499999998137355,1.0,"[""search""]",0.06250000838190317,0.0,0.8571428571428571,False,False,True
False,state_answers,4,state-r1-q005-t008,"['/data/zhaogangyi/picorer-eval/qwen36-v100-sufficiency-dynamics-20260912/probes-v2/b53000de5723/step-008/qwen-r1/native-s.request.json', '/data/zhaogangyi/picorer-eval/qwen36-v100-sufficiency-dynamics-20260912/probes-v2/b53000de5723/step-008/qwen-r2/native-s.request.json']",5,45b1d4a3df511ad48430af59c400fe09ef2a88e7de085928f2966709f6930994,agentmemorybench:fact-mh-262k:context-0/factconsolidation_mh_262k_no5,1.0,1,8,8,2,3.812499930150807,0.9783846657601738,-0.1249999906867742,15501.0,5,1.0,1.0,1.0,0.0,True,,,,,,,"[""finish""]",3.562500006519258,1.0,"[""read""]",0.24999992363154888,0.0,1.0,True,False,True
False,state_answers,4,state-r2-q005-t002,"['/data/zhaogangyi/picorer-eval/qwen36-v100-sufficiency-dynamics-replicate-2-20260912/probes-v2/b53000de5723/step-002/qwen-r1/native-s.request.json', '/data/zhaogangyi/picorer-eval/qwen36-v100-sufficiency-dynamics-replicate-2-20260912/probes-v2/b53000de5723/step-002/qwen-r2/native-s.request.json']",5,6f9f3837e5b27829e3ec74aada553836802705c540c9e519fcd2cfb8f845b2c1,agentmemorybench:fact-mh-262k:context-0/factconsolidation_mh_262k_no5,0.0,2,2,5,2,0.0625,0.5156199157230156,-0.125,9018.0,5,0.0,0.0,0.0,0.0,True,,,,,,,"[""read""]",-4.9374999101273715,0.0,"[""search""]",4.9999999101273715,0.0,0.25,False,False,True
False,state_answers,4,state-r2-q005-t003,"['/data/zhaogangyi/picorer-eval/qwen36-v100-sufficiency-dynamics-replicate-2-20260912/probes-v2/b53000de5723/step-003/qwen-r1/native-s.request.json', '/data/zhaogangyi/picorer-eval/qwen36-v100-sufficiency-dynamics-replicate-2-20260912/probes-v2/b53000de5723/step-003/qwen-r2/native-s.request.json']",5,598eec2f3681f40e29776543c0e6177b197d69f913a07e01f0c2234eac095a56,agentmemorybench:fact-mh-262k:context-0/factconsolidation_mh_262k_no5,0.25,2,3,5,2,1.5625,0.8267117940706734,-0.1250000298023224,19478.0,5,0.0,0.0,0.0,0.0,True,,,,,,,"[""search""]",0.0625,0.0,"[""read""]",1.5,0.25,0.5,True,True,True
False,state_answers,4,state-r2-q005-t004,"['/data/zhaogangyi/picorer-eval/qwen36-v100-sufficiency-dynamics-replicate-2-20260912/probes-v2/b53000de5723/step-004/qwen-r1/native-s.request.json', '/data/zhaogangyi/picorer-eval/qwen36-v100-sufficiency-dynamics-replicate-2-20260912/probes-v2/b53000de5723/step-004/qwen-r2/native-s.request.json']",5,9fe0ac44c325fb87d86113177ba07b3cd36cbfa892683b5bc25ac9bfdbeebd30,agentmemorybench:fact-mh-262k:context-0/factconsolidation_mh_262k_no5,0.25,2,4,5,2,0.9375000149011612,0.7185943955841166,-0.1250000894069671,9382.0,5,0.0,0.0,0.0,2.0,True,,,,,,,"[""read""]",1.5625,0.25,"[""search""]",-0.6249999850988388,0.0,0.75,False,False,False
False,state_answers,4,state-r2-q005-t005,"['/data/zhaogangyi/picorer-eval/qwen36-v100-sufficiency-dynamics-replicate-2-20260912/probes-v2/b53000de5723/step-005/qwen-r1/native-s.request.json', '/data/zhaogangyi/picorer-eval/qwen36-v100-sufficiency-dynamics-replicate-2-20260912/probes-v2/b53000de5723/step-005/qwen-r2/native-s.request.json']",5,965a6125aadebd8ee5aa208fa46a7194ead4b51a4ad25d49703517b65661d657,agentmemorybench:fact-mh-262k:context-0/factconsolidation_mh_262k_no5,1.0,2,5,5,2,5.187499864725396,0.9944450745490429,0.125000165309757,19666.0,5,1.0,1.0,1.0,0.0,True,,,,,,,"[""finish""]",0.9375000149011612,0.25,"[""read""]",4.249999849824235,0.75,1.0,True,True,True
False,state_answers,4,state-r3-q005-t002,"['/data/zhaogangyi/picorer-eval/qwen36-v100-sufficiency-dynamics-replicate-3-20260912/probes-v2/b53000de5723/step-002/qwen-r1/native-s.request.json', '/data/zhaogangyi/picorer-eval/qwen36-v100-sufficiency-dynamics-replicate-3-20260912/probes-v2/b53000de5723/step-002/qwen-r2/native-s.request.json']",5,2c574a6e4f0d283589de5c598face8380e8d54a153c9c57f14c13b4dc4399ae5,agentmemorybench:fact-mh-262k:context-0/factconsolidation_mh_262k_no5,0.0,3,2,7,2,-0.375,0.4073334000459302,0.0,8825.0,5,0.0,0.0,0.0,0.0,True,,,,,,,"[""read""]",-4.9999997965060174,0.0,"[""search""]",4.6249997965060174,0.0,0.16666666666666666,False,False,True
False,state_answers,4,state-r3-q005-t003,"['/data/zhaogangyi/picorer-eval/qwen36-v100-sufficiency-dynamics-replicate-3-20260912/probes-v2/b53000de5723/step-003/qwen-r1/native-s.request.json', '/data/zhaogangyi/picorer-eval/qwen36-v100-sufficiency-dynamics-replicate-3-20260912/probes-v2/b53000de5723/step-003/qwen-r2/native-s.request.json']",5,a62b9068fb5e9a1132fac3c7a8b981b343106d4e7f9c25a85acbd3542cbbe8e0,agentmemorybench:fact-mh-262k:context-0/factconsolidation_mh_262k_no5,0.25,3,3,7,2,0.375,0.5926665999540697,0.0,14001.0,5,0.0,0.0,0.0,0.0,True,,,,,,,"[""search""]",-0.375,0.0,"[""read""]",0.75,0.25,0.3333333333333333,True,True,True
False,state_answers,4,state-r3-q005-t004,"['/data/zhaogangyi/picorer-eval/qwen36-v100-sufficiency-dynamics-replicate-3-20260912/probes-v2/b53000de5723/step-004/qwen-r1/native-s.request.json', '/data/zhaogangyi/picorer-eval/qwen36-v100-sufficiency-dynamics-replicate-3-20260912/probes-v2/b53000de5723/step-004/qwen-r2/native-s.request.json']",5,e4dec1604e0502b3a54e4c8e70344383ebcf3ac71d47cd28fc5351f78dad08fe,agentmemorybench:fact-mh-262k:context-0/factconsolidation_mh_262k_no5,0.25,3,4,7,2,0.5,0.6224593312018546,0.0,9343.0,5,0.0,0.0,0.0,0.0,True,,,,,,,"[""read""]",0.375,0.25,"[""search""]",0.125,0.0,0.5,False,False,True
False,state_answers,4,state-r3-q005-t005,"['/data/zhaogangyi/picorer-eval/qwen36-v100-sufficiency-dynamics-replicate-3-20260912/probes-v2/b53000de5723/step-005/qwen-r1/native-s.request.json', '/data/zhaogangyi/picorer-eval/qwen36-v100-sufficiency-dynamics-replicate-3-20260912/probes-v2/b53000de5723/step-005/qwen-r2/native-s.request.json']",5,40af13394de4d2f0967d22c0271c480ce14b26a6815d1b9269059246c40164c8,agentmemorybench:fact-mh-262k:context-0/factconsolidation_mh_262k_no5,1.0,3,5,7,2,3.4375000381842256,0.9688561706173884,0.1249998826533556,19770.0,5,1.0,1.0,1.0,0.0,True,,,,,,,"[""search""]",0.5,0.25,"[""read""]",2.9375000381842256,0.75,0.6666666666666666,True,True,True
False,state_answers,4,state-r3-q005-t006,"['/data/zhaogangyi/picorer-eval/qwen36-v100-sufficiency-dynamics-replicate-3-20260912/probes-v2/b53000de5723/step-006/qwen-r1/native-s.request.json', '/data/zhaogangyi/picorer-eval/qwen36-v100-sufficiency-dynamics-replicate-3-20260912/probes-v2/b53000de5723/step-006/qwen-r2/native-s.request.json']",5,46386f5c4f6c3ea321df38f1cb5d1c23d997d1649a7aaefe58cfa133059f1034,agentmemorybench:fact-mh-262k:context-0/factconsolidation_mh_262k_no5,1.0,3,6,7,2,3.687500100582838,0.97557691234244,0.1249999850988388,9779.0,5,1.0,1.0,1.0,0.0,True,,,,,,,"[""read""]",3.4375000381842256,1.0,"[""search""]",0.2500000623986125,0.0,0.8333333333333334,False,False,True
False,state_answers,4,state-r3-q005-t007,"['/data/zhaogangyi/picorer-eval/qwen36-v100-sufficiency-dynamics-replicate-3-20260912/probes-v2/b53000de5723/step-007/qwen-r1/native-s.request.json', '/data/zhaogangyi/picorer-eval/qwen36-v100-sufficiency-dynamics-replicate-3-20260912/probes-v2/b53000de5723/step-007/qwen-r2/native-s.request.json']",5,b86920f8900b4af20d064a9e26423b342eb06cb38847d7ff2f5ad32e57a17b23,agentmemorybench:fact-mh-262k:context-0/factconsolidation_mh_262k_no5,1.0,3,7,7,2,6.625000046333298,0.998674977644098,0.0,15233.0,5,1.0,1.0,1.0,0.0,True,,,,,,,"[""finish""]",3.687500100582838,1.0,"[""read""]",2.93749994575046,0.0,1.0,True,False,True
False,state_answers,2,state-r1-q050-t002,"['/data/zhaogangyi/picorer-eval/qwen36-v100-sufficiency-dynamics-20260912/probes-v2/3c47f4e2afee/step-002/qwen-r1/native-s.request.json', '/data/zhaogangyi/picorer-eval/qwen36-v100-sufficiency-dynamics-20260912/probes-v2/3c47f4e2afee/step-002/qwen-r2/native-s.request.json']",50,8afb01b6668e0a58f9c4c30e2aab333d2b4df331365875341e2dec13eb4c7ed8,agentmemorybench:fact-mh-262k:context-0/factconsolidation_mh_262k_no50,0.0,1,2,4,2,0.7500000596046448,0.6791787121629466,0.0,8981.0,5,0.0,0.0,0.0,0.0,True,,,,,,,"[""search""]",-4.499999956227839,0.0,"[""search""]",5.250000015832484,0.0,0.3333333333333333,False,False,True
False,state_answers,2,state-r1-q050-t003,"['/data/zhaogangyi/picorer-eval/qwen36-v100-sufficiency-dynamics-20260912/probes-v2/3c47f4e2afee/step-003/qwen-r1/native-s.request.json', '/data/zhaogangyi/picorer-eval/qwen36-v100-sufficiency-dynamics-20260912/probes-v2/3c47f4e2afee/step-003/qwen-r2/native-s.request.json']",50,f752c804dcda81538112e0e438dc5789b0d01beab45e97c95583d3da9ee9fe1d,agentmemorybench:fact-mh-262k:context-0/factconsolidation_mh_262k_no50,0.0,1,3,4,2,1.3124999850988388,0.7879311931529758,-0.1249999105930328,9407.0,5,0.0,0.0,0.0,0.0,True,,,,,,,"[""read""]",0.7500000596046448,0.0,"[""search""]",0.562499925494194,0.0,0.6666666666666666,False,False,True
False,state_answers,2,state-r1-q050-t004,"['/data/zhaogangyi/picorer-eval/qwen36-v100-sufficiency-dynamics-20260912/probes-v2/3c47f4e2afee/step-004/qwen-r1/native-s.request.json', '/data/zhaogangyi/picorer-eval/qwen36-v100-sufficiency-dynamics-20260912/probes-v2/3c47f4e2afee/step-004/qwen-r2/native-s.request.json']",50,a81b517c8937afb021ed1ecc79a37c4bc9c8b25e369b9a616bf4bb75f8ccc597,agentmemorybench:fact-mh-262k:context-0/factconsolidation_mh_262k_no50,1.0,1,4,4,2,6.875000015890691,0.9989677689796312,-0.2499998487764969,19548.0,5,1.0,1.0,1.0,0.0,True,,,,,,,"[""finish""]",1.3124999850988388,0.0,"[""read""]",5.562500030791853,1.0,1.0,True,True,True
False,state_answers,2,state-r2-q050-t002,"['/data/zhaogangyi/picorer-eval/qwen36-v100-sufficiency-dynamics-replicate-2-20260912/probes-v2/3c47f4e2afee/step-002/qwen-r1/native-s.request.json', '/data/zhaogangyi/picorer-eval/qwen36-v100-sufficiency-dynamics-replicate-2-20260912/probes-v2/3c47f4e2afee/step-002/qwen-r2/native-s.request.json']",50,2f04b1fdffad4d2b1081b47463fd0d2d910080175e752a2d797d4bc16c121f3c,agentmemorybench:fact-mh-262k:context-0/factconsolidation_mh_262k_no50,0.0,2,2,4,2,2.4375000037252903,0.9196425314530924,0.1250001713633537,8928.0,5,0.0,0.0,0.0,0.0,True,,,,,,,"[""search""]",-4.6249999813735485,0.0,"[""search""]",7.062499985098839,0.0,0.3333333333333333,False,False,True
False,state_answers,2,state-r2-q050-t003,"['/data/zhaogangyi/picorer-eval/qwen36-v100-sufficiency-dynamics-replicate-2-20260912/probes-v2/3c47f4e2afee/step-003/qwen-r1/native-s.request.json', '/data/zhaogangyi/picorer-eval/qwen36-v100-sufficiency-dynamics-replicate-2-20260912/probes-v2/3c47f4e2afee/step-003/qwen-r2/native-s.request.json']",50,a5b14190ba2803e22cb4e9bb8765e7214b544c7f9fc08d3ddc7a87143a7dc674,agentmemorybench:fact-mh-262k:context-0/factconsolidation_mh_262k_no50,0.0,2,3,4,2,2.874999962747097,0.9465966683169889,2.9802322387695312e-08,9245.0,5,0.0,0.0,0.0,0.0,True,,,,,,,"[""read""]",2.4375000037252903,0.0,"[""search""]",0.4374999590218067,0.0,0.6666666666666666,False,False,True
False,state_answers,2,state-r2-q050-t004,"['/data/zhaogangyi/picorer-eval/qwen36-v100-sufficiency-dynamics-replicate-2-20260912/probes-v2/3c47f4e2afee/step-004/qwen-r1/native-s.request.json', '/data/zhaogangyi/picorer-eval/qwen36-v100-sufficiency-dynamics-replicate-2-20260912/probes-v2/3c47f4e2afee/step-004/qwen-r2/native-s.request.json']",50,5b161bd0042e7ab3e68faa554ee6b1904802d0155f3d80941db342bac983ee94,agentmemorybench:fact-mh-262k:context-0/factconsolidation_mh_262k_no50,0.5,2,4,4,2,8.312500328560418,0.9997546306000564,-0.1250001116568455,19430.0,5,0.0,0.0,0.0,0.0,True,,,,,,,"[""finish""]",2.874999962747097,0.0,"[""read""]",5.437500365813321,0.5,1.0,True,True,True
False,state_answers,2,state-r3-q050-t002,"['/data/zhaogangyi/picorer-eval/qwen36-v100-sufficiency-dynamics-replicate-3-20260912/probes-v2/3c47f4e2afee/step-002/qwen-r1/native-s.request.json', '/data/zhaogangyi/picorer-eval/qwen36-v100-sufficiency-dynamics-replicate-3-20260912/probes-v2/3c47f4e2afee/step-002/qwen-r2/native-s.request.json']",50,c8f2eabd748c38d034da1eaeb5227290431e47db97809c807f42686bddaf02f8,agentmemorybench:fact-mh-262k:context-0/factconsolidation_mh_262k_no50,0.0,3,2,5,2,0.8749999552965164,0.70578501855422,2.9802322387695312e-08,8953.0,5,0.0,0.0,0.0,0.0,True,,,,,,,"[""read""]",-4.437499848660082,0.0,"[""search""]",5.312499803956598,0.0,0.25,False,False,True
False,state_answers,2,state-r3-q050-t003,"['/data/zhaogangyi/picorer-eval/qwen36-v100-sufficiency-dynamics-replicate-3-20260912/probes-v2/3c47f4e2afee/step-003/qwen-r1/native-s.request.json', '/data/zhaogangyi/picorer-eval/qwen36-v100-sufficiency-dynamics-replicate-3-20260912/probes-v2/3c47f4e2afee/step-003/qwen-r2/native-s.request.json']",50,89767c8e54e8b651649083428d9b82376ebf36a71da2edcc6520c647ca138c9e,agentmemorybench:fact-mh-262k:context-0/factconsolidation_mh_262k_no50,0.5,3,3,5,2,1.4999999850988388,0.8175744739711884,-8.940696716308595e-08,19109.0,5,0.0,0.0,0.0,0.0,True,,,,,,,"[""search""]",0.8749999552965164,0.0,"[""read""]",0.6250000298023224,0.5,0.5,True,True,True
False,state_answers,2,state-r3-q050-t004,"['/data/zhaogangyi/picorer-eval/qwen36-v100-sufficiency-dynamics-replicate-3-20260912/probes-v2/3c47f4e2afee/step-004/qwen-r1/native-s.request.json', '/data/zhaogangyi/picorer-eval/qwen36-v100-sufficiency-dynamics-replicate-3-20260912/probes-v2/3c47f4e2afee/step-004/qwen-r2/native-s.request.json']",50,a73ee2ee827d75ae97e7ea67e2e019ee0df8f450191ef535040b0116f5c88e10,agentmemorybench:fact-mh-262k:context-0/factconsolidation_mh_262k_no50,0.5,3,4,5,2,2.5624999180436134,0.9284087951081424,0.1249999552965164,9684.0,5,0.0,0.0,0.0,0.0,True,,,,,,,"[""read""]",1.4999999850988388,0.5,"[""search""]",1.0624999329447746,0.0,0.75,False,False,True
False,state_answers,2,state-r3-q050-t005,"['/data/zhaogangyi/picorer-eval/qwen36-v100-sufficiency-dynamics-replicate-3-20260912/probes-v2/3c47f4e2afee/step-005/qwen-r1/native-s.request.json', '/data/zhaogangyi/picorer-eval/qwen36-v100-sufficiency-dynamics-replicate-3-20260912/probes-v2/3c47f4e2afee/step-005/qwen-r2/native-s.request.json']",50,7c4ac4adf5bdc8c25f7a155fd7322fb7310c53d7d8595784f4388455f4e260d3,agentmemorybench:fact-mh-262k:context-0/factconsolidation_mh_262k_no50,1.0,3,5,5,2,7.375000078289304,0.9993736658908952,0.0,20358.0,5,1.0,1.0,1.0,0.0,True,,,,,,,"[""finish""]",2.5624999180436134,0.5,"[""read""]",4.8125001602456905,0.5,1.0,True,True,True
False,state_answers,2,state-r1-q051-t002,"['/data/zhaogangyi/picorer-eval/qwen36-v100-sufficiency-dynamics-20260912/probes-v2/0fe4de5fe73a/step-002/qwen-r1/native-s.request.json', '/data/zhaogangyi/picorer-eval/qwen36-v100-sufficiency-dynamics-20260912/probes-v2/0fe4de5fe73a/step-002/qwen-r2/native-s.request.json']",51,62a6daf7c47236a35086446545309e75a90adf71fc153a20c13231ac533ab47a,agentmemorybench:fact-mh-262k:context-0/factconsolidation_mh_262k_no51,0.0,1,2,5,2,-0.4375000149011612,0.3923368266145427,-0.1250000298023224,9106.0,5,0.0,0.0,0.0,0.0,True,,,,,,,"[""read""]",-4.374999932944775,0.0,"[""search""]",3.9374999180436134,0.0,0.25,False,False,True
False,state_answers,2,state-r1-q051-t003,"['/data/zhaogangyi/picorer-eval/qwen36-v100-sufficiency-dynamics-20260912/probes-v2/0fe4de5fe73a/step-003/qwen-r1/native-s.request.json', '/data/zhaogangyi/picorer-eval/qwen36-v100-sufficiency-dynamics-20260912/probes-v2/0fe4de5fe73a/step-003/qwen-r2/native-s.request.json']",51,6a2fcb425146c233668951e28aa913b2ebf5651f02d51cc83479c99371f042be,agentmemorybench:fact-mh-262k:context-0/factconsolidation_mh_262k_no51,0.5,1,3,5,2,2.000000067055226,0.8807970850182507,-1.043081283569336e-07,14423.0,5,0.0,0.0,0.0,0.0,True,,,,,,,"[""search""]",-0.4375000149011612,0.0,"[""read""]",2.437500081956387,0.5,0.5,True,True,True
False,state_answers,2,state-r1-q051-t004,"['/data/zhaogangyi/picorer-eval/qwen36-v100-sufficiency-dynamics-20260912/probes-v2/0fe4de5fe73a/step-004/qwen-r1/native-s.request.json', '/data/zhaogangyi/picorer-eval/qwen36-v100-sufficiency-dynamics-20260912/probes-v2/0fe4de5fe73a/step-004/qwen-r2/native-s.request.json']",51,d072d3fb482fcf5036e0fc09b843c1ab635e6a923b4e617f8becf61fb1215c1a,agentmemorybench:fact-mh-262k:context-0/factconsolidation_mh_262k_no51,0.5,1,4,5,2,3.3749999552965164,0.9669140201811736,-1.341104507446289e-07,9366.0,5,0.0,0.0,0.0,1.0,True,,,,,,,"[""read""]",2.000000067055226,0.5,"[""search""]",1.3749998882412906,0.0,0.75,False,False,True
False,state_answers,2,state-r1-q051-t005,"['/data/zhaogangyi/picorer-eval/qwen36-v100-sufficiency-dynamics-20260912/probes-v2/0fe4de5fe73a/step-005/qwen-r1/native-s.request.json', '/data/zhaogangyi/picorer-eval/qwen36-v100-sufficiency-dynamics-20260912/probes-v2/0fe4de5fe73a/step-005/qwen-r2/native-s.request.json']",51,c216ad5683c2b2557f104f1f40f1d351d835e60e5ff0231ce950ac4942ba9741,agentmemorybench:fact-mh-262k:context-0/factconsolidation_mh_262k_no51,1.0,1,5,5,2,6.187499864201527,0.997949256182166,-0.1249999472638592,19640.0,5,0.8,0.8,0.8,0.0,True,,,,,,,"[""finish""]",3.3749999552965164,0.5,"[""read""]",2.8124999089050107,0.5,1.0,True,True,True
False,state_answers,2,state-r2-q051-t002,"['/data/zhaogangyi/picorer-eval/qwen36-v100-sufficiency-dynamics-replicate-2-20260912/probes-v2/0fe4de5fe73a/step-002/qwen-r1/native-s.request.json', '/data/zhaogangyi/picorer-eval/qwen36-v100-sufficiency-dynamics-replicate-2-20260912/probes-v2/0fe4de5fe73a/step-002/qwen-r2/native-s.request.json']",51,412a97010e23560f2a49a23af291633467f8dc1e61a0e50c4756de82e4ac8add,agentmemorybench:fact-mh-262k:context-0/factconsolidation_mh_262k_no51,0.0,2,2,6,2,2.1874999552965164,0.8991213732152424,0.1250000745058059,9105.0,5,0.0,0.0,0.0,0.0,True,,,,,,,"[""search""]",-4.374999966006726,0.0,"[""search""]",6.5624999213032424,0.0,0.2,False,False,True
False,state_answers,2,state-r2-q051-t003,"['/data/zhaogangyi/picorer-eval/qwen36-v100-sufficiency-dynamics-replicate-2-20260912/probes-v2/0fe4de5fe73a/step-003/qwen-r1/native-s.request.json', '/data/zhaogangyi/picorer-eval/qwen36-v100-sufficiency-dynamics-replicate-2-20260912/probes-v2/0fe4de5fe73a/step-003/qwen-r2/native-s.request.json']",51,2a5dde9db9d366e2e8369dba46e8fdc2ad70bd36c3319cef43ff89c2e702e0c5,agentmemorybench:fact-mh-262k:context-0/factconsolidation_mh_262k_no51,0.0,2,3,6,2,3.7499999487772584,0.977022628940054,3.91155481338501e-08,9233.0,5,0.0,0.0,0.0,0.0,True,,,,,,,"[""read""]",2.1874999552965164,0.0,"[""search""]",1.562499993480742,0.0,0.4,False,False,True
False,state_answers,2,state-r2-q051-t004,"['/data/zhaogangyi/picorer-eval/qwen36-v100-sufficiency-dynamics-replicate-2-20260912/probes-v2/0fe4de5fe73a/step-004/qwen-r1/native-s.request.json', '/data/zhaogangyi/picorer-eval/qwen36-v100-sufficiency-dynamics-replicate-2-20260912/probes-v2/0fe4de5fe73a/step-004/qwen-r2/native-s.request.json']",51,b07a564804f27f25c918f820fb03d9a0cbe4ae73cd8a2203812d9d138fd3d688,agentmemorybench:fact-mh-262k:context-0/factconsolidation_mh_262k_no51,0.5,2,4,6,2,6.062499881722033,0.9976768372032282,0.1250000325962901,19564.0,5,0.0,0.0,0.0,0.0,True,,,,,,,"[""search""]",3.7499999487772584,0.0,"[""read""]",2.3124999329447746,0.5,0.6,True,True,True
False,state_answers,2,state-r2-q051-t005,"['/data/zhaogangyi/picorer-eval/qwen36-v100-sufficiency-dynamics-replicate-2-20260912/probes-v2/0fe4de5fe73a/step-005/qwen-r1/native-s.request.json', '/data/zhaogangyi/picorer-eval/qwen36-v100-sufficiency-dynamics-replicate-2-20260912/probes-v2/0fe4de5fe73a/step-005/qwen-r2/native-s.request.json']",51,4273005a38ac039e28060ad22376d712d1743d24e7d2632d9ff9e78369f57935,agentmemorybench:fact-mh-262k:context-0/factconsolidation_mh_262k_no51,0.5,2,5,6,2,3.187499912455678,0.9603611575664274,-0.1250000260770321,9990.0,5,0.0,0.0,0.0,0.0,True,,,,,,,"[""read""]",6.062499881722033,0.5,"[""search""]",-2.874999969266355,0.0,0.8,False,False,False
False,state_answers,2,state-r2-q051-t006,"['/data/zhaogangyi/picorer-eval/qwen36-v100-sufficiency-dynamics-replicate-2-20260912/probes-v2/0fe4de5fe73a/step-006/qwen-r1/native-s.request.json', '/data/zhaogangyi/picorer-eval/qwen36-v100-sufficiency-dynamics-replicate-2-20260912/probes-v2/0fe4de5fe73a/step-006/qwen-r2/native-s.request.json']",51,7bd90c7cd9cf2abd23290bb90ddf851b22be30e2afdf049ce77e649d5f9733d6,agentmemorybench:fact-mh-262k:context-0/factconsolidation_mh_262k_no51,1.0,2,6,6,2,6.749999973573722,0.9988304897040748,0.0,20615.0,5,0.2,0.2,0.2,0.0,True,,,,,,,"[""finish""]",3.187499912455678,0.5,"[""read""]",3.562500061118044,0.5,1.0,True,True,True
False,state_answers,2,state-r3-q051-t002,"['/data/zhaogangyi/picorer-eval/qwen36-v100-sufficiency-dynamics-replicate-3-20260912/probes-v2/0fe4de5fe73a/step-002/qwen-r1/native-s.request.json', '/data/zhaogangyi/picorer-eval/qwen36-v100-sufficiency-dynamics-replicate-3-20260912/probes-v2/0fe4de5fe73a/step-002/qwen-r2/native-s.request.json']",51,1c580a35c7294e3bb30aed6a845d48550ac1b0a4479cf2ec9eda28715c6de502,agentmemorybench:fact-mh-262k:context-0/factconsolidation_mh_262k_no51,0.0,3,2,5,2,1.4374999925494194,0.8080672123972185,-0.1249999552965164,9111.0,5,0.0,0.0,0.0,0.0,True,,,,,,,"[""read""]",-4.375000011175871,0.0,"[""search""]",5.81250000372529,0.0,0.25,False,False,True
False,state_answers,2,state-r3-q051-t003,"['/data/zhaogangyi/picorer-eval/qwen36-v100-sufficiency-dynamics-replicate-3-20260912/probes-v2/0fe4de5fe73a/step-003/qwen-r1/native-s.request.json', '/data/zhaogangyi/picorer-eval/qwen36-v100-sufficiency-dynamics-replicate-3-20260912/probes-v2/0fe4de5fe73a/step-003/qwen-r2/native-s.request.json']",51,58a3a54d21ee87d59d666bccb78d8370f6b782bf9c1461db5cbdaf0afa3a6a6b,agentmemorybench:fact-mh-262k:context-0/factconsolidation_mh_262k_no51,0.5,3,3,5,2,2.6874999664723873,0.9362850037479316,-0.1249999776482582,14439.0,5,0.0,0.0,0.0,0.0,True,,,,,,,"[""search""]",1.4374999925494194,0.0,"[""read""]",1.249999973922968,0.5,0.5,True,True,True
False,state_answers,2,state-r3-q051-t004,"['/data/zhaogangyi/picorer-eval/qwen36-v100-sufficiency-dynamics-replicate-3-20260912/probes-v2/0fe4de5fe73a/step-004/qwen-r1/native-s.request.json', '/data/zhaogangyi/picorer-eval/qwen36-v100-sufficiency-dynamics-replicate-3-20260912/probes-v2/0fe4de5fe73a/step-004/qwen-r2/native-s.request.json']",51,58bc319ad8b542d401d89876806a9d921dfc80ed3fd3af6b028fe28469e27c4d,agentmemorybench:fact-mh-262k:context-0/factconsolidation_mh_262k_no51,0.5,3,4,5,2,2.999999977648258,0.9525741258126562,0.0,9324.0,5,0.0,0.0,0.0,1.0,True,,,,,,,"[""read""]",2.6874999664723873,0.5,"[""search""]",0.3125000111758709,0.0,0.75,False,False,True
False,state_answers,2,state-r3-q051-t005,"['/data/zhaogangyi/picorer-eval/qwen36-v100-sufficiency-dynamics-replicate-3-20260912/probes-v2/0fe4de5fe73a/step-005/qwen-r1/native-s.request.json', '/data/zhaogangyi/picorer-eval/qwen36-v100-sufficiency-dynamics-replicate-3-20260912/probes-v2/0fe4de5fe73a/step-005/qwen-r2/native-s.request.json']",51,ea248c710f6e3384c2ff2b531cd804063db96184498ceaea0d4a4732f1f426b6,agentmemorybench:fact-mh-262k:context-0/factconsolidation_mh_262k_no51,1.0,3,5,5,2,6.68749995023245,0.998755156636036,0.1249998052371665,24662.0,5,1.0,1.0,1.0,0.0,True,,,,,,,"[""finish""]",2.999999977648258,0.5,"[""read""]",3.6874999725841917,0.5,1.0,True,True,True
False,state_answers,4,state-r1-q052-t002,"['/data/zhaogangyi/picorer-eval/qwen36-v100-sufficiency-dynamics-20260912/probes-v2/ae6d23cf9019/step-002/qwen-r1/native-s.request.json', '/data/zhaogangyi/picorer-eval/qwen36-v100-sufficiency-dynamics-20260912/probes-v2/ae6d23cf9019/step-002/qwen-r2/native-s.request.json']",52,b5453910e837dd8b3a470c905f97e5cecd0fc324a238f19828746d9a382ad743,agentmemorybench:fact-mh-262k:context-0/factconsolidation_mh_262k_no52,0.0,1,2,6,2,0.125,0.5312093733737563,0.0,9034.0,5,0.0,0.0,0.0,0.0,True,,,,,,,"[""search""]",-4.562500104308128,0.0,"[""search""]",4.687500104308128,0.0,0.2,False,False,True
False,state_answers,4,state-r1-q052-t003,"['/data/zhaogangyi/picorer-eval/qwen36-v100-sufficiency-dynamics-20260912/probes-v2/ae6d23cf9019/step-003/qwen-r1/native-s.request.json', '/data/zhaogangyi/picorer-eval/qwen36-v100-sufficiency-dynamics-20260912/probes-v2/ae6d23cf9019/step-003/qwen-r2/native-s.request.json']",52,9264c8018dda76f654e74c5edc52467a9c59dfe863a367d1da88a4268348b2cc,agentmemorybench:fact-mh-262k:context-0/factconsolidation_mh_262k_no52,0.0,1,3,6,2,0.3125,0.5774953651858118,0.125,9460.0,5,0.0,0.0,0.0,0.0,True,,,,,,,"[""search""]",0.125,0.0,"[""search""]",0.1875,0.0,0.4,False,False,True
False,state_answers,4,state-r1-q052-t004,"['/data/zhaogangyi/picorer-eval/qwen36-v100-sufficiency-dynamics-20260912/probes-v2/ae6d23cf9019/step-004/qwen-r1/native-s.request.json', '/data/zhaogangyi/picorer-eval/qwen36-v100-sufficiency-dynamics-20260912/probes-v2/ae6d23cf9019/step-004/qwen-r2/native-s.request.json']",52,4a8cc67d6c6338814f436c937f5cce40e7e66e211925ed030bff4b207d61f03a,agentmemorybench:fact-mh-262k:context-0/factconsolidation_mh_262k_no52,0.0,1,4,6,2,1.0625,0.7431680086124811,-0.1250000596046447,9694.0,5,0.0,0.0,0.0,0.0,True,,,,,,,"[""search""]",0.3125,0.0,"[""search""]",0.75,0.0,0.6,False,False,True
False,state_answers,4,state-r1-q052-t005,"['/data/zhaogangyi/picorer-eval/qwen36-v100-sufficiency-dynamics-20260912/probes-v2/ae6d23cf9019/step-005/qwen-r1/native-s.request.json', '/data/zhaogangyi/picorer-eval/qwen36-v100-sufficiency-dynamics-20260912/probes-v2/ae6d23cf9019/step-005/qwen-r2/native-s.request.json']",52,bd7f8190b88f2b1e2f17fe03314fa660bcc5a5c39909d93383906c30fdd1cca1,agentmemorybench:fact-mh-262k:context-0/factconsolidation_mh_262k_no52,0.0,1,5,6,2,0.5625,0.6370307944803831,0.1249999403953552,9865.0,5,0.0,0.0,0.0,0.0,True,,,,,,,"[""read""]",1.0625,0.0,"[""search""]",-0.5,0.0,0.8,False,False,False
False,state_answers,4,state-r1-q052-t006,"['/data/zhaogangyi/picorer-eval/qwen36-v100-sufficiency-dynamics-20260912/probes-v2/ae6d23cf9019/step-006/qwen-r1/native-s.request.json', '/data/zhaogangyi/picorer-eval/qwen36-v100-sufficiency-dynamics-20260912/probes-v2/ae6d23cf9019/step-006/qwen-r2/native-s.request.json']",52,30439b536417c45979b918c328ccc22842537cfa76fedcce4a6a0198828440e2,agentmemorybench:fact-mh-262k:context-0/factconsolidation_mh_262k_no52,1.0,1,6,6,2,7.187500053027179,0.9992445944072972,-0.1249996898695826,30382.0,5,1.0,0.8,0.9333333333333332,0.0,True,,,,,,,"[""finish""]",0.5625,0.0,"[""read""]",6.625000053027179,1.0,1.0,True,True,True
False,state_answers,4,state-r2-q052-t002,"['/data/zhaogangyi/picorer-eval/qwen36-v100-sufficiency-dynamics-replicate-2-20260912/probes-v2/ae6d23cf9019/step-002/qwen-r1/native-s.request.json', '/data/zhaogangyi/picorer-eval/qwen36-v100-sufficiency-dynamics-replicate-2-20260912/probes-v2/ae6d23cf9019/step-002/qwen-r2/native-s.request.json']",52,a956e4378844af624cace882cf9aca9d6061d572976c23b00141bda3cae9592a,agentmemorybench:fact-mh-262k:context-0/factconsolidation_mh_262k_no52,0.0,2,2,7,2,0.375,0.5926665999540697,0.0,9010.0,5,0.0,0.0,0.0,0.0,True,,,,,,,"[""search""]",-4.687500135973096,0.0,"[""search""]",5.062500135973096,0.0,0.16666666666666666,False,False,True
False,state_answers,4,state-r2-q052-t003,"['/data/zhaogangyi/picorer-eval/qwen36-v100-sufficiency-dynamics-replicate-2-20260912/probes-v2/ae6d23cf9019/step-003/qwen-r1/native-s.request.json', '/data/zhaogangyi/picorer-eval/qwen36-v100-sufficiency-dynamics-replicate-2-20260912/probes-v2/ae6d23cf9019/step-003/qwen-r2/native-s.request.json']",52,f6bb6b31e845eb385f51814855dcc79853f3dc1033d8ae7ef34f9789a2ee1ba2,agentmemorybench:fact-mh-262k:context-0/factconsolidation_mh_262k_no52,0.0,2,3,7,2,0.1875,0.5467381519846138,-0.125,9500.0,5,0.0,0.0,0.0,0.0,True,,,,,,,"[""search""]",0.375,0.0,"[""search""]",-0.1875,0.0,0.3333333333333333,False,False,False
False,state_answers,4,state-r2-q052-t004,"['/data/zhaogangyi/picorer-eval/qwen36-v100-sufficiency-dynamics-replicate-2-20260912/probes-v2/ae6d23cf9019/step-004/qwen-r1/native-s.request.json', '/data/zhaogangyi/picorer-eval/qwen36-v100-sufficiency-dynamics-replicate-2-20260912/probes-v2/ae6d23cf9019/step-004/qwen-r2/native-s.request.json']",52,781ca7f28025b53c135133e2ae61e87d0c55ec7b245cca42e67c4f70dc14fb14,agentmemorybench:fact-mh-262k:context-0/factconsolidation_mh_262k_no52,0.0,2,4,7,2,1.125,0.7549149868676283,-1.1920928955078125e-07,9737.0,5,0.0,0.0,0.0,1.0,True,,,,,,,"[""read""]",0.1875,0.0,"[""search""]",0.9375,0.0,0.5,False,False,True
False,state_answers,4,state-r2-q052-t005,"['/data/zhaogangyi/picorer-eval/qwen36-v100-sufficiency-dynamics-replicate-2-20260912/probes-v2/ae6d23cf9019/step-005/qwen-r1/native-s.request.json', '/data/zhaogangyi/picorer-eval/qwen36-v100-sufficiency-dynamics-replicate-2-20260912/probes-v2/ae6d23cf9019/step-005/qwen-r2/native-s.request.json']",52,456e82feb4330abaffdd973270bd542b4146ba4ffcab8e99825bbb44c3d75303,agentmemorybench:fact-mh-262k:context-0/factconsolidation_mh_262k_no52,0.75,2,5,7,2,3.5000000102445483,0.970687769540132,5.7741999626159675e-08,19647.0,5,0.0,0.0,0.0,0.0,True,,,,,,,"[""search""]",1.125,0.0,"[""read""]",2.3750000102445483,0.75,0.6666666666666666,True,True,True
False,state_answers,4,state-r2-q052-t006,"['/data/zhaogangyi/picorer-eval/qwen36-v100-sufficiency-dynamics-replicate-2-20260912/probes-v2/ae6d23cf9019/step-006/qwen-r1/native-s.request.json', '/data/zhaogangyi/picorer-eval/qwen36-v100-sufficiency-dynamics-replicate-2-20260912/probes-v2/ae6d23cf9019/step-006/qwen-r2/native-s.request.json']",52,e5103bd7f7081b7043c0b659a147dd3caa995ebe664a89d1e0826361972dbeb1,agentmemorybench:fact-mh-262k:context-0/factconsolidation_mh_262k_no52,0.75,2,6,7,2,2.8749999571591616,0.9465966680345108,-0.2499998621642589,10204.0,5,0.0,0.0,0.0,1.0,True,,,,,,,"[""read""]",3.5000000102445483,0.75,"[""search""]",-0.6250000530853868,0.0,0.8333333333333334,False,False,False
False,state_answers,4,state-r2-q052-t007,"['/data/zhaogangyi/picorer-eval/qwen36-v100-sufficiency-dynamics-replicate-2-20260912/probes-v2/ae6d23cf9019/step-007/qwen-r1/native-s.request.json', '/data/zhaogangyi/picorer-eval/qwen36-v100-sufficiency-dynamics-replicate-2-20260912/probes-v2/ae6d23cf9019/step-007/qwen-r2/native-s.request.json']",52,df09773100d03bf886ee83abe823e8f4d733065696b8279ec8492e138c6cb0b0,agentmemorybench:fact-mh-262k:context-0/factconsolidation_mh_262k_no52,1.0,2,7,7,2,5.187499928288162,0.994445074900168,-0.1250000381842255,20825.0,5,1.0,1.0,1.0,0.0,True,,,,,,,"[""finish""]",2.8749999571591616,0.75,"[""read""]",2.312499971129,0.25,1.0,True,True,True
False,state_answers,4,state-r3-q052-t002,"['/data/zhaogangyi/picorer-eval/qwen36-v100-sufficiency-dynamics-replicate-3-20260912/probes-v2/ae6d23cf9019/step-002/qwen-r1/native-s.request.json', '/data/zhaogangyi/picorer-eval/qwen36-v100-sufficiency-dynamics-replicate-3-20260912/probes-v2/ae6d23cf9019/step-002/qwen-r2/native-s.request.json']",52,4ee28070c320c7b15d8af5a544769cb0c79db97f50948a9991bbc87d094c3bdd,agentmemorybench:fact-mh-262k:context-0/factconsolidation_mh_262k_no52,0.0,3,2,5,2,4.187500076368451,0.9850429145320148,-0.1250002533197403,9022.0,5,0.0,0.0,0.0,0.0,True,,,,,,,"[""search"",""read""]",-4.625000087544322,0.0,"[""search""]",8.812500163912773,0.0,0.25,False,False,True
False,state_answers,4,state-r3-q052-t003,"['/data/zhaogangyi/picorer-eval/qwen36-v100-sufficiency-dynamics-replicate-3-20260912/probes-v2/ae6d23cf9019/step-003/qwen-r1/native-s.request.json', '/data/zhaogangyi/picorer-eval/qwen36-v100-sufficiency-dynamics-replicate-3-20260912/probes-v2/ae6d23cf9019/step-003/qwen-r2/native-s.request.json']",52,f6a36d429c940514d1c83613deccb7708b393c2f7d08c4dbe4f553f802bddb02,agentmemorybench:fact-mh-262k:context-0/factconsolidation_mh_262k_no52,0.0,3,3,5,2,1.7499999701976776,0.8519527982093668,5.960464477539064e-08,24691.0,5,0.0,0.0,0.0,0.0,True,,,,,,,"[""search"",""read""]",4.187500076368451,0.0,"[""search"",""read""]",-2.4375001061707735,0.0,0.5,True,False,False
False,state_answers,4,state-r3-q052-t004,"['/data/zhaogangyi/picorer-eval/qwen36-v100-sufficiency-dynamics-replicate-3-20260912/probes-v2/ae6d23cf9019/step-004/qwen-r1/native-s.request.json', '/data/zhaogangyi/picorer-eval/qwen36-v100-sufficiency-dynamics-replicate-3-20260912/probes-v2/ae6d23cf9019/step-004/qwen-r2/native-s.request.json']",52,5de0f9f59684eff6300cc1ee366c2b1b0143f47bd869a292a5f0ce01607c5e4d,agentmemorybench:fact-mh-262k:context-0/factconsolidation_mh_262k_no52,0.0,3,4,5,2,3.5625000232830644,0.9724147183977628,-0.1249999273568391,25645.0,5,0.2,0.2,0.2,1.0,True,,,,,,,"[""read""]",1.7499999701976776,0.0,"[""search"",""read""]",1.8125000530853868,0.0,0.75,True,False,True
False,state_answers,4,state-r3-q052-t005,"['/data/zhaogangyi/picorer-eval/qwen36-v100-sufficiency-dynamics-replicate-3-20260912/probes-v2/ae6d23cf9019/step-005/qwen-r1/native-s.request.json', '/data/zhaogangyi/picorer-eval/qwen36-v100-sufficiency-dynamics-replicate-3-20260912/probes-v2/ae6d23cf9019/step-005/qwen-r2/native-s.request.json']",52,d691f04e741068654247ad2993360a8a7d54ab5e1c1e08792bdda6de99f111f4,agentmemorybench:fact-mh-262k:context-0/factconsolidation_mh_262k_no52,0.0,3,5,5,2,8.124999925945303,0.9997040428645764,2.383312676101923e-07,20453.0,5,1.0,1.0,1.0,1.0,True,,,,,,,"[""finish""]",3.5625000232830644,0.0,"[""read""]",4.562499902662239,0.0,1.0,True,False,True
False,state_answers,3,state-r1-q054-t002,"['/data/zhaogangyi/picorer-eval/qwen36-v100-sufficiency-dynamics-20260912/probes-v2/b357ac148a8b/step-002/qwen-r1/native-s.request.json', '/data/zhaogangyi/picorer-eval/qwen36-v100-sufficiency-dynamics-20260912/probes-v2/b357ac148a8b/step-002/qwen-r2/native-s.request.json']",54,d6375dfc28484e379148b1255244b02fd0152b6520ba076ca04571aab3e29e9f,agentmemorybench:fact-mh-262k:context-0/factconsolidation_mh_262k_no54,0.0,1,2,6,2,1.5625000447034836,0.8267118004748677,0.1250000298023224,8897.0,5,0.0,0.0,0.0,1.0,True,,,,,,,"[""search""]",-4.999999824911356,0.0,"[""search""]",6.5624998696148396,0.0,0.2,False,False,True
False,state_answers,3,state-r1-q054-t003,"['/data/zhaogangyi/picorer-eval/qwen36-v100-sufficiency-dynamics-20260912/probes-v2/b357ac148a8b/step-003/qwen-r1/native-s.request.json', '/data/zhaogangyi/picorer-eval/qwen36-v100-sufficiency-dynamics-20260912/probes-v2/b357ac148a8b/step-003/qwen-r2/native-s.request.json']",54,ee153f85203c9ece8101b62aefdcf32caaebdf81912e38deabf007d90644261b,agentmemorybench:fact-mh-262k:context-0/factconsolidation_mh_262k_no54,0.0,1,3,6,2,1.3124999701976776,0.787931190663057,-0.1249999403953552,9332.0,5,0.0,0.0,0.0,0.0,True,,,,,,,"[""read""]",1.5625000447034836,0.0,"[""search""]",-0.25000007450580597,0.0,0.4,False,False,False
False,state_answers,3,state-r1-q054-t004,"['/data/zhaogangyi/picorer-eval/qwen36-v100-sufficiency-dynamics-20260912/probes-v2/b357ac148a8b/step-004/qwen-r1/native-s.request.json', '/data/zhaogangyi/picorer-eval/qwen36-v100-sufficiency-dynamics-20260912/probes-v2/b357ac148a8b/step-004/qwen-r2/native-s.request.json']",54,9462059f16370902d2fba7016b317910b55c5051b3e04aa562c430ab21300bff,agentmemorybench:fact-mh-262k:context-0/factconsolidation_mh_262k_no54,0.3333333333333333,1,4,6,2,2.000000074505806,0.8807970858005139,0.0,26969.0,5,0.0,0.0,0.0,2.0,True,,,,,,,"[""search""]",1.3124999701976776,0.0,"[""read""]",0.6875001043081284,0.3333333333333333,0.6,True,True,True
False,state_answers,3,state-r1-q054-t005,"['/data/zhaogangyi/picorer-eval/qwen36-v100-sufficiency-dynamics-20260912/probes-v2/b357ac148a8b/step-005/qwen-r1/native-s.request.json', '/data/zhaogangyi/picorer-eval/qwen36-v100-sufficiency-dynamics-20260912/probes-v2/b357ac148a8b/step-005/qwen-r2/native-s.request.json']",54,cbcac373368530eff186f453a0a5bca9314b6188a398c48f9c7638bb6107f146,agentmemorybench:fact-mh-262k:context-0/factconsolidation_mh_262k_no54,0.3333333333333333,1,5,6,2,3.187499975785613,0.9603611599772464,-0.1249999515712261,9826.0,5,0.0,0.0,0.0,3.0,True,,,,,,,"[""read""]",2.000000074505806,0.3333333333333333,"[""search""]",1.187499901279807,0.0,0.8,False,False,True
False,state_answers,3,state-r1-q054-t006,"['/data/zhaogangyi/picorer-eval/qwen36-v100-sufficiency-dynamics-20260912/probes-v2/b357ac148a8b/step-006/qwen-r1/native-s.request.json', '/data/zhaogangyi/picorer-eval/qwen36-v100-sufficiency-dynamics-20260912/probes-v2/b357ac148a8b/step-006/qwen-r2/native-s.request.json']",54,55d70d0e38cb2a985b86a03c3b113b8c644ea8b7981c8d3f1a39f60aff726149,agentmemorybench:fact-mh-262k:context-0/factconsolidation_mh_262k_no54,0.6666666666666666,1,6,6,2,5.812500090221874,0.9970189675382978,0.1250000742729753,20348.0,5,0.4,0.4,0.4,2.0,True,,,,,,,"[""finish""]",3.187499975785613,0.3333333333333333,"[""read""]",2.6250001144362614,0.3333333333333333,1.0,True,True,True
False,state_answers,3,state-r2-q054-t002,"['/data/zhaogangyi/picorer-eval/qwen36-v100-sufficiency-dynamics-replicate-2-20260912/probes-v2/b357ac148a8b/step-002/qwen-r1/native-s.request.json', '/data/zhaogangyi/picorer-eval/qwen36-v100-sufficiency-dynamics-replicate-2-20260912/probes-v2/b357ac148a8b/step-002/qwen-r2/native-s.request.json']",54,bed0e538a2948641a73f12bc9d49dda972395c88af09c2c26787e38d32986dc0,agentmemorybench:fact-mh-262k:context-0/factconsolidation_mh_262k_no54,0.0,2,2,6,2,1.1874999850988388,0.7662936404173452,-0.1249999701976776,9047.0,5,0.0,0.0,0.0,0.0,True,,,,,,,"[""search""]",-5.062499881954864,0.0,"[""search""]",6.2499998670537025,0.0,0.2,False,False,True
False,state_answers,3,state-r2-q054-t003,"['/data/zhaogangyi/picorer-eval/qwen36-v100-sufficiency-dynamics-replicate-2-20260912/probes-v2/b357ac148a8b/step-003/qwen-r1/native-s.request.json', '/data/zhaogangyi/picorer-eval/qwen36-v100-sufficiency-dynamics-replicate-2-20260912/probes-v2/b357ac148a8b/step-003/qwen-r2/native-s.request.json']",54,405974f3964e30ea5f79cbfa9ddc80b75ab8f4061262ee6c3bc85f420fe260d2,agentmemorybench:fact-mh-262k:context-0/factconsolidation_mh_262k_no54,0.0,2,3,6,2,1.7499999776482582,0.8519527991491027,1.4901161193847656e-08,9384.0,5,0.0,0.0,0.0,0.0,True,,,,,,,"[""read""]",1.1874999850988388,0.0,"[""search""]",0.5624999925494194,0.0,0.4,False,False,True
False,state_answers,3,state-r2-q054-t004,"['/data/zhaogangyi/picorer-eval/qwen36-v100-sufficiency-dynamics-replicate-2-20260912/probes-v2/b357ac148a8b/step-004/qwen-r1/native-s.request.json', '/data/zhaogangyi/picorer-eval/qwen36-v100-sufficiency-dynamics-replicate-2-20260912/probes-v2/b357ac148a8b/step-004/qwen-r2/native-s.request.json']",54,9256b5ef02130dba5de5ae40dd7febb45269340546f99b68d64c8719b63d4faa,agentmemorybench:fact-mh-262k:context-0/factconsolidation_mh_262k_no54,0.6666666666666666,2,4,6,2,-0.7500000149011612,0.3208212975777186,0.2500000894069671,24636.0,5,0.0,0.0,0.0,0.0,True,,,,,,,"[""search""]",1.7499999776482582,0.0,"[""read""]",-2.4999999925494194,0.6666666666666666,0.6,True,True,False
False,state_answers,3,state-r2-q054-t005,"['/data/zhaogangyi/picorer-eval/qwen36-v100-sufficiency-dynamics-replicate-2-20260912/probes-v2/b357ac148a8b/step-005/qwen-r1/native-s.request.json', '/data/zhaogangyi/picorer-eval/qwen36-v100-sufficiency-dynamics-replicate-2-20260912/probes-v2/b357ac148a8b/step-005/qwen-r2/native-s.request.json']",54,e9d052bedb70e985386ff5a2d89e93134dfdde72df85ef089b730c7c50955a4e,agentmemorybench:fact-mh-262k:context-0/factconsolidation_mh_262k_no54,0.6666666666666666,2,5,6,2,2.875000063329935,0.9465966734015936,5.21540641784668e-08,10228.0,5,0.0,0.0,0.0,0.0,True,,,,,,,"[""read""]",-0.7500000149011612,0.6666666666666666,"[""search""]",3.6250000782310963,0.0,0.8,False,False,True
False,state_answers,3,state-r2-q054-t006,"['/data/zhaogangyi/picorer-eval/qwen36-v100-sufficiency-dynamics-replicate-2-20260912/probes-v2/b357ac148a8b/step-006/qwen-r1/native-s.request.json', '/data/zhaogangyi/picorer-eval/qwen36-v100-sufficiency-dynamics-replicate-2-20260912/probes-v2/b357ac148a8b/step-006/qwen-r2/native-s.request.json']",54,51ff5a0b1ea27ca2c7a82f6b3ffe5004db56d54cc356452ff628927b51480420,agentmemorybench:fact-mh-262k:context-0/factconsolidation_mh_262k_no54,1.0,2,6,6,2,6.312499935447704,0.9981897888571556,0.1249999442370608,20749.0,5,1.0,1.0,1.0,0.0,True,,,,,,,"[""finish""]",2.875000063329935,0.6666666666666666,"[""read""]",3.437499872117769,0.33333333333333337,1.0,True,True,True
False,state_answers,3,state-r3-q054-t002,"['/data/zhaogangyi/picorer-eval/qwen36-v100-sufficiency-dynamics-replicate-3-20260912/probes-v2/b357ac148a8b/step-002/qwen-r1/native-s.request.json', '/data/zhaogangyi/picorer-eval/qwen36-v100-sufficiency-dynamics-replicate-3-20260912/probes-v2/b357ac148a8b/step-002/qwen-r2/native-s.request.json']",54,009314daf8bac7861c16af5fd4f4551c6e90204aebd1526fad5f6998a37debf0,agentmemorybench:fact-mh-262k:context-0/factconsolidation_mh_262k_no54,0.0,3,2,6,2,1.6250000596046448,0.8354835452961425,0.0,8866.0,5,0.0,0.0,0.0,0.0,True,,,,,,,"[""search""]",-4.9999998062849045,0.0,"[""search""]",6.624999865889549,0.0,0.2,False,False,True
False,state_answers,3,state-r3-q054-t003,"['/data/zhaogangyi/picorer-eval/qwen36-v100-sufficiency-dynamics-replicate-3-20260912/probes-v2/b357ac148a8b/step-003/qwen-r1/native-s.request.json', '/data/zhaogangyi/picorer-eval/qwen36-v100-sufficiency-dynamics-replicate-3-20260912/probes-v2/b357ac148a8b/step-003/qwen-r2/native-s.request.json']",54,68d4f0374b55a2d994e531c4a8b1ee21387727968a7ca5801a8a84b0aff2fa7e,agentmemorybench:fact-mh-262k:context-0/factconsolidation_mh_262k_no54,0.0,3,3,6,2,1.2500000298023224,0.7772998663336157,-5.960464477539064e-08,9242.0,5,0.0,0.0,0.0,0.0,True,,,,,,,"[""read""]",1.6250000596046448,0.0,"[""search""]",-0.3750000298023224,0.0,0.4,False,False,False
False,state_answers,3,state-r3-q054-t004,"['/data/zhaogangyi/picorer-eval/qwen36-v100-sufficiency-dynamics-replicate-3-20260912/probes-v2/b357ac148a8b/step-004/qwen-r1/native-s.request.json', '/data/zhaogangyi/picorer-eval/qwen36-v100-sufficiency-dynamics-replicate-3-20260912/probes-v2/b357ac148a8b/step-004/qwen-r2/native-s.request.json']",54,6232a86ee30064bcfdbea6ab89945af09265d3879b9bcc84b4fe6a97c95d9401,agentmemorybench:fact-mh-262k:context-0/factconsolidation_mh_262k_no54,0.3333333333333333,3,4,6,2,-0.6250000298023224,0.3486451285660856,0.0,19318.0,5,0.0,0.0,0.0,1.0,True,,,,,,,"[""search""]",1.2500000298023224,0.0,"[""read""]",-1.8750000596046448,0.3333333333333333,0.6,True,True,False
False,state_answers,3,state-r3-q054-t005,"['/data/zhaogangyi/picorer-eval/qwen36-v100-sufficiency-dynamics-replicate-3-20260912/probes-v2/b357ac148a8b/step-005/qwen-r1/native-s.request.json', '/data/zhaogangyi/picorer-eval/qwen36-v100-sufficiency-dynamics-replicate-3-20260912/probes-v2/b357ac148a8b/step-005/qwen-r2/native-s.request.json']",54,747b8ac617ea2cf98389d14b8952fc160f0d64d78b882f48cca4dfb36595f875,agentmemorybench:fact-mh-262k:context-0/factconsolidation_mh_262k_no54,0.3333333333333333,3,5,6,2,3.5625000540167093,0.9724147192221724,0.1249998807907104,10145.0,5,0.0,0.0,0.0,2.0,True,,,,,,,"[""read""]",-0.6250000298023224,0.3333333333333333,"[""search""]",4.187500083819032,0.0,0.8,False,False,True
False,state_answers,3,state-r3-q054-t006,"['/data/zhaogangyi/picorer-eval/qwen36-v100-sufficiency-dynamics-replicate-3-20260912/probes-v2/b357ac148a8b/step-006/qwen-r1/native-s.request.json', '/data/zhaogangyi/picorer-eval/qwen36-v100-sufficiency-dynamics-replicate-3-20260912/probes-v2/b357ac148a8b/step-006/qwen-r2/native-s.request.json']",54,d05e0ab75dfc6d26da9b5ebca38eeb2c0821f648622530badf5d793bbb4c2ed4,agentmemorybench:fact-mh-262k:context-0/factconsolidation_mh_262k_no54,1.0,3,6,6,2,7.749999855688657,0.9995694428565678,-2.037268131971359e-10,20704.0,5,1.0,1.0,1.0,0.0,True,,,,,,,"[""finish""]",3.5625000540167093,0.3333333333333333,"[""read""]",4.187499801671947,0.6666666666666667,1.0,True,True,True
False,state_answers,4,state-r1-q055-t002,"['/data/zhaogangyi/picorer-eval/qwen36-v100-sufficiency-dynamics-20260912/probes-v2/37d3d03c40d9/step-002/qwen-r1/native-s.request.json', '/data/zhaogangyi/picorer-eval/qwen36-v100-sufficiency-dynamics-20260912/probes-v2/37d3d03c40d9/step-002/qwen-r2/native-s.request.json']",55,a3c7b26fd5fada4d271864764d858633631eae6273b9b761fe9badcaba029dd9,agentmemorybench:fact-mh-262k:context-0/factconsolidation_mh_262k_no55,0.0,1,2,9,2,-0.0625,0.4843800842769844,-0.375,9096.0,5,0.0,0.0,0.0,0.0,True,,,,,,,"[""read""]",-3.749999969266355,0.0,"[""search""]",3.687499969266355,0.0,0.125,False,False,True
False,state_answers,4,state-r1-q055-t003,"['/data/zhaogangyi/picorer-eval/qwen36-v100-sufficiency-dynamics-20260912/probes-v2/37d3d03c40d9/step-003/qwen-r1/native-s.request.json', '/data/zhaogangyi/picorer-eval/qwen36-v100-sufficiency-dynamics-20260912/probes-v2/37d3d03c40d9/step-003/qwen-r2/native-s.request.json']",55,026db656ffcd13bb447da9ac9a9dc6d2430606b33441d637ea0f266e34ce6c97,agentmemorybench:fact-mh-262k:context-0/factconsolidation_mh_262k_no55,0.25,1,3,9,2,2.1874999925494194,0.89912137659416,-0.1249999701976776,16630.0,5,0.0,0.0,0.0,2.0,True,,,,,,,"[""search""]",-0.0625,0.0,"[""read""]",2.2499999925494194,0.25,0.25,True,True,True
False,state_answers,4,state-r1-q055-t004,"['/data/zhaogangyi/picorer-eval/qwen36-v100-sufficiency-dynamics-20260912/probes-v2/37d3d03c40d9/step-004/qwen-r1/native-s.request.json', '/data/zhaogangyi/picorer-eval/qwen36-v100-sufficiency-dynamics-20260912/probes-v2/37d3d03c40d9/step-004/qwen-r2/native-s.request.json']",55,0fd3bc84d3cc1321db939e13757f59db9e2c401fbbc9427610019b7100acfcb7,agentmemorybench:fact-mh-262k:context-0/factconsolidation_mh_262k_no55,0.25,1,4,9,2,0.625,0.6513548646660542,-5.960464477539064e-08,9277.0,5,0.0,0.0,0.0,2.0,True,,,,,,,"[""read""]",2.1874999925494194,0.25,"[""search""]",-1.5624999925494194,0.0,0.375,False,False,False
False,state_answers,4,state-r1-q055-t005,"['/data/zhaogangyi/picorer-eval/qwen36-v100-sufficiency-dynamics-20260912/probes-v2/37d3d03c40d9/step-005/qwen-r1/native-s.request.json', '/data/zhaogangyi/picorer-eval/qwen36-v100-sufficiency-dynamics-20260912/probes-v2/37d3d03c40d9/step-005/qwen-r2/native-s.request.json']",55,9ef4e02933c86da100d2ab07c83d9d56d56d7978dd0a2d0010ac2522d1b14e67,agentmemorybench:fact-mh-262k:context-0/factconsolidation_mh_262k_no55,0.75,1,5,9,2,2.687500013038516,0.9362850065258526,-0.1250000409781932,19616.0,5,0.0,0.0,0.0,2.0,True,,,,,,,"[""search""]",0.625,0.25,"[""read""]",2.062500013038516,0.5,0.5,True,True,True
False,state_answers,4,state-r1-q055-t006,"['/data/zhaogangyi/picorer-eval/qwen36-v100-sufficiency-dynamics-20260912/probes-v2/37d3d03c40d9/step-006/qwen-r1/native-s.request.json', '/data/zhaogangyi/picorer-eval/qwen36-v100-sufficiency-dynamics-20260912/probes-v2/37d3d03c40d9/step-006/qwen-r2/native-s.request.json']",55,f468798a46d15d77677c8d4c077be506ded8489cf20903be51f2382e728bee61,agentmemorybench:fact-mh-262k:context-0/factconsolidation_mh_262k_no55,0.75,1,6,9,2,1.9374999701976776,0.8740772318846387,0.1250000298023224,9849.0,5,0.0,0.0,0.0,1.0,True,,,,,,,"[""read""]",2.687500013038516,0.75,"[""search""]",-0.7500000428408384,0.0,0.625,False,False,False
False,state_answers,4,state-r1-q055-t007,"['/data/zhaogangyi/picorer-eval/qwen36-v100-sufficiency-dynamics-20260912/probes-v2/37d3d03c40d9/step-007/qwen-r1/native-s.request.json', '/data/zhaogangyi/picorer-eval/qwen36-v100-sufficiency-dynamics-20260912/probes-v2/37d3d03c40d9/step-007/qwen-r2/native-s.request.json']",55,fc698b418e16d96617634733fb5acdca0a05aebc093db3761e7544281c698dcd,agentmemorybench:fact-mh-262k:context-0/factconsolidation_mh_262k_no55,1.0,1,7,9,2,2.2500000782310963,0.904650541848944,-6.705522537231445e-08,22598.0,5,1.0,1.0,1.0,0.0,True,,,,,,,"[""search""]",1.9374999701976776,0.75,"[""read""]",0.31250010803341866,0.25,0.75,True,True,True
False,state_answers,4,state-r1-q055-t008,"['/data/zhaogangyi/picorer-eval/qwen36-v100-sufficiency-dynamics-20260912/probes-v2/37d3d03c40d9/step-008/qwen-r1/native-s.request.json', '/data/zhaogangyi/picorer-eval/qwen36-v100-sufficiency-dynamics-20260912/probes-v2/37d3d03c40d9/step-008/qwen-r2/native-s.request.json']",55,4f38ce19e3b84273085dc4702d9b9cf56f6175fcf5c7527742af880f85cff9e1,agentmemorybench:fact-mh-262k:context-0/factconsolidation_mh_262k_no55,1.0,1,8,9,2,1.8749999776482584,0.8670357572253558,-4.4703483581542975e-08,10857.0,5,1.0,1.0,1.0,0.0,True,,,,,,,"[""read""]",2.2500000782310963,1.0,"[""search""]",-0.37500010058283784,0.0,0.875,False,False,False
False,state_answers,4,state-r1-q055-t009,"['/data/zhaogangyi/picorer-eval/qwen36-v100-sufficiency-dynamics-20260912/probes-v2/37d3d03c40d9/step-009/qwen-r1/native-s.request.json', '/data/zhaogangyi/picorer-eval/qwen36-v100-sufficiency-dynamics-20260912/probes-v2/37d3d03c40d9/step-009/qwen-r2/native-s.request.json']",55,e6951179ffac59394ff92909f6304ef2ba45669d2c7dc54ed9dabedd8baaa614,agentmemorybench:fact-mh-262k:context-0/factconsolidation_mh_262k_no55,1.0,1,9,9,2,4.124999959487468,0.9840936076540274,-0.2500003511086106,21537.0,5,1.0,1.0,1.0,0.0,True,,,,,,,"[""finish""]",1.8749999776482584,1.0,"[""read""]",2.24999998183921,0.0,1.0,True,False,True
False,state_answers,4,state-r2-q055-t002,"['/data/zhaogangyi/picorer-eval/qwen36-v100-sufficiency-dynamics-replicate-2-20260912/probes-v2/37d3d03c40d9/step-002/qwen-r1/native-s.request.json', '/data/zhaogangyi/picorer-eval/qwen36-v100-sufficiency-dynamics-replicate-2-20260912/probes-v2/37d3d03c40d9/step-002/qwen-r2/native-s.request.json']",55,e5724fd395f3e66aee8f1fcb7aefce9efb7cc54d44b3cc298f82a8e55f3bdd62,agentmemorybench:fact-mh-262k:context-0/factconsolidation_mh_262k_no55,0.0,2,2,8,2,0.125,0.5312093733737563,-0.25,9016.0,5,0.0,0.0,0.0,0.0,True,,,,,,,"[""read""]",-3.749999969266355,0.0,"[""search""]",3.874999969266355,0.0,0.14285714285714285,False,False,True
False,state_answers,4,state-r2-q055-t003,"['/data/zhaogangyi/picorer-eval/qwen36-v100-sufficiency-dynamics-replicate-2-20260912/probes-v2/37d3d03c40d9/step-003/qwen-r1/native-s.request.json', '/data/zhaogangyi/picorer-eval/qwen36-v100-sufficiency-dynamics-replicate-2-20260912/probes-v2/37d3d03c40d9/step-003/qwen-r2/native-s.request.json']",55,119eb4647512c2176668c671147fdbe1e6a5ccf11f83b58fb65e4e8daa67d4bf,agentmemorybench:fact-mh-262k:context-0/factconsolidation_mh_262k_no55,0.25,2,3,8,2,2.1249998956918716,0.8933093961129795,-1.4901161193847656e-08,21646.0,5,0.0,0.0,0.0,3.0,True,,,,,,,"[""search""]",0.125,0.0,"[""read""]",1.9999998956918716,0.25,0.2857142857142857,True,True,True
False,state_answers,4,state-r2-q055-t004,"['/data/zhaogangyi/picorer-eval/qwen36-v100-sufficiency-dynamics-replicate-2-20260912/probes-v2/37d3d03c40d9/step-004/qwen-r1/native-s.request.json', '/data/zhaogangyi/picorer-eval/qwen36-v100-sufficiency-dynamics-replicate-2-20260912/probes-v2/37d3d03c40d9/step-004/qwen-r2/native-s.request.json']",55,398b196a6c55ce70f2b6b0751c8e7b0a0ed6bdf46caef9fa72fe6168fdbdec5b,agentmemorybench:fact-mh-262k:context-0/factconsolidation_mh_262k_no55,0.25,2,4,8,2,0.4999999850988388,0.6224593277000263,2.9802322387695312e-08,9537.0,5,0.0,0.0,0.0,0.0,True,,,,,,,"[""read""]",2.1249998956918716,0.25,"[""search""]",-1.6249999105930328,0.0,0.42857142857142855,False,False,False
False,state_answers,4,state-r2-q055-t005,"['/data/zhaogangyi/picorer-eval/qwen36-v100-sufficiency-dynamics-replicate-2-20260912/probes-v2/37d3d03c40d9/step-005/qwen-r1/native-s.request.json', '/data/zhaogangyi/picorer-eval/qwen36-v100-sufficiency-dynamics-replicate-2-20260912/probes-v2/37d3d03c40d9/step-005/qwen-r2/native-s.request.json']",55,719c71d415de5cdbdca41e9f0e4b6290e659f417b383c1bf3badc37e967525ab,agentmemorybench:fact-mh-262k:context-0/factconsolidation_mh_262k_no55,0.75,2,5,8,2,2.749999912455678,0.9399133448818175,-1.1175870895385742e-08,19810.0,5,0.0,0.0,0.0,1.0,True,,,,,,,"[""search""]",0.4999999850988388,0.25,"[""read""]",2.249999927356839,0.5,0.5714285714285714,True,True,True
False,state_answers,4,state-r2-q055-t006,"['/data/zhaogangyi/picorer-eval/qwen36-v100-sufficiency-dynamics-replicate-2-20260912/probes-v2/37d3d03c40d9/step-006/qwen-r1/native-s.request.json', '/data/zhaogangyi/picorer-eval/qwen36-v100-sufficiency-dynamics-replicate-2-20260912/probes-v2/37d3d03c40d9/step-006/qwen-r2/native-s.request.json']",55,8253e18487737d41e01b06016e3ec706ac626481bf758ab6b7bdf250e959152d,agentmemorybench:fact-mh-262k:context-0/factconsolidation_mh_262k_no55,0.75,2,6,8,2,2.2499999403953552,0.9046505299595164,0.0,9806.0,5,0.0,0.0,0.0,1.0,True,,,,,,,"[""read""]",2.749999912455678,0.75,"[""search""]",-0.49999997206032276,0.0,0.7142857142857143,False,False,False
False,state_answers,4,state-r2-q055-t007,"['/data/zhaogangyi/picorer-eval/qwen36-v100-sufficiency-dynamics-replicate-2-20260912/probes-v2/37d3d03c40d9/step-007/qwen-r1/native-s.request.json', '/data/zhaogangyi/picorer-eval/qwen36-v100-sufficiency-dynamics-replicate-2-20260912/probes-v2/37d3d03c40d9/step-007/qwen-r2/native-s.request.json']",55,98420905f69639be718600e9aada75dca1557d0f5880d79f44fcf8c2e87ef2f3,agentmemorybench:fact-mh-262k:context-0/factconsolidation_mh_262k_no55,1.0,2,7,8,2,3.437500008381903,0.9688561697181364,0.1250000242143869,19921.0,5,1.0,1.0,1.0,0.0,True,,,,,,,"[""search""]",2.2499999403953552,0.75,"[""read""]",1.187500067986548,0.25,0.8571428571428571,True,True,True
False,state_answers,4,state-r2-q055-t008,"['/data/zhaogangyi/picorer-eval/qwen36-v100-sufficiency-dynamics-replicate-2-20260912/probes-v2/37d3d03c40d9/step-008/qwen-r1/native-s.request.json', '/data/zhaogangyi/picorer-eval/qwen36-v100-sufficiency-dynamics-replicate-2-20260912/probes-v2/37d3d03c40d9/step-008/qwen-r2/native-s.request.json']",55,385e9f7c40fbaacbf2d81c9893d2145704b7968819772d7cb07a7b22c7fd6ba3,agentmemorybench:fact-mh-262k:context-0/factconsolidation_mh_262k_no55,1.0,2,8,8,2,3.500000001862645,0.9706877693016416,5.587935447692872e-08,10608.0,5,0.8,0.8,0.8,0.0,True,,,,,,,"[""finish""]",3.437500008381903,1.0,"[""search""]",0.06249999348074198,0.0,1.0,False,False,True
False,state_answers,4,state-r3-q055-t002,"['/data/zhaogangyi/picorer-eval/qwen36-v100-sufficiency-dynamics-replicate-3-20260912/probes-v2/37d3d03c40d9/step-002/qwen-r1/native-s.request.json', '/data/zhaogangyi/picorer-eval/qwen36-v100-sufficiency-dynamics-replicate-3-20260912/probes-v2/37d3d03c40d9/step-002/qwen-r2/native-s.request.json']",55,8236277d01220870ddef58fc0163329abd37186a9ff751cbfcea24da98631990,agentmemorybench:fact-mh-262k:context-0/factconsolidation_mh_262k_no55,0.0,3,2,6,2,0.125,0.5312093733737563,0.0,8984.0,5,0.0,0.0,0.0,0.0,True,,,,,,,"[""read"",""search""]",-3.749999947845936,0.0,"[""search""]",3.874999947845936,0.0,0.2,False,False,True
False,state_answers,4,state-r3-q055-t003,"['/data/zhaogangyi/picorer-eval/qwen36-v100-sufficiency-dynamics-replicate-3-20260912/probes-v2/37d3d03c40d9/step-003/qwen-r1/native-s.request.json', '/data/zhaogangyi/picorer-eval/qwen36-v100-sufficiency-dynamics-replicate-3-20260912/probes-v2/37d3d03c40d9/step-003/qwen-r2/native-s.request.json']",55,d5ded11903a6b89cae04b780adb52be7e654147dbb07f11456bf321d08a3e366,agentmemorybench:fact-mh-262k:context-0/factconsolidation_mh_262k_no55,0.25,3,3,6,2,0.25,0.5621765008857981,0.0,21511.0,5,0.0,0.0,0.0,1.0,True,,,,,,,"[""read""]",0.125,0.0,"[""read"",""search""]",0.125,0.25,0.4,True,True,True
False,state_answers,4,state-r3-q055-t004,"['/data/zhaogangyi/picorer-eval/qwen36-v100-sufficiency-dynamics-replicate-3-20260912/probes-v2/37d3d03c40d9/step-004/qwen-r1/native-s.request.json', '/data/zhaogangyi/picorer-eval/qwen36-v100-sufficiency-dynamics-replicate-3-20260912/probes-v2/37d3d03c40d9/step-004/qwen-r2/native-s.request.json']",55,a78262aaaccf48175dc7d409c2d243ae456ec37b49d11bc17e827d2f8d31726d,agentmemorybench:fact-mh-262k:context-0/factconsolidation_mh_262k_no55,0.75,3,4,6,2,2.124999925494194,0.8933093989533708,5.960464477539064e-08,19690.0,5,0.0,0.0,0.0,0.0,True,,,,,,,"[""search""]",0.25,0.25,"[""read""]",1.874999925494194,0.5,0.6,True,True,True
False,state_answers,4,state-r3-q055-t005,"['/data/zhaogangyi/picorer-eval/qwen36-v100-sufficiency-dynamics-replicate-3-20260912/probes-v2/37d3d03c40d9/step-005/qwen-r1/native-s.request.json', '/data/zhaogangyi/picorer-eval/qwen36-v100-sufficiency-dynamics-replicate-3-20260912/probes-v2/37d3d03c40d9/step-005/qwen-r2/native-s.request.json']",55,1091961f7e3e19fef3ed1c8f544211ad7a91354fa7f231d3a9d494a705cbe122,agentmemorybench:fact-mh-262k:context-0/factconsolidation_mh_262k_no55,0.75,3,5,6,2,2.3749999552965164,0.9149009515124916,-1.043081283569336e-07,9961.0,5,0.0,0.0,0.0,1.0,True,,,,,,,"[""read""]",2.124999925494194,0.75,"[""search""]",0.2500000298023224,0.0,0.8,False,False,True
False,state_answers,4,state-r3-q055-t006,"['/data/zhaogangyi/picorer-eval/qwen36-v100-sufficiency-dynamics-replicate-3-20260912/probes-v2/37d3d03c40d9/step-006/qwen-r1/native-s.request.json', '/data/zhaogangyi/picorer-eval/qwen36-v100-sufficiency-dynamics-replicate-3-20260912/probes-v2/37d3d03c40d9/step-006/qwen-r2/native-s.request.json']",55,7c8a5daabf4bc991e64f7ac687c149f4f3c901b3e7e8bd0853d77ecf66913a2b,agentmemorybench:fact-mh-262k:context-0/factconsolidation_mh_262k_no55,1.0,3,6,6,2,2.999999975785613,0.952574125728508,1.2293457984924316e-07,20335.0,5,1.0,1.0,1.0,0.0,True,,,,,,,"[""finish""]",2.3749999552965164,0.75,"[""read""]",0.6250000204890966,0.25,1.0,True,True,True
False,state_answers,2,state-r1-q058-t002,"['/data/zhaogangyi/picorer-eval/qwen36-v100-sufficiency-dynamics-20260912/probes-v2/b5e5dbd1afc1/step-002/qwen-r1/native-s.request.json', '/data/zhaogangyi/picorer-eval/qwen36-v100-sufficiency-dynamics-20260912/probes-v2/b5e5dbd1afc1/step-002/qwen-r2/native-s.request.json']",58,b273b3982df3b7ff6e43b370bdadb3a1fd2c3004361bffdafdf928088e7a2c43,agentmemorybench:fact-mh-262k:context-0/factconsolidation_mh_262k_no58,0.0,1,2,11,2,-0.125,0.4687906266262437,-0.25,9079.0,5,0.0,0.0,0.0,0.0,True,,,,,,,"[""read""]",-4.000000195577741,0.0,"[""search""]",3.8750001955777407,0.0,0.1,False,False,True
False,state_answers,2,state-r1-q058-t003,"['/data/zhaogangyi/picorer-eval/qwen36-v100-sufficiency-dynamics-20260912/probes-v2/b5e5dbd1afc1/step-003/qwen-r1/native-s.request.json', '/data/zhaogangyi/picorer-eval/qwen36-v100-sufficiency-dynamics-20260912/probes-v2/b5e5dbd1afc1/step-003/qwen-r2/native-s.request.json']",58,f3ddc81be3c962f3b5b10a3a436823dba8f04218544b885aeac5aeda89d966ef,agentmemorybench:fact-mh-262k:context-0/factconsolidation_mh_262k_no58,0.5,1,3,11,2,3.249999994412065,0.962673112455076,-2.123415470123291e-07,19065.0,5,0.0,0.0,0.0,0.0,True,,,,,,,"[""search""]",-0.125,0.0,"[""read""]",3.374999994412065,0.5,0.2,True,True,True
False,state_answers,2,state-r1-q058-t004,"['/data/zhaogangyi/picorer-eval/qwen36-v100-sufficiency-dynamics-20260912/probes-v2/b5e5dbd1afc1/step-004/qwen-r1/native-s.request.json', '/data/zhaogangyi/picorer-eval/qwen36-v100-sufficiency-dynamics-20260912/probes-v2/b5e5dbd1afc1/step-004/qwen-r2/native-s.request.json']",58,835864102949df70c612be6e404dc23e88ab62c7ca165527b5666e75fa8d044e,agentmemorybench:fact-mh-262k:context-0/factconsolidation_mh_262k_no58,0.5,1,4,11,2,-2.000000074505806,0.119202914199486,0.25,9397.0,5,0.0,0.0,0.0,0.0,True,,,,,,,"[""search""]",3.249999994412065,0.5,"[""search""]",-5.2500000689178705,0.0,0.3,False,False,False
False,state_answers,2,state-r1-q058-t005,"['/data/zhaogangyi/picorer-eval/qwen36-v100-sufficiency-dynamics-20260912/probes-v2/b5e5dbd1afc1/step-005/qwen-r1/native-s.request.json', '/data/zhaogangyi/picorer-eval/qwen36-v100-sufficiency-dynamics-20260912/probes-v2/b5e5dbd1afc1/step-005/qwen-r2/native-s.request.json']",58,8f0227dac0630f9570a2d2955ca9efb2c7b8b5f86c57c954f12d0298cb9e961d,agentmemorybench:fact-mh-262k:context-0/factconsolidation_mh_262k_no58,0.5,1,5,11,2,-2.250000052154064,0.0953494604004072,1.1920928955078125e-07,7928.0,5,0.0,0.0,0.0,0.0,True,,,,,,,"[""search""]",-2.000000074505806,0.5,"[""search""]",-0.2499999776482582,0.0,0.4,False,False,False
False,state_answers,2,state-r1-q058-t006,"['/data/zhaogangyi/picorer-eval/qwen36-v100-sufficiency-dynamics-20260912/probes-v2/b5e5dbd1afc1/step-006/qwen-r1/native-s.request.json', '/data/zhaogangyi/picorer-eval/qwen36-v100-sufficiency-dynamics-20260912/probes-v2/b5e5dbd1afc1/step-006/qwen-r2/native-s.request.json']",58,60ba7e25c3cb6f25964d1fad8ba1ed0c0a1213417e350b450e3a157b06394cf6,agentmemorybench:fact-mh-262k:context-0/factconsolidation_mh_262k_no58,0.5,1,6,11,2,-3.5624999245628715,0.0275852842503408,0.125000050291419,8832.0,5,0.0,0.0,0.0,0.0,True,,,,,,,"[""search""]",-2.250000052154064,0.5,"[""search""]",-1.3124998724088073,0.0,0.5,False,False,False
False,state_answers,2,state-r1-q058-t007,"['/data/zhaogangyi/picorer-eval/qwen36-v100-sufficiency-dynamics-20260912/probes-v2/b5e5dbd1afc1/step-007/qwen-r1/native-s.request.json', '/data/zhaogangyi/picorer-eval/qwen36-v100-sufficiency-dynamics-20260912/probes-v2/b5e5dbd1afc1/step-007/qwen-r2/native-s.request.json']",58,85f3ab0abe2051e1e39716664b71c35f856b825e36d54d2d08aae2601f4aef7d,agentmemorybench:fact-mh-262k:context-0/factconsolidation_mh_262k_no58,0.5,1,7,11,2,-3.9999999227002263,0.0179862113274148,-0.2499999497085809,9884.0,5,0.0,0.0,0.0,0.0,True,,,,,,,"[""search""]",-3.5624999245628715,0.5,"[""search""]",-0.43749999813735485,0.0,0.6,False,False,False
False,state_answers,2,state-r1-q058-t008,"['/data/zhaogangyi/picorer-eval/qwen36-v100-sufficiency-dynamics-20260912/probes-v2/b5e5dbd1afc1/step-008/qwen-r1/native-s.request.json', '/data/zhaogangyi/picorer-eval/qwen36-v100-sufficiency-dynamics-20260912/probes-v2/b5e5dbd1afc1/step-008/qwen-r2/native-s.request.json']",58,83211fbe70b578fbb100fde60e1835a39c3b79c01c7294c664a31b3058a12fb0,agentmemorybench:fact-mh-262k:context-0/factconsolidation_mh_262k_no58,0.5,1,8,11,2,-4.312499892432243,0.013222823155847,0.1249997681006789,9401.0,5,0.0,0.0,0.0,0.0,True,,,,,,,"[""read""]",-3.9999999227002263,0.5,"[""search""]",-0.3124999697320163,0.0,0.7,False,False,False
False,state_answers,2,state-r1-q058-t009,"['/data/zhaogangyi/picorer-eval/qwen36-v100-sufficiency-dynamics-20260912/probes-v2/b5e5dbd1afc1/step-009/qwen-r1/native-s.request.json', '/data/zhaogangyi/picorer-eval/qwen36-v100-sufficiency-dynamics-20260912/probes-v2/b5e5dbd1afc1/step-009/qwen-r2/native-s.request.json']",58,a341a8a30538fbaf153415e26a5ad65b0966c253c7d065b0d486162bb947f939,agentmemorybench:fact-mh-262k:context-0/factconsolidation_mh_262k_no58,0.5,1,9,11,2,-3.2499999534338713,0.0373268890174177,-0.2499999739229679,19768.0,5,0.0,0.0,0.0,0.0,True,,,,,,,"[""search""]",-4.312499892432243,0.5,"[""read""]",1.0624999389983714,0.0,0.8,True,False,True
False,state_answers,2,state-r1-q058-t010,"['/data/zhaogangyi/picorer-eval/qwen36-v100-sufficiency-dynamics-20260912/probes-v2/b5e5dbd1afc1/step-010/qwen-r1/native-s.request.json', '/data/zhaogangyi/picorer-eval/qwen36-v100-sufficiency-dynamics-20260912/probes-v2/b5e5dbd1afc1/step-010/qwen-r2/native-s.request.json']",58,649c7e23a8eb272e3b3b88a0cf891dd786fd4d544f45a91c87999d57b3a8491e,agentmemorybench:fact-mh-262k:context-0/factconsolidation_mh_262k_no58,0.5,1,10,11,2,-4.062500092200935,0.0169149117335357,-0.1249998863786459,10737.0,5,0.0,0.0,0.0,0.0,True,,,,,,,"[""read""]",-3.2499999534338713,0.5,"[""search""]",-0.8125001387670636,0.0,0.9,False,False,False
False,state_answers,2,state-r1-q058-t011,"['/data/zhaogangyi/picorer-eval/qwen36-v100-sufficiency-dynamics-20260912/probes-v2/b5e5dbd1afc1/step-011/qwen-r1/native-s.request.json', '/data/zhaogangyi/picorer-eval/qwen36-v100-sufficiency-dynamics-20260912/probes-v2/b5e5dbd1afc1/step-011/qwen-r2/native-s.request.json']",58,d3cbc2175256c93249fdfabe6f8f46ade9fd163864cd4a7e3d12aef317be3751,agentmemorybench:fact-mh-262k:context-0/factconsolidation_mh_262k_no58,1.0,1,11,11,2,0.625,0.6513548646660542,0.0,16170.0,5,0.0,0.0,0.0,0.0,True,,,,,,,"[""finish""]",-4.062500092200935,0.5,"[""read""]",4.687500092200935,0.5,1.0,True,True,True
False,state_answers,2,state-r2-q058-t002,"['/data/zhaogangyi/picorer-eval/qwen36-v100-sufficiency-dynamics-replicate-2-20260912/probes-v2/b5e5dbd1afc1/step-002/qwen-r1/native-s.request.json', '/data/zhaogangyi/picorer-eval/qwen36-v100-sufficiency-dynamics-replicate-2-20260912/probes-v2/b5e5dbd1afc1/step-002/qwen-r2/native-s.request.json']",58,f0a3acf6c0dbfdb5058a6804066865a1ac2a936761f0e58b90e3a7911c1c7234,agentmemorybench:fact-mh-262k:context-0/factconsolidation_mh_262k_no58,0.0,2,2,3,2,-2.3750000074505806,0.0850990444269389,-1.6391277313232425e-07,9053.0,5,0.0,0.0,0.0,0.0,True,,,,,,,"[""read""]",-3.875000066123903,0.0,"[""search""]",1.5000000586733222,0.0,0.5,False,False,True
False,state_answers,2,state-r2-q058-t003,"['/data/zhaogangyi/picorer-eval/qwen36-v100-sufficiency-dynamics-replicate-2-20260912/probes-v2/b5e5dbd1afc1/step-003/qwen-r1/native-s.request.json', '/data/zhaogangyi/picorer-eval/qwen36-v100-sufficiency-dynamics-replicate-2-20260912/probes-v2/b5e5dbd1afc1/step-003/qwen-r2/native-s.request.json']",58,736d977ff44ce7a6022637549625d0c40bd9563c913b02566c90d04293f1786b,agentmemorybench:fact-mh-262k:context-0/factconsolidation_mh_262k_no58,0.5,2,3,3,2,4.812499925261363,0.9919380078740438,-0.1249998691491782,19073.0,5,0.0,0.0,0.0,0.0,True,,,,,,,"[""finish""]",-2.3750000074505806,0.0,"[""read""]",7.187499932711944,0.5,1.0,True,True,True
False,state_answers,2,state-r3-q058-t002,"['/data/zhaogangyi/picorer-eval/qwen36-v100-sufficiency-dynamics-replicate-3-20260912/probes-v2/b5e5dbd1afc1/step-002/qwen-r1/native-s.request.json', '/data/zhaogangyi/picorer-eval/qwen36-v100-sufficiency-dynamics-replicate-3-20260912/probes-v2/b5e5dbd1afc1/step-002/qwen-r2/native-s.request.json']",58,c6026f5858e04f646df6a334eb4c17e457c432548ad030fd12ad0f04840efabc,agentmemorybench:fact-mh-262k:context-0/factconsolidation_mh_262k_no58,0.0,3,2,10,2,-0.6249999850988388,0.3486451387178759,2.9802322387695312e-08,9063.0,5,0.0,0.0,0.0,0.0,True,,,,,,,"[""read""]",-3.875000066123903,0.0,"[""search""]",3.250000081025064,0.0,0.1111111111111111,False,False,True
False,state_answers,2,state-r3-q058-t003,"['/data/zhaogangyi/picorer-eval/qwen36-v100-sufficiency-dynamics-replicate-3-20260912/probes-v2/b5e5dbd1afc1/step-003/qwen-r1/native-s.request.json', '/data/zhaogangyi/picorer-eval/qwen36-v100-sufficiency-dynamics-replicate-3-20260912/probes-v2/b5e5dbd1afc1/step-003/qwen-r2/native-s.request.json']",58,825d87723515e78834748c04a34ac2e9ee37972b87242f811783d0509ecd066c,agentmemorybench:fact-mh-262k:context-0/factconsolidation_mh_262k_no58,0.5,3,3,10,2,1.999999903142452,0.8807970678084608,-1.4901161193847656e-08,19153.0,5,0.0,0.0,0.0,0.0,True,,,,,,,"[""search""]",-0.6249999850988388,0.0,"[""read""]",2.624999888241291,0.5,0.2222222222222222,True,True,True
False,state_answers,2,state-r3-q058-t004,"['/data/zhaogangyi/picorer-eval/qwen36-v100-sufficiency-dynamics-replicate-3-20260912/probes-v2/b5e5dbd1afc1/step-004/qwen-r1/native-s.request.json', '/data/zhaogangyi/picorer-eval/qwen36-v100-sufficiency-dynamics-replicate-3-20260912/probes-v2/b5e5dbd1afc1/step-004/qwen-r2/native-s.request.json']",58,19cfcf7c38130b5277904e3069dd7f124ae9cefef5e34f4e687ae4252b962903,agentmemorybench:fact-mh-262k:context-0/factconsolidation_mh_262k_no58,0.5,3,4,10,2,0.1875,0.5467381519846138,-0.125,9494.0,5,0.0,0.0,0.0,0.0,True,,,,,,,"[""search""]",1.999999903142452,0.5,"[""search""]",-1.812499903142452,0.0,0.3333333333333333,False,False,False
False,state_answers,2,state-r3-q058-t005,"['/data/zhaogangyi/picorer-eval/qwen36-v100-sufficiency-dynamics-replicate-3-20260912/probes-v2/b5e5dbd1afc1/step-005/qwen-r1/native-s.request.json', '/data/zhaogangyi/picorer-eval/qwen36-v100-sufficiency-dynamics-replicate-3-20260912/probes-v2/b5e5dbd1afc1/step-005/qwen-r2/native-s.request.json']",58,f6b06f1ba14ca51893c83825307fe5ae0d6b04756c3bebb42bc4e7d8de3a4ea3,agentmemorybench:fact-mh-262k:context-0/factconsolidation_mh_262k_no58,0.5,3,5,10,2,-0.7499999850988388,0.3208213040714954,2.9802322387695312e-08,8768.0,5,0.0,0.0,0.0,0.0,True,,,,,,,"[""search""]",0.1875,0.5,"[""search""]",-0.9374999850988388,0.0,0.4444444444444444,False,False,False
False,state_answers,2,state-r3-q058-t006,"['/data/zhaogangyi/picorer-eval/qwen36-v100-sufficiency-dynamics-replicate-3-20260912/probes-v2/b5e5dbd1afc1/step-006/qwen-r1/native-s.request.json', '/data/zhaogangyi/picorer-eval/qwen36-v100-sufficiency-dynamics-replicate-3-20260912/probes-v2/b5e5dbd1afc1/step-006/qwen-r2/native-s.request.json']",58,7d8a479de2b9354f73b4ab009d0b5eee9215e847bd76aea5d5d5eb1115a52836,agentmemorybench:fact-mh-262k:context-0/factconsolidation_mh_262k_no58,0.5,3,6,10,2,-0.125,0.4687906266262437,0.0,8286.0,5,0.0,0.0,0.0,0.0,True,,,,,,,"[""search""]",-0.7499999850988388,0.5,"[""search""]",0.6249999850988388,0.0,0.5555555555555556,False,False,True
False,state_answers,2,state-r3-q058-t007,"['/data/zhaogangyi/picorer-eval/qwen36-v100-sufficiency-dynamics-replicate-3-20260912/probes-v2/b5e5dbd1afc1/step-007/qwen-r1/native-s.request.json', '/data/zhaogangyi/picorer-eval/qwen36-v100-sufficiency-dynamics-replicate-3-20260912/probes-v2/b5e5dbd1afc1/step-007/qwen-r2/native-s.request.json']",58,99bc5f5b4f41f688119bae3f8f6c480a5a1c821ffc84402afd0edfed80a71321,agentmemorybench:fact-mh-262k:context-0/factconsolidation_mh_262k_no58,0.5,3,7,10,2,-1.2500000223517418,0.2227001349561153,-0.2499999850988388,10113.0,5,0.0,0.0,0.0,1.0,True,,,,,,,"[""search""]",-0.125,0.5,"[""search""]",-1.1250000223517418,0.0,0.6666666666666666,False,False,False
False,state_answers,2,state-r3-q058-t008,"['/data/zhaogangyi/picorer-eval/qwen36-v100-sufficiency-dynamics-replicate-3-20260912/probes-v2/b5e5dbd1afc1/step-008/qwen-r1/native-s.request.json', '/data/zhaogangyi/picorer-eval/qwen36-v100-sufficiency-dynamics-replicate-3-20260912/probes-v2/b5e5dbd1afc1/step-008/qwen-r2/native-s.request.json']",58,1eb90a4aedc63277d6f347f23db011e40c8bd1c4ed26d3964794ed578391c82d,agentmemorybench:fact-mh-262k:context-0/factconsolidation_mh_262k_no58,0.5,3,8,10,2,-0.9999999850988388,0.2689414242997412,-2.9802322387695312e-08,8708.0,5,0.0,0.0,0.0,1.0,True,,,,,,,"[""search""]",-1.2500000223517418,0.5,"[""search""]",0.250000037252903,0.0,0.7777777777777778,False,False,True
False,state_answers,2,state-r3-q058-t009,"['/data/zhaogangyi/picorer-eval/qwen36-v100-sufficiency-dynamics-replicate-3-20260912/probes-v2/b5e5dbd1afc1/step-009/qwen-r1/native-s.request.json', '/data/zhaogangyi/picorer-eval/qwen36-v100-sufficiency-dynamics-replicate-3-20260912/probes-v2/b5e5dbd1afc1/step-009/qwen-r2/native-s.request.json']",58,8bcd771cffdf5fd24e0cc72cd310bdc19722f9c0868ffa7e254d698bb9f4eff9,agentmemorybench:fact-mh-262k:context-0/factconsolidation_mh_262k_no58,0.5,3,9,10,2,-1.5625000074505806,0.1732882048619608,-0.1250000149011612,10545.0,5,0.0,0.0,0.0,1.0,True,,,,,,,"[""search""]",-0.9999999850988388,0.5,"[""search""]",-0.5625000223517418,0.0,0.8888888888888888,False,False,False
False,state_answers,2,state-r3-q058-t010,"['/data/zhaogangyi/picorer-eval/qwen36-v100-sufficiency-dynamics-replicate-3-20260912/probes-v2/b5e5dbd1afc1/step-010/qwen-r1/native-s.request.json', '/data/zhaogangyi/picorer-eval/qwen36-v100-sufficiency-dynamics-replicate-3-20260912/probes-v2/b5e5dbd1afc1/step-010/qwen-r2/native-s.request.json']",58,cd7f60b81268bd147c91750d4278b77832e39944ef7f5c8bdf797a41552b29a5,agentmemorybench:fact-mh-262k:context-0/factconsolidation_mh_262k_no58,0.5,3,10,10,2,-2.1250000409781933,0.1066905900401134,7.450580596923828e-09,9910.0,5,0.0,0.0,0.0,1.0,True,,,,,,,"[""finish""]",-1.5625000074505806,0.5,"[""search""]",-0.5625000335276127,0.0,1.0,False,False,False
False,state_answers,2,state-r1-q059-t002,"['/data/zhaogangyi/picorer-eval/qwen36-v100-sufficiency-dynamics-20260912/probes-v2/2cab011625aa/step-002/qwen-r1/native-s.request.json', '/data/zhaogangyi/picorer-eval/qwen36-v100-sufficiency-dynamics-20260912/probes-v2/2cab011625aa/step-002/qwen-r2/native-s.request.json']",59,5d59a3464eaa6b8cf39809b0371b2454dd4f98a88c756bf47c324457e8c088cc,agentmemorybench:fact-mh-262k:context-0/factconsolidation_mh_262k_no59,0.0,1,2,3,2,1.0,0.7310585786300049,-5.960464477539064e-08,9028.0,5,0.0,0.0,0.0,0.0,True,,,,,,,"[""read""]",-5.437500195228495,0.0,"[""search""]",6.437500195228495,0.0,0.5,False,False,True
False,state_answers,2,state-r1-q059-t003,"['/data/zhaogangyi/picorer-eval/qwen36-v100-sufficiency-dynamics-20260912/probes-v2/2cab011625aa/step-003/qwen-r1/native-s.request.json', '/data/zhaogangyi/picorer-eval/qwen36-v100-sufficiency-dynamics-20260912/probes-v2/2cab011625aa/step-003/qwen-r2/native-s.request.json']",59,e21e802b1e97b359b1d5218173bb6ad993e08eaaf7ad252001c01ebec02da52f,agentmemorybench:fact-mh-262k:context-0/factconsolidation_mh_262k_no59,1.0,1,3,3,2,8.562499780440703,0.9998088956421716,0.1249995184480212,24740.0,5,1.0,1.0,1.0,0.0,True,,,,,,,"[""finish""]",1.0,0.0,"[""read""]",7.562499780440703,1.0,1.0,True,True,True
False,state_answers,2,state-r2-q059-t002,"['/data/zhaogangyi/picorer-eval/qwen36-v100-sufficiency-dynamics-replicate-2-20260912/probes-v2/2cab011625aa/step-002/qwen-r1/native-s.request.json', '/data/zhaogangyi/picorer-eval/qwen36-v100-sufficiency-dynamics-replicate-2-20260912/probes-v2/2cab011625aa/step-002/qwen-r2/native-s.request.json']",59,d1d6996b37ad868d2a7d592086ec1a8397567dce01a33dc90142017a0c730777,agentmemorybench:fact-mh-262k:context-0/factconsolidation_mh_262k_no59,0.0,2,2,5,2,0.125,0.5312093733737563,0.0,9008.0,5,0.0,0.0,0.0,0.0,True,,,,,,,"[""read""]",-5.625000216765329,0.0,"[""search""]",5.750000216765329,0.0,0.25,False,False,True
False,state_answers,2,state-r2-q059-t003,"['/data/zhaogangyi/picorer-eval/qwen36-v100-sufficiency-dynamics-replicate-2-20260912/probes-v2/2cab011625aa/step-003/qwen-r1/native-s.request.json', '/data/zhaogangyi/picorer-eval/qwen36-v100-sufficiency-dynamics-replicate-2-20260912/probes-v2/2cab011625aa/step-003/qwen-r2/native-s.request.json']",59,97b2a0296dd939ea0769b368c66dd2f402c7b5c8614cad804ac38fdf0d2a9695,agentmemorybench:fact-mh-262k:context-0/factconsolidation_mh_262k_no59,0.5,2,3,5,2,0.7500000149011612,0.6791787024222814,-2.9802322387695312e-08,19446.0,5,0.0,0.0,0.0,0.0,True,,,,,,,"[""search""]",0.125,0.0,"[""read""]",0.6250000149011612,0.5,0.5,True,True,True
False,state_answers,2,state-r2-q059-t004,"['/data/zhaogangyi/picorer-eval/qwen36-v100-sufficiency-dynamics-replicate-2-20260912/probes-v2/2cab011625aa/step-004/qwen-r1/native-s.request.json', '/data/zhaogangyi/picorer-eval/qwen36-v100-sufficiency-dynamics-replicate-2-20260912/probes-v2/2cab011625aa/step-004/qwen-r2/native-s.request.json']",59,44df673176982ac895ec7c146abbfff8e7b32b17ed188d63523506bb1b7ff700,agentmemorybench:fact-mh-262k:context-0/factconsolidation_mh_262k_no59,0.5,2,4,5,2,2.8750000335276127,0.946596671895044,7.450580596923828e-08,9659.0,5,0.0,0.0,0.0,1.0,True,,,,,,,"[""read""]",0.7500000149011612,0.5,"[""search""]",2.1250000186264515,0.0,0.75,False,False,True
False,state_answers,2,state-r2-q059-t005,"['/data/zhaogangyi/picorer-eval/qwen36-v100-sufficiency-dynamics-replicate-2-20260912/probes-v2/2cab011625aa/step-005/qwen-r1/native-s.request.json', '/data/zhaogangyi/picorer-eval/qwen36-v100-sufficiency-dynamics-replicate-2-20260912/probes-v2/2cab011625aa/step-005/qwen-r2/native-s.request.json']",59,d725d425b8d88974fb0838d7ae4d1093f77c5d9cddb0d7249c3033044efca0ba,agentmemorybench:fact-mh-262k:context-0/factconsolidation_mh_262k_no59,0.5,2,5,5,2,8.312500269326847,0.9997546305855256,-0.124999753839802,20123.0,5,0.0,0.0,0.0,0.0,True,,,,,,,"[""finish""]",2.8750000335276127,0.5,"[""read""]",5.437500235799234,0.0,1.0,True,False,True
False,state_answers,2,state-r3-q059-t002,"['/data/zhaogangyi/picorer-eval/qwen36-v100-sufficiency-dynamics-replicate-3-20260912/probes-v2/2cab011625aa/step-002/qwen-r1/native-s.request.json', '/data/zhaogangyi/picorer-eval/qwen36-v100-sufficiency-dynamics-replicate-3-20260912/probes-v2/2cab011625aa/step-002/qwen-r2/native-s.request.json']",59,b49a7dbd96a4add065bb095f623712815ef60b0cd0cd3dd386bdc8e4c7d52599,agentmemorybench:fact-mh-262k:context-0/factconsolidation_mh_262k_no59,0.0,3,2,4,2,-0.1875,0.4532618480153861,0.125,8994.0,5,0.0,0.0,0.0,0.0,True,,,,,,,"[""search""]",-5.625000216765329,0.0,"[""search""]",5.437500216765329,0.0,0.3333333333333333,False,False,True
False,state_answers,2,state-r3-q059-t003,"['/data/zhaogangyi/picorer-eval/qwen36-v100-sufficiency-dynamics-replicate-3-20260912/probes-v2/2cab011625aa/step-003/qwen-r1/native-s.request.json', '/data/zhaogangyi/picorer-eval/qwen36-v100-sufficiency-dynamics-replicate-3-20260912/probes-v2/2cab011625aa/step-003/qwen-r2/native-s.request.json']",59,e1d3a14825239191b478045b5f315e425a1444cd8080d05328f128f06b0888b4,agentmemorybench:fact-mh-262k:context-0/factconsolidation_mh_262k_no59,0.0,3,3,4,2,2.4999999962747097,0.9241418197175998,6.705522537231445e-08,9370.0,5,0.0,0.0,0.0,0.0,True,,,,,,,"[""read""]",-0.1875,0.0,"[""search""]",2.6874999962747097,0.0,0.6666666666666666,False,False,True
False,state_answers,2,state-r3-q059-t004,"['/data/zhaogangyi/picorer-eval/qwen36-v100-sufficiency-dynamics-replicate-3-20260912/probes-v2/2cab011625aa/step-004/qwen-r1/native-s.request.json', '/data/zhaogangyi/picorer-eval/qwen36-v100-sufficiency-dynamics-replicate-3-20260912/probes-v2/2cab011625aa/step-004/qwen-r2/native-s.request.json']",59,6476f7bf4b202e4ac0117f813c54c05f22f511d3e0bb664b4eb70591f475555a,agentmemorybench:fact-mh-262k:context-0/factconsolidation_mh_262k_no59,0.5,3,4,4,2,7.937500244137482,0.9996430294520812,-0.1250003413588274,19561.0,5,0.0,0.0,0.0,0.0,True,,,,,,,"[""finish""]",2.4999999962747097,0.0,"[""read""]",5.437500247862772,0.5,1.0,True,True,True
False,state_answers,2,state-r1-q006-t002,"['/data/zhaogangyi/picorer-eval/qwen36-v100-sufficiency-dynamics-20260912/probes-v2/98b5ed089e36/step-002/qwen-r1/native-s.request.json', '/data/zhaogangyi/picorer-eval/qwen36-v100-sufficiency-dynamics-20260912/probes-v2/98b5ed089e36/step-002/qwen-r2/native-s.request.json']",6,11e6e4ff9c9e9f1269c1bb17e5818747a5bc31549ced7e8c4a9195c5d55e6445,agentmemorybench:fact-mh-262k:context-0/factconsolidation_mh_262k_no6,0.0,1,2,3,2,3.250000024214387,0.9626731135259804,-0.250000100582838,9025.0,5,0.0,0.0,0.0,0.0,True,,,,,,,"[""read""]",-3.437500001862645,0.0,"[""search""]",6.687500026077032,0.0,0.5,False,False,True
False,state_answers,2,state-r1-q006-t003,"['/data/zhaogangyi/picorer-eval/qwen36-v100-sufficiency-dynamics-20260912/probes-v2/98b5ed089e36/step-003/qwen-r1/native-s.request.json', '/data/zhaogangyi/picorer-eval/qwen36-v100-sufficiency-dynamics-20260912/probes-v2/98b5ed089e36/step-003/qwen-r2/native-s.request.json']",6,fc4064b9c7e46704113f77d399b44cc5b6737badd10ec38df2dc6ccf1a48962c,agentmemorybench:fact-mh-262k:context-0/factconsolidation_mh_262k_no6,1.0,1,3,3,2,8.562499959130946,0.9998088956763136,-0.1250003529567038,24169.0,5,0.4,0.4,0.4,0.0,True,,,,,,,"[""finish""]",3.250000024214387,0.0,"[""read""]",5.312499934916559,1.0,1.0,True,True,True
False,state_answers,2,state-r2-q006-t002,"['/data/zhaogangyi/picorer-eval/qwen36-v100-sufficiency-dynamics-replicate-2-20260912/probes-v2/98b5ed089e36/step-002/qwen-r1/native-s.request.json', '/data/zhaogangyi/picorer-eval/qwen36-v100-sufficiency-dynamics-replicate-2-20260912/probes-v2/98b5ed089e36/step-002/qwen-r2/native-s.request.json']",6,53b449d43240148ef8aca92211e18268ae90a2c8bd0bf7e9513420be5fb72716,agentmemorybench:fact-mh-262k:context-0/factconsolidation_mh_262k_no6,0.0,2,2,3,2,2.812500076368451,0.9433475787733796,-0.1250000260770321,9021.0,5,0.0,0.0,0.0,1.0,True,,,,,,,"[""read""]",-3.437500001862645,0.0,"[""search""]",6.250000078231096,0.0,0.5,False,False,True
False,state_answers,2,state-r2-q006-t003,"['/data/zhaogangyi/picorer-eval/qwen36-v100-sufficiency-dynamics-replicate-2-20260912/probes-v2/98b5ed089e36/step-003/qwen-r1/native-s.request.json', '/data/zhaogangyi/picorer-eval/qwen36-v100-sufficiency-dynamics-replicate-2-20260912/probes-v2/98b5ed089e36/step-003/qwen-r2/native-s.request.json']",6,9985755c3d0dbcf515f4c10a07297dc5adf294934d0e280351ed019d0ca49bd4,agentmemorybench:fact-mh-262k:context-0/factconsolidation_mh_262k_no6,1.0,2,3,3,2,8.625000314728823,0.9998204720871458,-1.1918018572032453e-07,24394.0,5,0.8,0.8,0.8,0.0,True,,,,,,,"[""finish""]",2.812500076368451,0.0,"[""read""]",5.812500238360371,1.0,1.0,True,True,True
False,state_answers,2,state-r3-q006-t002,"['/data/zhaogangyi/picorer-eval/qwen36-v100-sufficiency-dynamics-replicate-3-20260912/probes-v2/98b5ed089e36/step-002/qwen-r1/native-s.request.json', '/data/zhaogangyi/picorer-eval/qwen36-v100-sufficiency-dynamics-replicate-3-20260912/probes-v2/98b5ed089e36/step-002/qwen-r2/native-s.request.json']",6,204a69022b006420d2f7f6857a03e1f714aa72fefd2fd311d06701442f9fb54e,agentmemorybench:fact-mh-262k:context-0/factconsolidation_mh_262k_no6,0.0,3,2,3,2,3.625000096857548,0.9740426452511078,0.0,8981.0,5,0.0,0.0,0.0,0.0,True,,,,,,,"[""read""]",-3.6250000596046448,0.0,"[""search""]",7.2500001564621925,0.0,0.5,False,False,True
False,state_answers,2,state-r3-q006-t003,"['/data/zhaogangyi/picorer-eval/qwen36-v100-sufficiency-dynamics-replicate-3-20260912/probes-v2/98b5ed089e36/step-003/qwen-r1/native-s.request.json', '/data/zhaogangyi/picorer-eval/qwen36-v100-sufficiency-dynamics-replicate-3-20260912/probes-v2/98b5ed089e36/step-003/qwen-r2/native-s.request.json']",6,09291112bd21afedf183ac265291568da58530f0b9297dcef8afadb29da2fa2f,agentmemorybench:fact-mh-262k:context-0/factconsolidation_mh_262k_no6,1.0,3,3,3,2,8.250000214160536,0.9997388097368264,-3.575405571609736e-07,24278.0,5,0.6,0.6,0.6,1.0,True,,,,,,,"[""finish""]",3.625000096857548,0.0,"[""read""]",4.625000117302989,1.0,1.0,True,True,True
False,state_answers,2,state-r1-q060-t002,"['/data/zhaogangyi/picorer-eval/qwen36-v100-sufficiency-dynamics-20260912/probes-v2/60c09abd146c/step-002/qwen-r1/native-s.request.json', '/data/zhaogangyi/picorer-eval/qwen36-v100-sufficiency-dynamics-20260912/probes-v2/60c09abd146c/step-002/qwen-r2/native-s.request.json']",60,4e2e1e9302b9c2c2a31ac9af25ee07bbb8a149e7ca8949e37b7c8ee8c055840e,agentmemorybench:fact-mh-262k:context-0/factconsolidation_mh_262k_no60,0.0,1,2,3,2,3.125000035390258,0.9579122735111872,-1.30385160446167e-07,8848.0,5,0.0,0.0,0.0,0.0,True,,,,,,,"[""read""]",-3.875000085681677,0.0,"[""search""]",7.000000121071935,0.0,0.5,False,False,True
False,state_answers,2,state-r1-q060-t003,"['/data/zhaogangyi/picorer-eval/qwen36-v100-sufficiency-dynamics-20260912/probes-v2/60c09abd146c/step-003/qwen-r1/native-s.request.json', '/data/zhaogangyi/picorer-eval/qwen36-v100-sufficiency-dynamics-20260912/probes-v2/60c09abd146c/step-003/qwen-r2/native-s.request.json']",60,acf0fb501ff0d6533f561592ca799a115ab05524fef0ec2de2f8030e2ddbeacb,agentmemorybench:fact-mh-262k:context-0/factconsolidation_mh_262k_no60,0.5,1,3,3,2,3.374999998137355,0.9669140215517076,-0.2499997653067112,18944.0,5,0.0,0.0,0.0,0.0,True,,,,,,,"[""finish""]",3.125000035390258,0.0,"[""read""]",0.24999996274709702,0.5,1.0,True,True,True
False,state_answers,2,state-r2-q060-t002,"['/data/zhaogangyi/picorer-eval/qwen36-v100-sufficiency-dynamics-replicate-2-20260912/probes-v2/60c09abd146c/step-002/qwen-r1/native-s.request.json', '/data/zhaogangyi/picorer-eval/qwen36-v100-sufficiency-dynamics-replicate-2-20260912/probes-v2/60c09abd146c/step-002/qwen-r2/native-s.request.json']",60,7fccf5aac6c57bd49ea651d63df418159b618f854b3d1a008e76c240ee1c4e8b,agentmemorybench:fact-mh-262k:context-0/factconsolidation_mh_262k_no60,0.0,2,2,5,2,2.812499949708581,0.9433475720043054,-0.1249999962747097,8994.0,5,0.0,0.0,0.0,0.0,True,,,,,,,"[""read""]",-3.8125000298023224,0.0,"[""search""]",6.624999979510903,0.0,0.25,False,False,True
False,state_answers,2,state-r2-q060-t003,"['/data/zhaogangyi/picorer-eval/qwen36-v100-sufficiency-dynamics-replicate-2-20260912/probes-v2/60c09abd146c/step-003/qwen-r1/native-s.request.json', '/data/zhaogangyi/picorer-eval/qwen36-v100-sufficiency-dynamics-replicate-2-20260912/probes-v2/60c09abd146c/step-003/qwen-r2/native-s.request.json']",60,9f0b8ee11d792e82e566d358f5e49c43066569978f1dd6ac15be0223ddb062a4,agentmemorybench:fact-mh-262k:context-0/factconsolidation_mh_262k_no60,0.5,2,3,5,2,1.3125000074505806,0.7879311968878542,0.1250000149011612,19280.0,5,0.0,0.0,0.0,0.0,True,,,,,,,"[""search""]",2.812499949708581,0.0,"[""read""]",-1.4999999422580004,0.5,0.5,True,True,False
False,state_answers,2,state-r2-q060-t004,"['/data/zhaogangyi/picorer-eval/qwen36-v100-sufficiency-dynamics-replicate-2-20260912/probes-v2/60c09abd146c/step-004/qwen-r1/native-s.request.json', '/data/zhaogangyi/picorer-eval/qwen36-v100-sufficiency-dynamics-replicate-2-20260912/probes-v2/60c09abd146c/step-004/qwen-r2/native-s.request.json']",60,597324325339029b1e9f129cc34b5af0c5f37ab8d3b31f14ab1ecb5432c222df,agentmemorybench:fact-mh-262k:context-0/factconsolidation_mh_262k_no60,0.5,2,4,5,2,2.5624999552965164,0.9284087975841904,0.1249999403953552,9472.0,5,0.0,0.0,0.0,1.0,True,,,,,,,"[""read""]",1.3125000074505806,0.5,"[""search""]",1.2499999478459358,0.0,0.75,False,False,True
False,state_answers,2,state-r2-q060-t005,"['/data/zhaogangyi/picorer-eval/qwen36-v100-sufficiency-dynamics-replicate-2-20260912/probes-v2/60c09abd146c/step-005/qwen-r1/native-s.request.json', '/data/zhaogangyi/picorer-eval/qwen36-v100-sufficiency-dynamics-replicate-2-20260912/probes-v2/60c09abd146c/step-005/qwen-r2/native-s.request.json']",60,da26ae5a7019add1b445810c33b2b19ff336acccb781b31e3f581be3010b2101,agentmemorybench:fact-mh-262k:context-0/factconsolidation_mh_262k_no60,1.0,2,5,5,2,5.625000179745257,0.9964063980621916,0.0,19786.0,5,1.0,1.0,1.0,0.0,True,,,,,,,"[""finish""]",2.5624999552965164,0.5,"[""read""]",3.0625002244487405,0.5,1.0,True,True,True
False,state_answers,2,state-r3-q060-t002,"['/data/zhaogangyi/picorer-eval/qwen36-v100-sufficiency-dynamics-replicate-3-20260912/probes-v2/60c09abd146c/step-002/qwen-r1/native-s.request.json', '/data/zhaogangyi/picorer-eval/qwen36-v100-sufficiency-dynamics-replicate-3-20260912/probes-v2/60c09abd146c/step-002/qwen-r2/native-s.request.json']",60,46c9c2167217f55cec819bfe763a3dc739cacb97d7dfe6dc865e786f8c3be8bf,agentmemorybench:fact-mh-262k:context-0/factconsolidation_mh_262k_no60,0.0,3,2,5,2,2.812499977648258,0.9433475734974835,-0.3750001192092895,8837.0,5,0.0,0.0,0.0,0.0,True,,,,,,,"[""read""]",-3.8125000298023224,0.0,"[""search""]",6.625000007450581,0.0,0.25,False,False,True
False,state_answers,2,state-r3-q060-t003,"['/data/zhaogangyi/picorer-eval/qwen36-v100-sufficiency-dynamics-replicate-3-20260912/probes-v2/60c09abd146c/step-003/qwen-r1/native-s.request.json', '/data/zhaogangyi/picorer-eval/qwen36-v100-sufficiency-dynamics-replicate-3-20260912/probes-v2/60c09abd146c/step-003/qwen-r2/native-s.request.json']",60,4dc3368f568660048c384b99457b1bb6cbc13511dedbda7187d63939ecf9eec7,agentmemorybench:fact-mh-262k:context-0/factconsolidation_mh_262k_no60,0.5,3,3,5,2,0.9374999701976776,0.718594386544335,-0.1249999403953552,19043.0,5,0.0,0.0,0.0,0.0,True,,,,,,,"[""search""]",2.812499977648258,0.0,"[""read""]",-1.8750000074505806,0.5,0.5,True,True,False
False,state_answers,2,state-r3-q060-t004,"['/data/zhaogangyi/picorer-eval/qwen36-v100-sufficiency-dynamics-replicate-3-20260912/probes-v2/60c09abd146c/step-004/qwen-r1/native-s.request.json', '/data/zhaogangyi/picorer-eval/qwen36-v100-sufficiency-dynamics-replicate-3-20260912/probes-v2/60c09abd146c/step-004/qwen-r2/native-s.request.json']",60,c852ab018e46a09d2078b34a763cdb5797c8f392592a070892199b676e6febce,agentmemorybench:fact-mh-262k:context-0/factconsolidation_mh_262k_no60,0.5,3,4,5,2,3.93749987706542,0.9808759609430664,0.124999776482582,9293.0,5,0.0,0.0,0.0,1.0,True,,,,,,,"[""read""]",0.9374999701976776,0.5,"[""search""]",2.9999999068677425,0.0,0.75,False,False,True
False,state_answers,2,state-r3-q060-t005,"['/data/zhaogangyi/picorer-eval/qwen36-v100-sufficiency-dynamics-replicate-3-20260912/probes-v2/60c09abd146c/step-005/qwen-r1/native-s.request.json', '/data/zhaogangyi/picorer-eval/qwen36-v100-sufficiency-dynamics-replicate-3-20260912/probes-v2/60c09abd146c/step-005/qwen-r2/native-s.request.json']",60,f0eb86fe08f9694d0ac58d1aeb7a8a49022e25d81741bc03366e373b8e5b899b,agentmemorybench:fact-mh-262k:context-0/factconsolidation_mh_262k_no60,1.0,3,5,5,2,8.687499776249751,0.999831347208281,-0.1249999964202288,19808.0,5,0.8,0.8,0.8,1.0,True,,,,,,,"[""finish""]",3.93749987706542,0.5,"[""read""]",4.749999899184331,0.5,1.0,True,True,True
False,state_answers,2,state-r1-q061-t002,"['/data/zhaogangyi/picorer-eval/qwen36-v100-sufficiency-dynamics-20260912/probes-v2/edf1ada561a3/step-002/qwen-r1/native-s.request.json', '/data/zhaogangyi/picorer-eval/qwen36-v100-sufficiency-dynamics-20260912/probes-v2/edf1ada561a3/step-002/qwen-r2/native-s.request.json']",61,d7dab0d7f365030a32c7175f936fb6be12584f75992c44ff393e43b9cd6a69d7,agentmemorybench:fact-mh-262k:context-0/factconsolidation_mh_262k_no61,0.0,1,2,4,2,2.562499947845936,0.9284087970889808,0.1249999552965164,9144.0,5,0.0,0.0,0.0,0.0,True,,,,,,,"[""search""]",-5.000000064726919,0.0,"[""search""]",7.562500012572855,0.0,0.3333333333333333,False,False,True
False,state_answers,2,state-r1-q061-t003,"['/data/zhaogangyi/picorer-eval/qwen36-v100-sufficiency-dynamics-20260912/probes-v2/edf1ada561a3/step-003/qwen-r1/native-s.request.json', '/data/zhaogangyi/picorer-eval/qwen36-v100-sufficiency-dynamics-20260912/probes-v2/edf1ada561a3/step-003/qwen-r2/native-s.request.json']",61,36d521cb9b85616f2406cb30f680038afd0d2c321f394fc6d33020b2be4e4107,agentmemorybench:fact-mh-262k:context-0/factconsolidation_mh_262k_no61,0.0,1,3,4,2,2.250000089406967,0.9046505428129514,2.9802322387695312e-08,9409.0,5,0.0,0.0,0.0,0.0,True,,,,,,,"[""read""]",2.562499947845936,0.0,"[""search""]",-0.31249985843896866,0.0,0.6666666666666666,False,False,False
False,state_answers,2,state-r1-q061-t004,"['/data/zhaogangyi/picorer-eval/qwen36-v100-sufficiency-dynamics-20260912/probes-v2/edf1ada561a3/step-004/qwen-r1/native-s.request.json', '/data/zhaogangyi/picorer-eval/qwen36-v100-sufficiency-dynamics-20260912/probes-v2/edf1ada561a3/step-004/qwen-r2/native-s.request.json']",61,fa144032bfee09892c812ee425a9dc8e610978ab6de500d39e63145205489bb7,agentmemorybench:fact-mh-262k:context-0/factconsolidation_mh_262k_no61,1.0,1,4,4,2,7.999999999097781,0.999664649869231,-0.2499998519779183,21722.0,5,1.0,1.0,1.0,0.0,True,,,,,,,"[""finish""]",2.250000089406967,0.0,"[""read""]",5.749999909690814,1.0,1.0,True,True,True
False,state_answers,2,state-r2-q061-t002,"['/data/zhaogangyi/picorer-eval/qwen36-v100-sufficiency-dynamics-replicate-2-20260912/probes-v2/edf1ada561a3/step-002/qwen-r1/native-s.request.json', '/data/zhaogangyi/picorer-eval/qwen36-v100-sufficiency-dynamics-replicate-2-20260912/probes-v2/edf1ada561a3/step-002/qwen-r2/native-s.request.json']",61,423c23f33223c6d058f17b2f5dbebaa1ef514f188e9c5e944416c41f050bf781,agentmemorybench:fact-mh-262k:context-0/factconsolidation_mh_262k_no61,0.0,2,2,4,2,2.0000000819563866,0.8807970865827771,-1.4901161193847656e-08,9240.0,5,0.0,0.0,0.0,0.0,True,,,,,,,"[""search""]",-4.875000046798959,0.0,"[""search""]",6.875000128755346,0.0,0.3333333333333333,False,False,True
False,state_answers,2,state-r2-q061-t003,"['/data/zhaogangyi/picorer-eval/qwen36-v100-sufficiency-dynamics-replicate-2-20260912/probes-v2/edf1ada561a3/step-003/qwen-r1/native-s.request.json', '/data/zhaogangyi/picorer-eval/qwen36-v100-sufficiency-dynamics-replicate-2-20260912/probes-v2/edf1ada561a3/step-003/qwen-r2/native-s.request.json']",61,90449d97edc8a7d0582af7f439feedcbdf3b567be2c9792fb6a43aba3a028136,agentmemorybench:fact-mh-262k:context-0/factconsolidation_mh_262k_no61,0.0,2,3,4,2,1.625,0.8354835371034369,0.2500000596046448,9302.0,5,0.0,0.0,0.0,0.0,True,,,,,,,"[""read""]",2.0000000819563866,0.0,"[""search""]",-0.37500008195638657,0.0,0.6666666666666666,False,False,False
False,state_answers,2,state-r2-q061-t004,"['/data/zhaogangyi/picorer-eval/qwen36-v100-sufficiency-dynamics-replicate-2-20260912/probes-v2/edf1ada561a3/step-004/qwen-r1/native-s.request.json', '/data/zhaogangyi/picorer-eval/qwen36-v100-sufficiency-dynamics-replicate-2-20260912/probes-v2/edf1ada561a3/step-004/qwen-r2/native-s.request.json']",61,93c27cb3a732d8159fd9c42742d176fad0dcea3cfcac8ee8616fa7d01878867a,agentmemorybench:fact-mh-262k:context-0/factconsolidation_mh_262k_no61,1.0,2,4,4,2,8.687499895429937,0.9998313472283776,0.1249999964202288,24385.0,5,1.0,1.0,1.0,0.0,True,,,,,,,"[""finish""]",1.625,0.0,"[""read""]",7.062499895429937,1.0,1.0,True,True,True
False,state_answers,2,state-r3-q061-t002,"['/data/zhaogangyi/picorer-eval/qwen36-v100-sufficiency-dynamics-replicate-3-20260912/probes-v2/edf1ada561a3/step-002/qwen-r1/native-s.request.json', '/data/zhaogangyi/picorer-eval/qwen36-v100-sufficiency-dynamics-replicate-3-20260912/probes-v2/edf1ada561a3/step-002/qwen-r2/native-s.request.json']",61,6cc366c38bab8b63ece2b16ee6bc6c1c76abd6fdddc03bc445fc57846023287c,agentmemorybench:fact-mh-262k:context-0/factconsolidation_mh_262k_no61,0.0,3,2,4,2,3.124999962747097,0.95791227058248,2.2351741790771484e-08,9161.0,5,0.0,0.0,0.0,0.0,True,,,,,,,"[""search""]",-4.875000046798959,0.0,"[""search""]",8.000000009546056,0.0,0.3333333333333333,False,False,True
False,state_answers,2,state-r3-q061-t003,"['/data/zhaogangyi/picorer-eval/qwen36-v100-sufficiency-dynamics-replicate-3-20260912/probes-v2/edf1ada561a3/step-003/qwen-r1/native-s.request.json', '/data/zhaogangyi/picorer-eval/qwen36-v100-sufficiency-dynamics-replicate-3-20260912/probes-v2/edf1ada561a3/step-003/qwen-r2/native-s.request.json']",61,c07cb128bf057deb7d9a1d570bc59aa6425e5d5e66ca9b3e23c03035ec49e943,agentmemorybench:fact-mh-262k:context-0/factconsolidation_mh_262k_no61,0.0,3,3,4,2,2.0624999701976776,0.8872045907347107,0.124999850988388,9366.0,5,0.0,0.0,0.0,0.0,True,,,,,,,"[""read""]",3.124999962747097,0.0,"[""search""]",-1.0624999925494194,0.0,0.6666666666666666,False,False,False
False,state_answers,2,state-r3-q061-t004,"['/data/zhaogangyi/picorer-eval/qwen36-v100-sufficiency-dynamics-replicate-3-20260912/probes-v2/edf1ada561a3/step-004/qwen-r1/native-s.request.json', '/data/zhaogangyi/picorer-eval/qwen36-v100-sufficiency-dynamics-replicate-3-20260912/probes-v2/edf1ada561a3/step-004/qwen-r2/native-s.request.json']",61,19e2173b9843633255aed479a6df77677d7b7394ccf3bc69bc698295f9ee1e66,agentmemorybench:fact-mh-262k:context-0/factconsolidation_mh_262k_no61,1.0,3,4,4,2,6.624999956402462,0.9986749775250958,-0.2499997928971424,24575.0,5,0.8,0.8,0.8,0.0,True,,,,,,,"[""finish""]",2.0624999701976776,0.0,"[""read""]",4.562499986204784,1.0,1.0,True,True,True
False,state_answers,2,state-r1-q062-t002,"['/data/zhaogangyi/picorer-eval/qwen36-v100-sufficiency-dynamics-20260912/probes-v2/dfcc6c86efca/step-002/qwen-r1/native-s.request.json', '/data/zhaogangyi/picorer-eval/qwen36-v100-sufficiency-dynamics-20260912/probes-v2/dfcc6c86efca/step-002/qwen-r2/native-s.request.json']",62,cf3e2581ee6a391ebabf48b4bbf2590e9341bae46b50cfd3d29866b00217ac12,agentmemorybench:fact-mh-262k:context-0/factconsolidation_mh_262k_no62,0.0,1,2,4,2,1.5624999850988388,0.8267117919359419,-0.1250000298023224,9177.0,5,0.0,0.0,0.0,0.0,True,,,,,,,"[""search""]",-4.250000151339918,0.0,"[""search""]",5.812500136438757,0.0,0.3333333333333333,False,False,True
False,state_answers,2,state-r1-q062-t003,"['/data/zhaogangyi/picorer-eval/qwen36-v100-sufficiency-dynamics-20260912/probes-v2/dfcc6c86efca/step-003/qwen-r1/native-s.request.json', '/data/zhaogangyi/picorer-eval/qwen36-v100-sufficiency-dynamics-20260912/probes-v2/dfcc6c86efca/step-003/qwen-r2/native-s.request.json']",62,d4abff2c8822240b018a353b7a960f21bbf3db09ceaed129fc4388a0a22d0252,agentmemorybench:fact-mh-262k:context-0/factconsolidation_mh_262k_no62,0.0,1,3,4,2,3.312499964609742,0.9648551523991342,0.1249998919665813,9405.0,5,0.0,0.0,0.0,0.0,True,,,,,,,"[""read""]",1.5624999850988388,0.0,"[""search""]",1.7499999795109034,0.0,0.6666666666666666,False,False,True
False,state_answers,2,state-r1-q062-t004,"['/data/zhaogangyi/picorer-eval/qwen36-v100-sufficiency-dynamics-20260912/probes-v2/dfcc6c86efca/step-004/qwen-r1/native-s.request.json', '/data/zhaogangyi/picorer-eval/qwen36-v100-sufficiency-dynamics-20260912/probes-v2/dfcc6c86efca/step-004/qwen-r2/native-s.request.json']",62,2e981a707f98c424eaa46aff9f0c6abae534c42b5b3f63897b27da46da756a2f,agentmemorybench:fact-mh-262k:context-0/factconsolidation_mh_262k_no62,1.0,1,4,4,2,8.250000214313332,0.9997388097368662,0.2499998634302755,24840.0,5,1.0,1.0,1.0,0.0,True,,,,,,,"[""finish""]",3.312499964609742,0.0,"[""read""]",4.937500249703589,1.0,1.0,True,True,True
False,state_answers,2,state-r2-q062-t002,"['/data/zhaogangyi/picorer-eval/qwen36-v100-sufficiency-dynamics-replicate-2-20260912/probes-v2/dfcc6c86efca/step-002/qwen-r1/native-s.request.json', '/data/zhaogangyi/picorer-eval/qwen36-v100-sufficiency-dynamics-replicate-2-20260912/probes-v2/dfcc6c86efca/step-002/qwen-r2/native-s.request.json']",62,71ab1643a6c41fe92b49f740df66eb183c5adc8fe4e7da5c48ff268e1d6cc210,agentmemorybench:fact-mh-262k:context-0/factconsolidation_mh_262k_no62,0.0,2,2,5,2,0.875,0.7057850278370112,-1.1920928955078125e-07,9150.0,5,0.0,0.0,0.0,0.0,True,,,,,,,"[""read""]",-4.375000203959644,0.0,"[""search""]",5.250000203959644,0.0,0.25,False,False,True
False,state_answers,2,state-r2-q062-t003,"['/data/zhaogangyi/picorer-eval/qwen36-v100-sufficiency-dynamics-replicate-2-20260912/probes-v2/dfcc6c86efca/step-003/qwen-r1/native-s.request.json', '/data/zhaogangyi/picorer-eval/qwen36-v100-sufficiency-dynamics-replicate-2-20260912/probes-v2/dfcc6c86efca/step-003/qwen-r2/native-s.request.json']",62,ac05dec0860a0d67004e274e6eb00a9506df1ec84ebcda6ee074f14b6d1c72b7,agentmemorybench:fact-mh-262k:context-0/factconsolidation_mh_262k_no62,0.5,2,3,5,2,2.249999910593033,0.904650527388829,0.0,19686.0,5,0.0,0.0,0.0,0.0,True,,,,,,,"[""search""]",0.875,0.0,"[""read""]",1.3749999105930328,0.5,0.5,True,True,True
False,state_answers,2,state-r2-q062-t004,"['/data/zhaogangyi/picorer-eval/qwen36-v100-sufficiency-dynamics-replicate-2-20260912/probes-v2/dfcc6c86efca/step-004/qwen-r1/native-s.request.json', '/data/zhaogangyi/picorer-eval/qwen36-v100-sufficiency-dynamics-replicate-2-20260912/probes-v2/dfcc6c86efca/step-004/qwen-r2/native-s.request.json']",62,b790b7ec657c24f3b9d9ccf137ad2e19f377dca6473efee9b96b0bb81afc538d,agentmemorybench:fact-mh-262k:context-0/factconsolidation_mh_262k_no62,0.5,2,4,5,2,3.4375000027939677,0.9688561695495264,-0.1249998714774847,9386.0,5,0.0,0.0,0.0,1.0,True,,,,,,,"[""read""]",2.249999910593033,0.5,"[""search""]",1.1875000922009349,0.0,0.75,False,False,True
False,state_answers,2,state-r2-q062-t005,"['/data/zhaogangyi/picorer-eval/qwen36-v100-sufficiency-dynamics-replicate-2-20260912/probes-v2/dfcc6c86efca/step-005/qwen-r1/native-s.request.json', '/data/zhaogangyi/picorer-eval/qwen36-v100-sufficiency-dynamics-replicate-2-20260912/probes-v2/dfcc6c86efca/step-005/qwen-r2/native-s.request.json']",62,a5b338af76f4145d22c1980636465ad52ea2e3b7eaaa7009a3c8ac1a430fd837,agentmemorybench:fact-mh-262k:context-0/factconsolidation_mh_262k_no62,1.0,2,5,5,2,6.1874998031998985,0.9979492560573238,-0.1250000674044713,19539.0,5,1.0,1.0,1.0,0.0,True,,,,,,,"[""finish""]",3.4375000027939677,0.5,"[""read""]",2.7499998004059307,0.5,1.0,True,True,True
False,state_answers,2,state-r3-q062-t002,"['/data/zhaogangyi/picorer-eval/qwen36-v100-sufficiency-dynamics-replicate-3-20260912/probes-v2/dfcc6c86efca/step-002/qwen-r1/native-s.request.json', '/data/zhaogangyi/picorer-eval/qwen36-v100-sufficiency-dynamics-replicate-3-20260912/probes-v2/dfcc6c86efca/step-002/qwen-r2/native-s.request.json']",62,7217b52e4b2ee1df88a396cb1e719f6a816680fa27365f8fce322048e6412e12,agentmemorybench:fact-mh-262k:context-0/factconsolidation_mh_262k_no62,0.0,3,2,4,2,0.5625000149011612,0.6370307979258678,0.1250000298023224,9077.0,5,0.0,0.0,0.0,0.0,True,,,,,,,"[""search""]",-4.250000151339918,0.0,"[""search""]",4.81250016624108,0.0,0.3333333333333333,False,False,True
False,state_answers,2,state-r3-q062-t003,"['/data/zhaogangyi/picorer-eval/qwen36-v100-sufficiency-dynamics-replicate-3-20260912/probes-v2/dfcc6c86efca/step-003/qwen-r1/native-s.request.json', '/data/zhaogangyi/picorer-eval/qwen36-v100-sufficiency-dynamics-replicate-3-20260912/probes-v2/dfcc6c86efca/step-003/qwen-r2/native-s.request.json']",62,31d39c7d6ce419767623601f79260c0d7593c4f33ad4735d724d5ed73107eeb2,agentmemorybench:fact-mh-262k:context-0/factconsolidation_mh_262k_no62,0.0,3,3,4,2,2.250000037252903,0.9046505383142494,4.4703483581542975e-08,9497.0,5,0.0,0.0,0.0,0.0,True,,,,,,,"[""read""]",0.5625000149011612,0.0,"[""search""]",1.6875000223517418,0.0,0.6666666666666666,False,False,True
False,state_answers,2,state-r3-q062-t004,"['/data/zhaogangyi/picorer-eval/qwen36-v100-sufficiency-dynamics-replicate-3-20260912/probes-v2/dfcc6c86efca/step-004/qwen-r1/native-s.request.json', '/data/zhaogangyi/picorer-eval/qwen36-v100-sufficiency-dynamics-replicate-3-20260912/probes-v2/dfcc6c86efca/step-004/qwen-r2/native-s.request.json']",62,8d00487f240845a3809195075e14b9cf3e4602a52df5690784d686939b13ab82,agentmemorybench:fact-mh-262k:context-0/factconsolidation_mh_262k_no62,1.0,3,4,4,2,7.500000034982804,0.9994472213824034,-2.3853499442338943e-07,24902.0,5,1.0,1.0,1.0,0.0,True,,,,,,,"[""finish""]",2.250000037252903,0.0,"[""read""]",5.249999997729901,1.0,1.0,True,True,True
False,state_answers,2,state-r1-q064-t002,"['/data/zhaogangyi/picorer-eval/qwen36-v100-sufficiency-dynamics-20260912/probes-v2/60f91d62d087/step-002/qwen-r1/native-s.request.json', '/data/zhaogangyi/picorer-eval/qwen36-v100-sufficiency-dynamics-20260912/probes-v2/60f91d62d087/step-002/qwen-r2/native-s.request.json']",64,5a2e4c2264bf59d9ea00d59b07a480befce150f7bc2e2e73400604861dfab3ad,agentmemorybench:fact-mh-262k:context-0/factconsolidation_mh_262k_no64,0.0,1,2,5,2,2.499999985098839,0.9241418189341296,-1.4901161193847656e-08,9009.0,5,0.0,0.0,0.0,1.0,True,,,,,,,"[""read""]",-3.374999910593033,0.0,"[""search""]",5.874999895691872,0.0,0.25,False,False,True
False,state_answers,2,state-r1-q064-t003,"['/data/zhaogangyi/picorer-eval/qwen36-v100-sufficiency-dynamics-20260912/probes-v2/60f91d62d087/step-003/qwen-r1/native-s.request.json', '/data/zhaogangyi/picorer-eval/qwen36-v100-sufficiency-dynamics-20260912/probes-v2/60f91d62d087/step-003/qwen-r2/native-s.request.json']",64,b0bb32110221621a55080f88c3806be6219580efa2cf4c0bb6a3771d19594dab,agentmemorybench:fact-mh-262k:context-0/factconsolidation_mh_262k_no64,0.5,1,3,5,2,7.875000016312697,0.9996200154914444,0.2499996052647475,24511.0,5,0.0,0.0,0.0,0.0,True,,,,,,,"[""search""]",2.499999985098839,0.0,"[""read""]",5.375000031213858,0.5,0.5,True,True,True
False,state_answers,2,state-r1-q064-t004,"['/data/zhaogangyi/picorer-eval/qwen36-v100-sufficiency-dynamics-20260912/probes-v2/60f91d62d087/step-004/qwen-r1/native-s.request.json', '/data/zhaogangyi/picorer-eval/qwen36-v100-sufficiency-dynamics-20260912/probes-v2/60f91d62d087/step-004/qwen-r2/native-s.request.json']",64,4f0034010abf0b30f46b4cb47a35961db3ffe106a756ea1bb69cececf2ead093,agentmemorybench:fact-mh-262k:context-0/factconsolidation_mh_262k_no64,0.5,1,4,5,2,2.874999985098839,0.9465966694469008,-2.086162567138672e-07,9746.0,5,0.0,0.0,0.0,0.0,True,,,,,,,"[""read""]",7.875000016312697,0.5,"[""search""]",-5.000000031213858,0.0,0.75,False,False,False
False,state_answers,2,state-r1-q064-t005,"['/data/zhaogangyi/picorer-eval/qwen36-v100-sufficiency-dynamics-20260912/probes-v2/60f91d62d087/step-005/qwen-r1/native-s.request.json', '/data/zhaogangyi/picorer-eval/qwen36-v100-sufficiency-dynamics-20260912/probes-v2/60f91d62d087/step-005/qwen-r2/native-s.request.json']",64,abbf67e324d1fc478a968a1355ea2e7ad5ca90a71d19e48812714448fd8d5109,agentmemorybench:fact-mh-262k:context-0/factconsolidation_mh_262k_no64,1.0,1,5,5,2,5.31250013737008,0.9950945949648284,-0.1250001778826117,15170.0,5,0.0,0.0,0.0,1.0,True,,,,,,,"[""finish""]",2.874999985098839,0.5,"[""read""]",2.437500152271241,0.5,1.0,True,True,True
False,state_answers,2,state-r2-q064-t002,"['/data/zhaogangyi/picorer-eval/qwen36-v100-sufficiency-dynamics-replicate-2-20260912/probes-v2/60f91d62d087/step-002/qwen-r1/native-s.request.json', '/data/zhaogangyi/picorer-eval/qwen36-v100-sufficiency-dynamics-replicate-2-20260912/probes-v2/60f91d62d087/step-002/qwen-r2/native-s.request.json']",64,65f8ddb0180f140766a07ed6a178305b1034f75bbbd78843a409585fad4cfdf3,agentmemorybench:fact-mh-262k:context-0/factconsolidation_mh_262k_no64,0.0,2,2,3,2,2.937500052154064,0.9496693698953548,0.124999888241291,9009.0,5,0.0,0.0,0.0,0.0,True,,,,,,,"[""read""]",-3.374999910593033,0.0,"[""search""]",6.312499962747097,0.0,0.5,False,False,True
False,state_answers,2,state-r2-q064-t003,"['/data/zhaogangyi/picorer-eval/qwen36-v100-sufficiency-dynamics-replicate-2-20260912/probes-v2/60f91d62d087/step-003/qwen-r1/native-s.request.json', '/data/zhaogangyi/picorer-eval/qwen36-v100-sufficiency-dynamics-replicate-2-20260912/probes-v2/60f91d62d087/step-003/qwen-r2/native-s.request.json']",64,e51295338aea7cdd464575df9795149e040fecfffc0489a6ef6ca6846ca855c5,agentmemorybench:fact-mh-262k:context-0/factconsolidation_mh_262k_no64,0.5,2,3,3,2,7.750000036714482,0.9995694429344762,-0.2500000720319804,24252.0,5,0.0,0.0,0.0,0.0,True,,,,,,,"[""finish""]",2.937500052154064,0.0,"[""read""]",4.812499984560418,0.5,1.0,True,True,True
False,state_answers,2,state-r3-q064-t002,"['/data/zhaogangyi/picorer-eval/qwen36-v100-sufficiency-dynamics-replicate-3-20260912/probes-v2/60f91d62d087/step-002/qwen-r1/native-s.request.json', '/data/zhaogangyi/picorer-eval/qwen36-v100-sufficiency-dynamics-replicate-3-20260912/probes-v2/60f91d62d087/step-002/qwen-r2/native-s.request.json']",64,20f385e5b26078a85507f631faf31124712f888ee27fc8cde299b04bf8e94a2e,agentmemorybench:fact-mh-262k:context-0/factconsolidation_mh_262k_no64,0.0,3,2,7,2,3.1250000167638063,0.9579122727602368,9.313225746154785e-08,8973.0,5,0.0,0.0,0.0,0.0,True,,,,,,,"[""read""]",-3.374999910593033,0.0,"[""search""]",6.499999927356839,0.0,0.16666666666666666,False,False,True
False,state_answers,2,state-r3-q064-t003,"['/data/zhaogangyi/picorer-eval/qwen36-v100-sufficiency-dynamics-replicate-3-20260912/probes-v2/60f91d62d087/step-003/qwen-r1/native-s.request.json', '/data/zhaogangyi/picorer-eval/qwen36-v100-sufficiency-dynamics-replicate-3-20260912/probes-v2/60f91d62d087/step-003/qwen-r2/native-s.request.json']",64,fc4775a49e395c1325b21f444fe53c9afd507f514194b9b13755bc649f5595e5,agentmemorybench:fact-mh-262k:context-0/factconsolidation_mh_262k_no64,0.5,3,3,7,2,7.499999915307853,0.9994472213162864,2.3853499442338943e-07,24179.0,5,0.0,0.0,0.0,1.0,True,,,,,,,"[""search""]",3.1250000167638063,0.0,"[""read""]",4.374999898544047,0.5,0.3333333333333333,True,True,True
False,state_answers,2,state-r3-q064-t004,"['/data/zhaogangyi/picorer-eval/qwen36-v100-sufficiency-dynamics-replicate-3-20260912/probes-v2/60f91d62d087/step-004/qwen-r1/native-s.request.json', '/data/zhaogangyi/picorer-eval/qwen36-v100-sufficiency-dynamics-replicate-3-20260912/probes-v2/60f91d62d087/step-004/qwen-r2/native-s.request.json']",64,871a7fa4782934caf9f565282da5523ed36445326511ba199973649d0c43f3fd,agentmemorybench:fact-mh-262k:context-0/factconsolidation_mh_262k_no64,0.5,3,4,7,2,2.812499994412065,0.9433475743933906,0.1249997951090335,9768.0,5,0.0,0.0,0.0,2.0,True,,,,,,,"[""read""]",7.499999915307853,0.5,"[""search""]",-4.687499920895789,0.0,0.5,False,False,False
False,state_answers,2,state-r3-q064-t005,"['/data/zhaogangyi/picorer-eval/qwen36-v100-sufficiency-dynamics-replicate-3-20260912/probes-v2/60f91d62d087/step-005/qwen-r1/native-s.request.json', '/data/zhaogangyi/picorer-eval/qwen36-v100-sufficiency-dynamics-replicate-3-20260912/probes-v2/60f91d62d087/step-005/qwen-r2/native-s.request.json']",64,b707e1b2cf24da6fe3710e7be80aa5093bc79af5a3fb4a79ba3f9c432e7cf114,agentmemorybench:fact-mh-262k:context-0/factconsolidation_mh_262k_no64,1.0,3,5,7,2,4.3749997853301466,0.9875683465112896,-1.7695128917694092e-08,14963.0,5,0.0,0.0,0.0,2.0,True,,,,,,,"[""search""]",2.812499994412065,0.5,"[""read""]",1.5624997909180816,0.5,0.6666666666666666,True,True,True
False,state_answers,2,state-r3-q064-t006,"['/data/zhaogangyi/picorer-eval/qwen36-v100-sufficiency-dynamics-replicate-3-20260912/probes-v2/60f91d62d087/step-006/qwen-r1/native-s.request.json', '/data/zhaogangyi/picorer-eval/qwen36-v100-sufficiency-dynamics-replicate-3-20260912/probes-v2/60f91d62d087/step-006/qwen-r2/native-s.request.json']",64,2a9559093b3da6dd3d6d57ae5b7352b420786eaa653eef5ee59a2c5605454758,agentmemorybench:fact-mh-262k:context-0/factconsolidation_mh_262k_no64,1.0,3,6,7,2,3.5000000279396772,0.970687770043612,-2.2351741790771484e-08,10199.0,5,0.4,0.4,0.4,2.0,True,,,,,,,"[""search""]",4.3749997853301466,1.0,"[""search""]",-0.8749997573904693,0.0,0.8333333333333334,False,False,False
False,state_answers,2,state-r3-q064-t007,"['/data/zhaogangyi/picorer-eval/qwen36-v100-sufficiency-dynamics-replicate-3-20260912/probes-v2/60f91d62d087/step-007/qwen-r1/native-s.request.json', '/data/zhaogangyi/picorer-eval/qwen36-v100-sufficiency-dynamics-replicate-3-20260912/probes-v2/60f91d62d087/step-007/qwen-r2/native-s.request.json']",64,12b7bea613a0d4a263638379b726fcd900198381a0f816d4958b47145137c3a9,agentmemorybench:fact-mh-262k:context-0/factconsolidation_mh_262k_no64,1.0,3,7,7,2,4.875000094529241,0.9924227594429826,-1.1175870895385742e-08,10914.0,5,0.0,0.0,0.0,2.0,True,,,,,,,"[""finish""]",3.5000000279396772,1.0,"[""search""]",1.375000066589564,0.0,1.0,False,False,True
False,state_answers,2,state-r1-q065-t002,"['/data/zhaogangyi/picorer-eval/qwen36-v100-sufficiency-dynamics-20260912/probes-v2/706f16c656a5/step-002/qwen-r1/native-s.request.json', '/data/zhaogangyi/picorer-eval/qwen36-v100-sufficiency-dynamics-20260912/probes-v2/706f16c656a5/step-002/qwen-r2/native-s.request.json']",65,830302c07040c79af77b10c91675f478b1d9f681ddfe05daa48605ee268e5219,agentmemorybench:fact-mh-262k:context-0/factconsolidation_mh_262k_no65,0.0,1,2,7,2,-2.500000022351742,0.0758581784543034,-8.940696716308595e-08,9065.0,5,0.0,0.0,0.0,0.0,True,,,,,,,"[""search""]",-4.0000001564621925,0.0,"[""search""]",1.5000001341104507,0.0,0.16666666666666666,False,False,True
False,state_answers,2,state-r1-q065-t003,"['/data/zhaogangyi/picorer-eval/qwen36-v100-sufficiency-dynamics-20260912/probes-v2/706f16c656a5/step-003/qwen-r1/native-s.request.json', '/data/zhaogangyi/picorer-eval/qwen36-v100-sufficiency-dynamics-20260912/probes-v2/706f16c656a5/step-003/qwen-r2/native-s.request.json']",65,0602e825aba0f3ce199896b42e488ff27506cb54d3c2a6e12e7e1db740f4cf92,agentmemorybench:fact-mh-262k:context-0/factconsolidation_mh_262k_no65,0.0,1,3,7,2,-2.249999988824129,0.0953494658631171,8.195638656616212e-08,9495.0,5,0.0,0.0,0.0,0.0,True,,,,,,,"[""read""]",-2.500000022351742,0.0,"[""search""]",0.2500000335276127,0.0,0.3333333333333333,False,False,True
False,state_answers,2,state-r1-q065-t004,"['/data/zhaogangyi/picorer-eval/qwen36-v100-sufficiency-dynamics-20260912/probes-v2/706f16c656a5/step-004/qwen-r1/native-s.request.json', '/data/zhaogangyi/picorer-eval/qwen36-v100-sufficiency-dynamics-20260912/probes-v2/706f16c656a5/step-004/qwen-r2/native-s.request.json']",65,61b0f9eba941a2bd8c925a4c40717e6ed04b4e3e0a58e3f48d2d23bca9a3550d,agentmemorybench:fact-mh-262k:context-0/factconsolidation_mh_262k_no65,0.5,1,4,7,2,1.9999999552965164,0.8807970732843035,0.0,22173.0,5,0.0,0.0,0.0,0.0,True,,,,,,,"[""read""]",-2.249999988824129,0.0,"[""read""]",4.2499999441206455,0.5,0.5,True,True,True
False,state_answers,2,state-r1-q065-t005,"['/data/zhaogangyi/picorer-eval/qwen36-v100-sufficiency-dynamics-20260912/probes-v2/706f16c656a5/step-005/qwen-r1/native-s.request.json', '/data/zhaogangyi/picorer-eval/qwen36-v100-sufficiency-dynamics-20260912/probes-v2/706f16c656a5/step-005/qwen-r2/native-s.request.json']",65,4dab474a92c4dcf81927d60edd7fdf7330cce5e106069f73f0eb21fbef4b4fdc,agentmemorybench:fact-mh-262k:context-0/factconsolidation_mh_262k_no65,0.5,1,5,7,2,0.8125000447034836,0.6926419926516189,-0.1249999701976776,22279.0,5,0.0,0.0,0.0,0.0,True,,,,,,,"[""search""]",1.9999999552965164,0.5,"[""read""]",-1.1874999105930328,0.0,0.6666666666666666,True,False,False
False,state_answers,2,state-r1-q065-t006,"['/data/zhaogangyi/picorer-eval/qwen36-v100-sufficiency-dynamics-20260912/probes-v2/706f16c656a5/step-006/qwen-r1/native-s.request.json', '/data/zhaogangyi/picorer-eval/qwen36-v100-sufficiency-dynamics-20260912/probes-v2/706f16c656a5/step-006/qwen-r2/native-s.request.json']",65,b5eedd01cc2644893f031fba295e4d9cbea2185870462f8b6a6232f4bea953a0,agentmemorybench:fact-mh-262k:context-0/factconsolidation_mh_262k_no65,0.5,1,6,7,2,2.187500014901161,0.8991213786215104,0.1250001788139343,10630.0,5,0.0,0.0,0.0,0.0,True,,,,,,,"[""read""]",0.8125000447034836,0.5,"[""search""]",1.3749999701976776,0.0,0.8333333333333334,False,False,True
False,state_answers,2,state-r1-q065-t007,"['/data/zhaogangyi/picorer-eval/qwen36-v100-sufficiency-dynamics-20260912/probes-v2/706f16c656a5/step-007/qwen-r1/native-s.request.json', '/data/zhaogangyi/picorer-eval/qwen36-v100-sufficiency-dynamics-20260912/probes-v2/706f16c656a5/step-007/qwen-r2/native-s.request.json']",65,686421eaf05e42c9319e971922a7a27dc8dceb6ada705d1ff38ad6f709aca970,agentmemorybench:fact-mh-262k:context-0/factconsolidation_mh_262k_no65,1.0,1,7,7,2,6.499999821186066,0.9984988174752336,0.0,21284.0,5,0.0,0.0,0.0,0.0,True,,,,,,,"[""finish""]",2.187500014901161,0.5,"[""read""]",4.3124998062849045,0.5,1.0,True,True,True
False,state_answers,2,state-r2-q065-t002,"['/data/zhaogangyi/picorer-eval/qwen36-v100-sufficiency-dynamics-replicate-2-20260912/probes-v2/706f16c656a5/step-002/qwen-r1/native-s.request.json', '/data/zhaogangyi/picorer-eval/qwen36-v100-sufficiency-dynamics-replicate-2-20260912/probes-v2/706f16c656a5/step-002/qwen-r2/native-s.request.json']",65,774406bec9fef6836e98946469ceb2797c9eae5638ac3b98251452aa7a9447f5,agentmemorybench:fact-mh-262k:context-0/factconsolidation_mh_262k_no65,0.0,2,2,3,2,0.4375,0.6076631698328917,-0.125,9030.0,5,0.0,0.0,0.0,0.0,True,,,,,,,"[""read""]",-4.000000158324838,0.0,"[""search""]",4.437500158324838,0.0,0.5,False,False,True
False,state_answers,2,state-r2-q065-t003,"['/data/zhaogangyi/picorer-eval/qwen36-v100-sufficiency-dynamics-replicate-2-20260912/probes-v2/706f16c656a5/step-003/qwen-r1/native-s.request.json', '/data/zhaogangyi/picorer-eval/qwen36-v100-sufficiency-dynamics-replicate-2-20260912/probes-v2/706f16c656a5/step-003/qwen-r2/native-s.request.json']",65,912d4b08833c9191530c9b993e60391bae8d4fa912c56f7e5006812235f315e5,agentmemorybench:fact-mh-262k:context-0/factconsolidation_mh_262k_no65,0.5,2,3,3,2,7.687499809675501,0.9995416870121768,-0.1250000922300387,24015.0,5,0.0,0.0,0.0,0.0,True,,,,,,,"[""finish""]",0.4375,0.0,"[""read""]",7.249999809675501,0.5,1.0,True,True,True
False,state_answers,2,state-r3-q065-t002,"['/data/zhaogangyi/picorer-eval/qwen36-v100-sufficiency-dynamics-replicate-3-20260912/probes-v2/706f16c656a5/step-002/qwen-r1/native-s.request.json', '/data/zhaogangyi/picorer-eval/qwen36-v100-sufficiency-dynamics-replicate-3-20260912/probes-v2/706f16c656a5/step-002/qwen-r2/native-s.request.json']",65,6e86f7075b9560f20b6e966123851ff6daba0ac2c7686f28a6e2a8458ff31cdf,agentmemorybench:fact-mh-262k:context-0/factconsolidation_mh_262k_no65,0.0,3,2,5,2,0.6875000298023224,0.6654105653819835,-0.1250000596046447,9024.0,5,0.0,0.0,0.0,0.0,True,,,,,,,"[""read""]",-4.0000000558793545,0.0,"[""search""]",4.687500085681677,0.0,0.25,False,False,True
False,state_answers,2,state-r3-q065-t003,"['/data/zhaogangyi/picorer-eval/qwen36-v100-sufficiency-dynamics-replicate-3-20260912/probes-v2/706f16c656a5/step-003/qwen-r1/native-s.request.json', '/data/zhaogangyi/picorer-eval/qwen36-v100-sufficiency-dynamics-replicate-3-20260912/probes-v2/706f16c656a5/step-003/qwen-r2/native-s.request.json']",65,23a434840bbed87d5ef940033becae2cb2dda586d5cebccc424c806a59902a0f,agentmemorybench:fact-mh-262k:context-0/factconsolidation_mh_262k_no65,0.5,3,3,5,2,3.8125000074505806,0.978384667394918,0.124999962747097,28760.0,5,0.0,0.0,0.0,0.0,True,,,,,,,"[""search""]",0.6875000298023224,0.0,"[""read""]",3.124999977648258,0.5,0.5,True,True,True
False,state_answers,2,state-r3-q065-t004,"['/data/zhaogangyi/picorer-eval/qwen36-v100-sufficiency-dynamics-replicate-3-20260912/probes-v2/706f16c656a5/step-004/qwen-r1/native-s.request.json', '/data/zhaogangyi/picorer-eval/qwen36-v100-sufficiency-dynamics-replicate-3-20260912/probes-v2/706f16c656a5/step-004/qwen-r2/native-s.request.json']",65,c89a1153f44b22c63009f5ffbe3aab5430f909ffbcf55497b4e4f83a91178eaf,agentmemorybench:fact-mh-262k:context-0/factconsolidation_mh_262k_no65,0.5,3,4,5,2,2.187499914318323,0.8991213694984329,-0.1250000372529029,9458.0,5,0.0,0.0,0.0,0.0,True,,,,,,,"[""read""]",3.8125000074505806,0.5,"[""search""]",-1.6250000931322575,0.0,0.75,False,False,False
False,state_answers,2,state-r3-q065-t005,"['/data/zhaogangyi/picorer-eval/qwen36-v100-sufficiency-dynamics-replicate-3-20260912/probes-v2/706f16c656a5/step-005/qwen-r1/native-s.request.json', '/data/zhaogangyi/picorer-eval/qwen36-v100-sufficiency-dynamics-replicate-3-20260912/probes-v2/706f16c656a5/step-005/qwen-r2/native-s.request.json']",65,19800fe390ba5d5f0631b6f524d8e2dff30c8c90621e35affb05ed1fe101cde4,agentmemorybench:fact-mh-262k:context-0/factconsolidation_mh_262k_no65,1.0,3,5,5,2,5.312500189524144,0.99509459521941,-0.1250000605359673,19945.0,5,0.0,0.0,0.0,0.0,True,,,,,,,"[""finish""]",2.187499914318323,0.5,"[""read""]",3.125000275205821,0.5,1.0,True,True,True
False,state_answers,2,state-r1-q066-t002,"['/data/zhaogangyi/picorer-eval/qwen36-v100-sufficiency-dynamics-20260912/probes-v2/9e405d319b47/step-002/qwen-r1/native-s.request.json', '/data/zhaogangyi/picorer-eval/qwen36-v100-sufficiency-dynamics-20260912/probes-v2/9e405d319b47/step-002/qwen-r2/native-s.request.json']",66,21c101eb7b6b66ab0f8e023aca90d7d06b6462c4fa480bf93eeea8156d431ab4,agentmemorybench:fact-mh-262k:context-0/factconsolidation_mh_262k_no66,0.0,1,2,3,2,2.562499936670065,0.9284087963461662,0.1250001117587089,9017.0,5,0.0,0.0,0.0,0.0,True,,,,,,,"[""read""]",-4.249999881256372,0.0,"[""search""]",6.812499817926437,0.0,0.5,False,False,True
False,state_answers,2,state-r1-q066-t003,"['/data/zhaogangyi/picorer-eval/qwen36-v100-sufficiency-dynamics-20260912/probes-v2/9e405d319b47/step-003/qwen-r1/native-s.request.json', '/data/zhaogangyi/picorer-eval/qwen36-v100-sufficiency-dynamics-20260912/probes-v2/9e405d319b47/step-003/qwen-r2/native-s.request.json']",66,17823403190dc500874195a06810498c9f159f2a1415f70ad8e3f3221ede25f9,agentmemorybench:fact-mh-262k:context-0/factconsolidation_mh_262k_no66,0.5,1,3,3,2,8.812499952371581,0.9998511615103391,-0.3750001106236595,19183.0,5,0.0,0.0,0.5,0.0,True,,,,,,,"[""finish""]",2.562499936670065,0.0,"[""read""]",6.2500000157015165,0.5,1.0,True,True,True
False,state_answers,2,state-r2-q066-t002,"['/data/zhaogangyi/picorer-eval/qwen36-v100-sufficiency-dynamics-replicate-2-20260912/probes-v2/9e405d319b47/step-002/qwen-r1/native-s.request.json', '/data/zhaogangyi/picorer-eval/qwen36-v100-sufficiency-dynamics-replicate-2-20260912/probes-v2/9e405d319b47/step-002/qwen-r2/native-s.request.json']",66,e148999cce280477f3e7a515844f9b395c71e4c78da02db29d0f28f80dd14d47,agentmemorybench:fact-mh-262k:context-0/factconsolidation_mh_262k_no66,0.0,2,2,5,2,2.4374999180436134,0.9196425251212038,0.1249999701976776,9009.0,5,0.0,0.0,0.0,0.0,True,,,,,,,"[""read""]",-4.249999881256372,0.0,"[""search""]",6.687499799299985,0.0,0.25,False,False,True
False,state_answers,2,state-r2-q066-t003,"['/data/zhaogangyi/picorer-eval/qwen36-v100-sufficiency-dynamics-replicate-2-20260912/probes-v2/9e405d319b47/step-003/qwen-r1/native-s.request.json', '/data/zhaogangyi/picorer-eval/qwen36-v100-sufficiency-dynamics-replicate-2-20260912/probes-v2/9e405d319b47/step-003/qwen-r2/native-s.request.json']",66,6653f37a1315dda2f06436ea73d28fb5efc6e9361130249b72608a58f85919bb,agentmemorybench:fact-mh-262k:context-0/factconsolidation_mh_262k_no66,0.5,2,3,5,2,3.9999997820705175,0.9820137861886836,-7.450580596923828e-09,19484.0,5,0.0,0.0,0.5,0.0,True,,,,,,,"[""search""]",2.4374999180436134,0.0,"[""read""]",1.562499864026904,0.5,0.5,True,True,True
False,state_answers,2,state-r2-q066-t004,"['/data/zhaogangyi/picorer-eval/qwen36-v100-sufficiency-dynamics-replicate-2-20260912/probes-v2/9e405d319b47/step-004/qwen-r1/native-s.request.json', '/data/zhaogangyi/picorer-eval/qwen36-v100-sufficiency-dynamics-replicate-2-20260912/probes-v2/9e405d319b47/step-004/qwen-r2/native-s.request.json']",66,e6eebc7afe871518d75f6260ce0ab789f52779009e5bb892d817fb32496ea5ef,agentmemorybench:fact-mh-262k:context-0/factconsolidation_mh_262k_no66,0.5,2,4,5,2,3.9374999860301614,0.9808759629870604,-0.1249998975545167,9760.0,5,0.0,0.0,0.5,0.0,True,,,,,,,"[""read""]",3.9999997820705175,0.5,"[""search""]",-0.06249979604035616,0.0,0.75,False,False,False
False,state_answers,2,state-r2-q066-t005,"['/data/zhaogangyi/picorer-eval/qwen36-v100-sufficiency-dynamics-replicate-2-20260912/probes-v2/9e405d319b47/step-005/qwen-r1/native-s.request.json', '/data/zhaogangyi/picorer-eval/qwen36-v100-sufficiency-dynamics-replicate-2-20260912/probes-v2/9e405d319b47/step-005/qwen-r2/native-s.request.json']",66,31bee1cf04e3a3c09ca8874da7aae8216e6b6e75ad42ab928e91c2b14233e04a,agentmemorybench:fact-mh-262k:context-0/factconsolidation_mh_262k_no66,1.0,2,5,5,2,8.499999902618583,0.9997965730021388,-7.151102181524038e-07,19993.0,5,0.4,0.4,0.7,0.0,True,,,,,,,"[""finish""]",3.9374999860301614,0.5,"[""read""]",4.562499916588422,0.5,1.0,True,True,True
False,state_answers,2,state-r3-q066-t002,"['/data/zhaogangyi/picorer-eval/qwen36-v100-sufficiency-dynamics-replicate-3-20260912/probes-v2/9e405d319b47/step-002/qwen-r1/native-s.request.json', '/data/zhaogangyi/picorer-eval/qwen36-v100-sufficiency-dynamics-replicate-3-20260912/probes-v2/9e405d319b47/step-002/qwen-r2/native-s.request.json']",66,8bcdbd198966316e1e7f5a1ffe79491c74b2e97751ac9d7593f08b21b8e62d24,agentmemorybench:fact-mh-262k:context-0/factconsolidation_mh_262k_no66,0.0,3,2,5,2,2.8750000167638063,0.9465966710476098,2.60770320892334e-08,9050.0,5,0.0,0.0,0.0,0.0,True,,,,,,,"[""read""]",-4.374999833293259,0.0,"[""search""]",7.2499998500570655,0.0,0.25,False,False,True
False,state_answers,2,state-r3-q066-t003,"['/data/zhaogangyi/picorer-eval/qwen36-v100-sufficiency-dynamics-replicate-3-20260912/probes-v2/9e405d319b47/step-003/qwen-r1/native-s.request.json', '/data/zhaogangyi/picorer-eval/qwen36-v100-sufficiency-dynamics-replicate-3-20260912/probes-v2/9e405d319b47/step-003/qwen-r2/native-s.request.json']",66,dbc706d88147d16bd7ca005af7d3ce68a4047e0316e86e9ceb264de5e313da6a,agentmemorybench:fact-mh-262k:context-0/factconsolidation_mh_262k_no66,0.5,3,3,5,2,7.56249995843973,0.9994806951139338,0.1249998466810211,19220.0,5,0.0,0.0,0.5,0.0,True,,,,,,,"[""search""]",2.8750000167638063,0.0,"[""read""]",4.687499941675924,0.5,0.5,True,True,True
False,state_answers,2,state-r3-q066-t004,"['/data/zhaogangyi/picorer-eval/qwen36-v100-sufficiency-dynamics-replicate-3-20260912/probes-v2/9e405d319b47/step-004/qwen-r1/native-s.request.json', '/data/zhaogangyi/picorer-eval/qwen36-v100-sufficiency-dynamics-replicate-3-20260912/probes-v2/9e405d319b47/step-004/qwen-r2/native-s.request.json']",66,3d73744d8be8a4006c0997ba638174d46a606bcfaeb633a94ab1a1ea10ed517a,agentmemorybench:fact-mh-262k:context-0/factconsolidation_mh_262k_no66,0.5,3,4,5,2,2.5000000037252903,0.9241418202399132,-2.1606683731079107e-07,9420.0,5,0.0,0.0,0.5,0.0,True,,,,,,,"[""read""]",7.56249995843973,0.5,"[""search""]",-5.06249995471444,0.0,0.75,False,False,False
False,state_answers,2,state-r3-q066-t005,"['/data/zhaogangyi/picorer-eval/qwen36-v100-sufficiency-dynamics-replicate-3-20260912/probes-v2/9e405d319b47/step-005/qwen-r1/native-s.request.json', '/data/zhaogangyi/picorer-eval/qwen36-v100-sufficiency-dynamics-replicate-3-20260912/probes-v2/9e405d319b47/step-005/qwen-r2/native-s.request.json']",66,57481d620aacc7a1e771df6a5d992bdc239757cf50bec8362e0b183d9ff808ef,agentmemorybench:fact-mh-262k:context-0/factconsolidation_mh_262k_no66,1.0,3,5,5,2,6.562500111642294,0.9985896416606156,-0.1250001075677573,19584.0,5,0.2,0.2,0.6,0.0,True,,,,,,,"[""finish""]",2.5000000037252903,0.5,"[""read""]",4.062500107917003,0.5,1.0,True,True,True
False,state_answers,2,state-r1-q067-t002,"['/data/zhaogangyi/picorer-eval/qwen36-v100-sufficiency-dynamics-20260912/probes-v2/221eb5aea752/step-002/qwen-r1/native-s.request.json', '/data/zhaogangyi/picorer-eval/qwen36-v100-sufficiency-dynamics-20260912/probes-v2/221eb5aea752/step-002/qwen-r2/native-s.request.json']",67,bd350daf91874f2f9ac42da0c815afa030b3a041543132b3d8d6c40956596d6d,agentmemorybench:fact-mh-262k:context-0/factconsolidation_mh_262k_no67,0.0,1,2,6,2,2.375000052154064,0.914900959053549,0.0,9015.0,5,0.0,0.0,0.0,0.0,True,,,,,,,"[""read""]",-5.125000142492354,0.0,"[""search""]",7.500000194646418,0.0,0.2,False,False,True
False,state_answers,2,state-r1-q067-t003,"['/data/zhaogangyi/picorer-eval/qwen36-v100-sufficiency-dynamics-20260912/probes-v2/221eb5aea752/step-003/qwen-r1/native-s.request.json', '/data/zhaogangyi/picorer-eval/qwen36-v100-sufficiency-dynamics-20260912/probes-v2/221eb5aea752/step-003/qwen-r2/native-s.request.json']",67,43b1e2ffc7a3907ab81f3af1333d1f2c093610a34fca8a4b1a559d83d443aee0,agentmemorybench:fact-mh-262k:context-0/factconsolidation_mh_262k_no67,0.0,1,3,6,2,7.187500051979441,0.9992445944065064,0.1250001664739102,24103.0,5,0.0,0.0,0.0,0.0,True,,,,,,,"[""read""]",2.375000052154064,0.0,"[""read""]",4.812499999825377,0.0,0.4,True,False,True
False,state_answers,2,state-r1-q067-t004,"['/data/zhaogangyi/picorer-eval/qwen36-v100-sufficiency-dynamics-20260912/probes-v2/221eb5aea752/step-004/qwen-r1/native-s.request.json', '/data/zhaogangyi/picorer-eval/qwen36-v100-sufficiency-dynamics-20260912/probes-v2/221eb5aea752/step-004/qwen-r2/native-s.request.json']",67,e0b2a085d746bf449be11a4093b4bfbc9ee2681e3899c7452a3cc34e35a9b3e8,agentmemorybench:fact-mh-262k:context-0/factconsolidation_mh_262k_no67,0.5,1,4,6,2,0.6875,0.665410558746814,0.1250001192092895,15203.0,5,0.0,0.0,0.0,0.0,True,,,,,,,"[""search""]",7.187500051979441,0.0,"[""read""]",-6.500000051979441,0.5,0.6,True,True,False
False,state_answers,2,state-r1-q067-t005,"['/data/zhaogangyi/picorer-eval/qwen36-v100-sufficiency-dynamics-20260912/probes-v2/221eb5aea752/step-005/qwen-r1/native-s.request.json', '/data/zhaogangyi/picorer-eval/qwen36-v100-sufficiency-dynamics-20260912/probes-v2/221eb5aea752/step-005/qwen-r2/native-s.request.json']",67,0665300f54438e7e40490d738c7ccf6d41a8525c1751a85eba11b89c91840732,agentmemorybench:fact-mh-262k:context-0/factconsolidation_mh_262k_no67,0.5,1,5,6,2,2.5625000707805157,0.928408805259938,-0.1250000074505806,10249.0,5,0.0,0.0,0.0,0.0,True,,,,,,,"[""read""]",0.6875,0.5,"[""search""]",1.8750000707805157,0.0,0.8,False,False,True
False,state_answers,2,state-r1-q067-t006,"['/data/zhaogangyi/picorer-eval/qwen36-v100-sufficiency-dynamics-20260912/probes-v2/221eb5aea752/step-006/qwen-r1/native-s.request.json', '/data/zhaogangyi/picorer-eval/qwen36-v100-sufficiency-dynamics-20260912/probes-v2/221eb5aea752/step-006/qwen-r2/native-s.request.json']",67,6f3c3583ce4fad27a04dc24aa42d70fba62c7dd0af7ca3b9187c158ea1898ab3,agentmemorybench:fact-mh-262k:context-0/factconsolidation_mh_262k_no67,1.0,1,6,6,2,7.437499996711267,0.9994115911795092,-0.1250003140303306,20374.0,5,1.0,1.0,1.0,0.0,True,,,,,,,"[""finish""]",2.5625000707805157,0.5,"[""read""]",4.8749999259307515,0.5,1.0,True,True,True
False,state_answers,2,state-r2-q067-t002,"['/data/zhaogangyi/picorer-eval/qwen36-v100-sufficiency-dynamics-replicate-2-20260912/probes-v2/221eb5aea752/step-002/qwen-r1/native-s.request.json', '/data/zhaogangyi/picorer-eval/qwen36-v100-sufficiency-dynamics-replicate-2-20260912/probes-v2/221eb5aea752/step-002/qwen-r2/native-s.request.json']",67,a085295b5b5f1c74709a7f010b290c9d2cf490d0612fb4f9bc3c0552b7f93be3,agentmemorybench:fact-mh-262k:context-0/factconsolidation_mh_262k_no67,0.0,2,2,5,2,1.5625000447034836,0.8267118004748677,0.1249999701976776,9054.0,5,0.0,0.0,0.0,0.0,True,,,,,,,"[""read""]",-5.125000142492354,0.0,"[""search""]",6.6875001871958375,0.0,0.25,False,False,True
False,state_answers,2,state-r2-q067-t003,"['/data/zhaogangyi/picorer-eval/qwen36-v100-sufficiency-dynamics-replicate-2-20260912/probes-v2/221eb5aea752/step-003/qwen-r1/native-s.request.json', '/data/zhaogangyi/picorer-eval/qwen36-v100-sufficiency-dynamics-replicate-2-20260912/probes-v2/221eb5aea752/step-003/qwen-r2/native-s.request.json']",67,27689060b9db6973cb975512e123bcedc24c98afe39abb64c150090056ef7ac1,agentmemorybench:fact-mh-262k:context-0/factconsolidation_mh_262k_no67,0.5,2,3,5,2,0.3125,0.5774953651858118,0.125,19483.0,5,0.0,0.0,0.0,1.0,True,,,,,,,"[""search""]",1.5625000447034836,0.0,"[""read""]",-1.2500000447034836,0.5,0.5,True,True,False
False,state_answers,2,state-r2-q067-t004,"['/data/zhaogangyi/picorer-eval/qwen36-v100-sufficiency-dynamics-replicate-2-20260912/probes-v2/221eb5aea752/step-004/qwen-r1/native-s.request.json', '/data/zhaogangyi/picorer-eval/qwen36-v100-sufficiency-dynamics-replicate-2-20260912/probes-v2/221eb5aea752/step-004/qwen-r2/native-s.request.json']",67,73f9a642e5a565ecec4f15811e09fe10809857bb7197abce0ff4b5ccc63a4f73,agentmemorybench:fact-mh-262k:context-0/factconsolidation_mh_262k_no67,0.5,2,4,5,2,2.812500026077032,0.9433475760856592,0.1249999850988388,9673.0,5,0.0,0.0,0.0,2.0,True,,,,,,,"[""read""]",0.3125,0.5,"[""search""]",2.500000026077032,0.0,0.75,False,False,True
False,state_answers,2,state-r2-q067-t005,"['/data/zhaogangyi/picorer-eval/qwen36-v100-sufficiency-dynamics-replicate-2-20260912/probes-v2/221eb5aea752/step-005/qwen-r1/native-s.request.json', '/data/zhaogangyi/picorer-eval/qwen36-v100-sufficiency-dynamics-replicate-2-20260912/probes-v2/221eb5aea752/step-005/qwen-r2/native-s.request.json']",67,1fde11e3f39cc122613baa8eb5e2e4341c5eafe401eb9bfa49b7e2509830aea5,agentmemorybench:fact-mh-262k:context-0/factconsolidation_mh_262k_no67,1.0,2,5,5,2,8.249999796040356,0.9997388096276458,2.3836037144064906e-07,19842.0,5,1.0,1.0,1.0,0.0,True,,,,,,,"[""finish""]",2.812500026077032,0.5,"[""read""]",5.437499769963324,0.5,1.0,True,True,True
False,state_answers,2,state-r3-q067-t002,"['/data/zhaogangyi/picorer-eval/qwen36-v100-sufficiency-dynamics-replicate-3-20260912/probes-v2/221eb5aea752/step-002/qwen-r1/native-s.request.json', '/data/zhaogangyi/picorer-eval/qwen36-v100-sufficiency-dynamics-replicate-3-20260912/probes-v2/221eb5aea752/step-002/qwen-r2/native-s.request.json']",67,e22034d8dea306863ef5895f056964c82d93ddb8ec45467a7293edf0480116fe,agentmemorybench:fact-mh-262k:context-0/factconsolidation_mh_262k_no67,0.0,3,2,4,2,1.3749999478459358,0.798186769338402,-1.4901161193847656e-08,9089.0,5,0.0,0.0,0.0,0.0,True,,,,,,,"[""search""]",-5.125000073108822,0.0,"[""search""]",6.500000020954758,0.0,0.3333333333333333,False,False,True
False,state_answers,2,state-r3-q067-t003,"['/data/zhaogangyi/picorer-eval/qwen36-v100-sufficiency-dynamics-replicate-3-20260912/probes-v2/221eb5aea752/step-003/qwen-r1/native-s.request.json', '/data/zhaogangyi/picorer-eval/qwen36-v100-sufficiency-dynamics-replicate-3-20260912/probes-v2/221eb5aea752/step-003/qwen-r2/native-s.request.json']",67,6a31c6e8b47ce3654c2aaf5585d71d1506866aeddfe6f00cc08a78c2276e9f08,agentmemorybench:fact-mh-262k:context-0/factconsolidation_mh_262k_no67,0.0,3,3,4,2,0.375,0.5926665999540697,0.0,9523.0,5,0.0,0.0,0.0,1.0,True,,,,,,,"[""read""]",1.3749999478459358,0.0,"[""search""]",-0.9999999478459358,0.0,0.6666666666666666,False,False,False
False,state_answers,2,state-r3-q067-t004,"['/data/zhaogangyi/picorer-eval/qwen36-v100-sufficiency-dynamics-replicate-3-20260912/probes-v2/221eb5aea752/step-004/qwen-r1/native-s.request.json', '/data/zhaogangyi/picorer-eval/qwen36-v100-sufficiency-dynamics-replicate-3-20260912/probes-v2/221eb5aea752/step-004/qwen-r2/native-s.request.json']",67,b749a7f768ce53aaee2b39d64c8c773b1cfa7bb08b405c9ef28d8b27d295bff9,agentmemorybench:fact-mh-262k:context-0/factconsolidation_mh_262k_no67,0.5,3,4,4,2,8.250000333340722,0.9997388097679468,-1.1918018572032453e-07,25204.0,5,0.0,0.0,0.0,1.0,True,,,,,,,"[""finish""]",0.375,0.0,"[""read""]",7.875000333340722,0.5,1.0,True,True,True
False,state_answers,2,state-r1-q068-t002,"['/data/zhaogangyi/picorer-eval/qwen36-v100-sufficiency-dynamics-20260912/probes-v2/3eab8be601f9/step-002/qwen-r1/native-s.request.json', '/data/zhaogangyi/picorer-eval/qwen36-v100-sufficiency-dynamics-20260912/probes-v2/3eab8be601f9/step-002/qwen-r2/native-s.request.json']",68,fb386590c9b3acd42eda0292fe40bf4bd69f3fb9ef779111029d80fdd96edc17,agentmemorybench:fact-mh-262k:context-0/factconsolidation_mh_262k_no68,0.0,1,2,6,2,0.5625000149011612,0.6370307979258678,-0.1250000298023224,8916.0,5,0.0,0.0,0.0,0.0,True,,,,,,,"[""search""]",-4.125000189989805,0.0,"[""search""]",4.687500204890966,0.0,0.2,False,False,True
False,state_answers,2,state-r1-q068-t003,"['/data/zhaogangyi/picorer-eval/qwen36-v100-sufficiency-dynamics-20260912/probes-v2/3eab8be601f9/step-003/qwen-r1/native-s.request.json', '/data/zhaogangyi/picorer-eval/qwen36-v100-sufficiency-dynamics-20260912/probes-v2/3eab8be601f9/step-003/qwen-r2/native-s.request.json']",68,1197fce087aa6f64c69995597f79dccee0e1f1c9d921783d1633c9d14ae31d57,agentmemorybench:fact-mh-262k:context-0/factconsolidation_mh_262k_no68,0.0,1,3,6,2,1.6249999925494194,0.8354835360793486,-4.4703483581542975e-08,9239.0,5,0.0,0.0,0.0,0.0,True,,,,,,,"[""read""]",0.5625000149011612,0.0,"[""search""]",1.0624999776482582,0.0,0.4,False,False,True
False,state_answers,2,state-r1-q068-t004,"['/data/zhaogangyi/picorer-eval/qwen36-v100-sufficiency-dynamics-20260912/probes-v2/3eab8be601f9/step-004/qwen-r1/native-s.request.json', '/data/zhaogangyi/picorer-eval/qwen36-v100-sufficiency-dynamics-20260912/probes-v2/3eab8be601f9/step-004/qwen-r2/native-s.request.json']",68,1b106bdfb4457b9b14c8a762a9d03df5d4b06ca2fd4730b2ef6c476afc1b61c4,agentmemorybench:fact-mh-262k:context-0/factconsolidation_mh_262k_no68,1.0,1,4,6,2,6.93749994126847,0.9990302479753176,-0.125000238767825,19657.0,5,1.0,1.0,1.0,0.0,True,,,,,,,"[""search""]",1.6249999925494194,0.0,"[""read""]",5.312499948719051,1.0,0.6,True,True,True
False,state_answers,2,state-r1-q068-t005,"['/data/zhaogangyi/picorer-eval/qwen36-v100-sufficiency-dynamics-20260912/probes-v2/3eab8be601f9/step-005/qwen-r1/native-s.request.json', '/data/zhaogangyi/picorer-eval/qwen36-v100-sufficiency-dynamics-20260912/probes-v2/3eab8be601f9/step-005/qwen-r2/native-s.request.json']",68,14e896595602bdae2f07f4d1c3108004d76fccecd404c33db0515f4e4acd55d0,agentmemorybench:fact-mh-262k:context-0/factconsolidation_mh_262k_no68,1.0,1,5,6,2,3.625000002793968,0.9740426428728448,-1.657754182815552e-07,9987.0,5,1.0,1.0,1.0,0.0,True,,,,,,,"[""read""]",6.93749994126847,1.0,"[""search""]",-3.312499938474502,0.0,0.8,False,False,False
False,state_answers,2,state-r1-q068-t006,"['/data/zhaogangyi/picorer-eval/qwen36-v100-sufficiency-dynamics-20260912/probes-v2/3eab8be601f9/step-006/qwen-r1/native-s.request.json', '/data/zhaogangyi/picorer-eval/qwen36-v100-sufficiency-dynamics-20260912/probes-v2/3eab8be601f9/step-006/qwen-r2/native-s.request.json']",68,853d1b2953ef4074a8985b359fb2d8f88ad5273b3c65341f2ebb7551b965b7b0,agentmemorybench:fact-mh-262k:context-0/factconsolidation_mh_262k_no68,1.0,1,6,6,2,5.3124999206047505,0.9950945939067224,0.374999966006726,25509.0,5,1.0,1.0,1.0,0.0,True,,,,,,,"[""finish""]",3.625000002793968,1.0,"[""read""]",1.6874999178107823,0.0,1.0,True,False,True
False,state_answers,2,state-r2-q068-t002,"['/data/zhaogangyi/picorer-eval/qwen36-v100-sufficiency-dynamics-replicate-2-20260912/probes-v2/3eab8be601f9/step-002/qwen-r1/native-s.request.json', '/data/zhaogangyi/picorer-eval/qwen36-v100-sufficiency-dynamics-replicate-2-20260912/probes-v2/3eab8be601f9/step-002/qwen-r2/native-s.request.json']",68,abc8f8f63672c68f7b8fa34dba1423f63e7cec3725af48acf0b7763486da0ac0,agentmemorybench:fact-mh-262k:context-0/factconsolidation_mh_262k_no68,0.0,2,2,5,2,1.25,0.7772998611746911,0.2500000596046448,8899.0,5,0.0,0.0,0.0,0.0,True,,,,,,,"[""read""]",-4.187500077765435,0.0,"[""search""]",5.437500077765435,0.0,0.25,False,False,True
False,state_answers,2,state-r2-q068-t003,"['/data/zhaogangyi/picorer-eval/qwen36-v100-sufficiency-dynamics-replicate-2-20260912/probes-v2/3eab8be601f9/step-003/qwen-r1/native-s.request.json', '/data/zhaogangyi/picorer-eval/qwen36-v100-sufficiency-dynamics-replicate-2-20260912/probes-v2/3eab8be601f9/step-003/qwen-r2/native-s.request.json']",68,8249ea4aa2bdf475e584e345bc0199c7ababf7e34be8e74accb3858a592856d1,agentmemorybench:fact-mh-262k:context-0/factconsolidation_mh_262k_no68,0.5,2,3,5,2,0.7499999850988388,0.6791786959285045,2.9802322387695312e-08,19365.0,5,0.0,0.0,0.0,0.0,True,,,,,,,"[""search""]",1.25,0.0,"[""read""]",-0.5000000149011612,0.5,0.5,True,True,False
False,state_answers,2,state-r2-q068-t004,"['/data/zhaogangyi/picorer-eval/qwen36-v100-sufficiency-dynamics-replicate-2-20260912/probes-v2/3eab8be601f9/step-004/qwen-r1/native-s.request.json', '/data/zhaogangyi/picorer-eval/qwen36-v100-sufficiency-dynamics-replicate-2-20260912/probes-v2/3eab8be601f9/step-004/qwen-r2/native-s.request.json']",68,db86f51b74f9338ff0b3b1b645665819083b9292a692bf65045765af8bcccf91,agentmemorybench:fact-mh-262k:context-0/factconsolidation_mh_262k_no68,0.5,2,4,5,2,3.187500013038516,0.960361161395375,0.1249998845160007,9707.0,5,0.0,0.0,0.0,0.0,True,,,,,,,"[""read""]",0.7499999850988388,0.5,"[""search""]",2.4375000279396772,0.0,0.75,False,False,True
False,state_answers,2,state-r2-q068-t005,"['/data/zhaogangyi/picorer-eval/qwen36-v100-sufficiency-dynamics-replicate-2-20260912/probes-v2/3eab8be601f9/step-005/qwen-r1/native-s.request.json', '/data/zhaogangyi/picorer-eval/qwen36-v100-sufficiency-dynamics-replicate-2-20260912/probes-v2/3eab8be601f9/step-005/qwen-r2/native-s.request.json']",68,f00db3de54ce48c53f6520b456988fe44f50d024c2eb4ab824ff8cb6e2180af6,agentmemorybench:fact-mh-262k:context-0/factconsolidation_mh_262k_no68,1.0,2,5,5,2,6.750000090687536,0.9988304898408804,2.3865140974521637e-07,19911.0,5,1.0,1.0,1.0,0.0,True,,,,,,,"[""finish""]",3.187500013038516,0.5,"[""read""]",3.5625000776490197,0.5,1.0,True,True,True
False,state_answers,2,state-r3-q068-t002,"['/data/zhaogangyi/picorer-eval/qwen36-v100-sufficiency-dynamics-replicate-3-20260912/probes-v2/3eab8be601f9/step-002/qwen-r1/native-s.request.json', '/data/zhaogangyi/picorer-eval/qwen36-v100-sufficiency-dynamics-replicate-3-20260912/probes-v2/3eab8be601f9/step-002/qwen-r2/native-s.request.json']",68,1881de7970305f64b6ae60ac4b60d3a7490521d601420e65de17a354708f7f51,agentmemorybench:fact-mh-262k:context-0/factconsolidation_mh_262k_no68,0.0,3,2,15,2,0.9999999850988388,0.7310585757002587,2.9802322387695312e-08,8945.0,5,0.0,0.0,0.0,0.0,True,,,,,,,"[""search""]",-4.187500138767064,0.0,"[""search""]",5.187500123865902,0.0,0.07142857142857142,False,False,True
False,state_answers,2,state-r3-q068-t003,"['/data/zhaogangyi/picorer-eval/qwen36-v100-sufficiency-dynamics-replicate-3-20260912/probes-v2/3eab8be601f9/step-003/qwen-r1/native-s.request.json', '/data/zhaogangyi/picorer-eval/qwen36-v100-sufficiency-dynamics-replicate-3-20260912/probes-v2/3eab8be601f9/step-003/qwen-r2/native-s.request.json']",68,09109e654401c66be4a40e26263a23e2022f566e871043bf743c1fc51f53231b,agentmemorybench:fact-mh-262k:context-0/factconsolidation_mh_262k_no68,0.0,3,3,15,2,1.5625000074505806,0.8267117951380392,0.124999925494194,9316.0,5,0.0,0.0,0.0,0.0,True,,,,,,,"[""read""]",0.9999999850988388,0.0,"[""search""]",0.5625000223517418,0.0,0.14285714285714285,False,False,True
False,state_answers,2,state-r3-q068-t004,"['/data/zhaogangyi/picorer-eval/qwen36-v100-sufficiency-dynamics-replicate-3-20260912/probes-v2/3eab8be601f9/step-004/qwen-r1/native-s.request.json', '/data/zhaogangyi/picorer-eval/qwen36-v100-sufficiency-dynamics-replicate-3-20260912/probes-v2/3eab8be601f9/step-004/qwen-r2/native-s.request.json']",68,f8550287ea9c09254fcd347c19440e871aa85a05f6a4f9db3e9b1b894192b6e7,agentmemorybench:fact-mh-262k:context-0/factconsolidation_mh_262k_no68,0.5,3,4,15,2,6.625000017520506,0.998674977605971,-0.2499999109422788,19321.0,5,0.0,0.0,0.0,1.0,True,,,,,,,[],1.5625000074505806,0.0,"[""read""]",5.062500010069925,0.5,0.21428571428571427,True,True,True
False,state_answers,2,state-r3-q068-t005,"['/data/zhaogangyi/picorer-eval/qwen36-v100-sufficiency-dynamics-replicate-3-20260912/probes-v2/3eab8be601f9/step-005/qwen-r1/native-s.request.json', '/data/zhaogangyi/picorer-eval/qwen36-v100-sufficiency-dynamics-replicate-3-20260912/probes-v2/3eab8be601f9/step-005/qwen-r2/native-s.request.json']",68,922430df29d258b6c85d4419eeb812ba89427f91d0626d16612892e2c518b03a,agentmemorybench:fact-mh-262k:context-0/factconsolidation_mh_262k_no68,0.5,3,5,15,2,6.312500166008249,0.9981897892737632,0.1249999459832906,4278.0,5,0.0,0.0,0.0,1.0,True,,,,,,,"[""search""]",6.625000017520506,0.5,[],-0.312499851512257,0.0,0.2857142857142857,False,False,False
False,state_answers,2,state-r3-q068-t006,"['/data/zhaogangyi/picorer-eval/qwen36-v100-sufficiency-dynamics-replicate-3-20260912/probes-v2/3eab8be601f9/step-006/qwen-r1/native-s.request.json', '/data/zhaogangyi/picorer-eval/qwen36-v100-sufficiency-dynamics-replicate-3-20260912/probes-v2/3eab8be601f9/step-006/qwen-r2/native-s.request.json']",68,925e701be0f789dd5515639ae595c44058628dd551a97b4cb001c666890a3ecf,agentmemorybench:fact-mh-262k:context-0/factconsolidation_mh_262k_no68,0.5,3,6,15,2,-0.6249999850988388,0.3486451387178759,-2.9802322387695312e-08,9279.0,5,0.0,0.0,0.0,1.0,True,,,,,,,"[""read""]",6.312500166008249,0.5,"[""search""]",-6.937500151107088,0.0,0.35714285714285715,False,False,False
False,state_answers,2,state-r3-q068-t007,"['/data/zhaogangyi/picorer-eval/qwen36-v100-sufficiency-dynamics-replicate-3-20260912/probes-v2/3eab8be601f9/step-007/qwen-r1/native-s.request.json', '/data/zhaogangyi/picorer-eval/qwen36-v100-sufficiency-dynamics-replicate-3-20260912/probes-v2/3eab8be601f9/step-007/qwen-r2/native-s.request.json']",68,904349456160690af36d2d15225832940ce5b3cf218b8e93d156169e8a7766f2,agentmemorybench:fact-mh-262k:context-0/factconsolidation_mh_262k_no68,1.0,3,7,15,2,4.937500052852556,0.99287857162797,0.3749996679835021,24361.0,5,1.0,1.0,1.0,0.0,True,,,,,,,"[""search""]",-0.6249999850988388,0.5,"[""read""]",5.562500037951395,0.5,0.42857142857142855,True,True,True
False,state_answers,2,state-r3-q068-t008,"['/data/zhaogangyi/picorer-eval/qwen36-v100-sufficiency-dynamics-replicate-3-20260912/probes-v2/3eab8be601f9/step-008/qwen-r1/native-s.request.json', '/data/zhaogangyi/picorer-eval/qwen36-v100-sufficiency-dynamics-replicate-3-20260912/probes-v2/3eab8be601f9/step-008/qwen-r2/native-s.request.json']",68,c0a06644a273f20c63131a12ec3cda9fba428e6c9964930cd00140fd52f33e77,agentmemorybench:fact-mh-262k:context-0/factconsolidation_mh_262k_no68,1.0,3,8,15,2,1.3750000074505806,0.7981867789397953,-4.4703483581542975e-08,9909.0,5,1.0,1.0,1.0,0.0,True,,,,,,,"[""read""]",4.937500052852556,1.0,"[""search""]",-3.5625000454019755,0.0,0.5,False,False,False
False,state_answers,2,state-r3-q068-t009,"['/data/zhaogangyi/picorer-eval/qwen36-v100-sufficiency-dynamics-replicate-3-20260912/probes-v2/3eab8be601f9/step-009/qwen-r1/native-s.request.json', '/data/zhaogangyi/picorer-eval/qwen36-v100-sufficiency-dynamics-replicate-3-20260912/probes-v2/3eab8be601f9/step-009/qwen-r2/native-s.request.json']",68,a28708e17881288b00514b9c14188ebb2dcaa40abaf72f5e3aeed6dddab31007,agentmemorybench:fact-mh-262k:context-0/factconsolidation_mh_262k_no68,1.0,3,9,15,2,3.062500013038516,0.955319130283892,-0.1249998919665813,15472.0,5,1.0,1.0,1.0,0.0,True,,,,,,,"[""search""]",1.3750000074505806,1.0,"[""read""]",1.6875000055879354,0.0,0.5714285714285714,True,False,True
False,state_answers,2,state-r3-q068-t010,"['/data/zhaogangyi/picorer-eval/qwen36-v100-sufficiency-dynamics-replicate-3-20260912/probes-v2/3eab8be601f9/step-010/qwen-r1/native-s.request.json', '/data/zhaogangyi/picorer-eval/qwen36-v100-sufficiency-dynamics-replicate-3-20260912/probes-v2/3eab8be601f9/step-010/qwen-r2/native-s.request.json']",68,fd7dfc6e73e27ce1edda0658ef7341c96a0a0b8dafbd9a44c0b50c39e94bdae3,agentmemorybench:fact-mh-262k:context-0/factconsolidation_mh_262k_no68,1.0,3,10,15,2,0.0625,0.5156199157230156,-0.125,10454.0,5,1.0,1.0,1.0,0.0,True,,,,,,,"[""search""]",3.062500013038516,1.0,"[""search""]",-3.000000013038516,0.0,0.6428571428571429,False,False,False
False,state_answers,2,state-r3-q068-t011,"['/data/zhaogangyi/picorer-eval/qwen36-v100-sufficiency-dynamics-replicate-3-20260912/probes-v2/3eab8be601f9/step-011/qwen-r1/native-s.request.json', '/data/zhaogangyi/picorer-eval/qwen36-v100-sufficiency-dynamics-replicate-3-20260912/probes-v2/3eab8be601f9/step-011/qwen-r2/native-s.request.json']",68,ecae266acefb594de94255eb1737990a744f2bf8ab5368077a44633f689cf7a7,agentmemorybench:fact-mh-262k:context-0/factconsolidation_mh_262k_no68,1.0,3,11,15,2,0.6250000149011612,0.6513548680499843,2.9802322387695312e-08,10736.0,5,1.0,1.0,1.0,0.0,True,,,,,,,"[""read""]",0.0625,1.0,"[""search""]",0.5625000149011612,0.0,0.7142857142857143,False,False,True
False,state_answers,2,state-r3-q068-t012,"['/data/zhaogangyi/picorer-eval/qwen36-v100-sufficiency-dynamics-replicate-3-20260912/probes-v2/3eab8be601f9/step-012/qwen-r1/native-s.request.json', '/data/zhaogangyi/picorer-eval/qwen36-v100-sufficiency-dynamics-replicate-3-20260912/probes-v2/3eab8be601f9/step-012/qwen-r2/native-s.request.json']",68,7027ff153cf13e738cff614ea16190b014687415faa1ee70949af693766d3144,agentmemorybench:fact-mh-262k:context-0/factconsolidation_mh_262k_no68,1.0,3,12,15,2,1.2499999850988388,0.7772998585952288,-8.940696716308595e-08,15992.0,5,1.0,1.0,1.0,0.0,True,,,,,,,"[""search""]",0.6250000149011612,1.0,"[""read""]",0.6249999701976776,0.0,0.7857142857142857,True,False,True
False,state_answers,2,state-r3-q068-t013,"['/data/zhaogangyi/picorer-eval/qwen36-v100-sufficiency-dynamics-replicate-3-20260912/probes-v2/3eab8be601f9/step-013/qwen-r1/native-s.request.json', '/data/zhaogangyi/picorer-eval/qwen36-v100-sufficiency-dynamics-replicate-3-20260912/probes-v2/3eab8be601f9/step-013/qwen-r2/native-s.request.json']",68,650b83fa4196487eacdc687fcc9909171c9d662f1d36e02b17ad3e5f1f744fa8,agentmemorybench:fact-mh-262k:context-0/factconsolidation_mh_262k_no68,1.0,3,13,15,2,0.25,0.5621765008857981,-0.25,11421.0,5,0.8,0.8,0.8,1.0,True,,,,,,,"[""search""]",1.2499999850988388,1.0,"[""search""]",-0.9999999850988388,0.0,0.8571428571428571,False,False,False
False,state_answers,2,state-r3-q068-t014,"['/data/zhaogangyi/picorer-eval/qwen36-v100-sufficiency-dynamics-replicate-3-20260912/probes-v2/3eab8be601f9/step-014/qwen-r1/native-s.request.json', '/data/zhaogangyi/picorer-eval/qwen36-v100-sufficiency-dynamics-replicate-3-20260912/probes-v2/3eab8be601f9/step-014/qwen-r2/native-s.request.json']",68,0585cc39c9b2a6f1e75e5a55d7f4dbd9458a33ed50d25ac2b05db7346680d370,agentmemorybench:fact-mh-262k:context-0/factconsolidation_mh_262k_no68,1.0,3,14,15,2,0.0625,0.5156199157230156,0.125,11788.0,5,1.0,1.0,1.0,0.0,True,,,,,,,"[""search""]",0.25,1.0,"[""search""]",-0.1875,0.0,0.9285714285714286,False,False,False
False,state_answers,2,state-r3-q068-t015,"['/data/zhaogangyi/picorer-eval/qwen36-v100-sufficiency-dynamics-replicate-3-20260912/probes-v2/3eab8be601f9/step-015/qwen-r1/native-s.request.json', '/data/zhaogangyi/picorer-eval/qwen36-v100-sufficiency-dynamics-replicate-3-20260912/probes-v2/3eab8be601f9/step-015/qwen-r2/native-s.request.json']",68,0e379336daf6ab2eef241e9fcd103325db7b5eaa0bd0c10047bf7b807263ba80,agentmemorybench:fact-mh-262k:context-0/factconsolidation_mh_262k_no68,1.0,3,15,15,2,-1.4375,0.1919327864472368,0.125,7742.0,5,1.0,1.0,1.0,0.0,True,,,,,,,"[""finish""]",0.0625,1.0,"[""search""]",-1.5,0.0,1.0,False,False,False
False,state_answers,4,state-r1-q069-t002,"['/data/zhaogangyi/picorer-eval/qwen36-v100-sufficiency-dynamics-20260912/probes-v2/bf69714cd407/step-002/qwen-r1/native-s.request.json', '/data/zhaogangyi/picorer-eval/qwen36-v100-sufficiency-dynamics-20260912/probes-v2/bf69714cd407/step-002/qwen-r2/native-s.request.json']",69,55e83511d9544b7fb2eaf02580482cc5b00c75ef2ffaa2d6411398ae32d33527,agentmemorybench:fact-mh-262k:context-0/factconsolidation_mh_262k_no69,0.0,1,2,11,2,-0.6250000149011612,0.3486451319500157,8.940696716308595e-08,9110.0,5,0.0,0.0,0.0,0.0,True,,,,,,,"[""search""]",-5.000000004656613,0.0,"[""search""]",4.374999989755452,0.0,0.1,False,False,True
False,state_answers,4,state-r1-q069-t003,"['/data/zhaogangyi/picorer-eval/qwen36-v100-sufficiency-dynamics-20260912/probes-v2/bf69714cd407/step-003/qwen-r1/native-s.request.json', '/data/zhaogangyi/picorer-eval/qwen36-v100-sufficiency-dynamics-20260912/probes-v2/bf69714cd407/step-003/qwen-r2/native-s.request.json']",69,0ebc6f46e61ff4443d308871b259928e627e99e648d731c9672a09605d9e2efb,agentmemorybench:fact-mh-262k:context-0/factconsolidation_mh_262k_no69,0.0,1,3,11,2,-5.499999858438969,0.0040701382897239,-0.2500000270083546,9690.0,5,0.0,0.0,0.0,0.0,True,,,,,,,"[""read""]",-0.6250000149011612,0.0,"[""search""]",-4.8749998435378075,0.0,0.2,False,False,False
False,state_answers,4,state-r1-q069-t004,"['/data/zhaogangyi/picorer-eval/qwen36-v100-sufficiency-dynamics-20260912/probes-v2/bf69714cd407/step-004/qwen-r1/native-s.request.json', '/data/zhaogangyi/picorer-eval/qwen36-v100-sufficiency-dynamics-20260912/probes-v2/bf69714cd407/step-004/qwen-r2/native-s.request.json']",69,0d624bc123c6bb64ddaf1caa1c77cf88873be155532a179b5f1d2eb1a30988d7,agentmemorybench:fact-mh-262k:context-0/factconsolidation_mh_262k_no69,0.25,1,4,11,2,-1.3125,0.2120688043571053,-0.1250000596046447,19933.0,5,0.0,0.0,0.0,0.0,True,,,,,,,"[""search""]",-5.499999858438969,0.0,"[""read""]",4.187499858438969,0.25,0.3,True,True,True
False,state_answers,4,state-r1-q069-t005,"['/data/zhaogangyi/picorer-eval/qwen36-v100-sufficiency-dynamics-20260912/probes-v2/bf69714cd407/step-005/qwen-r1/native-s.request.json', '/data/zhaogangyi/picorer-eval/qwen36-v100-sufficiency-dynamics-20260912/probes-v2/bf69714cd407/step-005/qwen-r2/native-s.request.json']",69,15d06eb453019b4c9c70f0d29780ea28d23f9708be8567fe1b535c97416dc73a,agentmemorybench:fact-mh-262k:context-0/factconsolidation_mh_262k_no69,0.25,1,5,11,2,0.8125000149011612,0.6926419863070303,-0.1249999105930328,9998.0,5,0.0,0.0,0.0,0.0,True,,,,,,,"[""read""]",-1.3125,0.25,"[""search""]",2.125000014901161,0.0,0.4,False,False,True
False,state_answers,4,state-r1-q069-t006,"['/data/zhaogangyi/picorer-eval/qwen36-v100-sufficiency-dynamics-20260912/probes-v2/bf69714cd407/step-006/qwen-r1/native-s.request.json', '/data/zhaogangyi/picorer-eval/qwen36-v100-sufficiency-dynamics-20260912/probes-v2/bf69714cd407/step-006/qwen-r2/native-s.request.json']",69,f24092c50b9eeede361e4d7b5323fa47747d7a3b302a7ae88fbcae060888ace8,agentmemorybench:fact-mh-262k:context-0/factconsolidation_mh_262k_no69,0.5,1,6,11,2,-0.0625,0.4843800842769844,0.125,20117.0,5,0.0,0.0,0.0,1.0,True,,,,,,,"[""search""]",0.8125000149011612,0.25,"[""read""]",-0.8750000149011612,0.25,0.5,True,True,False
False,state_answers,4,state-r1-q069-t007,"['/data/zhaogangyi/picorer-eval/qwen36-v100-sufficiency-dynamics-20260912/probes-v2/bf69714cd407/step-007/qwen-r1/native-s.request.json', '/data/zhaogangyi/picorer-eval/qwen36-v100-sufficiency-dynamics-20260912/probes-v2/bf69714cd407/step-007/qwen-r2/native-s.request.json']",69,018e5793f0cbe09a958e107dcf61667885a0beed05fcf98c5594f2a379f8fdb7,agentmemorybench:fact-mh-262k:context-0/factconsolidation_mh_262k_no69,0.5,1,7,11,2,2.000000014901161,0.8807970795424088,2.9802322387695312e-08,10405.0,5,0.0,0.0,0.0,0.0,True,,,,,,,"[""search""]",-0.0625,0.5,"[""search""]",2.062500014901161,0.0,0.6,False,False,True
False,state_answers,4,state-r1-q069-t008,"['/data/zhaogangyi/picorer-eval/qwen36-v100-sufficiency-dynamics-20260912/probes-v2/bf69714cd407/step-008/qwen-r1/native-s.request.json', '/data/zhaogangyi/picorer-eval/qwen36-v100-sufficiency-dynamics-20260912/probes-v2/bf69714cd407/step-008/qwen-r2/native-s.request.json']",69,313128b8b5e7e0738ada35e322eb6a15d08a56da55c80b1acc8f4326831510f4,agentmemorybench:fact-mh-262k:context-0/factconsolidation_mh_262k_no69,0.5,1,8,11,2,2.062500014901161,0.8872045952083047,0.1250001192092895,10797.0,5,0.0,0.0,0.0,0.0,True,,,,,,,"[""search""]",2.000000014901161,0.5,"[""search""]",0.0625,0.0,0.7,False,False,True
False,state_answers,4,state-r1-q069-t009,"['/data/zhaogangyi/picorer-eval/qwen36-v100-sufficiency-dynamics-20260912/probes-v2/bf69714cd407/step-009/qwen-r1/native-s.request.json', '/data/zhaogangyi/picorer-eval/qwen36-v100-sufficiency-dynamics-20260912/probes-v2/bf69714cd407/step-009/qwen-r2/native-s.request.json']",69,22755ca1bbe1853035a1e934ced5904eeec96f9c5de26afdc128673f5d9e7bc3,agentmemorybench:fact-mh-262k:context-0/factconsolidation_mh_262k_no69,0.5,1,9,11,2,1.6875000149011612,0.8438951045175643,0.1249999701976776,11067.0,5,0.0,0.0,0.0,0.0,True,,,,,,,"[""read""]",2.062500014901161,0.5,"[""search""]",-0.375,0.0,0.8,False,False,False
False,state_answers,4,state-r1-q069-t010,"['/data/zhaogangyi/picorer-eval/qwen36-v100-sufficiency-dynamics-20260912/probes-v2/bf69714cd407/step-010/qwen-r1/native-s.request.json', '/data/zhaogangyi/picorer-eval/qwen36-v100-sufficiency-dynamics-20260912/probes-v2/bf69714cd407/step-010/qwen-r2/native-s.request.json']",69,804a311b9623eaa05faa3128978e3aca14b0d2f4615c1daab775b2071bc1ddb9,agentmemorybench:fact-mh-262k:context-0/factconsolidation_mh_262k_no69,1.0,1,10,11,2,4.937499971129,0.9928785710501264,0.1249996479600668,26511.0,5,1.0,1.0,1.0,0.0,True,,,,,,,"[""workingMemory""]",1.6875000149011612,0.5,"[""read""]",3.249999956227839,0.5,0.9,True,True,True
False,state_answers,4,state-r1-q069-t011,"['/data/zhaogangyi/picorer-eval/qwen36-v100-sufficiency-dynamics-20260912/probes-v2/bf69714cd407/step-011/qwen-r1/native-s.request.json', '/data/zhaogangyi/picorer-eval/qwen36-v100-sufficiency-dynamics-20260912/probes-v2/bf69714cd407/step-011/qwen-r2/native-s.request.json']",69,2378eb43e00e80d2782216354d4b3f3b7c660d385d84b02838ef4a86b147f5d8,agentmemorybench:fact-mh-262k:context-0/factconsolidation_mh_262k_no69,1.0,1,11,11,2,8.812499952888174,0.999851161510416,0.3749996335391188,6921.0,5,1.0,1.0,1.0,0.0,True,,,,,,,"[""finish""]",4.937499971129,1.0,"[""workingMemory""]",3.8749999817591743,0.0,1.0,False,False,True
False,state_answers,4,state-r2-q069-t002,"['/data/zhaogangyi/picorer-eval/qwen36-v100-sufficiency-dynamics-replicate-2-20260912/probes-v2/bf69714cd407/step-002/qwen-r1/native-s.request.json', '/data/zhaogangyi/picorer-eval/qwen36-v100-sufficiency-dynamics-replicate-2-20260912/probes-v2/bf69714cd407/step-002/qwen-r2/native-s.request.json']",69,30058275d0094f6194709a309427e46b8b430885209691c72261bd1f9d998a0c,agentmemorybench:fact-mh-262k:context-0/factconsolidation_mh_262k_no69,0.0,2,2,11,2,0.1875,0.5467381519846138,0.375,8981.0,5,0.0,0.0,0.0,0.0,True,,,,,,,"[""read""]",-4.999999911990017,0.0,"[""search""]",5.187499911990017,0.0,0.1,False,False,True
False,state_answers,4,state-r2-q069-t003,"['/data/zhaogangyi/picorer-eval/qwen36-v100-sufficiency-dynamics-replicate-2-20260912/probes-v2/bf69714cd407/step-003/qwen-r1/native-s.request.json', '/data/zhaogangyi/picorer-eval/qwen36-v100-sufficiency-dynamics-replicate-2-20260912/probes-v2/bf69714cd407/step-003/qwen-r2/native-s.request.json']",69,d5d222363003ab1eb96c32a2091c5086cf9fe3a84330133d4392474f6e7885dc,agentmemorybench:fact-mh-262k:context-0/factconsolidation_mh_262k_no69,0.25,2,3,11,2,1.25,0.7772998611746911,5.960464477539064e-08,19277.0,5,0.0,0.0,0.0,1.0,True,,,,,,,"[""search""]",0.1875,0.0,"[""read""]",1.0625,0.25,0.2,True,True,True
False,state_answers,4,state-r2-q069-t004,"['/data/zhaogangyi/picorer-eval/qwen36-v100-sufficiency-dynamics-replicate-2-20260912/probes-v2/bf69714cd407/step-004/qwen-r1/native-s.request.json', '/data/zhaogangyi/picorer-eval/qwen36-v100-sufficiency-dynamics-replicate-2-20260912/probes-v2/bf69714cd407/step-004/qwen-r2/native-s.request.json']",69,507fe58c2d804700d87d5f253c788a75a23893aee7539993105ae43404fecee4,agentmemorybench:fact-mh-262k:context-0/factconsolidation_mh_262k_no69,0.25,2,4,11,2,0.4375,0.6076631698328917,0.125,9434.0,5,0.0,0.0,0.0,1.0,True,,,,,,,"[""read""]",1.25,0.25,"[""search""]",-0.8125,0.0,0.3,False,False,False
False,state_answers,4,state-r2-q069-t005,"['/data/zhaogangyi/picorer-eval/qwen36-v100-sufficiency-dynamics-replicate-2-20260912/probes-v2/bf69714cd407/step-005/qwen-r1/native-s.request.json', '/data/zhaogangyi/picorer-eval/qwen36-v100-sufficiency-dynamics-replicate-2-20260912/probes-v2/bf69714cd407/step-005/qwen-r2/native-s.request.json']",69,e44401a96b001cbceb94d9fdcf0ebf7a2df805b90db4cdbd8246ec2864b95b52,agentmemorybench:fact-mh-262k:context-0/factconsolidation_mh_262k_no69,0.5,2,5,11,2,0.5000000149011612,0.6224593347036828,-2.9802322387695312e-08,19517.0,5,0.0,0.0,0.0,0.0,True,,,,,,,"[""search""]",0.4375,0.25,"[""read""]",0.0625000149011612,0.25,0.4,True,True,True
False,state_answers,4,state-r2-q069-t006,"['/data/zhaogangyi/picorer-eval/qwen36-v100-sufficiency-dynamics-replicate-2-20260912/probes-v2/bf69714cd407/step-006/qwen-r1/native-s.request.json', '/data/zhaogangyi/picorer-eval/qwen36-v100-sufficiency-dynamics-replicate-2-20260912/probes-v2/bf69714cd407/step-006/qwen-r2/native-s.request.json']",69,958749036e426bd03eb9c75bd7e5c069b6c0f768c0264eca64f2dedcf2ab33d1,agentmemorybench:fact-mh-262k:context-0/factconsolidation_mh_262k_no69,0.5,2,6,11,2,2.2500000074505806,0.9046505357435624,-1.043081283569336e-07,9802.0,5,0.0,0.0,0.0,2.0,True,,,,,,,"[""read""]",0.5000000149011612,0.5,"[""search""]",1.7499999925494194,0.0,0.5,False,False,True
False,state_answers,4,state-r2-q069-t007,"['/data/zhaogangyi/picorer-eval/qwen36-v100-sufficiency-dynamics-replicate-2-20260912/probes-v2/bf69714cd407/step-007/qwen-r1/native-s.request.json', '/data/zhaogangyi/picorer-eval/qwen36-v100-sufficiency-dynamics-replicate-2-20260912/probes-v2/bf69714cd407/step-007/qwen-r2/native-s.request.json']",69,9e4593dc0ea09dc462088b0e2ec62b78110291fd44fa7b9911bba07aa40e0fd3,agentmemorybench:fact-mh-262k:context-0/factconsolidation_mh_262k_no69,0.75,2,7,11,2,2.062499985098839,0.8872045922259088,-0.1250001490116119,15273.0,5,0.0,0.0,0.0,0.0,True,,,,,,,"[""search""]",2.2500000074505806,0.5,"[""read""]",-0.1875000223517418,0.25,0.6,True,True,False
False,state_answers,4,state-r2-q069-t008,"['/data/zhaogangyi/picorer-eval/qwen36-v100-sufficiency-dynamics-replicate-2-20260912/probes-v2/bf69714cd407/step-008/qwen-r1/native-s.request.json', '/data/zhaogangyi/picorer-eval/qwen36-v100-sufficiency-dynamics-replicate-2-20260912/probes-v2/bf69714cd407/step-008/qwen-r2/native-s.request.json']",69,59926475194957a109ee8b941c56b6dd5aa88962b981c0e638c0d5ce99154190,agentmemorybench:fact-mh-262k:context-0/factconsolidation_mh_262k_no69,0.75,2,8,11,2,3.4375000754371285,0.9688561717414532,-0.1250000838190317,10153.0,5,0.0,0.0,0.0,1.0,True,,,,,,,"[""read""]",2.062499985098839,0.75,"[""search""]",1.3750000903382897,0.0,0.7,False,False,True
False,state_answers,4,state-r2-q069-t009,"['/data/zhaogangyi/picorer-eval/qwen36-v100-sufficiency-dynamics-replicate-2-20260912/probes-v2/bf69714cd407/step-009/qwen-r1/native-s.request.json', '/data/zhaogangyi/picorer-eval/qwen36-v100-sufficiency-dynamics-replicate-2-20260912/probes-v2/bf69714cd407/step-009/qwen-r2/native-s.request.json']",69,a75e40773115481cfea3f14ffc25f64242917759cac4ea0f03ffa81bae8f7339,agentmemorybench:fact-mh-262k:context-0/factconsolidation_mh_262k_no69,1.0,2,9,11,2,4.499999866820872,0.9890130559222516,5.587935447692871e-09,20333.0,5,0.8,0.8,0.8,0.0,True,,,,,,,"[""search""]",3.4375000754371285,0.75,"[""read""]",1.0624997913837433,0.25,0.8,True,True,True
False,state_answers,4,state-r2-q069-t010,"['/data/zhaogangyi/picorer-eval/qwen36-v100-sufficiency-dynamics-replicate-2-20260912/probes-v2/bf69714cd407/step-010/qwen-r1/native-s.request.json', '/data/zhaogangyi/picorer-eval/qwen36-v100-sufficiency-dynamics-replicate-2-20260912/probes-v2/bf69714cd407/step-010/qwen-r2/native-s.request.json']",69,eb5389cc4bade9d1ad1054e843713fe56ba7d768fb6f4549c0d7bdb49d365029,agentmemorybench:fact-mh-262k:context-0/factconsolidation_mh_262k_no69,1.0,2,10,11,2,5.8124999849824235,0.9970189672255106,-0.1249995955731719,11024.0,5,1.0,1.0,1.0,0.0,True,,,,,,,"[""search""]",4.499999866820872,1.0,"[""search""]",1.3125001181615517,0.0,0.9,False,False,True
False,state_answers,4,state-r2-q069-t011,"['/data/zhaogangyi/picorer-eval/qwen36-v100-sufficiency-dynamics-replicate-2-20260912/probes-v2/bf69714cd407/step-011/qwen-r1/native-s.request.json', '/data/zhaogangyi/picorer-eval/qwen36-v100-sufficiency-dynamics-replicate-2-20260912/probes-v2/bf69714cd407/step-011/qwen-r2/native-s.request.json']",69,3bc792105f4cf9e53bf7a464701be1da2c9f9b0e6d9fbb9dd2df74f6ae736621,agentmemorybench:fact-mh-262k:context-0/factconsolidation_mh_262k_no69,1.0,2,11,11,2,5.312499933876097,0.9950945939715046,-0.12499993853271,11623.0,5,1.0,1.0,1.0,0.0,True,,,,,,,"[""finish""]",5.8124999849824235,1.0,"[""search""]",-0.5000000511063263,0.0,1.0,False,False,False
False,state_answers,4,state-r3-q069-t002,"['/data/zhaogangyi/picorer-eval/qwen36-v100-sufficiency-dynamics-replicate-3-20260912/probes-v2/bf69714cd407/step-002/qwen-r1/native-s.request.json', '/data/zhaogangyi/picorer-eval/qwen36-v100-sufficiency-dynamics-replicate-3-20260912/probes-v2/bf69714cd407/step-002/qwen-r2/native-s.request.json']",69,5248dad18b6fac722987ecb5ec38662a19f38c9df03da224ca6c362cf98fa0b3,agentmemorybench:fact-mh-262k:context-0/factconsolidation_mh_262k_no69,0.0,3,2,9,2,-0.4375,0.3923368301671083,0.125,9071.0,5,0.0,0.0,0.0,0.0,True,,,,,,,"[""read""]",-5.187499952502549,0.0,"[""search""]",4.749999952502549,0.0,0.125,False,False,True
False,state_answers,4,state-r3-q069-t003,"['/data/zhaogangyi/picorer-eval/qwen36-v100-sufficiency-dynamics-replicate-3-20260912/probes-v2/bf69714cd407/step-003/qwen-r1/native-s.request.json', '/data/zhaogangyi/picorer-eval/qwen36-v100-sufficiency-dynamics-replicate-3-20260912/probes-v2/bf69714cd407/step-003/qwen-r2/native-s.request.json']",69,2ebd78a225abb9e99454cc4a5450a7f8fdb492d38c917a9aae47811fd50121fa,agentmemorybench:fact-mh-262k:context-0/factconsolidation_mh_262k_no69,0.25,3,3,9,2,-0.0625,0.4843800842769844,-0.375,19381.0,5,0.0,0.0,0.0,2.0,True,,,,,,,"[""search""]",-0.4375,0.0,"[""read""]",0.375,0.25,0.25,True,True,True
False,state_answers,4,state-r3-q069-t004,"['/data/zhaogangyi/picorer-eval/qwen36-v100-sufficiency-dynamics-replicate-3-20260912/probes-v2/bf69714cd407/step-004/qwen-r1/native-s.request.json', '/data/zhaogangyi/picorer-eval/qwen36-v100-sufficiency-dynamics-replicate-3-20260912/probes-v2/bf69714cd407/step-004/qwen-r2/native-s.request.json']",69,dac094943a826cad86f843930354fa135823ed4dcab57ba67dea46bb060907fc,agentmemorybench:fact-mh-262k:context-0/factconsolidation_mh_262k_no69,0.25,3,4,9,2,1.0625000149011612,0.7431680114566557,-0.1249999701976776,9529.0,5,0.0,0.0,0.0,1.0,True,,,,,,,"[""search""]",-0.0625,0.25,"[""search""]",1.1250000149011612,0.0,0.375,False,False,True
False,state_answers,4,state-r3-q069-t005,"['/data/zhaogangyi/picorer-eval/qwen36-v100-sufficiency-dynamics-replicate-3-20260912/probes-v2/bf69714cd407/step-005/qwen-r1/native-s.request.json', '/data/zhaogangyi/picorer-eval/qwen36-v100-sufficiency-dynamics-replicate-3-20260912/probes-v2/bf69714cd407/step-005/qwen-r2/native-s.request.json']",69,619842e3e97371de751ea2b2196e84d85d219483290b1ebf0ff97ecc11c6e7ca,agentmemorybench:fact-mh-262k:context-0/factconsolidation_mh_262k_no69,0.25,3,5,9,2,0.7499999850988388,0.6791786959285045,-0.2500000298023224,9733.0,5,0.0,0.0,0.0,2.0,True,,,,,,,"[""read""]",1.0625000149011612,0.25,"[""search""]",-0.3125000298023224,0.0,0.5,False,False,False
False,state_answers,4,state-r3-q069-t006,"['/data/zhaogangyi/picorer-eval/qwen36-v100-sufficiency-dynamics-replicate-3-20260912/probes-v2/bf69714cd407/step-006/qwen-r1/native-s.request.json', '/data/zhaogangyi/picorer-eval/qwen36-v100-sufficiency-dynamics-replicate-3-20260912/probes-v2/bf69714cd407/step-006/qwen-r2/native-s.request.json']",69,c9b6b4a8bd4cf030049db707c62c318f9c6289130eaea86a9c27eaf069259933,agentmemorybench:fact-mh-262k:context-0/factconsolidation_mh_262k_no69,0.5,3,6,9,2,1.3125,0.7879311956428947,-0.1249999403953552,15395.0,5,0.0,0.0,0.0,1.0,True,,,,,,,"[""read""]",0.7499999850988388,0.25,"[""read""]",0.5625000149011612,0.25,0.625,True,True,True
False,state_answers,4,state-r3-q069-t007,"['/data/zhaogangyi/picorer-eval/qwen36-v100-sufficiency-dynamics-replicate-3-20260912/probes-v2/bf69714cd407/step-007/qwen-r1/native-s.request.json', '/data/zhaogangyi/picorer-eval/qwen36-v100-sufficiency-dynamics-replicate-3-20260912/probes-v2/bf69714cd407/step-007/qwen-r2/native-s.request.json']",69,58b3150ef85f8043b1eba3d92632847f81de062a665e9dacd00fe72547908ab4,agentmemorybench:fact-mh-262k:context-0/factconsolidation_mh_262k_no69,0.75,3,7,9,2,0.6874999552965164,0.6654105487940596,-0.1249999701976776,15347.0,5,0.0,0.0,0.0,0.0,True,,,,,,,"[""search""]",1.3125,0.5,"[""read""]",-0.6250000447034836,0.25,0.75,True,True,False
False,state_answers,4,state-r3-q069-t008,"['/data/zhaogangyi/picorer-eval/qwen36-v100-sufficiency-dynamics-replicate-3-20260912/probes-v2/bf69714cd407/step-008/qwen-r1/native-s.request.json', '/data/zhaogangyi/picorer-eval/qwen36-v100-sufficiency-dynamics-replicate-3-20260912/probes-v2/bf69714cd407/step-008/qwen-r2/native-s.request.json']",69,2a77e791a7dc83a3e29a199a8e11553bf11201c5e426fc496df69829e696ff52,agentmemorybench:fact-mh-262k:context-0/factconsolidation_mh_262k_no69,0.75,3,8,9,2,2.4375000335276127,0.9196425336554884,0.124999962747097,10559.0,5,0.0,0.0,0.0,0.0,True,,,,,,,"[""read""]",0.6874999552965164,0.75,"[""search""]",1.7500000782310963,0.0,0.875,False,False,True
False,state_answers,4,state-r3-q069-t009,"['/data/zhaogangyi/picorer-eval/qwen36-v100-sufficiency-dynamics-replicate-3-20260912/probes-v2/bf69714cd407/step-009/qwen-r1/native-s.request.json', '/data/zhaogangyi/picorer-eval/qwen36-v100-sufficiency-dynamics-replicate-3-20260912/probes-v2/bf69714cd407/step-009/qwen-r2/native-s.request.json']",69,7d34f63dcf9ac68eb8dbc86f53c19d170f59183c4fa55eb8853adb1d0d54e2ef,agentmemorybench:fact-mh-262k:context-0/factconsolidation_mh_262k_no69,1.0,3,9,9,2,5.750000117113814,0.9968273175279008,1.1874362826347352e-07,20559.0,5,1.0,1.0,1.0,0.0,True,,,,,,,"[""finish""]",2.4375000335276127,0.75,"[""read""]",3.312500083586201,0.25,1.0,True,True,True
False,state_answers,4,state-r1-q007-t002,"['/data/zhaogangyi/picorer-eval/qwen36-v100-sufficiency-dynamics-20260912/probes-v2/681dc174c5f9/step-002/qwen-r1/native-s.request.json', '/data/zhaogangyi/picorer-eval/qwen36-v100-sufficiency-dynamics-20260912/probes-v2/681dc174c5f9/step-002/qwen-r2/native-s.request.json']",7,5febdf69334a120cb18af950c455de23be50e23677ed76a8e18aaa5fd03ed344,agentmemorybench:fact-mh-262k:context-0/factconsolidation_mh_262k_no7,0.0,1,2,23,2,-2.687499964609742,0.0637149963631851,-0.1250000931322574,9128.0,5,0.0,0.0,0.0,0.0,True,,,,,,,"[""read""]",-4.499999982304871,0.0,"[""search""]",1.812500017695129,0.0,0.045454545454545456,False,False,True
False,state_answers,4,state-r1-q007-t003,"['/data/zhaogangyi/picorer-eval/qwen36-v100-sufficiency-dynamics-20260912/probes-v2/681dc174c5f9/step-003/qwen-r1/native-s.request.json', '/data/zhaogangyi/picorer-eval/qwen36-v100-sufficiency-dynamics-20260912/probes-v2/681dc174c5f9/step-003/qwen-r2/native-s.request.json']",7,2b7316237f0d348b9689a5204512ad3501b7abcfd748920b5218307d763d8cfb,agentmemorybench:fact-mh-262k:context-0/factconsolidation_mh_262k_no7,0.5,1,3,23,2,1.3750000074505806,0.7981867789397953,-1.4901161193847656e-08,21717.0,5,0.0,0.0,0.0,0.0,True,,,,,,,"[""search""]",-2.687499964609742,0.0,"[""read""]",4.062499972060323,0.5,0.09090909090909091,True,True,True
False,state_answers,4,state-r1-q007-t004,"['/data/zhaogangyi/picorer-eval/qwen36-v100-sufficiency-dynamics-20260912/probes-v2/681dc174c5f9/step-004/qwen-r1/native-s.request.json', '/data/zhaogangyi/picorer-eval/qwen36-v100-sufficiency-dynamics-20260912/probes-v2/681dc174c5f9/step-004/qwen-r2/native-s.request.json']",7,b7ba8d8f97d94660cd4d74765e180058f81fe020218b01a4c1aca8fbea0a29ed,agentmemorybench:fact-mh-262k:context-0/factconsolidation_mh_262k_no7,0.5,1,4,23,2,2.312499936670065,0.9099070008464976,0.1250000372529029,9697.0,5,0.0,0.0,0.0,0.0,True,,,,,,,"[""search""]",1.3750000074505806,0.5,"[""search""]",0.9374999292194843,0.0,0.13636363636363635,False,False,True
False,state_answers,4,state-r1-q007-t005,"['/data/zhaogangyi/picorer-eval/qwen36-v100-sufficiency-dynamics-20260912/probes-v2/681dc174c5f9/step-005/qwen-r1/native-s.request.json', '/data/zhaogangyi/picorer-eval/qwen36-v100-sufficiency-dynamics-20260912/probes-v2/681dc174c5f9/step-005/qwen-r2/native-s.request.json']",7,ca269595e6fa9f65ca8ef414aac4112080b37244b4f1aa2232145cf678ed7376,agentmemorybench:fact-mh-262k:context-0/factconsolidation_mh_262k_no7,0.5,1,5,23,2,0.125,0.5312093733737563,0.25,9896.0,5,0.0,0.0,0.0,0.0,True,,,,,,,"[""read""]",2.312499936670065,0.5,"[""search""]",-2.187499936670065,0.0,0.18181818181818182,False,False,False
False,state_answers,4,state-r1-q007-t006,"['/data/zhaogangyi/picorer-eval/qwen36-v100-sufficiency-dynamics-20260912/probes-v2/681dc174c5f9/step-006/qwen-r1/native-s.request.json', '/data/zhaogangyi/picorer-eval/qwen36-v100-sufficiency-dynamics-20260912/probes-v2/681dc174c5f9/step-006/qwen-r2/native-s.request.json']",7,68960585ca0aa9ec098ae392de7be6399ee98be4facc744fc772452682849973,agentmemorybench:fact-mh-262k:context-0/factconsolidation_mh_262k_no7,0.5,1,6,23,2,0.1875,0.5467381519846138,-0.125,24876.0,5,0.0,0.0,0.0,0.0,True,,,,,,,"[""search""]",0.125,0.5,"[""read""]",0.0625,0.0,0.22727272727272727,True,False,True
False,state_answers,4,state-r1-q007-t007,"['/data/zhaogangyi/picorer-eval/qwen36-v100-sufficiency-dynamics-20260912/probes-v2/681dc174c5f9/step-007/qwen-r1/native-s.request.json', '/data/zhaogangyi/picorer-eval/qwen36-v100-sufficiency-dynamics-20260912/probes-v2/681dc174c5f9/step-007/qwen-r2/native-s.request.json']",7,dbe25276158ef61035030fc41544b2925e070711c98c4954052665f971830e01,agentmemorybench:fact-mh-262k:context-0/factconsolidation_mh_262k_no7,0.5,1,7,23,2,-0.5,0.3775406687981454,0.0,10397.0,5,0.0,0.0,0.0,0.0,True,,,,,,,"[""read""]",0.1875,0.5,"[""search""]",-0.6875,0.0,0.2727272727272727,False,False,False
False,state_answers,4,state-r1-q007-t008,"['/data/zhaogangyi/picorer-eval/qwen36-v100-sufficiency-dynamics-20260912/probes-v2/681dc174c5f9/step-008/qwen-r1/native-s.request.json', '/data/zhaogangyi/picorer-eval/qwen36-v100-sufficiency-dynamics-20260912/probes-v2/681dc174c5f9/step-008/qwen-r2/native-s.request.json']",7,7ae5719d80d91867b3cd4ccf0eaea172b12898c0831e1bdd51b0fb0755b090b7,agentmemorybench:fact-mh-262k:context-0/factconsolidation_mh_262k_no7,0.5,1,8,23,2,-0.5625000149011612,0.3629692020741321,-0.1250000298023224,15878.0,5,0.0,0.0,0.0,0.0,True,,,,,,,"[""search""]",-0.5,0.5,"[""read""]",-0.0625000149011612,0.0,0.3181818181818182,True,False,False
False,state_answers,4,state-r1-q007-t009,"['/data/zhaogangyi/picorer-eval/qwen36-v100-sufficiency-dynamics-20260912/probes-v2/681dc174c5f9/step-009/qwen-r1/native-s.request.json', '/data/zhaogangyi/picorer-eval/qwen36-v100-sufficiency-dynamics-20260912/probes-v2/681dc174c5f9/step-009/qwen-r2/native-s.request.json']",7,fb9ade47f2a844e8594f1dbbbc7a44c544e348117f7a6c576d12b8f12624fa06,agentmemorybench:fact-mh-262k:context-0/factconsolidation_mh_262k_no7,0.5,1,9,23,2,-1.5000000149011612,0.182425521583901,0.2499999403953552,10831.0,5,0.0,0.0,0.0,1.0,True,,,,,,,"[""read""]",-0.5625000149011612,0.5,"[""search""]",-0.9375,0.0,0.36363636363636365,False,False,False
False,state_answers,4,state-r1-q007-t010,"['/data/zhaogangyi/picorer-eval/qwen36-v100-sufficiency-dynamics-20260912/probes-v2/681dc174c5f9/step-010/qwen-r1/native-s.request.json', '/data/zhaogangyi/picorer-eval/qwen36-v100-sufficiency-dynamics-20260912/probes-v2/681dc174c5f9/step-010/qwen-r2/native-s.request.json']",7,7b97ce4d0cbb0653b688623e547fb0289d0b851422b03a06392fa0e10540df79,agentmemorybench:fact-mh-262k:context-0/factconsolidation_mh_262k_no7,0.5,1,10,23,2,-1.6875,0.1561048974454574,0.125,26942.0,5,0.0,0.0,0.0,2.0,True,,,,,,,"[""search""]",-1.5000000149011612,0.5,"[""read""]",-0.1874999850988388,0.0,0.4090909090909091,True,False,False
False,state_answers,4,state-r1-q007-t011,"['/data/zhaogangyi/picorer-eval/qwen36-v100-sufficiency-dynamics-20260912/probes-v2/681dc174c5f9/step-011/qwen-r1/native-s.request.json', '/data/zhaogangyi/picorer-eval/qwen36-v100-sufficiency-dynamics-20260912/probes-v2/681dc174c5f9/step-011/qwen-r2/native-s.request.json']",7,3a8b9b348cbe164caf069138f2eaa1a21e131a03a3ca669766643b4008080ad1,agentmemorybench:fact-mh-262k:context-0/factconsolidation_mh_262k_no7,0.5,1,11,23,2,-2.93749993480742,0.0503306357135167,0.1249998994171619,11644.0,5,0.0,0.0,0.0,0.0,True,,,,,,,"[""search""]",-1.6875,0.5,"[""search""]",-1.2499999348074202,0.0,0.45454545454545453,False,False,False
False,state_answers,4,state-r1-q007-t012,"['/data/zhaogangyi/picorer-eval/qwen36-v100-sufficiency-dynamics-20260912/probes-v2/681dc174c5f9/step-012/qwen-r1/native-s.request.json', '/data/zhaogangyi/picorer-eval/qwen36-v100-sufficiency-dynamics-20260912/probes-v2/681dc174c5f9/step-012/qwen-r2/native-s.request.json']",7,96f44d690a7fa90072c52b0bfc83ffa4db3b47f2c54aa1253e161480985cefe8,agentmemorybench:fact-mh-262k:context-0/factconsolidation_mh_262k_no7,0.5,1,12,23,2,-2.437500048428774,0.0803574652433136,-0.1249999329447746,11495.0,5,0.0,0.0,0.0,0.0,True,,,,,,,"[""search""]",-2.93749993480742,0.5,"[""search""]",0.49999988637864634,0.0,0.5,False,False,True
False,state_answers,4,state-r1-q007-t013,"['/data/zhaogangyi/picorer-eval/qwen36-v100-sufficiency-dynamics-20260912/probes-v2/681dc174c5f9/step-013/qwen-r1/native-s.request.json', '/data/zhaogangyi/picorer-eval/qwen36-v100-sufficiency-dynamics-20260912/probes-v2/681dc174c5f9/step-013/qwen-r2/native-s.request.json']",7,9e87127cd50a0e4df3bef79dad6a19d505b61c1658e6681a078afba4804cbc15,agentmemorybench:fact-mh-262k:context-0/factconsolidation_mh_262k_no7,0.5,1,13,23,2,-3.6875000093132257,0.0244230898322046,0.1250000260770321,12185.0,5,0.0,0.0,0.0,0.0,True,,,,,,,"[""read""]",-2.437500048428774,0.5,"[""search""]",-1.2499999608844519,0.0,0.5454545454545454,False,False,False
False,state_answers,4,state-r1-q007-t014,"['/data/zhaogangyi/picorer-eval/qwen36-v100-sufficiency-dynamics-20260912/probes-v2/681dc174c5f9/step-014/qwen-r1/native-s.request.json', '/data/zhaogangyi/picorer-eval/qwen36-v100-sufficiency-dynamics-20260912/probes-v2/681dc174c5f9/step-014/qwen-r2/native-s.request.json']",7,9cff2cb2c1d375eda2d485416ade6ac030891158f6c005b011b18ef28c4b9346,agentmemorybench:fact-mh-262k:context-0/factconsolidation_mh_262k_no7,0.5,1,14,23,2,-1.9374999329447744,0.1259227722156478,-0.124999925494194,17476.0,5,0.0,0.0,0.0,0.0,True,,,,,,,"[""search_more""]",-3.6875000093132257,0.5,"[""read""]",1.7500000763684513,0.0,0.5909090909090909,True,False,True
False,state_answers,4,state-r1-q007-t015,"['/data/zhaogangyi/picorer-eval/qwen36-v100-sufficiency-dynamics-20260912/probes-v2/681dc174c5f9/step-015/qwen-r1/native-s.request.json', '/data/zhaogangyi/picorer-eval/qwen36-v100-sufficiency-dynamics-20260912/probes-v2/681dc174c5f9/step-015/qwen-r2/native-s.request.json']",7,6f8610247e3bb9ef22a8797be7b4f16d876417e4d7fdcf669570772a87cb770e,agentmemorybench:fact-mh-262k:context-0/factconsolidation_mh_262k_no7,0.5,1,15,23,2,-2.8749999180436134,0.0534033339428356,0.0,12975.0,5,0.0,0.0,0.0,0.0,True,,,,,,,"[""read""]",-1.9374999329447744,0.5,"[""search_more""]",-0.937499985098839,0.0,0.6363636363636364,False,False,False
False,state_answers,4,state-r1-q007-t016,"['/data/zhaogangyi/picorer-eval/qwen36-v100-sufficiency-dynamics-20260912/probes-v2/681dc174c5f9/step-016/qwen-r1/native-s.request.json', '/data/zhaogangyi/picorer-eval/qwen36-v100-sufficiency-dynamics-20260912/probes-v2/681dc174c5f9/step-016/qwen-r2/native-s.request.json']",7,346047a87688d20210c0844c5a1202e287ad1647f9c0925dc8940052d1f00cfe,agentmemorybench:fact-mh-262k:context-0/factconsolidation_mh_262k_no7,0.5,1,16,23,2,-1.5624999850988388,0.173288208064058,0.1249999403953552,26170.0,5,0.0,0.0,0.0,0.0,True,,,,,,,"[""search""]",-2.8749999180436134,0.5,"[""read""]",1.3124999329447746,0.0,0.6818181818181818,True,False,True
False,state_answers,4,state-r1-q007-t017,"['/data/zhaogangyi/picorer-eval/qwen36-v100-sufficiency-dynamics-20260912/probes-v2/681dc174c5f9/step-017/qwen-r1/native-s.request.json', '/data/zhaogangyi/picorer-eval/qwen36-v100-sufficiency-dynamics-20260912/probes-v2/681dc174c5f9/step-017/qwen-r2/native-s.request.json']",7,9bf1ed63a5f8660b2cb4fb19363ada639e8a190a7b6bb31bc5d9d7f487d9e50b,agentmemorybench:fact-mh-262k:context-0/factconsolidation_mh_262k_no7,0.5,1,17,23,2,-0.9999999701976776,0.2689414272294874,0.0,9769.0,5,0.0,0.0,0.0,0.0,True,,,,,,,"[""search_more""]",-1.5624999850988388,0.5,"[""search""]",0.5625000149011612,0.0,0.7272727272727273,False,False,True
False,state_answers,4,state-r1-q007-t018,"['/data/zhaogangyi/picorer-eval/qwen36-v100-sufficiency-dynamics-20260912/probes-v2/681dc174c5f9/step-018/qwen-r1/native-s.request.json', '/data/zhaogangyi/picorer-eval/qwen36-v100-sufficiency-dynamics-20260912/probes-v2/681dc174c5f9/step-018/qwen-r2/native-s.request.json']",7,088dd61915be81a4783a359bee7774a2ce1e229910295cf4d0571b918057c3e8,agentmemorybench:fact-mh-262k:context-0/factconsolidation_mh_262k_no7,0.5,1,18,23,2,-2.937499960884452,0.0503306344671007,0.1250000186264515,14588.0,5,0.0,0.0,0.0,0.0,True,,,,,,,"[""read""]",-0.9999999701976776,0.5,"[""search_more""]",-1.9374999906867743,0.0,0.7727272727272727,False,False,False
False,state_answers,4,state-r1-q007-t019,"['/data/zhaogangyi/picorer-eval/qwen36-v100-sufficiency-dynamics-20260912/probes-v2/681dc174c5f9/step-019/qwen-r1/native-s.request.json', '/data/zhaogangyi/picorer-eval/qwen36-v100-sufficiency-dynamics-20260912/probes-v2/681dc174c5f9/step-019/qwen-r2/native-s.request.json']",7,ae937a4581bdbff7b1cec7cc3c094b7316ff8c0ceab449eec8cd2e07067f735f,agentmemorybench:fact-mh-262k:context-0/factconsolidation_mh_262k_no7,0.5,1,19,23,2,-1.8125,0.1403362494900832,0.1249999701976776,34982.0,5,0.0,0.0,0.0,0.0,True,,,,,,,"[""read""]",-2.937499960884452,0.5,"[""read""]",1.1249999608844519,0.0,0.8181818181818182,True,False,True
False,state_answers,4,state-r1-q007-t020,"['/data/zhaogangyi/picorer-eval/qwen36-v100-sufficiency-dynamics-20260912/probes-v2/681dc174c5f9/step-020/qwen-r1/native-s.request.json', '/data/zhaogangyi/picorer-eval/qwen36-v100-sufficiency-dynamics-20260912/probes-v2/681dc174c5f9/step-020/qwen-r2/native-s.request.json']",7,99c470ce3443054dfa73b28bb1254e1751867566773040f4097957c14b977f1a,agentmemorybench:fact-mh-262k:context-0/factconsolidation_mh_262k_no7,0.5,1,20,23,2,-1.625000037252903,0.164516457776122,4.4703483581542975e-08,34979.0,5,0.0,0.0,0.0,1.0,True,,,,,,,"[""search""]",-1.8125,0.5,"[""read""]",0.18749996274709702,0.0,0.8636363636363636,True,False,True
False,state_answers,4,state-r1-q007-t021,"['/data/zhaogangyi/picorer-eval/qwen36-v100-sufficiency-dynamics-20260912/probes-v2/681dc174c5f9/step-021/qwen-r1/native-s.request.json', '/data/zhaogangyi/picorer-eval/qwen36-v100-sufficiency-dynamics-20260912/probes-v2/681dc174c5f9/step-021/qwen-r2/native-s.request.json']",7,d9d015b04b38293d55ca4ac78ccd04864de76d8a7692d5809ae826cfe17a3ba4,agentmemorybench:fact-mh-262k:context-0/factconsolidation_mh_262k_no7,0.5,1,21,23,2,-0.625,0.3486451353339457,0.25,12564.0,5,0.0,0.0,0.0,0.0,True,,,,,,,"[""read""]",-1.625000037252903,0.5,"[""search""]",1.000000037252903,0.0,0.9090909090909091,False,False,True
False,state_answers,4,state-r1-q007-t022,"['/data/zhaogangyi/picorer-eval/qwen36-v100-sufficiency-dynamics-20260912/probes-v2/681dc174c5f9/step-022/qwen-r1/native-s.request.json', '/data/zhaogangyi/picorer-eval/qwen36-v100-sufficiency-dynamics-20260912/probes-v2/681dc174c5f9/step-022/qwen-r2/native-s.request.json']",7,77e5c29be33acf58534bfaea9333b29b12eb06771212e8913e5f6df7357ee204,agentmemorybench:fact-mh-262k:context-0/factconsolidation_mh_262k_no7,0.5,1,22,23,2,1.1249999701976776,0.7549149813536518,5.960464477539064e-08,28749.0,5,0.0,0.0,0.0,3.0,True,,,,,,,"[""search""]",-0.625,0.5,"[""read""]",1.7499999701976776,0.0,0.9545454545454546,True,False,True
False,state_answers,4,state-r1-q007-t023,"['/data/zhaogangyi/picorer-eval/qwen36-v100-sufficiency-dynamics-20260912/probes-v2/681dc174c5f9/step-023/qwen-r1/native-s.request.json', '/data/zhaogangyi/picorer-eval/qwen36-v100-sufficiency-dynamics-20260912/probes-v2/681dc174c5f9/step-023/qwen-r2/native-s.request.json']",7,117354748e62f5effe2bdf291453dcd1f547c10c1b9f6ef71e1f353fdc03c83b,agentmemorybench:fact-mh-262k:context-0/factconsolidation_mh_262k_no7,0.5,1,23,23,2,2.875000063329935,0.9465966734015936,-1.4901161193847656e-08,14306.0,5,0.0,0.0,0.0,0.0,True,,,,,,,"[""finish""]",1.1249999701976776,0.5,"[""search""]",1.7500000931322575,0.0,1.0,False,False,True
False,state_answers,4,state-r2-q007-t002,"['/data/zhaogangyi/picorer-eval/qwen36-v100-sufficiency-dynamics-replicate-2-20260912/probes-v2/681dc174c5f9/step-002/qwen-r1/native-s.request.json', '/data/zhaogangyi/picorer-eval/qwen36-v100-sufficiency-dynamics-replicate-2-20260912/probes-v2/681dc174c5f9/step-002/qwen-r2/native-s.request.json']",7,256ab970ca18868626f82bd42fe1175ba4b793351a5dab862371361acb699487,agentmemorybench:fact-mh-262k:context-0/factconsolidation_mh_262k_no7,0.0,2,2,22,2,-4.625000042375177,0.0097084760740697,-0.2500001294538378,8948.0,5,0.0,0.0,0.0,0.0,True,,,,,,,"[""search""]",-4.499999982304871,0.0,"[""search""]",-0.12500006007030606,0.0,0.047619047619047616,False,False,False
False,state_answers,4,state-r2-q007-t003,"['/data/zhaogangyi/picorer-eval/qwen36-v100-sufficiency-dynamics-replicate-2-20260912/probes-v2/681dc174c5f9/step-003/qwen-r1/native-s.request.json', '/data/zhaogangyi/picorer-eval/qwen36-v100-sufficiency-dynamics-replicate-2-20260912/probes-v2/681dc174c5f9/step-003/qwen-r2/native-s.request.json']",7,1ec6bef58d391949e0993d74ad4410fb859da8b958374bebfd43a2423cd7e05b,agentmemorybench:fact-mh-262k:context-0/factconsolidation_mh_262k_no7,0.0,2,3,22,2,-4.625000056345016,0.0097084759397605,-0.2500000512227416,9277.0,5,0.0,0.0,0.0,0.0,True,,,,,,,"[""read""]",-4.625000042375177,0.0,"[""search""]",-1.3969838619232178e-08,0.0,0.09523809523809523,False,False,False
False,state_answers,4,state-r2-q007-t004,"['/data/zhaogangyi/picorer-eval/qwen36-v100-sufficiency-dynamics-replicate-2-20260912/probes-v2/681dc174c5f9/step-004/qwen-r1/native-s.request.json', '/data/zhaogangyi/picorer-eval/qwen36-v100-sufficiency-dynamics-replicate-2-20260912/probes-v2/681dc174c5f9/step-004/qwen-r2/native-s.request.json']",7,aecf7b9041241cb62e14a5eecaa2e6fa6c01f1247caaf30dec32d92ca486db2a,agentmemorybench:fact-mh-262k:context-0/factconsolidation_mh_262k_no7,0.5,2,4,22,2,1.8750000819563863,0.8670357692504921,1.4901161193847656e-08,21931.0,5,0.0,0.0,0.0,0.0,True,,,,,,,"[""search""]",-4.625000056345016,0.0,"[""read""]",6.500000138301402,0.5,0.14285714285714285,True,True,True
False,state_answers,4,state-r2-q007-t005,"['/data/zhaogangyi/picorer-eval/qwen36-v100-sufficiency-dynamics-replicate-2-20260912/probes-v2/681dc174c5f9/step-005/qwen-r1/native-s.request.json', '/data/zhaogangyi/picorer-eval/qwen36-v100-sufficiency-dynamics-replicate-2-20260912/probes-v2/681dc174c5f9/step-005/qwen-r2/native-s.request.json']",7,ad67b3a725be57c12ab4f44f8bf982951cb9d0fb3cb145dccc0c97c707266650,agentmemorybench:fact-mh-262k:context-0/factconsolidation_mh_262k_no7,0.5,2,5,22,2,2.3125001080334187,0.909907014894222,0.1250000074505806,9854.0,5,0.0,0.0,0.0,0.0,True,,,,,,,"[""read""]",1.8750000819563863,0.5,"[""search""]",0.4375000260770323,0.0,0.19047619047619047,False,False,True
False,state_answers,4,state-r2-q007-t006,"['/data/zhaogangyi/picorer-eval/qwen36-v100-sufficiency-dynamics-replicate-2-20260912/probes-v2/681dc174c5f9/step-006/qwen-r1/native-s.request.json', '/data/zhaogangyi/picorer-eval/qwen36-v100-sufficiency-dynamics-replicate-2-20260912/probes-v2/681dc174c5f9/step-006/qwen-r2/native-s.request.json']",7,50cf0c6ee1a23a8c9ebe3e1a07341a072efa3739f235e62d648a85540c665cc7,agentmemorybench:fact-mh-262k:context-0/factconsolidation_mh_262k_no7,0.5,2,6,22,2,-0.0625,0.4843800842769844,0.125,19791.0,5,0.0,0.0,0.0,0.0,True,,,,,,,"[""search""]",2.3125001080334187,0.5,"[""read""]",-2.3750001080334187,0.0,0.23809523809523808,True,False,False
False,state_answers,4,state-r2-q007-t007,"['/data/zhaogangyi/picorer-eval/qwen36-v100-sufficiency-dynamics-replicate-2-20260912/probes-v2/681dc174c5f9/step-007/qwen-r1/native-s.request.json', '/data/zhaogangyi/picorer-eval/qwen36-v100-sufficiency-dynamics-replicate-2-20260912/probes-v2/681dc174c5f9/step-007/qwen-r2/native-s.request.json']",7,ede9f3e04f955e5e248df49cf67e2dce3008e2fdc70e96826c721f638d429420,agentmemorybench:fact-mh-262k:context-0/factconsolidation_mh_262k_no7,0.5,2,7,22,2,-0.6874999701976776,0.3345894478883556,0.1250000596046447,9935.0,5,0.0,0.0,0.0,0.0,True,,,,,,,"[""search""]",-0.0625,0.5,"[""search""]",-0.6249999701976776,0.0,0.2857142857142857,False,False,False
False,state_answers,4,state-r2-q007-t008,"['/data/zhaogangyi/picorer-eval/qwen36-v100-sufficiency-dynamics-replicate-2-20260912/probes-v2/681dc174c5f9/step-008/qwen-r1/native-s.request.json', '/data/zhaogangyi/picorer-eval/qwen36-v100-sufficiency-dynamics-replicate-2-20260912/probes-v2/681dc174c5f9/step-008/qwen-r2/native-s.request.json']",7,8249a471fcd460482ba1461386659197eceabe4f85bad0e53e12821ea89b20fd,agentmemorybench:fact-mh-262k:context-0/factconsolidation_mh_262k_no7,0.5,2,8,22,2,-0.5625,0.3629692055196168,0.375,10273.0,5,0.0,0.0,0.0,0.0,True,,,,,,,"[""read""]",-0.6874999701976776,0.5,"[""search""]",0.12499997019767761,0.0,0.3333333333333333,False,False,True
False,state_answers,4,state-r2-q007-t009,"['/data/zhaogangyi/picorer-eval/qwen36-v100-sufficiency-dynamics-replicate-2-20260912/probes-v2/681dc174c5f9/step-009/qwen-r1/native-s.request.json', '/data/zhaogangyi/picorer-eval/qwen36-v100-sufficiency-dynamics-replicate-2-20260912/probes-v2/681dc174c5f9/step-009/qwen-r2/native-s.request.json']",7,ebb9f914c87822e132baf73123eb272afaae53bd5dd3efae09693a28eae8315e,agentmemorybench:fact-mh-262k:context-0/factconsolidation_mh_262k_no7,0.5,2,9,22,2,0.375,0.5926665999540697,0.0,15798.0,5,0.0,0.0,0.0,0.0,True,,,,,,,"[""search""]",-0.5625,0.5,"[""read""]",0.9375,0.0,0.38095238095238093,True,False,True
False,state_answers,4,state-r2-q007-t010,"['/data/zhaogangyi/picorer-eval/qwen36-v100-sufficiency-dynamics-replicate-2-20260912/probes-v2/681dc174c5f9/step-010/qwen-r1/native-s.request.json', '/data/zhaogangyi/picorer-eval/qwen36-v100-sufficiency-dynamics-replicate-2-20260912/probes-v2/681dc174c5f9/step-010/qwen-r2/native-s.request.json']",7,0b996a4095e4416b788fab9102153dba820fb08d1cc98ee1cb8b8b69a1afe1fe,agentmemorybench:fact-mh-262k:context-0/factconsolidation_mh_262k_no7,0.5,2,10,22,2,-1.9374999776482584,0.1259227672953041,0.1250000745058059,10541.0,5,0.0,0.0,0.0,0.0,True,,,,,,,"[""read""]",0.375,0.5,"[""search""]",-2.312499977648258,0.0,0.42857142857142855,False,False,False
False,state_answers,4,state-r2-q007-t011,"['/data/zhaogangyi/picorer-eval/qwen36-v100-sufficiency-dynamics-replicate-2-20260912/probes-v2/681dc174c5f9/step-011/qwen-r1/native-s.request.json', '/data/zhaogangyi/picorer-eval/qwen36-v100-sufficiency-dynamics-replicate-2-20260912/probes-v2/681dc174c5f9/step-011/qwen-r2/native-s.request.json']",7,6f7ed8fda2018c08d16c3c9460f8050553b279a4887c8cc45c3ed0d79a38e755,agentmemorybench:fact-mh-262k:context-0/factconsolidation_mh_262k_no7,0.75,2,11,22,2,-0.9374999850988388,0.2814056104424043,0.1249999701976776,26683.0,5,0.0,0.0,0.0,3.0,True,,,,,,,"[""read""]",-1.9374999776482584,0.5,"[""read""]",0.9999999925494196,0.25,0.47619047619047616,True,True,True
False,state_answers,4,state-r2-q007-t012,"['/data/zhaogangyi/picorer-eval/qwen36-v100-sufficiency-dynamics-replicate-2-20260912/probes-v2/681dc174c5f9/step-012/qwen-r1/native-s.request.json', '/data/zhaogangyi/picorer-eval/qwen36-v100-sufficiency-dynamics-replicate-2-20260912/probes-v2/681dc174c5f9/step-012/qwen-r2/native-s.request.json']",7,164bd373b5067b218f11eb171569b5117dd1015d01dbba6ef60be4b58f401e78,agentmemorybench:fact-mh-262k:context-0/factconsolidation_mh_262k_no7,0.75,2,12,22,2,-1.6875,0.1561048974454574,-0.1249998807907104,21297.0,5,0.0,0.0,0.0,1.0,True,,,,,,,"[""search""]",-0.9374999850988388,0.75,"[""read""]",-0.7500000149011612,0.0,0.5238095238095238,True,False,False
False,state_answers,4,state-r2-q007-t013,"['/data/zhaogangyi/picorer-eval/qwen36-v100-sufficiency-dynamics-replicate-2-20260912/probes-v2/681dc174c5f9/step-013/qwen-r1/native-s.request.json', '/data/zhaogangyi/picorer-eval/qwen36-v100-sufficiency-dynamics-replicate-2-20260912/probes-v2/681dc174c5f9/step-013/qwen-r2/native-s.request.json']",7,9fa647e8c76544138375082ee4b4780095e9c633030b7890184e03cfcbc39362,agentmemorybench:fact-mh-262k:context-0/factconsolidation_mh_262k_no7,0.75,2,13,22,2,-3.0000000335276127,0.0474258716629012,-4.4703483581542975e-08,11910.0,5,0.0,0.0,0.0,0.0,True,,,,,,,"[""read""]",-1.6875,0.75,"[""search""]",-1.3125000335276127,0.0,0.5714285714285714,False,False,False
False,state_answers,4,state-r2-q007-t014,"['/data/zhaogangyi/picorer-eval/qwen36-v100-sufficiency-dynamics-replicate-2-20260912/probes-v2/681dc174c5f9/step-014/qwen-r1/native-s.request.json', '/data/zhaogangyi/picorer-eval/qwen36-v100-sufficiency-dynamics-replicate-2-20260912/probes-v2/681dc174c5f9/step-014/qwen-r2/native-s.request.json']",7,a96e14ffcf7f4056481664311a607939b8c841e696bdc08884ce90652fe72ee4,agentmemorybench:fact-mh-262k:context-0/factconsolidation_mh_262k_no7,0.75,2,14,22,2,-2.8125000838190317,0.0566524208284395,0.1249999813735485,25351.0,5,0.0,0.0,0.0,1.0,True,,,,,,,"[""read""]",-3.0000000335276127,0.75,"[""read""]",0.18749994970858097,0.0,0.6190476190476191,True,False,True
False,state_answers,4,state-r2-q007-t015,"['/data/zhaogangyi/picorer-eval/qwen36-v100-sufficiency-dynamics-replicate-2-20260912/probes-v2/681dc174c5f9/step-015/qwen-r1/native-s.request.json', '/data/zhaogangyi/picorer-eval/qwen36-v100-sufficiency-dynamics-replicate-2-20260912/probes-v2/681dc174c5f9/step-015/qwen-r2/native-s.request.json']",7,20f77ca666bda474eae2eaa9cc2f2ea2e452e694cd9176bb27f5ce4585946dff,agentmemorybench:fact-mh-262k:context-0/factconsolidation_mh_262k_no7,0.75,2,15,22,2,-2.9374999441206455,0.0503306352683681,0.1250000447034835,28247.0,5,0.0,0.0,0.0,2.0,True,,,,,,,[],-2.8125000838190317,0.75,"[""read""]",-0.12499986030161381,0.0,0.6666666666666666,True,False,False
False,state_answers,4,state-r2-q007-t016,"['/data/zhaogangyi/picorer-eval/qwen36-v100-sufficiency-dynamics-replicate-2-20260912/probes-v2/681dc174c5f9/step-016/qwen-r1/native-s.request.json', '/data/zhaogangyi/picorer-eval/qwen36-v100-sufficiency-dynamics-replicate-2-20260912/probes-v2/681dc174c5f9/step-016/qwen-r2/native-s.request.json']",7,558a690b0ac7aa8833023f7149dcc461a445b38a6b4ec8332993f74d06dad2c5,agentmemorybench:fact-mh-262k:context-0/factconsolidation_mh_262k_no7,0.75,2,16,22,2,0.5000000149011612,0.6224593347036828,-0.2500000298023224,5728.0,5,0.0,0.0,0.0,0.0,True,,,,,,,"[""search""]",-2.9374999441206455,0.75,[],3.4374999590218067,0.0,0.7142857142857143,False,False,True
False,state_answers,4,state-r2-q007-t017,"['/data/zhaogangyi/picorer-eval/qwen36-v100-sufficiency-dynamics-replicate-2-20260912/probes-v2/681dc174c5f9/step-017/qwen-r1/native-s.request.json', '/data/zhaogangyi/picorer-eval/qwen36-v100-sufficiency-dynamics-replicate-2-20260912/probes-v2/681dc174c5f9/step-017/qwen-r2/native-s.request.json']",7,25ceb42fbf078c5413514a58af3b69dce7ca47346509832f51c84d91fcfa9ef5,agentmemorybench:fact-mh-262k:context-0/factconsolidation_mh_262k_no7,0.75,2,17,22,2,-0.1875,0.4532618480153861,0.125,10009.0,5,0.0,0.0,0.0,0.0,True,,,,,,,"[""read""]",0.5000000149011612,0.75,"[""search""]",-0.6875000149011612,0.0,0.7619047619047619,False,False,False
False,state_answers,4,state-r2-q007-t018,"['/data/zhaogangyi/picorer-eval/qwen36-v100-sufficiency-dynamics-replicate-2-20260912/probes-v2/681dc174c5f9/step-018/qwen-r1/native-s.request.json', '/data/zhaogangyi/picorer-eval/qwen36-v100-sufficiency-dynamics-replicate-2-20260912/probes-v2/681dc174c5f9/step-018/qwen-r2/native-s.request.json']",7,d8d02e33d03009982566fd1578130bbbf6538ca38fd449abedcc582b853ceacf,agentmemorybench:fact-mh-262k:context-0/factconsolidation_mh_262k_no7,0.75,2,18,22,2,-0.7500000149011612,0.3208212975777186,8.940696716308595e-08,15685.0,5,0.0,0.0,0.0,0.0,True,,,,,,,"[""search""]",-0.1875,0.75,"[""read""]",-0.5625000149011612,0.0,0.8095238095238095,False,False,False
False,state_answers,4,state-r2-q007-t019,"['/data/zhaogangyi/picorer-eval/qwen36-v100-sufficiency-dynamics-replicate-2-20260912/probes-v2/681dc174c5f9/step-019/qwen-r1/native-s.request.json', '/data/zhaogangyi/picorer-eval/qwen36-v100-sufficiency-dynamics-replicate-2-20260912/probes-v2/681dc174c5f9/step-019/qwen-r2/native-s.request.json']",7,7dba012285ebe9f020edf0f64b0f4fc1867c620902234ccf5db83534f053b81c,agentmemorybench:fact-mh-262k:context-0/factconsolidation_mh_262k_no7,0.75,2,19,22,2,-1.312500037252903,0.2120687981323082,-0.1250000149011612,6698.0,5,0.0,0.0,0.0,1.0,True,,,,,,,"[""search""]",-0.7500000149011612,0.75,"[""search""]",-0.5625000223517418,0.0,0.8571428571428571,False,False,False
False,state_answers,4,state-r2-q007-t020,"['/data/zhaogangyi/picorer-eval/qwen36-v100-sufficiency-dynamics-replicate-2-20260912/probes-v2/681dc174c5f9/step-020/qwen-r1/native-s.request.json', '/data/zhaogangyi/picorer-eval/qwen36-v100-sufficiency-dynamics-replicate-2-20260912/probes-v2/681dc174c5f9/step-020/qwen-r2/native-s.request.json']",7,cb5471353e7fdf266b754d023b012145b70a55e68ee65d7305639ac2415ab5c8,agentmemorybench:fact-mh-262k:context-0/factconsolidation_mh_262k_no7,0.75,2,20,22,2,-3.437500056810677,0.0311438288205792,-0.1249999422580003,7050.0,5,0.0,0.0,0.0,1.0,True,,,,,,,"[""search""]",-1.312500037252903,0.75,"[""search""]",-2.125000019557774,0.0,0.9047619047619048,False,False,False
False,state_answers,4,state-r2-q007-t021,"['/data/zhaogangyi/picorer-eval/qwen36-v100-sufficiency-dynamics-replicate-2-20260912/probes-v2/681dc174c5f9/step-021/qwen-r1/native-s.request.json', '/data/zhaogangyi/picorer-eval/qwen36-v100-sufficiency-dynamics-replicate-2-20260912/probes-v2/681dc174c5f9/step-021/qwen-r2/native-s.request.json']",7,c0e0fdc2b45ea52ca7992fb9398ba89e724b721a58565bda382fb46863978a50,agentmemorybench:fact-mh-262k:context-0/factconsolidation_mh_262k_no7,0.75,2,21,22,2,-4.312500071246177,0.0132228208226865,-0.1249999096617102,7505.0,5,0.0,0.0,0.0,0.0,True,,,,,,,"[""search""]",-3.437500056810677,0.75,"[""search""]",-0.8750000144354999,0.0,0.9523809523809523,False,False,False
False,state_answers,4,state-r2-q007-t022,"['/data/zhaogangyi/picorer-eval/qwen36-v100-sufficiency-dynamics-replicate-2-20260912/probes-v2/681dc174c5f9/step-022/qwen-r1/native-s.request.json', '/data/zhaogangyi/picorer-eval/qwen36-v100-sufficiency-dynamics-replicate-2-20260912/probes-v2/681dc174c5f9/step-022/qwen-r2/native-s.request.json']",7,33fdb737304c80c98d94b87ba0a0faaa4f09c509c69556e2a471aa79d1a38dcd,agentmemorybench:fact-mh-262k:context-0/factconsolidation_mh_262k_no7,0.75,2,22,22,2,-4.437500162981451,0.0116872561131502,-0.1249999292194843,7734.0,5,0.0,0.0,0.0,0.0,True,,,,,,,"[""finish""]",-4.312500071246177,0.75,"[""search""]",-0.1250000917352736,0.0,1.0,False,False,False
False,state_answers,4,state-r3-q007-t002,"['/data/zhaogangyi/picorer-eval/qwen36-v100-sufficiency-dynamics-replicate-3-20260912/probes-v2/681dc174c5f9/step-002/qwen-r1/native-s.request.json', '/data/zhaogangyi/picorer-eval/qwen36-v100-sufficiency-dynamics-replicate-3-20260912/probes-v2/681dc174c5f9/step-002/qwen-r2/native-s.request.json']",7,e48b07295285690c25f7a52b834dc6f915eaf7d5c8f912d02689e68dd29e9d0f,agentmemorybench:fact-mh-262k:context-0/factconsolidation_mh_262k_no7,0.0,3,2,20,2,-1.3749999552965164,0.2018132294614237,0.0,8976.0,5,0.0,0.0,0.0,0.0,True,,,,,,,"[""read""]",-4.4999997820705175,0.0,"[""search""]",3.124999826774001,0.0,0.05263157894736842,False,False,True
False,state_answers,4,state-r3-q007-t003,"['/data/zhaogangyi/picorer-eval/qwen36-v100-sufficiency-dynamics-replicate-3-20260912/probes-v2/681dc174c5f9/step-003/qwen-r1/native-s.request.json', '/data/zhaogangyi/picorer-eval/qwen36-v100-sufficiency-dynamics-replicate-3-20260912/probes-v2/681dc174c5f9/step-003/qwen-r2/native-s.request.json']",7,42a9f3fe92a67975b740f3ec5d8787e118280f6e968853007a3ca44f12b8d0e3,agentmemorybench:fact-mh-262k:context-0/factconsolidation_mh_262k_no7,0.25,3,3,20,2,2.062499973922968,0.8872045911075103,0.1250000074505806,24356.0,5,0.0,0.0,0.0,0.0,True,,,,,,,"[""search""]",-1.3749999552965164,0.0,"[""read""]",3.4374999292194843,0.25,0.10526315789473684,True,True,True
False,state_answers,4,state-r3-q007-t004,"['/data/zhaogangyi/picorer-eval/qwen36-v100-sufficiency-dynamics-replicate-3-20260912/probes-v2/681dc174c5f9/step-004/qwen-r1/native-s.request.json', '/data/zhaogangyi/picorer-eval/qwen36-v100-sufficiency-dynamics-replicate-3-20260912/probes-v2/681dc174c5f9/step-004/qwen-r2/native-s.request.json']",7,4e831171749775d1e0477919405a2a8024f219d33e670e68d8e04780cac1fc45,agentmemorybench:fact-mh-262k:context-0/factconsolidation_mh_262k_no7,0.25,3,4,20,2,-0.6249999850988388,0.3486451387178759,-0.2499999701976776,10021.0,5,0.0,0.0,0.0,0.0,True,,,,,,,"[""read""]",2.062499973922968,0.25,"[""search""]",-2.6874999590218067,0.0,0.15789473684210525,False,False,False
False,state_answers,4,state-r3-q007-t005,"['/data/zhaogangyi/picorer-eval/qwen36-v100-sufficiency-dynamics-replicate-3-20260912/probes-v2/681dc174c5f9/step-005/qwen-r1/native-s.request.json', '/data/zhaogangyi/picorer-eval/qwen36-v100-sufficiency-dynamics-replicate-3-20260912/probes-v2/681dc174c5f9/step-005/qwen-r2/native-s.request.json']",7,56a5f449dc01cb28e159d42c461014065753fac5844da83f1ecb96f56f7df931,agentmemorybench:fact-mh-262k:context-0/factconsolidation_mh_262k_no7,0.5,3,5,20,2,-0.1875,0.4532618480153861,-0.125,15361.0,5,0.0,0.0,0.0,0.0,True,,,,,,,"[""search""]",-0.6249999850988388,0.25,"[""read""]",0.4374999850988388,0.25,0.21052631578947367,True,True,True
False,state_answers,4,state-r3-q007-t006,"['/data/zhaogangyi/picorer-eval/qwen36-v100-sufficiency-dynamics-replicate-3-20260912/probes-v2/681dc174c5f9/step-006/qwen-r1/native-s.request.json', '/data/zhaogangyi/picorer-eval/qwen36-v100-sufficiency-dynamics-replicate-3-20260912/probes-v2/681dc174c5f9/step-006/qwen-r2/native-s.request.json']",7,f6ec17c535f49e5e4ca4a730223620b21bfcee1bffce6cc3ba63847f2128091f,agentmemorybench:fact-mh-262k:context-0/factconsolidation_mh_262k_no7,0.5,3,6,20,2,2.187500011175871,0.8991213782836187,0.1250000074505806,10116.0,5,0.0,0.0,0.0,0.0,True,,,,,,,"[""search""]",-0.1875,0.5,"[""search""]",2.375000011175871,0.0,0.2631578947368421,False,False,True
False,state_answers,4,state-r3-q007-t007,"['/data/zhaogangyi/picorer-eval/qwen36-v100-sufficiency-dynamics-replicate-3-20260912/probes-v2/681dc174c5f9/step-007/qwen-r1/native-s.request.json', '/data/zhaogangyi/picorer-eval/qwen36-v100-sufficiency-dynamics-replicate-3-20260912/probes-v2/681dc174c5f9/step-007/qwen-r2/native-s.request.json']",7,8b488b06043179ab8da5f7abfa57c45120bdd39d3ed2f1f2b455c9d74b6d2852,agentmemorybench:fact-mh-262k:context-0/factconsolidation_mh_262k_no7,0.5,3,7,20,2,0.25,0.5621765008857981,0.0,10461.0,5,0.0,0.0,0.0,0.0,True,,,,,,,"[""search""]",2.187500011175871,0.5,"[""search""]",-1.937500011175871,0.0,0.3157894736842105,False,False,False
False,state_answers,4,state-r3-q007-t008,"['/data/zhaogangyi/picorer-eval/qwen36-v100-sufficiency-dynamics-replicate-3-20260912/probes-v2/681dc174c5f9/step-008/qwen-r1/native-s.request.json', '/data/zhaogangyi/picorer-eval/qwen36-v100-sufficiency-dynamics-replicate-3-20260912/probes-v2/681dc174c5f9/step-008/qwen-r2/native-s.request.json']",7,a439cd1e509cc3fa85a20a94a2f330a545830100950f70e14076511b22e9a2ef,agentmemorybench:fact-mh-262k:context-0/factconsolidation_mh_262k_no7,0.5,3,8,20,2,-1.3125,0.2120688043571053,0.1249999403953552,10768.0,5,0.0,0.0,0.0,0.0,True,,,,,,,"[""read""]",0.25,0.5,"[""search""]",-1.5625,0.0,0.3684210526315789,False,False,False
False,state_answers,4,state-r3-q007-t009,"['/data/zhaogangyi/picorer-eval/qwen36-v100-sufficiency-dynamics-replicate-3-20260912/probes-v2/681dc174c5f9/step-009/qwen-r1/native-s.request.json', '/data/zhaogangyi/picorer-eval/qwen36-v100-sufficiency-dynamics-replicate-3-20260912/probes-v2/681dc174c5f9/step-009/qwen-r2/native-s.request.json']",7,8049fdc73b27972a91eeed076a714d7998573c78da73eabbe4561578b689050e,agentmemorybench:fact-mh-262k:context-0/factconsolidation_mh_262k_no7,0.5,3,9,20,2,-1.625,0.1645164628965631,-1.1920928955078125e-07,16738.0,5,0.0,0.0,0.0,0.0,True,,,,,,,"[""search""]",-1.3125,0.5,"[""read""]",-0.3125,0.0,0.42105263157894735,True,False,False
False,state_answers,4,state-r3-q007-t010,"['/data/zhaogangyi/picorer-eval/qwen36-v100-sufficiency-dynamics-replicate-3-20260912/probes-v2/681dc174c5f9/step-010/qwen-r1/native-s.request.json', '/data/zhaogangyi/picorer-eval/qwen36-v100-sufficiency-dynamics-replicate-3-20260912/probes-v2/681dc174c5f9/step-010/qwen-r2/native-s.request.json']",7,b65bff9c954b10eb8188de7f2abdbabdf820a486d5e16173e4b76b5b2856cc68,agentmemorybench:fact-mh-262k:context-0/factconsolidation_mh_262k_no7,0.5,3,10,20,2,-1.8125000074505808,0.1403362485912303,-0.1249999552965164,11753.0,5,0.0,0.0,0.0,0.0,True,,,,,,,"[""read""]",-1.625,0.5,"[""search""]",-0.18750000745058082,0.0,0.47368421052631576,False,False,False
False,state_answers,4,state-r3-q007-t011,"['/data/zhaogangyi/picorer-eval/qwen36-v100-sufficiency-dynamics-replicate-3-20260912/probes-v2/681dc174c5f9/step-011/qwen-r1/native-s.request.json', '/data/zhaogangyi/picorer-eval/qwen36-v100-sufficiency-dynamics-replicate-3-20260912/probes-v2/681dc174c5f9/step-011/qwen-r2/native-s.request.json']",7,ac8084362aa72b6d8fcf01b220ef30f53cda583eeadc6e03d2b58e21b3ee8c37,agentmemorybench:fact-mh-262k:context-0/factconsolidation_mh_262k_no7,0.5,3,11,20,2,-2.062499925494194,0.1127954137388833,0.1249999701976776,17372.0,5,0.0,0.0,0.0,0.0,True,,,,,,,"[""search""]",-1.8125000074505808,0.5,"[""read""]",-0.2499999180436132,0.0,0.5263157894736842,True,False,False
False,state_answers,4,state-r3-q007-t012,"['/data/zhaogangyi/picorer-eval/qwen36-v100-sufficiency-dynamics-replicate-3-20260912/probes-v2/681dc174c5f9/step-012/qwen-r1/native-s.request.json', '/data/zhaogangyi/picorer-eval/qwen36-v100-sufficiency-dynamics-replicate-3-20260912/probes-v2/681dc174c5f9/step-012/qwen-r2/native-s.request.json']",7,7badcfcc063c6acf12d5444dde99ec0631f4dab4c2c41f704786c9c24d73ef3b,agentmemorybench:fact-mh-262k:context-0/factconsolidation_mh_262k_no7,0.5,3,12,20,2,-2.437499899417162,0.0803574762552938,0.1250000074505806,12420.0,5,0.0,0.0,0.0,0.0,True,,,,,,,"[""search""]",-2.062499925494194,0.5,"[""search""]",-0.3749999739229679,0.0,0.5789473684210527,False,False,False
False,state_answers,4,state-r3-q007-t013,"['/data/zhaogangyi/picorer-eval/qwen36-v100-sufficiency-dynamics-replicate-3-20260912/probes-v2/681dc174c5f9/step-013/qwen-r1/native-s.request.json', '/data/zhaogangyi/picorer-eval/qwen36-v100-sufficiency-dynamics-replicate-3-20260912/probes-v2/681dc174c5f9/step-013/qwen-r2/native-s.request.json']",7,b1be52edee770859f694c046421c4acb3d60c99bbe84fa415dd01dcdf85a2447,agentmemorybench:fact-mh-262k:context-0/factconsolidation_mh_262k_no7,0.5,3,13,20,2,-3.4999999571591616,0.0293122319703077,-1.1548399925231935e-07,11014.0,5,0.0,0.0,0.0,0.0,True,,,,,,,"[""workingMemory""]",-2.437499899417162,0.5,"[""search""]",-1.0625000577419996,0.0,0.631578947368421,False,False,False
False,state_answers,4,state-r3-q007-t014,"['/data/zhaogangyi/picorer-eval/qwen36-v100-sufficiency-dynamics-replicate-3-20260912/probes-v2/681dc174c5f9/step-014/qwen-r1/native-s.request.json', '/data/zhaogangyi/picorer-eval/qwen36-v100-sufficiency-dynamics-replicate-3-20260912/probes-v2/681dc174c5f9/step-014/qwen-r2/native-s.request.json']",7,59b7959e65da0a5ae373032612c0931fd53af0a17e46428c3006a95a30b3ec0a,agentmemorybench:fact-mh-262k:context-0/factconsolidation_mh_262k_no7,0.5,3,14,20,2,-2.1249999217689037,0.1066906014016781,3.725290298461914e-08,8365.0,5,0.0,0.0,0.0,0.0,True,,,,,,,[],-3.4999999571591616,0.5,"[""workingMemory""]",1.3750000353902578,0.0,0.6842105263157895,False,False,True
False,state_answers,4,state-r3-q007-t015,"['/data/zhaogangyi/picorer-eval/qwen36-v100-sufficiency-dynamics-replicate-3-20260912/probes-v2/681dc174c5f9/step-015/qwen-r1/native-s.request.json', '/data/zhaogangyi/picorer-eval/qwen36-v100-sufficiency-dynamics-replicate-3-20260912/probes-v2/681dc174c5f9/step-015/qwen-r2/native-s.request.json']",7,a9be46001143055dff884f36969b73aad9e442fd51d202d327ebdcc814b752d5,agentmemorybench:fact-mh-262k:context-0/factconsolidation_mh_262k_no7,0.5,3,15,20,2,-2.2499999925494194,0.0953494655417812,0.0,4824.0,5,0.0,0.0,0.0,0.0,True,,,,,,,"[""search""]",-2.1249999217689037,0.5,[],-0.12500007078051567,0.0,0.7368421052631579,False,False,False
False,state_answers,4,state-r3-q007-t016,"['/data/zhaogangyi/picorer-eval/qwen36-v100-sufficiency-dynamics-replicate-3-20260912/probes-v2/681dc174c5f9/step-016/qwen-r1/native-s.request.json', '/data/zhaogangyi/picorer-eval/qwen36-v100-sufficiency-dynamics-replicate-3-20260912/probes-v2/681dc174c5f9/step-016/qwen-r2/native-s.request.json']",7,d831aff971224e547a285f5c7b9394da79d306a1a3ae1bf967309e4bcf2f36bf,agentmemorybench:fact-mh-262k:context-0/factconsolidation_mh_262k_no7,0.5,3,16,20,2,-2.0000001043081284,0.1192029110704335,0.0,5196.0,5,0.0,0.0,0.0,0.0,True,,,,,,,"[""read""]",-2.2499999925494194,0.5,"[""search""]",0.24999988824129105,0.0,0.7894736842105263,False,False,True
False,state_answers,4,state-r3-q007-t017,"['/data/zhaogangyi/picorer-eval/qwen36-v100-sufficiency-dynamics-replicate-3-20260912/probes-v2/681dc174c5f9/step-017/qwen-r1/native-s.request.json', '/data/zhaogangyi/picorer-eval/qwen36-v100-sufficiency-dynamics-replicate-3-20260912/probes-v2/681dc174c5f9/step-017/qwen-r2/native-s.request.json']",7,661308bdd2471bc9745cf1fda47973a3f1119c1e4ba1e1f5a156300b845a820c,agentmemorybench:fact-mh-262k:context-0/factconsolidation_mh_262k_no7,0.5,3,17,20,2,3.1250000298023224,0.957912273285902,0.0,23645.0,5,0.0,0.0,0.0,0.0,True,,,,,,,"[""search""]",-2.0000001043081284,0.5,"[""read""]",5.125000134110451,0.0,0.8421052631578947,False,False,True
False,state_answers,4,state-r3-q007-t018,"['/data/zhaogangyi/picorer-eval/qwen36-v100-sufficiency-dynamics-replicate-3-20260912/probes-v2/681dc174c5f9/step-018/qwen-r1/native-s.request.json', '/data/zhaogangyi/picorer-eval/qwen36-v100-sufficiency-dynamics-replicate-3-20260912/probes-v2/681dc174c5f9/step-018/qwen-r2/native-s.request.json']",7,6986b2382b9008a4b73848d12ccd3814dfa8e0bf4735d4e36c2f61d86e9cf3b2,agentmemorybench:fact-mh-262k:context-0/factconsolidation_mh_262k_no7,0.5,3,18,20,2,-1.1249999701976776,0.2450850186463482,0.0,6368.0,5,0.0,0.0,0.0,0.0,True,,,,,,,"[""search""]",3.1250000298023224,0.5,"[""search""]",-4.25,0.0,0.8947368421052632,False,False,False
False,state_answers,4,state-r3-q007-t019,"['/data/zhaogangyi/picorer-eval/qwen36-v100-sufficiency-dynamics-replicate-3-20260912/probes-v2/681dc174c5f9/step-019/qwen-r1/native-s.request.json', '/data/zhaogangyi/picorer-eval/qwen36-v100-sufficiency-dynamics-replicate-3-20260912/probes-v2/681dc174c5f9/step-019/qwen-r2/native-s.request.json']",7,247161fe289eb5a7fa90040ac161b42414dbebb5c73d99e1fb8a2a2eb9068d86,agentmemorybench:fact-mh-262k:context-0/factconsolidation_mh_262k_no7,0.5,3,19,20,2,-2.437499988824129,0.0803574696481055,0.1249999031424522,7181.0,5,0.0,0.0,0.0,0.0,True,,,,,,,"[""read""]",-1.1249999701976776,0.5,"[""search""]",-1.3125000186264515,0.0,0.9473684210526315,False,False,False
False,state_answers,4,state-r3-q007-t020,"['/data/zhaogangyi/picorer-eval/qwen36-v100-sufficiency-dynamics-replicate-3-20260912/probes-v2/681dc174c5f9/step-020/qwen-r1/native-s.request.json', '/data/zhaogangyi/picorer-eval/qwen36-v100-sufficiency-dynamics-replicate-3-20260912/probes-v2/681dc174c5f9/step-020/qwen-r2/native-s.request.json']",7,73e09d9aac0c9a56776c452af9e3aff16000e5d6ff287ff8468bf1ae265c3cf1,agentmemorybench:fact-mh-262k:context-0/factconsolidation_mh_262k_no7,0.5,3,20,20,2,1.4375000149011612,0.8080672158638527,0.1250000298023224,16466.0,5,0.0,0.0,0.0,2.0,True,,,,,,,"[""finish""]",-2.437499988824129,0.5,"[""read""]",3.8750000037252903,0.0,1.0,True,False,True
False,state_answers,3,state-r1-q070-t002,"['/data/zhaogangyi/picorer-eval/qwen36-v100-sufficiency-dynamics-20260912/probes-v2/e73203024a69/step-002/qwen-r1/native-s.request.json', '/data/zhaogangyi/picorer-eval/qwen36-v100-sufficiency-dynamics-20260912/probes-v2/e73203024a69/step-002/qwen-r2/native-s.request.json']",70,0fc4243bf81fc97451532ebee15c0a54dce1238168becbf35a253db34aa744ed,agentmemorybench:fact-mh-262k:context-0/factconsolidation_mh_262k_no70,0.0,1,2,6,2,2.3125000298023224,0.9099070084811308,-0.1250000894069671,9015.0,5,0.0,0.0,0.0,0.0,True,,,,,,,"[""read""]",-4.68749983003363,0.0,"[""search""]",6.9999998598359525,0.0,0.2,False,False,True
False,state_answers,3,state-r1-q070-t003,"['/data/zhaogangyi/picorer-eval/qwen36-v100-sufficiency-dynamics-20260912/probes-v2/e73203024a69/step-003/qwen-r1/native-s.request.json', '/data/zhaogangyi/picorer-eval/qwen36-v100-sufficiency-dynamics-20260912/probes-v2/e73203024a69/step-003/qwen-r2/native-s.request.json']",70,67f7f9a39e528e92e7e610330706fb69c95a3aae0cf9f85530f061cb173ba8a9,agentmemorybench:fact-mh-262k:context-0/factconsolidation_mh_262k_no70,0.3333333333333333,1,3,6,2,3.500000041909516,0.9706877704410962,2.421438694000244e-08,19252.0,5,0.0,0.0,0.0,0.0,True,,,,,,,"[""search""]",2.3125000298023224,0.0,"[""read""]",1.1875000121071935,0.3333333333333333,0.4,True,True,True
False,state_answers,3,state-r1-q070-t004,"['/data/zhaogangyi/picorer-eval/qwen36-v100-sufficiency-dynamics-20260912/probes-v2/e73203024a69/step-004/qwen-r1/native-s.request.json', '/data/zhaogangyi/picorer-eval/qwen36-v100-sufficiency-dynamics-20260912/probes-v2/e73203024a69/step-004/qwen-r2/native-s.request.json']",70,6b6a8d959b15afeb1a6993cf0e36bf4f6415fb15174363a051715a9fdb1e6ef8,agentmemorybench:fact-mh-262k:context-0/factconsolidation_mh_262k_no70,0.3333333333333333,1,4,6,2,1.3750000298023224,0.7981867825403176,-2.9802322387695312e-08,9768.0,5,0.0,0.0,0.0,1.0,True,,,,,,,"[""search""]",3.500000041909516,0.3333333333333333,"[""search""]",-2.1250000121071935,0.0,0.6,False,False,False
False,state_answers,3,state-r1-q070-t005,"['/data/zhaogangyi/picorer-eval/qwen36-v100-sufficiency-dynamics-20260912/probes-v2/e73203024a69/step-005/qwen-r1/native-s.request.json', '/data/zhaogangyi/picorer-eval/qwen36-v100-sufficiency-dynamics-20260912/probes-v2/e73203024a69/step-005/qwen-r2/native-s.request.json']",70,23b4dc933725970a6f35aa5f6049728629c601e86910ad7aae17203823e62937,agentmemorybench:fact-mh-262k:context-0/factconsolidation_mh_262k_no70,0.3333333333333333,1,5,6,2,1.5000000298023224,0.8175744806385543,-0.2500000298023224,10234.0,5,0.0,0.0,0.0,0.0,True,,,,,,,"[""read""]",1.3750000298023224,0.3333333333333333,"[""search""]",0.125,0.0,0.8,False,False,True
False,state_answers,3,state-r1-q070-t006,"['/data/zhaogangyi/picorer-eval/qwen36-v100-sufficiency-dynamics-20260912/probes-v2/e73203024a69/step-006/qwen-r1/native-s.request.json', '/data/zhaogangyi/picorer-eval/qwen36-v100-sufficiency-dynamics-20260912/probes-v2/e73203024a69/step-006/qwen-r2/native-s.request.json']",70,ec97e73ab40a72c8f0f06f6184fb220f108e942f831e84dba6ade10f9b35d234,agentmemorybench:fact-mh-262k:context-0/factconsolidation_mh_262k_no70,1.0,1,6,6,2,6.562499995576218,0.9985896414971516,-0.1250003459863364,25564.0,5,1.0,1.0,1.0,0.0,True,,,,,,,"[""finish""]",1.5000000298023224,0.3333333333333333,"[""read""]",5.062499965773895,0.6666666666666667,1.0,True,True,True
False,state_answers,3,state-r2-q070-t002,"['/data/zhaogangyi/picorer-eval/qwen36-v100-sufficiency-dynamics-replicate-2-20260912/probes-v2/e73203024a69/step-002/qwen-r1/native-s.request.json', '/data/zhaogangyi/picorer-eval/qwen36-v100-sufficiency-dynamics-replicate-2-20260912/probes-v2/e73203024a69/step-002/qwen-r2/native-s.request.json']",70,9c9d39f675ad3b584a56dfe23476122eee4f0237ebcf828c8507d03834a83e9d,agentmemorybench:fact-mh-262k:context-0/factconsolidation_mh_262k_no70,0.0,2,2,5,2,0.8124999701976776,0.6926419767901475,-0.125,9015.0,5,0.0,0.0,0.0,0.0,True,,,,,,,"[""search""]",-4.812499948311597,0.0,"[""search""]",5.624999918509275,0.0,0.25,False,False,True
False,state_answers,3,state-r2-q070-t003,"['/data/zhaogangyi/picorer-eval/qwen36-v100-sufficiency-dynamics-replicate-2-20260912/probes-v2/e73203024a69/step-003/qwen-r1/native-s.request.json', '/data/zhaogangyi/picorer-eval/qwen36-v100-sufficiency-dynamics-replicate-2-20260912/probes-v2/e73203024a69/step-003/qwen-r2/native-s.request.json']",70,0f85a2b8a7d9bc2f21911e207e54138cd69fe693b5fe68729d2c65ceeda9d475,agentmemorybench:fact-mh-262k:context-0/factconsolidation_mh_262k_no70,0.0,2,3,5,2,0.125,0.5312093733737563,-0.25,9314.0,5,0.0,0.0,0.0,0.0,True,,,,,,,"[""search""]",0.8124999701976776,0.0,"[""search""]",-0.6874999701976776,0.0,0.5,False,False,False
False,state_answers,3,state-r2-q070-t004,"['/data/zhaogangyi/picorer-eval/qwen36-v100-sufficiency-dynamics-replicate-2-20260912/probes-v2/e73203024a69/step-004/qwen-r1/native-s.request.json', '/data/zhaogangyi/picorer-eval/qwen36-v100-sufficiency-dynamics-replicate-2-20260912/probes-v2/e73203024a69/step-004/qwen-r2/native-s.request.json']",70,109127e46a2d3d8a4f7f03a40ba9d4374bb58dc72b580f386bc63c0fc9bb8b28,agentmemorybench:fact-mh-262k:context-0/factconsolidation_mh_262k_no70,0.0,2,4,5,2,1.2500000596046448,0.7772998714925403,0.0,9544.0,5,0.0,0.0,0.0,0.0,True,,,,,,,"[""read""]",0.125,0.0,"[""search""]",1.1250000596046448,0.0,0.75,False,False,True
False,state_answers,3,state-r2-q070-t005,"['/data/zhaogangyi/picorer-eval/qwen36-v100-sufficiency-dynamics-replicate-2-20260912/probes-v2/e73203024a69/step-005/qwen-r1/native-s.request.json', '/data/zhaogangyi/picorer-eval/qwen36-v100-sufficiency-dynamics-replicate-2-20260912/probes-v2/e73203024a69/step-005/qwen-r2/native-s.request.json']",70,4a6b0cfdae000716284edd68f714c1ec371a1ce16f14808a3f73ef2f9714d356,agentmemorybench:fact-mh-262k:context-0/factconsolidation_mh_262k_no70,1.0,2,5,5,2,7.250000075640855,0.9992903296545416,-1.191510818898678e-07,25120.0,5,1.0,1.0,1.0,0.0,True,,,,,,,"[""finish""]",1.2500000596046448,0.0,"[""read""]",6.000000016036211,1.0,1.0,True,True,True
False,state_answers,3,state-r3-q070-t002,"['/data/zhaogangyi/picorer-eval/qwen36-v100-sufficiency-dynamics-replicate-3-20260912/probes-v2/e73203024a69/step-002/qwen-r1/native-s.request.json', '/data/zhaogangyi/picorer-eval/qwen36-v100-sufficiency-dynamics-replicate-3-20260912/probes-v2/e73203024a69/step-002/qwen-r2/native-s.request.json']",70,30354fbd0b04f3d49afc856e9ac4deedbc073eae3385b50c04b41c5af3aef987,agentmemorybench:fact-mh-262k:context-0/factconsolidation_mh_262k_no70,0.0,3,2,6,2,1.0625,0.7431680086124811,-0.1250000596046447,9053.0,5,0.0,0.0,0.0,0.0,True,,,,,,,"[""search""]",-4.62499990593642,0.0,"[""search""]",5.68749990593642,0.0,0.2,False,False,True
False,state_answers,3,state-r3-q070-t003,"['/data/zhaogangyi/picorer-eval/qwen36-v100-sufficiency-dynamics-replicate-3-20260912/probes-v2/e73203024a69/step-003/qwen-r1/native-s.request.json', '/data/zhaogangyi/picorer-eval/qwen36-v100-sufficiency-dynamics-replicate-3-20260912/probes-v2/e73203024a69/step-003/qwen-r2/native-s.request.json']",70,bcf08a9d1a1b3a3b12c0a33e22ef96c518cec3330b67b768c8950ad079408653,agentmemorybench:fact-mh-262k:context-0/factconsolidation_mh_262k_no70,0.0,3,3,6,2,0.8749999701976776,0.7057850216484838,0.0,9352.0,5,0.0,0.0,0.0,0.0,True,,,,,,,"[""read""]",1.0625,0.0,"[""search""]",-0.1875000298023224,0.0,0.4,False,False,False
False,state_answers,3,state-r3-q070-t004,"['/data/zhaogangyi/picorer-eval/qwen36-v100-sufficiency-dynamics-replicate-3-20260912/probes-v2/e73203024a69/step-004/qwen-r1/native-s.request.json', '/data/zhaogangyi/picorer-eval/qwen36-v100-sufficiency-dynamics-replicate-3-20260912/probes-v2/e73203024a69/step-004/qwen-r2/native-s.request.json']",70,ae84b886ca9e89a85c5f2461401d1fb92ac517e78615e3f9f4d145e31dd953d6,agentmemorybench:fact-mh-262k:context-0/factconsolidation_mh_262k_no70,0.6666666666666666,3,4,6,2,2.6874999795109034,0.9362850045257496,-0.1250001825392246,24437.0,5,0.0,0.0,0.0,0.0,True,,,,,,,"[""search""]",0.8749999701976776,0.0,"[""read""]",1.8125000093132257,0.6666666666666666,0.6,True,True,True
False,state_answers,3,state-r3-q070-t005,"['/data/zhaogangyi/picorer-eval/qwen36-v100-sufficiency-dynamics-replicate-3-20260912/probes-v2/e73203024a69/step-005/qwen-r1/native-s.request.json', '/data/zhaogangyi/picorer-eval/qwen36-v100-sufficiency-dynamics-replicate-3-20260912/probes-v2/e73203024a69/step-005/qwen-r2/native-s.request.json']",70,3bd64e4d4396e226edc9e916aae1fd496fa58f6b33e9625e361a972593a57d91,agentmemorybench:fact-mh-262k:context-0/factconsolidation_mh_262k_no70,0.6666666666666666,3,5,6,2,3.250000050291419,0.9626731144630216,-3.725290298461914e-09,9760.0,5,0.0,0.0,0.0,0.0,True,,,,,,,"[""read""]",2.6874999795109034,0.6666666666666666,"[""search""]",0.5625000707805157,0.0,0.8,False,False,True
False,state_answers,3,state-r3-q070-t006,"['/data/zhaogangyi/picorer-eval/qwen36-v100-sufficiency-dynamics-replicate-3-20260912/probes-v2/e73203024a69/step-006/qwen-r1/native-s.request.json', '/data/zhaogangyi/picorer-eval/qwen36-v100-sufficiency-dynamics-replicate-3-20260912/probes-v2/e73203024a69/step-006/qwen-r2/native-s.request.json']",70,c18e3792d7783fb56de7751136dc424c056568a22f22b7fe6a6f76398029d159,agentmemorybench:fact-mh-262k:context-0/factconsolidation_mh_262k_no70,1.0,3,6,6,2,7.5624999576830305,0.999480695113541,0.1249996084952727,19800.0,5,1.0,1.0,1.0,0.0,True,,,,,,,"[""finish""]",3.250000050291419,0.6666666666666666,"[""read""]",4.3124999073916115,0.33333333333333337,1.0,True,True,True
False,state_answers,2,state-r1-q073-t002,"['/data/zhaogangyi/picorer-eval/qwen36-v100-sufficiency-dynamics-20260912/probes-v2/e3ca5dba460a/step-002/qwen-r1/native-s.request.json', '/data/zhaogangyi/picorer-eval/qwen36-v100-sufficiency-dynamics-20260912/probes-v2/e3ca5dba460a/step-002/qwen-r2/native-s.request.json']",73,13f944f8b486b9564c1d96baf88e2141ec072d1d5a13807d662776de6f591f37,agentmemorybench:fact-mh-262k:context-0/factconsolidation_mh_262k_no73,0.0,1,2,4,2,1.8750000149011612,0.8670357615200474,2.086162567138672e-07,9006.0,5,0.0,0.0,0.0,0.0,True,,,,,,,"[""search""]",-3.7499999050050974,0.0,"[""search""]",5.624999919906259,0.0,0.3333333333333333,False,False,True
False,state_answers,2,state-r1-q073-t003,"['/data/zhaogangyi/picorer-eval/qwen36-v100-sufficiency-dynamics-20260912/probes-v2/e3ca5dba460a/step-003/qwen-r1/native-s.request.json', '/data/zhaogangyi/picorer-eval/qwen36-v100-sufficiency-dynamics-20260912/probes-v2/e3ca5dba460a/step-003/qwen-r2/native-s.request.json']",73,084e20b9810c405147bab677f742b52daa2a0bbbe274d88be4fdbaaff647eecd,agentmemorybench:fact-mh-262k:context-0/factconsolidation_mh_262k_no73,0.0,1,3,4,2,0.25,0.5621765008857981,0.0,9295.0,5,0.0,0.0,0.0,0.0,True,,,,,,,"[""read""]",1.8750000149011612,0.0,"[""search""]",-1.6250000149011612,0.0,0.6666666666666666,False,False,False
False,state_answers,2,state-r1-q073-t004,"['/data/zhaogangyi/picorer-eval/qwen36-v100-sufficiency-dynamics-20260912/probes-v2/e3ca5dba460a/step-004/qwen-r1/native-s.request.json', '/data/zhaogangyi/picorer-eval/qwen36-v100-sufficiency-dynamics-20260912/probes-v2/e3ca5dba460a/step-004/qwen-r2/native-s.request.json']",73,74eafe2b37f3e2de6703502d41b72f84eb860a36270aa4d3d6f9022ec582a72d,agentmemorybench:fact-mh-262k:context-0/factconsolidation_mh_262k_no73,1.0,1,4,4,2,8.437499964347808,0.9997834559423864,-0.1250008284405339,24642.0,5,1.0,1.0,1.0,0.0,True,,,,,,,"[""finish""]",0.25,0.0,"[""read""]",8.187499964347808,1.0,1.0,True,True,True
False,state_answers,2,state-r2-q073-t002,"['/data/zhaogangyi/picorer-eval/qwen36-v100-sufficiency-dynamics-replicate-2-20260912/probes-v2/e3ca5dba460a/step-002/qwen-r1/native-s.request.json', '/data/zhaogangyi/picorer-eval/qwen36-v100-sufficiency-dynamics-replicate-2-20260912/probes-v2/e3ca5dba460a/step-002/qwen-r2/native-s.request.json']",73,6393b4d2ced766a41c4c82570bc1b6467302f813e540b5e24adaa5f4ab2346a8,agentmemorybench:fact-mh-262k:context-0/factconsolidation_mh_262k_no73,0.0,2,2,5,2,2.4375000335276127,0.9196425336554884,0.1249999925494194,9076.0,5,0.0,0.0,0.0,0.0,True,,,,,,,"[""read""]",-3.812499943189323,0.0,"[""search""]",6.249999976716936,0.0,0.25,False,False,True
False,state_answers,2,state-r2-q073-t003,"['/data/zhaogangyi/picorer-eval/qwen36-v100-sufficiency-dynamics-replicate-2-20260912/probes-v2/e3ca5dba460a/step-003/qwen-r1/native-s.request.json', '/data/zhaogangyi/picorer-eval/qwen36-v100-sufficiency-dynamics-replicate-2-20260912/probes-v2/e3ca5dba460a/step-003/qwen-r2/native-s.request.json']",73,24c43d6d4aff6cd4e613b5e8942b86b8cebb90a6a4c32ec66ad9951cfb0289df,agentmemorybench:fact-mh-262k:context-0/factconsolidation_mh_262k_no73,0.5,2,3,5,2,1.5625000074505806,0.8267117951380392,0.1250000745058059,19221.0,5,0.0,0.0,0.0,0.0,True,,,,,,,"[""search""]",2.4375000335276127,0.0,"[""read""]",-0.8750000260770321,0.5,0.5,True,True,False
False,state_answers,2,state-r2-q073-t004,"['/data/zhaogangyi/picorer-eval/qwen36-v100-sufficiency-dynamics-replicate-2-20260912/probes-v2/e3ca5dba460a/step-004/qwen-r1/native-s.request.json', '/data/zhaogangyi/picorer-eval/qwen36-v100-sufficiency-dynamics-replicate-2-20260912/probes-v2/e3ca5dba460a/step-004/qwen-r2/native-s.request.json']",73,3df7a49a7d105db22f799bb377ea2a1bf5d78bd99be38f77e0225cbb572e2838,agentmemorybench:fact-mh-262k:context-0/factconsolidation_mh_262k_no73,0.5,2,4,5,2,3.937500027008354,0.980875963755742,-0.1249998528510332,9612.0,5,0.0,0.0,0.0,0.0,True,,,,,,,"[""read""]",1.5625000074505806,0.5,"[""search""]",2.3750000195577736,0.0,0.75,False,False,True
False,state_answers,2,state-r2-q073-t005,"['/data/zhaogangyi/picorer-eval/qwen36-v100-sufficiency-dynamics-replicate-2-20260912/probes-v2/e3ca5dba460a/step-005/qwen-r1/native-s.request.json', '/data/zhaogangyi/picorer-eval/qwen36-v100-sufficiency-dynamics-replicate-2-20260912/probes-v2/e3ca5dba460a/step-005/qwen-r2/native-s.request.json']",73,95e48eb94f2ccfb57082cbfbde1039b39e7576ab841a98153ded774537be9fd3,agentmemorybench:fact-mh-262k:context-0/factconsolidation_mh_262k_no73,1.0,2,5,5,2,6.812499896215741,0.9989012688131697,0.1250000867294147,25271.0,5,1.0,1.0,1.0,0.0,True,,,,,,,"[""finish""]",3.937500027008354,0.5,"[""read""]",2.8749998692073864,0.5,1.0,True,True,True
False,state_answers,2,state-r3-q073-t002,"['/data/zhaogangyi/picorer-eval/qwen36-v100-sufficiency-dynamics-replicate-3-20260912/probes-v2/e3ca5dba460a/step-002/qwen-r1/native-s.request.json', '/data/zhaogangyi/picorer-eval/qwen36-v100-sufficiency-dynamics-replicate-3-20260912/probes-v2/e3ca5dba460a/step-002/qwen-r2/native-s.request.json']",73,b94426786dbbabed2bc72d1f79b8060c72a4694e88ffcfd09c6f1c5c8e9ee10e,agentmemorybench:fact-mh-262k:context-0/factconsolidation_mh_262k_no73,0.0,3,2,6,2,2.437499977648258,0.919642529525996,-0.1249998658895492,8991.0,5,0.0,0.0,0.0,0.0,True,,,,,,,"[""search""]",-3.8750000381842256,0.0,"[""search""]",6.312500015832484,0.0,0.2,False,False,True
False,state_answers,2,state-r3-q073-t003,"['/data/zhaogangyi/picorer-eval/qwen36-v100-sufficiency-dynamics-replicate-3-20260912/probes-v2/e3ca5dba460a/step-003/qwen-r1/native-s.request.json', '/data/zhaogangyi/picorer-eval/qwen36-v100-sufficiency-dynamics-replicate-3-20260912/probes-v2/e3ca5dba460a/step-003/qwen-r2/native-s.request.json']",73,0f06bec3df879e63809913d16367c8e8a2e4e68f7ed6a6d282368e0bae0a4b34,agentmemorybench:fact-mh-262k:context-0/factconsolidation_mh_262k_no73,0.0,3,3,6,2,1.4375000223517418,0.8080672170193974,-0.1249999850988388,9255.0,5,0.0,0.0,0.0,0.0,True,,,,,,,"[""read""]",2.437499977648258,0.0,"[""search""]",-0.9999999552965164,0.0,0.4,False,False,False
False,state_answers,2,state-r3-q073-t004,"['/data/zhaogangyi/picorer-eval/qwen36-v100-sufficiency-dynamics-replicate-3-20260912/probes-v2/e3ca5dba460a/step-004/qwen-r1/native-s.request.json', '/data/zhaogangyi/picorer-eval/qwen36-v100-sufficiency-dynamics-replicate-3-20260912/probes-v2/e3ca5dba460a/step-004/qwen-r2/native-s.request.json']",73,ca4e1205a961b25d20e7ae7c37d4b397eb790625e777ba72929908474abe05e8,agentmemorybench:fact-mh-262k:context-0/factconsolidation_mh_262k_no73,0.5,3,4,6,2,4.56250014482066,0.9896718489609764,-0.1250000270083546,14648.0,5,0.0,0.0,0.0,0.0,True,,,,,,,"[""search""]",1.4375000223517418,0.0,"[""read""]",3.1250001224689186,0.5,0.6,True,True,True
False,state_answers,2,state-r3-q073-t005,"['/data/zhaogangyi/picorer-eval/qwen36-v100-sufficiency-dynamics-replicate-3-20260912/probes-v2/e3ca5dba460a/step-005/qwen-r1/native-s.request.json', '/data/zhaogangyi/picorer-eval/qwen36-v100-sufficiency-dynamics-replicate-3-20260912/probes-v2/e3ca5dba460a/step-005/qwen-r2/native-s.request.json']",73,98fdcaeb57a7fea3d58761dc9e3e8473113d036fc0b8177ff4e13b890ece4f48,agentmemorybench:fact-mh-262k:context-0/factconsolidation_mh_262k_no73,0.5,3,5,6,2,3.374999995343387,0.9669140214623247,-0.2499998044222593,9649.0,5,0.0,0.0,0.0,2.0,True,,,,,,,"[""read""]",4.56250014482066,0.5,"[""search""]",-1.1875001494772732,0.0,0.8,False,False,False
False,state_answers,2,state-r3-q073-t006,"['/data/zhaogangyi/picorer-eval/qwen36-v100-sufficiency-dynamics-replicate-3-20260912/probes-v2/e3ca5dba460a/step-006/qwen-r1/native-s.request.json', '/data/zhaogangyi/picorer-eval/qwen36-v100-sufficiency-dynamics-replicate-3-20260912/probes-v2/e3ca5dba460a/step-006/qwen-r2/native-s.request.json']",73,2f374b8b8c7698d1ea550a4d4bb859fef483083f4129e11fc5ff782df8fa8a0b,agentmemorybench:fact-mh-262k:context-0/factconsolidation_mh_262k_no73,1.0,3,6,6,2,6.312499989639036,0.9981897889550756,0.1249995878897607,19647.0,5,1.0,1.0,1.0,0.0,True,,,,,,,"[""finish""]",3.374999995343387,0.5,"[""read""]",2.9374999942956492,0.5,1.0,True,True,True
False,state_answers,2,state-r1-q074-t002,"['/data/zhaogangyi/picorer-eval/qwen36-v100-sufficiency-dynamics-20260912/probes-v2/5f5ab621d13f/step-002/qwen-r1/native-s.request.json', '/data/zhaogangyi/picorer-eval/qwen36-v100-sufficiency-dynamics-20260912/probes-v2/5f5ab621d13f/step-002/qwen-r2/native-s.request.json']",74,6468d8adaa9b78895efa2b82cfe2821284684d2c2b8d705f88cc48fdf41737a9,agentmemorybench:fact-mh-262k:context-0/factconsolidation_mh_262k_no74,0.0,1,2,8,2,3.624999982304871,0.974042642354807,-0.2500001471489668,9002.0,5,0.0,0.0,0.0,0.0,True,,,,,,,"[""read""]",-3.749999923631549,0.0,"[""search""]",7.37499990593642,0.0,0.14285714285714285,False,False,True
False,state_answers,2,state-r1-q074-t003,"['/data/zhaogangyi/picorer-eval/qwen36-v100-sufficiency-dynamics-20260912/probes-v2/5f5ab621d13f/step-003/qwen-r1/native-s.request.json', '/data/zhaogangyi/picorer-eval/qwen36-v100-sufficiency-dynamics-20260912/probes-v2/5f5ab621d13f/step-003/qwen-r2/native-s.request.json']",74,c0e6d88b037f80304a656549b908a1e977e28b0f44bcf432f7026013bd30e366,agentmemorybench:fact-mh-262k:context-0/factconsolidation_mh_262k_no74,0.5,1,3,8,2,1.937499962747097,0.8740772310645814,-0.1250001043081283,19535.0,5,0.0,0.0,0.0,0.0,True,,,,,,,"[""search""]",3.624999982304871,0.0,"[""read""]",-1.687500019557774,0.5,0.2857142857142857,True,True,False
False,state_answers,2,state-r1-q074-t004,"['/data/zhaogangyi/picorer-eval/qwen36-v100-sufficiency-dynamics-20260912/probes-v2/5f5ab621d13f/step-004/qwen-r1/native-s.request.json', '/data/zhaogangyi/picorer-eval/qwen36-v100-sufficiency-dynamics-20260912/probes-v2/5f5ab621d13f/step-004/qwen-r2/native-s.request.json']",74,08a387b2f7ce3a4b46306ff2ccaf804034a184c295a00993c40d19905530a64b,agentmemorybench:fact-mh-262k:context-0/factconsolidation_mh_262k_no74,0.5,1,4,8,2,2.500000067055226,0.9241418246795768,0.0,9447.0,5,0.0,0.0,0.0,0.0,True,,,,,,,"[""read""]",1.937499962747097,0.5,"[""search""]",0.5625001043081288,0.0,0.42857142857142855,False,False,True
False,state_answers,2,state-r1-q074-t005,"['/data/zhaogangyi/picorer-eval/qwen36-v100-sufficiency-dynamics-20260912/probes-v2/5f5ab621d13f/step-005/qwen-r1/native-s.request.json', '/data/zhaogangyi/picorer-eval/qwen36-v100-sufficiency-dynamics-20260912/probes-v2/5f5ab621d13f/step-005/qwen-r2/native-s.request.json']",74,1dfdb85c324ae4cd1e9dfbb819ab392af81a536299499ea60b97ba9a95cc859b,agentmemorybench:fact-mh-262k:context-0/factconsolidation_mh_262k_no74,1.0,1,5,8,2,5.750000057742,0.9968273173401306,0.0,19917.0,5,1.0,1.0,1.0,0.0,True,,,,,,,"[""read""]",2.500000067055226,0.5,"[""read""]",3.249999990686774,0.5,0.5714285714285714,True,True,True
False,state_answers,2,state-r1-q074-t006,"['/data/zhaogangyi/picorer-eval/qwen36-v100-sufficiency-dynamics-20260912/probes-v2/5f5ab621d13f/step-006/qwen-r1/native-s.request.json', '/data/zhaogangyi/picorer-eval/qwen36-v100-sufficiency-dynamics-20260912/probes-v2/5f5ab621d13f/step-006/qwen-r2/native-s.request.json']",74,3ea189746d8de37b9ada4555a26a521c03867d2b148002f365c4a95727dda291,agentmemorybench:fact-mh-262k:context-0/factconsolidation_mh_262k_no74,1.0,1,6,8,2,4.499999823514372,0.9890130554516734,-1.0151416063308717e-07,20672.0,5,1.0,1.0,1.0,0.0,True,,,,,,,"[""search""]",5.750000057742,1.0,"[""read""]",-1.2500002342276275,0.0,0.7142857142857143,True,False,False
False,state_answers,2,state-r1-q074-t007,"['/data/zhaogangyi/picorer-eval/qwen36-v100-sufficiency-dynamics-20260912/probes-v2/5f5ab621d13f/step-007/qwen-r1/native-s.request.json', '/data/zhaogangyi/picorer-eval/qwen36-v100-sufficiency-dynamics-20260912/probes-v2/5f5ab621d13f/step-007/qwen-r2/native-s.request.json']",74,57f415b97b1fb6017fee93c1232843c812d93b1773e1101269a93ca7c72bfa77,agentmemorybench:fact-mh-262k:context-0/factconsolidation_mh_262k_no74,1.0,1,7,8,2,4.437500003259629,0.9883127420419564,0.1249996637925505,10935.0,5,1.0,1.0,1.0,0.0,True,,,,,,,"[""read""]",4.499999823514372,1.0,"[""search""]",-0.0624998202547431,0.0,0.8571428571428571,False,False,False
False,state_answers,2,state-r1-q074-t008,"['/data/zhaogangyi/picorer-eval/qwen36-v100-sufficiency-dynamics-20260912/probes-v2/5f5ab621d13f/step-008/qwen-r1/native-s.request.json', '/data/zhaogangyi/picorer-eval/qwen36-v100-sufficiency-dynamics-20260912/probes-v2/5f5ab621d13f/step-008/qwen-r2/native-s.request.json']",74,5439d9d8bebee4c43386d415b32b44fd5022b4deae9073c99f5a1fcb6d60dbc6,agentmemorybench:fact-mh-262k:context-0/factconsolidation_mh_262k_no74,1.0,1,8,8,2,4.0624998938292265,0.983085084967781,0.1249997876584529,16609.0,5,1.0,1.0,1.0,0.0,True,,,,,,,"[""finish""]",4.437500003259629,1.0,"[""read""]",-0.3750001094304025,0.0,1.0,True,False,False
False,state_answers,2,state-r2-q074-t002,"['/data/zhaogangyi/picorer-eval/qwen36-v100-sufficiency-dynamics-replicate-2-20260912/probes-v2/5f5ab621d13f/step-002/qwen-r1/native-s.request.json', '/data/zhaogangyi/picorer-eval/qwen36-v100-sufficiency-dynamics-replicate-2-20260912/probes-v2/5f5ab621d13f/step-002/qwen-r2/native-s.request.json']",74,cf51660fdc24a29f339d90b667ccb3a17bb14aa4501f5ce1116d2cb2987631b9,agentmemorybench:fact-mh-262k:context-0/factconsolidation_mh_262k_no74,0.0,2,2,5,2,2.3124999962747097,0.9099070057326628,-0.1249998733401298,9035.0,5,0.0,0.0,0.0,0.0,True,,,,,,,"[""read""]",-3.687500017695129,0.0,"[""search""]",6.000000013969839,0.0,0.25,False,False,True
False,state_answers,2,state-r2-q074-t003,"['/data/zhaogangyi/picorer-eval/qwen36-v100-sufficiency-dynamics-replicate-2-20260912/probes-v2/5f5ab621d13f/step-003/qwen-r1/native-s.request.json', '/data/zhaogangyi/picorer-eval/qwen36-v100-sufficiency-dynamics-replicate-2-20260912/probes-v2/5f5ab621d13f/step-003/qwen-r2/native-s.request.json']",74,f36388506793ff07a0dbab77bcff4da9fd030369ad91922a6ba72796d3dd7a4f,agentmemorybench:fact-mh-262k:context-0/factconsolidation_mh_262k_no74,0.5,2,3,5,2,3.5000000037252903,0.9706877693546394,-0.2500001788139343,19566.0,5,0.0,0.0,0.0,1.0,True,,,,,,,"[""search""]",2.3124999962747097,0.0,"[""read""]",1.1875000074505806,0.5,0.5,True,True,True
False,state_answers,2,state-r2-q074-t004,"['/data/zhaogangyi/picorer-eval/qwen36-v100-sufficiency-dynamics-replicate-2-20260912/probes-v2/5f5ab621d13f/step-004/qwen-r1/native-s.request.json', '/data/zhaogangyi/picorer-eval/qwen36-v100-sufficiency-dynamics-replicate-2-20260912/probes-v2/5f5ab621d13f/step-004/qwen-r2/native-s.request.json']",74,b0742f53596a02817881c712a1f7f383daaa0639fd128bd017f34a9eb14bb0fc,agentmemorybench:fact-mh-262k:context-0/factconsolidation_mh_262k_no74,0.5,2,4,5,2,3.312499960884452,0.9648551522728108,-0.1249999068677425,9549.0,5,0.0,0.0,0.0,1.0,True,,,,,,,"[""read""]",3.5000000037252903,0.5,"[""search""]",-0.18750004284083843,0.0,0.75,False,False,False
False,state_answers,2,state-r2-q074-t005,"['/data/zhaogangyi/picorer-eval/qwen36-v100-sufficiency-dynamics-replicate-2-20260912/probes-v2/5f5ab621d13f/step-005/qwen-r1/native-s.request.json', '/data/zhaogangyi/picorer-eval/qwen36-v100-sufficiency-dynamics-replicate-2-20260912/probes-v2/5f5ab621d13f/step-005/qwen-r2/native-s.request.json']",74,782d1b7ec46a263f0a16994fd7e7c892d48dce8e82dceea4a5315a9ce9e25fdc,agentmemorybench:fact-mh-262k:context-0/factconsolidation_mh_262k_no74,0.5,2,5,5,2,8.249999857027433,0.999738809643571,0.2499996249971445,14712.0,5,0.0,0.0,0.0,0.0,True,,,,,,,"[""finish""]",3.312499960884452,0.5,"[""read""]",4.937499896142981,0.0,1.0,True,False,True
False,state_answers,2,state-r3-q074-t002,"['/data/zhaogangyi/picorer-eval/qwen36-v100-sufficiency-dynamics-replicate-3-20260912/probes-v2/5f5ab621d13f/step-002/qwen-r1/native-s.request.json', '/data/zhaogangyi/picorer-eval/qwen36-v100-sufficiency-dynamics-replicate-3-20260912/probes-v2/5f5ab621d13f/step-002/qwen-r2/native-s.request.json']",74,a60b7712cd23fd1383e437567c915fa6ffe6e6b0aee2f8e215ee869a7d77d4de,agentmemorybench:fact-mh-262k:context-0/factconsolidation_mh_262k_no74,0.0,3,2,4,2,1.5625000074505806,0.8267117951380392,0.1249999552965164,9013.0,5,0.0,0.0,0.0,0.0,True,,,,,,,"[""search""]",-3.749999947845936,0.0,"[""search""]",5.312499955296516,0.0,0.3333333333333333,False,False,True
False,state_answers,2,state-r3-q074-t003,"['/data/zhaogangyi/picorer-eval/qwen36-v100-sufficiency-dynamics-replicate-3-20260912/probes-v2/5f5ab621d13f/step-003/qwen-r1/native-s.request.json', '/data/zhaogangyi/picorer-eval/qwen36-v100-sufficiency-dynamics-replicate-3-20260912/probes-v2/5f5ab621d13f/step-003/qwen-r2/native-s.request.json']",74,676dcf51bb6a834e4bfdf785159e16ed6932f5cd83824a5cb58639cf63d14787,agentmemorybench:fact-mh-262k:context-0/factconsolidation_mh_262k_no74,0.0,3,3,4,2,1.3749999925494194,0.798186776539447,0.249999925494194,9238.0,5,0.0,0.0,0.0,2.0,True,,,,,,,"[""read""]",1.5625000074505806,0.0,"[""search""]",-0.1875000149011612,0.0,0.6666666666666666,False,False,False
False,state_answers,2,state-r3-q074-t004,"['/data/zhaogangyi/picorer-eval/qwen36-v100-sufficiency-dynamics-replicate-3-20260912/probes-v2/5f5ab621d13f/step-004/qwen-r1/native-s.request.json', '/data/zhaogangyi/picorer-eval/qwen36-v100-sufficiency-dynamics-replicate-3-20260912/probes-v2/5f5ab621d13f/step-004/qwen-r2/native-s.request.json']",74,871c18306c9a9af2b750ba7b20d7dd33ee5716163b611168992503ea2b92e459,agentmemorybench:fact-mh-262k:context-0/factconsolidation_mh_262k_no74,0.5,3,4,4,2,8.062500110507244,0.9996849613407218,0.1250001064036041,24717.0,5,0.0,0.0,0.0,0.0,True,,,,,,,"[""finish""]",1.3749999925494194,0.0,"[""read""]",6.687500117957825,0.5,1.0,True,True,True
False,state_answers,2,state-r1-q078-t002,"['/data/zhaogangyi/picorer-eval/qwen36-v100-sufficiency-dynamics-20260912/probes-v2/6cafc048c1c1/step-002/qwen-r1/native-s.request.json', '/data/zhaogangyi/picorer-eval/qwen36-v100-sufficiency-dynamics-20260912/probes-v2/6cafc048c1c1/step-002/qwen-r2/native-s.request.json']",78,7c3143889931eef90895c44173613021830de7addbf463fca2d453809ad46e27,agentmemorybench:fact-mh-262k:context-0/factconsolidation_mh_262k_no78,0.0,1,2,5,2,3.250000024214387,0.9626731135259804,-0.2499998919665813,9018.0,5,0.0,0.0,0.0,0.0,True,,,,,,,"[""read""]",-3.874999901279807,0.0,"[""search""]",7.124999925494194,0.0,0.25,False,False,True
False,state_answers,2,state-r1-q078-t003,"['/data/zhaogangyi/picorer-eval/qwen36-v100-sufficiency-dynamics-20260912/probes-v2/6cafc048c1c1/step-003/qwen-r1/native-s.request.json', '/data/zhaogangyi/picorer-eval/qwen36-v100-sufficiency-dynamics-20260912/probes-v2/6cafc048c1c1/step-003/qwen-r2/native-s.request.json']",78,db016cf00ed1543a368c3afff6f903244a280d2a7656e5430233bbb318c088e2,agentmemorybench:fact-mh-262k:context-0/factconsolidation_mh_262k_no78,0.5,1,3,5,2,3.562499982304871,0.97241471729855,0.1250001620501279,19703.0,5,0.0,0.0,0.0,0.0,True,,,,,,,"[""search""]",3.250000024214387,0.0,"[""read""]",0.31249995809048414,0.5,0.5,True,True,True
False,state_answers,2,state-r1-q078-t004,"['/data/zhaogangyi/picorer-eval/qwen36-v100-sufficiency-dynamics-20260912/probes-v2/6cafc048c1c1/step-004/qwen-r1/native-s.request.json', '/data/zhaogangyi/picorer-eval/qwen36-v100-sufficiency-dynamics-20260912/probes-v2/6cafc048c1c1/step-004/qwen-r2/native-s.request.json']",78,7cb634cb5ceb019ff06586d06901c311e5cda3d3d7d47b1cb187e19ad8265760,agentmemorybench:fact-mh-262k:context-0/factconsolidation_mh_262k_no78,0.5,1,4,5,2,2.6874999552965164,0.9362850030812306,0.1250000894069671,9560.0,5,0.0,0.0,0.0,1.0,True,,,,,,,"[""read""]",3.562499982304871,0.5,"[""search""]",-0.8750000270083547,0.0,0.75,False,False,False
False,state_answers,2,state-r1-q078-t005,"['/data/zhaogangyi/picorer-eval/qwen36-v100-sufficiency-dynamics-20260912/probes-v2/6cafc048c1c1/step-005/qwen-r1/native-s.request.json', '/data/zhaogangyi/picorer-eval/qwen36-v100-sufficiency-dynamics-20260912/probes-v2/6cafc048c1c1/step-005/qwen-r2/native-s.request.json']",78,69cabced391c5e4309032e0b11277a0e0a5c1134ad6e558ae47040a465a5aae8,agentmemorybench:fact-mh-262k:context-0/factconsolidation_mh_262k_no78,1.0,1,5,5,2,5.250000007683411,0.9947798743463406,3.580935299396515e-07,24453.0,5,1.0,1.0,1.0,0.0,True,,,,,,,"[""finish""]",2.6874999552965164,0.5,"[""read""]",2.562500052386895,0.5,1.0,True,True,True
False,state_answers,2,state-r2-q078-t002,"['/data/zhaogangyi/picorer-eval/qwen36-v100-sufficiency-dynamics-replicate-2-20260912/probes-v2/6cafc048c1c1/step-002/qwen-r1/native-s.request.json', '/data/zhaogangyi/picorer-eval/qwen36-v100-sufficiency-dynamics-replicate-2-20260912/probes-v2/6cafc048c1c1/step-002/qwen-r2/native-s.request.json']",78,f1c123d9500f2698b9215af8045d09bf603177d20483d88a87b06c2f72d5c41e,agentmemorybench:fact-mh-262k:context-0/factconsolidation_mh_262k_no78,0.0,2,2,5,2,3.2500000540167093,0.9626731145968848,0.2500000186264515,8996.0,5,0.0,0.0,0.0,0.0,True,,,,,,,"[""read""]",-3.7500000074505806,0.0,"[""search""]",7.00000006146729,0.0,0.25,False,False,True
False,state_answers,2,state-r2-q078-t003,"['/data/zhaogangyi/picorer-eval/qwen36-v100-sufficiency-dynamics-replicate-2-20260912/probes-v2/6cafc048c1c1/step-003/qwen-r1/native-s.request.json', '/data/zhaogangyi/picorer-eval/qwen36-v100-sufficiency-dynamics-replicate-2-20260912/probes-v2/6cafc048c1c1/step-003/qwen-r2/native-s.request.json']",78,b2a405a21bc6775d9651494873ab5f631e58d6b1fcd2557a4b4f719dad074d4f,agentmemorybench:fact-mh-262k:context-0/factconsolidation_mh_262k_no78,0.5,2,3,5,2,1.5625000074505806,0.8267117951380392,0.124999925494194,19688.0,5,0.0,0.0,0.0,0.0,True,,,,,,,"[""search""]",3.2500000540167093,0.0,"[""read""]",-1.6875000465661287,0.5,0.5,True,True,False
False,state_answers,2,state-r2-q078-t004,"['/data/zhaogangyi/picorer-eval/qwen36-v100-sufficiency-dynamics-replicate-2-20260912/probes-v2/6cafc048c1c1/step-004/qwen-r1/native-s.request.json', '/data/zhaogangyi/picorer-eval/qwen36-v100-sufficiency-dynamics-replicate-2-20260912/probes-v2/6cafc048c1c1/step-004/qwen-r2/native-s.request.json']",78,5cd0092d8896f640eb22edf121a8d3257bb26c5ecfe6aa8fc0c657030b504095,agentmemorybench:fact-mh-262k:context-0/factconsolidation_mh_262k_no78,0.5,2,4,5,2,3.562499995343387,0.9724147176482996,0.1249998454004526,9382.0,5,0.0,0.0,0.0,0.0,True,,,,,,,"[""read""]",1.5625000074505806,0.5,"[""search""]",1.9999999878928065,0.0,0.75,False,False,True
False,state_answers,2,state-r2-q078-t005,"['/data/zhaogangyi/picorer-eval/qwen36-v100-sufficiency-dynamics-replicate-2-20260912/probes-v2/6cafc048c1c1/step-005/qwen-r1/native-s.request.json', '/data/zhaogangyi/picorer-eval/qwen36-v100-sufficiency-dynamics-replicate-2-20260912/probes-v2/6cafc048c1c1/step-005/qwen-r2/native-s.request.json']",78,e217b52b97abeddf6e6115ce108b1d489589374a40d42ac5be497f6f990e550d,agentmemorybench:fact-mh-262k:context-0/factconsolidation_mh_262k_no78,0.5,2,5,5,2,8.56250001880835,0.9998088956877158,-0.1249992800730979,14436.0,5,0.0,0.0,0.0,0.0,True,,,,,,,"[""finish""]",3.562499995343387,0.5,"[""read""]",5.000000023464963,0.0,1.0,True,False,True
False,state_answers,2,state-r3-q078-t002,"['/data/zhaogangyi/picorer-eval/qwen36-v100-sufficiency-dynamics-replicate-3-20260912/probes-v2/6cafc048c1c1/step-002/qwen-r1/native-s.request.json', '/data/zhaogangyi/picorer-eval/qwen36-v100-sufficiency-dynamics-replicate-3-20260912/probes-v2/6cafc048c1c1/step-002/qwen-r2/native-s.request.json']",78,3b4ddf51f4643407eca32d03542c1e0e4537b2f67391e6fc5e77e0cb279e88be,agentmemorybench:fact-mh-262k:context-0/factconsolidation_mh_262k_no78,0.0,3,2,4,2,3.0000000074505806,0.9525741271590256,-0.2500001713633537,8995.0,5,0.0,0.0,0.0,1.0,True,,,,,,,"[""search""]",-3.750000075437129,0.0,"[""search""]",6.750000082887709,0.0,0.3333333333333333,False,False,True
False,state_answers,2,state-r3-q078-t003,"['/data/zhaogangyi/picorer-eval/qwen36-v100-sufficiency-dynamics-replicate-3-20260912/probes-v2/6cafc048c1c1/step-003/qwen-r1/native-s.request.json', '/data/zhaogangyi/picorer-eval/qwen36-v100-sufficiency-dynamics-replicate-3-20260912/probes-v2/6cafc048c1c1/step-003/qwen-r2/native-s.request.json']",78,0f7ef0a5108bc15e7b961d9b23b3d6b7d7ff126579a84eff8e30a11821c3e4c3,agentmemorybench:fact-mh-262k:context-0/factconsolidation_mh_262k_no78,0.0,3,3,4,2,1.3749999776482582,0.7981867741390988,-4.4703483581542975e-08,9241.0,5,0.0,0.0,0.0,0.0,True,,,,,,,"[""read""]",3.0000000074505806,0.0,"[""search""]",-1.6250000298023224,0.0,0.6666666666666666,False,False,False
False,state_answers,2,state-r3-q078-t004,"['/data/zhaogangyi/picorer-eval/qwen36-v100-sufficiency-dynamics-replicate-3-20260912/probes-v2/6cafc048c1c1/step-004/qwen-r1/native-s.request.json', '/data/zhaogangyi/picorer-eval/qwen36-v100-sufficiency-dynamics-replicate-3-20260912/probes-v2/6cafc048c1c1/step-004/qwen-r2/native-s.request.json']",78,17f0fa64fd0e814c53f540a4facb4ebb3f956d9c4a09711a067aad1dff78fd98,agentmemorybench:fact-mh-262k:context-0/factconsolidation_mh_262k_no78,0.5,3,4,4,2,7.500000039901352,0.9994472213851208,-0.2499996837577782,25075.0,5,0.0,0.0,0.0,0.0,True,,,,,,,"[""finish""]",1.3749999776482582,0.0,"[""read""]",6.125000062253093,0.5,1.0,True,True,True
False,state_answers,2,state-r1-q080-t002,"['/data/zhaogangyi/picorer-eval/qwen36-v100-sufficiency-dynamics-20260912/probes-v2/639f73cc52ee/step-002/qwen-r1/native-s.request.json', '/data/zhaogangyi/picorer-eval/qwen36-v100-sufficiency-dynamics-20260912/probes-v2/639f73cc52ee/step-002/qwen-r2/native-s.request.json']",80,a6ae756c141e651fc607d4e18d4bbe1596ac58b5eda84105c37c8f3c5ba844e0,agentmemorybench:fact-mh-262k:context-0/factconsolidation_mh_262k_no80,0.0,1,2,3,2,1.7499999850988388,0.8519528000888387,-5.960464477539064e-08,9087.0,5,0.0,0.0,0.0,0.0,True,,,,,,,"[""read""]",-3.937499945051968,0.0,"[""search""]",5.687499930150807,0.0,0.5,False,False,True
False,state_answers,2,state-r1-q080-t003,"['/data/zhaogangyi/picorer-eval/qwen36-v100-sufficiency-dynamics-20260912/probes-v2/639f73cc52ee/step-003/qwen-r1/native-s.request.json', '/data/zhaogangyi/picorer-eval/qwen36-v100-sufficiency-dynamics-20260912/probes-v2/639f73cc52ee/step-003/qwen-r2/native-s.request.json']",80,32bbf248e83e946bb72f643e9e43a510e2f88e645ef36391206ae4fb136f212d,agentmemorybench:fact-mh-262k:context-0/factconsolidation_mh_262k_no80,0.0,1,3,3,2,7.562499898369424,0.9994806950827552,0.1249999658903107,19268.0,5,0.0,0.0,0.0,0.0,True,,,,,,,"[""finish""]",1.7499999850988388,0.0,"[""read""]",5.812499913270585,0.0,1.0,True,False,True
False,state_answers,2,state-r2-q080-t002,"['/data/zhaogangyi/picorer-eval/qwen36-v100-sufficiency-dynamics-replicate-2-20260912/probes-v2/639f73cc52ee/step-002/qwen-r1/native-s.request.json', '/data/zhaogangyi/picorer-eval/qwen36-v100-sufficiency-dynamics-replicate-2-20260912/probes-v2/639f73cc52ee/step-002/qwen-r2/native-s.request.json']",80,f772b88685617897fc6284c4c567553fcd98028467c793b1a446be20858c0d71,agentmemorybench:fact-mh-262k:context-0/factconsolidation_mh_262k_no80,0.0,2,2,9,2,1.2500000447034836,0.777299868913078,2.9802322387695312e-08,9097.0,5,0.0,0.0,0.0,0.0,True,,,,,,,"[""read""]",-3.9999998584389687,0.0,"[""search""]",5.249999903142452,0.0,0.125,False,False,True
False,state_answers,2,state-r2-q080-t003,"['/data/zhaogangyi/picorer-eval/qwen36-v100-sufficiency-dynamics-replicate-2-20260912/probes-v2/639f73cc52ee/step-003/qwen-r1/native-s.request.json', '/data/zhaogangyi/picorer-eval/qwen36-v100-sufficiency-dynamics-replicate-2-20260912/probes-v2/639f73cc52ee/step-003/qwen-r2/native-s.request.json']",80,8cd549ba084225be5310ba2007c900499b1b73e575703e09cdff542e526190e5,agentmemorybench:fact-mh-262k:context-0/factconsolidation_mh_262k_no80,0.5,2,3,9,2,7.31249998693238,0.99933329768205,0.1249999438296072,29257.0,5,0.0,0.0,0.1333333333333333,0.0,True,,,,,,,"[""read""]",1.2500000447034836,0.0,"[""read""]",6.0624999422288965,0.5,0.25,True,True,True
False,state_answers,2,state-r2-q080-t004,"['/data/zhaogangyi/picorer-eval/qwen36-v100-sufficiency-dynamics-replicate-2-20260912/probes-v2/639f73cc52ee/step-004/qwen-r1/native-s.request.json', '/data/zhaogangyi/picorer-eval/qwen36-v100-sufficiency-dynamics-replicate-2-20260912/probes-v2/639f73cc52ee/step-004/qwen-r2/native-s.request.json']",80,62e81e8cd99d6554f023c5ade45a0309882700d7d86c2679558076c38e683d06,agentmemorybench:fact-mh-262k:context-0/factconsolidation_mh_262k_no80,0.5,2,4,9,2,1.8124999701976776,0.8596637469145053,0.1249999403953552,25558.0,5,0.0,0.0,0.1333333333333333,0.0,True,,,,,,,"[""search""]",7.31249998693238,0.5,"[""read""]",-5.5000000167347025,0.0,0.375,True,False,False
False,state_answers,2,state-r2-q080-t005,"['/data/zhaogangyi/picorer-eval/qwen36-v100-sufficiency-dynamics-replicate-2-20260912/probes-v2/639f73cc52ee/step-005/qwen-r1/native-s.request.json', '/data/zhaogangyi/picorer-eval/qwen36-v100-sufficiency-dynamics-replicate-2-20260912/probes-v2/639f73cc52ee/step-005/qwen-r2/native-s.request.json']",80,884cdaf74d5aacb5120758714c82b2ad6bdba7cbda21f5e9fc87b84e42d874dd,agentmemorybench:fact-mh-262k:context-0/factconsolidation_mh_262k_no80,0.5,2,5,9,2,1.9999999850988388,0.880797076413356,-1.4901161193847656e-07,10355.0,5,0.0,0.0,0.1333333333333333,0.0,True,,,,,,,"[""read""]",1.8124999701976776,0.5,"[""search""]",0.1875000149011612,0.0,0.5,False,False,True
False,state_answers,2,state-r2-q080-t006,"['/data/zhaogangyi/picorer-eval/qwen36-v100-sufficiency-dynamics-replicate-2-20260912/probes-v2/639f73cc52ee/step-006/qwen-r1/native-s.request.json', '/data/zhaogangyi/picorer-eval/qwen36-v100-sufficiency-dynamics-replicate-2-20260912/probes-v2/639f73cc52ee/step-006/qwen-r2/native-s.request.json']",80,dd78279135a5400495563badabda997a7c9b914f0cf446dc607c2e1b3161ba7f,agentmemorybench:fact-mh-262k:context-0/factconsolidation_mh_262k_no80,0.5,2,6,9,2,1.7500000074505806,0.8519528029080465,-7.450580596923828e-08,16001.0,5,0.0,0.0,0.1333333333333333,0.0,True,,,,,,,"[""search_more""]",1.9999999850988388,0.5,"[""read""]",-0.2499999776482582,0.0,0.625,True,False,False
False,state_answers,2,state-r2-q080-t007,"['/data/zhaogangyi/picorer-eval/qwen36-v100-sufficiency-dynamics-replicate-2-20260912/probes-v2/639f73cc52ee/step-007/qwen-r1/native-s.request.json', '/data/zhaogangyi/picorer-eval/qwen36-v100-sufficiency-dynamics-replicate-2-20260912/probes-v2/639f73cc52ee/step-007/qwen-r2/native-s.request.json']",80,37f40f5ef413b590cab26c58294dacac1bb70606a9f9f9c381c3906601990a8f,agentmemorybench:fact-mh-262k:context-0/factconsolidation_mh_262k_no80,0.5,2,7,9,2,0.9375000149011612,0.7185943955841166,0.1250000298023224,11356.0,5,0.0,0.0,0.1333333333333333,0.0,True,,,,,,,"[""read""]",1.7500000074505806,0.5,"[""search_more""]",-0.8124999925494194,0.0,0.75,False,False,False
False,state_answers,2,state-r2-q080-t008,"['/data/zhaogangyi/picorer-eval/qwen36-v100-sufficiency-dynamics-replicate-2-20260912/probes-v2/639f73cc52ee/step-008/qwen-r1/native-s.request.json', '/data/zhaogangyi/picorer-eval/qwen36-v100-sufficiency-dynamics-replicate-2-20260912/probes-v2/639f73cc52ee/step-008/qwen-r2/native-s.request.json']",80,729665761af81f30acce3a14fb7f3172f859d8ad1cd06d10a34748c5c00d48a6,agentmemorybench:fact-mh-262k:context-0/factconsolidation_mh_262k_no80,0.5,2,8,9,2,2.3749999925494194,0.9149009544128984,-1.043081283569336e-07,16621.0,5,0.0,0.0,0.2666666666666666,0.0,True,,,,,,,"[""search""]",0.9375000149011612,0.5,"[""read""]",1.4374999776482582,0.0,0.875,True,False,True
False,state_answers,2,state-r2-q080-t009,"['/data/zhaogangyi/picorer-eval/qwen36-v100-sufficiency-dynamics-replicate-2-20260912/probes-v2/639f73cc52ee/step-009/qwen-r1/native-s.request.json', '/data/zhaogangyi/picorer-eval/qwen36-v100-sufficiency-dynamics-replicate-2-20260912/probes-v2/639f73cc52ee/step-009/qwen-r2/native-s.request.json']",80,0732a1f9879aa71b95a5bfcf1e079bda94fd1d7f7a0a54a67144d061dfc01bdf,agentmemorybench:fact-mh-262k:context-0/factconsolidation_mh_262k_no80,0.5,2,9,9,2,2.0624999925494194,0.8872045929715078,-0.1249998956918716,11672.0,5,0.0,0.0,0.4,0.0,True,,,,,,,"[""finish""]",2.3749999925494194,0.5,"[""search""]",-0.3125,0.0,1.0,False,False,False
False,state_answers,2,state-r3-q080-t002,"['/data/zhaogangyi/picorer-eval/qwen36-v100-sufficiency-dynamics-replicate-3-20260912/probes-v2/639f73cc52ee/step-002/qwen-r1/native-s.request.json', '/data/zhaogangyi/picorer-eval/qwen36-v100-sufficiency-dynamics-replicate-3-20260912/probes-v2/639f73cc52ee/step-002/qwen-r2/native-s.request.json']",80,f5ffc29c35e97ba85045d2d47a44f05d67ea2daafdbb09ed7681f9732c43f8d3,agentmemorybench:fact-mh-262k:context-0/factconsolidation_mh_262k_no80,0.0,3,2,11,2,1.4374999701976776,0.8080672089305841,-0.1249999701976776,9114.0,5,0.0,0.0,0.0,0.0,True,,,,,,,"[""read""]",-4.062500153668225,0.0,"[""search""]",5.500000123865902,0.0,0.1,False,False,True
False,state_answers,2,state-r3-q080-t003,"['/data/zhaogangyi/picorer-eval/qwen36-v100-sufficiency-dynamics-replicate-3-20260912/probes-v2/639f73cc52ee/step-003/qwen-r1/native-s.request.json', '/data/zhaogangyi/picorer-eval/qwen36-v100-sufficiency-dynamics-replicate-3-20260912/probes-v2/639f73cc52ee/step-003/qwen-r2/native-s.request.json']",80,168db286b3b58a75ef6784ff32e91c76bddb81ed79d83efe72ba7b03ae0ea005,agentmemorybench:fact-mh-262k:context-0/factconsolidation_mh_262k_no80,0.5,3,3,11,2,7.062499920109985,0.9991440992949354,0.3749997161212377,29164.0,5,0.0,0.0,0.1333333333333333,0.0,True,,,,,,,"[""search""]",1.4374999701976776,0.0,"[""read""]",5.624999949912308,0.5,0.2,True,True,True
False,state_answers,2,state-r3-q080-t004,"['/data/zhaogangyi/picorer-eval/qwen36-v100-sufficiency-dynamics-replicate-3-20260912/probes-v2/639f73cc52ee/step-004/qwen-r1/native-s.request.json', '/data/zhaogangyi/picorer-eval/qwen36-v100-sufficiency-dynamics-replicate-3-20260912/probes-v2/639f73cc52ee/step-004/qwen-r2/native-s.request.json']",80,a3201678cc29184e52e31f8ab3f547e3a6357ef71d09f78bcd45a9985386441f,agentmemorybench:fact-mh-262k:context-0/factconsolidation_mh_262k_no80,0.5,3,4,11,2,1.9999999403953552,0.880797071719777,5.960464477539064e-08,9754.0,5,0.0,0.0,0.0,0.0,True,,,,,,,"[""read""]",7.062499920109985,0.5,"[""search""]",-5.06249997971463,0.0,0.3,False,False,False
False,state_answers,2,state-r3-q080-t005,"['/data/zhaogangyi/picorer-eval/qwen36-v100-sufficiency-dynamics-replicate-3-20260912/probes-v2/639f73cc52ee/step-005/qwen-r1/native-s.request.json', '/data/zhaogangyi/picorer-eval/qwen36-v100-sufficiency-dynamics-replicate-3-20260912/probes-v2/639f73cc52ee/step-005/qwen-r2/native-s.request.json']",80,b8e85c4f4b3ba6b12022423c7414e6cde403d31bd2f95043a7e8f4dbf72507ab,agentmemorybench:fact-mh-262k:context-0/factconsolidation_mh_262k_no80,0.5,3,5,11,2,1.1874999701976776,0.7662936377487304,-0.125,26760.0,5,0.0,0.0,0.0,0.0,True,,,,,,,"[""read""]",1.9999999403953552,0.5,"[""read""]",-0.8124999701976776,0.0,0.4,True,False,False
False,state_answers,2,state-r3-q080-t006,"['/data/zhaogangyi/picorer-eval/qwen36-v100-sufficiency-dynamics-replicate-3-20260912/probes-v2/639f73cc52ee/step-006/qwen-r1/native-s.request.json', '/data/zhaogangyi/picorer-eval/qwen36-v100-sufficiency-dynamics-replicate-3-20260912/probes-v2/639f73cc52ee/step-006/qwen-r2/native-s.request.json']",80,70cbc9de5fb6e6c7e8aeef264e36080a093a1482ea890c20050b138ee449afff,agentmemorybench:fact-mh-262k:context-0/factconsolidation_mh_262k_no80,0.5,3,6,11,2,1.6875000074505806,0.8438951035360536,0.1250000745058059,22542.0,5,0.0,0.0,0.0,0.0,True,,,,,,,"[""search""]",1.1874999701976776,0.5,"[""read""]",0.500000037252903,0.0,0.5,True,False,True
False,state_answers,2,state-r3-q080-t007,"['/data/zhaogangyi/picorer-eval/qwen36-v100-sufficiency-dynamics-replicate-3-20260912/probes-v2/639f73cc52ee/step-007/qwen-r1/native-s.request.json', '/data/zhaogangyi/picorer-eval/qwen36-v100-sufficiency-dynamics-replicate-3-20260912/probes-v2/639f73cc52ee/step-007/qwen-r2/native-s.request.json']",80,1f4073fbc0801b46ee80a0c7cbabab2903697747b7fe8f13e744171b68f3b366,agentmemorybench:fact-mh-262k:context-0/factconsolidation_mh_262k_no80,0.5,3,7,11,2,1.3749999925494194,0.798186776539447,7.450580596923828e-08,11212.0,5,0.0,0.0,0.1333333333333333,0.0,True,,,,,,,"[""search""]",1.6875000074505806,0.5,"[""search""]",-0.3125000149011612,0.0,0.6,False,False,False
False,state_answers,2,state-r3-q080-t008,"['/data/zhaogangyi/picorer-eval/qwen36-v100-sufficiency-dynamics-replicate-3-20260912/probes-v2/639f73cc52ee/step-008/qwen-r1/native-s.request.json', '/data/zhaogangyi/picorer-eval/qwen36-v100-sufficiency-dynamics-replicate-3-20260912/probes-v2/639f73cc52ee/step-008/qwen-r2/native-s.request.json']",80,604d0e5d4d997cfa6c13bee583d97a77158d37d69a2335121e3e5e8639aa0a4c,agentmemorybench:fact-mh-262k:context-0/factconsolidation_mh_262k_no80,0.5,3,8,11,2,0.4375000149011612,0.6076631733854572,-0.1250000298023224,11919.0,5,0.0,0.0,0.1333333333333333,0.0,True,,,,,,,"[""read""]",1.3749999925494194,0.5,"[""search""]",-0.9374999776482582,0.0,0.7,False,False,False
False,state_answers,2,state-r3-q080-t009,"['/data/zhaogangyi/picorer-eval/qwen36-v100-sufficiency-dynamics-replicate-3-20260912/probes-v2/639f73cc52ee/step-009/qwen-r1/native-s.request.json', '/data/zhaogangyi/picorer-eval/qwen36-v100-sufficiency-dynamics-replicate-3-20260912/probes-v2/639f73cc52ee/step-009/qwen-r2/native-s.request.json']",80,b6c99acd7b363ca13061574272f2a20a9bc87e30cc6740f14a6be202a753e588,agentmemorybench:fact-mh-262k:context-0/factconsolidation_mh_262k_no80,0.5,3,9,11,2,0.3125,0.5774953651858118,0.125,22726.0,5,0.0,0.0,0.2666666666666666,0.0,True,,,,,,,"[""search""]",0.4375000149011612,0.5,"[""read""]",-0.1250000149011612,0.0,0.8,True,False,False
False,state_answers,2,state-r3-q080-t010,"['/data/zhaogangyi/picorer-eval/qwen36-v100-sufficiency-dynamics-replicate-3-20260912/probes-v2/639f73cc52ee/step-010/qwen-r1/native-s.request.json', '/data/zhaogangyi/picorer-eval/qwen36-v100-sufficiency-dynamics-replicate-3-20260912/probes-v2/639f73cc52ee/step-010/qwen-r2/native-s.request.json']",80,1fcc1eac59e55c42c1d4bd85787f3d60f580c25641075b72440d148d978a2828,agentmemorybench:fact-mh-262k:context-0/factconsolidation_mh_262k_no80,0.5,3,10,11,2,-0.125,0.4687906266262437,0.0,12738.0,5,0.0,0.0,0.2666666666666666,0.0,True,,,,,,,"[""search""]",0.3125,0.5,"[""search""]",-0.4375,0.0,0.9,False,False,False
False,state_answers,2,state-r3-q080-t011,"['/data/zhaogangyi/picorer-eval/qwen36-v100-sufficiency-dynamics-replicate-3-20260912/probes-v2/639f73cc52ee/step-011/qwen-r1/native-s.request.json', '/data/zhaogangyi/picorer-eval/qwen36-v100-sufficiency-dynamics-replicate-3-20260912/probes-v2/639f73cc52ee/step-011/qwen-r2/native-s.request.json']",80,9fcf8d8133a60af679776eef5ffe43852ec0b9a311ccab4a2b7fec3121624381,agentmemorybench:fact-mh-262k:context-0/factconsolidation_mh_262k_no80,0.5,3,11,11,2,1.5000000074505806,0.8175744773048713,4.4703483581542975e-08,13721.0,5,0.0,0.0,0.0,0.0,True,,,,,,,"[""finish""]",-0.125,0.5,"[""search""]",1.6250000074505806,0.0,1.0,False,False,True
False,state_answers,2,state-r1-q081-t002,"['/data/zhaogangyi/picorer-eval/qwen36-v100-sufficiency-dynamics-20260912/probes-v2/03f9239b5f4d/step-002/qwen-r1/native-s.request.json', '/data/zhaogangyi/picorer-eval/qwen36-v100-sufficiency-dynamics-20260912/probes-v2/03f9239b5f4d/step-002/qwen-r2/native-s.request.json']",81,b8b4c05a7eff4bb66b04a14ddb6a120a93d820a54f770b369a715b0a42d77d19,agentmemorybench:fact-mh-262k:context-0/factconsolidation_mh_262k_no81,0.0,1,2,5,2,3.687500022351742,0.9755769104784588,-0.1249999403953552,8901.0,5,0.0,0.0,0.0,0.0,True,,,,,,,"[""read""]",-4.500000022351742,0.0,"[""search""]",8.187500044703484,0.0,0.25,False,False,True
False,state_answers,2,state-r1-q081-t003,"['/data/zhaogangyi/picorer-eval/qwen36-v100-sufficiency-dynamics-20260912/probes-v2/03f9239b5f4d/step-003/qwen-r1/native-s.request.json', '/data/zhaogangyi/picorer-eval/qwen36-v100-sufficiency-dynamics-20260912/probes-v2/03f9239b5f4d/step-003/qwen-r2/native-s.request.json']",81,c635daca839f13784ff2a1752c7e7b6db0277b79a192a40a37c124b884f201c0,agentmemorybench:fact-mh-262k:context-0/factconsolidation_mh_262k_no81,0.5,1,3,5,2,6.562499936437234,0.998589641413862,0.1249997487757355,16606.0,5,0.0,0.0,0.0,0.0,True,,,,,,,"[""search""]",3.687500022351742,0.0,"[""read""]",2.8749999140854925,0.5,0.5,True,True,True
False,state_answers,2,state-r1-q081-t004,"['/data/zhaogangyi/picorer-eval/qwen36-v100-sufficiency-dynamics-20260912/probes-v2/03f9239b5f4d/step-004/qwen-r1/native-s.request.json', '/data/zhaogangyi/picorer-eval/qwen36-v100-sufficiency-dynamics-20260912/probes-v2/03f9239b5f4d/step-004/qwen-r2/native-s.request.json']",81,e43ddcc370b89fb78bb449e61624403b407851f5aedc04b4edbe97bbddeb22a2,agentmemorybench:fact-mh-262k:context-0/factconsolidation_mh_262k_no81,0.5,1,4,5,2,3.4374999199062586,0.9688561670484817,-0.1250000186264515,9779.0,5,0.0,0.0,0.0,0.0,True,,,,,,,"[""read""]",6.562499936437234,0.5,"[""search""]",-3.1250000165309757,0.0,0.75,False,False,False
False,state_answers,2,state-r1-q081-t005,"['/data/zhaogangyi/picorer-eval/qwen36-v100-sufficiency-dynamics-20260912/probes-v2/03f9239b5f4d/step-005/qwen-r1/native-s.request.json', '/data/zhaogangyi/picorer-eval/qwen36-v100-sufficiency-dynamics-20260912/probes-v2/03f9239b5f4d/step-005/qwen-r2/native-s.request.json']",81,5406126154708ed7d524e516f5e585dc9d5254e89d55a567b39a29edc506e2a6,agentmemorybench:fact-mh-262k:context-0/factconsolidation_mh_262k_no81,0.5,1,5,5,2,5.499999887659214,0.9959298618287225,0.4999998861458152,24961.0,5,0.0,0.0,0.0,0.0,True,,,,,,,"[""finish""]",3.4374999199062586,0.5,"[""read""]",2.062499967752956,0.0,1.0,True,False,True
False,state_answers,2,state-r2-q081-t002,"['/data/zhaogangyi/picorer-eval/qwen36-v100-sufficiency-dynamics-replicate-2-20260912/probes-v2/03f9239b5f4d/step-002/qwen-r1/native-s.request.json', '/data/zhaogangyi/picorer-eval/qwen36-v100-sufficiency-dynamics-replicate-2-20260912/probes-v2/03f9239b5f4d/step-002/qwen-r2/native-s.request.json']",81,54ca7d189f9efd72ff520ed1ea1adbd112899058f367262191ce3079051b5f65,agentmemorybench:fact-mh-262k:context-0/factconsolidation_mh_262k_no81,0.0,2,2,5,2,2.5625000409781933,0.9284088032791,-0.1250001415610313,8985.0,5,0.0,0.0,0.0,0.0,True,,,,,,,"[""read""]",-4.375000162050128,0.0,"[""search""]",6.937500203028321,0.0,0.25,False,False,True
False,state_answers,2,state-r2-q081-t003,"['/data/zhaogangyi/picorer-eval/qwen36-v100-sufficiency-dynamics-replicate-2-20260912/probes-v2/03f9239b5f4d/step-003/qwen-r1/native-s.request.json', '/data/zhaogangyi/picorer-eval/qwen36-v100-sufficiency-dynamics-replicate-2-20260912/probes-v2/03f9239b5f4d/step-003/qwen-r2/native-s.request.json']",81,b1f7eb710cd0c75b2713832dee4f0c0e774b7489118f08841c509959837f2c7a,agentmemorybench:fact-mh-262k:context-0/factconsolidation_mh_262k_no81,0.5,2,3,5,2,5.062499968800694,0.9937100976681014,-0.1249999767169356,16517.0,5,0.0,0.0,0.0,0.0,True,,,,,,,"[""search""]",2.5625000409781933,0.0,"[""read""]",2.4999999278225005,0.5,0.5,True,True,True
False,state_answers,2,state-r2-q081-t004,"['/data/zhaogangyi/picorer-eval/qwen36-v100-sufficiency-dynamics-replicate-2-20260912/probes-v2/03f9239b5f4d/step-004/qwen-r1/native-s.request.json', '/data/zhaogangyi/picorer-eval/qwen36-v100-sufficiency-dynamics-replicate-2-20260912/probes-v2/03f9239b5f4d/step-004/qwen-r2/native-s.request.json']",81,5eeabae446960bb59094d847e953c724ae93416773425cbb26be0d215ff4043b,agentmemorybench:fact-mh-262k:context-0/factconsolidation_mh_262k_no81,0.5,2,4,5,2,2.6249999701976776,0.9324533069832972,0.249999850988388,9347.0,5,0.0,0.0,0.0,0.0,True,,,,,,,"[""read""]",5.062499968800694,0.5,"[""search""]",-2.437499998603016,0.0,0.75,False,False,False
False,state_answers,2,state-r2-q081-t005,"['/data/zhaogangyi/picorer-eval/qwen36-v100-sufficiency-dynamics-replicate-2-20260912/probes-v2/03f9239b5f4d/step-005/qwen-r1/native-s.request.json', '/data/zhaogangyi/picorer-eval/qwen36-v100-sufficiency-dynamics-replicate-2-20260912/probes-v2/03f9239b5f4d/step-005/qwen-r2/native-s.request.json']",81,effdc2f16f08566889963a319141faba45db3b0ba1f4a9d51af9de8f670fb66f,agentmemorybench:fact-mh-262k:context-0/factconsolidation_mh_262k_no81,0.5,2,5,5,2,5.812500036554411,0.9970189673787904,-0.1249997140839695,14579.0,5,0.0,0.0,0.0,0.0,True,,,,,,,"[""finish""]",2.6249999701976776,0.5,"[""read""]",3.1875000663567334,0.0,1.0,True,False,True
False,state_answers,2,state-r3-q081-t002,"['/data/zhaogangyi/picorer-eval/qwen36-v100-sufficiency-dynamics-replicate-3-20260912/probes-v2/03f9239b5f4d/step-002/qwen-r1/native-s.request.json', '/data/zhaogangyi/picorer-eval/qwen36-v100-sufficiency-dynamics-replicate-3-20260912/probes-v2/03f9239b5f4d/step-002/qwen-r2/native-s.request.json']",81,d39d6c22692dc4e57cd29606850990dd457269784e15d377e9d0918ee1e25348,agentmemorybench:fact-mh-262k:context-0/factconsolidation_mh_262k_no81,0.0,3,2,5,2,3.8124999878928065,0.9783846669813082,0.1249998975545167,8873.0,5,0.0,0.0,0.0,0.0,True,,,,,,,"[""read""]",-4.499999889638275,0.0,"[""search""]",8.312499877531081,0.0,0.25,False,False,True
False,state_answers,2,state-r3-q081-t003,"['/data/zhaogangyi/picorer-eval/qwen36-v100-sufficiency-dynamics-replicate-3-20260912/probes-v2/03f9239b5f4d/step-003/qwen-r1/native-s.request.json', '/data/zhaogangyi/picorer-eval/qwen36-v100-sufficiency-dynamics-replicate-3-20260912/probes-v2/03f9239b5f4d/step-003/qwen-r2/native-s.request.json']",81,3cf0080d6da6e57fd7889e84706a127a7274d53a297c7853463831fd2340f2ef,agentmemorybench:fact-mh-262k:context-0/factconsolidation_mh_262k_no81,0.5,3,3,5,2,6.624999898194801,0.9986749774480714,0.2499999116407707,16348.0,5,0.0,0.0,0.0,0.0,True,,,,,,,"[""search""]",3.8124999878928065,0.0,"[""read""]",2.8124999103019945,0.5,0.5,True,True,True
False,state_answers,2,state-r3-q081-t004,"['/data/zhaogangyi/picorer-eval/qwen36-v100-sufficiency-dynamics-replicate-3-20260912/probes-v2/03f9239b5f4d/step-004/qwen-r1/native-s.request.json', '/data/zhaogangyi/picorer-eval/qwen36-v100-sufficiency-dynamics-replicate-3-20260912/probes-v2/03f9239b5f4d/step-004/qwen-r2/native-s.request.json']",81,a13b51d9de936281279d52341c6600a1226e17dbbd4e5268e69ede4bfd696967,agentmemorybench:fact-mh-262k:context-0/factconsolidation_mh_262k_no81,0.5,3,4,5,2,3.312500039115548,0.9648551549256026,-0.1249999888241291,9528.0,5,0.0,0.0,0.0,0.0,True,,,,,,,"[""read""]",6.624999898194801,0.5,"[""search""]",-3.312499859079253,0.0,0.75,False,False,False
False,state_answers,2,state-r3-q081-t005,"['/data/zhaogangyi/picorer-eval/qwen36-v100-sufficiency-dynamics-replicate-3-20260912/probes-v2/03f9239b5f4d/step-005/qwen-r1/native-s.request.json', '/data/zhaogangyi/picorer-eval/qwen36-v100-sufficiency-dynamics-replicate-3-20260912/probes-v2/03f9239b5f4d/step-005/qwen-r2/native-s.request.json']",81,548533625c2fbbd07890b3fca18e84ce7d62c376d424dcfadec95d61f700cb43,agentmemorybench:fact-mh-262k:context-0/factconsolidation_mh_262k_no81,0.5,3,5,5,2,5.8125000995351,0.997018967565978,-0.1250000714790076,24519.0,5,0.0,0.0,0.0,0.0,True,,,,,,,"[""finish""]",3.312500039115548,0.5,"[""read""]",2.500000060419552,0.0,1.0,True,False,True
False,state_answers,2,state-r1-q083-t002,"['/data/zhaogangyi/picorer-eval/qwen36-v100-sufficiency-dynamics-20260912/probes-v2/e60afa5a1ccc/step-002/qwen-r1/native-s.request.json', '/data/zhaogangyi/picorer-eval/qwen36-v100-sufficiency-dynamics-20260912/probes-v2/e60afa5a1ccc/step-002/qwen-r2/native-s.request.json']",83,529aec0d4db3f01f7595061db16401cf781e525ba33c1dda8a628b3bf344285e,agentmemorybench:fact-mh-262k:context-0/factconsolidation_mh_262k_no83,0.0,1,2,5,2,0.125,0.5312093733737563,0.0,9280.0,5,0.0,0.0,0.0,0.0,True,,,,,,,"[""read""]",-4.249999956227839,0.0,"[""search""]",4.374999956227839,0.0,0.25,False,False,True
False,state_answers,2,state-r1-q083-t003,"['/data/zhaogangyi/picorer-eval/qwen36-v100-sufficiency-dynamics-20260912/probes-v2/e60afa5a1ccc/step-003/qwen-r1/native-s.request.json', '/data/zhaogangyi/picorer-eval/qwen36-v100-sufficiency-dynamics-20260912/probes-v2/e60afa5a1ccc/step-003/qwen-r2/native-s.request.json']",83,39d0cc39b90a971acc1783805e83f94981a12a7a00cae07ccc59bf9734b1f5f9,agentmemorybench:fact-mh-262k:context-0/factconsolidation_mh_262k_no83,0.5,1,3,5,2,7.562500018248102,0.9994806951449764,-0.1249997275299392,24739.0,5,0.0,0.0,0.0,0.0,True,,,,,,,"[""search""]",0.125,0.0,"[""read""]",7.437500018248102,0.5,0.5,True,True,True
False,state_answers,2,state-r1-q083-t004,"['/data/zhaogangyi/picorer-eval/qwen36-v100-sufficiency-dynamics-20260912/probes-v2/e60afa5a1ccc/step-004/qwen-r1/native-s.request.json', '/data/zhaogangyi/picorer-eval/qwen36-v100-sufficiency-dynamics-20260912/probes-v2/e60afa5a1ccc/step-004/qwen-r2/native-s.request.json']",83,23d847ac91136a621b9853313155a5eb69179f02214b3f7b52315b2b39ddb654,agentmemorybench:fact-mh-262k:context-0/factconsolidation_mh_262k_no83,0.5,1,4,5,2,3.68749990593642,0.9755769077046772,-0.1249999795109033,9925.0,5,0.0,0.0,0.0,0.0,True,,,,,,,"[""read""]",7.562500018248102,0.5,"[""search""]",-3.8750001123116817,0.0,0.75,False,False,False
False,state_answers,2,state-r1-q083-t005,"['/data/zhaogangyi/picorer-eval/qwen36-v100-sufficiency-dynamics-20260912/probes-v2/e60afa5a1ccc/step-005/qwen-r1/native-s.request.json', '/data/zhaogangyi/picorer-eval/qwen36-v100-sufficiency-dynamics-20260912/probes-v2/e60afa5a1ccc/step-005/qwen-r2/native-s.request.json']",83,db573a968792ff5546710c8eeeaf0f1b0ec61f7db3f36e1d70ed4fdf835e5917,agentmemorybench:fact-mh-262k:context-0/factconsolidation_mh_262k_no83,1.0,1,5,5,2,7.687500054467819,0.9995416871243168,-0.3750002759916242,15188.0,5,1.0,1.0,1.0,0.0,True,,,,,,,"[""finish""]",3.68749990593642,0.5,"[""read""]",4.000000148531399,0.5,1.0,True,True,True
False,state_answers,2,state-r2-q083-t002,"['/data/zhaogangyi/picorer-eval/qwen36-v100-sufficiency-dynamics-replicate-2-20260912/probes-v2/e60afa5a1ccc/step-002/qwen-r1/native-s.request.json', '/data/zhaogangyi/picorer-eval/qwen36-v100-sufficiency-dynamics-replicate-2-20260912/probes-v2/e60afa5a1ccc/step-002/qwen-r2/native-s.request.json']",83,d77a61ff1d5b11aa483b9e7f250d71e21989f96fba0f9ee967ff2e20014ba540,agentmemorybench:fact-mh-262k:context-0/factconsolidation_mh_262k_no83,0.0,2,2,3,2,0.3125,0.5774953651858118,-0.125,9296.0,5,0.0,0.0,0.0,0.0,True,,,,,,,"[""read""]",-4.249999956227839,0.0,"[""search""]",4.562499956227839,0.0,0.5,False,False,True
False,state_answers,2,state-r2-q083-t003,"['/data/zhaogangyi/picorer-eval/qwen36-v100-sufficiency-dynamics-replicate-2-20260912/probes-v2/e60afa5a1ccc/step-003/qwen-r1/native-s.request.json', '/data/zhaogangyi/picorer-eval/qwen36-v100-sufficiency-dynamics-replicate-2-20260912/probes-v2/e60afa5a1ccc/step-003/qwen-r2/native-s.request.json']",83,4710fea209a95a78d915d61238a375d881336da67016e7e0115af66976d89a7f,agentmemorybench:fact-mh-262k:context-0/factconsolidation_mh_262k_no83,0.5,2,3,3,2,8.37499990822107,0.999769493256856,-7.15313944965601e-07,19431.0,5,0.0,0.0,0.0,0.0,True,,,,,,,"[""finish""]",0.3125,0.0,"[""read""]",8.06249990822107,0.5,1.0,True,True,True
False,state_answers,2,state-r3-q083-t002,"['/data/zhaogangyi/picorer-eval/qwen36-v100-sufficiency-dynamics-replicate-3-20260912/probes-v2/e60afa5a1ccc/step-002/qwen-r1/native-s.request.json', '/data/zhaogangyi/picorer-eval/qwen36-v100-sufficiency-dynamics-replicate-3-20260912/probes-v2/e60afa5a1ccc/step-002/qwen-r2/native-s.request.json']",83,b340d0fa80359f955b7ffdb710ef7186218dbfcccc75c5c09b5dddf4f9d8dad4,agentmemorybench:fact-mh-262k:context-0/factconsolidation_mh_262k_no83,0.0,3,2,3,2,1.3749999701976776,0.7981867729389246,2.9802322387695312e-08,9255.0,5,0.0,0.0,0.0,0.0,True,,,,,,,"[""read""]",-4.250000094994903,0.0,"[""search""]",5.62500006519258,0.0,0.5,False,False,True
False,state_answers,2,state-r3-q083-t003,"['/data/zhaogangyi/picorer-eval/qwen36-v100-sufficiency-dynamics-replicate-3-20260912/probes-v2/e60afa5a1ccc/step-003/qwen-r1/native-s.request.json', '/data/zhaogangyi/picorer-eval/qwen36-v100-sufficiency-dynamics-replicate-3-20260912/probes-v2/e60afa5a1ccc/step-003/qwen-r2/native-s.request.json']",83,15145c20fbb2caf58421cdce90efd264c489697f51f0fcc95e10bdd5e1a8c70b,agentmemorybench:fact-mh-262k:context-0/factconsolidation_mh_262k_no83,0.5,3,3,3,2,8.124999806197593,0.9997040428291468,0.0,24830.0,5,0.0,0.0,0.0,0.0,True,,,,,,,"[""finish""]",1.3749999701976776,0.0,"[""read""]",6.749999835999915,0.5,1.0,True,True,True
False,state_answers,2,state-r1-q086-t002,"['/data/zhaogangyi/picorer-eval/qwen36-v100-sufficiency-dynamics-20260912/probes-v2/c782dde32141/step-002/qwen-r1/native-s.request.json', '/data/zhaogangyi/picorer-eval/qwen36-v100-sufficiency-dynamics-20260912/probes-v2/c782dde32141/step-002/qwen-r2/native-s.request.json']",86,a84aa1c4e07c2c7e55803be37db5832c7bab235561b36a3613e666dca3f32b9d,agentmemorybench:fact-mh-262k:context-0/factconsolidation_mh_262k_no86,0.0,1,2,3,2,2.437499914318323,0.9196425248459044,0.1250000372529029,9049.0,5,0.0,0.0,0.0,0.0,True,,,,,,,"[""read""]",-4.062500030733645,0.0,"[""search""]",6.499999945051968,0.0,0.5,False,False,True
False,state_answers,2,state-r1-q086-t003,"['/data/zhaogangyi/picorer-eval/qwen36-v100-sufficiency-dynamics-20260912/probes-v2/c782dde32141/step-003/qwen-r1/native-s.request.json', '/data/zhaogangyi/picorer-eval/qwen36-v100-sufficiency-dynamics-20260912/probes-v2/c782dde32141/step-003/qwen-r2/native-s.request.json']",86,e6966fd4e811a147e2753e91aa0da9a5bf1a48b317ea49851b9183a1edddc578,agentmemorybench:fact-mh-262k:context-0/factconsolidation_mh_262k_no86,1.0,1,3,3,2,7.562500077445293,0.999480695175702,-0.1250000852742232,24558.0,5,1.0,1.0,1.0,0.0,True,,,,,,,"[""finish""]",2.437499914318323,0.0,"[""read""]",5.12500016312697,1.0,1.0,True,True,True
False,state_answers,2,state-r2-q086-t002,"['/data/zhaogangyi/picorer-eval/qwen36-v100-sufficiency-dynamics-replicate-2-20260912/probes-v2/c782dde32141/step-002/qwen-r1/native-s.request.json', '/data/zhaogangyi/picorer-eval/qwen36-v100-sufficiency-dynamics-replicate-2-20260912/probes-v2/c782dde32141/step-002/qwen-r2/native-s.request.json']",86,3d0f3acad814296e01f1100cb750308ca77b2e2e9ec243fcd9a8486701694a54,agentmemorybench:fact-mh-262k:context-0/factconsolidation_mh_262k_no86,0.0,2,2,3,2,2.8124999683350325,0.9433475729997576,-0.1249999590218067,8889.0,5,0.0,0.0,0.0,0.0,True,,,,,,,"[""read""]",-4.12500000372529,0.0,"[""search""]",6.937499972060323,0.0,0.5,False,False,True
False,state_answers,2,state-r2-q086-t003,"['/data/zhaogangyi/picorer-eval/qwen36-v100-sufficiency-dynamics-replicate-2-20260912/probes-v2/c782dde32141/step-003/qwen-r1/native-s.request.json', '/data/zhaogangyi/picorer-eval/qwen36-v100-sufficiency-dynamics-replicate-2-20260912/probes-v2/c782dde32141/step-003/qwen-r2/native-s.request.json']",86,3bdf52c6fa5c7f7a54eac510d58652ccc9a58aa6b0c25dfd5c9a015f6f3cbf58,agentmemorybench:fact-mh-262k:context-0/factconsolidation_mh_262k_no86,1.0,2,3,3,2,9.062499887873855,0.9998840806438176,-0.1249999983047018,24499.0,5,1.0,1.0,1.0,0.0,True,,,,,,,"[""finish""]",2.8124999683350325,0.0,"[""read""]",6.249999919538823,1.0,1.0,True,True,True
False,state_answers,2,state-r3-q086-t002,"['/data/zhaogangyi/picorer-eval/qwen36-v100-sufficiency-dynamics-replicate-3-20260912/probes-v2/c782dde32141/step-002/qwen-r1/native-s.request.json', '/data/zhaogangyi/picorer-eval/qwen36-v100-sufficiency-dynamics-replicate-3-20260912/probes-v2/c782dde32141/step-002/qwen-r2/native-s.request.json']",86,66862443f344e5301880a69812dde3ab934701b2a5d72f8f9aad4c2b1c9617d9,agentmemorybench:fact-mh-262k:context-0/factconsolidation_mh_262k_no86,0.0,3,2,3,2,3.0625000577419996,0.9553191321920376,0.1250000707805156,8898.0,5,0.0,0.0,0.0,0.0,True,,,,,,,"[""read""]",-4.125000041909516,0.0,"[""search""]",7.1875000996515155,0.0,0.5,False,False,True
False,state_answers,2,state-r3-q086-t003,"['/data/zhaogangyi/picorer-eval/qwen36-v100-sufficiency-dynamics-replicate-3-20260912/probes-v2/c782dde32141/step-003/qwen-r1/native-s.request.json', '/data/zhaogangyi/picorer-eval/qwen36-v100-sufficiency-dynamics-replicate-3-20260912/probes-v2/c782dde32141/step-003/qwen-r2/native-s.request.json']",86,305e50ad9efc81bcb6cb33036dffc733894b31d2a8e734bea817a2a5151f6e29,agentmemorybench:fact-mh-262k:context-0/factconsolidation_mh_262k_no86,1.0,3,3,3,2,9.0624997684572,0.9998840806299764,0.125000236716005,24332.0,5,1.0,1.0,1.0,0.0,True,,,,,,,"[""finish""]",3.0625000577419996,0.0,"[""read""]",5.999999710715201,1.0,1.0,True,True,True
False,state_answers,3,state-r1-q087-t002,"['/data/zhaogangyi/picorer-eval/qwen36-v100-sufficiency-dynamics-20260912/probes-v2/32aa9d30c2ca/step-002/qwen-r1/native-s.request.json', '/data/zhaogangyi/picorer-eval/qwen36-v100-sufficiency-dynamics-20260912/probes-v2/32aa9d30c2ca/step-002/qwen-r2/native-s.request.json']",87,03fee0245c24f92f6b9f32015272efe27d53143d7fc75ae21142730662e87f30,agentmemorybench:fact-mh-262k:context-0/factconsolidation_mh_262k_no87,0.0,1,2,6,2,0.25,0.5621765008857981,0.0,9012.0,5,0.0,0.0,0.0,0.0,True,,,,,,,"[""search""]",-5.2499999781139195,0.0,"[""search""]",5.4999999781139195,0.0,0.2,False,False,True
False,state_answers,3,state-r1-q087-t003,"['/data/zhaogangyi/picorer-eval/qwen36-v100-sufficiency-dynamics-20260912/probes-v2/32aa9d30c2ca/step-003/qwen-r1/native-s.request.json', '/data/zhaogangyi/picorer-eval/qwen36-v100-sufficiency-dynamics-20260912/probes-v2/32aa9d30c2ca/step-003/qwen-r2/native-s.request.json']",87,f89de2d15ff9be701f7a5e21ba12e9a877ebcae141ee6a7772977610289cb5d1,agentmemorybench:fact-mh-262k:context-0/factconsolidation_mh_262k_no87,0.0,1,3,6,2,0.6875000447034836,0.6654105686995684,-0.1249999701976776,9250.0,5,0.0,0.0,0.0,0.0,True,,,,,,,"[""read""]",0.25,0.0,"[""search""]",0.4375000447034836,0.0,0.4,False,False,True
False,state_answers,3,state-r1-q087-t004,"['/data/zhaogangyi/picorer-eval/qwen36-v100-sufficiency-dynamics-20260912/probes-v2/32aa9d30c2ca/step-004/qwen-r1/native-s.request.json', '/data/zhaogangyi/picorer-eval/qwen36-v100-sufficiency-dynamics-20260912/probes-v2/32aa9d30c2ca/step-004/qwen-r2/native-s.request.json']",87,e41625deed689f633cd800fc6ad83b15a94e0ccc02f8c3b0055aba50cb6b65fb,agentmemorybench:fact-mh-262k:context-0/factconsolidation_mh_262k_no87,0.3333333333333333,1,4,6,2,0.8750000596046448,0.7057850402140659,0.0,19970.0,5,0.0,0.0,0.0,1.0,True,,,,,,,"[""search""]",0.6875000447034836,0.0,"[""read""]",0.1875000149011612,0.3333333333333333,0.6,True,True,True
False,state_answers,3,state-r1-q087-t005,"['/data/zhaogangyi/picorer-eval/qwen36-v100-sufficiency-dynamics-20260912/probes-v2/32aa9d30c2ca/step-005/qwen-r1/native-s.request.json', '/data/zhaogangyi/picorer-eval/qwen36-v100-sufficiency-dynamics-20260912/probes-v2/32aa9d30c2ca/step-005/qwen-r2/native-s.request.json']",87,95d13dd96eb82784ee8170f13b042b4611be566ab76f46847d4c648134e53769,agentmemorybench:fact-mh-262k:context-0/factconsolidation_mh_262k_no87,0.3333333333333333,1,5,6,2,4.124999918974936,0.9840936070198693,-1.3597309589385986e-07,9988.0,5,0.0,0.0,0.0,3.0,True,,,,,,,"[""read""]",0.8750000596046448,0.3333333333333333,"[""search""]",3.2499998593702912,0.0,0.8,False,False,True
False,state_answers,3,state-r1-q087-t006,"['/data/zhaogangyi/picorer-eval/qwen36-v100-sufficiency-dynamics-20260912/probes-v2/32aa9d30c2ca/step-006/qwen-r1/native-s.request.json', '/data/zhaogangyi/picorer-eval/qwen36-v100-sufficiency-dynamics-20260912/probes-v2/32aa9d30c2ca/step-006/qwen-r2/native-s.request.json']",87,7ce962667d4183f2d60fbfe828a6cf6fca648790eba041a38be855668a5c800d,agentmemorybench:fact-mh-262k:context-0/factconsolidation_mh_262k_no87,1.0,1,6,6,2,5.624999911291525,0.9964063971009424,0.2500002956949174,25846.0,5,1.0,1.0,1.0,0.0,True,,,,,,,"[""finish""]",4.124999918974936,0.3333333333333333,"[""read""]",1.4999999923165888,0.6666666666666667,1.0,True,True,True
False,state_answers,3,state-r2-q087-t002,"['/data/zhaogangyi/picorer-eval/qwen36-v100-sufficiency-dynamics-replicate-2-20260912/probes-v2/32aa9d30c2ca/step-002/qwen-r1/native-s.request.json', '/data/zhaogangyi/picorer-eval/qwen36-v100-sufficiency-dynamics-replicate-2-20260912/probes-v2/32aa9d30c2ca/step-002/qwen-r2/native-s.request.json']",87,b1d41c7bbff673c0a4e37cd379b911f1e379df781c168da36fd0e77a72836ab4,agentmemorybench:fact-mh-262k:context-0/factconsolidation_mh_262k_no87,0.0,2,2,5,2,0.4999999701976776,0.622459324198198,0.2499999403953552,9087.0,5,0.0,0.0,0.0,0.0,True,,,,,,,"[""search""]",-5.250000104308128,0.0,"[""search""]",5.750000074505806,0.0,0.25,False,False,True
False,state_answers,3,state-r2-q087-t003,"['/data/zhaogangyi/picorer-eval/qwen36-v100-sufficiency-dynamics-replicate-2-20260912/probes-v2/32aa9d30c2ca/step-003/qwen-r1/native-s.request.json', '/data/zhaogangyi/picorer-eval/qwen36-v100-sufficiency-dynamics-replicate-2-20260912/probes-v2/32aa9d30c2ca/step-003/qwen-r2/native-s.request.json']",87,98488e4fcd8248ed86286914775711d1d1086725102811924f2a32f359f7a7ad,agentmemorybench:fact-mh-262k:context-0/factconsolidation_mh_262k_no87,0.0,2,3,5,2,-0.1875,0.4532618480153861,-0.125,9298.0,5,0.0,0.0,0.0,0.0,True,,,,,,,"[""search""]",0.4999999701976776,0.0,"[""search""]",-0.6874999701976776,0.0,0.5,False,False,False
False,state_answers,3,state-r2-q087-t004,"['/data/zhaogangyi/picorer-eval/qwen36-v100-sufficiency-dynamics-replicate-2-20260912/probes-v2/32aa9d30c2ca/step-004/qwen-r1/native-s.request.json', '/data/zhaogangyi/picorer-eval/qwen36-v100-sufficiency-dynamics-replicate-2-20260912/probes-v2/32aa9d30c2ca/step-004/qwen-r2/native-s.request.json']",87,2d8f9511bc421343175ee2e62ba3f43dbf50fcb37586a15e5066ceb0ea70ccfd,agentmemorybench:fact-mh-262k:context-0/factconsolidation_mh_262k_no87,0.0,2,4,5,2,1.125,0.7549149868676283,0.0,9705.0,5,0.0,0.0,0.0,0.0,True,,,,,,,"[""read""]",-0.1875,0.0,"[""search""]",1.3125,0.0,0.75,False,False,True
False,state_answers,3,state-r2-q087-t005,"['/data/zhaogangyi/picorer-eval/qwen36-v100-sufficiency-dynamics-replicate-2-20260912/probes-v2/32aa9d30c2ca/step-005/qwen-r1/native-s.request.json', '/data/zhaogangyi/picorer-eval/qwen36-v100-sufficiency-dynamics-replicate-2-20260912/probes-v2/32aa9d30c2ca/step-005/qwen-r2/native-s.request.json']",87,08843cd8408d86386c10a277200dd6e74756c5d32abd94f3fe8fb82ccb05e683,agentmemorybench:fact-mh-262k:context-0/factconsolidation_mh_262k_no87,1.0,2,5,5,2,10.124999881649272,0.9999599363030296,0.2500007148337317,25780.0,5,1.0,1.0,1.0,0.0,True,,,,,,,"[""finish""]",1.125,0.0,"[""read""]",8.999999881649272,1.0,1.0,True,True,True
False,state_answers,3,state-r3-q087-t002,"['/data/zhaogangyi/picorer-eval/qwen36-v100-sufficiency-dynamics-replicate-3-20260912/probes-v2/32aa9d30c2ca/step-002/qwen-r1/native-s.request.json', '/data/zhaogangyi/picorer-eval/qwen36-v100-sufficiency-dynamics-replicate-3-20260912/probes-v2/32aa9d30c2ca/step-002/qwen-r2/native-s.request.json']",87,53d2f92f0aba1de664c2eef0108bc41b41cce9a26c0c9484cdc497153404df02,agentmemorybench:fact-mh-262k:context-0/factconsolidation_mh_262k_no87,0.0,3,2,6,2,0.25,0.5621765008857981,0.0,9047.0,5,0.0,0.0,0.0,0.0,True,,,,,,,"[""search""]",-5.31249984446913,0.0,"[""search""]",5.56249984446913,0.0,0.2,False,False,True
False,state_answers,3,state-r3-q087-t003,"['/data/zhaogangyi/picorer-eval/qwen36-v100-sufficiency-dynamics-replicate-3-20260912/probes-v2/32aa9d30c2ca/step-003/qwen-r1/native-s.request.json', '/data/zhaogangyi/picorer-eval/qwen36-v100-sufficiency-dynamics-replicate-3-20260912/probes-v2/32aa9d30c2ca/step-003/qwen-r2/native-s.request.json']",87,2302f409ac190f8850d42ddb2492237e0c5a1efc4f30948260b3e8b153f3d7d6,agentmemorybench:fact-mh-262k:context-0/factconsolidation_mh_262k_no87,0.0,3,3,6,2,0.8124999850988388,0.6926419799624419,-0.1249999701976776,9302.0,5,0.0,0.0,0.0,0.0,True,,,,,,,"[""read""]",0.25,0.0,"[""search""]",0.5624999850988388,0.0,0.4,False,False,True
False,state_answers,3,state-r3-q087-t004,"['/data/zhaogangyi/picorer-eval/qwen36-v100-sufficiency-dynamics-replicate-3-20260912/probes-v2/32aa9d30c2ca/step-004/qwen-r1/native-s.request.json', '/data/zhaogangyi/picorer-eval/qwen36-v100-sufficiency-dynamics-replicate-3-20260912/probes-v2/32aa9d30c2ca/step-004/qwen-r2/native-s.request.json']",87,e0e47ab3fde6a44eeeb928c39cdf1ce9b8e53c3e561d2786a9696db7c9e9ba4f,agentmemorybench:fact-mh-262k:context-0/factconsolidation_mh_262k_no87,0.6666666666666666,3,4,6,2,0.8750000149011612,0.705785030931275,-2.9802322387695312e-08,25289.0,5,0.0,0.0,0.0,2.0,True,,,,,,,"[""search""]",0.8124999850988388,0.0,"[""read""]",0.06250002980232239,0.6666666666666666,0.6,True,True,True
False,state_answers,3,state-r3-q087-t005,"['/data/zhaogangyi/picorer-eval/qwen36-v100-sufficiency-dynamics-replicate-3-20260912/probes-v2/32aa9d30c2ca/step-005/qwen-r1/native-s.request.json', '/data/zhaogangyi/picorer-eval/qwen36-v100-sufficiency-dynamics-replicate-3-20260912/probes-v2/32aa9d30c2ca/step-005/qwen-r2/native-s.request.json']",87,0b9613d9732ef5823f41095c918a6ceb25708e233540bef81846c32e6539e3c6,agentmemorybench:fact-mh-262k:context-0/factconsolidation_mh_262k_no87,0.6666666666666666,3,5,6,2,3.0624999534338713,0.9553191277396984,-0.125000063329935,10100.0,5,0.0,0.0,0.0,1.0,True,,,,,,,"[""read""]",0.8750000149011612,0.6666666666666666,"[""search""]",2.18749993853271,0.0,0.8,False,False,True
False,state_answers,3,state-r3-q087-t006,"['/data/zhaogangyi/picorer-eval/qwen36-v100-sufficiency-dynamics-replicate-3-20260912/probes-v2/32aa9d30c2ca/step-006/qwen-r1/native-s.request.json', '/data/zhaogangyi/picorer-eval/qwen36-v100-sufficiency-dynamics-replicate-3-20260912/probes-v2/32aa9d30c2ca/step-006/qwen-r2/native-s.request.json']",87,676ef87c2661a6cd7e9de9d1eb10a8c9ecf38f9892b7fa8956c75240d4d1803a,agentmemorybench:fact-mh-262k:context-0/factconsolidation_mh_262k_no87,1.0,3,6,6,2,9.937500001306034,0.9999516743618758,0.1249997612540028,20686.0,5,1.0,1.0,1.0,0.0,True,,,,,,,"[""finish""]",3.0624999534338713,0.6666666666666666,"[""read""]",6.875000047872163,0.33333333333333337,1.0,True,True,True
False,state_answers,2,state-r1-q089-t002,"['/data/zhaogangyi/picorer-eval/qwen36-v100-sufficiency-dynamics-20260912/probes-v2/6530b867a437/step-002/qwen-r1/native-s.request.json', '/data/zhaogangyi/picorer-eval/qwen36-v100-sufficiency-dynamics-20260912/probes-v2/6530b867a437/step-002/qwen-r2/native-s.request.json']",89,a1c91f10a1f4159950a7fee420b5ceadb4e4628af099841a7ceedf1a96356589,agentmemorybench:fact-mh-262k:context-0/factconsolidation_mh_262k_no89,0.0,1,2,5,2,-6.9375000759609975,0.0009697518941906,0.1249998594867065,8876.0,5,0.0,0.0,0.0,0.0,True,,,,,,,"[""search""]",-5.124999988824129,0.0,"[""search""]",-1.8125000871368684,0.0,0.25,False,False,False
False,state_answers,2,state-r1-q089-t003,"['/data/zhaogangyi/picorer-eval/qwen36-v100-sufficiency-dynamics-20260912/probes-v2/6530b867a437/step-003/qwen-r1/native-s.request.json', '/data/zhaogangyi/picorer-eval/qwen36-v100-sufficiency-dynamics-20260912/probes-v2/6530b867a437/step-003/qwen-r2/native-s.request.json']",89,67faf9e3bc80824f640df1d232c2d31d08bb51be601186a0efb857ab266de23b,agentmemorybench:fact-mh-262k:context-0/factconsolidation_mh_262k_no89,0.0,1,3,5,2,1.750000037252903,0.8519528066669902,1.4901161193847656e-08,9233.0,5,0.0,0.0,0.0,0.0,True,,,,,,,"[""search""]",-6.9375000759609975,0.0,"[""search""]",8.6875001132139,0.0,0.5,False,False,True
False,state_answers,2,state-r1-q089-t004,"['/data/zhaogangyi/picorer-eval/qwen36-v100-sufficiency-dynamics-20260912/probes-v2/6530b867a437/step-004/qwen-r1/native-s.request.json', '/data/zhaogangyi/picorer-eval/qwen36-v100-sufficiency-dynamics-20260912/probes-v2/6530b867a437/step-004/qwen-r2/native-s.request.json']",89,2e52c298676f5023a7a78708cc64523b725c5bfaa209eac2ae554edff2e81b19,agentmemorybench:fact-mh-262k:context-0/factconsolidation_mh_262k_no89,0.0,1,4,5,2,-0.5624999850988388,0.3629692089651014,-0.1249999701976776,9159.0,5,0.0,0.0,0.0,0.0,True,,,,,,,"[""read""]",1.750000037252903,0.0,"[""search""]",-2.312500022351742,0.0,0.75,False,False,False
False,state_answers,2,state-r1-q089-t005,"['/data/zhaogangyi/picorer-eval/qwen36-v100-sufficiency-dynamics-20260912/probes-v2/6530b867a437/step-005/qwen-r1/native-s.request.json', '/data/zhaogangyi/picorer-eval/qwen36-v100-sufficiency-dynamics-20260912/probes-v2/6530b867a437/step-005/qwen-r2/native-s.request.json']",89,06a45f441f3da1b1247654f3c1c667adcd0bf9645f6daa74814f2d1018a1c4f3,agentmemorybench:fact-mh-262k:context-0/factconsolidation_mh_262k_no89,1.0,1,5,5,2,9.062499947744072,0.999884080650757,-0.3749998755811248,24567.0,5,1.0,1.0,1.0,0.0,True,,,,,,,"[""finish""]",-0.5624999850988388,0.0,"[""read""]",9.624999932842911,1.0,1.0,True,True,True
False,state_answers,2,state-r2-q089-t002,"['/data/zhaogangyi/picorer-eval/qwen36-v100-sufficiency-dynamics-replicate-2-20260912/probes-v2/6530b867a437/step-002/qwen-r1/native-s.request.json', '/data/zhaogangyi/picorer-eval/qwen36-v100-sufficiency-dynamics-replicate-2-20260912/probes-v2/6530b867a437/step-002/qwen-r2/native-s.request.json']",89,d91543dfe1cf388f0066d7c327aba9dcc49d1955def264ccab153fef782926a6,agentmemorybench:fact-mh-262k:context-0/factconsolidation_mh_262k_no89,0.0,2,2,7,2,1.5624999552965164,0.8267117876664789,0.125,8888.0,5,0.0,0.0,0.0,0.0,True,,,,,,,"[""read""]",-5.12500011199154,0.0,"[""search""]",6.687500067288056,0.0,0.16666666666666666,False,False,True
False,state_answers,2,state-r2-q089-t003,"['/data/zhaogangyi/picorer-eval/qwen36-v100-sufficiency-dynamics-replicate-2-20260912/probes-v2/6530b867a437/step-003/qwen-r1/native-s.request.json', '/data/zhaogangyi/picorer-eval/qwen36-v100-sufficiency-dynamics-replicate-2-20260912/probes-v2/6530b867a437/step-003/qwen-r2/native-s.request.json']",89,841c1183dab0d42a4600e9527e740475415b03bf6d9092b40994f1a45f1163e6,agentmemorybench:fact-mh-262k:context-0/factconsolidation_mh_262k_no89,0.0,2,3,7,2,6.312499814666808,0.9981897886389124,0.1249999443534761,19394.0,5,0.0,0.0,0.0,0.0,True,,,,,,,"[""search""]",1.5624999552965164,0.0,"[""read""]",4.749999859370291,0.0,0.3333333333333333,True,False,True
False,state_answers,2,state-r2-q089-t004,"['/data/zhaogangyi/picorer-eval/qwen36-v100-sufficiency-dynamics-replicate-2-20260912/probes-v2/6530b867a437/step-004/qwen-r1/native-s.request.json', '/data/zhaogangyi/picorer-eval/qwen36-v100-sufficiency-dynamics-replicate-2-20260912/probes-v2/6530b867a437/step-004/qwen-r2/native-s.request.json']",89,d97766e86b0973030686e18789e2c35bfd0085cbb268727170ed21d3922bd5ed,agentmemorybench:fact-mh-262k:context-0/factconsolidation_mh_262k_no89,0.0,2,4,7,2,3.1875001080334187,0.9603611650116028,-0.125,9650.0,5,0.0,0.0,0.0,0.0,True,,,,,,,"[""read""]",6.312499814666808,0.0,"[""search""]",-3.124999706633389,0.0,0.5,False,False,False
False,state_answers,2,state-r2-q089-t005,"['/data/zhaogangyi/picorer-eval/qwen36-v100-sufficiency-dynamics-replicate-2-20260912/probes-v2/6530b867a437/step-005/qwen-r1/native-s.request.json', '/data/zhaogangyi/picorer-eval/qwen36-v100-sufficiency-dynamics-replicate-2-20260912/probes-v2/6530b867a437/step-005/qwen-r2/native-s.request.json']",89,83c2c4445cc0b6d1578c6389ef3926318a25d5b084241114415cfd509f2958ad,agentmemorybench:fact-mh-262k:context-0/factconsolidation_mh_262k_no89,0.5,2,5,7,2,3.749999962747097,0.9770226292536686,0.2500000745058059,20567.0,5,0.0,0.0,0.0,0.0,True,,,,,,,"[""search""]",3.1875001080334187,0.0,"[""read""]",0.5624998547136784,0.5,0.6666666666666666,True,True,True
False,state_answers,2,state-r2-q089-t006,"['/data/zhaogangyi/picorer-eval/qwen36-v100-sufficiency-dynamics-replicate-2-20260912/probes-v2/6530b867a437/step-006/qwen-r1/native-s.request.json', '/data/zhaogangyi/picorer-eval/qwen36-v100-sufficiency-dynamics-replicate-2-20260912/probes-v2/6530b867a437/step-006/qwen-r2/native-s.request.json']",89,0861d6bba785efee298710e02b928aea147dcb1bd0694abad841c434f49e97de,agentmemorybench:fact-mh-262k:context-0/factconsolidation_mh_262k_no89,0.5,2,6,7,2,3.4375000167638063,0.9688561699710508,0.1250000335276127,10235.0,5,0.0,0.0,0.0,0.0,True,,,,,,,"[""read""]",3.749999962747097,0.5,"[""search""]",-0.3124999459832907,0.0,0.8333333333333334,False,False,False
False,state_answers,2,state-r2-q089-t007,"['/data/zhaogangyi/picorer-eval/qwen36-v100-sufficiency-dynamics-replicate-2-20260912/probes-v2/6530b867a437/step-007/qwen-r1/native-s.request.json', '/data/zhaogangyi/picorer-eval/qwen36-v100-sufficiency-dynamics-replicate-2-20260912/probes-v2/6530b867a437/step-007/qwen-r2/native-s.request.json']",89,94abcb8c9248093e7e974d9cb6a5aa1656e260a20bbfa07c4efbfe4e500a4e65,agentmemorybench:fact-mh-262k:context-0/factconsolidation_mh_262k_no89,1.0,2,7,7,2,5.8749998902203515,0.9971990727262554,-2.391170710325241e-07,20475.0,5,1.0,1.0,1.0,0.0,True,,,,,,,"[""finish""]",3.4375000167638063,0.5,"[""read""]",2.437499873456545,0.5,1.0,True,True,True
False,state_answers,2,state-r3-q089-t002,"['/data/zhaogangyi/picorer-eval/qwen36-v100-sufficiency-dynamics-replicate-3-20260912/probes-v2/6530b867a437/step-002/qwen-r1/native-s.request.json', '/data/zhaogangyi/picorer-eval/qwen36-v100-sufficiency-dynamics-replicate-3-20260912/probes-v2/6530b867a437/step-002/qwen-r2/native-s.request.json']",89,15f48bbf8dfb095132fc222d07ca9ed2adfb472325944369f2058d83bb5e0312,agentmemorybench:fact-mh-262k:context-0/factconsolidation_mh_262k_no89,0.0,3,2,7,2,-2.1875000409781933,0.1008786190132473,-0.1249999925494194,8851.0,5,0.0,0.0,0.0,0.0,True,,,,,,,"[""search""]",-4.999999883119017,0.0,"[""search""]",2.8124998421408236,0.0,0.16666666666666666,False,False,True
False,state_answers,2,state-r3-q089-t003,"['/data/zhaogangyi/picorer-eval/qwen36-v100-sufficiency-dynamics-replicate-3-20260912/probes-v2/6530b867a437/step-003/qwen-r1/native-s.request.json', '/data/zhaogangyi/picorer-eval/qwen36-v100-sufficiency-dynamics-replicate-3-20260912/probes-v2/6530b867a437/step-003/qwen-r2/native-s.request.json']",89,a8e65578ea33a9faf6fa7830a6632f7e426683777436bdab565f02f5b2f7d7be,agentmemorybench:fact-mh-262k:context-0/factconsolidation_mh_262k_no89,0.0,3,3,7,2,0.5625000149011612,0.6370307979258678,0.1249999701976776,9335.0,5,0.0,0.0,0.0,0.0,True,,,,,,,"[""search""]",-2.1875000409781933,0.0,"[""search""]",2.7500000558793545,0.0,0.3333333333333333,False,False,True
False,state_answers,2,state-r3-q089-t004,"['/data/zhaogangyi/picorer-eval/qwen36-v100-sufficiency-dynamics-replicate-3-20260912/probes-v2/6530b867a437/step-004/qwen-r1/native-s.request.json', '/data/zhaogangyi/picorer-eval/qwen36-v100-sufficiency-dynamics-replicate-3-20260912/probes-v2/6530b867a437/step-004/qwen-r2/native-s.request.json']",89,2bc562f4361c3be21e21fe91294eeb55c4485ee9642f301cc26286e2290f320b,agentmemorybench:fact-mh-262k:context-0/factconsolidation_mh_262k_no89,0.0,3,4,7,2,0.0,0.5,0.0,9506.0,5,0.0,0.0,0.0,0.0,True,,,,,,,"[""read""]",0.5625000149011612,0.0,"[""search""]",-0.5625000149011612,0.0,0.5,False,False,False
False,state_answers,2,state-r3-q089-t005,"['/data/zhaogangyi/picorer-eval/qwen36-v100-sufficiency-dynamics-replicate-3-20260912/probes-v2/6530b867a437/step-005/qwen-r1/native-s.request.json', '/data/zhaogangyi/picorer-eval/qwen36-v100-sufficiency-dynamics-replicate-3-20260912/probes-v2/6530b867a437/step-005/qwen-r2/native-s.request.json']",89,734c6201b127cc5221b744258b11581f2e74120980c8fcd57f704234169eb8bf,agentmemorybench:fact-mh-262k:context-0/factconsolidation_mh_262k_no89,0.0,3,5,7,2,0.9374999850988388,0.7185943895575957,0.1249999105930328,5106.0,5,0.0,0.0,0.0,0.0,True,,,,,,,"[""read""]",0.0,0.0,"[""read""]",0.9374999850988388,0.0,0.6666666666666666,False,False,True
False,state_answers,2,state-r3-q089-t006,"['/data/zhaogangyi/picorer-eval/qwen36-v100-sufficiency-dynamics-replicate-3-20260912/probes-v2/6530b867a437/step-006/qwen-r1/native-s.request.json', '/data/zhaogangyi/picorer-eval/qwen36-v100-sufficiency-dynamics-replicate-3-20260912/probes-v2/6530b867a437/step-006/qwen-r2/native-s.request.json']",89,eea45aec01b54105d03d20917e0e907f2c5ff57233a152ea8e536808be85588c,agentmemorybench:fact-mh-262k:context-0/factconsolidation_mh_262k_no89,1.0,3,6,7,2,5.312499827705324,0.9950945934532484,-0.125000063329935,25360.0,5,1.0,1.0,1.0,0.0,True,,,,,,,"[""read""]",0.9374999850988388,0.0,"[""read""]",4.374999842606485,1.0,0.8333333333333334,True,True,True
False,state_answers,2,state-r3-q089-t007,"['/data/zhaogangyi/picorer-eval/qwen36-v100-sufficiency-dynamics-replicate-3-20260912/probes-v2/6530b867a437/step-007/qwen-r1/native-s.request.json', '/data/zhaogangyi/picorer-eval/qwen36-v100-sufficiency-dynamics-replicate-3-20260912/probes-v2/6530b867a437/step-007/qwen-r2/native-s.request.json']",89,3111cdeecddbf5a3cd5da07ae2f7738bf6b4b2fd3b8a5859e06e236cab40d9eb,agentmemorybench:fact-mh-262k:context-0/factconsolidation_mh_262k_no89,1.0,3,7,7,2,1.9375000298023224,0.8740772384450968,0.1250000596046447,21011.0,5,1.0,1.0,1.0,0.0,True,,,,,,,"[""finish""]",5.312499827705324,1.0,"[""read""]",-3.3749997979030013,0.0,1.0,True,False,False
False,state_answers,2,state-r1-q090-t002,"['/data/zhaogangyi/picorer-eval/qwen36-v100-sufficiency-dynamics-20260912/probes-v2/31d7bdca66de/step-002/qwen-r1/native-s.request.json', '/data/zhaogangyi/picorer-eval/qwen36-v100-sufficiency-dynamics-20260912/probes-v2/31d7bdca66de/step-002/qwen-r2/native-s.request.json']",90,3d02f4e49c11bca85eb4bf730271a2eacb76b3524bbd4ce616a5fff0fb47dd2b,agentmemorybench:fact-mh-262k:context-0/factconsolidation_mh_262k_no90,0.0,1,2,7,2,2.1875000409781933,0.8991213809867526,0.1249998733401298,9190.0,5,0.0,0.0,0.0,0.0,True,,,,,,,"[""search""]",-4.499999927356839,0.0,"[""search""]",6.6874999683350325,0.0,0.16666666666666666,False,False,True
False,state_answers,2,state-r1-q090-t003,"['/data/zhaogangyi/picorer-eval/qwen36-v100-sufficiency-dynamics-20260912/probes-v2/31d7bdca66de/step-003/qwen-r1/native-s.request.json', '/data/zhaogangyi/picorer-eval/qwen36-v100-sufficiency-dynamics-20260912/probes-v2/31d7bdca66de/step-003/qwen-r2/native-s.request.json']",90,df9cd22616da8b974b4b55f969ad7c1fe9688f75f0124fd73279fbf93926f2bf,agentmemorybench:fact-mh-262k:context-0/factconsolidation_mh_262k_no90,0.0,1,3,7,2,0.5625000149011612,0.6370307979258678,-0.1250000298023224,9282.0,5,0.0,0.0,0.0,0.0,True,,,,,,,"[""read""]",2.1875000409781933,0.0,"[""search""]",-1.625000026077032,0.0,0.3333333333333333,False,False,False
False,state_answers,2,state-r1-q090-t004,"['/data/zhaogangyi/picorer-eval/qwen36-v100-sufficiency-dynamics-20260912/probes-v2/31d7bdca66de/step-004/qwen-r1/native-s.request.json', '/data/zhaogangyi/picorer-eval/qwen36-v100-sufficiency-dynamics-20260912/probes-v2/31d7bdca66de/step-004/qwen-r2/native-s.request.json']",90,1d164b6145b7042ef52d217cc1fcbc8383cd8206a887f61aa2f64dccdb5df30f,agentmemorybench:fact-mh-262k:context-0/factconsolidation_mh_262k_no90,0.5,1,4,7,2,6.562500176834874,0.9985896417524308,-0.3750000675208866,19836.0,5,0.2,0.2,0.2,1.0,True,,,,,,,"[""read""]",0.5625000149011612,0.0,"[""read""]",6.000000161933713,0.5,0.5,True,True,True
False,state_answers,2,state-r1-q090-t005,"['/data/zhaogangyi/picorer-eval/qwen36-v100-sufficiency-dynamics-20260912/probes-v2/31d7bdca66de/step-005/qwen-r1/native-s.request.json', '/data/zhaogangyi/picorer-eval/qwen36-v100-sufficiency-dynamics-20260912/probes-v2/31d7bdca66de/step-005/qwen-r2/native-s.request.json']",90,ddb408d6e22228847ac034ebfe0fd9ca54e1fc28103fe091bed37ae0fc57d134,agentmemorybench:fact-mh-262k:context-0/factconsolidation_mh_262k_no90,1.0,1,5,7,2,2.749999985098839,0.9399133489844308,0.2499999701976776,15201.0,5,1.0,1.0,1.0,0.0,True,,,,,,,"[""read""]",6.562500176834874,0.5,"[""read""]",-3.812500191736035,0.5,0.6666666666666666,True,True,False
False,state_answers,2,state-r1-q090-t006,"['/data/zhaogangyi/picorer-eval/qwen36-v100-sufficiency-dynamics-20260912/probes-v2/31d7bdca66de/step-006/qwen-r1/native-s.request.json', '/data/zhaogangyi/picorer-eval/qwen36-v100-sufficiency-dynamics-20260912/probes-v2/31d7bdca66de/step-006/qwen-r2/native-s.request.json']",90,5181a20656028eeeb963687bd1477462250a96187d234a8a0c2692913ff26ec7,agentmemorybench:fact-mh-262k:context-0/factconsolidation_mh_262k_no90,1.0,1,6,7,2,7.12500002636807,0.999195914085556,1.1909287422895433e-07,15476.0,5,1.0,1.0,1.0,0.0,True,,,,,,,[],2.749999985098839,1.0,"[""read""]",4.375000041269232,0.0,0.8333333333333334,False,False,True
False,state_answers,2,state-r1-q090-t007,"['/data/zhaogangyi/picorer-eval/qwen36-v100-sufficiency-dynamics-20260912/probes-v2/31d7bdca66de/step-007/qwen-r1/native-s.request.json', '/data/zhaogangyi/picorer-eval/qwen36-v100-sufficiency-dynamics-20260912/probes-v2/31d7bdca66de/step-007/qwen-r2/native-s.request.json']",90,416349a6e2956bc784cbcb0b1796830f082741b72d44f59cb66ec1b25df959dc,agentmemorybench:fact-mh-262k:context-0/factconsolidation_mh_262k_no90,1.0,1,7,7,2,7.249999954452505,0.9992903295685986,-1.191510818898678e-07,4397.0,5,0.8,0.8,0.8,0.0,True,,,,,,,"[""finish""]",7.12500002636807,1.0,[],0.12499992808443494,0.0,1.0,False,False,True
False,state_answers,2,state-r2-q090-t002,"['/data/zhaogangyi/picorer-eval/qwen36-v100-sufficiency-dynamics-replicate-2-20260912/probes-v2/31d7bdca66de/step-002/qwen-r1/native-s.request.json', '/data/zhaogangyi/picorer-eval/qwen36-v100-sufficiency-dynamics-replicate-2-20260912/probes-v2/31d7bdca66de/step-002/qwen-r2/native-s.request.json']",90,49a35f1923eaaacbaadddc330b7cc5be95963fb7a407ff04c5aeb529d64f377f,agentmemorybench:fact-mh-262k:context-0/factconsolidation_mh_262k_no90,0.0,2,2,4,2,1.8750000074505808,0.867035760661109,7.450580596923828e-08,8905.0,5,0.0,0.0,0.0,0.0,True,,,,,,,"[""search""]",-4.624999930150807,0.0,"[""search""]",6.4999999376013875,0.0,0.3333333333333333,False,False,True
False,state_answers,2,state-r2-q090-t003,"['/data/zhaogangyi/picorer-eval/qwen36-v100-sufficiency-dynamics-replicate-2-20260912/probes-v2/31d7bdca66de/step-003/qwen-r1/native-s.request.json', '/data/zhaogangyi/picorer-eval/qwen36-v100-sufficiency-dynamics-replicate-2-20260912/probes-v2/31d7bdca66de/step-003/qwen-r2/native-s.request.json']",90,1cc1cfb6670e4740a37f43c07f369f3e9c5895380ed753f9799af69ee68df643,agentmemorybench:fact-mh-262k:context-0/factconsolidation_mh_262k_no90,0.0,2,3,4,2,1.0624999552965164,0.7431680000799575,-0.1250000298023224,9173.0,5,0.0,0.0,0.0,0.0,True,,,,,,,"[""read""]",1.8750000074505808,0.0,"[""search""]",-0.8125000521540644,0.0,0.6666666666666666,False,False,False
False,state_answers,2,state-r2-q090-t004,"['/data/zhaogangyi/picorer-eval/qwen36-v100-sufficiency-dynamics-replicate-2-20260912/probes-v2/31d7bdca66de/step-004/qwen-r1/native-s.request.json', '/data/zhaogangyi/picorer-eval/qwen36-v100-sufficiency-dynamics-replicate-2-20260912/probes-v2/31d7bdca66de/step-004/qwen-r2/native-s.request.json']",90,497fbee66c3905cd0896f84b5cbf6258f4c5c6df6df412656a343fc2734684f3,agentmemorybench:fact-mh-262k:context-0/factconsolidation_mh_262k_no90,1.0,2,4,4,2,8.249999736450263,0.9997388096120856,1.1918018572032453e-07,24907.0,5,1.0,1.0,1.0,0.0,True,,,,,,,"[""finish""]",1.0624999552965164,0.0,"[""read""]",7.187499781153747,1.0,1.0,True,True,True
False,state_answers,2,state-r3-q090-t002,"['/data/zhaogangyi/picorer-eval/qwen36-v100-sufficiency-dynamics-replicate-3-20260912/probes-v2/31d7bdca66de/step-002/qwen-r1/native-s.request.json', '/data/zhaogangyi/picorer-eval/qwen36-v100-sufficiency-dynamics-replicate-3-20260912/probes-v2/31d7bdca66de/step-002/qwen-r2/native-s.request.json']",90,80a6e5fd776fef8f782efdb829d52dd30f281824a2e4fc4fdfb6aa54de7d00d2,agentmemorybench:fact-mh-262k:context-0/factconsolidation_mh_262k_no90,0.0,3,2,4,2,2.187499951571226,0.8991213728773506,-0.1249999925494194,8943.0,5,0.0,0.0,0.0,0.0,True,,,,,,,"[""search""]",-4.499999803490937,0.0,"[""search""]",6.687499755062163,0.0,0.3333333333333333,False,False,True
False,state_answers,2,state-r3-q090-t003,"['/data/zhaogangyi/picorer-eval/qwen36-v100-sufficiency-dynamics-replicate-3-20260912/probes-v2/31d7bdca66de/step-003/qwen-r1/native-s.request.json', '/data/zhaogangyi/picorer-eval/qwen36-v100-sufficiency-dynamics-replicate-3-20260912/probes-v2/31d7bdca66de/step-003/qwen-r2/native-s.request.json']",90,da7e47b14bf5bbd42aefc33e868f898d0e435a12a0f7bace4357bebd888115c4,agentmemorybench:fact-mh-262k:context-0/factconsolidation_mh_262k_no90,0.0,3,3,4,2,0.8125,0.6926419831347361,-0.1249999403953552,9229.0,5,0.0,0.0,0.0,1.0,True,,,,,,,"[""read""]",2.187499951571226,0.0,"[""search""]",-1.3749999515712261,0.0,0.6666666666666666,False,False,False
False,state_answers,2,state-r3-q090-t004,"['/data/zhaogangyi/picorer-eval/qwen36-v100-sufficiency-dynamics-replicate-3-20260912/probes-v2/31d7bdca66de/step-004/qwen-r1/native-s.request.json', '/data/zhaogangyi/picorer-eval/qwen36-v100-sufficiency-dynamics-replicate-3-20260912/probes-v2/31d7bdca66de/step-004/qwen-r2/native-s.request.json']",90,5cc14debaf1b992b7cb136ceb629fc6fd5eb129407eb27df25c01bb2ed3bd8e9,agentmemorybench:fact-mh-262k:context-0/factconsolidation_mh_262k_no90,1.0,3,4,4,2,8.062500050917151,0.9996849613219544,0.1249995105608832,24842.0,5,1.0,1.0,1.0,0.0,True,,,,,,,"[""finish""]",0.8125,0.0,"[""read""]",7.250000050917151,1.0,1.0,True,True,True
False,state_answers,3,state-r1-q092-t002,"['/data/zhaogangyi/picorer-eval/qwen36-v100-sufficiency-dynamics-20260912/probes-v2/7be328b1d483/step-002/qwen-r1/native-s.request.json', '/data/zhaogangyi/picorer-eval/qwen36-v100-sufficiency-dynamics-20260912/probes-v2/7be328b1d483/step-002/qwen-r2/native-s.request.json']",92,106f2b86ce56a434fe9f0a88f771cf449baac8fea77ed609fca3922d78b1d4cc,agentmemorybench:fact-mh-262k:context-0/factconsolidation_mh_262k_no92,0.0,1,2,6,2,-1.6875000447034836,0.1561048915563923,0.3750000894069671,9073.0,5,0.0,0.0,0.0,0.0,True,,,,,,,"[""search""]",-5.000000197440386,0.0,"[""search""]",3.3125001527369022,0.0,0.2,False,False,True
False,state_answers,3,state-r1-q092-t003,"['/data/zhaogangyi/picorer-eval/qwen36-v100-sufficiency-dynamics-20260912/probes-v2/7be328b1d483/step-003/qwen-r1/native-s.request.json', '/data/zhaogangyi/picorer-eval/qwen36-v100-sufficiency-dynamics-20260912/probes-v2/7be328b1d483/step-003/qwen-r2/native-s.request.json']",92,4c7f733adb4ecfa7f4b65cc187c868cbbad4ab476a24e7321f54edc130c6a943,agentmemorybench:fact-mh-262k:context-0/factconsolidation_mh_262k_no92,0.0,1,3,6,2,0.5625000149011612,0.6370307979258678,-0.1249999701976776,9321.0,5,0.0,0.0,0.0,0.0,True,,,,,,,"[""read""]",-1.6875000447034836,0.0,"[""search""]",2.2500000596046448,0.0,0.4,False,False,True
False,state_answers,3,state-r1-q092-t004,"['/data/zhaogangyi/picorer-eval/qwen36-v100-sufficiency-dynamics-20260912/probes-v2/7be328b1d483/step-004/qwen-r1/native-s.request.json', '/data/zhaogangyi/picorer-eval/qwen36-v100-sufficiency-dynamics-20260912/probes-v2/7be328b1d483/step-004/qwen-r2/native-s.request.json']",92,4f77d0e2a870282dda511b83fe98d19da71d12a772dd36dc7baa786cb710d3a6,agentmemorybench:fact-mh-262k:context-0/factconsolidation_mh_262k_no92,0.6666666666666666,1,4,6,2,-0.0625,0.4843800842769844,0.125,19677.0,5,0.0,0.0,0.0,0.0,True,,,,,,,"[""search""]",0.5625000149011612,0.0,"[""read""]",-0.6250000149011612,0.6666666666666666,0.6,True,True,False
False,state_answers,3,state-r1-q092-t005,"['/data/zhaogangyi/picorer-eval/qwen36-v100-sufficiency-dynamics-20260912/probes-v2/7be328b1d483/step-005/qwen-r1/native-s.request.json', '/data/zhaogangyi/picorer-eval/qwen36-v100-sufficiency-dynamics-20260912/probes-v2/7be328b1d483/step-005/qwen-r2/native-s.request.json']",92,01b3d565037e2c829df972426e1466ed6e08e0812540a05673c5ff247f409dd5,agentmemorybench:fact-mh-262k:context-0/factconsolidation_mh_262k_no92,0.6666666666666666,1,5,6,2,3.0624999292194843,0.9553191267061196,-0.1250000447034835,10152.0,5,0.0,0.0,0.0,0.0,True,,,,,,,"[""read""]",-0.0625,0.6666666666666666,"[""search""]",3.1249999292194843,0.0,0.8,False,False,True
False,state_answers,3,state-r1-q092-t006,"['/data/zhaogangyi/picorer-eval/qwen36-v100-sufficiency-dynamics-20260912/probes-v2/7be328b1d483/step-006/qwen-r1/native-s.request.json', '/data/zhaogangyi/picorer-eval/qwen36-v100-sufficiency-dynamics-20260912/probes-v2/7be328b1d483/step-006/qwen-r2/native-s.request.json']",92,b98a1cb0eacd6208e61d486ca87055f19b6929d74b9b5dfbdd4ea2988caae205,agentmemorybench:fact-mh-262k:context-0/factconsolidation_mh_262k_no92,1.0,1,6,6,2,5.937500177766196,0.9973683264917068,0.1250000793952494,21097.0,5,1.0,1.0,1.0,0.0,True,,,,,,,"[""finish""]",3.0624999292194843,0.6666666666666666,"[""read""]",2.875000248546712,0.33333333333333337,1.0,True,True,True
False,state_answers,3,state-r2-q092-t002,"['/data/zhaogangyi/picorer-eval/qwen36-v100-sufficiency-dynamics-replicate-2-20260912/probes-v2/7be328b1d483/step-002/qwen-r1/native-s.request.json', '/data/zhaogangyi/picorer-eval/qwen36-v100-sufficiency-dynamics-replicate-2-20260912/probes-v2/7be328b1d483/step-002/qwen-r2/native-s.request.json']",92,e233cf332d02703adbb3fcab7c1311388b7d625223cc2877c2d555528fb2c16e,agentmemorybench:fact-mh-262k:context-0/factconsolidation_mh_262k_no92,0.0,2,2,9,2,1.625,0.8354835371034369,-8.940696716308595e-08,9069.0,5,0.0,0.0,0.0,0.0,True,,,,,,,"[""read""]",-4.875000077299774,0.0,"[""search""]",6.500000077299774,0.0,0.125,False,False,True
False,state_answers,3,state-r2-q092-t003,"['/data/zhaogangyi/picorer-eval/qwen36-v100-sufficiency-dynamics-replicate-2-20260912/probes-v2/7be328b1d483/step-003/qwen-r1/native-s.request.json', '/data/zhaogangyi/picorer-eval/qwen36-v100-sufficiency-dynamics-replicate-2-20260912/probes-v2/7be328b1d483/step-003/qwen-r2/native-s.request.json']",92,0925fda0e154f8eec0117ced7a90206571c159db6e898b6363e8df9c2a8e1373,agentmemorybench:fact-mh-262k:context-0/factconsolidation_mh_262k_no92,0.0,2,3,9,2,0.1875,0.5467381519846138,-0.125,19487.0,5,0.0,0.0,0.0,2.0,True,,,,,,,"[""search""]",1.625,0.0,"[""read""]",-1.4375,0.0,0.25,True,False,False
False,state_answers,3,state-r2-q092-t004,"['/data/zhaogangyi/picorer-eval/qwen36-v100-sufficiency-dynamics-replicate-2-20260912/probes-v2/7be328b1d483/step-004/qwen-r1/native-s.request.json', '/data/zhaogangyi/picorer-eval/qwen36-v100-sufficiency-dynamics-replicate-2-20260912/probes-v2/7be328b1d483/step-004/qwen-r2/native-s.request.json']",92,70084dba0dc5d8fbe6a5342bae4ab7de60af516a5da8827177463fc2ae1d460e,agentmemorybench:fact-mh-262k:context-0/factconsolidation_mh_262k_no92,0.0,2,4,9,2,1.8125000596046448,0.8596637577007394,-0.1250000298023224,9623.0,5,0.0,0.0,0.0,0.0,True,,,,,,,"[""read""]",0.1875,0.0,"[""search""]",1.6250000596046448,0.0,0.375,False,False,True
False,state_answers,3,state-r2-q092-t005,"['/data/zhaogangyi/picorer-eval/qwen36-v100-sufficiency-dynamics-replicate-2-20260912/probes-v2/7be328b1d483/step-005/qwen-r1/native-s.request.json', '/data/zhaogangyi/picorer-eval/qwen36-v100-sufficiency-dynamics-replicate-2-20260912/probes-v2/7be328b1d483/step-005/qwen-r2/native-s.request.json']",92,67374d76daa1e80d7a509852bcc1e512bdca9fccf17f275522bcc9edfba88032,agentmemorybench:fact-mh-262k:context-0/factconsolidation_mh_262k_no92,0.0,2,5,9,2,5.062499897321686,0.9937100972213332,0.1249997694976627,24825.0,5,0.0,0.0,0.0,0.0,True,,,,,,,"[""search""]",1.8125000596046448,0.0,"[""read""]",3.2499998377170414,0.0,0.5,True,False,True
False,state_answers,3,state-r2-q092-t006,"['/data/zhaogangyi/picorer-eval/qwen36-v100-sufficiency-dynamics-replicate-2-20260912/probes-v2/7be328b1d483/step-006/qwen-r1/native-s.request.json', '/data/zhaogangyi/picorer-eval/qwen36-v100-sufficiency-dynamics-replicate-2-20260912/probes-v2/7be328b1d483/step-006/qwen-r2/native-s.request.json']",92,ff929aefedca8ae1117e0fb3ac26ca1b707ce4dcd15e136538f7c7f2e4bf5366,agentmemorybench:fact-mh-262k:context-0/factconsolidation_mh_262k_no92,0.0,2,6,9,2,5.124999830499291,0.9940889301477484,9.592622518539429e-08,10304.0,5,0.0,0.0,0.0,0.0,True,,,,,,,"[""search""]",5.062499897321686,0.0,"[""search""]",0.06249993317760527,0.0,0.625,False,False,True
False,state_answers,3,state-r2-q092-t007,"['/data/zhaogangyi/picorer-eval/qwen36-v100-sufficiency-dynamics-replicate-2-20260912/probes-v2/7be328b1d483/step-007/qwen-r1/native-s.request.json', '/data/zhaogangyi/picorer-eval/qwen36-v100-sufficiency-dynamics-replicate-2-20260912/probes-v2/7be328b1d483/step-007/qwen-r2/native-s.request.json']",92,0ae7893e819649c00784f8a21c3e584161a55122d76a01cef995921e53ddf0e5,agentmemorybench:fact-mh-262k:context-0/factconsolidation_mh_262k_no92,0.0,2,7,9,2,4.187499980442226,0.985042913118698,0.1250001955777406,10614.0,5,0.0,0.0,0.0,0.0,True,,,,,,,"[""read""]",5.124999830499291,0.0,"[""search""]",-0.9374998500570655,0.0,0.75,False,False,False
False,state_answers,3,state-r2-q092-t008,"['/data/zhaogangyi/picorer-eval/qwen36-v100-sufficiency-dynamics-replicate-2-20260912/probes-v2/7be328b1d483/step-008/qwen-r1/native-s.request.json', '/data/zhaogangyi/picorer-eval/qwen36-v100-sufficiency-dynamics-replicate-2-20260912/probes-v2/7be328b1d483/step-008/qwen-r2/native-s.request.json']",92,7ec9931534d6fc0722c5110b7623217f3af8ed48a18e2b577ef0a2017100a2dc,agentmemorybench:fact-mh-262k:context-0/factconsolidation_mh_262k_no92,0.0,2,8,9,2,5.874999956227839,0.9971990729106196,-0.2500002752058208,13853.0,5,0.0,0.0,0.0,0.0,True,,,,,,,"[""read""]",4.187499980442226,0.0,"[""read""]",1.687499975785613,0.0,0.875,True,False,True
False,state_answers,3,state-r2-q092-t009,"['/data/zhaogangyi/picorer-eval/qwen36-v100-sufficiency-dynamics-replicate-2-20260912/probes-v2/7be328b1d483/step-009/qwen-r1/native-s.request.json', '/data/zhaogangyi/picorer-eval/qwen36-v100-sufficiency-dynamics-replicate-2-20260912/probes-v2/7be328b1d483/step-009/qwen-r2/native-s.request.json']",92,85b9d12774f8c1d1e723cb9e847f75e266d6a4429363646fb0070301ce6bbad2,agentmemorybench:fact-mh-262k:context-0/factconsolidation_mh_262k_no92,0.0,2,9,9,2,2.9375000186264515,0.94966936829282,-0.1250001564621925,27460.0,5,0.0,0.0,0.0,0.0,True,,,,,,,"[""finish""]",5.874999956227839,0.0,"[""read""]",-2.9374999376013875,0.0,1.0,True,False,False
False,state_answers,3,state-r3-q092-t002,"['/data/zhaogangyi/picorer-eval/qwen36-v100-sufficiency-dynamics-replicate-3-20260912/probes-v2/7be328b1d483/step-002/qwen-r1/native-s.request.json', '/data/zhaogangyi/picorer-eval/qwen36-v100-sufficiency-dynamics-replicate-3-20260912/probes-v2/7be328b1d483/step-002/qwen-r2/native-s.request.json']",92,0ef8f6ea9381e328f476cee065790c93b1baa00d4f835a0cc9485c9870612fc7,agentmemorybench:fact-mh-262k:context-0/factconsolidation_mh_262k_no92,0.0,3,2,13,2,1.0625000447034836,0.7431680171450046,-0.1249999701976776,8981.0,5,0.0,0.0,0.0,0.0,True,,,,,,,"[""search""]",-4.87500014482066,0.0,"[""search""]",5.937500189524144,0.0,0.08333333333333333,False,False,True
False,state_answers,3,state-r3-q092-t003,"['/data/zhaogangyi/picorer-eval/qwen36-v100-sufficiency-dynamics-replicate-3-20260912/probes-v2/7be328b1d483/step-003/qwen-r1/native-s.request.json', '/data/zhaogangyi/picorer-eval/qwen36-v100-sufficiency-dynamics-replicate-3-20260912/probes-v2/7be328b1d483/step-003/qwen-r2/native-s.request.json']",92,f7250c5dedb62b3346b013f03235e7f8c9f0d2cd493d76bb47d929e02fc19b5b,agentmemorybench:fact-mh-262k:context-0/factconsolidation_mh_262k_no92,0.0,3,3,13,2,-0.8125000298023224,0.3073580105206753,0.125,9583.0,5,0.0,0.0,0.0,0.0,True,,,,,,,"[""read""]",1.0625000447034836,0.0,"[""search""]",-1.875000074505806,0.0,0.16666666666666666,False,False,False
False,state_answers,3,state-r3-q092-t004,"['/data/zhaogangyi/picorer-eval/qwen36-v100-sufficiency-dynamics-replicate-3-20260912/probes-v2/7be328b1d483/step-004/qwen-r1/native-s.request.json', '/data/zhaogangyi/picorer-eval/qwen36-v100-sufficiency-dynamics-replicate-3-20260912/probes-v2/7be328b1d483/step-004/qwen-r2/native-s.request.json']",92,9b8311e1872ea800234d342b270a4f7f6e7c5f69163820ceb79826798b0fde92,agentmemorybench:fact-mh-262k:context-0/factconsolidation_mh_262k_no92,0.3333333333333333,3,4,13,2,2.3750000074505806,0.9149009555730612,1.4901161193847656e-07,19879.0,5,0.0,0.0,0.0,0.0,True,,,,,,,"[""search""]",-0.8125000298023224,0.0,"[""read""]",3.187500037252903,0.3333333333333333,0.25,True,True,True
False,state_answers,3,state-r3-q092-t005,"['/data/zhaogangyi/picorer-eval/qwen36-v100-sufficiency-dynamics-replicate-3-20260912/probes-v2/7be328b1d483/step-005/qwen-r1/native-s.request.json', '/data/zhaogangyi/picorer-eval/qwen36-v100-sufficiency-dynamics-replicate-3-20260912/probes-v2/7be328b1d483/step-005/qwen-r2/native-s.request.json']",92,fa9140dc837911513377cb33f146974f81fe0ff471541e6721f59918dc3a8692,agentmemorybench:fact-mh-262k:context-0/factconsolidation_mh_262k_no92,0.3333333333333333,3,5,13,2,-1.4374999850988388,0.1919327887583263,-0.125,9969.0,5,0.0,0.0,0.0,1.0,True,,,,,,,"[""search""]",2.3750000074505806,0.3333333333333333,"[""search""]",-3.8124999925494194,0.0,0.3333333333333333,False,False,False
False,state_answers,3,state-r3-q092-t006,"['/data/zhaogangyi/picorer-eval/qwen36-v100-sufficiency-dynamics-replicate-3-20260912/probes-v2/7be328b1d483/step-006/qwen-r1/native-s.request.json', '/data/zhaogangyi/picorer-eval/qwen36-v100-sufficiency-dynamics-replicate-3-20260912/probes-v2/7be328b1d483/step-006/qwen-r2/native-s.request.json']",92,a00302f5c86fe7458cc15ce05c83a07b7a9d0496d8c9b94025348ab6afdaf704,agentmemorybench:fact-mh-262k:context-0/factconsolidation_mh_262k_no92,0.3333333333333333,3,6,13,2,-1.9999999850988388,0.1192029235866439,-8.940696716308595e-08,10611.0,5,0.0,0.0,0.0,1.0,True,,,,,,,"[""search""]",-1.4374999850988388,0.3333333333333333,"[""search""]",-0.5625,0.0,0.4166666666666667,False,False,False
False,state_answers,3,state-r3-q092-t007,"['/data/zhaogangyi/picorer-eval/qwen36-v100-sufficiency-dynamics-replicate-3-20260912/probes-v2/7be328b1d483/step-007/qwen-r1/native-s.request.json', '/data/zhaogangyi/picorer-eval/qwen36-v100-sufficiency-dynamics-replicate-3-20260912/probes-v2/7be328b1d483/step-007/qwen-r2/native-s.request.json']",92,6811f40ea5130b55977d56ef48bfeec158b51b9d73578d42f69c8b28b034d9bc,agentmemorybench:fact-mh-262k:context-0/factconsolidation_mh_262k_no92,0.3333333333333333,3,7,13,2,-2.5000000409781933,0.0758581771485199,1.564621925354004e-07,10900.0,5,0.0,0.0,0.0,0.0,True,,,,,,,"[""search""]",-1.9999999850988388,0.3333333333333333,"[""search""]",-0.5000000558793545,0.0,0.5,False,False,False
False,state_answers,3,state-r3-q092-t008,"['/data/zhaogangyi/picorer-eval/qwen36-v100-sufficiency-dynamics-replicate-3-20260912/probes-v2/7be328b1d483/step-008/qwen-r1/native-s.request.json', '/data/zhaogangyi/picorer-eval/qwen36-v100-sufficiency-dynamics-replicate-3-20260912/probes-v2/7be328b1d483/step-008/qwen-r2/native-s.request.json']",92,6fcebfd3704afe9276d687f9ad5d43b47a98a1d63dfbf3357563d0af894464bf,agentmemorybench:fact-mh-262k:context-0/factconsolidation_mh_262k_no92,0.3333333333333333,3,8,13,2,-1.2500000149011612,0.2227001362458465,8.940696716308595e-08,10956.0,5,0.0,0.0,0.0,0.0,True,,,,,,,"[""read""]",-2.5000000409781933,0.3333333333333333,"[""search""]",1.250000026077032,0.0,0.5833333333333334,False,False,True
False,state_answers,3,state-r3-q092-t009,"['/data/zhaogangyi/picorer-eval/qwen36-v100-sufficiency-dynamics-replicate-3-20260912/probes-v2/7be328b1d483/step-009/qwen-r1/native-s.request.json', '/data/zhaogangyi/picorer-eval/qwen36-v100-sufficiency-dynamics-replicate-3-20260912/probes-v2/7be328b1d483/step-009/qwen-r2/native-s.request.json']",92,be543a8761db7bd68ab2ebe7f1072ce833ec5e00c9806ca531c6e6605bdad25d,agentmemorybench:fact-mh-262k:context-0/factconsolidation_mh_262k_no92,0.3333333333333333,3,9,13,2,-1.499999962747097,0.1824255293624947,-0.2499999850988388,21744.0,5,0.0,0.0,0.0,0.0,True,,,,,,,"[""search""]",-1.2500000149011612,0.3333333333333333,"[""read""]",-0.24999994784593582,0.0,0.6666666666666666,True,False,False
False,state_answers,3,state-r3-q092-t010,"['/data/zhaogangyi/picorer-eval/qwen36-v100-sufficiency-dynamics-replicate-3-20260912/probes-v2/7be328b1d483/step-010/qwen-r1/native-s.request.json', '/data/zhaogangyi/picorer-eval/qwen36-v100-sufficiency-dynamics-replicate-3-20260912/probes-v2/7be328b1d483/step-010/qwen-r2/native-s.request.json']",92,d181fcfa6b105099081fa131e3f47b42aab95a8dc1cc5269bb4f38782f56dc6a,agentmemorybench:fact-mh-262k:context-0/factconsolidation_mh_262k_no92,0.3333333333333333,3,10,13,2,-2.9375000093132257,0.0503306321523283,-0.1250000111758709,11813.0,5,0.0,0.0,0.0,1.0,True,,,,,,,"[""search""]",-1.499999962747097,0.3333333333333333,"[""search""]",-1.4375000465661287,0.0,0.75,False,False,False
False,state_answers,3,state-r3-q092-t011,"['/data/zhaogangyi/picorer-eval/qwen36-v100-sufficiency-dynamics-replicate-3-20260912/probes-v2/7be328b1d483/step-011/qwen-r1/native-s.request.json', '/data/zhaogangyi/picorer-eval/qwen36-v100-sufficiency-dynamics-replicate-3-20260912/probes-v2/7be328b1d483/step-011/qwen-r2/native-s.request.json']",92,4baf339128dbeb3f34722b754f2a8ab698e4eb6a6f445b9cd31b44e32bdc61c2,agentmemorybench:fact-mh-262k:context-0/factconsolidation_mh_262k_no92,0.3333333333333333,3,11,13,2,-2.999999947845936,0.0474258755337132,0.2500001043081283,12414.0,5,0.0,0.0,0.0,0.0,True,,,,,,,"[""read""]",-2.9375000093132257,0.3333333333333333,"[""search""]",-0.062499938532710075,0.0,0.8333333333333334,False,False,False
False,state_answers,3,state-r3-q092-t012,"['/data/zhaogangyi/picorer-eval/qwen36-v100-sufficiency-dynamics-replicate-3-20260912/probes-v2/7be328b1d483/step-012/qwen-r1/native-s.request.json', '/data/zhaogangyi/picorer-eval/qwen36-v100-sufficiency-dynamics-replicate-3-20260912/probes-v2/7be328b1d483/step-012/qwen-r2/native-s.request.json']",92,2f76512f0349251975b619fc4a3d502fc8c85d1849752a232e89648e6ef5c12d,agentmemorybench:fact-mh-262k:context-0/factconsolidation_mh_262k_no92,0.3333333333333333,3,12,13,2,-0.5,0.3775406687981454,0.0,22823.0,5,0.0,0.0,0.0,0.0,True,,,,,,,"[""search""]",-2.999999947845936,0.3333333333333333,"[""read""]",2.499999947845936,0.0,0.9166666666666666,True,False,True
False,state_answers,3,state-r3-q092-t013,"['/data/zhaogangyi/picorer-eval/qwen36-v100-sufficiency-dynamics-replicate-3-20260912/probes-v2/7be328b1d483/step-013/qwen-r1/native-s.request.json', '/data/zhaogangyi/picorer-eval/qwen36-v100-sufficiency-dynamics-replicate-3-20260912/probes-v2/7be328b1d483/step-013/qwen-r2/native-s.request.json']",92,b81e458ae3081ac13bff613417454e0d961638f3453ae5b5958185029ec4ff99,agentmemorybench:fact-mh-262k:context-0/factconsolidation_mh_262k_no92,0.3333333333333333,3,13,13,2,0.5625000149011612,0.6370307979258678,-0.1250000298023224,9024.0,5,0.0,0.0,0.0,0.0,True,,,,,,,"[""finish""]",-0.5,0.3333333333333333,"[""search""]",1.0625000149011612,0.0,1.0,False,False,True
False,state_answers,4,state-r1-q093-t002,"['/data/zhaogangyi/picorer-eval/qwen36-v100-sufficiency-dynamics-20260912/probes-v2/84468dbbccb6/step-002/qwen-r1/native-s.request.json', '/data/zhaogangyi/picorer-eval/qwen36-v100-sufficiency-dynamics-20260912/probes-v2/84468dbbccb6/step-002/qwen-r2/native-s.request.json']",93,b6480478b6a6698f613227415caad4f6dacef65eb243b284a7a4646af9542724,agentmemorybench:fact-mh-262k:context-0/factconsolidation_mh_262k_no93,0.0,1,2,13,2,1.1875,0.7662936430859597,0.125,9037.0,5,0.0,0.0,0.0,1.0,True,,,,,,,"[""read""]",-4.500000122003257,0.0,"[""search""]",5.687500122003257,0.0,0.08333333333333333,False,False,True
False,state_answers,4,state-r1-q093-t003,"['/data/zhaogangyi/picorer-eval/qwen36-v100-sufficiency-dynamics-20260912/probes-v2/84468dbbccb6/step-003/qwen-r1/native-s.request.json', '/data/zhaogangyi/picorer-eval/qwen36-v100-sufficiency-dynamics-20260912/probes-v2/84468dbbccb6/step-003/qwen-r2/native-s.request.json']",93,68c2c8df360c5bcc58b9b42eeef6be275024e28ee2e328a26169352d75fd4c0e,agentmemorybench:fact-mh-262k:context-0/factconsolidation_mh_262k_no93,0.25,1,3,13,2,2.249999988824129,0.9046505341368828,-1.4156103134155273e-07,19256.0,5,0.0,0.0,0.0,0.0,True,,,,,,,"[""search""]",1.1875,0.0,"[""read""]",1.062499988824129,0.25,0.16666666666666666,True,True,True
False,state_answers,4,state-r1-q093-t004,"['/data/zhaogangyi/picorer-eval/qwen36-v100-sufficiency-dynamics-20260912/probes-v2/84468dbbccb6/step-004/qwen-r1/native-s.request.json', '/data/zhaogangyi/picorer-eval/qwen36-v100-sufficiency-dynamics-20260912/probes-v2/84468dbbccb6/step-004/qwen-r2/native-s.request.json']",93,132cacbba7bf9530d61229058caf118eea8c0371be8573628359378507ad357a,agentmemorybench:fact-mh-262k:context-0/factconsolidation_mh_262k_no93,0.25,1,4,13,2,1.1875000149011612,0.7662936457545743,0.1250000894069671,9606.0,5,0.0,0.0,0.0,0.0,True,,,,,,,"[""read""]",2.249999988824129,0.25,"[""search""]",-1.062499973922968,0.0,0.25,False,False,False
False,state_answers,4,state-r1-q093-t005,"['/data/zhaogangyi/picorer-eval/qwen36-v100-sufficiency-dynamics-20260912/probes-v2/84468dbbccb6/step-005/qwen-r1/native-s.request.json', '/data/zhaogangyi/picorer-eval/qwen36-v100-sufficiency-dynamics-20260912/probes-v2/84468dbbccb6/step-005/qwen-r2/native-s.request.json']",93,aa6d368813020839a8fff414040ecc4b25eb5981a953bde53231ea947164c2f6,agentmemorybench:fact-mh-262k:context-0/factconsolidation_mh_262k_no93,0.5,1,5,13,2,2.4374999217689037,0.9196425253965032,0.1250000223517418,20138.0,5,0.0,0.0,0.0,0.0,True,,,,,,,"[""search""]",1.1875000149011612,0.25,"[""read""]",1.2499999068677425,0.25,0.3333333333333333,True,True,True
False,state_answers,4,state-r1-q093-t006,"['/data/zhaogangyi/picorer-eval/qwen36-v100-sufficiency-dynamics-20260912/probes-v2/84468dbbccb6/step-006/qwen-r1/native-s.request.json', '/data/zhaogangyi/picorer-eval/qwen36-v100-sufficiency-dynamics-20260912/probes-v2/84468dbbccb6/step-006/qwen-r2/native-s.request.json']",93,79983c08d918d0ebf856d9a05c846625dd6d5d05d9e4318e262b8db8d735594f,agentmemorybench:fact-mh-262k:context-0/factconsolidation_mh_262k_no93,0.5,1,6,13,2,-0.875,0.2942149721629887,5.960464477539064e-08,10613.0,5,0.0,0.0,0.0,0.0,True,,,,,,,"[""read""]",2.4374999217689037,0.5,"[""search""]",-3.3124999217689037,0.0,0.4166666666666667,False,False,False
False,state_answers,4,state-r1-q093-t007,"['/data/zhaogangyi/picorer-eval/qwen36-v100-sufficiency-dynamics-20260912/probes-v2/84468dbbccb6/step-007/qwen-r1/native-s.request.json', '/data/zhaogangyi/picorer-eval/qwen36-v100-sufficiency-dynamics-20260912/probes-v2/84468dbbccb6/step-007/qwen-r2/native-s.request.json']",93,6ea195478552da650cf10fd52c9748a47c45c82335fdd7ff18b2fbeac1cba939,agentmemorybench:fact-mh-262k:context-0/factconsolidation_mh_262k_no93,0.5,1,7,13,2,-1.4375,0.1919327864472368,0.1250000596046447,16374.0,5,0.0,0.0,0.0,0.0,True,,,,,,,"[""search""]",-0.875,0.5,"[""read""]",-0.5625,0.0,0.5,False,False,False
False,state_answers,4,state-r1-q093-t008,"['/data/zhaogangyi/picorer-eval/qwen36-v100-sufficiency-dynamics-20260912/probes-v2/84468dbbccb6/step-008/qwen-r1/native-s.request.json', '/data/zhaogangyi/picorer-eval/qwen36-v100-sufficiency-dynamics-20260912/probes-v2/84468dbbccb6/step-008/qwen-r2/native-s.request.json']",93,767cbeb36ed96701ece782c132e3b663791929c4c8e0fb326a0017a9272c7ac6,agentmemorybench:fact-mh-262k:context-0/factconsolidation_mh_262k_no93,0.5,1,8,13,2,0.4374999850988388,0.607663166280326,-0.1249999701976776,11200.0,5,0.0,0.0,0.0,0.0,True,,,,,,,"[""search""]",-1.4375,0.5,"[""search""]",1.8749999850988388,0.0,0.5833333333333334,False,False,True
False,state_answers,4,state-r1-q093-t009,"['/data/zhaogangyi/picorer-eval/qwen36-v100-sufficiency-dynamics-20260912/probes-v2/84468dbbccb6/step-009/qwen-r1/native-s.request.json', '/data/zhaogangyi/picorer-eval/qwen36-v100-sufficiency-dynamics-20260912/probes-v2/84468dbbccb6/step-009/qwen-r2/native-s.request.json']",93,b02ecb4e335ea2d2ffa0cf3ebffa1399eaa81be5e01cfd1921f07206afc7fefe,agentmemorybench:fact-mh-262k:context-0/factconsolidation_mh_262k_no93,0.5,1,9,13,2,-0.1875,0.4532618480153861,0.125,11602.0,5,0.0,0.0,0.0,1.0,True,,,,,,,"[""read""]",0.4374999850988388,0.5,"[""search""]",-0.6249999850988388,0.0,0.6666666666666666,False,False,False
False,state_answers,4,state-r1-q093-t010,"['/data/zhaogangyi/picorer-eval/qwen36-v100-sufficiency-dynamics-20260912/probes-v2/84468dbbccb6/step-010/qwen-r1/native-s.request.json', '/data/zhaogangyi/picorer-eval/qwen36-v100-sufficiency-dynamics-20260912/probes-v2/84468dbbccb6/step-010/qwen-r2/native-s.request.json']",93,fc8abb852ef1eb7c21fc77964db1e5c55524aa9b5662b77481a5cee160a5cbf9,agentmemorybench:fact-mh-262k:context-0/factconsolidation_mh_262k_no93,0.5,1,10,13,2,3.125000014901161,0.9579122726851416,1.788139343261719e-07,17052.0,5,0.0,0.0,0.0,1.0,True,,,,,,,"[""search""]",-0.1875,0.5,"[""read""]",3.312500014901161,0.0,0.75,True,False,True
False,state_answers,4,state-r1-q093-t011,"['/data/zhaogangyi/picorer-eval/qwen36-v100-sufficiency-dynamics-20260912/probes-v2/84468dbbccb6/step-011/qwen-r1/native-s.request.json', '/data/zhaogangyi/picorer-eval/qwen36-v100-sufficiency-dynamics-20260912/probes-v2/84468dbbccb6/step-011/qwen-r2/native-s.request.json']",93,84bf309f829ec4fd57f8907e87cbdded6384eb99620a08393b9e6c56f6dcf249,agentmemorybench:fact-mh-262k:context-0/factconsolidation_mh_262k_no93,0.5,1,11,13,2,3.812500062398613,0.978384668556965,0.1249998938292265,12383.0,5,0.0,0.0,0.0,0.0,True,,,,,,,"[""read""]",3.125000014901161,0.5,"[""search""]",0.6875000474974517,0.0,0.8333333333333334,False,False,True
False,state_answers,4,state-r1-q093-t012,"['/data/zhaogangyi/picorer-eval/qwen36-v100-sufficiency-dynamics-20260912/probes-v2/84468dbbccb6/step-012/qwen-r1/native-s.request.json', '/data/zhaogangyi/picorer-eval/qwen36-v100-sufficiency-dynamics-20260912/probes-v2/84468dbbccb6/step-012/qwen-r2/native-s.request.json']",93,fa156dad83685c5d4a43c2dfde7a37e3fd1893147f7d5cc201b874722ac50aac,agentmemorybench:fact-mh-262k:context-0/factconsolidation_mh_262k_no93,0.5,1,12,13,2,4.250000094994903,0.9859363742739388,-2.346932888031006e-07,17946.0,5,0.0,0.0,0.0,1.0,True,,,,,,,"[""search""]",3.812500062398613,0.5,"[""read""]",0.43750003259628967,0.0,0.9166666666666666,True,False,True
False,state_answers,4,state-r1-q093-t013,"['/data/zhaogangyi/picorer-eval/qwen36-v100-sufficiency-dynamics-20260912/probes-v2/84468dbbccb6/step-013/qwen-r1/native-s.request.json', '/data/zhaogangyi/picorer-eval/qwen36-v100-sufficiency-dynamics-20260912/probes-v2/84468dbbccb6/step-013/qwen-r2/native-s.request.json']",93,b61dd7dee79cc103dab66e6c7f2f10e371618b32ce59b516215a698950771acf,agentmemorybench:fact-mh-262k:context-0/factconsolidation_mh_262k_no93,0.5,1,13,13,2,5.062499824678525,0.9937100967672888,0.1249998924322426,13515.0,5,0.0,0.0,0.0,1.0,True,,,,,,,"[""finish""]",4.250000094994903,0.5,"[""search""]",0.8124997296836227,0.0,1.0,False,False,True
False,state_answers,4,state-r2-q093-t002,"['/data/zhaogangyi/picorer-eval/qwen36-v100-sufficiency-dynamics-replicate-2-20260912/probes-v2/84468dbbccb6/step-002/qwen-r1/native-s.request.json', '/data/zhaogangyi/picorer-eval/qwen36-v100-sufficiency-dynamics-replicate-2-20260912/probes-v2/84468dbbccb6/step-002/qwen-r2/native-s.request.json']",93,a9f7ae7bf2901d8a23d2bf6a230439ef4c62039b9efb5bc1b89fa0c192e145b3,agentmemorybench:fact-mh-262k:context-0/factconsolidation_mh_262k_no93,0.0,2,2,4,2,1.1249999403953552,0.754914975839675,0.0,8979.0,5,0.0,0.0,0.0,0.0,True,,,,,,,"[""search""]",-4.437500040046871,0.0,"[""search""]",5.562499980442226,0.0,0.3333333333333333,False,False,True
False,state_answers,4,state-r2-q093-t003,"['/data/zhaogangyi/picorer-eval/qwen36-v100-sufficiency-dynamics-replicate-2-20260912/probes-v2/84468dbbccb6/step-003/qwen-r1/native-s.request.json', '/data/zhaogangyi/picorer-eval/qwen36-v100-sufficiency-dynamics-replicate-2-20260912/probes-v2/84468dbbccb6/step-003/qwen-r2/native-s.request.json']",93,0fb929912de11fc69e7b684bfc07d754a7d8034ddc4c1d0888f274a6f42c26b6,agentmemorybench:fact-mh-262k:context-0/factconsolidation_mh_262k_no93,0.0,2,3,4,2,1.25,0.7772998611746911,-5.960464477539064e-08,9436.0,5,0.0,0.0,0.0,0.0,True,,,,,,,"[""read""]",1.1249999403953552,0.0,"[""search""]",0.12500005960464478,0.0,0.6666666666666666,False,False,True
False,state_answers,4,state-r2-q093-t004,"['/data/zhaogangyi/picorer-eval/qwen36-v100-sufficiency-dynamics-replicate-2-20260912/probes-v2/84468dbbccb6/step-004/qwen-r1/native-s.request.json', '/data/zhaogangyi/picorer-eval/qwen36-v100-sufficiency-dynamics-replicate-2-20260912/probes-v2/84468dbbccb6/step-004/qwen-r2/native-s.request.json']",93,05c33f30a5ea23c88e941cd24b8941bcb9acd9c06e52105fd69d678e4b502168,agentmemorybench:fact-mh-262k:context-0/factconsolidation_mh_262k_no93,0.0,2,4,4,2,6.874999941559508,0.9989677689029832,0.0,19469.0,5,0.0,0.0,0.0,0.0,True,,,,,,,"[""finish""]",1.25,0.0,"[""read""]",5.624999941559508,0.0,1.0,True,False,True
False,state_answers,4,state-r3-q093-t002,"['/data/zhaogangyi/picorer-eval/qwen36-v100-sufficiency-dynamics-replicate-3-20260912/probes-v2/84468dbbccb6/step-002/qwen-r1/native-s.request.json', '/data/zhaogangyi/picorer-eval/qwen36-v100-sufficiency-dynamics-replicate-3-20260912/probes-v2/84468dbbccb6/step-002/qwen-r2/native-s.request.json']",93,565b155447a3156e6d4e65a0f93f8882291b243f2c4819f9c9aa19bcafd8eb94,agentmemorybench:fact-mh-262k:context-0/factconsolidation_mh_262k_no93,0.0,3,2,8,2,1.3124999701976776,0.787931190663057,-0.125,9024.0,5,0.0,0.0,0.0,0.0,True,,,,,,,"[""read""]",-4.5624999566935,0.0,"[""search""]",5.874999926891178,0.0,0.14285714285714285,False,False,True
False,state_answers,4,state-r3-q093-t003,"['/data/zhaogangyi/picorer-eval/qwen36-v100-sufficiency-dynamics-replicate-3-20260912/probes-v2/84468dbbccb6/step-003/qwen-r1/native-s.request.json', '/data/zhaogangyi/picorer-eval/qwen36-v100-sufficiency-dynamics-replicate-3-20260912/probes-v2/84468dbbccb6/step-003/qwen-r2/native-s.request.json']",93,22def3c3c9f9a8b44c5740781925cdfd4a6de634941b1fa629a14471e763842c,agentmemorybench:fact-mh-262k:context-0/factconsolidation_mh_262k_no93,0.25,3,3,8,2,1.9374999329447744,0.8740772277843522,0.1250000447034835,19147.0,5,0.0,0.0,0.0,2.0,True,,,,,,,"[""search""]",1.3124999701976776,0.0,"[""read""]",0.6249999627470968,0.25,0.2857142857142857,True,True,True
False,state_answers,4,state-r3-q093-t004,"['/data/zhaogangyi/picorer-eval/qwen36-v100-sufficiency-dynamics-replicate-3-20260912/probes-v2/84468dbbccb6/step-004/qwen-r1/native-s.request.json', '/data/zhaogangyi/picorer-eval/qwen36-v100-sufficiency-dynamics-replicate-3-20260912/probes-v2/84468dbbccb6/step-004/qwen-r2/native-s.request.json']",93,f41acdf0103a4359c9058125a2e8aca30bf46cebb729d485f9ae9de55a4a3c33,agentmemorybench:fact-mh-262k:context-0/factconsolidation_mh_262k_no93,0.25,3,4,8,2,-0.1875,0.4532618480153861,0.125,9528.0,5,0.0,0.0,0.0,1.0,True,,,,,,,"[""read""]",1.9374999329447744,0.25,"[""search""]",-2.1249999329447746,0.0,0.42857142857142855,False,False,False
False,state_answers,4,state-r3-q093-t005,"['/data/zhaogangyi/picorer-eval/qwen36-v100-sufficiency-dynamics-replicate-3-20260912/probes-v2/84468dbbccb6/step-005/qwen-r1/native-s.request.json', '/data/zhaogangyi/picorer-eval/qwen36-v100-sufficiency-dynamics-replicate-3-20260912/probes-v2/84468dbbccb6/step-005/qwen-r2/native-s.request.json']",93,118fa57b30270f568297dc734fcb499e99fbdfd2c8f3f13a828f5a4473cc1aec,agentmemorybench:fact-mh-262k:context-0/factconsolidation_mh_262k_no93,0.5,3,5,8,2,0.8125000149011612,0.6926419863070303,0.1249999105930328,19986.0,5,0.0,0.0,0.0,2.0,True,,,,,,,"[""search""]",-0.1875,0.25,"[""read""]",1.0000000149011612,0.25,0.5714285714285714,True,True,True
False,state_answers,4,state-r3-q093-t006,"['/data/zhaogangyi/picorer-eval/qwen36-v100-sufficiency-dynamics-replicate-3-20260912/probes-v2/84468dbbccb6/step-006/qwen-r1/native-s.request.json', '/data/zhaogangyi/picorer-eval/qwen36-v100-sufficiency-dynamics-replicate-3-20260912/probes-v2/84468dbbccb6/step-006/qwen-r2/native-s.request.json']",93,14a644b8aeec4533cbb10ff283902d367275b8b4a87ca131427d2e73f58e23f4,agentmemorybench:fact-mh-262k:context-0/factconsolidation_mh_262k_no93,0.5,3,6,8,2,0.875,0.7057850278370112,5.960464477539064e-08,9980.0,5,0.0,0.0,0.0,3.0,True,,,,,,,"[""search""]",0.8125000149011612,0.5,"[""search""]",0.062499985098838806,0.0,0.7142857142857143,False,False,True
False,state_answers,4,state-r3-q093-t007,"['/data/zhaogangyi/picorer-eval/qwen36-v100-sufficiency-dynamics-replicate-3-20260912/probes-v2/84468dbbccb6/step-007/qwen-r1/native-s.request.json', '/data/zhaogangyi/picorer-eval/qwen36-v100-sufficiency-dynamics-replicate-3-20260912/probes-v2/84468dbbccb6/step-007/qwen-r2/native-s.request.json']",93,eeda4620881219fee202c893c97221604714ebf5664afa11b0b124bfe813aa42,agentmemorybench:fact-mh-262k:context-0/factconsolidation_mh_262k_no93,0.5,3,7,8,2,1.3124999850988388,0.7879311931529758,-0.1249999701976776,10395.0,5,0.0,0.0,0.0,1.0,True,,,,,,,"[""read""]",0.875,0.5,"[""search""]",0.4374999850988388,0.0,0.8571428571428571,False,False,True
False,state_answers,4,state-r3-q093-t008,"['/data/zhaogangyi/picorer-eval/qwen36-v100-sufficiency-dynamics-replicate-3-20260912/probes-v2/84468dbbccb6/step-008/qwen-r1/native-s.request.json', '/data/zhaogangyi/picorer-eval/qwen36-v100-sufficiency-dynamics-replicate-3-20260912/probes-v2/84468dbbccb6/step-008/qwen-r2/native-s.request.json']",93,f9b5ee707cffb4e02ccc30c4cbd7400b60e1af60266d5d5ff4b926627ebaedfa,agentmemorybench:fact-mh-262k:context-0/factconsolidation_mh_262k_no93,0.5,3,8,8,2,3.750000041909516,0.9770226310308182,1.5087425708770752e-07,21013.0,5,0.0,0.0,0.0,1.0,True,,,,,,,"[""finish""]",1.3124999850988388,0.5,"[""read""]",2.437500056810677,0.0,1.0,True,False,True
False,state_answers,2,state-r1-q094-t002,"['/data/zhaogangyi/picorer-eval/qwen36-v100-sufficiency-dynamics-20260912/probes-v2/4e1c0b9afac1/step-002/qwen-r1/native-s.request.json', '/data/zhaogangyi/picorer-eval/qwen36-v100-sufficiency-dynamics-20260912/probes-v2/4e1c0b9afac1/step-002/qwen-r2/native-s.request.json']",94,1ae3592cee48d692feeced5fe2bd39fe306dfdfeeedb4a61f0941d76fab94ba5,agentmemorybench:fact-mh-262k:context-0/factconsolidation_mh_262k_no94,0.0,1,2,4,2,2.687500050291419,0.936285008748189,0.1249999068677425,8955.0,5,0.0,0.0,0.0,0.0,True,,,,,,,"[""read"",""search""]",-3.7500000689178705,0.0,"[""search""]",6.4375001192092896,0.0,0.3333333333333333,False,False,True
False,state_answers,2,state-r1-q094-t003,"['/data/zhaogangyi/picorer-eval/qwen36-v100-sufficiency-dynamics-20260912/probes-v2/4e1c0b9afac1/step-003/qwen-r1/native-s.request.json', '/data/zhaogangyi/picorer-eval/qwen36-v100-sufficiency-dynamics-20260912/probes-v2/4e1c0b9afac1/step-003/qwen-r2/native-s.request.json']",94,b36e561f343ccb11a88a015827ba209ac1bff96623b263832816613b3eebbc26,agentmemorybench:fact-mh-262k:context-0/factconsolidation_mh_262k_no94,0.5,1,3,4,2,2.937500048428774,0.9496693697172954,0.1249999329447746,19533.0,5,0.0,0.0,0.0,0.0,True,,,,,,,"[""read""]",2.687500050291419,0.0,"[""read"",""search""]",0.24999999813735485,0.5,0.6666666666666666,True,True,True
False,state_answers,2,state-r1-q094-t004,"['/data/zhaogangyi/picorer-eval/qwen36-v100-sufficiency-dynamics-20260912/probes-v2/4e1c0b9afac1/step-004/qwen-r1/native-s.request.json', '/data/zhaogangyi/picorer-eval/qwen36-v100-sufficiency-dynamics-20260912/probes-v2/4e1c0b9afac1/step-004/qwen-r2/native-s.request.json']",94,48ad10debd846e8e6ffd46f1ef34a14cc30fc4f7c5bb83db3f27fd14304706f5,agentmemorybench:fact-mh-262k:context-0/factconsolidation_mh_262k_no94,1.0,1,4,4,2,7.374999839405064,0.9993736657413675,0.0,24983.0,5,1.0,1.0,1.0,0.0,True,,,,,,,"[""finish""]",2.937500048428774,0.5,"[""read""]",4.4374997909762905,0.5,1.0,True,True,True
False,state_answers,2,state-r2-q094-t002,"['/data/zhaogangyi/picorer-eval/qwen36-v100-sufficiency-dynamics-replicate-2-20260912/probes-v2/4e1c0b9afac1/step-002/qwen-r1/native-s.request.json', '/data/zhaogangyi/picorer-eval/qwen36-v100-sufficiency-dynamics-replicate-2-20260912/probes-v2/4e1c0b9afac1/step-002/qwen-r2/native-s.request.json']",94,540fbfd1f0758be15e84116fbbed1bdd03059fabab1b968195c1c638bed90bec,agentmemorybench:fact-mh-262k:context-0/factconsolidation_mh_262k_no94,0.0,2,2,4,2,3.250000022351742,0.9626731134590488,-1.4901161193847656e-07,8946.0,5,0.0,0.0,0.0,0.0,True,,,,,,,"[""search""]",-3.7500000689178705,0.0,"[""search""]",7.000000091269612,0.0,0.3333333333333333,False,False,True
False,state_answers,2,state-r2-q094-t003,"['/data/zhaogangyi/picorer-eval/qwen36-v100-sufficiency-dynamics-replicate-2-20260912/probes-v2/4e1c0b9afac1/step-003/qwen-r1/native-s.request.json', '/data/zhaogangyi/picorer-eval/qwen36-v100-sufficiency-dynamics-replicate-2-20260912/probes-v2/4e1c0b9afac1/step-003/qwen-r2/native-s.request.json']",94,bf39c2b5a9987fe78092f2c95779f79f69c98ac1ec1b74e236a9b365811f6536,agentmemorybench:fact-mh-262k:context-0/factconsolidation_mh_262k_no94,0.0,2,3,4,2,1.2500000149011612,0.7772998637541535,-2.9802322387695312e-08,9154.0,5,0.0,0.0,0.0,0.0,True,,,,,,,"[""read""]",3.250000022351742,0.0,"[""search""]",-2.0000000074505806,0.0,0.6666666666666666,False,False,False
False,state_answers,2,state-r2-q094-t004,"['/data/zhaogangyi/picorer-eval/qwen36-v100-sufficiency-dynamics-replicate-2-20260912/probes-v2/4e1c0b9afac1/step-004/qwen-r1/native-s.request.json', '/data/zhaogangyi/picorer-eval/qwen36-v100-sufficiency-dynamics-replicate-2-20260912/probes-v2/4e1c0b9afac1/step-004/qwen-r2/native-s.request.json']",94,4ada5c9c6c722111509cebeb7b5b288980f2d6caf58a47a63852eecb13df1564,agentmemorybench:fact-mh-262k:context-0/factconsolidation_mh_262k_no94,1.0,2,4,4,2,7.24999984409078,0.9992903294903338,0.2499999912106432,24804.0,5,1.0,1.0,1.0,0.0,True,,,,,,,"[""finish""]",1.2500000149011612,0.0,"[""read""]",5.999999829189619,1.0,1.0,True,True,True
False,state_answers,2,state-r3-q094-t002,"['/data/zhaogangyi/picorer-eval/qwen36-v100-sufficiency-dynamics-replicate-3-20260912/probes-v2/4e1c0b9afac1/step-002/qwen-r1/native-s.request.json', '/data/zhaogangyi/picorer-eval/qwen36-v100-sufficiency-dynamics-replicate-3-20260912/probes-v2/4e1c0b9afac1/step-002/qwen-r2/native-s.request.json']",94,75842e481afeb743fe5781dbe941fe78ec63d634e202e7011fa24ba445d42141,agentmemorybench:fact-mh-262k:context-0/factconsolidation_mh_262k_no94,0.0,3,2,5,2,3.125000022351742,0.9579122729855218,-1.4901161193847656e-07,8954.0,5,0.0,0.0,0.0,0.0,True,,,,,,,"[""read""]",-3.7500000335276127,0.0,"[""search""]",6.8750000558793545,0.0,0.25,False,False,True
False,state_answers,2,state-r3-q094-t003,"['/data/zhaogangyi/picorer-eval/qwen36-v100-sufficiency-dynamics-replicate-3-20260912/probes-v2/4e1c0b9afac1/step-003/qwen-r1/native-s.request.json', '/data/zhaogangyi/picorer-eval/qwen36-v100-sufficiency-dynamics-replicate-3-20260912/probes-v2/4e1c0b9afac1/step-003/qwen-r2/native-s.request.json']",94,2467b5eeaffb648eb2631cc5747f6f22cb81ea8d0fddbfe07a5c22f621167866,agentmemorybench:fact-mh-262k:context-0/factconsolidation_mh_262k_no94,0.5,3,3,5,2,1.8124999850988388,0.8596637487122111,-0.1250000894069671,14368.0,5,0.0,0.0,0.0,1.0,True,,,,,,,"[""search""]",3.125000022351742,0.0,"[""read""]",-1.312500037252903,0.5,0.5,True,True,False
False,state_answers,2,state-r3-q094-t004,"['/data/zhaogangyi/picorer-eval/qwen36-v100-sufficiency-dynamics-replicate-3-20260912/probes-v2/4e1c0b9afac1/step-004/qwen-r1/native-s.request.json', '/data/zhaogangyi/picorer-eval/qwen36-v100-sufficiency-dynamics-replicate-3-20260912/probes-v2/4e1c0b9afac1/step-004/qwen-r2/native-s.request.json']",94,30ae5824efbc1060ae80d0673a3de6ce06f62290ff10b2a33250e47b20aac7aa,agentmemorybench:fact-mh-262k:context-0/factconsolidation_mh_262k_no94,0.5,3,4,5,2,2.999999998137355,0.952574126738285,1.1175870895385742e-08,9384.0,5,0.0,0.0,0.0,2.0,True,,,,,,,"[""read""]",1.8124999850988388,0.5,"[""search""]",1.187500013038516,0.0,0.75,False,False,True
False,state_answers,2,state-r3-q094-t005,"['/data/zhaogangyi/picorer-eval/qwen36-v100-sufficiency-dynamics-replicate-3-20260912/probes-v2/4e1c0b9afac1/step-005/qwen-r1/native-s.request.json', '/data/zhaogangyi/picorer-eval/qwen36-v100-sufficiency-dynamics-replicate-3-20260912/probes-v2/4e1c0b9afac1/step-005/qwen-r2/native-s.request.json']",94,a012a66b3597c1902fb595a83c944756a9d7df3e321d4133b3512833024c7d9b,agentmemorybench:fact-mh-262k:context-0/factconsolidation_mh_262k_no94,1.0,3,5,5,2,5.999999834340997,0.9975273764347656,0.2499998786952346,25320.0,5,1.0,1.0,1.0,0.0,True,,,,,,,"[""finish""]",2.999999998137355,0.5,"[""read""]",2.999999836203642,0.5,1.0,True,True,True
False,state_answers,2,state-r1-q095-t002,"['/data/zhaogangyi/picorer-eval/qwen36-v100-sufficiency-dynamics-20260912/probes-v2/35078f38c0ec/step-002/qwen-r1/native-s.request.json', '/data/zhaogangyi/picorer-eval/qwen36-v100-sufficiency-dynamics-20260912/probes-v2/35078f38c0ec/step-002/qwen-r2/native-s.request.json']",95,ab10ac12380dc3d305b9b05bfc98e730a2e8257d09b9f60a28e8ffd41522d2c7,agentmemorybench:fact-mh-262k:context-0/factconsolidation_mh_262k_no95,0.0,1,2,5,2,-1.4375000223517418,0.1919327829806025,0.1249999850988388,8957.0,5,0.0,0.0,0.0,0.0,True,,,,,,,"[""read""]",-5.2500001774169505,0.0,"[""search""]",3.8125001550652087,0.0,0.25,False,False,True
False,state_answers,2,state-r1-q095-t003,"['/data/zhaogangyi/picorer-eval/qwen36-v100-sufficiency-dynamics-20260912/probes-v2/35078f38c0ec/step-003/qwen-r1/native-s.request.json', '/data/zhaogangyi/picorer-eval/qwen36-v100-sufficiency-dynamics-20260912/probes-v2/35078f38c0ec/step-003/qwen-r2/native-s.request.json']",95,b19c8bfb310ca16b2485111a88b2ebe921bd45d8a3291b1d0fcc7395c73e3c11,agentmemorybench:fact-mh-262k:context-0/factconsolidation_mh_262k_no95,0.5,1,3,5,2,3.812499964609742,0.9783846664889152,-0.1250000856816768,13958.0,5,0.0,0.0,0.0,0.0,True,,,,,,,"[""search""]",-1.4375000223517418,0.0,"[""read""]",5.249999986961484,0.5,0.5,True,True,True
False,state_answers,2,state-r1-q095-t004,"['/data/zhaogangyi/picorer-eval/qwen36-v100-sufficiency-dynamics-20260912/probes-v2/35078f38c0ec/step-004/qwen-r1/native-s.request.json', '/data/zhaogangyi/picorer-eval/qwen36-v100-sufficiency-dynamics-20260912/probes-v2/35078f38c0ec/step-004/qwen-r2/native-s.request.json']",95,907299a39506edca64b8c3fe886028f62702fa65960fb6ff4dbfa47e246bf800,agentmemorybench:fact-mh-262k:context-0/factconsolidation_mh_262k_no95,0.5,1,4,5,2,3.0625000074505806,0.955319130045374,0.1250000670552253,9320.0,5,0.0,0.0,0.0,1.0,True,,,,,,,"[""read""]",3.812499964609742,0.5,"[""search""]",-0.7499999571591616,0.0,0.75,False,False,False
False,state_answers,2,state-r1-q095-t005,"['/data/zhaogangyi/picorer-eval/qwen36-v100-sufficiency-dynamics-20260912/probes-v2/35078f38c0ec/step-005/qwen-r1/native-s.request.json', '/data/zhaogangyi/picorer-eval/qwen36-v100-sufficiency-dynamics-20260912/probes-v2/35078f38c0ec/step-005/qwen-r2/native-s.request.json']",95,aaa68d706e1c52e1981c61eb441963d2d475411f0429396fa646146e7e7451d3,agentmemorybench:fact-mh-262k:context-0/factconsolidation_mh_262k_no95,0.5,1,5,5,2,6.687499890162144,0.9987551565613508,0.1250001623993739,19975.0,5,0.0,0.0,0.0,0.0,True,,,,,,,"[""finish""]",3.0625000074505806,0.5,"[""read""]",3.6249998827115633,0.0,1.0,True,False,True
False,state_answers,2,state-r2-q095-t002,"['/data/zhaogangyi/picorer-eval/qwen36-v100-sufficiency-dynamics-replicate-2-20260912/probes-v2/35078f38c0ec/step-002/qwen-r1/native-s.request.json', '/data/zhaogangyi/picorer-eval/qwen36-v100-sufficiency-dynamics-replicate-2-20260912/probes-v2/35078f38c0ec/step-002/qwen-r2/native-s.request.json']",95,ee0b72279589c73ce5517f2ce434babe691e24c6e4d73f20284c5d81c7b1fbaf,agentmemorybench:fact-mh-262k:context-0/factconsolidation_mh_262k_no95,0.0,2,2,13,2,-1.3124999776482582,0.2120688080919836,-0.1250000745058059,9015.0,5,0.0,0.0,0.0,0.0,True,,,,,,,"[""read""]",-5.374999989988282,0.0,"[""search""]",4.062500012340024,0.0,0.08333333333333333,False,False,True
False,state_answers,2,state-r2-q095-t003,"['/data/zhaogangyi/picorer-eval/qwen36-v100-sufficiency-dynamics-replicate-2-20260912/probes-v2/35078f38c0ec/step-003/qwen-r1/native-s.request.json', '/data/zhaogangyi/picorer-eval/qwen36-v100-sufficiency-dynamics-replicate-2-20260912/probes-v2/35078f38c0ec/step-003/qwen-r2/native-s.request.json']",95,0a4f8d58f149e51a5a234659d287faf7bafe69d90b17c80e5d5d20f926a5af78,agentmemorybench:fact-mh-262k:context-0/factconsolidation_mh_262k_no95,0.5,2,3,13,2,6.312500013969839,0.99818978899904,0.1249995848629623,19010.0,5,0.0,0.0,0.0,0.0,True,,,,,,,"[""search""]",-1.3124999776482582,0.0,"[""read""]",7.624999991618097,0.5,0.16666666666666666,True,True,True
False,state_answers,2,state-r2-q095-t004,"['/data/zhaogangyi/picorer-eval/qwen36-v100-sufficiency-dynamics-replicate-2-20260912/probes-v2/35078f38c0ec/step-004/qwen-r1/native-s.request.json', '/data/zhaogangyi/picorer-eval/qwen36-v100-sufficiency-dynamics-replicate-2-20260912/probes-v2/35078f38c0ec/step-004/qwen-r2/native-s.request.json']",95,ac455a7e40d581632ff400b3f00343b7186661602cac57f3a13b29e47892733c,agentmemorybench:fact-mh-262k:context-0/factconsolidation_mh_262k_no95,0.5,2,4,13,2,3.124999925494194,0.9579122690805788,-5.960464477539064e-08,9539.0,5,0.0,0.0,0.0,1.0,True,,,,,,,"[""search""]",6.312500013969839,0.5,"[""search""]",-3.1875000884756446,0.0,0.25,False,False,False
False,state_answers,2,state-r2-q095-t005,"['/data/zhaogangyi/picorer-eval/qwen36-v100-sufficiency-dynamics-replicate-2-20260912/probes-v2/35078f38c0ec/step-005/qwen-r1/native-s.request.json', '/data/zhaogangyi/picorer-eval/qwen36-v100-sufficiency-dynamics-replicate-2-20260912/probes-v2/35078f38c0ec/step-005/qwen-r2/native-s.request.json']",95,d6c0d5b13799cc988d7dda72306e090142186147499dfd4342a40d48d2bd9520,agentmemorybench:fact-mh-262k:context-0/factconsolidation_mh_262k_no95,0.5,2,5,13,2,0.7500000149011612,0.6791787024222814,2.9802322387695312e-08,10450.0,5,0.0,0.0,0.0,1.0,True,,,,,,,"[""search""]",3.124999925494194,0.5,"[""search""]",-2.374999910593033,0.0,0.3333333333333333,False,False,False
False,state_answers,2,state-r2-q095-t006,"['/data/zhaogangyi/picorer-eval/qwen36-v100-sufficiency-dynamics-replicate-2-20260912/probes-v2/35078f38c0ec/step-006/qwen-r1/native-s.request.json', '/data/zhaogangyi/picorer-eval/qwen36-v100-sufficiency-dynamics-replicate-2-20260912/probes-v2/35078f38c0ec/step-006/qwen-r2/native-s.request.json']",95,ba8973c7521fdb2d7fe90339beba51b0cf50f719ea90e965ef4aeb0c3541223b,agentmemorybench:fact-mh-262k:context-0/factconsolidation_mh_262k_no95,0.5,2,6,13,2,-0.375,0.4073334000459302,0.25,11083.0,5,0.0,0.0,0.0,0.0,True,,,,,,,"[""search""]",0.7500000149011612,0.5,"[""search""]",-1.1250000149011612,0.0,0.4166666666666667,False,False,False
False,state_answers,2,state-r2-q095-t007,"['/data/zhaogangyi/picorer-eval/qwen36-v100-sufficiency-dynamics-replicate-2-20260912/probes-v2/35078f38c0ec/step-007/qwen-r1/native-s.request.json', '/data/zhaogangyi/picorer-eval/qwen36-v100-sufficiency-dynamics-replicate-2-20260912/probes-v2/35078f38c0ec/step-007/qwen-r2/native-s.request.json']",95,457e350bb2591816f4ab8b5735ff1ddacf364815fa1f4c2ea22106d8c5bd19de,agentmemorybench:fact-mh-262k:context-0/factconsolidation_mh_262k_no95,0.5,2,7,13,2,0.5625,0.6370307944803831,-0.1249999403953552,11582.0,5,0.0,0.0,0.0,0.0,True,,,,,,,"[""search""]",-0.375,0.5,"[""search""]",0.9375,0.0,0.5,False,False,True
False,state_answers,2,state-r2-q095-t008,"['/data/zhaogangyi/picorer-eval/qwen36-v100-sufficiency-dynamics-replicate-2-20260912/probes-v2/35078f38c0ec/step-008/qwen-r1/native-s.request.json', '/data/zhaogangyi/picorer-eval/qwen36-v100-sufficiency-dynamics-replicate-2-20260912/probes-v2/35078f38c0ec/step-008/qwen-r2/native-s.request.json']",95,bb8be24edda0010284b4bb4674d9aae6e1adf1a2066909d34adb124b85427f49,agentmemorybench:fact-mh-262k:context-0/factconsolidation_mh_262k_no95,0.5,2,8,13,2,2.062499947845936,0.8872045884979137,0.1249998956918716,12146.0,5,0.0,0.0,0.0,0.0,True,,,,,,,"[""read""]",0.5625,0.5,"[""search""]",1.4999999478459358,0.0,0.5833333333333334,False,False,True
False,state_answers,2,state-r2-q095-t009,"['/data/zhaogangyi/picorer-eval/qwen36-v100-sufficiency-dynamics-replicate-2-20260912/probes-v2/35078f38c0ec/step-009/qwen-r1/native-s.request.json', '/data/zhaogangyi/picorer-eval/qwen36-v100-sufficiency-dynamics-replicate-2-20260912/probes-v2/35078f38c0ec/step-009/qwen-r2/native-s.request.json']",95,58570ca73900907528062b16b0d07d7e6d3f56d30c6b537f892bc83b2b6f050d,agentmemorybench:fact-mh-262k:context-0/factconsolidation_mh_262k_no95,0.5,2,9,13,2,2.249999910593033,0.904650527388829,0.0,18200.0,5,0.0,0.0,0.0,0.0,True,,,,,,,"[""search""]",2.062499947845936,0.5,"[""read""]",0.18749996274709702,0.0,0.6666666666666666,True,False,True
False,state_answers,2,state-r2-q095-t010,"['/data/zhaogangyi/picorer-eval/qwen36-v100-sufficiency-dynamics-replicate-2-20260912/probes-v2/35078f38c0ec/step-010/qwen-r1/native-s.request.json', '/data/zhaogangyi/picorer-eval/qwen36-v100-sufficiency-dynamics-replicate-2-20260912/probes-v2/35078f38c0ec/step-010/qwen-r2/native-s.request.json']",95,1237b0bbc16ac23fe00e40877535152f427fd9320c9ced8aef4509f7de34f0f1,agentmemorybench:fact-mh-262k:context-0/factconsolidation_mh_262k_no95,0.5,2,10,13,2,2.3124999552965164,0.9099070023734244,0.1249999403953552,13359.0,5,0.0,0.0,0.0,1.0,True,,,,,,,"[""read""]",2.249999910593033,0.5,"[""search""]",0.06250004470348358,0.0,0.75,False,False,True
False,state_answers,2,state-r2-q095-t011,"['/data/zhaogangyi/picorer-eval/qwen36-v100-sufficiency-dynamics-replicate-2-20260912/probes-v2/35078f38c0ec/step-011/qwen-r1/native-s.request.json', '/data/zhaogangyi/picorer-eval/qwen36-v100-sufficiency-dynamics-replicate-2-20260912/probes-v2/35078f38c0ec/step-011/qwen-r2/native-s.request.json']",95,bfe1fe7b18e56ba7e29ee13d444d8b61f83358227e943d927fd2c88f3f1d1921,agentmemorybench:fact-mh-262k:context-0/factconsolidation_mh_262k_no95,1.0,2,11,13,2,2.0,0.8807970779778823,-2.9802322387695312e-08,18975.0,5,1.0,1.0,1.0,0.0,True,,,,,,,"[""search""]",2.3124999552965164,0.5,"[""read""]",-0.3124999552965164,0.5,0.8333333333333334,True,True,False
False,state_answers,2,state-r2-q095-t012,"['/data/zhaogangyi/picorer-eval/qwen36-v100-sufficiency-dynamics-replicate-2-20260912/probes-v2/35078f38c0ec/step-012/qwen-r1/native-s.request.json', '/data/zhaogangyi/picorer-eval/qwen36-v100-sufficiency-dynamics-replicate-2-20260912/probes-v2/35078f38c0ec/step-012/qwen-r2/native-s.request.json']",95,3c37f6ab829dd2f3aec639b9ecd0435a61746bf442a91577510856240d63750f,agentmemorybench:fact-mh-262k:context-0/factconsolidation_mh_262k_no95,1.0,2,12,13,2,0.5624999850988388,0.6370307910348985,0.1249999701976776,14407.0,5,1.0,1.0,1.0,0.0,True,,,,,,,"[""search""]",2.0,1.0,"[""search""]",-1.4375000149011612,0.0,0.9166666666666666,False,False,False
False,state_answers,2,state-r2-q095-t013,"['/data/zhaogangyi/picorer-eval/qwen36-v100-sufficiency-dynamics-replicate-2-20260912/probes-v2/35078f38c0ec/step-013/qwen-r1/native-s.request.json', '/data/zhaogangyi/picorer-eval/qwen36-v100-sufficiency-dynamics-replicate-2-20260912/probes-v2/35078f38c0ec/step-013/qwen-r2/native-s.request.json']",95,bf84d1eba1d771df3f6ec16e845c92e752d76669d1ebacd196cbc74d67cb571b,agentmemorybench:fact-mh-262k:context-0/factconsolidation_mh_262k_no95,1.0,2,13,13,2,0.6250000149011612,0.6513548680499843,2.9802322387695312e-08,10206.0,5,1.0,1.0,1.0,0.0,True,,,,,,,"[""finish""]",0.5624999850988388,1.0,"[""search""]",0.06250002980232239,0.0,1.0,False,False,True
False,state_answers,2,state-r3-q095-t002,"['/data/zhaogangyi/picorer-eval/qwen36-v100-sufficiency-dynamics-replicate-3-20260912/probes-v2/35078f38c0ec/step-002/qwen-r1/native-s.request.json', '/data/zhaogangyi/picorer-eval/qwen36-v100-sufficiency-dynamics-replicate-3-20260912/probes-v2/35078f38c0ec/step-002/qwen-r2/native-s.request.json']",95,8e2f07813a9b422fcd1e537e65b2c22a7dc9492b8f3563c920d74a8bf5988d89,agentmemorybench:fact-mh-262k:context-0/factconsolidation_mh_262k_no95,0.0,3,2,8,2,-1.6250000223517418,0.1645164598242984,-0.249999925494194,9030.0,5,0.0,0.0,0.0,0.0,True,,,,,,,"[""read""]",-5.3750000898726285,0.0,"[""search""]",3.7500000675208867,0.0,0.14285714285714285,False,False,True
False,state_answers,2,state-r3-q095-t003,"['/data/zhaogangyi/picorer-eval/qwen36-v100-sufficiency-dynamics-replicate-3-20260912/probes-v2/35078f38c0ec/step-003/qwen-r1/native-s.request.json', '/data/zhaogangyi/picorer-eval/qwen36-v100-sufficiency-dynamics-replicate-3-20260912/probes-v2/35078f38c0ec/step-003/qwen-r2/native-s.request.json']",95,3ee66af6d11672561a63a15979a76d31a8a4e6a2b57753a8591c4dbd600c7270,agentmemorybench:fact-mh-262k:context-0/factconsolidation_mh_262k_no95,0.5,3,3,8,2,3.4374999860301614,0.968856169043697,0.1249998454004526,14022.0,5,0.0,0.0,0.0,1.0,True,,,,,,,"[""search""]",-1.6250000223517418,0.0,"[""read""]",5.062500008381903,0.5,0.2857142857142857,True,True,True
False,state_answers,2,state-r3-q095-t004,"['/data/zhaogangyi/picorer-eval/qwen36-v100-sufficiency-dynamics-replicate-3-20260912/probes-v2/35078f38c0ec/step-004/qwen-r1/native-s.request.json', '/data/zhaogangyi/picorer-eval/qwen36-v100-sufficiency-dynamics-replicate-3-20260912/probes-v2/35078f38c0ec/step-004/qwen-r2/native-s.request.json']",95,4d725559207934c8b5c9682da0083f04a40853b977e3ad724ea071da413633c0,agentmemorybench:fact-mh-262k:context-0/factconsolidation_mh_262k_no95,0.5,3,4,8,2,1.3124999701976776,0.787931190663057,-0.1250000596046447,9289.0,5,0.0,0.0,0.0,1.0,True,,,,,,,"[""search""]",3.4374999860301614,0.5,"[""search""]",-2.1250000158324838,0.0,0.42857142857142855,False,False,False
False,state_answers,2,state-r3-q095-t005,"['/data/zhaogangyi/picorer-eval/qwen36-v100-sufficiency-dynamics-replicate-3-20260912/probes-v2/35078f38c0ec/step-005/qwen-r1/native-s.request.json', '/data/zhaogangyi/picorer-eval/qwen36-v100-sufficiency-dynamics-replicate-3-20260912/probes-v2/35078f38c0ec/step-005/qwen-r2/native-s.request.json']",95,a1899e4cec441afa815397cdae00d00c4a17452d34aabe11b40e08cc34b1340f,agentmemorybench:fact-mh-262k:context-0/factconsolidation_mh_262k_no95,0.5,3,5,8,2,1.1875000149011612,0.7662936457545743,0.1249999701976776,9510.0,5,0.0,0.0,0.0,2.0,True,,,,,,,"[""search""]",1.3124999701976776,0.5,"[""search""]",-0.12499995529651642,0.0,0.5714285714285714,False,False,False
False,state_answers,2,state-r3-q095-t006,"['/data/zhaogangyi/picorer-eval/qwen36-v100-sufficiency-dynamics-replicate-3-20260912/probes-v2/35078f38c0ec/step-006/qwen-r1/native-s.request.json', '/data/zhaogangyi/picorer-eval/qwen36-v100-sufficiency-dynamics-replicate-3-20260912/probes-v2/35078f38c0ec/step-006/qwen-r2/native-s.request.json']",95,517e0956ac07e9c0ab171d8ee022b43f5572fde884c3edfb56bce8d6534ad037,agentmemorybench:fact-mh-262k:context-0/factconsolidation_mh_262k_no95,0.5,3,6,8,2,-0.375,0.4073334000459302,0.0,9883.0,5,0.0,0.0,0.0,1.0,True,,,,,,,"[""search""]",1.1875000149011612,0.5,"[""search""]",-1.5625000149011612,0.0,0.7142857142857143,False,False,False
False,state_answers,2,state-r3-q095-t007,"['/data/zhaogangyi/picorer-eval/qwen36-v100-sufficiency-dynamics-replicate-3-20260912/probes-v2/35078f38c0ec/step-007/qwen-r1/native-s.request.json', '/data/zhaogangyi/picorer-eval/qwen36-v100-sufficiency-dynamics-replicate-3-20260912/probes-v2/35078f38c0ec/step-007/qwen-r2/native-s.request.json']",95,39a939a3bcf1ec02e378ad46bb0d8fb6edc16d596b785a3be157f6711c9a79bd,agentmemorybench:fact-mh-262k:context-0/factconsolidation_mh_262k_no95,0.5,3,7,8,2,-0.125,0.4687906266262437,0.25,10255.0,5,0.0,0.0,0.0,2.0,True,,,,,,,"[""read""]",-0.375,0.5,"[""search""]",0.25,0.0,0.8571428571428571,False,False,True
False,state_answers,2,state-r3-q095-t008,"['/data/zhaogangyi/picorer-eval/qwen36-v100-sufficiency-dynamics-replicate-3-20260912/probes-v2/35078f38c0ec/step-008/qwen-r1/native-s.request.json', '/data/zhaogangyi/picorer-eval/qwen36-v100-sufficiency-dynamics-replicate-3-20260912/probes-v2/35078f38c0ec/step-008/qwen-r2/native-s.request.json']",95,c5165c15b608e12f129d62364930616204dca6c2e738785b0dda68ba5b7d963a,agentmemorybench:fact-mh-262k:context-0/factconsolidation_mh_262k_no95,0.5,3,8,8,2,4.312500088475645,0.9867771794021232,-0.1249998323619365,25657.0,5,0.0,0.0,0.0,0.0,True,,,,,,,"[""finish""]",-0.125,0.5,"[""read""]",4.437500088475645,0.0,1.0,True,False,True
False,state_answers,2,state-r1-q097-t002,"['/data/zhaogangyi/picorer-eval/qwen36-v100-sufficiency-dynamics-20260912/probes-v2/f09dc2ea6344/step-002/qwen-r1/native-s.request.json', '/data/zhaogangyi/picorer-eval/qwen36-v100-sufficiency-dynamics-20260912/probes-v2/f09dc2ea6344/step-002/qwen-r2/native-s.request.json']",97,2c1f26166c820a6519e969d0f99d3d5630aa95186952c65e5c2f58508b8a969c,agentmemorybench:fact-mh-262k:context-0/factconsolidation_mh_262k_no97,0.0,1,2,4,2,3.4374999897554517,0.9688561691561036,-0.3750001955777406,9088.0,5,0.0,0.0,0.0,0.0,True,,,,,,,"[""search""]",-4.125000218860805,0.0,"[""search""]",7.562500208616257,0.0,0.3333333333333333,False,False,True
False,state_answers,2,state-r1-q097-t003,"['/data/zhaogangyi/picorer-eval/qwen36-v100-sufficiency-dynamics-20260912/probes-v2/f09dc2ea6344/step-003/qwen-r1/native-s.request.json', '/data/zhaogangyi/picorer-eval/qwen36-v100-sufficiency-dynamics-20260912/probes-v2/f09dc2ea6344/step-003/qwen-r2/native-s.request.json']",97,8da173196f3f4f520d94bd667b3e6b7af9006c9bb01240c6f0d10681989a6716,agentmemorybench:fact-mh-262k:context-0/factconsolidation_mh_262k_no97,0.0,1,3,4,2,0.4375,0.6076631698328917,-0.125,9160.0,5,0.0,0.0,0.0,0.0,True,,,,,,,"[""read""]",3.4374999897554517,0.0,"[""search""]",-2.9999999897554517,0.0,0.6666666666666666,False,False,False
False,state_answers,2,state-r1-q097-t004,"['/data/zhaogangyi/picorer-eval/qwen36-v100-sufficiency-dynamics-20260912/probes-v2/f09dc2ea6344/step-004/qwen-r1/native-s.request.json', '/data/zhaogangyi/picorer-eval/qwen36-v100-sufficiency-dynamics-20260912/probes-v2/f09dc2ea6344/step-004/qwen-r2/native-s.request.json']",97,2bd2a7546f8e98d73065f582ddb7cec7a12ac0440f4fba5629baa02049818186,agentmemorybench:fact-mh-262k:context-0/factconsolidation_mh_262k_no97,0.5,1,4,4,2,5.62499990593642,0.9964063970817676,-0.2499998221173882,15103.0,5,0.0,0.0,0.0,0.0,True,,,,,,,"[""finish""]",0.4375,0.0,"[""read""]",5.18749990593642,0.5,1.0,True,True,True
False,state_answers,2,state-r2-q097-t002,"['/data/zhaogangyi/picorer-eval/qwen36-v100-sufficiency-dynamics-replicate-2-20260912/probes-v2/f09dc2ea6344/step-002/qwen-r1/native-s.request.json', '/data/zhaogangyi/picorer-eval/qwen36-v100-sufficiency-dynamics-replicate-2-20260912/probes-v2/f09dc2ea6344/step-002/qwen-r2/native-s.request.json']",97,c359d8290c1565382039ea36751ceb5d64c9c271652ef15ef9c5524a6be8a826,agentmemorybench:fact-mh-262k:context-0/factconsolidation_mh_262k_no97,0.0,2,2,5,2,1.812499947845936,0.8596637442179468,0.1249998956918716,8936.0,5,0.0,0.0,0.0,0.0,True,,,,,,,"[""read""]",-4.125000232830644,0.0,"[""search""]",5.9375001806765795,0.0,0.25,False,False,True
False,state_answers,2,state-r2-q097-t003,"['/data/zhaogangyi/picorer-eval/qwen36-v100-sufficiency-dynamics-replicate-2-20260912/probes-v2/f09dc2ea6344/step-003/qwen-r1/native-s.request.json', '/data/zhaogangyi/picorer-eval/qwen36-v100-sufficiency-dynamics-replicate-2-20260912/probes-v2/f09dc2ea6344/step-003/qwen-r2/native-s.request.json']",97,3a5bf58ad43b569bbcec17bf9297557a3d908cabea99dc2ffa2c4303ed62e05f,agentmemorybench:fact-mh-262k:context-0/factconsolidation_mh_262k_no97,0.5,2,3,5,2,5.874999972409569,0.9971990729558168,1.227017492055893e-07,19039.0,5,0.0,0.0,0.0,0.0,True,,,,,,,"[""search""]",1.812499947845936,0.0,"[""read""]",4.062500024563633,0.5,0.5,True,True,True
False,state_answers,2,state-r2-q097-t004,"['/data/zhaogangyi/picorer-eval/qwen36-v100-sufficiency-dynamics-replicate-2-20260912/probes-v2/f09dc2ea6344/step-004/qwen-r1/native-s.request.json', '/data/zhaogangyi/picorer-eval/qwen36-v100-sufficiency-dynamics-replicate-2-20260912/probes-v2/f09dc2ea6344/step-004/qwen-r2/native-s.request.json']",97,66abecdd8e9cd0f2fc352e41e639e7933115e48a5e73b288fdd1ea5accfbf883,agentmemorybench:fact-mh-262k:context-0/factconsolidation_mh_262k_no97,0.5,2,4,5,2,2.4999999925494194,0.924141819456443,2.086162567138672e-07,9449.0,5,0.0,0.0,0.0,0.0,True,,,,,,,"[""read""]",5.874999972409569,0.5,"[""search""]",-3.3749999798601493,0.0,0.75,False,False,False
False,state_answers,2,state-r2-q097-t005,"['/data/zhaogangyi/picorer-eval/qwen36-v100-sufficiency-dynamics-replicate-2-20260912/probes-v2/f09dc2ea6344/step-005/qwen-r1/native-s.request.json', '/data/zhaogangyi/picorer-eval/qwen36-v100-sufficiency-dynamics-replicate-2-20260912/probes-v2/f09dc2ea6344/step-005/qwen-r2/native-s.request.json']",97,c8b3606afd0e4bd40043a1a8f614a930b98b36691bd02fdce91d7fad2be3e493,agentmemorybench:fact-mh-262k:context-0/factconsolidation_mh_262k_no97,1.0,2,5,5,2,7.999999879597453,0.99966464982917,0.2499993753735907,20120.0,5,0.8,0.8,0.8,0.0,True,,,,,,,"[""finish""]",2.4999999925494194,0.5,"[""read""]",5.499999887048034,0.5,1.0,True,True,True
False,state_answers,2,state-r3-q097-t002,"['/data/zhaogangyi/picorer-eval/qwen36-v100-sufficiency-dynamics-replicate-3-20260912/probes-v2/f09dc2ea6344/step-002/qwen-r1/native-s.request.json', '/data/zhaogangyi/picorer-eval/qwen36-v100-sufficiency-dynamics-replicate-3-20260912/probes-v2/f09dc2ea6344/step-002/qwen-r2/native-s.request.json']",97,f7e84b8a31c64cbda85eaa223a7d87d45dbe6e7d96a148e90429c69e595f1f2b,agentmemorybench:fact-mh-262k:context-0/factconsolidation_mh_262k_no97,0.0,3,2,5,2,3.624999945051968,0.9740426414129206,-5.587935447692871e-09,8968.0,5,0.0,0.0,0.0,0.0,True,,,,,,,"[""read""]",-4.125000063329935,0.0,"[""search""]",7.750000008381903,0.0,0.25,False,False,True
False,state_answers,2,state-r3-q097-t003,"['/data/zhaogangyi/picorer-eval/qwen36-v100-sufficiency-dynamics-replicate-3-20260912/probes-v2/f09dc2ea6344/step-003/qwen-r1/native-s.request.json', '/data/zhaogangyi/picorer-eval/qwen36-v100-sufficiency-dynamics-replicate-3-20260912/probes-v2/f09dc2ea6344/step-003/qwen-r2/native-s.request.json']",97,37420ea6110f65e27e2753b0164496ff3dab302b1b514a500023390bfb50dc27,agentmemorybench:fact-mh-262k:context-0/factconsolidation_mh_262k_no97,0.5,3,3,5,2,4.3125000121071935,0.9867771784056693,0.1249996330589056,19406.0,5,0.0,0.0,0.0,0.0,True,,,,,,,"[""search""]",3.624999945051968,0.0,"[""read""]",0.6875000670552254,0.5,0.5,True,True,True
False,state_answers,2,state-r3-q097-t004,"['/data/zhaogangyi/picorer-eval/qwen36-v100-sufficiency-dynamics-replicate-3-20260912/probes-v2/f09dc2ea6344/step-004/qwen-r1/native-s.request.json', '/data/zhaogangyi/picorer-eval/qwen36-v100-sufficiency-dynamics-replicate-3-20260912/probes-v2/f09dc2ea6344/step-004/qwen-r2/native-s.request.json']",97,dbc2cc0b273ff330e78c44b0811ed59ef3f19be2488102091cead6ddbcd78989,agentmemorybench:fact-mh-262k:context-0/factconsolidation_mh_262k_no97,0.5,3,4,5,2,2.8749999217689037,0.9465966662454832,8.195638656616212e-08,9882.0,5,0.0,0.0,0.0,0.0,True,,,,,,,"[""read""]",4.3125000121071935,0.5,"[""search""]",-1.4375000903382897,0.0,0.75,False,False,False
False,state_answers,2,state-r3-q097-t005,"['/data/zhaogangyi/picorer-eval/qwen36-v100-sufficiency-dynamics-replicate-3-20260912/probes-v2/f09dc2ea6344/step-005/qwen-r1/native-s.request.json', '/data/zhaogangyi/picorer-eval/qwen36-v100-sufficiency-dynamics-replicate-3-20260912/probes-v2/f09dc2ea6344/step-005/qwen-r2/native-s.request.json']",97,131d1e751893f5e2066f8f96587caca55e1514f4f033e05fce86be17de47c032,agentmemorybench:fact-mh-262k:context-0/factconsolidation_mh_262k_no97,1.0,3,5,5,2,9.124999709463737,0.9998911030583384,3.578170435503125e-07,15481.0,5,1.0,1.0,1.0,0.0,True,,,,,,,"[""finish""]",2.8749999217689037,0.5,"[""read""]",6.249999787694833,0.5,1.0,True,True,True
