question_id,progress,p,native_s,r
agentmemorybench:fact-mh-262k:context-0/factconsolidation_mh_262k_no0,0.0,0.008782651004916799,-4.72916668242154,0.0
agentmemorybench:fact-mh-262k:context-0/factconsolidation_mh_262k_no0,0.05,0.008782651004916799,-4.72916668242154,0.0
agentmemorybench:fact-mh-262k:context-0/factconsolidation_mh_262k_no0,0.1,0.2492326811182524,-2.8541667053941637,0.0
agentmemorybench:fact-mh-262k:context-0/factconsolidation_mh_262k_no0,0.15000000000000002,0.5248680346684722,-0.7291666554131856,0.0
agentmemorybench:fact-mh-262k:context-0/factconsolidation_mh_262k_no0,0.2,0.8929529549780119,2.7083334053556123,0.2222222222222222
agentmemorybench:fact-mh-262k:context-0/factconsolidation_mh_262k_no0,0.25,0.8780110050670298,2.0833333308498063,0.2222222222222222
agentmemorybench:fact-mh-262k:context-0/factconsolidation_mh_262k_no0,0.30000000000000004,0.9281619476593078,2.9583333137755594,0.3333333333333333
agentmemorybench:fact-mh-262k:context-0/factconsolidation_mh_262k_no0,0.35000000000000003,0.9291861812927111,2.9791666713232794,0.3333333333333333
agentmemorybench:fact-mh-262k:context-0/factconsolidation_mh_262k_no0,0.4,0.976304296594678,4.062500033682833,0.5555555555555555
agentmemorybench:fact-mh-262k:context-0/factconsolidation_mh_262k_no0,0.45,0.9128992282043137,2.9791666770664356,0.5555555555555555
agentmemorybench:fact-mh-262k:context-0/factconsolidation_mh_262k_no0,0.5,0.9590855982614629,3.6458333365929625,0.5555555555555555
agentmemorybench:fact-mh-262k:context-0/factconsolidation_mh_262k_no0,0.55,0.9590855982614629,3.6458333365929625,0.5555555555555555
agentmemorybench:fact-mh-262k:context-0/factconsolidation_mh_262k_no0,0.6000000000000001,0.8618427778815699,2.000000017384688,0.5555555555555555
agentmemorybench:fact-mh-262k:context-0/factconsolidation_mh_262k_no0,0.65,0.8618427778815699,2.000000017384688,0.5555555555555555
agentmemorybench:fact-mh-262k:context-0/factconsolidation_mh_262k_no0,0.7000000000000001,0.8665572326936916,2.083333366860946,0.5555555555555555
agentmemorybench:fact-mh-262k:context-0/factconsolidation_mh_262k_no0,0.75,0.9514843141472791,3.7916667713434435,0.5555555555555555
agentmemorybench:fact-mh-262k:context-0/factconsolidation_mh_262k_no0,0.8,0.9728628583342317,4.229166760478013,0.6666666666666666
agentmemorybench:fact-mh-262k:context-0/factconsolidation_mh_262k_no0,0.8500000000000001,0.9588808098665716,4.020833374990616,0.6666666666666666
agentmemorybench:fact-mh-262k:context-0/factconsolidation_mh_262k_no0,0.9,0.957594034685953,3.666666659681747,0.6666666666666666
agentmemorybench:fact-mh-262k:context-0/factconsolidation_mh_262k_no0,0.9500000000000001,0.9668616284928196,3.7916666919675968,0.6666666666666666
agentmemorybench:fact-mh-262k:context-0/factconsolidation_mh_262k_no0,1.0,0.9945911357471701,5.583333209855482,0.6666666666666666
agentmemorybench:fact-mh-262k:context-0/factconsolidation_mh_262k_no1,0.0,0.02131364786375428,-3.83333344074587,0.0
agentmemorybench:fact-mh-262k:context-0/factconsolidation_mh_262k_no1,0.05,0.02131364786375428,-3.83333344074587,0.0
agentmemorybench:fact-mh-262k:context-0/factconsolidation_mh_262k_no1,0.1,0.02131364786375428,-3.83333344074587,0.0
agentmemorybench:fact-mh-262k:context-0/factconsolidation_mh_262k_no1,0.15000000000000002,0.02131364786375428,-3.83333344074587,0.0
agentmemorybench:fact-mh-262k:context-0/factconsolidation_mh_262k_no1,0.2,0.31336164980629155,-1.854166766628623,0.0
agentmemorybench:fact-mh-262k:context-0/factconsolidation_mh_262k_no1,0.25,0.6070733734126863,0.20833330477277437,0.0
agentmemorybench:fact-mh-262k:context-0/factconsolidation_mh_262k_no1,0.30000000000000004,0.6070733734126863,0.20833330477277437,0.0
agentmemorybench:fact-mh-262k:context-0/factconsolidation_mh_262k_no1,0.35000000000000003,0.8884261658526728,2.0833332824210324,0.0
agentmemorybench:fact-mh-262k:context-0/factconsolidation_mh_262k_no1,0.4,0.7657888321216549,1.39583329235514,0.16666666666666666
agentmemorybench:fact-mh-262k:context-0/factconsolidation_mh_262k_no1,0.45,0.7657888321216549,1.39583329235514,0.16666666666666666
agentmemorybench:fact-mh-262k:context-0/factconsolidation_mh_262k_no1,0.5,0.5776115202286998,0.43749996026357013,0.3333333333333333
agentmemorybench:fact-mh-262k:context-0/factconsolidation_mh_262k_no1,0.55,0.5776115202286998,0.43749996026357013,0.3333333333333333
agentmemorybench:fact-mh-262k:context-0/factconsolidation_mh_262k_no1,0.6000000000000001,0.7270976116014926,1.6874999742334087,0.3333333333333333
agentmemorybench:fact-mh-262k:context-0/factconsolidation_mh_262k_no1,0.65,0.7270976116014926,1.6874999742334087,0.3333333333333333
agentmemorybench:fact-mh-262k:context-0/factconsolidation_mh_262k_no1,0.7000000000000001,0.7513901452086157,1.9791666632518172,0.3333333333333333
agentmemorybench:fact-mh-262k:context-0/factconsolidation_mh_262k_no1,0.75,0.9573850393324891,3.208333306324979,0.3333333333333333
agentmemorybench:fact-mh-262k:context-0/factconsolidation_mh_262k_no1,0.8,0.9639998711574278,4.458333353696314,0.5
agentmemorybench:fact-mh-262k:context-0/factconsolidation_mh_262k_no1,0.8500000000000001,0.9639998711574278,4.458333353696314,0.5
agentmemorybench:fact-mh-262k:context-0/factconsolidation_mh_262k_no1,0.9,0.9639998711574278,4.458333353696314,0.5
agentmemorybench:fact-mh-262k:context-0/factconsolidation_mh_262k_no1,0.9500000000000001,0.9639998711574278,4.458333353696314,0.5
agentmemorybench:fact-mh-262k:context-0/factconsolidation_mh_262k_no1,1.0,0.9972647194526795,6.229166818937908,1.0
agentmemorybench:fact-mh-262k:context-0/factconsolidation_mh_262k_no10,0.0,0.004708182789334369,-5.354166789446026,0.0
agentmemorybench:fact-mh-262k:context-0/factconsolidation_mh_262k_no10,0.05,0.004708182789334369,-5.354166789446026,0.0
agentmemorybench:fact-mh-262k:context-0/factconsolidation_mh_262k_no10,0.1,0.004708182789334369,-5.354166789446026,0.0
agentmemorybench:fact-mh-262k:context-0/factconsolidation_mh_262k_no10,0.15000000000000002,0.008473790089907285,-4.937500031509747,0.0
agentmemorybench:fact-mh-262k:context-0/factconsolidation_mh_262k_no10,0.2,0.022745889229010358,-4.14583333938693,0.0
agentmemorybench:fact-mh-262k:context-0/factconsolidation_mh_262k_no10,0.25,0.022745889229010358,-4.14583333938693,0.0
agentmemorybench:fact-mh-262k:context-0/factconsolidation_mh_262k_no10,0.30000000000000004,0.017587277171222965,-5.354166681781256,0.0
agentmemorybench:fact-mh-262k:context-0/factconsolidation_mh_262k_no10,0.35000000000000003,0.08322321565832834,-4.041666676969423,0.0
agentmemorybench:fact-mh-262k:context-0/factconsolidation_mh_262k_no10,0.4,0.17435502633257519,-3.2916666446835734,0.0
agentmemorybench:fact-mh-262k:context-0/factconsolidation_mh_262k_no10,0.45,0.3099893073102473,-0.8333333358168602,0.0
agentmemorybench:fact-mh-262k:context-0/factconsolidation_mh_262k_no10,0.5,0.3099893073102473,-0.8333333358168602,0.0
agentmemorybench:fact-mh-262k:context-0/factconsolidation_mh_262k_no10,0.55,0.3099893073102473,-0.8333333358168602,0.0
agentmemorybench:fact-mh-262k:context-0/factconsolidation_mh_262k_no10,0.6000000000000001,0.576307695573426,0.4583333283662796,0.0
agentmemorybench:fact-mh-262k:context-0/factconsolidation_mh_262k_no10,0.65,0.576307695573426,0.4583333283662796,0.0
agentmemorybench:fact-mh-262k:context-0/factconsolidation_mh_262k_no10,0.7000000000000001,0.7875311325476897,1.458333318432172,0.0
agentmemorybench:fact-mh-262k:context-0/factconsolidation_mh_262k_no10,0.75,0.8111732579099599,1.937499995964269,0.0
agentmemorybench:fact-mh-262k:context-0/factconsolidation_mh_262k_no10,0.8,0.8062412041203056,1.9166666626309354,0.0
agentmemorybench:fact-mh-262k:context-0/factconsolidation_mh_262k_no10,0.8500000000000001,0.8062412041203056,1.9166666626309354,0.0
agentmemorybench:fact-mh-262k:context-0/factconsolidation_mh_262k_no10,0.9,0.8093965379044566,2.0833332867672048,0.0
agentmemorybench:fact-mh-262k:context-0/factconsolidation_mh_262k_no10,0.9500000000000001,0.8093965379044566,2.0833332867672048,0.0
agentmemorybench:fact-mh-262k:context-0/factconsolidation_mh_262k_no10,1.0,0.9923910380156541,5.750000008440111,0.6666666666666666
agentmemorybench:fact-mh-262k:context-0/factconsolidation_mh_262k_no11,0.0,0.005911069483765277,-5.1249998932083445,0.0
agentmemorybench:fact-mh-262k:context-0/factconsolidation_mh_262k_no11,0.05,0.005911069483765277,-5.1249998932083445,0.0
agentmemorybench:fact-mh-262k:context-0/factconsolidation_mh_262k_no11,0.1,0.5748884593896096,0.3125000149011612,0.0
agentmemorybench:fact-mh-262k:context-0/factconsolidation_mh_262k_no11,0.15000000000000002,0.6420945808849698,0.7291666467984518,0.0
agentmemorybench:fact-mh-262k:context-0/factconsolidation_mh_262k_no11,0.2,0.9009656038837536,2.4791666865348816,0.3333333333333333
agentmemorybench:fact-mh-262k:context-0/factconsolidation_mh_262k_no11,0.25,0.8534133827185145,2.2291666542490325,0.4444444444444444
agentmemorybench:fact-mh-262k:context-0/factconsolidation_mh_262k_no11,0.30000000000000004,0.6556976832043232,0.8958333432674408,0.4444444444444444
agentmemorybench:fact-mh-262k:context-0/factconsolidation_mh_262k_no11,0.35000000000000003,0.49854979214068446,0.08333335816860199,0.4444444444444444
agentmemorybench:fact-mh-262k:context-0/factconsolidation_mh_262k_no11,0.4,0.4166188351365742,0.8333332689168552,0.6666666666666666
agentmemorybench:fact-mh-262k:context-0/factconsolidation_mh_262k_no11,0.45,0.4166188351365742,0.8333332689168552,0.6666666666666666
agentmemorybench:fact-mh-262k:context-0/factconsolidation_mh_262k_no11,0.5,0.3508692284452817,-0.8124999850988388,0.6666666666666666
agentmemorybench:fact-mh-262k:context-0/factconsolidation_mh_262k_no11,0.55,0.17983804015889152,-1.9375000068296988,0.6666666666666666
agentmemorybench:fact-mh-262k:context-0/factconsolidation_mh_262k_no11,0.6000000000000001,0.16152199089477928,-2.270833349476258,0.6666666666666666
agentmemorybench:fact-mh-262k:context-0/factconsolidation_mh_262k_no11,0.65,0.11229409646670735,-2.41666666790843,0.6666666666666666
agentmemorybench:fact-mh-262k:context-0/factconsolidation_mh_262k_no11,0.7000000000000001,0.131748333330657,-2.104166662941376,0.6666666666666666
agentmemorybench:fact-mh-262k:context-0/factconsolidation_mh_262k_no11,0.75,0.13819017893535004,-1.9583333445092042,0.6666666666666666
agentmemorybench:fact-mh-262k:context-0/factconsolidation_mh_262k_no11,0.8,0.09483758963991518,-2.416666672254602,0.6666666666666666
agentmemorybench:fact-mh-262k:context-0/factconsolidation_mh_262k_no11,0.8500000000000001,0.10172235485108055,-2.4166666424522796,0.6666666666666666
agentmemorybench:fact-mh-262k:context-0/factconsolidation_mh_262k_no11,0.9,0.1002243567351745,-2.4583333240201077,0.6666666666666666
agentmemorybench:fact-mh-262k:context-0/factconsolidation_mh_262k_no11,0.9500000000000001,0.20367836357447286,-2.083333325882753,0.6666666666666666
agentmemorybench:fact-mh-262k:context-0/factconsolidation_mh_262k_no11,1.0,0.07693210947824385,-2.604166721304258,0.6666666666666666
agentmemorybench:fact-mh-262k:context-0/factconsolidation_mh_262k_no12,0.0,0.017986207955231072,-4.000000113621354,0.0
agentmemorybench:fact-mh-262k:context-0/factconsolidation_mh_262k_no12,0.05,0.017986207955231072,-4.000000113621354,0.0
agentmemorybench:fact-mh-262k:context-0/factconsolidation_mh_262k_no12,0.1,0.017986207955231072,-4.000000113621354,0.0
agentmemorybench:fact-mh-262k:context-0/factconsolidation_mh_262k_no12,0.15000000000000002,0.017986207955231072,-4.000000113621354,0.0
agentmemorybench:fact-mh-262k:context-0/factconsolidation_mh_262k_no12,0.2,0.017986207955231072,-4.000000113621354,0.0
agentmemorybench:fact-mh-262k:context-0/factconsolidation_mh_262k_no12,0.25,0.3252952562273067,-1.7500000583628814,0.0
agentmemorybench:fact-mh-262k:context-0/factconsolidation_mh_262k_no12,0.30000000000000004,0.3252952562273067,-1.7500000583628814,0.0
agentmemorybench:fact-mh-262k:context-0/factconsolidation_mh_262k_no12,0.35000000000000003,0.3252952562273067,-1.7500000583628814,0.0
agentmemorybench:fact-mh-262k:context-0/factconsolidation_mh_262k_no12,0.4,0.3252952562273067,-1.7500000583628814,0.0
agentmemorybench:fact-mh-262k:context-0/factconsolidation_mh_262k_no12,0.45,0.3252952562273067,-1.7500000583628814,0.0
agentmemorybench:fact-mh-262k:context-0/factconsolidation_mh_262k_no12,0.5,0.9522249512973445,3.208333242063721,0.16666666666666666
agentmemorybench:fact-mh-262k:context-0/factconsolidation_mh_262k_no12,0.55,0.9522249512973445,3.208333242063721,0.16666666666666666
agentmemorybench:fact-mh-262k:context-0/factconsolidation_mh_262k_no12,0.6000000000000001,0.9522249512973445,3.208333242063721,0.16666666666666666
agentmemorybench:fact-mh-262k:context-0/factconsolidation_mh_262k_no12,0.65,0.9522249512973445,3.208333242063721,0.16666666666666666
agentmemorybench:fact-mh-262k:context-0/factconsolidation_mh_262k_no12,0.7000000000000001,0.9522249512973445,3.208333242063721,0.16666666666666666
agentmemorybench:fact-mh-262k:context-0/factconsolidation_mh_262k_no12,0.75,0.9509174251226092,3.125000004346172,0.16666666666666666
agentmemorybench:fact-mh-262k:context-0/factconsolidation_mh_262k_no12,0.8,0.9509174251226092,3.125000004346172,0.16666666666666666
agentmemorybench:fact-mh-262k:context-0/factconsolidation_mh_262k_no12,0.8500000000000001,0.9509174251226092,3.125000004346172,0.16666666666666666
agentmemorybench:fact-mh-262k:context-0/factconsolidation_mh_262k_no12,0.9,0.9509174251226092,3.125000004346172,0.16666666666666666
agentmemorybench:fact-mh-262k:context-0/factconsolidation_mh_262k_no12,0.9500000000000001,0.9509174251226092,3.125000004346172,0.16666666666666666
agentmemorybench:fact-mh-262k:context-0/factconsolidation_mh_262k_no12,1.0,0.9993281444345031,7.37500004262741,0.6666666666666666
agentmemorybench:fact-mh-262k:context-0/factconsolidation_mh_262k_no13,0.0,0.03308597767364294,-3.375000022351742,0.0
agentmemorybench:fact-mh-262k:context-0/factconsolidation_mh_262k_no13,0.05,0.03308597767364294,-3.375000022351742,0.0
agentmemorybench:fact-mh-262k:context-0/factconsolidation_mh_262k_no13,0.1,0.03308597767364294,-3.375000022351742,0.0
agentmemorybench:fact-mh-262k:context-0/factconsolidation_mh_262k_no13,0.15000000000000002,0.03308597767364294,-3.375000022351742,0.0
agentmemorybench:fact-mh-262k:context-0/factconsolidation_mh_262k_no13,0.2,0.03308597767364294,-3.375000022351742,0.0
agentmemorybench:fact-mh-262k:context-0/factconsolidation_mh_262k_no13,0.25,0.65852563684152,1.229166670081516,0.0
agentmemorybench:fact-mh-262k:context-0/factconsolidation_mh_262k_no13,0.30000000000000004,0.65852563684152,1.229166670081516,0.0
agentmemorybench:fact-mh-262k:context-0/factconsolidation_mh_262k_no13,0.35000000000000003,0.9524639606810278,3.145833319363495,0.0
agentmemorybench:fact-mh-262k:context-0/factconsolidation_mh_262k_no13,0.4,0.9524639606810278,3.145833319363495,0.0
agentmemorybench:fact-mh-262k:context-0/factconsolidation_mh_262k_no13,0.45,0.9524639606810278,3.145833319363495,0.0
agentmemorybench:fact-mh-262k:context-0/factconsolidation_mh_262k_no13,0.5,0.9290892004335173,2.5833332731078067,0.3333333333333333
agentmemorybench:fact-mh-262k:context-0/factconsolidation_mh_262k_no13,0.55,0.9290892004335173,2.5833332731078067,0.3333333333333333
agentmemorybench:fact-mh-262k:context-0/factconsolidation_mh_262k_no13,0.6000000000000001,0.9290892004335173,2.5833332731078067,0.3333333333333333
agentmemorybench:fact-mh-262k:context-0/factconsolidation_mh_262k_no13,0.65,0.9290892004335173,2.5833332731078067,0.3333333333333333
agentmemorybench:fact-mh-262k:context-0/factconsolidation_mh_262k_no13,0.7000000000000001,0.8966470449897984,2.29166664617757,0.3333333333333333
agentmemorybench:fact-mh-262k:context-0/factconsolidation_mh_262k_no13,0.75,0.9137312613505125,2.7083333476136127,0.3333333333333333
agentmemorybench:fact-mh-262k:context-0/factconsolidation_mh_262k_no13,0.8,0.9137312613505125,2.7083333476136127,0.3333333333333333
agentmemorybench:fact-mh-262k:context-0/factconsolidation_mh_262k_no13,0.8500000000000001,0.9137312613505125,2.7083333476136127,0.3333333333333333
agentmemorybench:fact-mh-262k:context-0/factconsolidation_mh_262k_no13,0.9,0.9137312613505125,2.7083333476136127,0.3333333333333333
agentmemorybench:fact-mh-262k:context-0/factconsolidation_mh_262k_no13,0.9500000000000001,0.9137312613505125,2.7083333476136127,0.3333333333333333
agentmemorybench:fact-mh-262k:context-0/factconsolidation_mh_262k_no13,1.0,0.9987865184103796,6.729166589201971,1.0
agentmemorybench:fact-mh-262k:context-0/factconsolidation_mh_262k_no14,0.0,0.02033235412179937,-3.874999960884452,0.0
agentmemorybench:fact-mh-262k:context-0/factconsolidation_mh_262k_no14,0.05,0.02033235412179937,-3.874999960884452,0.0
agentmemorybench:fact-mh-262k:context-0/factconsolidation_mh_262k_no14,0.1,0.02033235412179937,-3.874999960884452,0.0
agentmemorybench:fact-mh-262k:context-0/factconsolidation_mh_262k_no14,0.15000000000000002,0.02033235412179937,-3.874999960884452,0.0
agentmemorybench:fact-mh-262k:context-0/factconsolidation_mh_262k_no14,0.2,0.33823578448585345,-1.3749999400849144,0.0
agentmemorybench:fact-mh-262k:context-0/factconsolidation_mh_262k_no14,0.25,0.33823578448585345,-1.3749999400849144,0.0
agentmemorybench:fact-mh-262k:context-0/factconsolidation_mh_262k_no14,0.30000000000000004,0.33823578448585345,-1.3749999400849144,0.0
agentmemorybench:fact-mh-262k:context-0/factconsolidation_mh_262k_no14,0.35000000000000003,0.33823578448585345,-1.3749999400849144,0.0
agentmemorybench:fact-mh-262k:context-0/factconsolidation_mh_262k_no14,0.4,0.3466794582116033,-0.12499997801690672,0.16666666666666666
agentmemorybench:fact-mh-262k:context-0/factconsolidation_mh_262k_no14,0.45,0.3466794582116033,-0.12499997801690672,0.16666666666666666
agentmemorybench:fact-mh-262k:context-0/factconsolidation_mh_262k_no14,0.5,0.9763202687933076,4.666666715037233,0.16666666666666666
agentmemorybench:fact-mh-262k:context-0/factconsolidation_mh_262k_no14,0.55,0.9763202687933076,4.666666715037233,0.16666666666666666
agentmemorybench:fact-mh-262k:context-0/factconsolidation_mh_262k_no14,0.6000000000000001,0.9740032995709663,3.8333333695773035,0.16666666666666666
agentmemorybench:fact-mh-262k:context-0/factconsolidation_mh_262k_no14,0.65,0.9740032995709663,3.8333333695773035,0.16666666666666666
agentmemorybench:fact-mh-262k:context-0/factconsolidation_mh_262k_no14,0.7000000000000001,0.9740032995709663,3.8333333695773035,0.16666666666666666
agentmemorybench:fact-mh-262k:context-0/factconsolidation_mh_262k_no14,0.75,0.9740032995709663,3.8333333695773035,0.16666666666666666
agentmemorybench:fact-mh-262k:context-0/factconsolidation_mh_262k_no14,0.8,0.9747890046770484,3.958333341560016,0.16666666666666666
agentmemorybench:fact-mh-262k:context-0/factconsolidation_mh_262k_no14,0.8500000000000001,0.9747890046770484,3.958333341560016,0.16666666666666666
agentmemorybench:fact-mh-262k:context-0/factconsolidation_mh_262k_no14,0.9,0.9747890046770484,3.958333341560016,0.16666666666666666
agentmemorybench:fact-mh-262k:context-0/factconsolidation_mh_262k_no14,0.9500000000000001,0.9747890046770484,3.958333341560016,0.16666666666666666
agentmemorybench:fact-mh-262k:context-0/factconsolidation_mh_262k_no14,1.0,0.9996974136938016,8.312500008372202,1.0
agentmemorybench:fact-mh-262k:context-0/factconsolidation_mh_262k_no15,0.0,0.014063624357222929,-4.2500001937150955,0.0
agentmemorybench:fact-mh-262k:context-0/factconsolidation_mh_262k_no15,0.05,0.014063624357222929,-4.2500001937150955,0.0
agentmemorybench:fact-mh-262k:context-0/factconsolidation_mh_262k_no15,0.1,0.014063624357222929,-4.2500001937150955,0.0
agentmemorybench:fact-mh-262k:context-0/factconsolidation_mh_262k_no15,0.15000000000000002,0.014063624357222929,-4.2500001937150955,0.0
agentmemorybench:fact-mh-262k:context-0/factconsolidation_mh_262k_no15,0.2,0.014063624357222929,-4.2500001937150955,0.0
agentmemorybench:fact-mh-262k:context-0/factconsolidation_mh_262k_no15,0.25,0.318845349921701,-1.9791667933265369,0.0
agentmemorybench:fact-mh-262k:context-0/factconsolidation_mh_262k_no15,0.30000000000000004,0.318845349921701,-1.9791667933265369,0.0
agentmemorybench:fact-mh-262k:context-0/factconsolidation_mh_262k_no15,0.35000000000000003,0.9383062745732894,2.7291666883975267,0.0
agentmemorybench:fact-mh-262k:context-0/factconsolidation_mh_262k_no15,0.4,0.9383062745732894,2.7291666883975267,0.0
agentmemorybench:fact-mh-262k:context-0/factconsolidation_mh_262k_no15,0.45,0.9383062745732894,2.7291666883975267,0.0
agentmemorybench:fact-mh-262k:context-0/factconsolidation_mh_262k_no15,0.5,0.9535175556123833,3.0833333705862365,0.16666666666666666
agentmemorybench:fact-mh-262k:context-0/factconsolidation_mh_262k_no15,0.55,0.9535175556123833,3.0833333705862365,0.16666666666666666
agentmemorybench:fact-mh-262k:context-0/factconsolidation_mh_262k_no15,0.6000000000000001,0.9535175556123833,3.0833333705862365,0.16666666666666666
agentmemorybench:fact-mh-262k:context-0/factconsolidation_mh_262k_no15,0.65,0.9535175556123833,3.0833333705862365,0.16666666666666666
agentmemorybench:fact-mh-262k:context-0/factconsolidation_mh_262k_no15,0.7000000000000001,0.9656923061967526,3.3541666915019355,0.16666666666666666
agentmemorybench:fact-mh-262k:context-0/factconsolidation_mh_262k_no15,0.75,0.9687064538372628,3.5000000139698386,0.16666666666666666
agentmemorybench:fact-mh-262k:context-0/factconsolidation_mh_262k_no15,0.8,0.9687064538372628,3.5000000139698386,0.16666666666666666
agentmemorybench:fact-mh-262k:context-0/factconsolidation_mh_262k_no15,0.8500000000000001,0.9687064538372628,3.5000000139698386,0.16666666666666666
agentmemorybench:fact-mh-262k:context-0/factconsolidation_mh_262k_no15,0.9,0.9687064538372628,3.5000000139698386,0.16666666666666666
agentmemorybench:fact-mh-262k:context-0/factconsolidation_mh_262k_no15,0.9500000000000001,0.9687064538372628,3.5000000139698386,0.16666666666666666
agentmemorybench:fact-mh-262k:context-0/factconsolidation_mh_262k_no15,1.0,0.999333012005522,7.541666741997081,1.0
agentmemorybench:fact-mh-262k:context-0/factconsolidation_mh_262k_no16,0.0,0.0075772422833516075,-4.874999864958227,0.0
agentmemorybench:fact-mh-262k:context-0/factconsolidation_mh_262k_no16,0.05,0.0075772422833516075,-4.874999864958227,0.0
agentmemorybench:fact-mh-262k:context-0/factconsolidation_mh_262k_no16,0.1,0.02756705903804582,-4.12499990252157,0.0
agentmemorybench:fact-mh-262k:context-0/factconsolidation_mh_262k_no16,0.15000000000000002,0.23531307063536802,-2.0416666216527424,0.08333333333333333
agentmemorybench:fact-mh-262k:context-0/factconsolidation_mh_262k_no16,0.2,0.30005839769443515,-0.8749999975164732,0.08333333333333333
agentmemorybench:fact-mh-262k:context-0/factconsolidation_mh_262k_no16,0.25,0.1998954161341844,-1.9166666173065703,0.08333333333333333
agentmemorybench:fact-mh-262k:context-0/factconsolidation_mh_262k_no16,0.30000000000000004,0.3351445857428574,-1.1458333196739356,0.16666666666666666
agentmemorybench:fact-mh-262k:context-0/factconsolidation_mh_262k_no16,0.35000000000000003,0.3351445857428574,-1.1458333196739356,0.16666666666666666
agentmemorybench:fact-mh-262k:context-0/factconsolidation_mh_262k_no16,0.4,0.7588367034925678,1.166666681567828,0.3333333333333333
agentmemorybench:fact-mh-262k:context-0/factconsolidation_mh_262k_no16,0.45,0.4659773150119701,-0.3125000049670537,0.4166666666666667
agentmemorybench:fact-mh-262k:context-0/factconsolidation_mh_262k_no16,0.5,0.5547418635968281,0.08333333333333333,0.4166666666666667
agentmemorybench:fact-mh-262k:context-0/factconsolidation_mh_262k_no16,0.55,0.5547418635968281,0.08333333333333333,0.4166666666666667
agentmemorybench:fact-mh-262k:context-0/factconsolidation_mh_262k_no16,0.6000000000000001,0.8304975571583649,1.8958333699653547,0.5
agentmemorybench:fact-mh-262k:context-0/factconsolidation_mh_262k_no16,0.65,0.8119273479208271,1.5833333532015483,0.5
agentmemorybench:fact-mh-262k:context-0/factconsolidation_mh_262k_no16,0.7000000000000001,0.8119273479208271,1.5833333532015483,0.5
agentmemorybench:fact-mh-262k:context-0/factconsolidation_mh_262k_no16,0.75,0.8673153738036666,2.395833301668366,0.6666666666666666
agentmemorybench:fact-mh-262k:context-0/factconsolidation_mh_262k_no16,0.8,0.9388687564184374,3.9583333406674988,0.6666666666666666
agentmemorybench:fact-mh-262k:context-0/factconsolidation_mh_262k_no16,0.8500000000000001,0.9388687564184374,3.9583333406674988,0.6666666666666666
agentmemorybench:fact-mh-262k:context-0/factconsolidation_mh_262k_no16,0.9,0.9055088568305892,3.1666666608459004,0.6666666666666666
agentmemorybench:fact-mh-262k:context-0/factconsolidation_mh_262k_no16,0.9500000000000001,0.9055088567163505,3.1666666199453175,0.6666666666666666
agentmemorybench:fact-mh-262k:context-0/factconsolidation_mh_262k_no16,1.0,0.9948950392792414,5.395833291035767,0.75
agentmemorybench:fact-mh-262k:context-0/factconsolidation_mh_262k_no17,0.0,0.012431652122353773,-4.374999896623194,0.0
agentmemorybench:fact-mh-262k:context-0/factconsolidation_mh_262k_no17,0.05,0.012431652122353773,-4.374999896623194,0.0
agentmemorybench:fact-mh-262k:context-0/factconsolidation_mh_262k_no17,0.1,0.024950576538394855,-3.7916666558012366,0.0
agentmemorybench:fact-mh-262k:context-0/factconsolidation_mh_262k_no17,0.15000000000000002,0.021864253560222032,-4.249999987194315,0.0
agentmemorybench:fact-mh-262k:context-0/factconsolidation_mh_262k_no17,0.2,0.0015028959140198752,-6.791666636088242,0.0
agentmemorybench:fact-mh-262k:context-0/factconsolidation_mh_262k_no17,0.25,0.00046735223555039135,-8.083333300938344,0.0
agentmemorybench:fact-mh-262k:context-0/factconsolidation_mh_262k_no17,0.30000000000000004,0.0018103430198371604,-7.395833336095772,0.0
agentmemorybench:fact-mh-262k:context-0/factconsolidation_mh_262k_no17,0.35000000000000003,0.0018103430198371604,-7.395833336095772,0.0
agentmemorybench:fact-mh-262k:context-0/factconsolidation_mh_262k_no17,0.4,0.007405058532152457,-5.791666629665997,0.1111111111111111
agentmemorybench:fact-mh-262k:context-0/factconsolidation_mh_262k_no17,0.45,0.007405058532152457,-5.791666629665997,0.1111111111111111
agentmemorybench:fact-mh-262k:context-0/factconsolidation_mh_262k_no17,0.5,0.006590286818802423,-5.812500093811347,0.1111111111111111
agentmemorybench:fact-mh-262k:context-0/factconsolidation_mh_262k_no17,0.55,0.006590286818802423,-5.812500093811347,0.1111111111111111
agentmemorybench:fact-mh-262k:context-0/factconsolidation_mh_262k_no17,0.6000000000000001,0.007535889168351341,-5.458333316938176,0.2222222222222222
agentmemorybench:fact-mh-262k:context-0/factconsolidation_mh_262k_no17,0.65,0.009269513226838172,-5.145833348447923,0.2222222222222222
agentmemorybench:fact-mh-262k:context-0/factconsolidation_mh_262k_no17,0.7000000000000001,0.007688679408147898,-4.875000039115548,0.2222222222222222
agentmemorybench:fact-mh-262k:context-0/factconsolidation_mh_262k_no17,0.75,0.01727181448512778,-4.37499998183921,0.3333333333333333
agentmemorybench:fact-mh-262k:context-0/factconsolidation_mh_262k_no17,0.8,0.013375447836988833,-5.479166584341631,0.3333333333333333
agentmemorybench:fact-mh-262k:context-0/factconsolidation_mh_262k_no17,0.8500000000000001,0.013375447836988833,-5.479166584341631,0.3333333333333333
agentmemorybench:fact-mh-262k:context-0/factconsolidation_mh_262k_no17,0.9,0.0038862857283534255,-7.25000004763903,0.3333333333333333
agentmemorybench:fact-mh-262k:context-0/factconsolidation_mh_262k_no17,0.9500000000000001,0.0038862857283534255,-7.25000004763903,0.3333333333333333
agentmemorybench:fact-mh-262k:context-0/factconsolidation_mh_262k_no17,1.0,0.002680409788920234,-6.625000210047195,0.3333333333333333
agentmemorybench:fact-mh-262k:context-0/factconsolidation_mh_262k_no18,0.0,0.012431651522071619,-4.374999945517629,0.0
agentmemorybench:fact-mh-262k:context-0/factconsolidation_mh_262k_no18,0.05,0.012431651522071619,-4.374999945517629,0.0
agentmemorybench:fact-mh-262k:context-0/factconsolidation_mh_262k_no18,0.1,0.547228103713386,-0.45833332277834415,0.0
agentmemorybench:fact-mh-262k:context-0/factconsolidation_mh_262k_no18,0.15000000000000002,0.5765482856991017,-0.1250000037252903,0.08333333333333333
agentmemorybench:fact-mh-262k:context-0/factconsolidation_mh_262k_no18,0.2,0.5048404997959581,-0.4583333320915699,0.08333333333333333
agentmemorybench:fact-mh-262k:context-0/factconsolidation_mh_262k_no18,0.25,0.7517931491776592,2.4791665823819735,0.16666666666666666
agentmemorybench:fact-mh-262k:context-0/factconsolidation_mh_262k_no18,0.30000000000000004,0.6995557018047096,2.208333258982748,0.16666666666666666
agentmemorybench:fact-mh-262k:context-0/factconsolidation_mh_262k_no18,0.35000000000000003,0.6333421864530792,0.7499999701976776,0.16666666666666666
agentmemorybench:fact-mh-262k:context-0/factconsolidation_mh_262k_no18,0.4,0.5871657015944435,0.2708333171904087,0.16666666666666666
agentmemorybench:fact-mh-262k:context-0/factconsolidation_mh_262k_no18,0.45,0.5248180201465223,-0.10416669026017189,0.16666666666666666
agentmemorybench:fact-mh-262k:context-0/factconsolidation_mh_262k_no18,0.5,0.5661680787631925,0.39583333271245164,0.25
agentmemorybench:fact-mh-262k:context-0/factconsolidation_mh_262k_no18,0.55,0.5661680787631925,0.39583333271245164,0.25
agentmemorybench:fact-mh-262k:context-0/factconsolidation_mh_262k_no18,0.6000000000000001,0.41368677796603115,-0.3333333457509677,0.25
agentmemorybench:fact-mh-262k:context-0/factconsolidation_mh_262k_no18,0.65,0.41050810420501066,-0.4166666579743226,0.25
agentmemorybench:fact-mh-262k:context-0/factconsolidation_mh_262k_no18,0.7000000000000001,0.5497242707228516,0.18749999875823656,0.25
agentmemorybench:fact-mh-262k:context-0/factconsolidation_mh_262k_no18,0.75,0.5564790333529469,0.1458333438883225,0.3333333333333333
agentmemorybench:fact-mh-262k:context-0/factconsolidation_mh_262k_no18,0.8,0.5589988870437684,0.22916664245227972,0.3333333333333333
agentmemorybench:fact-mh-262k:context-0/factconsolidation_mh_262k_no18,0.8500000000000001,0.6595646388890841,1.291666596196592,0.3333333333333333
agentmemorybench:fact-mh-262k:context-0/factconsolidation_mh_262k_no18,0.9,0.656502142674061,1.1874999320134523,0.3333333333333333
agentmemorybench:fact-mh-262k:context-0/factconsolidation_mh_262k_no18,0.9500000000000001,0.6518481615878887,0.9999999261150757,0.3333333333333333
agentmemorybench:fact-mh-262k:context-0/factconsolidation_mh_262k_no18,1.0,0.6634452179227174,1.8958333514553185,0.3333333333333333
agentmemorybench:fact-mh-262k:context-0/factconsolidation_mh_262k_no19,0.0,0.013503089852687796,-4.291666690415393,0.0
agentmemorybench:fact-mh-262k:context-0/factconsolidation_mh_262k_no19,0.05,0.295650064659795,-2.250000032130629,0.0
agentmemorybench:fact-mh-262k:context-0/factconsolidation_mh_262k_no19,0.1,0.5659443516183601,-0.3125000026387474,0.08333333333333333
agentmemorybench:fact-mh-262k:context-0/factconsolidation_mh_262k_no19,0.15000000000000002,0.06054938029290708,-3.041666643228382,0.08333333333333333
agentmemorybench:fact-mh-262k:context-0/factconsolidation_mh_262k_no19,0.2,0.3959328223737077,-1.1875000100893278,0.16666666666666666
agentmemorybench:fact-mh-262k:context-0/factconsolidation_mh_262k_no19,0.25,0.48714554872189136,-0.10416664307316144,0.16666666666666666
agentmemorybench:fact-mh-262k:context-0/factconsolidation_mh_262k_no19,0.30000000000000004,0.5141134096697472,0.3750000012417634,0.25
agentmemorybench:fact-mh-262k:context-0/factconsolidation_mh_262k_no19,0.35000000000000003,0.4927472245538587,0.14583333084980646,0.25
agentmemorybench:fact-mh-262k:context-0/factconsolidation_mh_262k_no19,0.4,0.5113181254355084,0.0625,0.25
agentmemorybench:fact-mh-262k:context-0/factconsolidation_mh_262k_no19,0.45,0.4364532018686898,-0.10416665797432263,0.25
agentmemorybench:fact-mh-262k:context-0/factconsolidation_mh_262k_no19,0.5,0.5589082254622301,0.5625000235935053,0.4166666666666667
agentmemorybench:fact-mh-262k:context-0/factconsolidation_mh_262k_no19,0.55,0.5416894810527692,0.3541666728754838,0.4166666666666667
agentmemorybench:fact-mh-262k:context-0/factconsolidation_mh_262k_no19,0.6000000000000001,0.42002536104429616,-0.08333331222335498,0.4166666666666667
agentmemorybench:fact-mh-262k:context-0/factconsolidation_mh_262k_no19,0.65,0.4191154279754911,-0.08333330477277438,0.4166666666666667
agentmemorybench:fact-mh-262k:context-0/factconsolidation_mh_262k_no19,0.7000000000000001,0.3738484671663019,-0.5416666343808174,0.4166666666666667
agentmemorybench:fact-mh-262k:context-0/factconsolidation_mh_262k_no19,0.75,0.4474705012265913,-0.08333330353101094,0.4166666666666667
agentmemorybench:fact-mh-262k:context-0/factconsolidation_mh_262k_no19,0.8,0.6591868162883874,0.9166666815678278,0.5833333333333334
agentmemorybench:fact-mh-262k:context-0/factconsolidation_mh_262k_no19,0.8500000000000001,0.6455128412048996,0.8333333705862364,0.5833333333333334
agentmemorybench:fact-mh-262k:context-0/factconsolidation_mh_262k_no19,0.9,0.6179919800150362,0.7083333457509676,0.5833333333333334
agentmemorybench:fact-mh-262k:context-0/factconsolidation_mh_262k_no19,0.9500000000000001,0.5566607651632257,0.4583333457509677,0.5833333333333334
agentmemorybench:fact-mh-262k:context-0/factconsolidation_mh_262k_no19,1.0,0.7439800490268204,2.208333312999457,0.5833333333333334
agentmemorybench:fact-mh-262k:context-0/factconsolidation_mh_262k_no2,0.0,0.019550304772755867,-3.9166667020569244,0.0
agentmemorybench:fact-mh-262k:context-0/factconsolidation_mh_262k_no2,0.05,0.019550304772755867,-3.9166667020569244,0.0
agentmemorybench:fact-mh-262k:context-0/factconsolidation_mh_262k_no2,0.1,0.2884964168330955,-1.5000000335276127,0.0
agentmemorybench:fact-mh-262k:context-0/factconsolidation_mh_262k_no2,0.15000000000000002,0.5373652421534538,-0.2916666728754838,0.08333333333333333
agentmemorybench:fact-mh-262k:context-0/factconsolidation_mh_262k_no2,0.2,0.5684336420767835,0.3541666890184085,0.3333333333333333
agentmemorybench:fact-mh-262k:context-0/factconsolidation_mh_262k_no2,0.25,0.7530784141415964,1.7499999776482582,0.3333333333333333
agentmemorybench:fact-mh-262k:context-0/factconsolidation_mh_262k_no2,0.30000000000000004,0.6593497105989513,1.0208333333333333,0.3333333333333333
agentmemorybench:fact-mh-262k:context-0/factconsolidation_mh_262k_no2,0.35000000000000003,0.6788628794991758,0.833333340783914,0.3333333333333333
agentmemorybench:fact-mh-262k:context-0/factconsolidation_mh_262k_no2,0.4,0.43140499278383876,-0.2916666567325592,0.3333333333333333
agentmemorybench:fact-mh-262k:context-0/factconsolidation_mh_262k_no2,0.45,0.3106655149952832,-0.9791666666666666,0.3333333333333333
agentmemorybench:fact-mh-262k:context-0/factconsolidation_mh_262k_no2,0.5,0.2606049638623223,-1.3541666828095913,0.3333333333333333
agentmemorybench:fact-mh-262k:context-0/factconsolidation_mh_262k_no2,0.55,0.2606049638623223,-1.3541666828095913,0.3333333333333333
agentmemorybench:fact-mh-262k:context-0/factconsolidation_mh_262k_no2,0.6000000000000001,0.24303905179636623,-1.5208333730697632,0.3333333333333333
agentmemorybench:fact-mh-262k:context-0/factconsolidation_mh_262k_no2,0.65,0.21459560489611015,-2.2083333814516664,0.3333333333333333
agentmemorybench:fact-mh-262k:context-0/factconsolidation_mh_262k_no2,0.7000000000000001,0.4843973797041589,0.06250000558793545,0.4166666666666667
agentmemorybench:fact-mh-262k:context-0/factconsolidation_mh_262k_no2,0.75,0.5511491213156771,0.5208333401630322,0.4166666666666667
agentmemorybench:fact-mh-262k:context-0/factconsolidation_mh_262k_no2,0.8,0.49953475436905453,0.31250000682969886,0.4166666666666667
agentmemorybench:fact-mh-262k:context-0/factconsolidation_mh_262k_no2,0.8500000000000001,0.6256057930016684,0.8958333302289248,0.5
agentmemorybench:fact-mh-262k:context-0/factconsolidation_mh_262k_no2,0.9,0.5690288500093256,0.4374999875823657,0.5
agentmemorybench:fact-mh-262k:context-0/factconsolidation_mh_262k_no2,0.9500000000000001,0.49850200142130935,-0.0416666946063439,0.5
agentmemorybench:fact-mh-262k:context-0/factconsolidation_mh_262k_no2,1.0,0.3896538036912887,-0.06250007605801026,0.5
agentmemorybench:fact-mh-262k:context-0/factconsolidation_mh_262k_no20,0.0,0.01624256686807632,-4.104166586262484,0.0
agentmemorybench:fact-mh-262k:context-0/factconsolidation_mh_262k_no20,0.05,0.01624256686807632,-4.104166586262484,0.0
agentmemorybench:fact-mh-262k:context-0/factconsolidation_mh_262k_no20,0.1,0.28346526205713407,-2.2291666055098176,0.0
agentmemorybench:fact-mh-262k:context-0/factconsolidation_mh_262k_no20,0.15000000000000002,0.23274395439484416,-2.4999999487772584,0.1111111111111111
agentmemorybench:fact-mh-262k:context-0/factconsolidation_mh_262k_no20,0.2,0.4784275440355556,-0.7916666562668979,0.1111111111111111
agentmemorybench:fact-mh-262k:context-0/factconsolidation_mh_262k_no20,0.25,0.27786235742093496,-1.9166666438492637,0.1111111111111111
agentmemorybench:fact-mh-262k:context-0/factconsolidation_mh_262k_no20,0.30000000000000004,0.27665290909074197,-1.9374999821496506,0.1111111111111111
agentmemorybench:fact-mh-262k:context-0/factconsolidation_mh_262k_no20,0.35000000000000003,0.5025478712790861,-0.2708333407839139,0.1111111111111111
agentmemorybench:fact-mh-262k:context-0/factconsolidation_mh_262k_no20,0.4,0.6790770760977239,0.749999980131785,0.2222222222222222
agentmemorybench:fact-mh-262k:context-0/factconsolidation_mh_262k_no20,0.45,0.7462854718685049,1.1458332737286885,0.2222222222222222
agentmemorybench:fact-mh-262k:context-0/factconsolidation_mh_262k_no20,0.5,0.7451480426353565,2.0416666587504246,0.2222222222222222
agentmemorybench:fact-mh-262k:context-0/factconsolidation_mh_262k_no20,0.55,0.7451480426353565,2.0416666587504246,0.2222222222222222
agentmemorybench:fact-mh-262k:context-0/factconsolidation_mh_262k_no20,0.6000000000000001,0.7439470354132206,1.6041666340703766,0.2222222222222222
agentmemorybench:fact-mh-262k:context-0/factconsolidation_mh_262k_no20,0.65,0.7232398118564439,1.1458333358168602,0.3333333333333333
agentmemorybench:fact-mh-262k:context-0/factconsolidation_mh_262k_no20,0.7000000000000001,0.7795338338648513,1.3958333159486453,0.3333333333333333
agentmemorybench:fact-mh-262k:context-0/factconsolidation_mh_262k_no20,0.75,0.7723366498001559,1.3124999689559143,0.3333333333333333
agentmemorybench:fact-mh-262k:context-0/factconsolidation_mh_262k_no20,0.8,0.8645404561780102,2.124999949708581,0.4444444444444444
agentmemorybench:fact-mh-262k:context-0/factconsolidation_mh_262k_no20,0.8500000000000001,0.8283407121088976,1.958333307877183,0.4444444444444444
agentmemorybench:fact-mh-262k:context-0/factconsolidation_mh_262k_no20,0.9,0.8283407135357037,1.9583333432674408,0.4444444444444444
agentmemorybench:fact-mh-262k:context-0/factconsolidation_mh_262k_no20,0.9500000000000001,0.7930208884729937,1.4999999838570754,0.4444444444444444
agentmemorybench:fact-mh-262k:context-0/factconsolidation_mh_262k_no20,1.0,0.7738394231212657,3.2499999908225923,1.0
agentmemorybench:fact-mh-262k:context-0/factconsolidation_mh_262k_no21,0.0,0.012431650302450825,-4.375000044858704,0.0
agentmemorybench:fact-mh-262k:context-0/factconsolidation_mh_262k_no21,0.05,0.012431650302450825,-4.375000044858704,0.0
agentmemorybench:fact-mh-262k:context-0/factconsolidation_mh_262k_no21,0.1,0.012431650302450825,-4.375000044858704,0.0
agentmemorybench:fact-mh-262k:context-0/factconsolidation_mh_262k_no21,0.15000000000000002,0.3238199890086822,-1.9583333806755643,0.0
agentmemorybench:fact-mh-262k:context-0/factconsolidation_mh_262k_no21,0.2,0.3238199890086822,-1.9583333806755643,0.0
agentmemorybench:fact-mh-262k:context-0/factconsolidation_mh_262k_no21,0.25,0.6329805552738756,0.4166666145126025,0.0
agentmemorybench:fact-mh-262k:context-0/factconsolidation_mh_262k_no21,0.30000000000000004,0.650339992470958,1.6666666583623737,0.3333333333333333
agentmemorybench:fact-mh-262k:context-0/factconsolidation_mh_262k_no21,0.35000000000000003,0.9617283340019697,4.083333378424868,0.3333333333333333
agentmemorybench:fact-mh-262k:context-0/factconsolidation_mh_262k_no21,0.4,0.9617283340019697,4.083333378424868,0.3333333333333333
agentmemorybench:fact-mh-262k:context-0/factconsolidation_mh_262k_no21,0.45,0.9266064791709415,2.583333386729161,0.3333333333333333
agentmemorybench:fact-mh-262k:context-0/factconsolidation_mh_262k_no21,0.5,0.9454374951653325,3.5416667564228796,0.6666666666666666
agentmemorybench:fact-mh-262k:context-0/factconsolidation_mh_262k_no21,0.55,0.9454374951653325,3.5416667564228796,0.6666666666666666
agentmemorybench:fact-mh-262k:context-0/factconsolidation_mh_262k_no21,0.6000000000000001,0.9723485707253104,4.041666692472063,0.6666666666666666
agentmemorybench:fact-mh-262k:context-0/factconsolidation_mh_262k_no21,0.65,0.9723485707253104,4.041666692472063,0.6666666666666666
agentmemorybench:fact-mh-262k:context-0/factconsolidation_mh_262k_no21,0.7000000000000001,0.9890921184757019,5.00000006313591,1.0
agentmemorybench:fact-mh-262k:context-0/factconsolidation_mh_262k_no21,0.75,0.9894436615606202,5.437500050640665,1.0
agentmemorybench:fact-mh-262k:context-0/factconsolidation_mh_262k_no21,0.8,0.9894436615606202,5.437500050640665,1.0
agentmemorybench:fact-mh-262k:context-0/factconsolidation_mh_262k_no21,0.8500000000000001,0.9894436615606202,5.437500050640665,1.0
agentmemorybench:fact-mh-262k:context-0/factconsolidation_mh_262k_no21,0.9,0.9876507111403932,4.7916667173461365,1.0
agentmemorybench:fact-mh-262k:context-0/factconsolidation_mh_262k_no21,0.9500000000000001,0.9876507111403932,4.7916667173461365,1.0
agentmemorybench:fact-mh-262k:context-0/factconsolidation_mh_262k_no21,1.0,0.9939872957873558,5.270833379666631,1.0
agentmemorybench:fact-mh-262k:context-0/factconsolidation_mh_262k_no22,0.0,0.009137199171423527,-4.687500069383532,0.0
agentmemorybench:fact-mh-262k:context-0/factconsolidation_mh_262k_no22,0.05,0.009137199171423527,-4.687500069383532,0.0
agentmemorybench:fact-mh-262k:context-0/factconsolidation_mh_262k_no22,0.1,0.009137199171423527,-4.687500069383532,0.0
agentmemorybench:fact-mh-262k:context-0/factconsolidation_mh_262k_no22,0.15000000000000002,0.3218102607067742,-2.145833348389715,0.0
agentmemorybench:fact-mh-262k:context-0/factconsolidation_mh_262k_no22,0.2,0.3218102607067742,-2.145833348389715,0.0
agentmemorybench:fact-mh-262k:context-0/factconsolidation_mh_262k_no22,0.25,0.5982871270198529,-0.020833340163032215,0.1111111111111111
agentmemorybench:fact-mh-262k:context-0/factconsolidation_mh_262k_no22,0.30000000000000004,0.5982871270198529,-0.020833340163032215,0.1111111111111111
agentmemorybench:fact-mh-262k:context-0/factconsolidation_mh_262k_no22,0.35000000000000003,0.5982871270198529,-0.020833340163032215,0.1111111111111111
agentmemorybench:fact-mh-262k:context-0/factconsolidation_mh_262k_no22,0.4,0.4456395035686969,-0.7291666784634193,0.1111111111111111
agentmemorybench:fact-mh-262k:context-0/factconsolidation_mh_262k_no22,0.45,0.4456395035686969,-0.7291666784634193,0.1111111111111111
agentmemorybench:fact-mh-262k:context-0/factconsolidation_mh_262k_no22,0.5,0.5882625105050705,0.3749999975164731,0.2222222222222222
agentmemorybench:fact-mh-262k:context-0/factconsolidation_mh_262k_no22,0.55,0.5882625105050705,0.3749999975164731,0.2222222222222222
agentmemorybench:fact-mh-262k:context-0/factconsolidation_mh_262k_no22,0.6000000000000001,0.5882625105050705,0.3749999975164731,0.2222222222222222
agentmemorybench:fact-mh-262k:context-0/factconsolidation_mh_262k_no22,0.65,0.5924332902013237,0.4166667014360428,0.2222222222222222
agentmemorybench:fact-mh-262k:context-0/factconsolidation_mh_262k_no22,0.7000000000000001,0.5924332902013237,0.4166667014360428,0.2222222222222222
agentmemorybench:fact-mh-262k:context-0/factconsolidation_mh_262k_no22,0.75,0.8539972268377628,1.8541666753590107,0.3333333333333333
agentmemorybench:fact-mh-262k:context-0/factconsolidation_mh_262k_no22,0.8,0.8539972268377628,1.8541666753590107,0.3333333333333333
agentmemorybench:fact-mh-262k:context-0/factconsolidation_mh_262k_no22,0.8500000000000001,0.8539972268377628,1.8541666753590107,0.3333333333333333
agentmemorybench:fact-mh-262k:context-0/factconsolidation_mh_262k_no22,0.9,0.9140982378217944,2.4166667138536773,0.3333333333333333
agentmemorybench:fact-mh-262k:context-0/factconsolidation_mh_262k_no22,0.9500000000000001,0.9140982378217944,2.4166667138536773,0.3333333333333333
agentmemorybench:fact-mh-262k:context-0/factconsolidation_mh_262k_no22,1.0,0.9973361441109225,7.229166535355034,0.4444444444444444
agentmemorybench:fact-mh-262k:context-0/factconsolidation_mh_262k_no23,0.0,0.011950083244100185,-4.416666516878952,0.0
agentmemorybench:fact-mh-262k:context-0/factconsolidation_mh_262k_no23,0.05,0.011950083244100185,-4.416666516878952,0.0
agentmemorybench:fact-mh-262k:context-0/factconsolidation_mh_262k_no23,0.1,0.011950083244100185,-4.416666516878952,0.0
agentmemorybench:fact-mh-262k:context-0/factconsolidation_mh_262k_no23,0.15000000000000002,0.011950083244100185,-4.416666516878952,0.0
agentmemorybench:fact-mh-262k:context-0/factconsolidation_mh_262k_no23,0.2,0.011950083244100185,-4.416666516878952,0.0
agentmemorybench:fact-mh-262k:context-0/factconsolidation_mh_262k_no23,0.25,0.7189503502250245,1.0208333060145378,0.0
agentmemorybench:fact-mh-262k:context-0/factconsolidation_mh_262k_no23,0.30000000000000004,0.7189503502250245,1.0208333060145378,0.0
agentmemorybench:fact-mh-262k:context-0/factconsolidation_mh_262k_no23,0.35000000000000003,0.7189503502250245,1.0208333060145378,0.0
agentmemorybench:fact-mh-262k:context-0/factconsolidation_mh_262k_no23,0.4,0.7189503502250245,1.0208333060145378,0.0
agentmemorybench:fact-mh-262k:context-0/factconsolidation_mh_262k_no23,0.45,0.7189503502250245,1.0208333060145378,0.0
agentmemorybench:fact-mh-262k:context-0/factconsolidation_mh_262k_no23,0.5,0.7850261089592735,1.604166681567828,0.5
agentmemorybench:fact-mh-262k:context-0/factconsolidation_mh_262k_no23,0.55,0.7850261089592735,1.604166681567828,0.5
agentmemorybench:fact-mh-262k:context-0/factconsolidation_mh_262k_no23,0.6000000000000001,0.7850261089592735,1.604166681567828,0.5
agentmemorybench:fact-mh-262k:context-0/factconsolidation_mh_262k_no23,0.65,0.7850261089592735,1.604166681567828,0.5
agentmemorybench:fact-mh-262k:context-0/factconsolidation_mh_262k_no23,0.7000000000000001,0.7850261089592735,1.604166681567828,0.5
agentmemorybench:fact-mh-262k:context-0/factconsolidation_mh_262k_no23,0.75,0.9628933360526751,3.2708332960804305,0.5
agentmemorybench:fact-mh-262k:context-0/factconsolidation_mh_262k_no23,0.8,0.9628933360526751,3.2708332960804305,0.5
agentmemorybench:fact-mh-262k:context-0/factconsolidation_mh_262k_no23,0.8500000000000001,0.9628933360526751,3.2708332960804305,0.5
agentmemorybench:fact-mh-262k:context-0/factconsolidation_mh_262k_no23,0.9,0.9628933360526751,3.2708332960804305,0.5
agentmemorybench:fact-mh-262k:context-0/factconsolidation_mh_262k_no23,0.9500000000000001,0.9628933360526751,3.2708332960804305,0.5
agentmemorybench:fact-mh-262k:context-0/factconsolidation_mh_262k_no23,1.0,0.9962697624208822,6.354166588425869,1.0
agentmemorybench:fact-mh-262k:context-0/factconsolidation_mh_262k_no24,0.0,0.04127143293454723,-3.145833301047484,0.0
agentmemorybench:fact-mh-262k:context-0/factconsolidation_mh_262k_no24,0.05,0.04127143293454723,-3.145833301047484,0.0
agentmemorybench:fact-mh-262k:context-0/factconsolidation_mh_262k_no24,0.1,0.04127143293454723,-3.145833301047484,0.0
agentmemorybench:fact-mh-262k:context-0/factconsolidation_mh_262k_no24,0.15000000000000002,0.04127143293454723,-3.145833301047484,0.0
agentmemorybench:fact-mh-262k:context-0/factconsolidation_mh_262k_no24,0.2,0.04127143293454723,-3.145833301047484,0.0
agentmemorybench:fact-mh-262k:context-0/factconsolidation_mh_262k_no24,0.25,0.3508047803074927,-0.9374999528129896,0.0
agentmemorybench:fact-mh-262k:context-0/factconsolidation_mh_262k_no24,0.30000000000000004,0.3508047803074927,-0.9374999528129896,0.0
agentmemorybench:fact-mh-262k:context-0/factconsolidation_mh_262k_no24,0.35000000000000003,0.3508047803074927,-0.9374999528129896,0.0
agentmemorybench:fact-mh-262k:context-0/factconsolidation_mh_262k_no24,0.4,0.3508047803074927,-0.9374999528129896,0.0
agentmemorybench:fact-mh-262k:context-0/factconsolidation_mh_262k_no24,0.45,0.3508047803074927,-0.9374999528129896,0.0
agentmemorybench:fact-mh-262k:context-0/factconsolidation_mh_262k_no24,0.5,0.9788046574912977,4.6458333534537815,0.16666666666666666
agentmemorybench:fact-mh-262k:context-0/factconsolidation_mh_262k_no24,0.55,0.9788046574912977,4.6458333534537815,0.16666666666666666
agentmemorybench:fact-mh-262k:context-0/factconsolidation_mh_262k_no24,0.6000000000000001,0.9788046574912977,4.6458333534537815,0.16666666666666666
agentmemorybench:fact-mh-262k:context-0/factconsolidation_mh_262k_no24,0.65,0.9788046574912977,4.6458333534537815,0.16666666666666666
agentmemorybench:fact-mh-262k:context-0/factconsolidation_mh_262k_no24,0.7000000000000001,0.9788046574912977,4.6458333534537815,0.16666666666666666
agentmemorybench:fact-mh-262k:context-0/factconsolidation_mh_262k_no24,0.75,0.9749460733460359,3.7499999552965164,0.16666666666666666
agentmemorybench:fact-mh-262k:context-0/factconsolidation_mh_262k_no24,0.8,0.9749460733460359,3.7499999552965164,0.16666666666666666
agentmemorybench:fact-mh-262k:context-0/factconsolidation_mh_262k_no24,0.8500000000000001,0.9749460733460359,3.7499999552965164,0.16666666666666666
agentmemorybench:fact-mh-262k:context-0/factconsolidation_mh_262k_no24,0.9,0.9749460733460359,3.7499999552965164,0.16666666666666666
agentmemorybench:fact-mh-262k:context-0/factconsolidation_mh_262k_no24,0.9500000000000001,0.9749460733460359,3.7499999552965164,0.16666666666666666
agentmemorybench:fact-mh-262k:context-0/factconsolidation_mh_262k_no24,1.0,0.9987691702635647,7.499999969222699,0.6666666666666666
agentmemorybench:fact-mh-262k:context-0/factconsolidation_mh_262k_no25,0.0,0.022095696114077273,-3.791666740551591,0.0
agentmemorybench:fact-mh-262k:context-0/factconsolidation_mh_262k_no25,0.05,0.022095696114077273,-3.791666740551591,0.0
agentmemorybench:fact-mh-262k:context-0/factconsolidation_mh_262k_no25,0.1,0.022095696114077273,-3.791666740551591,0.0
agentmemorybench:fact-mh-262k:context-0/factconsolidation_mh_262k_no25,0.15000000000000002,0.1259663860552882,-2.7708333854873977,0.0
agentmemorybench:fact-mh-262k:context-0/factconsolidation_mh_262k_no25,0.2,0.35989148368932433,-0.6041666716337204,0.0
agentmemorybench:fact-mh-262k:context-0/factconsolidation_mh_262k_no25,0.25,0.35989148368932433,-0.6041666716337204,0.0
agentmemorybench:fact-mh-262k:context-0/factconsolidation_mh_262k_no25,0.30000000000000004,0.49204786587395627,-0.041666656732559204,0.08333333333333333
agentmemorybench:fact-mh-262k:context-0/factconsolidation_mh_262k_no25,0.35000000000000003,0.502450990331875,9.934107462565104e-09,0.08333333333333333
agentmemorybench:fact-mh-262k:context-0/factconsolidation_mh_262k_no25,0.4,0.6868182484014224,0.8333333631356558,0.16666666666666666
agentmemorybench:fact-mh-262k:context-0/factconsolidation_mh_262k_no25,0.45,0.7552270563394973,1.3958333674818277,0.16666666666666666
agentmemorybench:fact-mh-262k:context-0/factconsolidation_mh_262k_no25,0.5,0.8647118511151585,1.9583333873500426,0.16666666666666666
agentmemorybench:fact-mh-262k:context-0/factconsolidation_mh_262k_no25,0.55,0.8647118511151585,1.9583333873500426,0.16666666666666666
agentmemorybench:fact-mh-262k:context-0/factconsolidation_mh_262k_no25,0.6000000000000001,0.7560583429928229,1.6875000540167093,0.16666666666666666
agentmemorybench:fact-mh-262k:context-0/factconsolidation_mh_262k_no25,0.65,0.7560583429928229,1.6875000540167093,0.16666666666666666
agentmemorybench:fact-mh-262k:context-0/factconsolidation_mh_262k_no25,0.7000000000000001,0.7388594926324079,1.5625000192473333,0.16666666666666666
agentmemorybench:fact-mh-262k:context-0/factconsolidation_mh_262k_no25,0.75,0.7369152860442769,1.4999999733020861,0.16666666666666666
agentmemorybench:fact-mh-262k:context-0/factconsolidation_mh_262k_no25,0.8,0.8975216300654739,2.3958333066354194,0.16666666666666666
agentmemorybench:fact-mh-262k:context-0/factconsolidation_mh_262k_no25,0.8500000000000001,0.9586400659118471,3.499999971439441,0.16666666666666666
agentmemorybench:fact-mh-262k:context-0/factconsolidation_mh_262k_no25,0.9,0.9698848956380477,4.583333334167643,0.16666666666666666
agentmemorybench:fact-mh-262k:context-0/factconsolidation_mh_262k_no25,0.9500000000000001,0.9698848956380477,4.583333334167643,0.16666666666666666
agentmemorybench:fact-mh-262k:context-0/factconsolidation_mh_262k_no25,1.0,0.9936165654204127,5.2916666904930025,0.16666666666666666
agentmemorybench:fact-mh-262k:context-0/factconsolidation_mh_262k_no26,0.0,0.010986940935499184,-4.500000155996531,0.0
agentmemorybench:fact-mh-262k:context-0/factconsolidation_mh_262k_no26,0.05,0.010986940935499184,-4.500000155996531,0.0
agentmemorybench:fact-mh-262k:context-0/factconsolidation_mh_262k_no26,0.1,0.010986940935499184,-4.500000155996531,0.0
agentmemorybench:fact-mh-262k:context-0/factconsolidation_mh_262k_no26,0.15000000000000002,0.010986940935499184,-4.500000155996531,0.0
agentmemorybench:fact-mh-262k:context-0/factconsolidation_mh_262k_no26,0.2,0.010986940935499184,-4.500000155996531,0.0
agentmemorybench:fact-mh-262k:context-0/factconsolidation_mh_262k_no26,0.25,0.010986940935499184,-4.500000155996531,0.0
agentmemorybench:fact-mh-262k:context-0/factconsolidation_mh_262k_no26,0.30000000000000004,0.010986940935499184,-4.500000155996531,0.0
agentmemorybench:fact-mh-262k:context-0/factconsolidation_mh_262k_no26,0.35000000000000003,0.010986940935499184,-4.500000155996531,0.0
agentmemorybench:fact-mh-262k:context-0/factconsolidation_mh_262k_no26,0.4,0.010986940935499184,-4.500000155996531,0.0
agentmemorybench:fact-mh-262k:context-0/factconsolidation_mh_262k_no26,0.45,0.010986940935499184,-4.500000155996531,0.0
agentmemorybench:fact-mh-262k:context-0/factconsolidation_mh_262k_no26,0.5,0.8825991691900809,2.187499993170301,0.0
agentmemorybench:fact-mh-262k:context-0/factconsolidation_mh_262k_no26,0.55,0.8825991691900809,2.187499993170301,0.0
agentmemorybench:fact-mh-262k:context-0/factconsolidation_mh_262k_no26,0.6000000000000001,0.8825991691900809,2.187499993170301,0.0
agentmemorybench:fact-mh-262k:context-0/factconsolidation_mh_262k_no26,0.65,0.8825991691900809,2.187499993170301,0.0
agentmemorybench:fact-mh-262k:context-0/factconsolidation_mh_262k_no26,0.7000000000000001,0.8825991691900809,2.187499993170301,0.0
agentmemorybench:fact-mh-262k:context-0/factconsolidation_mh_262k_no26,0.75,0.8825991691900809,2.187499993170301,0.0
agentmemorybench:fact-mh-262k:context-0/factconsolidation_mh_262k_no26,0.8,0.8825991691900809,2.187499993170301,0.0
agentmemorybench:fact-mh-262k:context-0/factconsolidation_mh_262k_no26,0.8500000000000001,0.8825991691900809,2.187499993170301,0.0
agentmemorybench:fact-mh-262k:context-0/factconsolidation_mh_262k_no26,0.9,0.8825991691900809,2.187499993170301,0.0
agentmemorybench:fact-mh-262k:context-0/factconsolidation_mh_262k_no26,0.9500000000000001,0.8825991691900809,2.187499993170301,0.0
agentmemorybench:fact-mh-262k:context-0/factconsolidation_mh_262k_no26,1.0,0.9993162403875994,7.333333272792515,1.0
agentmemorybench:fact-mh-262k:context-0/factconsolidation_mh_262k_no27,0.0,0.010767347249841333,-4.520833210243533,0.0
agentmemorybench:fact-mh-262k:context-0/factconsolidation_mh_262k_no27,0.05,0.010767347249841333,-4.520833210243533,0.0
agentmemorybench:fact-mh-262k:context-0/factconsolidation_mh_262k_no27,0.1,0.010767347249841333,-4.520833210243533,0.0
agentmemorybench:fact-mh-262k:context-0/factconsolidation_mh_262k_no27,0.15000000000000002,0.08070413083070735,-3.124999936359624,0.0
agentmemorybench:fact-mh-262k:context-0/factconsolidation_mh_262k_no27,0.2,0.12382056620367682,-2.2291666508341828,0.0
agentmemorybench:fact-mh-262k:context-0/factconsolidation_mh_262k_no27,0.25,0.3065482768780273,-0.9583333457509676,0.16666666666666666
agentmemorybench:fact-mh-262k:context-0/factconsolidation_mh_262k_no27,0.30000000000000004,0.4111505104325878,-0.47916666418313975,0.16666666666666666
agentmemorybench:fact-mh-262k:context-0/factconsolidation_mh_262k_no27,0.35000000000000003,0.4847143170175392,-0.12499998261531187,0.25
agentmemorybench:fact-mh-262k:context-0/factconsolidation_mh_262k_no27,0.4,0.6454220106218453,0.6458333482344946,0.25
agentmemorybench:fact-mh-262k:context-0/factconsolidation_mh_262k_no27,0.45,0.6399874501100618,0.6041666716337204,0.4166666666666667
agentmemorybench:fact-mh-262k:context-0/factconsolidation_mh_262k_no27,0.5,0.6399874501100618,0.6041666716337204,0.4166666666666667
agentmemorybench:fact-mh-262k:context-0/factconsolidation_mh_262k_no27,0.55,0.6399874501100618,0.6041666716337204,0.4166666666666667
agentmemorybench:fact-mh-262k:context-0/factconsolidation_mh_262k_no27,0.6000000000000001,0.795031947716672,1.4583333134651184,0.4166666666666667
agentmemorybench:fact-mh-262k:context-0/factconsolidation_mh_262k_no27,0.65,0.795031947716672,1.4583333134651184,0.4166666666666667
agentmemorybench:fact-mh-262k:context-0/factconsolidation_mh_262k_no27,0.7000000000000001,0.8320399561743624,2.0208333268140755,0.4166666666666667
agentmemorybench:fact-mh-262k:context-0/factconsolidation_mh_262k_no27,0.75,0.8713268805218507,2.9791666491267583,0.4166666666666667
agentmemorybench:fact-mh-262k:context-0/factconsolidation_mh_262k_no27,0.8,0.9178740274271432,3.7916666968570403,0.4166666666666667
agentmemorybench:fact-mh-262k:context-0/factconsolidation_mh_262k_no27,0.8500000000000001,0.9178740274271432,3.7916666968570403,0.4166666666666667
agentmemorybench:fact-mh-262k:context-0/factconsolidation_mh_262k_no27,0.9,0.9010031338755007,2.687500013038516,0.4166666666666667
agentmemorybench:fact-mh-262k:context-0/factconsolidation_mh_262k_no27,0.9500000000000001,0.9010031338755007,2.687500013038516,0.4166666666666667
agentmemorybench:fact-mh-262k:context-0/factconsolidation_mh_262k_no27,1.0,0.9963567944072386,5.895833429201351,0.5833333333333334
agentmemorybench:fact-mh-262k:context-0/factconsolidation_mh_262k_no28,0.0,0.02544593321307108,-3.645833397594591,0.0
agentmemorybench:fact-mh-262k:context-0/factconsolidation_mh_262k_no28,0.05,0.02544593321307108,-3.645833397594591,0.0
agentmemorybench:fact-mh-262k:context-0/factconsolidation_mh_262k_no28,0.1,0.02544593321307108,-3.645833397594591,0.0
agentmemorybench:fact-mh-262k:context-0/factconsolidation_mh_262k_no28,0.15000000000000002,0.02544593321307108,-3.645833397594591,0.0
agentmemorybench:fact-mh-262k:context-0/factconsolidation_mh_262k_no28,0.2,0.2866606417787853,-1.9375000471870105,0.0
agentmemorybench:fact-mh-262k:context-0/factconsolidation_mh_262k_no28,0.25,0.8864296305529127,2.229166672875484,0.0
agentmemorybench:fact-mh-262k:context-0/factconsolidation_mh_262k_no28,0.30000000000000004,0.8864296305529127,2.229166672875484,0.0
agentmemorybench:fact-mh-262k:context-0/factconsolidation_mh_262k_no28,0.35000000000000003,0.6987688976132634,1.375000008692344,0.0
agentmemorybench:fact-mh-262k:context-0/factconsolidation_mh_262k_no28,0.4,0.6987688976132634,1.375000008692344,0.0
agentmemorybench:fact-mh-262k:context-0/factconsolidation_mh_262k_no28,0.45,0.6987688976132634,1.375000008692344,0.0
agentmemorybench:fact-mh-262k:context-0/factconsolidation_mh_262k_no28,0.5,0.7964356927955847,1.6041666182378929,0.3333333333333333
agentmemorybench:fact-mh-262k:context-0/factconsolidation_mh_262k_no28,0.55,0.7964356927955847,1.6041666182378929,0.3333333333333333
agentmemorybench:fact-mh-262k:context-0/factconsolidation_mh_262k_no28,0.6000000000000001,0.7964356927955847,1.6041666182378929,0.3333333333333333
agentmemorybench:fact-mh-262k:context-0/factconsolidation_mh_262k_no28,0.65,0.7964356927955847,1.6041666182378929,0.3333333333333333
agentmemorybench:fact-mh-262k:context-0/factconsolidation_mh_262k_no28,0.7000000000000001,0.7927669578506477,1.583333309739828,0.5
agentmemorybench:fact-mh-262k:context-0/factconsolidation_mh_262k_no28,0.75,0.8972132935148842,2.5625000335276127,0.5
agentmemorybench:fact-mh-262k:context-0/factconsolidation_mh_262k_no28,0.8,0.8972132935148842,2.5625000335276127,0.5
agentmemorybench:fact-mh-262k:context-0/factconsolidation_mh_262k_no28,0.8500000000000001,0.9619024629156204,3.2291666896392903,0.5
agentmemorybench:fact-mh-262k:context-0/factconsolidation_mh_262k_no28,0.9,0.9619024629156204,3.2291666896392903,0.5
agentmemorybench:fact-mh-262k:context-0/factconsolidation_mh_262k_no28,0.9500000000000001,0.9619024629156204,3.2291666896392903,0.5
agentmemorybench:fact-mh-262k:context-0/factconsolidation_mh_262k_no28,1.0,0.9979087305867277,6.229166534535277,1.0
agentmemorybench:fact-mh-262k:context-0/factconsolidation_mh_262k_no29,0.0,0.012695375213358027,-4.3541666075276835,0.0
agentmemorybench:fact-mh-262k:context-0/factconsolidation_mh_262k_no29,0.05,0.012695375213358027,-4.3541666075276835,0.0
agentmemorybench:fact-mh-262k:context-0/factconsolidation_mh_262k_no29,0.1,0.012695375213358027,-4.3541666075276835,0.0
agentmemorybench:fact-mh-262k:context-0/factconsolidation_mh_262k_no29,0.15000000000000002,0.012695375213358027,-4.3541666075276835,0.0
agentmemorybench:fact-mh-262k:context-0/factconsolidation_mh_262k_no29,0.2,0.012695375213358027,-4.3541666075276835,0.0
agentmemorybench:fact-mh-262k:context-0/factconsolidation_mh_262k_no29,0.25,0.2676514449660741,-2.479166636398683,0.0
agentmemorybench:fact-mh-262k:context-0/factconsolidation_mh_262k_no29,0.30000000000000004,0.2676514449660741,-2.479166636398683,0.0
agentmemorybench:fact-mh-262k:context-0/factconsolidation_mh_262k_no29,0.35000000000000003,0.7842621698967988,1.2916666865348816,0.0
agentmemorybench:fact-mh-262k:context-0/factconsolidation_mh_262k_no29,0.4,0.7842621698967988,1.2916666865348816,0.0
agentmemorybench:fact-mh-262k:context-0/factconsolidation_mh_262k_no29,0.45,0.7842621698967988,1.2916666865348816,0.0
agentmemorybench:fact-mh-262k:context-0/factconsolidation_mh_262k_no29,0.5,0.8508364267036767,2.125000042219957,0.16666666666666666
agentmemorybench:fact-mh-262k:context-0/factconsolidation_mh_262k_no29,0.55,0.8508364267036767,2.125000042219957,0.16666666666666666
agentmemorybench:fact-mh-262k:context-0/factconsolidation_mh_262k_no29,0.6000000000000001,0.8508364267036767,2.125000042219957,0.16666666666666666
agentmemorybench:fact-mh-262k:context-0/factconsolidation_mh_262k_no29,0.65,0.8508364267036767,2.125000042219957,0.16666666666666666
agentmemorybench:fact-mh-262k:context-0/factconsolidation_mh_262k_no29,0.7000000000000001,0.9642823934983585,3.3333333948006234,0.16666666666666666
agentmemorybench:fact-mh-262k:context-0/factconsolidation_mh_262k_no29,0.75,0.9647364056022524,3.354166716337204,0.16666666666666666
agentmemorybench:fact-mh-262k:context-0/factconsolidation_mh_262k_no29,0.8,0.9647364056022524,3.354166716337204,0.16666666666666666
agentmemorybench:fact-mh-262k:context-0/factconsolidation_mh_262k_no29,0.8500000000000001,0.9647364056022524,3.354166716337204,0.16666666666666666
agentmemorybench:fact-mh-262k:context-0/factconsolidation_mh_262k_no29,0.9,0.9647364056022524,3.354166716337204,0.16666666666666666
agentmemorybench:fact-mh-262k:context-0/factconsolidation_mh_262k_no29,0.9500000000000001,0.9647364056022524,3.354166716337204,0.16666666666666666
agentmemorybench:fact-mh-262k:context-0/factconsolidation_mh_262k_no29,1.0,0.9997480512124209,8.645833149782751,1.0
agentmemorybench:fact-mh-262k:context-0/factconsolidation_mh_262k_no3,0.0,0.011701949531342563,-4.437500083508591,0.0
agentmemorybench:fact-mh-262k:context-0/factconsolidation_mh_262k_no3,0.05,0.011701949531342563,-4.437500083508591,0.0
agentmemorybench:fact-mh-262k:context-0/factconsolidation_mh_262k_no3,0.1,0.011701949531342563,-4.437500083508591,0.0
agentmemorybench:fact-mh-262k:context-0/factconsolidation_mh_262k_no3,0.15000000000000002,0.011701949531342563,-4.437500083508591,0.0
agentmemorybench:fact-mh-262k:context-0/factconsolidation_mh_262k_no3,0.2,0.011701949531342563,-4.437500083508591,0.0
agentmemorybench:fact-mh-262k:context-0/factconsolidation_mh_262k_no3,0.25,0.32357185805622235,-1.9791667433455586,0.0
agentmemorybench:fact-mh-262k:context-0/factconsolidation_mh_262k_no3,0.30000000000000004,0.32357185805622235,-1.9791667433455586,0.0
agentmemorybench:fact-mh-262k:context-0/factconsolidation_mh_262k_no3,0.35000000000000003,0.32357185805622235,-1.9791667433455586,0.0
agentmemorybench:fact-mh-262k:context-0/factconsolidation_mh_262k_no3,0.4,0.32357185805622235,-1.9791667433455586,0.0
agentmemorybench:fact-mh-262k:context-0/factconsolidation_mh_262k_no3,0.45,0.32357185805622235,-1.9791667433455586,0.0
agentmemorybench:fact-mh-262k:context-0/factconsolidation_mh_262k_no3,0.5,0.9676892604825637,4.145833395033454,0.16666666666666666
agentmemorybench:fact-mh-262k:context-0/factconsolidation_mh_262k_no3,0.55,0.9676892604825637,4.145833395033454,0.16666666666666666
agentmemorybench:fact-mh-262k:context-0/factconsolidation_mh_262k_no3,0.6000000000000001,0.9676892604825637,4.145833395033454,0.16666666666666666
agentmemorybench:fact-mh-262k:context-0/factconsolidation_mh_262k_no3,0.65,0.9676892604825637,4.145833395033454,0.16666666666666666
agentmemorybench:fact-mh-262k:context-0/factconsolidation_mh_262k_no3,0.7000000000000001,0.9676892604825637,4.145833395033454,0.16666666666666666
agentmemorybench:fact-mh-262k:context-0/factconsolidation_mh_262k_no3,0.75,0.9596037156390359,3.229166679394742,0.16666666666666666
agentmemorybench:fact-mh-262k:context-0/factconsolidation_mh_262k_no3,0.8,0.9596037156390359,3.229166679394742,0.16666666666666666
agentmemorybench:fact-mh-262k:context-0/factconsolidation_mh_262k_no3,0.8500000000000001,0.9596037156390359,3.229166679394742,0.16666666666666666
agentmemorybench:fact-mh-262k:context-0/factconsolidation_mh_262k_no3,0.9,0.9596037156390359,3.229166679394742,0.16666666666666666
agentmemorybench:fact-mh-262k:context-0/factconsolidation_mh_262k_no3,0.9500000000000001,0.9596037156390359,3.229166679394742,0.16666666666666666
agentmemorybench:fact-mh-262k:context-0/factconsolidation_mh_262k_no3,1.0,0.9981776536505457,6.4166665984957945,0.6666666666666666
agentmemorybench:fact-mh-262k:context-0/factconsolidation_mh_262k_no30,0.0,0.020332353763147334,-3.874999978890022,0.0
agentmemorybench:fact-mh-262k:context-0/factconsolidation_mh_262k_no30,0.05,0.020332353763147334,-3.874999978890022,0.0
agentmemorybench:fact-mh-262k:context-0/factconsolidation_mh_262k_no30,0.1,0.020332353763147334,-3.874999978890022,0.0
agentmemorybench:fact-mh-262k:context-0/factconsolidation_mh_262k_no30,0.15000000000000002,0.020332353763147334,-3.874999978890022,0.0
agentmemorybench:fact-mh-262k:context-0/factconsolidation_mh_262k_no30,0.2,0.020332353763147334,-3.874999978890022,0.0
agentmemorybench:fact-mh-262k:context-0/factconsolidation_mh_262k_no30,0.25,0.6258523402034003,0.45833336251477386,0.0
agentmemorybench:fact-mh-262k:context-0/factconsolidation_mh_262k_no30,0.30000000000000004,0.6258523402034003,0.45833336251477386,0.0
agentmemorybench:fact-mh-262k:context-0/factconsolidation_mh_262k_no30,0.35000000000000003,0.6258523402034003,0.45833336251477386,0.0
agentmemorybench:fact-mh-262k:context-0/factconsolidation_mh_262k_no30,0.4,0.6258523402034003,0.45833336251477386,0.0
agentmemorybench:fact-mh-262k:context-0/factconsolidation_mh_262k_no30,0.45,0.6258523402034003,0.45833336251477386,0.0
agentmemorybench:fact-mh-262k:context-0/factconsolidation_mh_262k_no30,0.5,0.8785581684921673,3.8958332316494,0.3333333333333333
agentmemorybench:fact-mh-262k:context-0/factconsolidation_mh_262k_no30,0.55,0.8785581684921673,3.8958332316494,0.3333333333333333
agentmemorybench:fact-mh-262k:context-0/factconsolidation_mh_262k_no30,0.6000000000000001,0.8785581684921673,3.8958332316494,0.3333333333333333
agentmemorybench:fact-mh-262k:context-0/factconsolidation_mh_262k_no30,0.65,0.8785581684921673,3.8958332316494,0.3333333333333333
agentmemorybench:fact-mh-262k:context-0/factconsolidation_mh_262k_no30,0.7000000000000001,0.8785581684921673,3.8958332316494,0.3333333333333333
agentmemorybench:fact-mh-262k:context-0/factconsolidation_mh_262k_no30,0.75,0.9805875203497433,5.729166674515,0.5
agentmemorybench:fact-mh-262k:context-0/factconsolidation_mh_262k_no30,0.8,0.9805875203497433,5.729166674515,0.5
agentmemorybench:fact-mh-262k:context-0/factconsolidation_mh_262k_no30,0.8500000000000001,0.9805875203497433,5.729166674515,0.5
agentmemorybench:fact-mh-262k:context-0/factconsolidation_mh_262k_no30,0.9,0.9805875203497433,5.729166674515,0.5
agentmemorybench:fact-mh-262k:context-0/factconsolidation_mh_262k_no30,0.9500000000000001,0.9805875203497433,5.729166674515,0.5
agentmemorybench:fact-mh-262k:context-0/factconsolidation_mh_262k_no30,1.0,0.9993410269664453,8.499999961491994,1.0
agentmemorybench:fact-mh-262k:context-0/factconsolidation_mh_262k_no31,0.0,0.009915036440128736,-4.604166534418861,0.0
agentmemorybench:fact-mh-262k:context-0/factconsolidation_mh_262k_no31,0.05,0.009915036440128736,-4.604166534418861,0.0
agentmemorybench:fact-mh-262k:context-0/factconsolidation_mh_262k_no31,0.1,0.009915036440128736,-4.604166534418861,0.0
agentmemorybench:fact-mh-262k:context-0/factconsolidation_mh_262k_no31,0.15000000000000002,0.009915036440128736,-4.604166534418861,0.0
agentmemorybench:fact-mh-262k:context-0/factconsolidation_mh_262k_no31,0.2,0.009915036440128736,-4.604166534418861,0.0
agentmemorybench:fact-mh-262k:context-0/factconsolidation_mh_262k_no31,0.25,0.22848239551632812,-2.833333265657226,0.0
agentmemorybench:fact-mh-262k:context-0/factconsolidation_mh_262k_no31,0.30000000000000004,0.22848239551632812,-2.833333265657226,0.0
agentmemorybench:fact-mh-262k:context-0/factconsolidation_mh_262k_no31,0.35000000000000003,0.22848239551632812,-2.833333265657226,0.0
agentmemorybench:fact-mh-262k:context-0/factconsolidation_mh_262k_no31,0.4,0.22848239551632812,-2.833333265657226,0.0
agentmemorybench:fact-mh-262k:context-0/factconsolidation_mh_262k_no31,0.45,0.22848239551632812,-2.833333265657226,0.0
agentmemorybench:fact-mh-262k:context-0/factconsolidation_mh_262k_no31,0.5,0.7241074173294785,1.7916666604578495,0.16666666666666666
agentmemorybench:fact-mh-262k:context-0/factconsolidation_mh_262k_no31,0.55,0.7241074173294785,1.7916666604578495,0.16666666666666666
agentmemorybench:fact-mh-262k:context-0/factconsolidation_mh_262k_no31,0.6000000000000001,0.7241074173294785,1.7916666604578495,0.16666666666666666
agentmemorybench:fact-mh-262k:context-0/factconsolidation_mh_262k_no31,0.65,0.7241074173294785,1.7916666604578495,0.16666666666666666
agentmemorybench:fact-mh-262k:context-0/factconsolidation_mh_262k_no31,0.7000000000000001,0.7241074173294785,1.7916666604578495,0.16666666666666666
agentmemorybench:fact-mh-262k:context-0/factconsolidation_mh_262k_no31,0.75,0.9578008426295505,3.1874999726812043,0.16666666666666666
agentmemorybench:fact-mh-262k:context-0/factconsolidation_mh_262k_no31,0.8,0.9578008426295505,3.1874999726812043,0.16666666666666666
agentmemorybench:fact-mh-262k:context-0/factconsolidation_mh_262k_no31,0.8500000000000001,0.9578008426295505,3.1874999726812043,0.16666666666666666
agentmemorybench:fact-mh-262k:context-0/factconsolidation_mh_262k_no31,0.9,0.9578008426295505,3.1874999726812043,0.16666666666666666
agentmemorybench:fact-mh-262k:context-0/factconsolidation_mh_262k_no31,0.9500000000000001,0.9578008426295505,3.1874999726812043,0.16666666666666666
agentmemorybench:fact-mh-262k:context-0/factconsolidation_mh_262k_no31,1.0,0.999177273710962,7.374999976265826,0.6666666666666666
agentmemorybench:fact-mh-262k:context-0/factconsolidation_mh_262k_no32,0.0,0.019929581811737335,-3.8958333001161614,0.0
agentmemorybench:fact-mh-262k:context-0/factconsolidation_mh_262k_no32,0.05,0.013455813994404741,-4.93750005523907,0.0
agentmemorybench:fact-mh-262k:context-0/factconsolidation_mh_262k_no32,0.1,0.005019137595536975,-5.645833265851252,0.0
agentmemorybench:fact-mh-262k:context-0/factconsolidation_mh_262k_no32,0.15000000000000002,0.02737574407036919,-4.250000014978771,0.0
agentmemorybench:fact-mh-262k:context-0/factconsolidation_mh_262k_no32,0.2,0.0037301851835183975,-5.791666779473114,0.0
agentmemorybench:fact-mh-262k:context-0/factconsolidation_mh_262k_no32,0.25,0.0033483537996189566,-6.458333325649922,0.0
agentmemorybench:fact-mh-262k:context-0/factconsolidation_mh_262k_no32,0.30000000000000004,0.1513511866185909,-3.6458333092935695,0.0
agentmemorybench:fact-mh-262k:context-0/factconsolidation_mh_262k_no32,0.35000000000000003,0.0975897206784097,-3.916666577618647,0.0
agentmemorybench:fact-mh-262k:context-0/factconsolidation_mh_262k_no32,0.4,0.11942013052142686,-3.6874999635037966,0.0
agentmemorybench:fact-mh-262k:context-0/factconsolidation_mh_262k_no32,0.45,0.12181921616882764,-2.6875000251457095,0.0
agentmemorybench:fact-mh-262k:context-0/factconsolidation_mh_262k_no32,0.5,0.4892130570462408,-0.6875000366320213,0.0
agentmemorybench:fact-mh-262k:context-0/factconsolidation_mh_262k_no32,0.55,0.25137716002371846,-2.14583335382243,0.16666666666666666
agentmemorybench:fact-mh-262k:context-0/factconsolidation_mh_262k_no32,0.6000000000000001,0.4432023196636108,-0.6041667231669029,0.16666666666666666
agentmemorybench:fact-mh-262k:context-0/factconsolidation_mh_262k_no32,0.65,0.5859607794729552,-0.18750001001171768,0.16666666666666666
agentmemorybench:fact-mh-262k:context-0/factconsolidation_mh_262k_no32,0.7000000000000001,0.3526666010582969,-1.833333350213555,0.16666666666666666
agentmemorybench:fact-mh-262k:context-0/factconsolidation_mh_262k_no32,0.75,0.43409049997691734,-0.9166666787738601,0.16666666666666666
agentmemorybench:fact-mh-262k:context-0/factconsolidation_mh_262k_no32,0.8,0.550471603838245,0.02083333705862363,0.16666666666666666
agentmemorybench:fact-mh-262k:context-0/factconsolidation_mh_262k_no32,0.8500000000000001,0.5217485018195495,-0.1041666567325592,0.16666666666666666
agentmemorybench:fact-mh-262k:context-0/factconsolidation_mh_262k_no32,0.9,0.5937512931320518,0.4374999950329463,0.25
agentmemorybench:fact-mh-262k:context-0/factconsolidation_mh_262k_no32,0.9500000000000001,0.39265497583744047,-0.5625000024835268,0.25
agentmemorybench:fact-mh-262k:context-0/factconsolidation_mh_262k_no32,1.0,0.34443462117749063,-0.9166666225840648,0.25
agentmemorybench:fact-mh-262k:context-0/factconsolidation_mh_262k_no33,0.0,0.012431652453938303,-4.3749998696148396,0.0
agentmemorybench:fact-mh-262k:context-0/factconsolidation_mh_262k_no33,0.05,0.012431652453938303,-4.3749998696148396,0.0
agentmemorybench:fact-mh-262k:context-0/factconsolidation_mh_262k_no33,0.1,0.3271548409460168,-1.5000000136593978,0.0
agentmemorybench:fact-mh-262k:context-0/factconsolidation_mh_262k_no33,0.15000000000000002,0.3271548409460168,-1.5000000136593978,0.0
agentmemorybench:fact-mh-262k:context-0/factconsolidation_mh_262k_no33,0.2,0.7146768906089732,1.0833333395421505,0.2222222222222222
agentmemorybench:fact-mh-262k:context-0/factconsolidation_mh_262k_no33,0.25,0.6711883965259938,0.8958333395421505,0.2222222222222222
agentmemorybench:fact-mh-262k:context-0/factconsolidation_mh_262k_no33,0.30000000000000004,0.6091696838225964,0.4583333432674408,0.2222222222222222
agentmemorybench:fact-mh-262k:context-0/factconsolidation_mh_262k_no33,0.35000000000000003,0.7517104941078779,1.1458333383003871,0.3333333333333333
agentmemorybench:fact-mh-262k:context-0/factconsolidation_mh_262k_no33,0.4,0.658120194280153,0.7499999950329462,0.3333333333333333
agentmemorybench:fact-mh-262k:context-0/factconsolidation_mh_262k_no33,0.45,0.5026687181829707,0.020833338300387066,0.3333333333333333
agentmemorybench:fact-mh-262k:context-0/factconsolidation_mh_262k_no33,0.5,0.5430306302811158,0.22916663686434427,0.3333333333333333
agentmemorybench:fact-mh-262k:context-0/factconsolidation_mh_262k_no33,0.55,0.39485358947739324,-0.5000000223517419,0.3333333333333333
agentmemorybench:fact-mh-262k:context-0/factconsolidation_mh_262k_no33,0.6000000000000001,0.45672288436472597,-0.18750001738468813,0.3333333333333333
agentmemorybench:fact-mh-262k:context-0/factconsolidation_mh_262k_no33,0.65,0.43363980019043097,-0.45833338052034395,0.3333333333333333
agentmemorybench:fact-mh-262k:context-0/factconsolidation_mh_262k_no33,0.7000000000000001,0.36741836548804824,0.3124999281523439,0.4444444444444444
agentmemorybench:fact-mh-262k:context-0/factconsolidation_mh_262k_no33,0.75,0.3450213465981227,-0.4999999591576246,0.4444444444444444
agentmemorybench:fact-mh-262k:context-0/factconsolidation_mh_262k_no33,0.8,0.3450213465981227,-0.4999999591576246,0.4444444444444444
agentmemorybench:fact-mh-262k:context-0/factconsolidation_mh_262k_no33,0.8500000000000001,0.3368869215369286,-1.4583333101278793,0.4444444444444444
agentmemorybench:fact-mh-262k:context-0/factconsolidation_mh_262k_no33,0.9,0.3368869215369286,-1.4583333101278793,0.4444444444444444
agentmemorybench:fact-mh-262k:context-0/factconsolidation_mh_262k_no33,0.9500000000000001,0.3412349310227938,-1.062499925416584,0.4444444444444444
agentmemorybench:fact-mh-262k:context-0/factconsolidation_mh_262k_no33,1.0,0.3393556186292741,-1.291666751417021,0.4444444444444444
agentmemorybench:fact-mh-262k:context-0/factconsolidation_mh_262k_no34,0.0,0.0053317250227823505,-5.22916673286818,0.0
agentmemorybench:fact-mh-262k:context-0/factconsolidation_mh_262k_no34,0.05,0.0053317250227823505,-5.22916673286818,0.0
agentmemorybench:fact-mh-262k:context-0/factconsolidation_mh_262k_no34,0.1,0.025286115876589788,-3.9791667545214295,0.0
agentmemorybench:fact-mh-262k:context-0/factconsolidation_mh_262k_no34,0.15000000000000002,0.061144540449433266,-2.9166667417933545,0.0
agentmemorybench:fact-mh-262k:context-0/factconsolidation_mh_262k_no34,0.2,0.03819434519785338,-5.374999990192009,0.0
agentmemorybench:fact-mh-262k:context-0/factconsolidation_mh_262k_no34,0.25,0.0010409434701555845,-6.958333289386549,0.0
agentmemorybench:fact-mh-262k:context-0/factconsolidation_mh_262k_no34,0.30000000000000004,0.0030200919674174035,-6.229166623369868,0.1111111111111111
agentmemorybench:fact-mh-262k:context-0/factconsolidation_mh_262k_no34,0.35000000000000003,0.0031367656725260636,-6.166666623641504,0.1111111111111111
agentmemorybench:fact-mh-262k:context-0/factconsolidation_mh_262k_no34,0.4,0.0033471226711650095,-5.874999978443763,0.2222222222222222
agentmemorybench:fact-mh-262k:context-0/factconsolidation_mh_262k_no34,0.45,0.003105215609955298,-6.020833333275125,0.3333333333333333
agentmemorybench:fact-mh-262k:context-0/factconsolidation_mh_262k_no34,0.5,0.002648888412777125,-6.062500024621841,0.3333333333333333
agentmemorybench:fact-mh-262k:context-0/factconsolidation_mh_262k_no34,0.55,0.004348523217196653,-5.812500019266736,0.3333333333333333
agentmemorybench:fact-mh-262k:context-0/factconsolidation_mh_262k_no34,0.6000000000000001,0.0049811063954122835,-5.583333313950182,0.3333333333333333
agentmemorybench:fact-mh-262k:context-0/factconsolidation_mh_262k_no34,0.65,0.13719614711862865,-4.562500005975987,0.3333333333333333
agentmemorybench:fact-mh-262k:context-0/factconsolidation_mh_262k_no34,0.7000000000000001,0.13645393416485332,-4.854166740124735,0.3333333333333333
agentmemorybench:fact-mh-262k:context-0/factconsolidation_mh_262k_no34,0.75,0.09449136250435962,-4.895833317947108,0.3333333333333333
agentmemorybench:fact-mh-262k:context-0/factconsolidation_mh_262k_no34,0.8,0.09449136250435962,-4.895833317947108,0.3333333333333333
agentmemorybench:fact-mh-262k:context-0/factconsolidation_mh_262k_no34,0.8500000000000001,0.11680352403135807,-4.916666660215317,0.3333333333333333
agentmemorybench:fact-mh-262k:context-0/factconsolidation_mh_262k_no34,0.9,0.11656394184006523,-5.270833353715716,0.3333333333333333
agentmemorybench:fact-mh-262k:context-0/factconsolidation_mh_262k_no34,0.9500000000000001,0.03806920558724849,-5.6041666579937255,0.3333333333333333
agentmemorybench:fact-mh-262k:context-0/factconsolidation_mh_262k_no34,1.0,0.07124621272993646,-5.499999922819067,0.3333333333333333
agentmemorybench:fact-mh-262k:context-0/factconsolidation_mh_262k_no35,0.0,0.010986941006338916,-4.500000149477273,0.0
agentmemorybench:fact-mh-262k:context-0/factconsolidation_mh_262k_no35,0.05,0.010986941006338916,-4.500000149477273,0.0
agentmemorybench:fact-mh-262k:context-0/factconsolidation_mh_262k_no35,0.1,0.010986941006338916,-4.500000149477273,0.0
agentmemorybench:fact-mh-262k:context-0/factconsolidation_mh_262k_no35,0.15000000000000002,0.8325596206677283,1.6041666517655055,0.0
agentmemorybench:fact-mh-262k:context-0/factconsolidation_mh_262k_no35,0.2,0.8325596206677283,1.6041666517655055,0.0
agentmemorybench:fact-mh-262k:context-0/factconsolidation_mh_262k_no35,0.25,0.7145169140668602,1.0208333134651184,0.08333333333333333
agentmemorybench:fact-mh-262k:context-0/factconsolidation_mh_262k_no35,0.30000000000000004,0.7053781392870561,0.9583333134651184,0.08333333333333333
agentmemorybench:fact-mh-262k:context-0/factconsolidation_mh_262k_no35,0.35000000000000003,0.7558297597144308,1.166666641831398,0.08333333333333333
agentmemorybench:fact-mh-262k:context-0/factconsolidation_mh_262k_no35,0.4,0.8009232144965174,1.6249999857197206,0.25
agentmemorybench:fact-mh-262k:context-0/factconsolidation_mh_262k_no35,0.45,0.850296839065379,2.0000000204890966,0.4166666666666667
agentmemorybench:fact-mh-262k:context-0/factconsolidation_mh_262k_no35,0.5,0.8513798701947694,2.020833340163032,0.4166666666666667
agentmemorybench:fact-mh-262k:context-0/factconsolidation_mh_262k_no35,0.55,0.8513798701947694,2.020833340163032,0.4166666666666667
agentmemorybench:fact-mh-262k:context-0/factconsolidation_mh_262k_no35,0.6000000000000001,0.9002790069795402,2.2708333178112903,0.5
agentmemorybench:fact-mh-262k:context-0/factconsolidation_mh_262k_no35,0.65,0.9013032394915808,2.291666653007269,0.5
agentmemorybench:fact-mh-262k:context-0/factconsolidation_mh_262k_no35,0.7000000000000001,0.9248724669997254,2.645833320915699,0.5
agentmemorybench:fact-mh-262k:context-0/factconsolidation_mh_262k_no35,0.75,0.9291028802037636,2.708333325261871,0.5833333333333334
agentmemorybench:fact-mh-262k:context-0/factconsolidation_mh_262k_no35,0.8,0.9359270123785839,2.9374999944120646,0.6666666666666666
agentmemorybench:fact-mh-262k:context-0/factconsolidation_mh_262k_no35,0.8500000000000001,0.9359270123785839,2.9374999944120646,0.6666666666666666
agentmemorybench:fact-mh-262k:context-0/factconsolidation_mh_262k_no35,0.9,0.9253830497543465,2.958333369344473,0.6666666666666666
agentmemorybench:fact-mh-262k:context-0/factconsolidation_mh_262k_no35,0.9500000000000001,0.9253830497543465,2.958333369344473,0.6666666666666666
agentmemorybench:fact-mh-262k:context-0/factconsolidation_mh_262k_no35,1.0,0.9849485824634242,4.645833298525152,0.8333333333333334
agentmemorybench:fact-mh-262k:context-0/factconsolidation_mh_262k_no36,0.0,0.022977370683608413,-3.7499999655410647,0.0
agentmemorybench:fact-mh-262k:context-0/factconsolidation_mh_262k_no36,0.05,0.022977370683608413,-3.7499999655410647,0.0
agentmemorybench:fact-mh-262k:context-0/factconsolidation_mh_262k_no36,0.1,0.15109604724225392,-2.6249999723707638,0.0
agentmemorybench:fact-mh-262k:context-0/factconsolidation_mh_262k_no36,0.15000000000000002,0.19278598945466097,-1.9583333277453978,0.0
agentmemorybench:fact-mh-262k:context-0/factconsolidation_mh_262k_no36,0.2,0.07190181342011004,-2.854166648040215,0.0
agentmemorybench:fact-mh-262k:context-0/factconsolidation_mh_262k_no36,0.25,0.1061759007670668,-3.1249999578576535,0.0
agentmemorybench:fact-mh-262k:context-0/factconsolidation_mh_262k_no36,0.30000000000000004,0.19373495013216036,-2.3749999659291157,0.08333333333333333
agentmemorybench:fact-mh-262k:context-0/factconsolidation_mh_262k_no36,0.35000000000000003,0.2146153788833665,-1.479166650523742,0.16666666666666666
agentmemorybench:fact-mh-262k:context-0/factconsolidation_mh_262k_no36,0.4,0.2892324966620992,-1.1666666554907958,0.16666666666666666
agentmemorybench:fact-mh-262k:context-0/factconsolidation_mh_262k_no36,0.45,0.506248397752538,0.020833343267440796,0.16666666666666666
agentmemorybench:fact-mh-262k:context-0/factconsolidation_mh_262k_no36,0.5,0.5199763054710093,-0.2083333587894837,0.25
agentmemorybench:fact-mh-262k:context-0/factconsolidation_mh_262k_no36,0.55,0.5189520745488095,-0.22916666294137636,0.25
agentmemorybench:fact-mh-262k:context-0/factconsolidation_mh_262k_no36,0.6000000000000001,0.5902383774099997,0.3333333072563012,0.25
agentmemorybench:fact-mh-262k:context-0/factconsolidation_mh_262k_no36,0.65,0.611059970686089,0.6249999950329462,0.25
agentmemorybench:fact-mh-262k:context-0/factconsolidation_mh_262k_no36,0.7000000000000001,0.5695979416366591,0.2291666939854622,0.25
agentmemorybench:fact-mh-262k:context-0/factconsolidation_mh_262k_no36,0.75,0.5408081088194555,-0.7291666968570402,0.25
agentmemorybench:fact-mh-262k:context-0/factconsolidation_mh_262k_no36,0.8,0.5628114471078692,-0.5625000475750616,0.25
agentmemorybench:fact-mh-262k:context-0/factconsolidation_mh_262k_no36,0.8500000000000001,0.5943410216976229,0.395833320915699,0.25
agentmemorybench:fact-mh-262k:context-0/factconsolidation_mh_262k_no36,0.9,0.6007517455924122,0.4583333221574624,0.25
agentmemorybench:fact-mh-262k:context-0/factconsolidation_mh_262k_no36,0.9500000000000001,0.5871544221891412,0.2708333420256774,0.25
agentmemorybench:fact-mh-262k:context-0/factconsolidation_mh_262k_no36,1.0,0.6741533173637095,3.458333389397012,0.25
agentmemorybench:fact-mh-262k:context-0/factconsolidation_mh_262k_no37,0.0,0.007425303170885529,-4.8958334146688385,0.0
agentmemorybench:fact-mh-262k:context-0/factconsolidation_mh_262k_no37,0.05,0.007425303170885529,-4.8958334146688385,0.0
agentmemorybench:fact-mh-262k:context-0/factconsolidation_mh_262k_no37,0.1,0.007425303170885529,-4.8958334146688385,0.0
agentmemorybench:fact-mh-262k:context-0/factconsolidation_mh_262k_no37,0.15000000000000002,0.007425303170885529,-4.8958334146688385,0.0
agentmemorybench:fact-mh-262k:context-0/factconsolidation_mh_262k_no37,0.2,0.007425303170885529,-4.8958334146688385,0.0
agentmemorybench:fact-mh-262k:context-0/factconsolidation_mh_262k_no37,0.25,0.31452109313051996,-2.395833380520344,0.0
agentmemorybench:fact-mh-262k:context-0/factconsolidation_mh_262k_no37,0.30000000000000004,0.31452109313051996,-2.395833380520344,0.0
agentmemorybench:fact-mh-262k:context-0/factconsolidation_mh_262k_no37,0.35000000000000003,0.9495276928430538,2.9791666275511184,0.0
agentmemorybench:fact-mh-262k:context-0/factconsolidation_mh_262k_no37,0.4,0.9495276928430538,2.9791666275511184,0.0
agentmemorybench:fact-mh-262k:context-0/factconsolidation_mh_262k_no37,0.45,0.9495276928430538,2.9791666275511184,0.0
agentmemorybench:fact-mh-262k:context-0/factconsolidation_mh_262k_no37,0.5,0.9466056052338859,2.937499991928538,0.16666666666666666
agentmemorybench:fact-mh-262k:context-0/factconsolidation_mh_262k_no37,0.55,0.9466056052338859,2.937499991928538,0.16666666666666666
agentmemorybench:fact-mh-262k:context-0/factconsolidation_mh_262k_no37,0.6000000000000001,0.9466056052338859,2.937499991928538,0.16666666666666666
agentmemorybench:fact-mh-262k:context-0/factconsolidation_mh_262k_no37,0.65,0.9466056052338859,2.937499991928538,0.16666666666666666
agentmemorybench:fact-mh-262k:context-0/factconsolidation_mh_262k_no37,0.7000000000000001,0.8485333094415397,1.8125000136593978,0.3333333333333333
agentmemorybench:fact-mh-262k:context-0/factconsolidation_mh_262k_no37,0.75,0.852803568258215,1.8750000099341075,0.3333333333333333
agentmemorybench:fact-mh-262k:context-0/factconsolidation_mh_262k_no37,0.8,0.852803568258215,1.8750000099341075,0.3333333333333333
agentmemorybench:fact-mh-262k:context-0/factconsolidation_mh_262k_no37,0.8500000000000001,0.852803568258215,1.8750000099341075,0.3333333333333333
agentmemorybench:fact-mh-262k:context-0/factconsolidation_mh_262k_no37,0.9,0.852803568258215,1.8750000099341075,0.3333333333333333
agentmemorybench:fact-mh-262k:context-0/factconsolidation_mh_262k_no37,0.9500000000000001,0.852803568258215,1.8750000099341075,0.3333333333333333
agentmemorybench:fact-mh-262k:context-0/factconsolidation_mh_262k_no37,1.0,0.9987652084407941,7.124999902376051,1.0
agentmemorybench:fact-mh-262k:context-0/factconsolidation_mh_262k_no38,0.0,0.027618290139822015,-3.5624999965851507,0.0
agentmemorybench:fact-mh-262k:context-0/factconsolidation_mh_262k_no38,0.05,0.027618290139822015,-3.5624999965851507,0.0
agentmemorybench:fact-mh-262k:context-0/factconsolidation_mh_262k_no38,0.1,0.027618290139822015,-3.5624999965851507,0.0
agentmemorybench:fact-mh-262k:context-0/factconsolidation_mh_262k_no38,0.15000000000000002,0.027618290139822015,-3.5624999965851507,0.0
agentmemorybench:fact-mh-262k:context-0/factconsolidation_mh_262k_no38,0.2,0.3330944825072059,-1.499999982304871,0.0
agentmemorybench:fact-mh-262k:context-0/factconsolidation_mh_262k_no38,0.25,0.3330944825072059,-1.499999982304871,0.0
agentmemorybench:fact-mh-262k:context-0/factconsolidation_mh_262k_no38,0.30000000000000004,0.3330944825072059,-1.499999982304871,0.0
agentmemorybench:fact-mh-262k:context-0/factconsolidation_mh_262k_no38,0.35000000000000003,0.6489526281750625,0.8958333311602473,0.16666666666666666
agentmemorybench:fact-mh-262k:context-0/factconsolidation_mh_262k_no38,0.4,0.9475449341684093,2.999999993170301,0.16666666666666666
agentmemorybench:fact-mh-262k:context-0/factconsolidation_mh_262k_no38,0.45,0.9475449341684093,2.999999993170301,0.16666666666666666
agentmemorybench:fact-mh-262k:context-0/factconsolidation_mh_262k_no38,0.5,0.9490809055378753,3.0625000161429248,0.16666666666666666
agentmemorybench:fact-mh-262k:context-0/factconsolidation_mh_262k_no38,0.55,0.9490809055378753,3.0625000161429248,0.16666666666666666
agentmemorybench:fact-mh-262k:context-0/factconsolidation_mh_262k_no38,0.6000000000000001,0.9762493863314022,4.145833345285307,0.3333333333333333
agentmemorybench:fact-mh-262k:context-0/factconsolidation_mh_262k_no38,0.65,0.9762493863314022,4.145833345285307,0.3333333333333333
agentmemorybench:fact-mh-262k:context-0/factconsolidation_mh_262k_no38,0.7000000000000001,0.9357385059202095,3.5624999796661236,0.3333333333333333
agentmemorybench:fact-mh-262k:context-0/factconsolidation_mh_262k_no38,0.75,0.9357385059202095,3.5624999796661236,0.3333333333333333
agentmemorybench:fact-mh-262k:context-0/factconsolidation_mh_262k_no38,0.8,0.9220427508066976,2.7083333351959786,0.3333333333333333
agentmemorybench:fact-mh-262k:context-0/factconsolidation_mh_262k_no38,0.8500000000000001,0.9715519703524126,3.7708333211485296,0.3333333333333333
agentmemorybench:fact-mh-262k:context-0/factconsolidation_mh_262k_no38,0.9,0.9715519703524126,3.7708333211485296,0.3333333333333333
agentmemorybench:fact-mh-262k:context-0/factconsolidation_mh_262k_no38,0.9500000000000001,0.9715519703524126,3.7708333211485296,0.3333333333333333
agentmemorybench:fact-mh-262k:context-0/factconsolidation_mh_262k_no38,1.0,0.9986414541552769,6.875000006975218,1.0
agentmemorybench:fact-mh-262k:context-0/factconsolidation_mh_262k_no39,0.0,0.0023759873814216616,-6.041666758789991,0.0
agentmemorybench:fact-mh-262k:context-0/factconsolidation_mh_262k_no39,0.05,0.0023759873814216616,-6.041666758789991,0.0
agentmemorybench:fact-mh-262k:context-0/factconsolidation_mh_262k_no39,0.1,0.0023759873814216616,-6.041666758789991,0.0
agentmemorybench:fact-mh-262k:context-0/factconsolidation_mh_262k_no39,0.15000000000000002,0.40354982300482706,-1.68749998731073,0.0
agentmemorybench:fact-mh-262k:context-0/factconsolidation_mh_262k_no39,0.2,0.41444056505134585,-0.7916666188587745,0.0
agentmemorybench:fact-mh-262k:context-0/factconsolidation_mh_262k_no39,0.25,0.5569523116316077,-0.06249992114802202,0.16666666666666666
agentmemorybench:fact-mh-262k:context-0/factconsolidation_mh_262k_no39,0.30000000000000004,0.5838084920502852,0.10416673061748345,0.16666666666666666
agentmemorybench:fact-mh-262k:context-0/factconsolidation_mh_262k_no39,0.35000000000000003,0.6137720527862663,0.6041667079553008,0.16666666666666666
agentmemorybench:fact-mh-262k:context-0/factconsolidation_mh_262k_no39,0.4,0.7001287583633967,1.416666670081516,0.16666666666666666
agentmemorybench:fact-mh-262k:context-0/factconsolidation_mh_262k_no39,0.45,0.4402102470049103,0.7708333904932564,0.3333333333333333
agentmemorybench:fact-mh-262k:context-0/factconsolidation_mh_262k_no39,0.5,0.4402102470049103,0.7708333904932564,0.3333333333333333
agentmemorybench:fact-mh-262k:context-0/factconsolidation_mh_262k_no39,0.55,0.4402102470049103,0.7708333904932564,0.3333333333333333
agentmemorybench:fact-mh-262k:context-0/factconsolidation_mh_262k_no39,0.6000000000000001,0.7799494280671732,1.9375000479631126,0.5
agentmemorybench:fact-mh-262k:context-0/factconsolidation_mh_262k_no39,0.65,0.7799494280671732,1.9375000479631126,0.5
agentmemorybench:fact-mh-262k:context-0/factconsolidation_mh_262k_no39,0.7000000000000001,0.7781576711883643,1.833333305704097,0.5
agentmemorybench:fact-mh-262k:context-0/factconsolidation_mh_262k_no39,0.75,0.5696104393765323,0.8541666266197959,0.6666666666666666
agentmemorybench:fact-mh-262k:context-0/factconsolidation_mh_262k_no39,0.8,0.7024338636050816,2.0000000493600965,0.6666666666666666
agentmemorybench:fact-mh-262k:context-0/factconsolidation_mh_262k_no39,0.8500000000000001,0.7024338636050816,2.0000000493600965,0.6666666666666666
agentmemorybench:fact-mh-262k:context-0/factconsolidation_mh_262k_no39,0.9,0.9719318331894339,4.395833304035477,0.6666666666666666
agentmemorybench:fact-mh-262k:context-0/factconsolidation_mh_262k_no39,0.9500000000000001,0.9719318331894339,4.395833304035477,0.6666666666666666
agentmemorybench:fact-mh-262k:context-0/factconsolidation_mh_262k_no39,1.0,0.9992418220074656,7.416666600047999,1.0
agentmemorybench:fact-mh-262k:context-0/factconsolidation_mh_262k_no4,0.0,0.014975701572493463,-4.187500006519258,0.0
agentmemorybench:fact-mh-262k:context-0/factconsolidation_mh_262k_no4,0.05,0.014975701572493463,-4.187500006519258,0.0
agentmemorybench:fact-mh-262k:context-0/factconsolidation_mh_262k_no4,0.1,0.07079851281542755,-3.291666661389172,0.0
agentmemorybench:fact-mh-262k:context-0/factconsolidation_mh_262k_no4,0.15000000000000002,0.07079851281542755,-3.291666661389172,0.0
agentmemorybench:fact-mh-262k:context-0/factconsolidation_mh_262k_no4,0.2,0.3114533030981566,-1.5416666048889358,0.0
agentmemorybench:fact-mh-262k:context-0/factconsolidation_mh_262k_no4,0.25,0.4768079838729127,0.06250000248352687,0.0
agentmemorybench:fact-mh-262k:context-0/factconsolidation_mh_262k_no4,0.30000000000000004,0.4768079838729127,0.06250000248352687,0.0
agentmemorybench:fact-mh-262k:context-0/factconsolidation_mh_262k_no4,0.35000000000000003,0.36775626316372234,-0.5833333134651184,0.0
agentmemorybench:fact-mh-262k:context-0/factconsolidation_mh_262k_no4,0.4,0.36775626511688647,-0.583333303531011,0.0
agentmemorybench:fact-mh-262k:context-0/factconsolidation_mh_262k_no4,0.45,0.36775626511688647,-0.583333303531011,0.0
agentmemorybench:fact-mh-262k:context-0/factconsolidation_mh_262k_no4,0.5,0.5375125819020875,0.3541666685293117,0.0
agentmemorybench:fact-mh-262k:context-0/factconsolidation_mh_262k_no4,0.55,0.4860454734453971,0.14583333022892467,0.0
agentmemorybench:fact-mh-262k:context-0/factconsolidation_mh_262k_no4,0.6000000000000001,0.4860454734453971,0.14583333022892467,0.0
agentmemorybench:fact-mh-262k:context-0/factconsolidation_mh_262k_no4,0.65,0.44491366876746846,-0.041666679705182785,0.0
agentmemorybench:fact-mh-262k:context-0/factconsolidation_mh_262k_no4,0.7000000000000001,0.7755984933126284,1.500000004346172,0.0
agentmemorybench:fact-mh-262k:context-0/factconsolidation_mh_262k_no4,0.75,0.7809573078362467,1.6250000124176343,0.0
agentmemorybench:fact-mh-262k:context-0/factconsolidation_mh_262k_no4,0.8,0.6428470849792499,1.0208333258827527,0.0
agentmemorybench:fact-mh-262k:context-0/factconsolidation_mh_262k_no4,0.8500000000000001,0.673011022124602,1.3541666436940432,0.0
agentmemorybench:fact-mh-262k:context-0/factconsolidation_mh_262k_no4,0.9,0.673011022124602,1.3541666436940432,0.0
agentmemorybench:fact-mh-262k:context-0/factconsolidation_mh_262k_no4,0.9500000000000001,0.9590658771933113,3.1666666443149247,0.3333333333333333
agentmemorybench:fact-mh-262k:context-0/factconsolidation_mh_262k_no4,1.0,0.9875818118539882,4.500000070702906,0.8333333333333334
agentmemorybench:fact-mh-262k:context-0/factconsolidation_mh_262k_no40,0.0,0.01765128979185871,-4.0208332153658075,0.0
agentmemorybench:fact-mh-262k:context-0/factconsolidation_mh_262k_no40,0.05,0.01765128979185871,-4.0208332153658075,0.0
agentmemorybench:fact-mh-262k:context-0/factconsolidation_mh_262k_no40,0.1,0.32531743321512707,-1.7499999515712261,0.0
agentmemorybench:fact-mh-262k:context-0/factconsolidation_mh_262k_no40,0.15000000000000002,0.32531743321512707,-1.7499999515712261,0.0
agentmemorybench:fact-mh-262k:context-0/factconsolidation_mh_262k_no40,0.2,0.3153153188318721,-1.895833274970452,0.16666666666666666
agentmemorybench:fact-mh-262k:context-0/factconsolidation_mh_262k_no40,0.25,0.6403466126113363,0.6666666958481074,0.16666666666666666
agentmemorybench:fact-mh-262k:context-0/factconsolidation_mh_262k_no40,0.30000000000000004,0.6403466126113363,0.6666666958481074,0.16666666666666666
agentmemorybench:fact-mh-262k:context-0/factconsolidation_mh_262k_no40,0.35000000000000003,0.8940961190968199,2.4166666604578495,0.16666666666666666
agentmemorybench:fact-mh-262k:context-0/factconsolidation_mh_262k_no40,0.4,0.8940961190968199,2.4166666604578495,0.16666666666666666
agentmemorybench:fact-mh-262k:context-0/factconsolidation_mh_262k_no40,0.45,0.8521144524659642,2.2083333221574626,0.16666666666666666
agentmemorybench:fact-mh-262k:context-0/factconsolidation_mh_262k_no40,0.5,0.7877641250873153,1.9791666610787313,0.3333333333333333
agentmemorybench:fact-mh-262k:context-0/factconsolidation_mh_262k_no40,0.55,0.7877641250873153,1.9791666610787313,0.3333333333333333
agentmemorybench:fact-mh-262k:context-0/factconsolidation_mh_262k_no40,0.6000000000000001,0.6944395773695069,1.520833325261871,0.3333333333333333
agentmemorybench:fact-mh-262k:context-0/factconsolidation_mh_262k_no40,0.65,0.6944395773695069,1.520833325261871,0.3333333333333333
agentmemorybench:fact-mh-262k:context-0/factconsolidation_mh_262k_no40,0.7000000000000001,0.6291905367818859,0.7916667113701502,0.3333333333333333
agentmemorybench:fact-mh-262k:context-0/factconsolidation_mh_262k_no40,0.75,0.6284068610225438,0.8958333423361182,0.3333333333333333
agentmemorybench:fact-mh-262k:context-0/factconsolidation_mh_262k_no40,0.8,0.6284068610225438,0.8958333423361182,0.3333333333333333
agentmemorybench:fact-mh-262k:context-0/factconsolidation_mh_262k_no40,0.8500000000000001,0.6267261844853516,0.8541666868453225,0.3333333333333333
agentmemorybench:fact-mh-262k:context-0/factconsolidation_mh_262k_no40,0.9,0.6267261844853516,0.8541666868453225,0.3333333333333333
agentmemorybench:fact-mh-262k:context-0/factconsolidation_mh_262k_no40,0.9500000000000001,0.6227083317906998,0.7291666679084301,0.3333333333333333
agentmemorybench:fact-mh-262k:context-0/factconsolidation_mh_262k_no40,1.0,0.6714867651663202,4.2083332769858925,0.8333333333333334
agentmemorybench:fact-mh-262k:context-0/factconsolidation_mh_262k_no41,0.0,0.020357241474957054,-3.874999974233409,0.0
agentmemorybench:fact-mh-262k:context-0/factconsolidation_mh_262k_no41,0.05,0.020357241474957054,-3.874999974233409,0.0
agentmemorybench:fact-mh-262k:context-0/factconsolidation_mh_262k_no41,0.1,0.38285684673244735,-0.625000019868215,0.0
agentmemorybench:fact-mh-262k:context-0/factconsolidation_mh_262k_no41,0.15000000000000002,0.38285684673244735,-0.625000019868215,0.0
agentmemorybench:fact-mh-262k:context-0/factconsolidation_mh_262k_no41,0.2,0.614504302247156,0.625000019868215,0.5
agentmemorybench:fact-mh-262k:context-0/factconsolidation_mh_262k_no41,0.25,0.7008436471363498,0.9791666865348816,0.8333333333333334
agentmemorybench:fact-mh-262k:context-0/factconsolidation_mh_262k_no41,0.30000000000000004,0.40079218623213464,-0.5416666803260645,0.8333333333333334
agentmemorybench:fact-mh-262k:context-0/factconsolidation_mh_262k_no41,0.35000000000000003,0.279932797643114,-1.062500028560559,0.8333333333333334
agentmemorybench:fact-mh-262k:context-0/factconsolidation_mh_262k_no41,0.4,0.14623288073337729,-2.104166604578495,0.8333333333333334
agentmemorybench:fact-mh-262k:context-0/factconsolidation_mh_262k_no41,0.45,0.14623288073337729,-2.104166604578495,0.8333333333333334
agentmemorybench:fact-mh-262k:context-0/factconsolidation_mh_262k_no41,0.5,0.1159128243474948,-2.250000006829699,0.8333333333333334
agentmemorybench:fact-mh-262k:context-0/factconsolidation_mh_262k_no41,0.55,0.18553222887986018,-2.1249999987582364,1.0
agentmemorybench:fact-mh-262k:context-0/factconsolidation_mh_262k_no41,0.6000000000000001,0.17455503101244985,-2.3124999844779572,1.0
agentmemorybench:fact-mh-262k:context-0/factconsolidation_mh_262k_no41,0.65,0.12253273574496527,-2.4999999841675162,1.0
agentmemorybench:fact-mh-262k:context-0/factconsolidation_mh_262k_no41,0.7000000000000001,0.109874666371165,-2.9999999372909465,1.0
agentmemorybench:fact-mh-262k:context-0/factconsolidation_mh_262k_no41,0.75,0.06664183028305289,-3.249999932323893,1.0
agentmemorybench:fact-mh-262k:context-0/factconsolidation_mh_262k_no41,0.8,0.07040859417679922,-3.041666711991032,1.0
agentmemorybench:fact-mh-262k:context-0/factconsolidation_mh_262k_no41,0.8500000000000001,0.13398120013464768,-2.1666666604578495,1.0
agentmemorybench:fact-mh-262k:context-0/factconsolidation_mh_262k_no41,0.9,0.1339812015086637,-2.166666609235108,1.0
agentmemorybench:fact-mh-262k:context-0/factconsolidation_mh_262k_no41,0.9500000000000001,0.08354700984664853,-3.1249999737677476,1.0
agentmemorybench:fact-mh-262k:context-0/factconsolidation_mh_262k_no41,1.0,0.23116194955321978,-1.7499999795109034,1.0
agentmemorybench:fact-mh-262k:context-0/factconsolidation_mh_262k_no42,0.0,0.009720756222521214,-4.624999921613683,0.0
agentmemorybench:fact-mh-262k:context-0/factconsolidation_mh_262k_no42,0.05,0.009720756222521214,-4.624999921613683,0.0
agentmemorybench:fact-mh-262k:context-0/factconsolidation_mh_262k_no42,0.1,0.009720756222521214,-4.624999921613683,0.0
agentmemorybench:fact-mh-262k:context-0/factconsolidation_mh_262k_no42,0.15000000000000002,0.009720756222521214,-4.624999921613683,0.0
agentmemorybench:fact-mh-262k:context-0/factconsolidation_mh_262k_no42,0.2,0.6119969034691084,0.4583333532015483,0.0
agentmemorybench:fact-mh-262k:context-0/factconsolidation_mh_262k_no42,0.25,0.6119969034691084,0.4583333532015483,0.0
agentmemorybench:fact-mh-262k:context-0/factconsolidation_mh_262k_no42,0.30000000000000004,0.6119969034691084,0.4583333532015483,0.0
agentmemorybench:fact-mh-262k:context-0/factconsolidation_mh_262k_no42,0.35000000000000003,0.8434508618246389,2.187499960884452,0.16666666666666666
agentmemorybench:fact-mh-262k:context-0/factconsolidation_mh_262k_no42,0.4,0.9273234974985197,2.6666666424522796,0.25
agentmemorybench:fact-mh-262k:context-0/factconsolidation_mh_262k_no42,0.45,0.9273234974985197,2.6666666424522796,0.25
agentmemorybench:fact-mh-262k:context-0/factconsolidation_mh_262k_no42,0.5,0.8485513512881705,1.8541667014360428,0.25
agentmemorybench:fact-mh-262k:context-0/factconsolidation_mh_262k_no42,0.55,0.8485513512881705,1.8541667014360428,0.25
agentmemorybench:fact-mh-262k:context-0/factconsolidation_mh_262k_no42,0.6000000000000001,0.808830599668938,1.5833333482344945,0.25
agentmemorybench:fact-mh-262k:context-0/factconsolidation_mh_262k_no42,0.65,0.808830599668938,1.5833333482344945,0.25
agentmemorybench:fact-mh-262k:context-0/factconsolidation_mh_262k_no42,0.7000000000000001,0.7734545878056168,1.2708333283662796,0.25
agentmemorybench:fact-mh-262k:context-0/factconsolidation_mh_262k_no42,0.75,0.7734545878056168,1.2708333283662796,0.25
agentmemorybench:fact-mh-262k:context-0/factconsolidation_mh_262k_no42,0.8,0.800310772583004,1.4375000049670537,0.25
agentmemorybench:fact-mh-262k:context-0/factconsolidation_mh_262k_no42,0.8500000000000001,0.8898441210421814,2.1458333233992257,0.25
agentmemorybench:fact-mh-262k:context-0/factconsolidation_mh_262k_no42,0.9,0.8898441210421814,2.1458333233992257,0.25
agentmemorybench:fact-mh-262k:context-0/factconsolidation_mh_262k_no42,0.9500000000000001,0.8898441210421814,2.1458333233992257,0.25
agentmemorybench:fact-mh-262k:context-0/factconsolidation_mh_262k_no42,1.0,0.9868299691766461,5.083333345634553,0.6666666666666666
agentmemorybench:fact-mh-262k:context-0/factconsolidation_mh_262k_no43,0.0,0.015906391828441495,-4.124999992549419,0.0
agentmemorybench:fact-mh-262k:context-0/factconsolidation_mh_262k_no43,0.05,0.015906391828441495,-4.124999992549419,0.0
agentmemorybench:fact-mh-262k:context-0/factconsolidation_mh_262k_no43,0.1,0.015906391828441495,-4.124999992549419,0.0
agentmemorybench:fact-mh-262k:context-0/factconsolidation_mh_262k_no43,0.15000000000000002,0.015906391828441495,-4.124999992549419,0.0
agentmemorybench:fact-mh-262k:context-0/factconsolidation_mh_262k_no43,0.2,0.2050575243526608,-1.979166687776645,0.0
agentmemorybench:fact-mh-262k:context-0/factconsolidation_mh_262k_no43,0.25,0.3508426766287914,-0.6666666766007742,0.0
agentmemorybench:fact-mh-262k:context-0/factconsolidation_mh_262k_no43,0.30000000000000004,0.3508426766287914,-0.6666666766007742,0.0
agentmemorybench:fact-mh-262k:context-0/factconsolidation_mh_262k_no43,0.35000000000000003,0.3508426766287914,-0.6666666766007742,0.0
agentmemorybench:fact-mh-262k:context-0/factconsolidation_mh_262k_no43,0.4,0.46925839302276423,-0.125,0.3333333333333333
agentmemorybench:fact-mh-262k:context-0/factconsolidation_mh_262k_no43,0.45,0.46925839302276423,-0.125,0.3333333333333333
agentmemorybench:fact-mh-262k:context-0/factconsolidation_mh_262k_no43,0.5,0.4539489103662789,-0.1875,0.5
agentmemorybench:fact-mh-262k:context-0/factconsolidation_mh_262k_no43,0.55,0.4539489103662789,-0.1875,0.5
agentmemorybench:fact-mh-262k:context-0/factconsolidation_mh_262k_no43,0.6000000000000001,0.7467471866919627,1.9374999480011563,0.5
agentmemorybench:fact-mh-262k:context-0/factconsolidation_mh_262k_no43,0.65,0.7467471866919627,1.9374999480011563,0.5
agentmemorybench:fact-mh-262k:context-0/factconsolidation_mh_262k_no43,0.7000000000000001,0.7467471866919627,1.9374999480011563,0.5
agentmemorybench:fact-mh-262k:context-0/factconsolidation_mh_262k_no43,0.75,0.9345319770798409,3.2291666376404464,0.5
agentmemorybench:fact-mh-262k:context-0/factconsolidation_mh_262k_no43,0.8,0.983533390878177,4.437499958711366,0.6666666666666666
agentmemorybench:fact-mh-262k:context-0/factconsolidation_mh_262k_no43,0.8500000000000001,0.983533390878177,4.437499958711366,0.6666666666666666
agentmemorybench:fact-mh-262k:context-0/factconsolidation_mh_262k_no43,0.9,0.983533390878177,4.437499958711366,0.6666666666666666
agentmemorybench:fact-mh-262k:context-0/factconsolidation_mh_262k_no43,0.9500000000000001,0.983533390878177,4.437499958711366,0.6666666666666666
agentmemorybench:fact-mh-262k:context-0/factconsolidation_mh_262k_no43,1.0,0.9954394059039519,5.562499996546346,1.0
agentmemorybench:fact-mh-262k:context-0/factconsolidation_mh_262k_no44,0.0,0.02252335774765171,-3.7708333237096667,0.0
agentmemorybench:fact-mh-262k:context-0/factconsolidation_mh_262k_no44,0.05,0.02252335774765171,-3.7708333237096667,0.0
agentmemorybench:fact-mh-262k:context-0/factconsolidation_mh_262k_no44,0.1,0.02252335774765171,-3.7708333237096667,0.0
agentmemorybench:fact-mh-262k:context-0/factconsolidation_mh_262k_no44,0.15000000000000002,0.02252335774765171,-3.7708333237096667,0.0
agentmemorybench:fact-mh-262k:context-0/factconsolidation_mh_262k_no44,0.2,0.6170699140856181,0.3333333184321721,0.0
agentmemorybench:fact-mh-262k:context-0/factconsolidation_mh_262k_no44,0.25,0.9193344042408862,2.458333333954215,0.0
agentmemorybench:fact-mh-262k:context-0/factconsolidation_mh_262k_no44,0.30000000000000004,0.9193344042408862,2.458333333954215,0.0
agentmemorybench:fact-mh-262k:context-0/factconsolidation_mh_262k_no44,0.35000000000000003,0.9074707970775635,2.7500000530853868,0.16666666666666666
agentmemorybench:fact-mh-262k:context-0/factconsolidation_mh_262k_no44,0.4,0.9074707970775635,2.7500000530853868,0.16666666666666666
agentmemorybench:fact-mh-262k:context-0/factconsolidation_mh_262k_no44,0.45,0.9074707970775635,2.7500000530853868,0.16666666666666666
agentmemorybench:fact-mh-262k:context-0/factconsolidation_mh_262k_no44,0.5,0.9006100012185282,2.937499973922968,0.3333333333333333
agentmemorybench:fact-mh-262k:context-0/factconsolidation_mh_262k_no44,0.55,0.9006100012185282,2.937499973922968,0.3333333333333333
agentmemorybench:fact-mh-262k:context-0/factconsolidation_mh_262k_no44,0.6000000000000001,0.9006100012185282,2.937499973922968,0.3333333333333333
agentmemorybench:fact-mh-262k:context-0/factconsolidation_mh_262k_no44,0.65,0.9006100012185282,2.937499973922968,0.3333333333333333
agentmemorybench:fact-mh-262k:context-0/factconsolidation_mh_262k_no44,0.7000000000000001,0.8946279691378378,3.270833318393367,0.5
agentmemorybench:fact-mh-262k:context-0/factconsolidation_mh_262k_no44,0.75,0.8905914895472663,3.2499999701588727,0.5
agentmemorybench:fact-mh-262k:context-0/factconsolidation_mh_262k_no44,0.8,0.8905914895472663,3.2499999701588727,0.5
agentmemorybench:fact-mh-262k:context-0/factconsolidation_mh_262k_no44,0.8500000000000001,0.8596567671604771,2.270833343267441,0.5
agentmemorybench:fact-mh-262k:context-0/factconsolidation_mh_262k_no44,0.9,0.8596567671604771,2.270833343267441,0.5
agentmemorybench:fact-mh-262k:context-0/factconsolidation_mh_262k_no44,0.9500000000000001,0.8596567671604771,2.270833343267441,0.5
agentmemorybench:fact-mh-262k:context-0/factconsolidation_mh_262k_no44,1.0,0.9952889009001987,6.083333347865846,1.0
agentmemorybench:fact-mh-262k:context-0/factconsolidation_mh_262k_no45,0.0,0.008760202589871952,-4.729166682654371,0.0
agentmemorybench:fact-mh-262k:context-0/factconsolidation_mh_262k_no45,0.05,0.008760202589871952,-4.729166682654371,0.0
agentmemorybench:fact-mh-262k:context-0/factconsolidation_mh_262k_no45,0.1,0.008760202589871952,-4.729166682654371,0.0
agentmemorybench:fact-mh-262k:context-0/factconsolidation_mh_262k_no45,0.15000000000000002,0.008760202589871952,-4.729166682654371,0.0
agentmemorybench:fact-mh-262k:context-0/factconsolidation_mh_262k_no45,0.2,0.008760202589871952,-4.729166682654371,0.0
agentmemorybench:fact-mh-262k:context-0/factconsolidation_mh_262k_no45,0.25,0.7416637274396063,1.4791666579743226,0.0
agentmemorybench:fact-mh-262k:context-0/factconsolidation_mh_262k_no45,0.30000000000000004,0.7416637274396063,1.4791666579743226,0.0
agentmemorybench:fact-mh-262k:context-0/factconsolidation_mh_262k_no45,0.35000000000000003,0.7416637274396063,1.4791666579743226,0.0
agentmemorybench:fact-mh-262k:context-0/factconsolidation_mh_262k_no45,0.4,0.7416637274396063,1.4791666579743226,0.0
agentmemorybench:fact-mh-262k:context-0/factconsolidation_mh_262k_no45,0.45,0.7416637274396063,1.4791666579743226,0.0
agentmemorybench:fact-mh-262k:context-0/factconsolidation_mh_262k_no45,0.5,0.91352643161872,2.7708333785024784,0.5
agentmemorybench:fact-mh-262k:context-0/factconsolidation_mh_262k_no45,0.55,0.91352643161872,2.7708333785024784,0.5
agentmemorybench:fact-mh-262k:context-0/factconsolidation_mh_262k_no45,0.6000000000000001,0.91352643161872,2.7708333785024784,0.5
agentmemorybench:fact-mh-262k:context-0/factconsolidation_mh_262k_no45,0.65,0.91352643161872,2.7708333785024784,0.5
agentmemorybench:fact-mh-262k:context-0/factconsolidation_mh_262k_no45,0.7000000000000001,0.91352643161872,2.7708333785024784,0.5
agentmemorybench:fact-mh-262k:context-0/factconsolidation_mh_262k_no45,0.75,0.9563536286222017,3.1458333463718495,0.5
agentmemorybench:fact-mh-262k:context-0/factconsolidation_mh_262k_no45,0.8,0.9563536286222017,3.1458333463718495,0.5
agentmemorybench:fact-mh-262k:context-0/factconsolidation_mh_262k_no45,0.8500000000000001,0.9563536286222017,3.1458333463718495,0.5
agentmemorybench:fact-mh-262k:context-0/factconsolidation_mh_262k_no45,0.9,0.9563536286222017,3.1458333463718495,0.5
agentmemorybench:fact-mh-262k:context-0/factconsolidation_mh_262k_no45,0.9500000000000001,0.9563536286222017,3.1458333463718495,0.5
agentmemorybench:fact-mh-262k:context-0/factconsolidation_mh_262k_no45,1.0,0.999107854341291,7.208333243945769,1.0
agentmemorybench:fact-mh-262k:context-0/factconsolidation_mh_262k_no46,0.0,0.01558995634952462,-4.145833354753752,0.0
agentmemorybench:fact-mh-262k:context-0/factconsolidation_mh_262k_no46,0.05,0.01558995634952462,-4.145833354753752,0.0
agentmemorybench:fact-mh-262k:context-0/factconsolidation_mh_262k_no46,0.1,0.01558995634952462,-4.145833354753752,0.0
agentmemorybench:fact-mh-262k:context-0/factconsolidation_mh_262k_no46,0.15000000000000002,0.01558995634952462,-4.145833354753752,0.0
agentmemorybench:fact-mh-262k:context-0/factconsolidation_mh_262k_no46,0.2,0.01558995634952462,-4.145833354753752,0.0
agentmemorybench:fact-mh-262k:context-0/factconsolidation_mh_262k_no46,0.25,0.599903987538586,0.06249998416751623,0.0
agentmemorybench:fact-mh-262k:context-0/factconsolidation_mh_262k_no46,0.30000000000000004,0.599903987538586,0.06249998416751623,0.0
agentmemorybench:fact-mh-262k:context-0/factconsolidation_mh_262k_no46,0.35000000000000003,0.8701724567014005,1.9583333457509677,0.0
agentmemorybench:fact-mh-262k:context-0/factconsolidation_mh_262k_no46,0.4,0.8701724567014005,1.9583333457509677,0.0
agentmemorybench:fact-mh-262k:context-0/factconsolidation_mh_262k_no46,0.45,0.8701724567014005,1.9583333457509677,0.0
agentmemorybench:fact-mh-262k:context-0/factconsolidation_mh_262k_no46,0.5,0.8441401551589348,1.791666687776645,0.16666666666666666
agentmemorybench:fact-mh-262k:context-0/factconsolidation_mh_262k_no46,0.55,0.8441401551589348,1.791666687776645,0.16666666666666666
agentmemorybench:fact-mh-262k:context-0/factconsolidation_mh_262k_no46,0.6000000000000001,0.8441401551589348,1.791666687776645,0.16666666666666666
agentmemorybench:fact-mh-262k:context-0/factconsolidation_mh_262k_no46,0.65,0.8441401551589348,1.791666687776645,0.16666666666666666
agentmemorybench:fact-mh-262k:context-0/factconsolidation_mh_262k_no46,0.7000000000000001,0.8886899437894334,2.3333333736906448,0.16666666666666666
agentmemorybench:fact-mh-262k:context-0/factconsolidation_mh_262k_no46,0.75,0.9749837105075426,3.7916667102836072,0.16666666666666666
agentmemorybench:fact-mh-262k:context-0/factconsolidation_mh_262k_no46,0.8,0.9749837105075426,3.7916667102836072,0.16666666666666666
agentmemorybench:fact-mh-262k:context-0/factconsolidation_mh_262k_no46,0.8500000000000001,0.9749837105075426,3.7916667102836072,0.16666666666666666
agentmemorybench:fact-mh-262k:context-0/factconsolidation_mh_262k_no46,0.9,0.9749837105075426,3.7916667102836072,0.16666666666666666
agentmemorybench:fact-mh-262k:context-0/factconsolidation_mh_262k_no46,0.9500000000000001,0.9749837105075426,3.7916667102836072,0.16666666666666666
agentmemorybench:fact-mh-262k:context-0/factconsolidation_mh_262k_no46,1.0,0.9997094733807278,8.958333328929408,0.3333333333333333
agentmemorybench:fact-mh-262k:context-0/factconsolidation_mh_262k_no47,0.0,0.012959098687992854,-4.3333332892507315,0.0
agentmemorybench:fact-mh-262k:context-0/factconsolidation_mh_262k_no47,0.05,0.012959098687992854,-4.3333332892507315,0.0
agentmemorybench:fact-mh-262k:context-0/factconsolidation_mh_262k_no47,0.1,0.012959098687992854,-4.3333332892507315,0.0
agentmemorybench:fact-mh-262k:context-0/factconsolidation_mh_262k_no47,0.15000000000000002,0.5849716632082055,0.3750000049670537,0.0
agentmemorybench:fact-mh-262k:context-0/factconsolidation_mh_262k_no47,0.2,0.5849716632082055,0.3750000049670537,0.0
agentmemorybench:fact-mh-262k:context-0/factconsolidation_mh_262k_no47,0.25,0.8998672977739419,2.791666690570613,0.16666666666666666
agentmemorybench:fact-mh-262k:context-0/factconsolidation_mh_262k_no47,0.30000000000000004,0.9657536771484239,3.416666692433258,0.25
agentmemorybench:fact-mh-262k:context-0/factconsolidation_mh_262k_no47,0.35000000000000003,0.9249703294057637,2.6874999993791184,0.25
agentmemorybench:fact-mh-262k:context-0/factconsolidation_mh_262k_no47,0.4,0.830472192661234,1.8541666710128386,0.25
agentmemorybench:fact-mh-262k:context-0/factconsolidation_mh_262k_no47,0.45,0.6113406010873831,0.4583333383003871,0.25
agentmemorybench:fact-mh-262k:context-0/factconsolidation_mh_262k_no47,0.5,0.515726643668992,0.0625,0.25
agentmemorybench:fact-mh-262k:context-0/factconsolidation_mh_262k_no47,0.55,0.515726643668992,0.0625,0.25
agentmemorybench:fact-mh-262k:context-0/factconsolidation_mh_262k_no47,0.6000000000000001,0.4162427636129468,-0.3541666865348816,0.25
agentmemorybench:fact-mh-262k:context-0/factconsolidation_mh_262k_no47,0.65,0.5481075541798079,0.22916665921608606,0.25
agentmemorybench:fact-mh-262k:context-0/factconsolidation_mh_262k_no47,0.7000000000000001,0.5481075583054928,0.229166679084301,0.25
agentmemorybench:fact-mh-262k:context-0/factconsolidation_mh_262k_no47,0.75,0.7268453482452862,1.604166668529312,0.25
agentmemorybench:fact-mh-262k:context-0/factconsolidation_mh_262k_no47,0.8,0.8458919779516648,2.1041666635622582,0.25
agentmemorybench:fact-mh-262k:context-0/factconsolidation_mh_262k_no47,0.8500000000000001,0.8458919779516648,2.1041666635622582,0.25
agentmemorybench:fact-mh-262k:context-0/factconsolidation_mh_262k_no47,0.9,0.9835526289128754,4.437499982382481,0.25
agentmemorybench:fact-mh-262k:context-0/factconsolidation_mh_262k_no47,0.9500000000000001,0.9835526289128754,4.437499982382481,0.25
agentmemorybench:fact-mh-262k:context-0/factconsolidation_mh_262k_no47,1.0,0.9930781874170492,5.2291667412112774,0.25
agentmemorybench:fact-mh-262k:context-0/factconsolidation_mh_262k_no48,0.0,0.008072240136862993,-4.812499907178183,0.0
agentmemorybench:fact-mh-262k:context-0/factconsolidation_mh_262k_no48,0.05,0.008072240136862993,-4.812499907178183,0.0
agentmemorybench:fact-mh-262k:context-0/factconsolidation_mh_262k_no48,0.1,0.26448486537155186,-2.7916665777253606,0.0
agentmemorybench:fact-mh-262k:context-0/factconsolidation_mh_262k_no48,0.15000000000000002,0.26114719349503185,-3.500000008905772,0.0
agentmemorybench:fact-mh-262k:context-0/factconsolidation_mh_262k_no48,0.2,0.07994935570239145,-4.3125000262904605,0.0
agentmemorybench:fact-mh-262k:context-0/factconsolidation_mh_262k_no48,0.25,0.42035110805673664,-1.4166666759022821,0.08333333333333333
agentmemorybench:fact-mh-262k:context-0/factconsolidation_mh_262k_no48,0.30000000000000004,0.6062994410516455,0.4791666666666667,0.08333333333333333
agentmemorybench:fact-mh-262k:context-0/factconsolidation_mh_262k_no48,0.35000000000000003,0.372022058376476,-0.7499999888241291,0.08333333333333333
agentmemorybench:fact-mh-262k:context-0/factconsolidation_mh_262k_no48,0.4,0.3329407099692185,-1.208333354132871,0.08333333333333333
agentmemorybench:fact-mh-262k:context-0/factconsolidation_mh_262k_no48,0.45,0.45636631254919796,-0.4166666887079676,0.25
agentmemorybench:fact-mh-262k:context-0/factconsolidation_mh_262k_no48,0.5,0.39370360028164253,-0.7500000223517418,0.4166666666666667
agentmemorybench:fact-mh-262k:context-0/factconsolidation_mh_262k_no48,0.55,0.38919503166242647,-1.0000000262322526,0.4166666666666667
agentmemorybench:fact-mh-262k:context-0/factconsolidation_mh_262k_no48,0.6000000000000001,0.3780843875392704,-1.1458333620491128,0.4166666666666667
agentmemorybench:fact-mh-262k:context-0/factconsolidation_mh_262k_no48,0.65,0.6069052138505346,0.020833350873241823,0.4166666666666667
agentmemorybench:fact-mh-262k:context-0/factconsolidation_mh_262k_no48,0.7000000000000001,0.6060513402314273,-0.06249998649582267,0.4166666666666667
agentmemorybench:fact-mh-262k:context-0/factconsolidation_mh_262k_no48,0.75,0.4988426685512721,-0.687499998913457,0.5
agentmemorybench:fact-mh-262k:context-0/factconsolidation_mh_262k_no48,0.8,0.4966249970349379,-1.1250000023671116,0.5
agentmemorybench:fact-mh-262k:context-0/factconsolidation_mh_262k_no48,0.8500000000000001,0.4962157370873883,-1.3541666547340963,0.5
agentmemorybench:fact-mh-262k:context-0/factconsolidation_mh_262k_no48,0.9,0.6389750443989118,-0.1458333158128274,0.5
agentmemorybench:fact-mh-262k:context-0/factconsolidation_mh_262k_no48,0.9500000000000001,0.6390302161238253,-0.10416665682957198,0.5
agentmemorybench:fact-mh-262k:context-0/factconsolidation_mh_262k_no48,1.0,0.6667533302586616,2.8541666823948617,0.75
agentmemorybench:fact-mh-262k:context-0/factconsolidation_mh_262k_no49,0.0,0.010547750628561156,-4.541666533177097,0.0
agentmemorybench:fact-mh-262k:context-0/factconsolidation_mh_262k_no49,0.05,0.010547750628561156,-4.541666533177097,0.0
agentmemorybench:fact-mh-262k:context-0/factconsolidation_mh_262k_no49,0.1,0.010547750628561156,-4.541666533177097,0.0
agentmemorybench:fact-mh-262k:context-0/factconsolidation_mh_262k_no49,0.15000000000000002,0.010547750628561156,-4.541666533177097,0.0
agentmemorybench:fact-mh-262k:context-0/factconsolidation_mh_262k_no49,0.2,0.010547750628561156,-4.541666533177097,0.0
agentmemorybench:fact-mh-262k:context-0/factconsolidation_mh_262k_no49,0.25,0.2881838025906727,-2.4791666017845273,0.0
agentmemorybench:fact-mh-262k:context-0/factconsolidation_mh_262k_no49,0.30000000000000004,0.2881838025906727,-2.4791666017845273,0.0
agentmemorybench:fact-mh-262k:context-0/factconsolidation_mh_262k_no49,0.35000000000000003,0.7916647688153705,1.3541666641831398,0.0
agentmemorybench:fact-mh-262k:context-0/factconsolidation_mh_262k_no49,0.4,0.7916647688153705,1.3541666641831398,0.0
agentmemorybench:fact-mh-262k:context-0/factconsolidation_mh_262k_no49,0.45,0.7916647688153705,1.3541666641831398,0.0
agentmemorybench:fact-mh-262k:context-0/factconsolidation_mh_262k_no49,0.5,0.830486788445164,1.8541666567325592,0.16666666666666666
agentmemorybench:fact-mh-262k:context-0/factconsolidation_mh_262k_no49,0.55,0.830486788445164,1.8541666567325592,0.16666666666666666
agentmemorybench:fact-mh-262k:context-0/factconsolidation_mh_262k_no49,0.6000000000000001,0.830486788445164,1.8541666567325592,0.16666666666666666
agentmemorybench:fact-mh-262k:context-0/factconsolidation_mh_262k_no49,0.65,0.830486788445164,1.8541666567325592,0.16666666666666666
agentmemorybench:fact-mh-262k:context-0/factconsolidation_mh_262k_no49,0.7000000000000001,0.9044447686862916,2.3749999552965164,0.16666666666666666
agentmemorybench:fact-mh-262k:context-0/factconsolidation_mh_262k_no49,0.75,0.897628833467128,2.229166657974323,0.16666666666666666
agentmemorybench:fact-mh-262k:context-0/factconsolidation_mh_262k_no49,0.8,0.897628833467128,2.229166657974323,0.16666666666666666
agentmemorybench:fact-mh-262k:context-0/factconsolidation_mh_262k_no49,0.8500000000000001,0.897628833467128,2.229166657974323,0.16666666666666666
agentmemorybench:fact-mh-262k:context-0/factconsolidation_mh_262k_no49,0.9,0.897628833467128,2.229166657974323,0.16666666666666666
agentmemorybench:fact-mh-262k:context-0/factconsolidation_mh_262k_no49,0.9500000000000001,0.897628833467128,2.229166657974323,0.16666666666666666
agentmemorybench:fact-mh-262k:context-0/factconsolidation_mh_262k_no49,1.0,0.9982009668912442,6.583333273883909,1.0
agentmemorybench:fact-mh-262k:context-0/factconsolidation_mh_262k_no5,0.0,0.00729209151589245,-4.9166665121447295,0.0
agentmemorybench:fact-mh-262k:context-0/factconsolidation_mh_262k_no5,0.05,0.00729209151589245,-4.9166665121447295,0.0
agentmemorybench:fact-mh-262k:context-0/factconsolidation_mh_262k_no5,0.1,0.00729209151589245,-4.9166665121447295,0.0
agentmemorybench:fact-mh-262k:context-0/factconsolidation_mh_262k_no5,0.15000000000000002,0.12559449572598005,-3.4999999022111297,0.0
agentmemorybench:fact-mh-262k:context-0/factconsolidation_mh_262k_no5,0.2,0.2591413449822486,-1.9583333033757906,0.0
agentmemorybench:fact-mh-262k:context-0/factconsolidation_mh_262k_no5,0.25,0.42864084042952083,-0.2916666666666667,0.0
agentmemorybench:fact-mh-262k:context-0/factconsolidation_mh_262k_no5,0.30000000000000004,0.5052066385743385,0.020833333333333332,0.08333333333333333
agentmemorybench:fact-mh-262k:context-0/factconsolidation_mh_262k_no5,0.35000000000000003,0.5669843718770516,0.2708333333333333,0.16666666666666666
agentmemorybench:fact-mh-262k:context-0/factconsolidation_mh_262k_no5,0.4,0.5669843718770516,0.2708333333333333,0.16666666666666666
agentmemorybench:fact-mh-262k:context-0/factconsolidation_mh_262k_no5,0.45,0.576915283460256,0.3125000049670537,0.16666666666666666
agentmemorybench:fact-mh-262k:context-0/factconsolidation_mh_262k_no5,0.5,0.6905434866587369,0.8541666716337204,0.25
agentmemorybench:fact-mh-262k:context-0/factconsolidation_mh_262k_no5,0.55,0.6905434866587369,0.8541666716337204,0.25
agentmemorybench:fact-mh-262k:context-0/factconsolidation_mh_262k_no5,0.6000000000000001,0.7094499414826404,0.9375,0.25
agentmemorybench:fact-mh-262k:context-0/factconsolidation_mh_262k_no5,0.65,0.7094499414826404,0.9375,0.25
agentmemorybench:fact-mh-262k:context-0/factconsolidation_mh_262k_no5,0.7000000000000001,0.8249155546211515,1.9166666793947418,0.5
agentmemorybench:fact-mh-262k:context-0/factconsolidation_mh_262k_no5,0.75,0.8860461117990502,2.6250000170742473,0.75
agentmemorybench:fact-mh-262k:context-0/factconsolidation_mh_262k_no5,0.8,0.8860461117990502,2.6250000170742473,0.75
agentmemorybench:fact-mh-262k:context-0/factconsolidation_mh_262k_no5,0.8500000000000001,0.888286359040734,2.708333371207118,0.75
agentmemorybench:fact-mh-262k:context-0/factconsolidation_mh_262k_no5,0.9,0.8888620086248804,2.7291667073344192,0.75
agentmemorybench:fact-mh-262k:context-0/factconsolidation_mh_262k_no5,0.9500000000000001,0.8888620086248804,2.7291667073344192,0.75
agentmemorybench:fact-mh-262k:context-0/factconsolidation_mh_262k_no5,1.0,0.9905015726511048,5.208333280403167,1.0
agentmemorybench:fact-mh-262k:context-0/factconsolidation_mh_262k_no50,0.0,0.010794226503518621,-4.520833262087156,0.0
agentmemorybench:fact-mh-262k:context-0/factconsolidation_mh_262k_no50,0.05,0.010794226503518621,-4.520833262087156,0.0
agentmemorybench:fact-mh-262k:context-0/factconsolidation_mh_262k_no50,0.1,0.010794226503518621,-4.520833262087156,0.0
agentmemorybench:fact-mh-262k:context-0/factconsolidation_mh_262k_no50,0.15000000000000002,0.010794226503518621,-4.520833262087156,0.0
agentmemorybench:fact-mh-262k:context-0/factconsolidation_mh_262k_no50,0.2,0.010794226503518621,-4.520833262087156,0.0
agentmemorybench:fact-mh-262k:context-0/factconsolidation_mh_262k_no50,0.25,0.2421601461070015,-2.7499999941016235,0.0
agentmemorybench:fact-mh-262k:context-0/factconsolidation_mh_262k_no50,0.30000000000000004,0.2421601461070015,-2.7499999941016235,0.0
agentmemorybench:fact-mh-262k:context-0/factconsolidation_mh_262k_no50,0.35000000000000003,0.7682020873900863,1.3541666728754838,0.0
agentmemorybench:fact-mh-262k:context-0/factconsolidation_mh_262k_no50,0.4,0.7682020873900863,1.3541666728754838,0.0
agentmemorybench:fact-mh-262k:context-0/factconsolidation_mh_262k_no50,0.45,0.7682020873900863,1.3541666728754838,0.0
agentmemorybench:fact-mh-262k:context-0/factconsolidation_mh_262k_no50,0.5,0.8054652391957425,1.5625000161429246,0.16666666666666666
agentmemorybench:fact-mh-262k:context-0/factconsolidation_mh_262k_no50,0.55,0.8054652391957425,1.5625000161429246,0.16666666666666666
agentmemorybench:fact-mh-262k:context-0/factconsolidation_mh_262k_no50,0.6000000000000001,0.8054652391957425,1.5625000161429246,0.16666666666666666
agentmemorybench:fact-mh-262k:context-0/factconsolidation_mh_262k_no50,0.65,0.8054652391957425,1.5625000161429246,0.16666666666666666
agentmemorybench:fact-mh-262k:context-0/factconsolidation_mh_262k_no50,0.7000000000000001,0.8507007784803844,1.8958333109815915,0.16666666666666666
agentmemorybench:fact-mh-262k:context-0/factconsolidation_mh_262k_no50,0.75,0.8876455521927022,2.2499999552965164,0.16666666666666666
agentmemorybench:fact-mh-262k:context-0/factconsolidation_mh_262k_no50,0.8,0.8876455521927022,2.2499999552965164,0.16666666666666666
agentmemorybench:fact-mh-262k:context-0/factconsolidation_mh_262k_no50,0.8500000000000001,0.8876455521927022,2.2499999552965164,0.16666666666666666
agentmemorybench:fact-mh-262k:context-0/factconsolidation_mh_262k_no50,0.9,0.8876455521927022,2.2499999552965164,0.16666666666666666
agentmemorybench:fact-mh-262k:context-0/factconsolidation_mh_262k_no50,0.9500000000000001,0.8876455521927022,2.2499999552965164,0.16666666666666666
agentmemorybench:fact-mh-262k:context-0/factconsolidation_mh_262k_no50,1.0,0.9993653551568609,7.520833474246804,0.8333333333333334
agentmemorybench:fact-mh-262k:context-0/factconsolidation_mh_262k_no51,0.0,0.012431651220977726,-4.374999970042457,0.0
agentmemorybench:fact-mh-262k:context-0/factconsolidation_mh_262k_no51,0.05,0.012431651220977726,-4.374999970042457,0.0
agentmemorybench:fact-mh-262k:context-0/factconsolidation_mh_262k_no51,0.1,0.012431651220977726,-4.374999970042457,0.0
agentmemorybench:fact-mh-262k:context-0/factconsolidation_mh_262k_no51,0.15000000000000002,0.012431651220977726,-4.374999970042457,0.0
agentmemorybench:fact-mh-262k:context-0/factconsolidation_mh_262k_no51,0.2,0.30799489186921697,-2.1874999962747097,0.0
agentmemorybench:fact-mh-262k:context-0/factconsolidation_mh_262k_no51,0.25,0.6998418040756679,1.0624999776482582,0.0
agentmemorybench:fact-mh-262k:context-0/factconsolidation_mh_262k_no51,0.30000000000000004,0.6998418040756679,1.0624999776482582,0.0
agentmemorybench:fact-mh-262k:context-0/factconsolidation_mh_262k_no51,0.35000000000000003,0.6998418040756679,1.0624999776482582,0.0
agentmemorybench:fact-mh-262k:context-0/factconsolidation_mh_262k_no51,0.4,0.7258088893172717,1.5833333088085055,0.0
agentmemorybench:fact-mh-262k:context-0/factconsolidation_mh_262k_no51,0.45,0.7258088893172717,1.5833333088085055,0.0
agentmemorybench:fact-mh-262k:context-0/factconsolidation_mh_262k_no51,0.5,0.9313682392354122,2.8124999941016235,0.3333333333333333
agentmemorybench:fact-mh-262k:context-0/factconsolidation_mh_262k_no51,0.55,0.9313682392354122,2.8124999941016235,0.3333333333333333
agentmemorybench:fact-mh-262k:context-0/factconsolidation_mh_262k_no51,0.6000000000000001,0.9382529753231369,3.5833333050832152,0.5
agentmemorybench:fact-mh-262k:context-0/factconsolidation_mh_262k_no51,0.65,0.9382529753231369,3.5833333050832152,0.5
agentmemorybench:fact-mh-262k:context-0/factconsolidation_mh_262k_no51,0.7000000000000001,0.9382529753231369,3.5833333050832152,0.5
agentmemorybench:fact-mh-262k:context-0/factconsolidation_mh_262k_no51,0.75,0.9723883277323525,4.1458332715556026,0.5
agentmemorybench:fact-mh-262k:context-0/factconsolidation_mh_262k_no51,0.8,0.959949767853419,3.1874999484668174,0.5
agentmemorybench:fact-mh-262k:context-0/factconsolidation_mh_262k_no51,0.8500000000000001,0.959949767853419,3.1874999484668174,0.5
agentmemorybench:fact-mh-262k:context-0/factconsolidation_mh_262k_no51,0.9,0.959949767853419,3.1874999484668174,0.5
agentmemorybench:fact-mh-262k:context-0/factconsolidation_mh_262k_no51,0.9500000000000001,0.959949767853419,3.1874999484668174,0.5
agentmemorybench:fact-mh-262k:context-0/factconsolidation_mh_262k_no51,1.0,0.9985116341740922,6.541666596002567,1.0
agentmemorybench:fact-mh-262k:context-0/factconsolidation_mh_262k_no52,0.0,0.009720754417529358,-4.625000109275182,0.0
agentmemorybench:fact-mh-262k:context-0/factconsolidation_mh_262k_no52,0.05,0.009720754417529358,-4.625000109275182,0.0
agentmemorybench:fact-mh-262k:context-0/factconsolidation_mh_262k_no52,0.1,0.009720754417529358,-4.625000109275182,0.0
agentmemorybench:fact-mh-262k:context-0/factconsolidation_mh_262k_no52,0.15000000000000002,0.009720754417529358,-4.625000109275182,0.0
agentmemorybench:fact-mh-262k:context-0/factconsolidation_mh_262k_no52,0.2,0.3778614829892098,-1.3750000291814406,0.0
agentmemorybench:fact-mh-262k:context-0/factconsolidation_mh_262k_no52,0.25,0.7029729626199469,1.5625000254561503,0.0
agentmemorybench:fact-mh-262k:context-0/factconsolidation_mh_262k_no52,0.30000000000000004,0.7029729626199469,1.5625000254561503,0.0
agentmemorybench:fact-mh-262k:context-0/factconsolidation_mh_262k_no52,0.35000000000000003,0.6876634799634616,1.5000000254561503,0.0
agentmemorybench:fact-mh-262k:context-0/factconsolidation_mh_262k_no52,0.4,0.7030921439008134,1.5625000254561503,0.0
agentmemorybench:fact-mh-262k:context-0/factconsolidation_mh_262k_no52,0.45,0.7030921439008134,1.5625000254561503,0.0
agentmemorybench:fact-mh-262k:context-0/factconsolidation_mh_262k_no52,0.5,0.7281210500876023,1.0624999900658925,0.0
agentmemorybench:fact-mh-262k:context-0/factconsolidation_mh_262k_no52,0.55,0.7281210500876023,1.0624999900658925,0.0
agentmemorybench:fact-mh-262k:context-0/factconsolidation_mh_262k_no52,0.6000000000000001,0.7833452645631587,1.3124999900658925,0.0
agentmemorybench:fact-mh-262k:context-0/factconsolidation_mh_262k_no52,0.65,0.7833452645631587,1.3124999900658925,0.0
agentmemorybench:fact-mh-262k:context-0/factconsolidation_mh_262k_no52,0.7000000000000001,0.8552695254539934,2.1041666601474085,0.25
agentmemorybench:fact-mh-262k:context-0/factconsolidation_mh_262k_no52,0.75,0.8954234988501253,2.7083333445092044,0.25
agentmemorybench:fact-mh-262k:context-0/factconsolidation_mh_262k_no52,0.8,0.8600444274727593,2.5416666778425374,0.25
agentmemorybench:fact-mh-262k:context-0/factconsolidation_mh_262k_no52,0.8500000000000001,0.852014060304219,2.3333333268140755,0.25
agentmemorybench:fact-mh-262k:context-0/factconsolidation_mh_262k_no52,0.9,0.852014060304219,2.3333333268140755,0.25
agentmemorybench:fact-mh-262k:context-0/factconsolidation_mh_262k_no52,0.9500000000000001,0.852014060304219,2.3333333268140755,0.25
agentmemorybench:fact-mh-262k:context-0/factconsolidation_mh_262k_no52,1.0,0.9977979040573471,6.833333302420215,0.6666666666666666
agentmemorybench:fact-mh-262k:context-0/factconsolidation_mh_262k_no53,0.0,0.006432256750512149,-5.04166669328697,0.0
agentmemorybench:fact-mh-262k:context-0/factconsolidation_mh_262k_no53,0.05,0.006432256750512149,-5.04166669328697,0.0
agentmemorybench:fact-mh-262k:context-0/factconsolidation_mh_262k_no53,0.1,0.006432256750512149,-5.04166669328697,0.0
agentmemorybench:fact-mh-262k:context-0/factconsolidation_mh_262k_no53,0.15000000000000002,0.006432256750512149,-5.04166669328697,0.0
agentmemorybench:fact-mh-262k:context-0/factconsolidation_mh_262k_no53,0.2,0.6350553957255195,0.5833333333333334,0.0
agentmemorybench:fact-mh-262k:context-0/factconsolidation_mh_262k_no53,0.25,0.6350553957255195,0.5833333333333334,0.0
agentmemorybench:fact-mh-262k:context-0/factconsolidation_mh_262k_no53,0.30000000000000004,0.6350553957255195,0.5833333333333334,0.0
agentmemorybench:fact-mh-262k:context-0/factconsolidation_mh_262k_no53,0.35000000000000003,0.6588939010752763,0.687499980131785,0.0
agentmemorybench:fact-mh-262k:context-0/factconsolidation_mh_262k_no53,0.4,0.6558547828398701,0.6458333184321722,0.0
agentmemorybench:fact-mh-262k:context-0/factconsolidation_mh_262k_no53,0.45,0.6558547828398701,0.6458333184321722,0.0
agentmemorybench:fact-mh-262k:context-0/factconsolidation_mh_262k_no53,0.5,0.7620676475568234,2.4375000047342232,0.1111111111111111
agentmemorybench:fact-mh-262k:context-0/factconsolidation_mh_262k_no53,0.55,0.7620676475568234,2.4375000047342232,0.1111111111111111
agentmemorybench:fact-mh-262k:context-0/factconsolidation_mh_262k_no53,0.6000000000000001,0.7986874685317721,2.708333305781707,0.3333333333333333
agentmemorybench:fact-mh-262k:context-0/factconsolidation_mh_262k_no53,0.65,0.7986874685317721,2.708333305781707,0.3333333333333333
agentmemorybench:fact-mh-262k:context-0/factconsolidation_mh_262k_no53,0.7000000000000001,0.79767499845891,2.4166665740776807,0.3333333333333333
agentmemorybench:fact-mh-262k:context-0/factconsolidation_mh_262k_no53,0.75,0.79767499845891,2.4166665740776807,0.3333333333333333
agentmemorybench:fact-mh-262k:context-0/factconsolidation_mh_262k_no53,0.8,0.9381459246248226,3.312499927279229,0.3333333333333333
agentmemorybench:fact-mh-262k:context-0/factconsolidation_mh_262k_no53,0.8500000000000001,0.9326808562760277,2.8333333379899464,0.3333333333333333
agentmemorybench:fact-mh-262k:context-0/factconsolidation_mh_262k_no53,0.9,0.9326808562760277,2.8333333379899464,0.3333333333333333
agentmemorybench:fact-mh-262k:context-0/factconsolidation_mh_262k_no53,0.9500000000000001,0.9326808562760277,2.8333333379899464,0.3333333333333333
agentmemorybench:fact-mh-262k:context-0/factconsolidation_mh_262k_no53,1.0,0.9967178474025217,5.749999891869568,0.3333333333333333
agentmemorybench:fact-mh-262k:context-0/factconsolidation_mh_262k_no54,0.0,0.006558535725037592,-5.020833171050374,0.0
agentmemorybench:fact-mh-262k:context-0/factconsolidation_mh_262k_no54,0.05,0.006558535725037592,-5.020833171050374,0.0
agentmemorybench:fact-mh-262k:context-0/factconsolidation_mh_262k_no54,0.1,0.006558535725037592,-5.020833171050374,0.0
agentmemorybench:fact-mh-262k:context-0/factconsolidation_mh_262k_no54,0.15000000000000002,0.006558535725037592,-5.020833171050374,0.0
agentmemorybench:fact-mh-262k:context-0/factconsolidation_mh_262k_no54,0.2,0.8094963287294519,1.4583333631356556,0.0
agentmemorybench:fact-mh-262k:context-0/factconsolidation_mh_262k_no54,0.25,0.8094963287294519,1.4583333631356556,0.0
agentmemorybench:fact-mh-262k:context-0/factconsolidation_mh_262k_no54,0.30000000000000004,0.8094963287294519,1.4583333631356556,0.0
agentmemorybench:fact-mh-262k:context-0/factconsolidation_mh_262k_no54,0.35000000000000003,0.8094963287294519,1.4583333631356556,0.0
agentmemorybench:fact-mh-262k:context-0/factconsolidation_mh_262k_no54,0.4,0.8057279520485917,1.4374999925494194,0.0
agentmemorybench:fact-mh-262k:context-0/factconsolidation_mh_262k_no54,0.45,0.8057279520485917,1.4374999925494194,0.0
agentmemorybench:fact-mh-262k:context-0/factconsolidation_mh_262k_no54,0.5,0.8057279520485917,1.4374999925494194,0.0
agentmemorybench:fact-mh-262k:context-0/factconsolidation_mh_262k_no54,0.55,0.8057279520485917,1.4374999925494194,0.0
agentmemorybench:fact-mh-262k:context-0/factconsolidation_mh_262k_no54,0.6000000000000001,0.5167545039814393,0.2083333432674408,0.4444444444444444
agentmemorybench:fact-mh-262k:context-0/factconsolidation_mh_262k_no54,0.65,0.5167545039814393,0.2083333432674408,0.4444444444444444
agentmemorybench:fact-mh-262k:context-0/factconsolidation_mh_262k_no54,0.7000000000000001,0.5167545039814393,0.2083333432674408,0.4444444444444444
agentmemorybench:fact-mh-262k:context-0/factconsolidation_mh_262k_no54,0.75,0.5167545039814393,0.2083333432674408,0.4444444444444444
agentmemorybench:fact-mh-262k:context-0/factconsolidation_mh_262k_no54,0.8,0.959790850867004,3.208333364377419,0.4444444444444444
agentmemorybench:fact-mh-262k:context-0/factconsolidation_mh_262k_no54,0.8500000000000001,0.959790850867004,3.208333364377419,0.4444444444444444
agentmemorybench:fact-mh-262k:context-0/factconsolidation_mh_262k_no54,0.9,0.959790850867004,3.208333364377419,0.4444444444444444
agentmemorybench:fact-mh-262k:context-0/factconsolidation_mh_262k_no54,0.9500000000000001,0.959790850867004,3.208333364377419,0.4444444444444444
agentmemorybench:fact-mh-262k:context-0/factconsolidation_mh_262k_no54,1.0,0.9982593997506738,6.624999960452745,0.8888888888888888
agentmemorybench:fact-mh-262k:context-0/factconsolidation_mh_262k_no55,0.0,0.02297737076026977,-3.7499999621262154,0.0
agentmemorybench:fact-mh-262k:context-0/factconsolidation_mh_262k_no55,0.05,0.02297737076026977,-3.7499999621262154,0.0
agentmemorybench:fact-mh-262k:context-0/factconsolidation_mh_262k_no55,0.1,0.02297737076026977,-3.7499999621262154,0.0
agentmemorybench:fact-mh-262k:context-0/factconsolidation_mh_262k_no55,0.15000000000000002,0.3461889429105314,-1.2291666492819786,0.0
agentmemorybench:fact-mh-262k:context-0/factconsolidation_mh_262k_no55,0.2,0.515599610341499,0.0625,0.0
agentmemorybench:fact-mh-262k:context-0/factconsolidation_mh_262k_no55,0.25,0.6538467077805575,0.8124999975164732,0.08333333333333333
agentmemorybench:fact-mh-262k:context-0/factconsolidation_mh_262k_no55,0.30000000000000004,0.7745467153602986,1.4791666294137638,0.16666666666666666
agentmemorybench:fact-mh-262k:context-0/factconsolidation_mh_262k_no55,0.35000000000000003,0.7745467153602986,1.4791666294137638,0.16666666666666666
agentmemorybench:fact-mh-262k:context-0/factconsolidation_mh_262k_no55,0.4,0.7022802538882772,0.9999999652306238,0.25
agentmemorybench:fact-mh-262k:context-0/factconsolidation_mh_262k_no55,0.45,0.6119968977506262,0.4583333283662796,0.25
agentmemorybench:fact-mh-262k:context-0/factconsolidation_mh_262k_no55,0.5,0.7069736117038924,1.1458333327124517,0.4166666666666667
agentmemorybench:fact-mh-262k:context-0/factconsolidation_mh_262k_no55,0.55,0.7069736117038924,1.1458333327124517,0.4166666666666667
agentmemorybench:fact-mh-262k:context-0/factconsolidation_mh_262k_no55,0.6000000000000001,0.9231692501203469,2.520833283662796,0.75
agentmemorybench:fact-mh-262k:context-0/factconsolidation_mh_262k_no55,0.65,0.9024333252399424,2.2708332693825164,0.75
agentmemorybench:fact-mh-262k:context-0/factconsolidation_mh_262k_no55,0.7000000000000001,0.9024333252399424,2.2708332693825164,0.75
agentmemorybench:fact-mh-262k:context-0/factconsolidation_mh_262k_no55,0.75,0.9008701569206105,2.208333314706882,0.8333333333333334
agentmemorybench:fact-mh-262k:context-0/factconsolidation_mh_262k_no55,0.8,0.908067341106984,2.291666657974323,0.8333333333333334
agentmemorybench:fact-mh-262k:context-0/factconsolidation_mh_262k_no55,0.8500000000000001,0.908067341106984,2.291666657974323,0.8333333333333334
agentmemorybench:fact-mh-262k:context-0/factconsolidation_mh_262k_no55,0.9,0.9169309594853279,2.562499980442226,0.9166666666666666
agentmemorybench:fact-mh-262k:context-0/factconsolidation_mh_262k_no55,0.9500000000000001,0.9169309594853279,2.562499980442226,0.9166666666666666
agentmemorybench:fact-mh-262k:context-0/factconsolidation_mh_262k_no55,1.0,0.9691185008947256,3.5416666457119086,1.0
agentmemorybench:fact-mh-262k:context-0/factconsolidation_mh_262k_no56,0.0,0.024452606795087373,-3.6874999552965164,0.0
agentmemorybench:fact-mh-262k:context-0/factconsolidation_mh_262k_no56,0.05,0.024452606795087373,-3.6874999552965164,0.0
agentmemorybench:fact-mh-262k:context-0/factconsolidation_mh_262k_no56,0.1,0.024452606795087373,-3.6874999552965164,0.0
agentmemorybench:fact-mh-262k:context-0/factconsolidation_mh_262k_no56,0.15000000000000002,0.024452606795087373,-3.6874999552965164,0.0
agentmemorybench:fact-mh-262k:context-0/factconsolidation_mh_262k_no56,0.2,0.024452606795087373,-3.6874999552965164,0.0
agentmemorybench:fact-mh-262k:context-0/factconsolidation_mh_262k_no56,0.25,0.024452606795087373,-3.6874999552965164,0.0
agentmemorybench:fact-mh-262k:context-0/factconsolidation_mh_262k_no56,0.30000000000000004,0.024452606795087373,-3.6874999552965164,0.0
agentmemorybench:fact-mh-262k:context-0/factconsolidation_mh_262k_no56,0.35000000000000003,0.024452606795087373,-3.6874999552965164,0.0
agentmemorybench:fact-mh-262k:context-0/factconsolidation_mh_262k_no56,0.4,0.024452606795087373,-3.6874999552965164,0.0
agentmemorybench:fact-mh-262k:context-0/factconsolidation_mh_262k_no56,0.45,0.024452606795087373,-3.6874999552965164,0.0
agentmemorybench:fact-mh-262k:context-0/factconsolidation_mh_262k_no56,0.5,0.8783535486050599,2.062500030423204,0.0
agentmemorybench:fact-mh-262k:context-0/factconsolidation_mh_262k_no56,0.55,0.8783535486050599,2.062500030423204,0.0
agentmemorybench:fact-mh-262k:context-0/factconsolidation_mh_262k_no56,0.6000000000000001,0.8783535486050599,2.062500030423204,0.0
agentmemorybench:fact-mh-262k:context-0/factconsolidation_mh_262k_no56,0.65,0.8783535486050599,2.062500030423204,0.0
agentmemorybench:fact-mh-262k:context-0/factconsolidation_mh_262k_no56,0.7000000000000001,0.8783535486050599,2.062500030423204,0.0
agentmemorybench:fact-mh-262k:context-0/factconsolidation_mh_262k_no56,0.75,0.8783535486050599,2.062500030423204,0.0
agentmemorybench:fact-mh-262k:context-0/factconsolidation_mh_262k_no56,0.8,0.8783535486050599,2.062500030423204,0.0
agentmemorybench:fact-mh-262k:context-0/factconsolidation_mh_262k_no56,0.8500000000000001,0.8783535486050599,2.062500030423204,0.0
agentmemorybench:fact-mh-262k:context-0/factconsolidation_mh_262k_no56,0.9,0.8783535486050599,2.062500030423204,0.0
agentmemorybench:fact-mh-262k:context-0/factconsolidation_mh_262k_no56,0.9500000000000001,0.8783535486050599,2.062500030423204,0.0
agentmemorybench:fact-mh-262k:context-0/factconsolidation_mh_262k_no56,1.0,0.9981219872492503,6.312500023535297,1.0
agentmemorybench:fact-mh-262k:context-0/factconsolidation_mh_262k_no57,0.0,0.0029209977302095415,-5.833333245090519,0.0
agentmemorybench:fact-mh-262k:context-0/factconsolidation_mh_262k_no57,0.05,0.15301460278928694,-3.958333257236518,0.0
agentmemorybench:fact-mh-262k:context-0/factconsolidation_mh_262k_no57,0.1,0.5171988431272414,0.12499998261531194,0.0
agentmemorybench:fact-mh-262k:context-0/factconsolidation_mh_262k_no57,0.15000000000000002,0.3085463774154414,-0.8750000223517418,0.1111111111111111
agentmemorybench:fact-mh-262k:context-0/factconsolidation_mh_262k_no57,0.2,0.4803830726359084,-0.062499995032946266,0.2222222222222222
agentmemorybench:fact-mh-262k:context-0/factconsolidation_mh_262k_no57,0.25,0.5878201392479941,0.5624999913076559,0.2222222222222222
agentmemorybench:fact-mh-262k:context-0/factconsolidation_mh_262k_no57,0.30000000000000004,0.5878201393653113,0.5624999931703011,0.2222222222222222
agentmemorybench:fact-mh-262k:context-0/factconsolidation_mh_262k_no57,0.35000000000000003,0.6603023371436629,1.562499939929694,0.4444444444444444
agentmemorybench:fact-mh-262k:context-0/factconsolidation_mh_262k_no57,0.4,0.5902245582654062,1.291666602094968,0.6666666666666666
agentmemorybench:fact-mh-262k:context-0/factconsolidation_mh_262k_no57,0.45,0.5798576290228663,0.8333332072943449,0.6666666666666666
agentmemorybench:fact-mh-262k:context-0/factconsolidation_mh_262k_no57,0.5,0.3277549897055511,-1.1874999993791182,0.6666666666666666
agentmemorybench:fact-mh-262k:context-0/factconsolidation_mh_262k_no57,0.55,0.08420021051305161,-2.70833328148971,0.6666666666666666
agentmemorybench:fact-mh-262k:context-0/factconsolidation_mh_262k_no57,0.6000000000000001,0.08296951267386483,-2.79166665347293,0.6666666666666666
agentmemorybench:fact-mh-262k:context-0/factconsolidation_mh_262k_no57,0.65,0.1649070038897231,-2.4375000052774944,0.6666666666666666
agentmemorybench:fact-mh-262k:context-0/factconsolidation_mh_262k_no57,0.7000000000000001,0.034117820740670574,-3.7083333184321723,0.6666666666666666
agentmemorybench:fact-mh-262k:context-0/factconsolidation_mh_262k_no57,0.75,0.04045860543377205,-3.4166666087694466,0.6666666666666666
agentmemorybench:fact-mh-262k:context-0/factconsolidation_mh_262k_no57,0.8,0.09667232977137317,-2.4583333041518927,0.7777777777777777
agentmemorybench:fact-mh-262k:context-0/factconsolidation_mh_262k_no57,0.8500000000000001,0.06565658906822221,-2.812500019868215,0.7777777777777777
agentmemorybench:fact-mh-262k:context-0/factconsolidation_mh_262k_no57,0.9,0.0471606131492835,-3.041666692122817,0.7777777777777777
agentmemorybench:fact-mh-262k:context-0/factconsolidation_mh_262k_no57,0.9500000000000001,0.3433089406848972,-1.2291666474193332,0.8888888888888888
agentmemorybench:fact-mh-262k:context-0/factconsolidation_mh_262k_no57,1.0,0.13814846118494561,-2.625000037563344,0.8888888888888888
agentmemorybench:fact-mh-262k:context-0/factconsolidation_mh_262k_no58,0.0,0.01955030351958001,-3.9166667759418488,0.0
agentmemorybench:fact-mh-262k:context-0/factconsolidation_mh_262k_no58,0.05,0.01955030351958001,-3.9166667759418488,0.0
agentmemorybench:fact-mh-262k:context-0/factconsolidation_mh_262k_no58,0.1,0.16981844355910802,-2.625000044082602,0.0
agentmemorybench:fact-mh-262k:context-0/factconsolidation_mh_262k_no58,0.15000000000000002,0.27925603912321995,-1.5416666837409139,0.0
agentmemorybench:fact-mh-262k:context-0/factconsolidation_mh_262k_no58,0.2,0.44388353439949735,-0.41666668560355885,0.16666666666666666
agentmemorybench:fact-mh-262k:context-0/factconsolidation_mh_262k_no58,0.25,0.6212675107630257,0.45833327714353805,0.3333333333333333
agentmemorybench:fact-mh-262k:context-0/factconsolidation_mh_262k_no58,0.30000000000000004,0.34011077801116235,-1.2916667458290856,0.3333333333333333
agentmemorybench:fact-mh-262k:context-0/factconsolidation_mh_262k_no58,0.35000000000000003,0.22875780606988003,-1.895833380209903,0.3333333333333333
agentmemorybench:fact-mh-262k:context-0/factconsolidation_mh_262k_no58,0.4,0.22080665480352044,-1.9791667060926557,0.3333333333333333
agentmemorybench:fact-mh-262k:context-0/factconsolidation_mh_262k_no58,0.45,0.14550103883248094,-2.291666701125602,0.3333333333333333
agentmemorybench:fact-mh-262k:context-0/factconsolidation_mh_262k_no58,0.5,0.14450187758292507,-2.2291666390374303,0.3333333333333333
agentmemorybench:fact-mh-262k:context-0/factconsolidation_mh_262k_no58,0.55,0.14450187758292507,-2.2291666390374303,0.3333333333333333
agentmemorybench:fact-mh-262k:context-0/factconsolidation_mh_262k_no58,0.6000000000000001,0.19062529412686582,-2.166666643383602,0.3333333333333333
agentmemorybench:fact-mh-262k:context-0/factconsolidation_mh_262k_no58,0.65,0.19062529412686582,-2.166666643383602,0.3333333333333333
agentmemorybench:fact-mh-262k:context-0/factconsolidation_mh_262k_no58,0.7000000000000001,0.10700733417963376,-2.6458333074115217,0.3333333333333333
agentmemorybench:fact-mh-262k:context-0/factconsolidation_mh_262k_no58,0.75,0.10700733417963376,-2.6458333074115217,0.3333333333333333
agentmemorybench:fact-mh-262k:context-0/factconsolidation_mh_262k_no58,0.8,0.1304557859146993,-2.2083333153277636,0.3333333333333333
agentmemorybench:fact-mh-262k:context-0/factconsolidation_mh_262k_no58,0.8500000000000001,0.1304557859146993,-2.2083333153277636,0.3333333333333333
agentmemorybench:fact-mh-262k:context-0/factconsolidation_mh_262k_no58,0.9,0.09176738700747851,-2.6666667023673654,0.3333333333333333
agentmemorybench:fact-mh-262k:context-0/factconsolidation_mh_262k_no58,0.9500000000000001,0.09176738700747851,-2.6666667023673654,0.3333333333333333
agentmemorybench:fact-mh-262k:context-0/factconsolidation_mh_262k_no58,1.0,0.5833278208600705,1.10416662809439,0.6666666666666666
agentmemorybench:fact-mh-262k:context-0/factconsolidation_mh_262k_no59,0.0,0.0038395682630321237,-5.562500209586385,0.0
agentmemorybench:fact-mh-262k:context-0/factconsolidation_mh_262k_no59,0.05,0.0038395682630321237,-5.562500209586385,0.0
agentmemorybench:fact-mh-262k:context-0/factconsolidation_mh_262k_no59,0.1,0.0038395682630321237,-5.562500209586385,0.0
agentmemorybench:fact-mh-262k:context-0/factconsolidation_mh_262k_no59,0.15000000000000002,0.0038395682630321237,-5.562500209586385,0.0
agentmemorybench:fact-mh-262k:context-0/factconsolidation_mh_262k_no59,0.2,0.0038395682630321237,-5.562500209586385,0.0
agentmemorybench:fact-mh-262k:context-0/factconsolidation_mh_262k_no59,0.25,0.17971149211920054,-3.645833470664608,0.0
agentmemorybench:fact-mh-262k:context-0/factconsolidation_mh_262k_no59,0.30000000000000004,0.17971149211920054,-3.645833470664608,0.0
agentmemorybench:fact-mh-262k:context-0/factconsolidation_mh_262k_no59,0.35000000000000003,0.3296009075225789,-1.8333333984094982,0.0
agentmemorybench:fact-mh-262k:context-0/factconsolidation_mh_262k_no59,0.4,0.3296009075225789,-1.8333333984094982,0.0
agentmemorybench:fact-mh-262k:context-0/factconsolidation_mh_262k_no59,0.45,0.3296009075225789,-1.8333333984094982,0.0
agentmemorybench:fact-mh-262k:context-0/factconsolidation_mh_262k_no59,0.5,0.6211663763558909,0.520833338300387,0.16666666666666666
agentmemorybench:fact-mh-262k:context-0/factconsolidation_mh_262k_no59,0.55,0.6211663763558909,0.520833338300387,0.16666666666666666
agentmemorybench:fact-mh-262k:context-0/factconsolidation_mh_262k_no59,0.6000000000000001,0.6211663763558909,0.520833338300387,0.16666666666666666
agentmemorybench:fact-mh-262k:context-0/factconsolidation_mh_262k_no59,0.65,0.6211663763558909,0.520833338300387,0.16666666666666666
agentmemorybench:fact-mh-262k:context-0/factconsolidation_mh_262k_no59,0.7000000000000001,0.7781263669232953,1.416666670391957,0.16666666666666666
agentmemorybench:fact-mh-262k:context-0/factconsolidation_mh_262k_no59,0.75,0.8672656900808828,2.1250000099341073,0.16666666666666666
agentmemorybench:fact-mh-262k:context-0/factconsolidation_mh_262k_no59,0.8,0.8672656900808828,2.1250000099341073,0.16666666666666666
agentmemorybench:fact-mh-262k:context-0/factconsolidation_mh_262k_no59,0.8500000000000001,0.8672656900808828,2.1250000099341073,0.16666666666666666
agentmemorybench:fact-mh-262k:context-0/factconsolidation_mh_262k_no59,0.9,0.8672656900808828,2.1250000099341073,0.16666666666666666
agentmemorybench:fact-mh-262k:context-0/factconsolidation_mh_262k_no59,0.9500000000000001,0.8672656900808828,2.1250000099341073,0.16666666666666666
agentmemorybench:fact-mh-262k:context-0/factconsolidation_mh_262k_no59,1.0,0.999735518559926,8.270833431301677,0.6666666666666666
agentmemorybench:fact-mh-262k:context-0/factconsolidation_mh_262k_no6,0.0,0.029415005549309647,-3.500000021109978,0.0
agentmemorybench:fact-mh-262k:context-0/factconsolidation_mh_262k_no6,0.05,0.029415005549309647,-3.500000021109978,0.0
agentmemorybench:fact-mh-262k:context-0/factconsolidation_mh_262k_no6,0.1,0.029415005549309647,-3.500000021109978,0.0
agentmemorybench:fact-mh-262k:context-0/factconsolidation_mh_262k_no6,0.15000000000000002,0.029415005549309647,-3.500000021109978,0.0
agentmemorybench:fact-mh-262k:context-0/factconsolidation_mh_262k_no6,0.2,0.029415005549309647,-3.500000021109978,0.0
agentmemorybench:fact-mh-262k:context-0/factconsolidation_mh_262k_no6,0.25,0.029415005549309647,-3.500000021109978,0.0
agentmemorybench:fact-mh-262k:context-0/factconsolidation_mh_262k_no6,0.30000000000000004,0.029415005549309647,-3.500000021109978,0.0
agentmemorybench:fact-mh-262k:context-0/factconsolidation_mh_262k_no6,0.35000000000000003,0.029415005549309647,-3.500000021109978,0.0
agentmemorybench:fact-mh-262k:context-0/factconsolidation_mh_262k_no6,0.4,0.029415005549309647,-3.500000021109978,0.0
agentmemorybench:fact-mh-262k:context-0/factconsolidation_mh_262k_no6,0.45,0.029415005549309647,-3.500000021109978,0.0
agentmemorybench:fact-mh-262k:context-0/factconsolidation_mh_262k_no6,0.5,0.9600211125168227,3.2291667324801288,0.0
agentmemorybench:fact-mh-262k:context-0/factconsolidation_mh_262k_no6,0.55,0.9600211125168227,3.2291667324801288,0.0
agentmemorybench:fact-mh-262k:context-0/factconsolidation_mh_262k_no6,0.6000000000000001,0.9600211125168227,3.2291667324801288,0.0
agentmemorybench:fact-mh-262k:context-0/factconsolidation_mh_262k_no6,0.65,0.9600211125168227,3.2291667324801288,0.0
agentmemorybench:fact-mh-262k:context-0/factconsolidation_mh_262k_no6,0.7000000000000001,0.9600211125168227,3.2291667324801288,0.0
agentmemorybench:fact-mh-262k:context-0/factconsolidation_mh_262k_no6,0.75,0.9600211125168227,3.2291667324801288,0.0
agentmemorybench:fact-mh-262k:context-0/factconsolidation_mh_262k_no6,0.8,0.9600211125168227,3.2291667324801288,0.0
agentmemorybench:fact-mh-262k:context-0/factconsolidation_mh_262k_no6,0.8500000000000001,0.9600211125168227,3.2291667324801288,0.0
agentmemorybench:fact-mh-262k:context-0/factconsolidation_mh_262k_no6,0.9,0.9600211125168227,3.2291667324801288,0.0
agentmemorybench:fact-mh-262k:context-0/factconsolidation_mh_262k_no6,0.9500000000000001,0.9600211125168227,3.2291667324801288,0.0
agentmemorybench:fact-mh-262k:context-0/factconsolidation_mh_262k_no6,1.0,0.9997893925000952,8.479166829340102,1.0
agentmemorybench:fact-mh-262k:context-0/factconsolidation_mh_262k_no60,0.0,0.021187671966913207,-3.8333333817621074,0.0
agentmemorybench:fact-mh-262k:context-0/factconsolidation_mh_262k_no60,0.05,0.021187671966913207,-3.8333333817621074,0.0
agentmemorybench:fact-mh-262k:context-0/factconsolidation_mh_262k_no60,0.1,0.021187671966913207,-3.8333333817621074,0.0
agentmemorybench:fact-mh-262k:context-0/factconsolidation_mh_262k_no60,0.15000000000000002,0.021187671966913207,-3.8333333817621074,0.0
agentmemorybench:fact-mh-262k:context-0/factconsolidation_mh_262k_no60,0.2,0.021187671966913207,-3.8333333817621074,0.0
agentmemorybench:fact-mh-262k:context-0/factconsolidation_mh_262k_no60,0.25,0.635675832379253,0.5833332805583874,0.0
agentmemorybench:fact-mh-262k:context-0/factconsolidation_mh_262k_no60,0.30000000000000004,0.635675832379253,0.5833332805583874,0.0
agentmemorybench:fact-mh-262k:context-0/factconsolidation_mh_262k_no60,0.35000000000000003,0.635675832379253,0.5833332805583874,0.0
agentmemorybench:fact-mh-262k:context-0/factconsolidation_mh_262k_no60,0.4,0.635675832379253,0.5833332805583874,0.0
agentmemorybench:fact-mh-262k:context-0/factconsolidation_mh_262k_no60,0.45,0.635675832379253,0.5833332805583874,0.0
agentmemorybench:fact-mh-262k:context-0/factconsolidation_mh_262k_no60,0.5,0.8214792856477922,1.7916666710128386,0.3333333333333333
agentmemorybench:fact-mh-262k:context-0/factconsolidation_mh_262k_no60,0.55,0.8214792856477922,1.7916666710128386,0.3333333333333333
agentmemorybench:fact-mh-262k:context-0/factconsolidation_mh_262k_no60,0.6000000000000001,0.8214792856477922,1.7916666710128386,0.3333333333333333
agentmemorybench:fact-mh-262k:context-0/factconsolidation_mh_262k_no60,0.65,0.8214792856477922,1.7916666710128386,0.3333333333333333
agentmemorybench:fact-mh-262k:context-0/factconsolidation_mh_262k_no60,0.7000000000000001,0.8214792856477922,1.7916666710128386,0.3333333333333333
agentmemorybench:fact-mh-262k:context-0/factconsolidation_mh_262k_no60,0.75,0.9557323440128146,3.2083332892507315,0.3333333333333333
agentmemorybench:fact-mh-262k:context-0/factconsolidation_mh_262k_no60,0.8,0.9557323440128146,3.2083332892507315,0.3333333333333333
agentmemorybench:fact-mh-262k:context-0/factconsolidation_mh_262k_no60,0.8500000000000001,0.9557323440128146,3.2083332892507315,0.3333333333333333
agentmemorybench:fact-mh-262k:context-0/factconsolidation_mh_262k_no60,0.9,0.9557323440128146,3.2083332892507315,0.3333333333333333
agentmemorybench:fact-mh-262k:context-0/factconsolidation_mh_262k_no60,0.9500000000000001,0.9557323440128146,3.2083332892507315,0.3333333333333333
agentmemorybench:fact-mh-262k:context-0/factconsolidation_mh_262k_no60,1.0,0.9877172556073933,5.895833318044121,0.8333333333333334
agentmemorybench:fact-mh-262k:context-0/factconsolidation_mh_262k_no61,0.0,0.007282444108619384,-4.916666719441612,0.0
agentmemorybench:fact-mh-262k:context-0/factconsolidation_mh_262k_no61,0.05,0.007282444108619384,-4.916666719441612,0.0
agentmemorybench:fact-mh-262k:context-0/factconsolidation_mh_262k_no61,0.1,0.007282444108619384,-4.916666719441612,0.0
agentmemorybench:fact-mh-262k:context-0/factconsolidation_mh_262k_no61,0.15000000000000002,0.007282444108619384,-4.916666719441612,0.0
agentmemorybench:fact-mh-262k:context-0/factconsolidation_mh_262k_no61,0.2,0.007282444108619384,-4.916666719441612,0.0
agentmemorybench:fact-mh-262k:context-0/factconsolidation_mh_262k_no61,0.25,0.007282444108619384,-4.916666719441612,0.0
agentmemorybench:fact-mh-262k:context-0/factconsolidation_mh_262k_no61,0.30000000000000004,0.007282444108619384,-4.916666719441612,0.0
agentmemorybench:fact-mh-262k:context-0/factconsolidation_mh_262k_no61,0.35000000000000003,0.922372718084746,2.5624999975164733,0.0
agentmemorybench:fact-mh-262k:context-0/factconsolidation_mh_262k_no61,0.4,0.922372718084746,2.5624999975164733,0.0
agentmemorybench:fact-mh-262k:context-0/factconsolidation_mh_262k_no61,0.45,0.922372718084746,2.5624999975164733,0.0
agentmemorybench:fact-mh-262k:context-0/factconsolidation_mh_262k_no61,0.5,0.922372718084746,2.5624999975164733,0.0
agentmemorybench:fact-mh-262k:context-0/factconsolidation_mh_262k_no61,0.55,0.922372718084746,2.5624999975164733,0.0
agentmemorybench:fact-mh-262k:context-0/factconsolidation_mh_262k_no61,0.6000000000000001,0.922372718084746,2.5624999975164733,0.0
agentmemorybench:fact-mh-262k:context-0/factconsolidation_mh_262k_no61,0.65,0.922372718084746,2.5624999975164733,0.0
agentmemorybench:fact-mh-262k:context-0/factconsolidation_mh_262k_no61,0.7000000000000001,0.8757795568836997,1.9791666865348816,0.0
agentmemorybench:fact-mh-262k:context-0/factconsolidation_mh_262k_no61,0.75,0.8757795568836997,1.9791666865348816,0.0
agentmemorybench:fact-mh-262k:context-0/factconsolidation_mh_262k_no61,0.8,0.8757795568836997,1.9791666865348816,0.0
agentmemorybench:fact-mh-262k:context-0/factconsolidation_mh_262k_no61,0.8500000000000001,0.8757795568836997,1.9791666865348816,0.0
agentmemorybench:fact-mh-262k:context-0/factconsolidation_mh_262k_no61,0.9,0.8757795568836997,1.9791666865348816,0.0
agentmemorybench:fact-mh-262k:context-0/factconsolidation_mh_262k_no61,0.9500000000000001,0.8757795568836997,1.9791666865348816,0.0
agentmemorybench:fact-mh-262k:context-0/factconsolidation_mh_262k_no61,1.0,0.9993903248742347,7.770833283643394,1.0
agentmemorybench:fact-mh-262k:context-0/factconsolidation_mh_262k_no62,0.0,0.013519632746244252,-4.2916668355464935,0.0
agentmemorybench:fact-mh-262k:context-0/factconsolidation_mh_262k_no62,0.05,0.013519632746244252,-4.2916668355464935,0.0
agentmemorybench:fact-mh-262k:context-0/factconsolidation_mh_262k_no62,0.1,0.013519632746244252,-4.2916668355464935,0.0
agentmemorybench:fact-mh-262k:context-0/factconsolidation_mh_262k_no62,0.15000000000000002,0.013519632746244252,-4.2916668355464935,0.0
agentmemorybench:fact-mh-262k:context-0/factconsolidation_mh_262k_no62,0.2,0.013519632746244252,-4.2916668355464935,0.0
agentmemorybench:fact-mh-262k:context-0/factconsolidation_mh_262k_no62,0.25,0.24463742590886395,-2.5416667675599456,0.0
agentmemorybench:fact-mh-262k:context-0/factconsolidation_mh_262k_no62,0.30000000000000004,0.24463742590886395,-2.5416667675599456,0.0
agentmemorybench:fact-mh-262k:context-0/factconsolidation_mh_262k_no62,0.35000000000000003,0.7231758725662737,1.0,0.0
agentmemorybench:fact-mh-262k:context-0/factconsolidation_mh_262k_no62,0.4,0.7231758725662737,1.0,0.0
agentmemorybench:fact-mh-262k:context-0/factconsolidation_mh_262k_no62,0.45,0.7231758725662737,1.0,0.0
agentmemorybench:fact-mh-262k:context-0/factconsolidation_mh_262k_no62,0.5,0.7894643724168796,1.4583333035310109,0.16666666666666666
agentmemorybench:fact-mh-262k:context-0/factconsolidation_mh_262k_no62,0.55,0.7894643724168796,1.4583333035310109,0.16666666666666666
agentmemorybench:fact-mh-262k:context-0/factconsolidation_mh_262k_no62,0.6000000000000001,0.7894643724168796,1.4583333035310109,0.16666666666666666
agentmemorybench:fact-mh-262k:context-0/factconsolidation_mh_262k_no62,0.65,0.7894643724168796,1.4583333035310109,0.16666666666666666
agentmemorybench:fact-mh-262k:context-0/factconsolidation_mh_262k_no62,0.7000000000000001,0.9247187393674041,2.604166637485226,0.16666666666666666
agentmemorybench:fact-mh-262k:context-0/factconsolidation_mh_262k_no62,0.75,0.9461206200876368,3.000000001552204,0.16666666666666666
agentmemorybench:fact-mh-262k:context-0/factconsolidation_mh_262k_no62,0.8,0.9461206200876368,3.000000001552204,0.16666666666666666
agentmemorybench:fact-mh-262k:context-0/factconsolidation_mh_262k_no62,0.8500000000000001,0.9461206200876368,3.000000001552204,0.16666666666666666
agentmemorybench:fact-mh-262k:context-0/factconsolidation_mh_262k_no62,0.9,0.9461206200876368,3.000000001552204,0.16666666666666666
agentmemorybench:fact-mh-262k:context-0/factconsolidation_mh_262k_no62,0.9500000000000001,0.9461206200876368,3.000000001552204,0.16666666666666666
agentmemorybench:fact-mh-262k:context-0/factconsolidation_mh_262k_no62,1.0,0.9990450957255311,7.312500017498678,1.0
agentmemorybench:fact-mh-262k:context-0/factconsolidation_mh_262k_no63,0.0,0.015589953952362052,-4.145833509818961,0.0
agentmemorybench:fact-mh-262k:context-0/factconsolidation_mh_262k_no63,0.05,0.015589953952362052,-4.145833509818961,0.0
agentmemorybench:fact-mh-262k:context-0/factconsolidation_mh_262k_no63,0.1,0.015589953952362052,-4.145833509818961,0.0
agentmemorybench:fact-mh-262k:context-0/factconsolidation_mh_262k_no63,0.15000000000000002,0.16169154177689657,-2.8125001300747194,0.0
agentmemorybench:fact-mh-262k:context-0/factconsolidation_mh_262k_no63,0.2,0.46884123201025746,-0.125,0.0
agentmemorybench:fact-mh-262k:context-0/factconsolidation_mh_262k_no63,0.25,0.35972820565026825,-0.708333320915699,0.0
agentmemorybench:fact-mh-262k:context-0/factconsolidation_mh_262k_no63,0.30000000000000004,0.35972820565026825,-0.708333320915699,0.0
agentmemorybench:fact-mh-262k:context-0/factconsolidation_mh_262k_no63,0.35000000000000003,0.6388756201241007,0.7916667001942795,0.16666666666666666
agentmemorybench:fact-mh-262k:context-0/factconsolidation_mh_262k_no63,0.4,0.9018683480365127,2.2291666778425374,0.25
agentmemorybench:fact-mh-262k:context-0/factconsolidation_mh_262k_no63,0.45,0.9018683480365127,2.2291666778425374,0.25
agentmemorybench:fact-mh-262k:context-0/factconsolidation_mh_262k_no63,0.5,0.5548690773513958,0.22916666169961294,0.3333333333333333
agentmemorybench:fact-mh-262k:context-0/factconsolidation_mh_262k_no63,0.55,0.5548690773513958,0.22916666169961294,0.3333333333333333
agentmemorybench:fact-mh-262k:context-0/factconsolidation_mh_262k_no63,0.6000000000000001,0.5548690773513958,0.22916666169961294,0.3333333333333333
agentmemorybench:fact-mh-262k:context-0/factconsolidation_mh_262k_no63,0.65,0.7094499447145983,0.937500017384688,0.3333333333333333
agentmemorybench:fact-mh-262k:context-0/factconsolidation_mh_262k_no63,0.7000000000000001,0.8706005446119619,2.2499999903763332,0.5
agentmemorybench:fact-mh-262k:context-0/factconsolidation_mh_262k_no63,0.75,0.7258088900942631,1.5833333212261398,0.5833333333333334
agentmemorybench:fact-mh-262k:context-0/factconsolidation_mh_262k_no63,0.8,0.7258088900942631,1.5833333212261398,0.5833333333333334
agentmemorybench:fact-mh-262k:context-0/factconsolidation_mh_262k_no63,0.8500000000000001,0.7163133918939094,1.1875000273187954,0.5833333333333334
agentmemorybench:fact-mh-262k:context-0/factconsolidation_mh_262k_no63,0.9,0.7978780454808124,1.520833355685075,0.5833333333333334
agentmemorybench:fact-mh-262k:context-0/factconsolidation_mh_262k_no63,0.9500000000000001,0.7978780454808124,1.520833355685075,0.5833333333333334
agentmemorybench:fact-mh-262k:context-0/factconsolidation_mh_262k_no63,1.0,0.9846168437937738,4.312499919906259,0.75
agentmemorybench:fact-mh-262k:context-0/factconsolidation_mh_262k_no64,0.0,0.03308598124894904,-3.374999910593033,0.0
agentmemorybench:fact-mh-262k:context-0/factconsolidation_mh_262k_no64,0.05,0.03308598124894904,-3.374999910593033,0.0
agentmemorybench:fact-mh-262k:context-0/factconsolidation_mh_262k_no64,0.1,0.03308598124894904,-3.374999910593033,0.0
agentmemorybench:fact-mh-262k:context-0/factconsolidation_mh_262k_no64,0.15000000000000002,0.03308598124894904,-3.374999910593033,0.0
agentmemorybench:fact-mh-262k:context-0/factconsolidation_mh_262k_no64,0.2,0.34136141175271156,-1.208333268140753,0.0
agentmemorybench:fact-mh-262k:context-0/factconsolidation_mh_262k_no64,0.25,0.6383800243144385,0.7500000304232041,0.0
agentmemorybench:fact-mh-262k:context-0/factconsolidation_mh_262k_no64,0.30000000000000004,0.6383800243144385,0.7500000304232041,0.0
agentmemorybench:fact-mh-262k:context-0/factconsolidation_mh_262k_no64,0.35000000000000003,0.652225007166455,2.2083333299378864,0.16666666666666666
agentmemorybench:fact-mh-262k:context-0/factconsolidation_mh_262k_no64,0.4,0.652225007166455,2.2083333299378864,0.16666666666666666
agentmemorybench:fact-mh-262k:context-0/factconsolidation_mh_262k_no64,0.45,0.652225007166455,2.2083333299378864,0.16666666666666666
agentmemorybench:fact-mh-262k:context-0/factconsolidation_mh_262k_no64,0.5,0.96421231992673,4.541666687626275,0.3333333333333333
agentmemorybench:fact-mh-262k:context-0/factconsolidation_mh_262k_no64,0.55,0.96421231992673,4.541666687626275,0.3333333333333333
agentmemorybench:fact-mh-262k:context-0/factconsolidation_mh_262k_no64,0.6000000000000001,0.96421231992673,4.541666687626275,0.3333333333333333
agentmemorybench:fact-mh-262k:context-0/factconsolidation_mh_262k_no64,0.65,0.96421231992673,4.541666687626275,0.3333333333333333
agentmemorybench:fact-mh-262k:context-0/factconsolidation_mh_262k_no64,0.7000000000000001,0.9789525772993629,5.062499951265636,0.5
agentmemorybench:fact-mh-262k:context-0/factconsolidation_mh_262k_no64,0.75,0.9612781286178484,3.39583327419435,0.5
agentmemorybench:fact-mh-262k:context-0/factconsolidation_mh_262k_no64,0.8,0.9612781286178484,3.39583327419435,0.5
agentmemorybench:fact-mh-262k:context-0/factconsolidation_mh_262k_no64,0.8500000000000001,0.9556512697952892,3.1041666883975267,0.5
agentmemorybench:fact-mh-262k:context-0/factconsolidation_mh_262k_no64,0.9,0.9556512697952892,3.1041666883975267,0.5
agentmemorybench:fact-mh-262k:context-0/factconsolidation_mh_262k_no64,0.9500000000000001,0.9556512697952892,3.1041666883975267,0.5
agentmemorybench:fact-mh-262k:context-0/factconsolidation_mh_262k_no64,1.0,0.9956955991140957,5.979166756204601,0.8333333333333334
agentmemorybench:fact-mh-262k:context-0/factconsolidation_mh_262k_no65,0.0,0.01798620777976789,-4.000000123555462,0.0
agentmemorybench:fact-mh-262k:context-0/factconsolidation_mh_262k_no65,0.05,0.01798620777976789,-4.000000123555462,0.0
agentmemorybench:fact-mh-262k:context-0/factconsolidation_mh_262k_no65,0.1,0.01798620777976789,-4.000000123555462,0.0
agentmemorybench:fact-mh-262k:context-0/factconsolidation_mh_262k_no65,0.15000000000000002,0.01798620777976789,-4.000000123555462,0.0
agentmemorybench:fact-mh-262k:context-0/factconsolidation_mh_262k_no65,0.2,0.03727686486502035,-3.500000078851978,0.0
agentmemorybench:fact-mh-262k:context-0/factconsolidation_mh_262k_no65,0.25,0.2530849836673112,-1.937500050291419,0.0
agentmemorybench:fact-mh-262k:context-0/factconsolidation_mh_262k_no65,0.30000000000000004,0.2530849836673112,-1.937500050291419,0.0
agentmemorybench:fact-mh-262k:context-0/factconsolidation_mh_262k_no65,0.35000000000000003,0.2595820794702491,-1.8541667057822149,0.0
agentmemorybench:fact-mh-262k:context-0/factconsolidation_mh_262k_no65,0.4,0.2595820794702491,-1.8541667057822149,0.0
agentmemorybench:fact-mh-262k:context-0/factconsolidation_mh_262k_no65,0.45,0.2595820794702491,-1.8541667057822149,0.0
agentmemorybench:fact-mh-262k:context-0/factconsolidation_mh_262k_no65,0.5,0.8222816368373711,2.083333320915699,0.3333333333333333
agentmemorybench:fact-mh-262k:context-0/factconsolidation_mh_262k_no65,0.55,0.8222816368373711,2.083333320915699,0.3333333333333333
agentmemorybench:fact-mh-262k:context-0/factconsolidation_mh_262k_no65,0.6000000000000001,0.8222816368373711,2.083333320915699,0.3333333333333333
agentmemorybench:fact-mh-262k:context-0/factconsolidation_mh_262k_no65,0.65,0.8222816368373711,2.083333320915699,0.3333333333333333
agentmemorybench:fact-mh-262k:context-0/factconsolidation_mh_262k_no65,0.7000000000000001,0.7595632766264763,1.6875000173846881,0.3333333333333333
agentmemorybench:fact-mh-262k:context-0/factconsolidation_mh_262k_no65,0.75,0.7331421773276477,1.1458333196739356,0.3333333333333333
agentmemorybench:fact-mh-262k:context-0/factconsolidation_mh_262k_no65,0.8,0.7331421773276477,1.1458333196739356,0.3333333333333333
agentmemorybench:fact-mh-262k:context-0/factconsolidation_mh_262k_no65,0.8500000000000001,0.8019686393176118,1.6041666430731614,0.3333333333333333
agentmemorybench:fact-mh-262k:context-0/factconsolidation_mh_262k_no65,0.9,0.8019686393176118,1.6041666430731614,0.3333333333333333
agentmemorybench:fact-mh-262k:context-0/factconsolidation_mh_262k_no65,0.9500000000000001,0.8019686393176118,1.6041666430731614,0.3333333333333333
agentmemorybench:fact-mh-262k:context-0/factconsolidation_mh_262k_no65,1.0,0.9977116999022736,6.49999994012857,0.8333333333333334
agentmemorybench:fact-mh-262k:context-0/factconsolidation_mh_262k_no66,0.0,0.013519636759771303,-4.291666531935334,0.0
agentmemorybench:fact-mh-262k:context-0/factconsolidation_mh_262k_no66,0.05,0.013519636759771303,-4.291666531935334,0.0
agentmemorybench:fact-mh-262k:context-0/factconsolidation_mh_262k_no66,0.1,0.013519636759771303,-4.291666531935334,0.0
agentmemorybench:fact-mh-262k:context-0/factconsolidation_mh_262k_no66,0.15000000000000002,0.013519636759771303,-4.291666531935334,0.0
agentmemorybench:fact-mh-262k:context-0/factconsolidation_mh_262k_no66,0.2,0.013519636759771303,-4.291666531935334,0.0
agentmemorybench:fact-mh-262k:context-0/factconsolidation_mh_262k_no66,0.25,0.6267676082861798,0.3541666845170159,0.0
agentmemorybench:fact-mh-262k:context-0/factconsolidation_mh_262k_no66,0.30000000000000004,0.6267676082861798,0.3541666845170159,0.0
agentmemorybench:fact-mh-262k:context-0/factconsolidation_mh_262k_no66,0.35000000000000003,0.6267676082861798,0.3541666845170159,0.0
agentmemorybench:fact-mh-262k:context-0/factconsolidation_mh_262k_no66,0.4,0.6267676082861798,0.3541666845170159,0.0
agentmemorybench:fact-mh-262k:context-0/factconsolidation_mh_262k_no66,0.45,0.6267676082861798,0.3541666845170159,0.0
agentmemorybench:fact-mh-262k:context-0/factconsolidation_mh_262k_no66,0.5,0.9699677592162613,4.708333225726771,0.3333333333333333
agentmemorybench:fact-mh-262k:context-0/factconsolidation_mh_262k_no66,0.55,0.9699677592162613,4.708333225726771,0.3333333333333333
agentmemorybench:fact-mh-262k:context-0/factconsolidation_mh_262k_no66,0.6000000000000001,0.9699677592162613,4.708333225726771,0.3333333333333333
agentmemorybench:fact-mh-262k:context-0/factconsolidation_mh_262k_no66,0.65,0.9699677592162613,4.708333225726771,0.3333333333333333
agentmemorybench:fact-mh-262k:context-0/factconsolidation_mh_262k_no66,0.7000000000000001,0.9699677592162613,4.708333225726771,0.3333333333333333
agentmemorybench:fact-mh-262k:context-0/factconsolidation_mh_262k_no66,0.75,0.9444755265243799,2.999999975475172,0.3333333333333333
agentmemorybench:fact-mh-262k:context-0/factconsolidation_mh_262k_no66,0.8,0.9444755265243799,2.999999975475172,0.3333333333333333
agentmemorybench:fact-mh-262k:context-0/factconsolidation_mh_262k_no66,0.8500000000000001,0.9444755265243799,2.999999975475172,0.3333333333333333
agentmemorybench:fact-mh-262k:context-0/factconsolidation_mh_262k_no66,0.9,0.9444755265243799,2.999999975475172,0.3333333333333333
agentmemorybench:fact-mh-262k:context-0/factconsolidation_mh_262k_no66,0.9500000000000001,0.9444755265243799,2.999999975475172,0.3333333333333333
agentmemorybench:fact-mh-262k:context-0/factconsolidation_mh_262k_no66,1.0,0.9994124587243646,7.9583333222108195,0.8333333333333334
agentmemorybench:fact-mh-262k:context-0/factconsolidation_mh_262k_no67,0.0,0.005911068154842687,-5.12500011936451,0.0
agentmemorybench:fact-mh-262k:context-0/factconsolidation_mh_262k_no67,0.05,0.005911068154842687,-5.12500011936451,0.0
agentmemorybench:fact-mh-262k:context-0/factconsolidation_mh_262k_no67,0.1,0.005911068154842687,-5.12500011936451,0.0
agentmemorybench:fact-mh-262k:context-0/factconsolidation_mh_262k_no67,0.15000000000000002,0.005911068154842687,-5.12500011936451,0.0
agentmemorybench:fact-mh-262k:context-0/factconsolidation_mh_262k_no67,0.2,0.30890769849971217,-2.6250000544823706,0.0
agentmemorybench:fact-mh-262k:context-0/factconsolidation_mh_262k_no67,0.25,0.5825079426516878,-0.39583332541709143,0.0
agentmemorybench:fact-mh-262k:context-0/factconsolidation_mh_262k_no67,0.30000000000000004,0.5825079426516878,-0.39583332541709143,0.0
agentmemorybench:fact-mh-262k:context-0/factconsolidation_mh_262k_no67,0.35000000000000003,0.8465998429556062,1.7708333482344945,0.0
agentmemorybench:fact-mh-262k:context-0/factconsolidation_mh_262k_no67,0.4,0.8747143880732587,3.3750000148429535,0.0
agentmemorybench:fact-mh-262k:context-0/factconsolidation_mh_262k_no67,0.45,0.8747143880732587,3.3750000148429535,0.0
agentmemorybench:fact-mh-262k:context-0/factconsolidation_mh_262k_no67,0.5,0.7916422429769069,2.958333333275126,0.16666666666666666
agentmemorybench:fact-mh-262k:context-0/factconsolidation_mh_262k_no67,0.55,0.7916422429769069,2.958333333275126,0.16666666666666666
agentmemorybench:fact-mh-262k:context-0/factconsolidation_mh_262k_no67,0.6000000000000001,0.6803642310903427,0.7916666492819786,0.3333333333333333
agentmemorybench:fact-mh-262k:context-0/factconsolidation_mh_262k_no67,0.65,0.6803642310903427,0.7916666492819786,0.3333333333333333
agentmemorybench:fact-mh-262k:context-0/factconsolidation_mh_262k_no67,0.7000000000000001,0.6118575079622318,0.4583333333333333,0.3333333333333333
agentmemorybench:fact-mh-262k:context-0/factconsolidation_mh_262k_no67,0.75,0.7338082449288477,1.2916666753590107,0.3333333333333333
agentmemorybench:fact-mh-262k:context-0/factconsolidation_mh_262k_no67,0.8,0.8214743270998889,1.9166666989525158,0.3333333333333333
agentmemorybench:fact-mh-262k:context-0/factconsolidation_mh_262k_no67,0.8500000000000001,0.8214743270998889,1.9166666989525158,0.3333333333333333
agentmemorybench:fact-mh-262k:context-0/factconsolidation_mh_262k_no67,0.9,0.8214743270998889,1.9166666989525158,0.3333333333333333
agentmemorybench:fact-mh-262k:context-0/factconsolidation_mh_262k_no67,0.9500000000000001,0.8214743270998889,1.9166666989525158,0.3333333333333333
agentmemorybench:fact-mh-262k:context-0/factconsolidation_mh_262k_no67,1.0,0.9996297368583673,7.9791667086974485,0.8333333333333334
agentmemorybench:fact-mh-262k:context-0/factconsolidation_mh_262k_no68,0.0,0.015273519577959646,-4.166666802174102,0.0
agentmemorybench:fact-mh-262k:context-0/factconsolidation_mh_262k_no68,0.05,0.015273519577959646,-4.166666802174102,0.0
agentmemorybench:fact-mh-262k:context-0/factconsolidation_mh_262k_no68,0.1,0.2539740166284981,-2.4375000942188003,0.0
agentmemorybench:fact-mh-262k:context-0/factconsolidation_mh_262k_no68,0.15000000000000002,0.2858584231077583,-2.2500000867682197,0.0
agentmemorybench:fact-mh-262k:context-0/factconsolidation_mh_262k_no68,0.2,0.49289989283710334,-0.6875000184712311,0.0
agentmemorybench:fact-mh-262k:context-0/factconsolidation_mh_262k_no68,0.25,0.80433521223551,2.8125000108072222,0.16666666666666666
agentmemorybench:fact-mh-262k:context-0/factconsolidation_mh_262k_no68,0.30000000000000004,0.8041734827914407,2.70833339363647,0.16666666666666666
agentmemorybench:fact-mh-262k:context-0/factconsolidation_mh_262k_no68,0.35000000000000003,0.8041734827914407,2.70833339363647,0.16666666666666666
agentmemorybench:fact-mh-262k:context-0/factconsolidation_mh_262k_no68,0.4,0.6538095119906385,0.7500000024835268,0.16666666666666666
agentmemorybench:fact-mh-262k:context-0/factconsolidation_mh_262k_no68,0.45,0.8685539896273365,2.6041666818006584,0.3333333333333333
agentmemorybench:fact-mh-262k:context-0/factconsolidation_mh_262k_no68,0.5,0.7709496703158828,1.2499999950329463,0.5
agentmemorybench:fact-mh-262k:context-0/factconsolidation_mh_262k_no68,0.55,0.7709496703158828,1.2499999950329463,0.5
agentmemorybench:fact-mh-262k:context-0/factconsolidation_mh_262k_no68,0.6000000000000001,0.8778426913959048,3.583333313135275,0.8333333333333334
agentmemorybench:fact-mh-262k:context-0/factconsolidation_mh_262k_no68,0.65,0.7312762865422794,2.583333308789103,0.8333333333333334
agentmemorybench:fact-mh-262k:context-0/factconsolidation_mh_262k_no68,0.7000000000000001,0.7312762865422794,2.583333308789103,0.8333333333333334
agentmemorybench:fact-mh-262k:context-0/factconsolidation_mh_262k_no68,0.75,0.8702487591402256,3.5833333230693825,0.8333333333333334
agentmemorybench:fact-mh-262k:context-0/factconsolidation_mh_262k_no68,0.8,0.9039012209544829,2.687500000310441,0.8333333333333334
agentmemorybench:fact-mh-262k:context-0/factconsolidation_mh_262k_no68,0.8500000000000001,0.9039012209544829,2.687500000310441,0.8333333333333334
agentmemorybench:fact-mh-262k:context-0/factconsolidation_mh_262k_no68,0.9,0.8321934350513392,2.3541666719441614,0.8333333333333334
agentmemorybench:fact-mh-262k:context-0/factconsolidation_mh_262k_no68,0.9500000000000001,0.8166745733304118,2.2916666719441614,0.8333333333333334
agentmemorybench:fact-mh-262k:context-0/factconsolidation_mh_262k_no68,1.0,0.7286192900649465,3.541666670430762,1.0
agentmemorybench:fact-mh-262k:context-0/factconsolidation_mh_262k_no69,0.0,0.006313542456259302,-5.06249995638306,0.0
agentmemorybench:fact-mh-262k:context-0/factconsolidation_mh_262k_no69,0.05,0.006313542456259302,-5.06249995638306,0.0
agentmemorybench:fact-mh-262k:context-0/factconsolidation_mh_262k_no69,0.1,0.30031273630023325,-1.8749999891345699,0.0
agentmemorybench:fact-mh-262k:context-0/factconsolidation_mh_262k_no69,0.15000000000000002,0.4292400380339126,-0.2916666716337204,0.0
agentmemorybench:fact-mh-262k:context-0/factconsolidation_mh_262k_no69,0.2,0.3912356098771745,-1.5624999528129895,0.08333333333333333
agentmemorybench:fact-mh-262k:context-0/factconsolidation_mh_262k_no69,0.25,0.42191669458046643,-1.4374999528129895,0.16666666666666666
agentmemorybench:fact-mh-262k:context-0/factconsolidation_mh_262k_no69,0.30000000000000004,0.4347040194889938,-0.3125,0.25
agentmemorybench:fact-mh-262k:context-0/factconsolidation_mh_262k_no69,0.35000000000000003,0.4347040194889938,-0.3125,0.25
agentmemorybench:fact-mh-262k:context-0/factconsolidation_mh_262k_no69,0.4,0.6860897774891229,0.7916666815678278,0.3333333333333333
agentmemorybench:fact-mh-262k:context-0/factconsolidation_mh_262k_no69,0.45,0.6860897774891229,0.7916666815678278,0.3333333333333333
agentmemorybench:fact-mh-262k:context-0/factconsolidation_mh_262k_no69,0.5,0.6894031053163504,0.9791666641831398,0.4166666666666667
agentmemorybench:fact-mh-262k:context-0/factconsolidation_mh_262k_no69,0.55,0.6894031053163504,0.9791666641831398,0.4166666666666667
agentmemorybench:fact-mh-262k:context-0/factconsolidation_mh_262k_no69,0.6000000000000001,0.815726789232274,1.6041666616996129,0.5
agentmemorybench:fact-mh-262k:context-0/factconsolidation_mh_262k_no69,0.65,0.8519776224704042,1.7916666666666667,0.5833333333333334
agentmemorybench:fact-mh-262k:context-0/factconsolidation_mh_262k_no69,0.7000000000000001,0.8813306541975509,2.2708333634460964,0.5833333333333334
agentmemorybench:fact-mh-262k:context-0/factconsolidation_mh_262k_no69,0.75,0.8404904385812725,2.062500015211602,0.6666666666666666
agentmemorybench:fact-mh-262k:context-0/factconsolidation_mh_262k_no69,0.8,0.8327729030779585,2.2916666123395166,0.75
agentmemorybench:fact-mh-262k:context-0/factconsolidation_mh_262k_no69,0.8500000000000001,0.8327729030779585,2.2916666123395166,0.75
agentmemorybench:fact-mh-262k:context-0/factconsolidation_mh_262k_no69,0.9,0.9698466906437084,4.395833329879679,0.9166666666666666
agentmemorybench:fact-mh-262k:context-0/factconsolidation_mh_262k_no69,0.9500000000000001,0.9698466906437084,4.395833329879679,0.9166666666666666
agentmemorybench:fact-mh-262k:context-0/factconsolidation_mh_262k_no69,1.0,0.9972576910032739,6.625000001292695,1.0
agentmemorybench:fact-mh-262k:context-0/factconsolidation_mh_262k_no7,0.0,0.010986943548136762,-4.499999915560086,0.0
agentmemorybench:fact-mh-262k:context-0/factconsolidation_mh_262k_no7,0.05,0.028136805811973364,-3.9374999296851456,0.0
agentmemorybench:fact-mh-262k:context-0/factconsolidation_mh_262k_no7,0.1,0.33656949478032655,-1.5416666680636506,0.16666666666666666
agentmemorybench:fact-mh-262k:context-0/factconsolidation_mh_262k_no7,0.15000000000000002,0.8880491204015,2.0833333308498063,0.4166666666666667
agentmemorybench:fact-mh-262k:context-0/factconsolidation_mh_262k_no7,0.2,0.5965871756619513,0.6041667076448599,0.4166666666666667
agentmemorybench:fact-mh-262k:context-0/factconsolidation_mh_262k_no7,0.25,0.49479336142566144,-0.020833333333333332,0.5
agentmemorybench:fact-mh-262k:context-0/factconsolidation_mh_262k_no7,0.30000000000000004,0.5370838316567066,0.3333333469927311,0.5
agentmemorybench:fact-mh-262k:context-0/factconsolidation_mh_262k_no7,0.35000000000000003,0.42937163615984897,-0.2916666716337204,0.5
agentmemorybench:fact-mh-262k:context-0/factconsolidation_mh_262k_no7,0.4,0.32905364196502535,-0.8125000049670538,0.5
agentmemorybench:fact-mh-262k:context-0/factconsolidation_mh_262k_no7,0.45,0.14884804254577488,-1.7499999925494194,0.5
agentmemorybench:fact-mh-262k:context-0/factconsolidation_mh_262k_no7,0.5,0.16736644142564946,-1.7291666803260644,0.5833333333333334
agentmemorybench:fact-mh-262k:context-0/factconsolidation_mh_262k_no7,0.55,0.09777446700551513,-2.4791666449358067,0.5833333333333334
agentmemorybench:fact-mh-262k:context-0/factconsolidation_mh_262k_no7,0.6000000000000001,0.08456870671128097,-2.45833328862985,0.5833333333333334
agentmemorybench:fact-mh-262k:context-0/factconsolidation_mh_262k_no7,0.65,0.046455995580527626,-3.0624999863406024,0.5833333333333334
agentmemorybench:fact-mh-262k:context-0/factconsolidation_mh_262k_no7,0.7000000000000001,0.11010314824470147,-2.208333283662796,0.5833333333333334
agentmemorybench:fact-mh-262k:context-0/factconsolidation_mh_262k_no7,0.75,0.3289167424916505,-0.9166666492819786,0.5833333333333334
agentmemorybench:fact-mh-262k:context-0/factconsolidation_mh_262k_no7,0.8,0.20759846451764016,-1.7083333550641935,0.5833333333333334
agentmemorybench:fact-mh-262k:context-0/factconsolidation_mh_262k_no7,0.8500000000000001,0.4730232734512345,0.18750000496705374,0.5833333333333334
agentmemorybench:fact-mh-262k:context-0/factconsolidation_mh_262k_no7,0.9,0.20722342485159284,-1.354166681567828,0.5833333333333334
agentmemorybench:fact-mh-262k:context-0/factconsolidation_mh_262k_no7,0.9500000000000001,0.15338214460087687,-2.1666666818782687,0.5833333333333334
agentmemorybench:fact-mh-262k:context-0/factconsolidation_mh_262k_no7,1.0,0.5887837151261989,-0.04166669491678476,0.5833333333333334
agentmemorybench:fact-mh-262k:context-0/factconsolidation_mh_262k_no70,0.0,0.008965369417841205,-4.708333228093882,0.0
agentmemorybench:fact-mh-262k:context-0/factconsolidation_mh_262k_no70,0.05,0.008965369417841205,-4.708333228093882,0.0
agentmemorybench:fact-mh-262k:context-0/factconsolidation_mh_262k_no70,0.1,0.008965369417841205,-4.708333228093882,0.0
agentmemorybench:fact-mh-262k:context-0/factconsolidation_mh_262k_no70,0.15000000000000002,0.008965369417841205,-4.708333228093882,0.0
agentmemorybench:fact-mh-262k:context-0/factconsolidation_mh_262k_no70,0.2,0.5537123363450784,-0.4791666395030916,0.0
agentmemorybench:fact-mh-262k:context-0/factconsolidation_mh_262k_no70,0.25,0.7819056646279198,1.3958333333333333,0.0
agentmemorybench:fact-mh-262k:context-0/factconsolidation_mh_262k_no70,0.30000000000000004,0.7819056646279198,1.3958333333333333,0.0
agentmemorybench:fact-mh-262k:context-0/factconsolidation_mh_262k_no70,0.35000000000000003,0.7819056646279198,1.3958333333333333,0.0
agentmemorybench:fact-mh-262k:context-0/factconsolidation_mh_262k_no70,0.4,0.7897049229599092,1.7291666607682903,0.1111111111111111
agentmemorybench:fact-mh-262k:context-0/factconsolidation_mh_262k_no70,0.45,0.7897049229599092,1.7291666607682903,0.1111111111111111
agentmemorybench:fact-mh-262k:context-0/factconsolidation_mh_262k_no70,0.5,0.7358940551544455,1.500000004035731,0.1111111111111111
agentmemorybench:fact-mh-262k:context-0/factconsolidation_mh_262k_no70,0.55,0.7358940551544455,1.500000004035731,0.1111111111111111
agentmemorybench:fact-mh-262k:context-0/factconsolidation_mh_262k_no70,0.6000000000000001,0.7552270534799411,1.395833336437742,0.3333333333333333
agentmemorybench:fact-mh-262k:context-0/factconsolidation_mh_262k_no70,0.65,0.7552270534799411,1.395833336437742,0.3333333333333333
agentmemorybench:fact-mh-262k:context-0/factconsolidation_mh_262k_no70,0.7000000000000001,0.7552270534799411,1.395833336437742,0.3333333333333333
agentmemorybench:fact-mh-262k:context-0/factconsolidation_mh_262k_no70,0.75,0.8372572195195359,1.7708333563059568,0.3333333333333333
agentmemorybench:fact-mh-262k:context-0/factconsolidation_mh_262k_no70,0.8,0.8525158221980388,2.0000000465661287,0.3333333333333333
agentmemorybench:fact-mh-262k:context-0/factconsolidation_mh_262k_no70,0.8500000000000001,0.8525158221980388,2.0000000465661287,0.3333333333333333
agentmemorybench:fact-mh-262k:context-0/factconsolidation_mh_262k_no70,0.9,0.8525158221980388,2.0000000465661287,0.3333333333333333
agentmemorybench:fact-mh-262k:context-0/factconsolidation_mh_262k_no70,0.9500000000000001,0.8525158221980388,2.0000000465661287,0.3333333333333333
agentmemorybench:fact-mh-262k:context-0/factconsolidation_mh_262k_no70,1.0,0.9991202220884113,7.125000009633368,1.0
agentmemorybench:fact-mh-262k:context-0/factconsolidation_mh_262k_no71,0.0,0.016242567154611334,-4.104166565152506,0.0
agentmemorybench:fact-mh-262k:context-0/factconsolidation_mh_262k_no71,0.05,0.016242567154611334,-4.104166565152506,0.0
agentmemorybench:fact-mh-262k:context-0/factconsolidation_mh_262k_no71,0.1,0.016242567154611334,-4.104166565152506,0.0
agentmemorybench:fact-mh-262k:context-0/factconsolidation_mh_262k_no71,0.15000000000000002,0.016242567154611334,-4.104166565152506,0.0
agentmemorybench:fact-mh-262k:context-0/factconsolidation_mh_262k_no71,0.2,0.016242567154611334,-4.104166565152506,0.0
agentmemorybench:fact-mh-262k:context-0/factconsolidation_mh_262k_no71,0.25,0.016242567154611334,-4.104166565152506,0.0
agentmemorybench:fact-mh-262k:context-0/factconsolidation_mh_262k_no71,0.30000000000000004,0.016242567154611334,-4.104166565152506,0.0
agentmemorybench:fact-mh-262k:context-0/factconsolidation_mh_262k_no71,0.35000000000000003,0.016242567154611334,-4.104166565152506,0.0
agentmemorybench:fact-mh-262k:context-0/factconsolidation_mh_262k_no71,0.4,0.016242567154611334,-4.104166565152506,0.0
agentmemorybench:fact-mh-262k:context-0/factconsolidation_mh_262k_no71,0.45,0.016242567154611334,-4.104166565152506,0.0
agentmemorybench:fact-mh-262k:context-0/factconsolidation_mh_262k_no71,0.5,0.8375739235786973,1.6458333507180214,0.0
agentmemorybench:fact-mh-262k:context-0/factconsolidation_mh_262k_no71,0.55,0.8375739235786973,1.6458333507180214,0.0
agentmemorybench:fact-mh-262k:context-0/factconsolidation_mh_262k_no71,0.6000000000000001,0.8375739235786973,1.6458333507180214,0.0
agentmemorybench:fact-mh-262k:context-0/factconsolidation_mh_262k_no71,0.65,0.8375739235786973,1.6458333507180214,0.0
agentmemorybench:fact-mh-262k:context-0/factconsolidation_mh_262k_no71,0.7000000000000001,0.8375739235786973,1.6458333507180214,0.0
agentmemorybench:fact-mh-262k:context-0/factconsolidation_mh_262k_no71,0.75,0.8375739235786973,1.6458333507180214,0.0
agentmemorybench:fact-mh-262k:context-0/factconsolidation_mh_262k_no71,0.8,0.8375739235786973,1.6458333507180214,0.0
agentmemorybench:fact-mh-262k:context-0/factconsolidation_mh_262k_no71,0.8500000000000001,0.8375739235786973,1.6458333507180214,0.0
agentmemorybench:fact-mh-262k:context-0/factconsolidation_mh_262k_no71,0.9,0.8375739235786973,1.6458333507180214,0.0
agentmemorybench:fact-mh-262k:context-0/factconsolidation_mh_262k_no71,0.9500000000000001,0.8375739235786973,1.6458333507180214,0.0
agentmemorybench:fact-mh-262k:context-0/factconsolidation_mh_262k_no71,1.0,0.9996245688655755,7.958333255485438,1.0
agentmemorybench:fact-mh-262k:context-0/factconsolidation_mh_262k_no72,0.0,0.00807223889202894,-4.81250006495975,0.0
agentmemorybench:fact-mh-262k:context-0/factconsolidation_mh_262k_no72,0.05,0.00807223889202894,-4.81250006495975,0.0
agentmemorybench:fact-mh-262k:context-0/factconsolidation_mh_262k_no72,0.1,0.00807223889202894,-4.81250006495975,0.0
agentmemorybench:fact-mh-262k:context-0/factconsolidation_mh_262k_no72,0.15000000000000002,0.07917262781592295,-3.0833333327124515,0.0
agentmemorybench:fact-mh-262k:context-0/factconsolidation_mh_262k_no72,0.2,0.20742582563602308,-1.6041666163752477,0.0
agentmemorybench:fact-mh-262k:context-0/factconsolidation_mh_262k_no72,0.25,0.6896032107012591,1.3125000201786559,0.16666666666666666
agentmemorybench:fact-mh-262k:context-0/factconsolidation_mh_262k_no72,0.30000000000000004,0.6896032107012591,1.3125000201786559,0.16666666666666666
agentmemorybench:fact-mh-262k:context-0/factconsolidation_mh_262k_no72,0.35000000000000003,0.7736456252501288,2.062500015211602,0.16666666666666666
agentmemorybench:fact-mh-262k:context-0/factconsolidation_mh_262k_no72,0.4,0.7734434173754612,1.8541666381061077,0.16666666666666666
agentmemorybench:fact-mh-262k:context-0/factconsolidation_mh_262k_no72,0.45,0.6894010038580126,1.1041666480402152,0.16666666666666666
agentmemorybench:fact-mh-262k:context-0/factconsolidation_mh_262k_no72,0.5,0.7088264849009861,2.2916666686263247,0.16666666666666666
agentmemorybench:fact-mh-262k:context-0/factconsolidation_mh_262k_no72,0.55,0.7088264849009861,2.2916666686263247,0.16666666666666666
agentmemorybench:fact-mh-262k:context-0/factconsolidation_mh_262k_no72,0.6000000000000001,0.9517411477808227,3.875000007547593,0.25
agentmemorybench:fact-mh-262k:context-0/factconsolidation_mh_262k_no72,0.65,0.9431494571528948,2.9583333351959786,0.25
agentmemorybench:fact-mh-262k:context-0/factconsolidation_mh_262k_no72,0.7000000000000001,0.9559038725210994,3.7708333587894836,0.25
agentmemorybench:fact-mh-262k:context-0/factconsolidation_mh_262k_no72,0.75,0.9350679713874227,3.3541667318592467,0.25
agentmemorybench:fact-mh-262k:context-0/factconsolidation_mh_262k_no72,0.8,0.9391628825532866,2.791666656732559,0.25
agentmemorybench:fact-mh-262k:context-0/factconsolidation_mh_262k_no72,0.8500000000000001,0.9391628825532866,2.791666656732559,0.25
agentmemorybench:fact-mh-262k:context-0/factconsolidation_mh_262k_no72,0.9,0.9323183476560605,2.666666639968753,0.25
agentmemorybench:fact-mh-262k:context-0/factconsolidation_mh_262k_no72,0.9500000000000001,0.9323183476560605,2.666666639968753,0.25
agentmemorybench:fact-mh-262k:context-0/factconsolidation_mh_262k_no72,1.0,0.9963427896852256,5.645833349282232,0.25
agentmemorybench:fact-mh-262k:context-0/factconsolidation_mh_262k_no73,0.0,0.021641686196253517,-3.8124999621262154,0.0
agentmemorybench:fact-mh-262k:context-0/factconsolidation_mh_262k_no73,0.05,0.021641686196253517,-3.8124999621262154,0.0
agentmemorybench:fact-mh-262k:context-0/factconsolidation_mh_262k_no73,0.1,0.021641686196253517,-3.8124999621262154,0.0
agentmemorybench:fact-mh-262k:context-0/factconsolidation_mh_262k_no73,0.15000000000000002,0.021641686196253517,-3.8124999621262154,0.0
agentmemorybench:fact-mh-262k:context-0/factconsolidation_mh_262k_no73,0.2,0.32141174517756244,-1.708333290182054,0.0
agentmemorybench:fact-mh-262k:context-0/factconsolidation_mh_262k_no73,0.25,0.6207541450746965,0.37500003539025784,0.0
agentmemorybench:fact-mh-262k:context-0/factconsolidation_mh_262k_no73,0.30000000000000004,0.6207541450746965,0.37500003539025784,0.0
agentmemorybench:fact-mh-262k:context-0/factconsolidation_mh_262k_no73,0.35000000000000003,0.9021069415671773,2.250000008692344,0.0
agentmemorybench:fact-mh-262k:context-0/factconsolidation_mh_262k_no73,0.4,0.8649151707316444,1.916666690260172,0.0
agentmemorybench:fact-mh-262k:context-0/factconsolidation_mh_262k_no73,0.45,0.8649151707316444,1.916666690260172,0.0
agentmemorybench:fact-mh-262k:context-0/factconsolidation_mh_262k_no73,0.5,0.8339382578924946,1.6250000149011612,0.16666666666666666
agentmemorybench:fact-mh-262k:context-0/factconsolidation_mh_262k_no73,0.55,0.8339382578924946,1.6250000149011612,0.16666666666666666
agentmemorybench:fact-mh-262k:context-0/factconsolidation_mh_262k_no73,0.6000000000000001,0.8944731352063543,2.6666667223908007,0.3333333333333333
agentmemorybench:fact-mh-262k:context-0/factconsolidation_mh_262k_no73,0.65,0.8944731352063543,2.6666667223908007,0.3333333333333333
agentmemorybench:fact-mh-262k:context-0/factconsolidation_mh_262k_no73,0.7000000000000001,0.7928533816616046,2.1250000507570803,0.3333333333333333
agentmemorybench:fact-mh-262k:context-0/factconsolidation_mh_262k_no73,0.75,0.8442414378675055,2.916666723943005,0.3333333333333333
agentmemorybench:fact-mh-262k:context-0/factconsolidation_mh_262k_no73,0.8,0.836655495367955,2.520833340783914,0.3333333333333333
agentmemorybench:fact-mh-262k:context-0/factconsolidation_mh_262k_no73,0.8500000000000001,0.836655495367955,2.520833340783914,0.3333333333333333
agentmemorybench:fact-mh-262k:context-0/factconsolidation_mh_262k_no73,0.9,0.836655495367955,2.520833340783914,0.3333333333333333
agentmemorybench:fact-mh-262k:context-0/factconsolidation_mh_262k_no73,0.9500000000000001,0.836655495367955,2.520833340783914,0.3333333333333333
agentmemorybench:fact-mh-262k:context-0/factconsolidation_mh_262k_no73,1.0,0.9989581712368771,7.1874999500675285,1.0
agentmemorybench:fact-mh-262k:context-0/factconsolidation_mh_262k_no74,0.0,0.023459277445932805,-3.7291666297242045,0.0
agentmemorybench:fact-mh-262k:context-0/factconsolidation_mh_262k_no74,0.05,0.023459277445932805,-3.7291666297242045,0.0
agentmemorybench:fact-mh-262k:context-0/factconsolidation_mh_262k_no74,0.1,0.023459277445932805,-3.7291666297242045,0.0
agentmemorybench:fact-mh-262k:context-0/factconsolidation_mh_262k_no74,0.15000000000000002,0.340481034356051,-1.2708333277453978,0.0
agentmemorybench:fact-mh-262k:context-0/factconsolidation_mh_262k_no74,0.2,0.340481034356051,-1.2708333277453978,0.0
agentmemorybench:fact-mh-262k:context-0/factconsolidation_mh_262k_no74,0.25,0.6356423397227745,0.729166676911215,0.0
agentmemorybench:fact-mh-262k:context-0/factconsolidation_mh_262k_no74,0.30000000000000004,0.602320535959366,0.16666667039195696,0.16666666666666666
agentmemorybench:fact-mh-262k:context-0/factconsolidation_mh_262k_no74,0.35000000000000003,0.8702320106450946,1.937499988824129,0.16666666666666666
agentmemorybench:fact-mh-262k:context-0/factconsolidation_mh_262k_no74,0.4,0.8702320106450946,1.937499988824129,0.16666666666666666
agentmemorybench:fact-mh-262k:context-0/factconsolidation_mh_262k_no74,0.45,0.8869202085167597,2.1250000235935054,0.16666666666666666
agentmemorybench:fact-mh-262k:context-0/factconsolidation_mh_262k_no74,0.5,0.9071804630574185,2.5208333594103656,0.3333333333333333
agentmemorybench:fact-mh-262k:context-0/factconsolidation_mh_262k_no74,0.55,0.9071804630574185,2.5208333594103656,0.3333333333333333
agentmemorybench:fact-mh-262k:context-0/factconsolidation_mh_262k_no74,0.6000000000000001,0.9314089606109364,3.6041666896392903,0.5
agentmemorybench:fact-mh-262k:context-0/factconsolidation_mh_262k_no74,0.65,0.9314089606109364,3.6041666896392903,0.5
agentmemorybench:fact-mh-262k:context-0/factconsolidation_mh_262k_no74,0.7000000000000001,0.9219006210780724,3.5416666846722364,0.5
agentmemorybench:fact-mh-262k:context-0/factconsolidation_mh_262k_no74,0.75,0.9173516614213103,3.0624999256494143,0.5
agentmemorybench:fact-mh-262k:context-0/factconsolidation_mh_262k_no74,0.8,0.9173516614213103,3.0624999256494143,0.5
agentmemorybench:fact-mh-262k:context-0/factconsolidation_mh_262k_no74,0.8500000000000001,0.9173516614213103,3.0624999256494143,0.5
agentmemorybench:fact-mh-262k:context-0/factconsolidation_mh_262k_no74,0.9,0.9171182236180714,3.0416666522311666,0.5
agentmemorybench:fact-mh-262k:context-0/factconsolidation_mh_262k_no74,0.9500000000000001,0.9171182236180714,3.0416666522311666,0.5
agentmemorybench:fact-mh-262k:context-0/factconsolidation_mh_262k_no74,1.0,0.9941696186506913,6.7916666204546345,0.6666666666666666
agentmemorybench:fact-mh-262k:context-0/factconsolidation_mh_262k_no75,0.0,0.015292137752007044,-4.166666604578495,0.0
agentmemorybench:fact-mh-262k:context-0/factconsolidation_mh_262k_no75,0.05,0.015292137752007044,-4.166666604578495,0.0
agentmemorybench:fact-mh-262k:context-0/factconsolidation_mh_262k_no75,0.1,0.010049849549474679,-5.666666551905412,0.0
agentmemorybench:fact-mh-262k:context-0/factconsolidation_mh_262k_no75,0.15000000000000002,0.005685224232459323,-6.562499872413658,0.0
agentmemorybench:fact-mh-262k:context-0/factconsolidation_mh_262k_no75,0.2,0.00044757955108858127,-8.374999926800228,0.0
agentmemorybench:fact-mh-262k:context-0/factconsolidation_mh_262k_no75,0.25,0.15021840962317787,-3.5208333183739646,0.0
agentmemorybench:fact-mh-262k:context-0/factconsolidation_mh_262k_no75,0.30000000000000004,0.15021840962317787,-3.5208333183739646,0.0
agentmemorybench:fact-mh-262k:context-0/factconsolidation_mh_262k_no75,0.35000000000000003,0.407656104099868,-2.249999990007685,0.4166666666666667
agentmemorybench:fact-mh-262k:context-0/factconsolidation_mh_262k_no75,0.4,0.5237593669631508,0.2083333507180213,0.4166666666666667
agentmemorybench:fact-mh-262k:context-0/factconsolidation_mh_262k_no75,0.45,0.44625490289415265,-0.2291666492819786,0.4166666666666667
agentmemorybench:fact-mh-262k:context-0/factconsolidation_mh_262k_no75,0.5,0.4075633650576524,-0.5833333345750967,0.4166666666666667
agentmemorybench:fact-mh-262k:context-0/factconsolidation_mh_262k_no75,0.55,0.4075633650576524,-0.5833333345750967,0.4166666666666667
agentmemorybench:fact-mh-262k:context-0/factconsolidation_mh_262k_no75,0.6000000000000001,0.3305072053440657,-1.6875000062088172,0.6666666666666666
agentmemorybench:fact-mh-262k:context-0/factconsolidation_mh_262k_no75,0.65,0.3305072053440657,-1.6875000062088172,0.6666666666666666
agentmemorybench:fact-mh-262k:context-0/factconsolidation_mh_262k_no75,0.7000000000000001,0.5096349783056612,-0.5624999877375861,0.6666666666666666
agentmemorybench:fact-mh-262k:context-0/factconsolidation_mh_262k_no75,0.75,0.508005208781575,-0.8749999930926909,0.6666666666666666
agentmemorybench:fact-mh-262k:context-0/factconsolidation_mh_262k_no75,0.8,0.5828116331384244,-0.6249999918509275,0.6666666666666666
agentmemorybench:fact-mh-262k:context-0/factconsolidation_mh_262k_no75,0.8500000000000001,0.6285328208752586,0.6875000149011612,0.6666666666666666
agentmemorybench:fact-mh-262k:context-0/factconsolidation_mh_262k_no75,0.9,0.6508834055860976,1.0416666865348816,0.6666666666666666
agentmemorybench:fact-mh-262k:context-0/factconsolidation_mh_262k_no75,0.9500000000000001,0.715634468493879,1.4166666865348816,0.6666666666666666
agentmemorybench:fact-mh-262k:context-0/factconsolidation_mh_262k_no75,1.0,0.736803811069708,4.354166652803542,0.75
agentmemorybench:fact-mh-262k:context-0/factconsolidation_mh_262k_no76,0.0,0.010560788540546116,-4.541666541093339,0.0
agentmemorybench:fact-mh-262k:context-0/factconsolidation_mh_262k_no76,0.05,0.010560788540546116,-4.541666541093339,0.0
agentmemorybench:fact-mh-262k:context-0/factconsolidation_mh_262k_no76,0.1,0.010560788540546116,-4.541666541093339,0.0
agentmemorybench:fact-mh-262k:context-0/factconsolidation_mh_262k_no76,0.15000000000000002,0.010560788540546116,-4.541666541093339,0.0
agentmemorybench:fact-mh-262k:context-0/factconsolidation_mh_262k_no76,0.2,0.010560788540546116,-4.541666541093339,0.0
agentmemorybench:fact-mh-262k:context-0/factconsolidation_mh_262k_no76,0.25,0.010560788540546116,-4.541666541093339,0.0
agentmemorybench:fact-mh-262k:context-0/factconsolidation_mh_262k_no76,0.30000000000000004,0.010560788540546116,-4.541666541093339,0.0
agentmemorybench:fact-mh-262k:context-0/factconsolidation_mh_262k_no76,0.35000000000000003,0.8233585488059888,1.5625000074505806,0.0
agentmemorybench:fact-mh-262k:context-0/factconsolidation_mh_262k_no76,0.4,0.8233585488059888,1.5625000074505806,0.0
agentmemorybench:fact-mh-262k:context-0/factconsolidation_mh_262k_no76,0.45,0.8233585488059888,1.5625000074505806,0.0
agentmemorybench:fact-mh-262k:context-0/factconsolidation_mh_262k_no76,0.5,0.8233585488059888,1.5625000074505806,0.0
agentmemorybench:fact-mh-262k:context-0/factconsolidation_mh_262k_no76,0.55,0.8233585488059888,1.5625000074505806,0.0
agentmemorybench:fact-mh-262k:context-0/factconsolidation_mh_262k_no76,0.6000000000000001,0.8233585488059888,1.5625000074505806,0.0
agentmemorybench:fact-mh-262k:context-0/factconsolidation_mh_262k_no76,0.65,0.8233585488059888,1.5625000074505806,0.0
agentmemorybench:fact-mh-262k:context-0/factconsolidation_mh_262k_no76,0.7000000000000001,0.8525695130533603,1.791666639347871,0.0
agentmemorybench:fact-mh-262k:context-0/factconsolidation_mh_262k_no76,0.75,0.8525695130533603,1.791666639347871,0.0
agentmemorybench:fact-mh-262k:context-0/factconsolidation_mh_262k_no76,0.8,0.8525695130533603,1.791666639347871,0.0
agentmemorybench:fact-mh-262k:context-0/factconsolidation_mh_262k_no76,0.8500000000000001,0.8525695130533603,1.791666639347871,0.0
agentmemorybench:fact-mh-262k:context-0/factconsolidation_mh_262k_no76,0.9,0.8525695130533603,1.791666639347871,0.0
agentmemorybench:fact-mh-262k:context-0/factconsolidation_mh_262k_no76,0.9500000000000001,0.8525695130533603,1.791666639347871,0.0
agentmemorybench:fact-mh-262k:context-0/factconsolidation_mh_262k_no76,1.0,0.9991629901190316,7.166666645129832,0.6666666666666666
agentmemorybench:fact-mh-262k:context-0/factconsolidation_mh_262k_no77,0.0,0.003988252883689372,-5.520833367093776,0.0
agentmemorybench:fact-mh-262k:context-0/factconsolidation_mh_262k_no77,0.05,0.003988252883689372,-5.520833367093776,0.0
agentmemorybench:fact-mh-262k:context-0/factconsolidation_mh_262k_no77,0.1,0.003988252883689372,-5.520833367093776,0.0
agentmemorybench:fact-mh-262k:context-0/factconsolidation_mh_262k_no77,0.15000000000000002,0.41249790977574685,-0.3541666666666667,0.0
agentmemorybench:fact-mh-262k:context-0/factconsolidation_mh_262k_no77,0.2,0.41249790977574685,-0.3541666666666667,0.0
agentmemorybench:fact-mh-262k:context-0/factconsolidation_mh_262k_no77,0.25,0.7073039848647079,0.9166666641831398,0.08333333333333333
agentmemorybench:fact-mh-262k:context-0/factconsolidation_mh_262k_no77,0.30000000000000004,0.7073039848647079,0.9166666641831398,0.08333333333333333
agentmemorybench:fact-mh-262k:context-0/factconsolidation_mh_262k_no77,0.35000000000000003,0.5308888657618184,0.12499999503294627,0.25
agentmemorybench:fact-mh-262k:context-0/factconsolidation_mh_262k_no77,0.4,0.5358877223880923,0.1458333283662796,0.25
agentmemorybench:fact-mh-262k:context-0/factconsolidation_mh_262k_no77,0.45,0.7557428952149207,1.270833320915699,0.25
agentmemorybench:fact-mh-262k:context-0/factconsolidation_mh_262k_no77,0.5,0.7094520474793713,1.083333320915699,0.25
agentmemorybench:fact-mh-262k:context-0/factconsolidation_mh_262k_no77,0.55,0.7094520474793713,1.083333320915699,0.25
agentmemorybench:fact-mh-262k:context-0/factconsolidation_mh_262k_no77,0.6000000000000001,0.6353264736025792,0.5833333482344946,0.25
agentmemorybench:fact-mh-262k:context-0/factconsolidation_mh_262k_no77,0.65,0.8087339506839463,2.1250000302679837,0.4166666666666667
agentmemorybench:fact-mh-262k:context-0/factconsolidation_mh_262k_no77,0.7000000000000001,0.9202027979707722,2.895833372293661,0.4166666666666667
agentmemorybench:fact-mh-262k:context-0/factconsolidation_mh_262k_no77,0.75,0.912836452868894,2.520833366860946,0.4166666666666667
agentmemorybench:fact-mh-262k:context-0/factconsolidation_mh_262k_no77,0.8,0.8614893148810393,3.0625000107102096,0.4166666666666667
agentmemorybench:fact-mh-262k:context-0/factconsolidation_mh_262k_no77,0.8500000000000001,0.8614893148810393,3.0625000107102096,0.4166666666666667
agentmemorybench:fact-mh-262k:context-0/factconsolidation_mh_262k_no77,0.9,0.9460050148417359,3.437500014745941,0.4166666666666667
agentmemorybench:fact-mh-262k:context-0/factconsolidation_mh_262k_no77,0.9500000000000001,0.9460050148417359,3.437500014745941,0.4166666666666667
agentmemorybench:fact-mh-262k:context-0/factconsolidation_mh_262k_no77,1.0,0.9757554950753838,4.8749999979239265,0.4166666666666667
agentmemorybench:fact-mh-262k:context-0/factconsolidation_mh_262k_no78,0.0,0.0220956977561108,-3.791666661389172,0.0
agentmemorybench:fact-mh-262k:context-0/factconsolidation_mh_262k_no78,0.05,0.0220956977561108,-3.791666661389172,0.0
agentmemorybench:fact-mh-262k:context-0/factconsolidation_mh_262k_no78,0.1,0.0220956977561108,-3.791666661389172,0.0
agentmemorybench:fact-mh-262k:context-0/factconsolidation_mh_262k_no78,0.15000000000000002,0.0220956977561108,-3.791666661389172,0.0
agentmemorybench:fact-mh-262k:context-0/factconsolidation_mh_262k_no78,0.2,0.0220956977561108,-3.791666661389172,0.0
agentmemorybench:fact-mh-262k:context-0/factconsolidation_mh_262k_no78,0.25,0.6494411987797907,0.9166666675979891,0.0
agentmemorybench:fact-mh-262k:context-0/factconsolidation_mh_262k_no78,0.30000000000000004,0.6494411987797907,0.9166666675979891,0.0
agentmemorybench:fact-mh-262k:context-0/factconsolidation_mh_262k_no78,0.35000000000000003,0.9593067850939635,3.1666666952272258,0.0
agentmemorybench:fact-mh-262k:context-0/factconsolidation_mh_262k_no78,0.4,0.9593067850939635,3.1666666952272258,0.0
agentmemorybench:fact-mh-262k:context-0/factconsolidation_mh_262k_no78,0.45,0.9593067850939635,3.1666666952272258,0.0
agentmemorybench:fact-mh-262k:context-0/factconsolidation_mh_262k_no78,0.5,0.9172335465318716,2.708333332402011,0.3333333333333333
agentmemorybench:fact-mh-262k:context-0/factconsolidation_mh_262k_no78,0.55,0.9172335465318716,2.708333332402011,0.3333333333333333
agentmemorybench:fact-mh-262k:context-0/factconsolidation_mh_262k_no78,0.6000000000000001,0.9172335465318716,2.708333332402011,0.3333333333333333
agentmemorybench:fact-mh-262k:context-0/factconsolidation_mh_262k_no78,0.65,0.9172335465318716,2.708333332402011,0.3333333333333333
agentmemorybench:fact-mh-262k:context-0/factconsolidation_mh_262k_no78,0.7000000000000001,0.8657710955252292,2.1666666558012366,0.3333333333333333
agentmemorybench:fact-mh-262k:context-0/factconsolidation_mh_262k_no78,0.75,0.9022954982895429,2.5416666427627206,0.3333333333333333
agentmemorybench:fact-mh-262k:context-0/factconsolidation_mh_262k_no78,0.8,0.9022954982895429,2.5416666427627206,0.3333333333333333
agentmemorybench:fact-mh-262k:context-0/factconsolidation_mh_262k_no78,0.8500000000000001,0.9022954982895429,2.5416666427627206,0.3333333333333333
agentmemorybench:fact-mh-262k:context-0/factconsolidation_mh_262k_no78,0.9,0.9022954982895429,2.5416666427627206,0.3333333333333333
agentmemorybench:fact-mh-262k:context-0/factconsolidation_mh_262k_no78,0.9500000000000001,0.9022954982895429,2.5416666427627206,0.3333333333333333
agentmemorybench:fact-mh-262k:context-0/factconsolidation_mh_262k_no78,1.0,0.9980119971397258,7.104166688797704,0.6666666666666666
agentmemorybench:fact-mh-262k:context-0/factconsolidation_mh_262k_no79,0.0,0.023459274961771207,-3.729166740551591,0.0
agentmemorybench:fact-mh-262k:context-0/factconsolidation_mh_262k_no79,0.05,0.023459274961771207,-3.729166740551591,0.0
agentmemorybench:fact-mh-262k:context-0/factconsolidation_mh_262k_no79,0.1,0.023459274961771207,-3.729166740551591,0.0
agentmemorybench:fact-mh-262k:context-0/factconsolidation_mh_262k_no79,0.15000000000000002,0.023459274961771207,-3.729166740551591,0.0
agentmemorybench:fact-mh-262k:context-0/factconsolidation_mh_262k_no79,0.2,0.023459274961771207,-3.729166740551591,0.0
agentmemorybench:fact-mh-262k:context-0/factconsolidation_mh_262k_no79,0.25,0.2966166112272027,-1.9375000807146232,0.0
agentmemorybench:fact-mh-262k:context-0/factconsolidation_mh_262k_no79,0.30000000000000004,0.2966166112272027,-1.9375000807146232,0.0
agentmemorybench:fact-mh-262k:context-0/factconsolidation_mh_262k_no79,0.35000000000000003,0.768670748056508,1.2291666368643444,0.0
agentmemorybench:fact-mh-262k:context-0/factconsolidation_mh_262k_no79,0.4,0.768670748056508,1.2291666368643444,0.0
agentmemorybench:fact-mh-262k:context-0/factconsolidation_mh_262k_no79,0.45,0.768670748056508,1.2291666368643444,0.0
agentmemorybench:fact-mh-262k:context-0/factconsolidation_mh_262k_no79,0.5,0.81032443754857,1.812499954054753,0.0
agentmemorybench:fact-mh-262k:context-0/factconsolidation_mh_262k_no79,0.55,0.81032443754857,1.812499954054753,0.0
agentmemorybench:fact-mh-262k:context-0/factconsolidation_mh_262k_no79,0.6000000000000001,0.81032443754857,1.812499954054753,0.0
agentmemorybench:fact-mh-262k:context-0/factconsolidation_mh_262k_no79,0.65,0.81032443754857,1.812499954054753,0.0
agentmemorybench:fact-mh-262k:context-0/factconsolidation_mh_262k_no79,0.7000000000000001,0.9503034205987165,3.020833328987161,0.0
agentmemorybench:fact-mh-262k:context-0/factconsolidation_mh_262k_no79,0.75,0.9601843041039021,4.041666661039926,0.3333333333333333
agentmemorybench:fact-mh-262k:context-0/factconsolidation_mh_262k_no79,0.8,0.9601843041039021,4.041666661039926,0.3333333333333333
agentmemorybench:fact-mh-262k:context-0/factconsolidation_mh_262k_no79,0.8500000000000001,0.9601843041039021,4.041666661039926,0.3333333333333333
agentmemorybench:fact-mh-262k:context-0/factconsolidation_mh_262k_no79,0.9,0.9601843041039021,4.041666661039926,0.3333333333333333
agentmemorybench:fact-mh-262k:context-0/factconsolidation_mh_262k_no79,0.9500000000000001,0.9601843041039021,4.041666661039926,0.3333333333333333
agentmemorybench:fact-mh-262k:context-0/factconsolidation_mh_262k_no79,1.0,0.9877295198757464,5.541666534729302,0.8333333333333334
agentmemorybench:fact-mh-262k:context-0/factconsolidation_mh_262k_no8,0.0,0.005220126288416273,-5.249999885447323,0.0
agentmemorybench:fact-mh-262k:context-0/factconsolidation_mh_262k_no8,0.05,0.005220126288416273,-5.249999885447323,0.0
agentmemorybench:fact-mh-262k:context-0/factconsolidation_mh_262k_no8,0.1,0.3301413216398178,-1.7708332951491077,0.0
agentmemorybench:fact-mh-262k:context-0/factconsolidation_mh_262k_no8,0.15000000000000002,0.6392190485381115,0.8541666567325592,0.0
agentmemorybench:fact-mh-262k:context-0/factconsolidation_mh_262k_no8,0.2,0.7578356759142492,1.3541666517655055,0.3333333333333333
agentmemorybench:fact-mh-262k:context-0/factconsolidation_mh_262k_no8,0.25,0.7674675170183857,1.3958333035310109,0.3333333333333333
agentmemorybench:fact-mh-262k:context-0/factconsolidation_mh_262k_no8,0.30000000000000004,0.4507162949917087,-0.8125000381842256,0.3333333333333333
agentmemorybench:fact-mh-262k:context-0/factconsolidation_mh_262k_no8,0.35000000000000003,0.2561135741014646,-1.8958333528911073,0.3333333333333333
agentmemorybench:fact-mh-262k:context-0/factconsolidation_mh_262k_no8,0.4,0.30253272126458247,-1.750000017695129,0.3333333333333333
agentmemorybench:fact-mh-262k:context-0/factconsolidation_mh_262k_no8,0.45,0.33964902251749246,-1.1041666759798925,0.5
agentmemorybench:fact-mh-262k:context-0/factconsolidation_mh_262k_no8,0.5,0.16529108578858118,-1.9166666908810537,0.5
agentmemorybench:fact-mh-262k:context-0/factconsolidation_mh_262k_no8,0.55,0.17962819039720088,-1.666666705161333,0.5
agentmemorybench:fact-mh-262k:context-0/factconsolidation_mh_262k_no8,0.6000000000000001,0.12203682829217716,-1.9999999987582366,0.5
agentmemorybench:fact-mh-262k:context-0/factconsolidation_mh_262k_no8,0.65,0.09966588543732857,-2.541666589677334,0.5
agentmemorybench:fact-mh-262k:context-0/factconsolidation_mh_262k_no8,0.7000000000000001,0.07975969126431363,-2.645833314706882,0.5
agentmemorybench:fact-mh-262k:context-0/factconsolidation_mh_262k_no8,0.75,0.12104893974580716,-2.3750000012417636,0.5
agentmemorybench:fact-mh-262k:context-0/factconsolidation_mh_262k_no8,0.8,0.12006194346728583,-2.312499968955914,0.5
agentmemorybench:fact-mh-262k:context-0/factconsolidation_mh_262k_no8,0.8500000000000001,0.10801870597393116,-2.6041666443149247,0.5
agentmemorybench:fact-mh-262k:context-0/factconsolidation_mh_262k_no8,0.9,0.0632872555518694,-2.979166630655527,0.5
agentmemorybench:fact-mh-262k:context-0/factconsolidation_mh_262k_no8,0.9500000000000001,0.10893098274157909,-2.3333332861463227,0.5
agentmemorybench:fact-mh-262k:context-0/factconsolidation_mh_262k_no8,1.0,0.29287321731716415,-1.2499999875823657,0.5
agentmemorybench:fact-mh-262k:context-0/factconsolidation_mh_262k_no80,0.0,0.018008386985157453,-3.9999999857197204,0.0
agentmemorybench:fact-mh-262k:context-0/factconsolidation_mh_262k_no80,0.05,0.018008386985157453,-3.9999999857197204,0.0
agentmemorybench:fact-mh-262k:context-0/factconsolidation_mh_262k_no80,0.1,0.2817258197248826,-2.166666611097753,0.0
agentmemorybench:fact-mh-262k:context-0/factconsolidation_mh_262k_no80,0.15000000000000002,0.5348303718750944,-0.4166666433836023,0.0
agentmemorybench:fact-mh-262k:context-0/factconsolidation_mh_262k_no80,0.2,0.5985226686632115,1.4583333399205003,0.16666666666666666
agentmemorybench:fact-mh-262k:context-0/factconsolidation_mh_262k_no80,0.25,0.6725338115862022,3.479166653996799,0.3333333333333333
agentmemorybench:fact-mh-262k:context-0/factconsolidation_mh_262k_no80,0.30000000000000004,0.6330848023944827,1.7916666607585892,0.3333333333333333
agentmemorybench:fact-mh-262k:context-0/factconsolidation_mh_262k_no80,0.35000000000000003,0.6330848023944827,1.7916666607585892,0.3333333333333333
agentmemorybench:fact-mh-262k:context-0/factconsolidation_mh_262k_no80,0.4,0.5483604741482856,-0.3125000015522043,0.3333333333333333
agentmemorybench:fact-mh-262k:context-0/factconsolidation_mh_262k_no80,0.45,0.5483604741482856,-0.3125000015522043,0.3333333333333333
agentmemorybench:fact-mh-262k:context-0/factconsolidation_mh_262k_no80,0.5,0.8588816600127495,1.8124999925494194,0.3333333333333333
agentmemorybench:fact-mh-262k:context-0/factconsolidation_mh_262k_no80,0.55,0.8588816600127495,1.8124999925494194,0.3333333333333333
agentmemorybench:fact-mh-262k:context-0/factconsolidation_mh_262k_no80,0.6000000000000001,0.8436455510138806,1.708333320915699,0.3333333333333333
agentmemorybench:fact-mh-262k:context-0/factconsolidation_mh_262k_no80,0.65,0.8340307931787775,1.6249999950329463,0.3333333333333333
agentmemorybench:fact-mh-262k:context-0/factconsolidation_mh_262k_no80,0.7000000000000001,0.7705229254607807,1.312500002483527,0.3333333333333333
agentmemorybench:fact-mh-262k:context-0/factconsolidation_mh_262k_no80,0.75,0.7260701230194707,1.0416666716337204,0.3333333333333333
agentmemorybench:fact-mh-262k:context-0/factconsolidation_mh_262k_no80,0.8,0.7160141869529224,1.0,0.3333333333333333
agentmemorybench:fact-mh-262k:context-0/factconsolidation_mh_262k_no80,0.8500000000000001,0.7160141869529224,1.0,0.3333333333333333
agentmemorybench:fact-mh-262k:context-0/factconsolidation_mh_262k_no80,0.9,0.745214793709327,1.3333333258827527,0.3333333333333333
agentmemorybench:fact-mh-262k:context-0/factconsolidation_mh_262k_no80,0.9500000000000001,0.745214793709327,1.3333333258827527,0.3333333333333333
agentmemorybench:fact-mh-262k:context-0/factconsolidation_mh_262k_no80,1.0,0.9014199217863781,3.708333299456475,0.3333333333333333
agentmemorybench:fact-mh-262k:context-0/factconsolidation_mh_262k_no81,0.0,0.011468511693734225,-4.458333358013381,0.0
agentmemorybench:fact-mh-262k:context-0/factconsolidation_mh_262k_no81,0.05,0.011468511693734225,-4.458333358013381,0.0
agentmemorybench:fact-mh-262k:context-0/factconsolidation_mh_262k_no81,0.1,0.011468511693734225,-4.458333358013381,0.0
agentmemorybench:fact-mh-262k:context-0/factconsolidation_mh_262k_no81,0.15000000000000002,0.011468511693734225,-4.458333358013381,0.0
agentmemorybench:fact-mh-262k:context-0/factconsolidation_mh_262k_no81,0.2,0.011468511693734225,-4.458333358013381,0.0
agentmemorybench:fact-mh-262k:context-0/factconsolidation_mh_262k_no81,0.25,0.9607901269129556,3.354166683740914,0.0
agentmemorybench:fact-mh-262k:context-0/factconsolidation_mh_262k_no81,0.30000000000000004,0.9607901269129556,3.354166683740914,0.0
agentmemorybench:fact-mh-262k:context-0/factconsolidation_mh_262k_no81,0.35000000000000003,0.9607901269129556,3.354166683740914,0.0
agentmemorybench:fact-mh-262k:context-0/factconsolidation_mh_262k_no81,0.4,0.9607901269129556,3.354166683740914,0.0
agentmemorybench:fact-mh-262k:context-0/factconsolidation_mh_262k_no81,0.45,0.9607901269129556,3.354166683740914,0.0
agentmemorybench:fact-mh-262k:context-0/factconsolidation_mh_262k_no81,0.5,0.9969915721766783,6.08333326781091,0.5
agentmemorybench:fact-mh-262k:context-0/factconsolidation_mh_262k_no81,0.55,0.9969915721766783,6.08333326781091,0.5
agentmemorybench:fact-mh-262k:context-0/factconsolidation_mh_262k_no81,0.6000000000000001,0.9969915721766783,6.08333326781091,0.5
agentmemorybench:fact-mh-262k:context-0/factconsolidation_mh_262k_no81,0.65,0.9969915721766783,6.08333326781091,0.5
agentmemorybench:fact-mh-262k:context-0/factconsolidation_mh_262k_no81,0.7000000000000001,0.9969915721766783,6.08333326781091,0.5
agentmemorybench:fact-mh-262k:context-0/factconsolidation_mh_262k_no81,0.75,0.9553882096524605,3.1249999764064946,0.5
agentmemorybench:fact-mh-262k:context-0/factconsolidation_mh_262k_no81,0.8,0.9553882096524605,3.1249999764064946,0.5
agentmemorybench:fact-mh-262k:context-0/factconsolidation_mh_262k_no81,0.8500000000000001,0.9553882096524605,3.1249999764064946,0.5
agentmemorybench:fact-mh-262k:context-0/factconsolidation_mh_262k_no81,0.9,0.9553882096524605,3.1249999764064946,0.5
agentmemorybench:fact-mh-262k:context-0/factconsolidation_mh_262k_no81,0.9500000000000001,0.9553882096524605,3.1249999764064946,0.5
agentmemorybench:fact-mh-262k:context-0/factconsolidation_mh_262k_no81,1.0,0.9966559322578302,5.708333341249575,0.5
agentmemorybench:fact-mh-262k:context-0/factconsolidation_mh_262k_no82,0.0,0.013783360957528358,-4.270833161504318,0.0
agentmemorybench:fact-mh-262k:context-0/factconsolidation_mh_262k_no82,0.05,0.013783360957528358,-4.270833161504318,0.0
agentmemorybench:fact-mh-262k:context-0/factconsolidation_mh_262k_no82,0.1,0.013783360957528358,-4.270833161504318,0.0
agentmemorybench:fact-mh-262k:context-0/factconsolidation_mh_262k_no82,0.15000000000000002,0.013783360957528358,-4.270833161504318,0.0
agentmemorybench:fact-mh-262k:context-0/factconsolidation_mh_262k_no82,0.2,0.817914472256684,1.6458333693444729,0.0
agentmemorybench:fact-mh-262k:context-0/factconsolidation_mh_262k_no82,0.25,0.817914472256684,1.6458333693444729,0.0
agentmemorybench:fact-mh-262k:context-0/factconsolidation_mh_262k_no82,0.30000000000000004,0.817914472256684,1.6458333693444729,0.0
agentmemorybench:fact-mh-262k:context-0/factconsolidation_mh_262k_no82,0.35000000000000003,0.9131399561507569,2.5000000360111394,0.1111111111111111
agentmemorybench:fact-mh-262k:context-0/factconsolidation_mh_262k_no82,0.4,0.8673153702916064,2.395833306014538,0.2222222222222222
agentmemorybench:fact-mh-262k:context-0/factconsolidation_mh_262k_no82,0.45,0.8673153702916064,2.395833306014538,0.2222222222222222
agentmemorybench:fact-mh-262k:context-0/factconsolidation_mh_262k_no82,0.5,0.8212675832578756,1.812499965230624,0.2222222222222222
agentmemorybench:fact-mh-262k:context-0/factconsolidation_mh_262k_no82,0.55,0.8212675832578756,1.812499965230624,0.2222222222222222
agentmemorybench:fact-mh-262k:context-0/factconsolidation_mh_262k_no82,0.6000000000000001,0.6854017527961546,0.9374999875823656,0.4444444444444444
agentmemorybench:fact-mh-262k:context-0/factconsolidation_mh_262k_no82,0.65,0.6854017527961546,0.9374999875823656,0.4444444444444444
agentmemorybench:fact-mh-262k:context-0/factconsolidation_mh_262k_no82,0.7000000000000001,0.7147981408994869,1.2083333333333333,0.4444444444444444
agentmemorybench:fact-mh-262k:context-0/factconsolidation_mh_262k_no82,0.75,0.7147981408994869,1.2083333333333333,0.4444444444444444
agentmemorybench:fact-mh-262k:context-0/factconsolidation_mh_262k_no82,0.8,0.9213168400845112,2.7500001061707735,0.5555555555555555
agentmemorybench:fact-mh-262k:context-0/factconsolidation_mh_262k_no82,0.8500000000000001,0.9420240644340008,3.2083334336057305,0.6666666666666666
agentmemorybench:fact-mh-262k:context-0/factconsolidation_mh_262k_no82,0.9,0.9420240644340008,3.2083334336057305,0.6666666666666666
agentmemorybench:fact-mh-262k:context-0/factconsolidation_mh_262k_no82,0.9500000000000001,0.9420240644340008,3.2083334336057305,0.6666666666666666
agentmemorybench:fact-mh-262k:context-0/factconsolidation_mh_262k_no82,1.0,0.9985894444518683,6.624999977444531,1.0
agentmemorybench:fact-mh-262k:context-0/factconsolidation_mh_262k_no83,0.0,0.014063627008809311,-4.250000002483527,0.0
agentmemorybench:fact-mh-262k:context-0/factconsolidation_mh_262k_no83,0.05,0.014063627008809311,-4.250000002483527,0.0
agentmemorybench:fact-mh-262k:context-0/factconsolidation_mh_262k_no83,0.1,0.014063627008809311,-4.250000002483527,0.0
agentmemorybench:fact-mh-262k:context-0/factconsolidation_mh_262k_no83,0.15000000000000002,0.014063627008809311,-4.250000002483527,0.0
agentmemorybench:fact-mh-262k:context-0/factconsolidation_mh_262k_no83,0.2,0.014063627008809311,-4.250000002483527,0.0
agentmemorybench:fact-mh-262k:context-0/factconsolidation_mh_262k_no83,0.25,0.1864455422500003,-2.791666683740914,0.0
agentmemorybench:fact-mh-262k:context-0/factconsolidation_mh_262k_no83,0.30000000000000004,0.1864455422500003,-2.791666683740914,0.0
agentmemorybench:fact-mh-262k:context-0/factconsolidation_mh_262k_no83,0.35000000000000003,0.1864455422500003,-2.791666683740914,0.0
agentmemorybench:fact-mh-262k:context-0/factconsolidation_mh_262k_no83,0.4,0.1864455422500003,-2.791666683740914,0.0
agentmemorybench:fact-mh-262k:context-0/factconsolidation_mh_262k_no83,0.45,0.1864455422500003,-2.791666683740914,0.0
agentmemorybench:fact-mh-262k:context-0/factconsolidation_mh_262k_no83,0.5,0.7917209444232376,3.0833333294819263,0.16666666666666666
agentmemorybench:fact-mh-262k:context-0/factconsolidation_mh_262k_no83,0.55,0.7917209444232376,3.0833333294819263,0.16666666666666666
agentmemorybench:fact-mh-262k:context-0/factconsolidation_mh_262k_no83,0.6000000000000001,0.7917209444232376,3.0833333294819263,0.16666666666666666
agentmemorybench:fact-mh-262k:context-0/factconsolidation_mh_262k_no83,0.65,0.7917209444232376,3.0833333294819263,0.16666666666666666
agentmemorybench:fact-mh-262k:context-0/factconsolidation_mh_262k_no83,0.7000000000000001,0.7917209444232376,3.0833333294819263,0.16666666666666666
agentmemorybench:fact-mh-262k:context-0/factconsolidation_mh_262k_no83,0.75,0.7837530152764711,1.7916666253780325,0.16666666666666666
agentmemorybench:fact-mh-262k:context-0/factconsolidation_mh_262k_no83,0.8,0.7837530152764711,1.7916666253780325,0.16666666666666666
agentmemorybench:fact-mh-262k:context-0/factconsolidation_mh_262k_no83,0.8500000000000001,0.7837530152764711,1.7916666253780325,0.16666666666666666
agentmemorybench:fact-mh-262k:context-0/factconsolidation_mh_262k_no83,0.9,0.7837530152764711,1.7916666253780325,0.16666666666666666
agentmemorybench:fact-mh-262k:context-0/factconsolidation_mh_262k_no83,0.9500000000000001,0.7837530152764711,1.7916666253780325,0.16666666666666666
agentmemorybench:fact-mh-262k:context-0/factconsolidation_mh_262k_no83,1.0,0.9996717410701065,8.06249992296216,0.6666666666666666
agentmemorybench:fact-mh-262k:context-0/factconsolidation_mh_262k_no84,0.0,0.005220126271086403,-5.249999888784562,0.0
agentmemorybench:fact-mh-262k:context-0/factconsolidation_mh_262k_no84,0.05,0.005220126271086403,-5.249999888784562,0.0
agentmemorybench:fact-mh-262k:context-0/factconsolidation_mh_262k_no84,0.1,0.005220126271086403,-5.249999888784562,0.0
agentmemorybench:fact-mh-262k:context-0/factconsolidation_mh_262k_no84,0.15000000000000002,0.49479336142566144,-0.020833333333333332,0.0
agentmemorybench:fact-mh-262k:context-0/factconsolidation_mh_262k_no84,0.2,0.49479336142566144,-0.020833333333333332,0.0
agentmemorybench:fact-mh-262k:context-0/factconsolidation_mh_262k_no84,0.25,0.6825781513895568,1.2708333414047956,0.08333333333333333
agentmemorybench:fact-mh-262k:context-0/factconsolidation_mh_262k_no84,0.30000000000000004,0.8805714722215713,2.708333328987161,0.25
agentmemorybench:fact-mh-262k:context-0/factconsolidation_mh_262k_no84,0.35000000000000003,0.8805714722215713,2.708333328987161,0.25
agentmemorybench:fact-mh-262k:context-0/factconsolidation_mh_262k_no84,0.4,0.6118477021837986,0.999999980131785,0.25
agentmemorybench:fact-mh-262k:context-0/factconsolidation_mh_262k_no84,0.45,0.26805105999956835,-1.0833333432674408,0.25
agentmemorybench:fact-mh-262k:context-0/factconsolidation_mh_262k_no84,0.5,0.28390184109551747,-0.9791666716337204,0.3333333333333333
agentmemorybench:fact-mh-262k:context-0/factconsolidation_mh_262k_no84,0.55,0.28390184109551747,-0.9791666716337204,0.3333333333333333
agentmemorybench:fact-mh-262k:context-0/factconsolidation_mh_262k_no84,0.6000000000000001,0.5189979109454603,0.08333333084980647,0.4166666666666667
agentmemorybench:fact-mh-262k:context-0/factconsolidation_mh_262k_no84,0.65,0.7591260792935678,1.395833329608043,0.4166666666666667
agentmemorybench:fact-mh-262k:context-0/factconsolidation_mh_262k_no84,0.7000000000000001,0.7591260792935678,1.395833329608043,0.4166666666666667
agentmemorybench:fact-mh-262k:context-0/factconsolidation_mh_262k_no84,0.75,0.6662939663813683,1.062500004346172,0.4166666666666667
agentmemorybench:fact-mh-262k:context-0/factconsolidation_mh_262k_no84,0.8,0.6662939663813683,1.062500004346172,0.4166666666666667
agentmemorybench:fact-mh-262k:context-0/factconsolidation_mh_262k_no84,0.8500000000000001,0.6662939663813683,1.062500004346172,0.4166666666666667
agentmemorybench:fact-mh-262k:context-0/factconsolidation_mh_262k_no84,0.9,0.9109199636841191,2.5208333441987634,0.4166666666666667
agentmemorybench:fact-mh-262k:context-0/factconsolidation_mh_262k_no84,0.9500000000000001,0.9109199636841191,2.5208333441987634,0.4166666666666667
agentmemorybench:fact-mh-262k:context-0/factconsolidation_mh_262k_no84,1.0,0.9979912584132647,6.395833356034321,0.4166666666666667
agentmemorybench:fact-mh-262k:context-0/factconsolidation_mh_262k_no85,0.0,0.010547748948183604,-4.541666691346715,0.0
agentmemorybench:fact-mh-262k:context-0/factconsolidation_mh_262k_no85,0.05,0.010547748948183604,-4.541666691346715,0.0
agentmemorybench:fact-mh-262k:context-0/factconsolidation_mh_262k_no85,0.1,0.010547748948183604,-4.541666691346715,0.0
agentmemorybench:fact-mh-262k:context-0/factconsolidation_mh_262k_no85,0.15000000000000002,0.010547748948183604,-4.541666691346715,0.0
agentmemorybench:fact-mh-262k:context-0/factconsolidation_mh_262k_no85,0.2,0.010547748948183604,-4.541666691346715,0.0
agentmemorybench:fact-mh-262k:context-0/factconsolidation_mh_262k_no85,0.25,0.26620498736056825,-2.604166714164118,0.0
agentmemorybench:fact-mh-262k:context-0/factconsolidation_mh_262k_no85,0.30000000000000004,0.26620498736056825,-2.604166714164118,0.0
agentmemorybench:fact-mh-262k:context-0/factconsolidation_mh_262k_no85,0.35000000000000003,0.7994982786316882,1.395833355685075,0.0
agentmemorybench:fact-mh-262k:context-0/factconsolidation_mh_262k_no85,0.4,0.7994982786316882,1.395833355685075,0.0
agentmemorybench:fact-mh-262k:context-0/factconsolidation_mh_262k_no85,0.45,0.7994982786316882,1.395833355685075,0.0
agentmemorybench:fact-mh-262k:context-0/factconsolidation_mh_262k_no85,0.5,0.8677362521206359,2.312499995032946,0.16666666666666666
agentmemorybench:fact-mh-262k:context-0/factconsolidation_mh_262k_no85,0.55,0.8677362521206359,2.312499995032946,0.16666666666666666
agentmemorybench:fact-mh-262k:context-0/factconsolidation_mh_262k_no85,0.6000000000000001,0.8677362521206359,2.312499995032946,0.16666666666666666
agentmemorybench:fact-mh-262k:context-0/factconsolidation_mh_262k_no85,0.65,0.8677362521206359,2.312499995032946,0.16666666666666666
agentmemorybench:fact-mh-262k:context-0/factconsolidation_mh_262k_no85,0.7000000000000001,0.8629605254662026,2.2916666517655053,0.16666666666666666
agentmemorybench:fact-mh-262k:context-0/factconsolidation_mh_262k_no85,0.75,0.8436698694344088,1.791666670391957,0.16666666666666666
agentmemorybench:fact-mh-262k:context-0/factconsolidation_mh_262k_no85,0.8,0.8436698694344088,1.791666670391957,0.16666666666666666
agentmemorybench:fact-mh-262k:context-0/factconsolidation_mh_262k_no85,0.8500000000000001,0.8436698694344088,1.791666670391957,0.16666666666666666
agentmemorybench:fact-mh-262k:context-0/factconsolidation_mh_262k_no85,0.9,0.8436698694344088,1.791666670391957,0.16666666666666666
agentmemorybench:fact-mh-262k:context-0/factconsolidation_mh_262k_no85,0.9500000000000001,0.8436698694344088,1.791666670391957,0.16666666666666666
agentmemorybench:fact-mh-262k:context-0/factconsolidation_mh_262k_no85,1.0,0.9979489488359284,6.250000026639706,0.8333333333333334
agentmemorybench:fact-mh-262k:context-0/factconsolidation_mh_262k_no86,0.0,0.016242565154984488,-4.104166692122817,0.0
agentmemorybench:fact-mh-262k:context-0/factconsolidation_mh_262k_no86,0.05,0.016242565154984488,-4.104166692122817,0.0
agentmemorybench:fact-mh-262k:context-0/factconsolidation_mh_262k_no86,0.1,0.016242565154984488,-4.104166692122817,0.0
agentmemorybench:fact-mh-262k:context-0/factconsolidation_mh_262k_no86,0.15000000000000002,0.016242565154984488,-4.104166692122817,0.0
agentmemorybench:fact-mh-262k:context-0/factconsolidation_mh_262k_no86,0.2,0.016242565154984488,-4.104166692122817,0.0
agentmemorybench:fact-mh-262k:context-0/factconsolidation_mh_262k_no86,0.25,0.016242565154984488,-4.104166692122817,0.0
agentmemorybench:fact-mh-262k:context-0/factconsolidation_mh_262k_no86,0.30000000000000004,0.016242565154984488,-4.104166692122817,0.0
agentmemorybench:fact-mh-262k:context-0/factconsolidation_mh_262k_no86,0.35000000000000003,0.016242565154984488,-4.104166692122817,0.0
agentmemorybench:fact-mh-262k:context-0/factconsolidation_mh_262k_no86,0.4,0.016242565154984488,-4.104166692122817,0.0
agentmemorybench:fact-mh-262k:context-0/factconsolidation_mh_262k_no86,0.45,0.016242565154984488,-4.104166692122817,0.0
agentmemorybench:fact-mh-262k:context-0/factconsolidation_mh_262k_no86,0.5,0.9394364100125664,2.7708333134651184,0.0
agentmemorybench:fact-mh-262k:context-0/factconsolidation_mh_262k_no86,0.55,0.9394364100125664,2.7708333134651184,0.0
agentmemorybench:fact-mh-262k:context-0/factconsolidation_mh_262k_no86,0.6000000000000001,0.9394364100125664,2.7708333134651184,0.0
agentmemorybench:fact-mh-262k:context-0/factconsolidation_mh_262k_no86,0.65,0.9394364100125664,2.7708333134651184,0.0
agentmemorybench:fact-mh-262k:context-0/factconsolidation_mh_262k_no86,0.7000000000000001,0.9394364100125664,2.7708333134651184,0.0
agentmemorybench:fact-mh-262k:context-0/factconsolidation_mh_262k_no86,0.75,0.9394364100125664,2.7708333134651184,0.0
agentmemorybench:fact-mh-262k:context-0/factconsolidation_mh_262k_no86,0.8,0.9394364100125664,2.7708333134651184,0.0
agentmemorybench:fact-mh-262k:context-0/factconsolidation_mh_262k_no86,0.8500000000000001,0.9394364100125664,2.7708333134651184,0.0
agentmemorybench:fact-mh-262k:context-0/factconsolidation_mh_262k_no86,0.9,0.9394364100125664,2.7708333134651184,0.0
agentmemorybench:fact-mh-262k:context-0/factconsolidation_mh_262k_no86,0.9500000000000001,0.9394364100125664,2.7708333134651184,0.0
agentmemorybench:fact-mh-262k:context-0/factconsolidation_mh_262k_no86,1.0,0.9997496188164986,8.562499911258783,1.0
agentmemorybench:fact-mh-262k:context-0/factconsolidation_mh_262k_no87,0.0,0.00511521914134364,-5.270833308963726,0.0
agentmemorybench:fact-mh-262k:context-0/factconsolidation_mh_262k_no87,0.05,0.00511521914134364,-5.270833308963726,0.0
agentmemorybench:fact-mh-262k:context-0/factconsolidation_mh_262k_no87,0.1,0.00511521914134364,-5.270833308963726,0.0
agentmemorybench:fact-mh-262k:context-0/factconsolidation_mh_262k_no87,0.15000000000000002,0.00511521914134364,-5.270833308963726,0.0
agentmemorybench:fact-mh-262k:context-0/factconsolidation_mh_262k_no87,0.2,0.37652437564116514,-1.5833333681027095,0.0
agentmemorybench:fact-mh-262k:context-0/factconsolidation_mh_262k_no87,0.25,0.5822707753232647,0.3333333233992259,0.0
agentmemorybench:fact-mh-262k:context-0/factconsolidation_mh_262k_no87,0.30000000000000004,0.5822707753232647,0.3333333233992259,0.0
agentmemorybench:fact-mh-262k:context-0/factconsolidation_mh_262k_no87,0.35000000000000003,0.5822707753232647,0.3333333233992259,0.0
agentmemorybench:fact-mh-262k:context-0/factconsolidation_mh_262k_no87,0.4,0.6601706242867361,0.6666666666666666,0.0
agentmemorybench:fact-mh-262k:context-0/factconsolidation_mh_262k_no87,0.45,0.6601706242867361,0.6666666666666666,0.0
agentmemorybench:fact-mh-262k:context-0/factconsolidation_mh_262k_no87,0.5,0.6037714655591322,0.4375000099341075,0.0
agentmemorybench:fact-mh-262k:context-0/factconsolidation_mh_262k_no87,0.55,0.6037714655591322,0.4375000099341075,0.0
agentmemorybench:fact-mh-262k:context-0/factconsolidation_mh_262k_no87,0.6000000000000001,0.6216106397202423,0.520833358168602,0.3333333333333333
agentmemorybench:fact-mh-262k:context-0/factconsolidation_mh_262k_no87,0.65,0.6216106397202423,0.520833358168602,0.3333333333333333
agentmemorybench:fact-mh-262k:context-0/factconsolidation_mh_262k_no87,0.7000000000000001,0.6216106397202423,0.520833358168602,0.3333333333333333
agentmemorybench:fact-mh-262k:context-0/factconsolidation_mh_262k_no87,0.75,0.7221616860043231,0.958333358168602,0.3333333333333333
agentmemorybench:fact-mh-262k:context-0/factconsolidation_mh_262k_no87,0.8,0.8981092405423986,2.7708332908029356,0.3333333333333333
agentmemorybench:fact-mh-262k:context-0/factconsolidation_mh_262k_no87,0.8500000000000001,0.8981092405423986,2.7708332908029356,0.3333333333333333
agentmemorybench:fact-mh-262k:context-0/factconsolidation_mh_262k_no87,0.9,0.8981092405423986,2.7708332908029356,0.3333333333333333
agentmemorybench:fact-mh-262k:context-0/factconsolidation_mh_262k_no87,0.9500000000000001,0.8981092405423986,2.7708332908029356,0.3333333333333333
agentmemorybench:fact-mh-262k:context-0/factconsolidation_mh_262k_no87,1.0,0.9987726692552825,8.56249993141561,1.0
agentmemorybench:fact-mh-262k:context-0/factconsolidation_mh_262k_no88,0.0,0.01439761413307124,-4.229166614978264,0.0
agentmemorybench:fact-mh-262k:context-0/factconsolidation_mh_262k_no88,0.05,0.01439761413307124,-4.229166614978264,0.0
agentmemorybench:fact-mh-262k:context-0/factconsolidation_mh_262k_no88,0.1,0.01439761413307124,-4.229166614978264,0.0
agentmemorybench:fact-mh-262k:context-0/factconsolidation_mh_262k_no88,0.15000000000000002,0.01439761413307124,-4.229166614978264,0.0
agentmemorybench:fact-mh-262k:context-0/factconsolidation_mh_262k_no88,0.2,0.01439761413307124,-4.229166614978264,0.0
agentmemorybench:fact-mh-262k:context-0/factconsolidation_mh_262k_no88,0.25,0.16597328003227682,-2.854166660302629,0.0
agentmemorybench:fact-mh-262k:context-0/factconsolidation_mh_262k_no88,0.30000000000000004,0.16597328003227682,-2.854166660302629,0.0
agentmemorybench:fact-mh-262k:context-0/factconsolidation_mh_262k_no88,0.35000000000000003,0.7146312003686138,1.0625000049670537,0.0
agentmemorybench:fact-mh-262k:context-0/factconsolidation_mh_262k_no88,0.4,0.7146312003686138,1.0625000049670537,0.0
agentmemorybench:fact-mh-262k:context-0/factconsolidation_mh_262k_no88,0.45,0.7146312003686138,1.0625000049670537,0.0
agentmemorybench:fact-mh-262k:context-0/factconsolidation_mh_262k_no88,0.5,0.8880386775326272,2.6041666946063438,0.16666666666666666
agentmemorybench:fact-mh-262k:context-0/factconsolidation_mh_262k_no88,0.55,0.8880386775326272,2.6041666946063438,0.16666666666666666
agentmemorybench:fact-mh-262k:context-0/factconsolidation_mh_262k_no88,0.6000000000000001,0.8880386775326272,2.6041666946063438,0.16666666666666666
agentmemorybench:fact-mh-262k:context-0/factconsolidation_mh_262k_no88,0.65,0.8880386775326272,2.6041666946063438,0.16666666666666666
agentmemorybench:fact-mh-262k:context-0/factconsolidation_mh_262k_no88,0.7000000000000001,0.7788648834846529,2.000000032906731,0.16666666666666666
agentmemorybench:fact-mh-262k:context-0/factconsolidation_mh_262k_no88,0.75,0.7727564532872956,1.6666666564221184,0.16666666666666666
agentmemorybench:fact-mh-262k:context-0/factconsolidation_mh_262k_no88,0.8,0.7727564532872956,1.6666666564221184,0.16666666666666666
agentmemorybench:fact-mh-262k:context-0/factconsolidation_mh_262k_no88,0.8500000000000001,0.7727564532872956,1.6666666564221184,0.16666666666666666
agentmemorybench:fact-mh-262k:context-0/factconsolidation_mh_262k_no88,0.9,0.7727564532872956,1.6666666564221184,0.16666666666666666
agentmemorybench:fact-mh-262k:context-0/factconsolidation_mh_262k_no88,0.9500000000000001,0.7727564532872956,1.6666666564221184,0.16666666666666666
agentmemorybench:fact-mh-262k:context-0/factconsolidation_mh_262k_no88,1.0,0.9986396495370263,6.604166576464195,1.0
agentmemorybench:fact-mh-262k:context-0/factconsolidation_mh_262k_no89,0.0,0.006171662940466047,-5.083333327978228,0.0
agentmemorybench:fact-mh-262k:context-0/factconsolidation_mh_262k_no89,0.05,0.006171662940466047,-5.083333327978228,0.0
agentmemorybench:fact-mh-262k:context-0/factconsolidation_mh_262k_no89,0.1,0.006171662940466047,-5.083333327978228,0.0
agentmemorybench:fact-mh-262k:context-0/factconsolidation_mh_262k_no89,0.15000000000000002,0.006171662940466047,-5.083333327978228,0.0
agentmemorybench:fact-mh-262k:context-0/factconsolidation_mh_262k_no89,0.2,0.3111671585338803,-1.9166666915019352,0.0
agentmemorybench:fact-mh-262k:context-0/factconsolidation_mh_262k_no89,0.25,0.3095200528579723,-2.520833387214225,0.0
agentmemorybench:fact-mh-262k:context-0/factconsolidation_mh_262k_no89,0.30000000000000004,0.3095200528579723,-2.520833387214225,0.0
agentmemorybench:fact-mh-262k:context-0/factconsolidation_mh_262k_no89,0.35000000000000003,0.5453967794863236,-0.02083341546434288,0.0
agentmemorybench:fact-mh-262k:context-0/factconsolidation_mh_262k_no89,0.4,0.5453967794863236,-0.02083341546434288,0.0
agentmemorybench:fact-mh-262k:context-0/factconsolidation_mh_262k_no89,0.45,0.5453967794863236,-0.02083341546434288,0.0
agentmemorybench:fact-mh-262k:context-0/factconsolidation_mh_262k_no89,0.5,0.7707713238928644,1.6458333817621071,0.0
agentmemorybench:fact-mh-262k:context-0/factconsolidation_mh_262k_no89,0.55,0.7707713238928644,1.6458333817621071,0.0
agentmemorybench:fact-mh-262k:context-0/factconsolidation_mh_262k_no89,0.6000000000000001,0.7707713238928644,1.6458333817621071,0.0
agentmemorybench:fact-mh-262k:context-0/factconsolidation_mh_262k_no89,0.65,0.7707713238928644,1.6458333817621071,0.0
agentmemorybench:fact-mh-262k:context-0/factconsolidation_mh_262k_no89,0.7000000000000001,0.8491899418260848,2.1458333283662796,0.16666666666666666
agentmemorybench:fact-mh-262k:context-0/factconsolidation_mh_262k_no89,0.75,0.6861954092587886,1.3749999875823657,0.16666666666666666
agentmemorybench:fact-mh-262k:context-0/factconsolidation_mh_262k_no89,0.8,0.6861954092587886,1.3749999875823657,0.16666666666666666
agentmemorybench:fact-mh-262k:context-0/factconsolidation_mh_262k_no89,0.8500000000000001,0.775639990796467,2.7291666197900972,0.5
agentmemorybench:fact-mh-262k:context-0/factconsolidation_mh_262k_no89,0.9,0.775639990796467,2.7291666197900972,0.5
agentmemorybench:fact-mh-262k:context-0/factconsolidation_mh_262k_no89,0.9500000000000001,0.775639990796467,2.7291666197900972,0.5
agentmemorybench:fact-mh-262k:context-0/factconsolidation_mh_262k_no89,1.0,0.957053463940703,5.624999955922249,1.0
agentmemorybench:fact-mh-262k:context-0/factconsolidation_mh_262k_no9,0.0,0.008577483809935347,-4.750000188592821,0.0
agentmemorybench:fact-mh-262k:context-0/factconsolidation_mh_262k_no9,0.05,0.008577483809935347,-4.750000188592821,0.0
agentmemorybench:fact-mh-262k:context-0/factconsolidation_mh_262k_no9,0.1,0.008577483809935347,-4.750000188592821,0.0
agentmemorybench:fact-mh-262k:context-0/factconsolidation_mh_262k_no9,0.15000000000000002,0.006250937656850238,-5.31250016441724,0.0
agentmemorybench:fact-mh-262k:context-0/factconsolidation_mh_262k_no9,0.2,0.591064393273934,-0.7500000344977403,0.0
agentmemorybench:fact-mh-262k:context-0/factconsolidation_mh_262k_no9,0.25,0.591064393273934,-0.7500000344977403,0.0
agentmemorybench:fact-mh-262k:context-0/factconsolidation_mh_262k_no9,0.30000000000000004,0.7880873114922236,1.5208333395421505,0.0
agentmemorybench:fact-mh-262k:context-0/factconsolidation_mh_262k_no9,0.35000000000000003,0.7632029996139919,1.3541666828095913,0.1111111111111111
agentmemorybench:fact-mh-262k:context-0/factconsolidation_mh_262k_no9,0.4,0.7750951976911037,1.562499986961484,0.3333333333333333
agentmemorybench:fact-mh-262k:context-0/factconsolidation_mh_262k_no9,0.45,0.8500644927342353,1.9375000068296988,0.4444444444444444
agentmemorybench:fact-mh-262k:context-0/factconsolidation_mh_262k_no9,0.5,0.8127680590836913,1.7500000068296988,0.4444444444444444
agentmemorybench:fact-mh-262k:context-0/factconsolidation_mh_262k_no9,0.55,0.8127680590836913,1.7500000068296988,0.4444444444444444
agentmemorybench:fact-mh-262k:context-0/factconsolidation_mh_262k_no9,0.6000000000000001,0.8309358284317175,1.916666674738129,0.4444444444444444
agentmemorybench:fact-mh-262k:context-0/factconsolidation_mh_262k_no9,0.65,0.8309358284317175,1.916666674738129,0.4444444444444444
agentmemorybench:fact-mh-262k:context-0/factconsolidation_mh_262k_no9,0.7000000000000001,0.8400129655677722,1.9583333215365808,0.5555555555555555
agentmemorybench:fact-mh-262k:context-0/factconsolidation_mh_262k_no9,0.75,0.7383932128819607,1.416666657353441,0.6666666666666666
agentmemorybench:fact-mh-262k:context-0/factconsolidation_mh_262k_no9,0.8,0.7512399155180498,2.624999975222939,0.6666666666666666
agentmemorybench:fact-mh-262k:context-0/factconsolidation_mh_262k_no9,0.8500000000000001,0.8426639316502013,3.479166689076616,0.6666666666666666
agentmemorybench:fact-mh-262k:context-0/factconsolidation_mh_262k_no9,0.9,0.9826096942896627,4.729166665793552,0.6666666666666666
agentmemorybench:fact-mh-262k:context-0/factconsolidation_mh_262k_no9,0.9500000000000001,0.9826096942896627,4.729166665793552,0.6666666666666666
agentmemorybench:fact-mh-262k:context-0/factconsolidation_mh_262k_no9,1.0,0.9985796739648002,7.083333310399515,1.0
agentmemorybench:fact-mh-262k:context-0/factconsolidation_mh_262k_no90,0.0,0.010560788446292074,-4.541666553666194,0.0
agentmemorybench:fact-mh-262k:context-0/factconsolidation_mh_262k_no90,0.05,0.010560788446292074,-4.541666553666194,0.0
agentmemorybench:fact-mh-262k:context-0/factconsolidation_mh_262k_no90,0.1,0.010560788446292074,-4.541666553666194,0.0
agentmemorybench:fact-mh-262k:context-0/factconsolidation_mh_262k_no90,0.15000000000000002,0.010560788446292074,-4.541666553666194,0.0
agentmemorybench:fact-mh-262k:context-0/factconsolidation_mh_262k_no90,0.2,0.30660560096855943,-2.312499897554517,0.0
agentmemorybench:fact-mh-262k:context-0/factconsolidation_mh_262k_no90,0.25,0.30660560096855943,-2.312499897554517,0.0
agentmemorybench:fact-mh-262k:context-0/factconsolidation_mh_262k_no90,0.30000000000000004,0.30660560096855943,-2.312499897554517,0.0
agentmemorybench:fact-mh-262k:context-0/factconsolidation_mh_262k_no90,0.35000000000000003,0.8010626438214424,1.5416666579743226,0.0
agentmemorybench:fact-mh-262k:context-0/factconsolidation_mh_262k_no90,0.4,0.8010626438214424,1.5416666579743226,0.0
agentmemorybench:fact-mh-262k:context-0/factconsolidation_mh_262k_no90,0.45,0.8010626438214424,1.5416666579743226,0.0
agentmemorybench:fact-mh-262k:context-0/factconsolidation_mh_262k_no90,0.5,0.9215822584302967,3.5416667119522267,0.16666666666666666
agentmemorybench:fact-mh-262k:context-0/factconsolidation_mh_262k_no90,0.55,0.9215822584302967,3.5416667119522267,0.16666666666666666
agentmemorybench:fact-mh-262k:context-0/factconsolidation_mh_262k_no90,0.6000000000000001,0.9215822584302967,3.5416667119522267,0.16666666666666666
agentmemorybench:fact-mh-262k:context-0/factconsolidation_mh_262k_no90,0.65,0.9215822584302967,3.5416667119522267,0.16666666666666666
agentmemorybench:fact-mh-262k:context-0/factconsolidation_mh_262k_no90,0.7000000000000001,0.7919077773997082,1.5416666467984517,0.3333333333333333
agentmemorybench:fact-mh-262k:context-0/factconsolidation_mh_262k_no90,0.75,0.7919077773997082,1.5416666467984517,0.3333333333333333
agentmemorybench:fact-mh-262k:context-0/factconsolidation_mh_262k_no90,0.8,0.7919077773997082,1.5416666467984517,0.3333333333333333
agentmemorybench:fact-mh-262k:context-0/factconsolidation_mh_262k_no90,0.8500000000000001,0.8116686324334165,2.9999999938881956,0.3333333333333333
agentmemorybench:fact-mh-262k:context-0/factconsolidation_mh_262k_no90,0.9,0.8116686324334165,2.9999999938881956,0.3333333333333333
agentmemorybench:fact-mh-262k:context-0/factconsolidation_mh_262k_no90,0.9500000000000001,0.8116686324334165,2.9999999938881956,0.3333333333333333
agentmemorybench:fact-mh-262k:context-0/factconsolidation_mh_262k_no90,1.0,0.9995713668342129,7.85416658060664,1.0
agentmemorybench:fact-mh-262k:context-0/factconsolidation_mh_262k_no91,0.0,0.015964483465395935,-4.12500005060186,0.0
agentmemorybench:fact-mh-262k:context-0/factconsolidation_mh_262k_no91,0.05,0.015964483465395935,-4.12500005060186,0.0
agentmemorybench:fact-mh-262k:context-0/factconsolidation_mh_262k_no91,0.1,0.6235224391605775,0.31250013255824644,0.0
agentmemorybench:fact-mh-262k:context-0/factconsolidation_mh_262k_no91,0.15000000000000002,0.8530132045355976,2.0000000155220428,0.1111111111111111
agentmemorybench:fact-mh-262k:context-0/factconsolidation_mh_262k_no91,0.2,0.8498671878834138,1.8749999857197206,0.2222222222222222
agentmemorybench:fact-mh-262k:context-0/factconsolidation_mh_262k_no91,0.25,0.6585118845705806,1.3749999976716936,0.3333333333333333
agentmemorybench:fact-mh-262k:context-0/factconsolidation_mh_262k_no91,0.30000000000000004,0.4080402888338008,-0.041666657819102206,0.3333333333333333
agentmemorybench:fact-mh-262k:context-0/factconsolidation_mh_262k_no91,0.35000000000000003,0.3981323608196898,-0.4166666542490323,0.3333333333333333
agentmemorybench:fact-mh-262k:context-0/factconsolidation_mh_262k_no91,0.4,0.37471035976768974,-0.47916666821887094,0.4444444444444444
agentmemorybench:fact-mh-262k:context-0/factconsolidation_mh_262k_no91,0.45,0.38205381256651977,0.06249999728364249,0.4444444444444444
agentmemorybench:fact-mh-262k:context-0/factconsolidation_mh_262k_no91,0.5,0.9424726551079861,2.8958333687235913,0.5555555555555555
agentmemorybench:fact-mh-262k:context-0/factconsolidation_mh_262k_no91,0.55,0.9000224316500013,2.562500039115548,0.5555555555555555
agentmemorybench:fact-mh-262k:context-0/factconsolidation_mh_262k_no91,0.6000000000000001,0.8972747973949985,2.5000000527749457,0.5555555555555555
agentmemorybench:fact-mh-262k:context-0/factconsolidation_mh_262k_no91,0.65,0.8169246738075003,1.6458333246409893,0.5555555555555555
agentmemorybench:fact-mh-262k:context-0/factconsolidation_mh_262k_no91,0.7000000000000001,0.815344144696085,1.6249999428788822,0.5555555555555555
agentmemorybench:fact-mh-262k:context-0/factconsolidation_mh_262k_no91,0.75,0.9148251670856817,3.1458332825374478,0.6666666666666666
agentmemorybench:fact-mh-262k:context-0/factconsolidation_mh_262k_no91,0.8,0.9148251670856817,3.1458332825374478,0.6666666666666666
agentmemorybench:fact-mh-262k:context-0/factconsolidation_mh_262k_no91,0.8500000000000001,0.9657531279442296,4.187499932595529,0.7777777777777777
agentmemorybench:fact-mh-262k:context-0/factconsolidation_mh_262k_no91,0.9,0.9347914856710786,3.1041666699262955,0.7777777777777777
agentmemorybench:fact-mh-262k:context-0/factconsolidation_mh_262k_no91,0.9500000000000001,0.9206676159566474,2.4583333395421505,0.7777777777777777
agentmemorybench:fact-mh-262k:context-0/factconsolidation_mh_262k_no91,1.0,0.934215291007977,3.7916666927436986,1.0
agentmemorybench:fact-mh-262k:context-0/factconsolidation_mh_262k_no92,0.0,0.007282443492368222,-4.916666806520273,0.0
agentmemorybench:fact-mh-262k:context-0/factconsolidation_mh_262k_no92,0.05,0.007282443492368222,-4.916666806520273,0.0
agentmemorybench:fact-mh-262k:context-0/factconsolidation_mh_262k_no92,0.1,0.2524793691477582,-2.937500076678892,0.0
agentmemorybench:fact-mh-262k:context-0/factconsolidation_mh_262k_no92,0.15000000000000002,0.5284481346200439,-0.7708333842456341,0.0
agentmemorybench:fact-mh-262k:context-0/factconsolidation_mh_262k_no92,0.2,0.4329821463935015,-0.2916666915019353,0.0
agentmemorybench:fact-mh-262k:context-0/factconsolidation_mh_262k_no92,0.25,0.5392479997046891,0.2916666542490323,0.1111111111111111
agentmemorybench:fact-mh-262k:context-0/factconsolidation_mh_262k_no92,0.30000000000000004,0.5392479997046891,0.2916666542490323,0.1111111111111111
agentmemorybench:fact-mh-262k:context-0/factconsolidation_mh_262k_no92,0.35000000000000003,0.29825861076644417,-0.9791666766007742,0.1111111111111111
agentmemorybench:fact-mh-262k:context-0/factconsolidation_mh_262k_no92,0.4,0.5628757814616445,0.3125000298023224,0.1111111111111111
agentmemorybench:fact-mh-262k:context-0/factconsolidation_mh_262k_no92,0.45,0.5386324930710837,0.1250000298023224,0.1111111111111111
agentmemorybench:fact-mh-262k:context-0/factconsolidation_mh_262k_no92,0.5,0.5688663574319069,1.041666623748218,0.1111111111111111
agentmemorybench:fact-mh-262k:context-0/factconsolidation_mh_262k_no92,0.55,0.5688663574319069,1.041666623748218,0.1111111111111111
agentmemorybench:fact-mh-262k:context-0/factconsolidation_mh_262k_no92,0.6000000000000001,0.5669301059147214,1.2499999608068417,0.3333333333333333
agentmemorybench:fact-mh-262k:context-0/factconsolidation_mh_262k_no92,0.65,0.5670563835568597,1.2708332718660433,0.3333333333333333
agentmemorybench:fact-mh-262k:context-0/factconsolidation_mh_262k_no92,0.7000000000000001,0.5536315145957426,1.1874999559173982,0.3333333333333333
agentmemorybench:fact-mh-262k:context-0/factconsolidation_mh_262k_no92,0.75,0.5065845431826702,0.39583332370966673,0.3333333333333333
agentmemorybench:fact-mh-262k:context-0/factconsolidation_mh_262k_no92,0.8,0.6635642239923819,1.437499966782828,0.3333333333333333
agentmemorybench:fact-mh-262k:context-0/factconsolidation_mh_262k_no92,0.8500000000000001,0.6625959717861769,1.4166666539385915,0.3333333333333333
agentmemorybench:fact-mh-262k:context-0/factconsolidation_mh_262k_no92,0.9,0.6666480250501509,1.979166645867129,0.3333333333333333
agentmemorybench:fact-mh-262k:context-0/factconsolidation_mh_262k_no92,0.9500000000000001,0.7766862894716282,2.8124999618157744,0.3333333333333333
agentmemorybench:fact-mh-262k:context-0/factconsolidation_mh_262k_no92,1.0,0.8613561642367983,3.145833403764603,0.4444444444444444
agentmemorybench:fact-mh-262k:context-0/factconsolidation_mh_262k_no93,0.0,0.011000783933322017,-4.500000039581209,0.0
agentmemorybench:fact-mh-262k:context-0/factconsolidation_mh_262k_no93,0.05,0.011000783933322017,-4.500000039581209,0.0
agentmemorybench:fact-mh-262k:context-0/factconsolidation_mh_262k_no93,0.1,0.262769684527016,-2.6041666655801237,0.0
agentmemorybench:fact-mh-262k:context-0/factconsolidation_mh_262k_no93,0.15000000000000002,0.5219706970940478,-0.6458333566163977,0.0
agentmemorybench:fact-mh-262k:context-0/factconsolidation_mh_262k_no93,0.2,0.5680896607776887,-0.29166669367502135,0.08333333333333333
agentmemorybench:fact-mh-262k:context-0/factconsolidation_mh_262k_no93,0.25,0.5219706979835859,-0.645833351649344,0.08333333333333333
agentmemorybench:fact-mh-262k:context-0/factconsolidation_mh_262k_no93,0.30000000000000004,0.5506860436906843,-0.437500030733645,0.16666666666666666
agentmemorybench:fact-mh-262k:context-0/factconsolidation_mh_262k_no93,0.35000000000000003,0.8495449096735102,1.8333332650363445,0.25
agentmemorybench:fact-mh-262k:context-0/factconsolidation_mh_262k_no93,0.4,0.8495449096735102,1.8333332650363445,0.25
agentmemorybench:fact-mh-262k:context-0/factconsolidation_mh_262k_no93,0.45,0.50079726533935,0.020833313465118408,0.25
agentmemorybench:fact-mh-262k:context-0/factconsolidation_mh_262k_no93,0.5,0.4667032034340994,-0.1666666865348816,0.25
agentmemorybench:fact-mh-262k:context-0/factconsolidation_mh_262k_no93,0.55,0.4667032034340994,-0.1666666865348816,0.25
agentmemorybench:fact-mh-262k:context-0/factconsolidation_mh_262k_no93,0.6000000000000001,0.6850733761423439,0.7916666467984518,0.3333333333333333
agentmemorybench:fact-mh-262k:context-0/factconsolidation_mh_262k_no93,0.65,0.6850733761423439,0.7916666467984518,0.3333333333333333
agentmemorybench:fact-mh-262k:context-0/factconsolidation_mh_262k_no93,0.7000000000000001,0.6410678984990358,0.6250000049670538,0.3333333333333333
agentmemorybench:fact-mh-262k:context-0/factconsolidation_mh_262k_no93,0.75,0.8136657205656146,1.7500000049670537,0.3333333333333333
agentmemorybench:fact-mh-262k:context-0/factconsolidation_mh_262k_no93,0.8,0.8136657205656146,1.7500000049670537,0.3333333333333333
agentmemorybench:fact-mh-262k:context-0/factconsolidation_mh_262k_no93,0.8500000000000001,0.8204898525228891,1.9791666874662042,0.3333333333333333
agentmemorybench:fact-mh-262k:context-0/factconsolidation_mh_262k_no93,0.9,0.8478719076282107,2.1250000158324838,0.3333333333333333
agentmemorybench:fact-mh-262k:context-0/factconsolidation_mh_262k_no93,0.9500000000000001,0.8503891428672018,2.270833360031247,0.3333333333333333
agentmemorybench:fact-mh-262k:context-0/factconsolidation_mh_262k_no93,1.0,0.98990016556703,5.22916660271585,0.3333333333333333
agentmemorybench:fact-mh-262k:context-0/factconsolidation_mh_262k_no94,0.0,0.022977368627690235,-3.750000057121118,0.0
agentmemorybench:fact-mh-262k:context-0/factconsolidation_mh_262k_no94,0.05,0.022977368627690235,-3.750000057121118,0.0
agentmemorybench:fact-mh-262k:context-0/factconsolidation_mh_262k_no94,0.1,0.022977368627690235,-3.750000057121118,0.0
agentmemorybench:fact-mh-262k:context-0/factconsolidation_mh_262k_no94,0.15000000000000002,0.022977368627690235,-3.750000057121118,0.0
agentmemorybench:fact-mh-262k:context-0/factconsolidation_mh_262k_no94,0.2,0.022977368627690235,-3.750000057121118,0.0
agentmemorybench:fact-mh-262k:context-0/factconsolidation_mh_262k_no94,0.25,0.334622336570414,-1.4583333718279998,0.0
agentmemorybench:fact-mh-262k:context-0/factconsolidation_mh_262k_no94,0.30000000000000004,0.334622336570414,-1.4583333718279998,0.0
agentmemorybench:fact-mh-262k:context-0/factconsolidation_mh_262k_no94,0.35000000000000003,0.9522901317309199,3.020833364998301,0.0
agentmemorybench:fact-mh-262k:context-0/factconsolidation_mh_262k_no94,0.4,0.9522901317309199,3.020833364998301,0.0
agentmemorybench:fact-mh-262k:context-0/factconsolidation_mh_262k_no94,0.45,0.9522901317309199,3.020833364998301,0.0
agentmemorybench:fact-mh-262k:context-0/factconsolidation_mh_262k_no94,0.5,0.9195406236398163,2.5833333525806665,0.16666666666666666
agentmemorybench:fact-mh-262k:context-0/factconsolidation_mh_262k_no94,0.55,0.9195406236398163,2.5833333525806665,0.16666666666666666
agentmemorybench:fact-mh-262k:context-0/factconsolidation_mh_262k_no94,0.6000000000000001,0.9195406236398163,2.5833333525806665,0.16666666666666666
agentmemorybench:fact-mh-262k:context-0/factconsolidation_mh_262k_no94,0.65,0.9195406236398163,2.5833333525806665,0.16666666666666666
agentmemorybench:fact-mh-262k:context-0/factconsolidation_mh_262k_no94,0.7000000000000001,0.86221099406122,2.0000000161429248,0.3333333333333333
agentmemorybench:fact-mh-262k:context-0/factconsolidation_mh_262k_no94,0.75,0.8931811200699112,2.39583335382243,0.3333333333333333
agentmemorybench:fact-mh-262k:context-0/factconsolidation_mh_262k_no94,0.8,0.8931811200699112,2.39583335382243,0.3333333333333333
agentmemorybench:fact-mh-262k:context-0/factconsolidation_mh_262k_no94,0.8500000000000001,0.8931811200699112,2.39583335382243,0.3333333333333333
agentmemorybench:fact-mh-262k:context-0/factconsolidation_mh_262k_no94,0.9,0.8931811200699112,2.39583335382243,0.3333333333333333
agentmemorybench:fact-mh-262k:context-0/factconsolidation_mh_262k_no94,0.9500000000000001,0.8931811200699112,2.39583335382243,0.3333333333333333
agentmemorybench:fact-mh-262k:context-0/factconsolidation_mh_262k_no94,1.0,0.9987304572221557,6.874999839278947,1.0
agentmemorybench:fact-mh-262k:context-0/factconsolidation_mh_262k_no95,0.0,0.004813089588191652,-5.333333419092621,0.0
agentmemorybench:fact-mh-262k:context-0/factconsolidation_mh_262k_no95,0.05,0.004813089588191652,-5.333333419092621,0.0
agentmemorybench:fact-mh-262k:context-0/factconsolidation_mh_262k_no95,0.1,0.0739661682104158,-3.9791667483126125,0.0
agentmemorybench:fact-mh-262k:context-0/factconsolidation_mh_262k_no95,0.15000000000000002,0.12726846422951213,-2.72916672580565,0.0
agentmemorybench:fact-mh-262k:context-0/factconsolidation_mh_262k_no95,0.2,0.3893087911985309,-0.1875000619329512,0.16666666666666666
agentmemorybench:fact-mh-262k:context-0/factconsolidation_mh_262k_no95,0.25,0.4381205039618266,0.020833293596903484,0.16666666666666666
agentmemorybench:fact-mh-262k:context-0/factconsolidation_mh_262k_no95,0.30000000000000004,0.7062337403682927,1.7083332963908713,0.3333333333333333
agentmemorybench:fact-mh-262k:context-0/factconsolidation_mh_262k_no95,0.35000000000000003,0.6133225514821937,0.9166666595265269,0.3333333333333333
agentmemorybench:fact-mh-262k:context-0/factconsolidation_mh_262k_no95,0.4,0.6133225514821937,0.9166666595265269,0.3333333333333333
agentmemorybench:fact-mh-262k:context-0/factconsolidation_mh_262k_no95,0.45,0.4623991245631966,-0.16666668405135474,0.3333333333333333
agentmemorybench:fact-mh-262k:context-0/factconsolidation_mh_262k_no95,0.5,0.8011155505441184,1.8958333116024733,0.5
agentmemorybench:fact-mh-262k:context-0/factconsolidation_mh_262k_no95,0.55,0.8011155505441184,1.8958333116024733,0.5
agentmemorybench:fact-mh-262k:context-0/factconsolidation_mh_262k_no95,0.6000000000000001,0.8772943002471344,2.3541666424522796,0.5
agentmemorybench:fact-mh-262k:context-0/factconsolidation_mh_262k_no95,0.65,0.8772943002471344,2.3541666424522796,0.5
agentmemorybench:fact-mh-262k:context-0/factconsolidation_mh_262k_no95,0.7000000000000001,0.8831096132107729,2.4166666300346455,0.5
agentmemorybench:fact-mh-262k:context-0/factconsolidation_mh_262k_no95,0.75,0.7575198441549095,1.6666666542490323,0.5
agentmemorybench:fact-mh-262k:context-0/factconsolidation_mh_262k_no95,0.8,0.7575198441549095,1.6666666542490323,0.5
agentmemorybench:fact-mh-262k:context-0/factconsolidation_mh_262k_no95,0.8500000000000001,0.7478165360230622,1.562500002483527,0.6666666666666666
agentmemorybench:fact-mh-262k:context-0/factconsolidation_mh_262k_no95,0.9,0.7683022782165,1.6458333358168602,0.6666666666666666
agentmemorybench:fact-mh-262k:context-0/factconsolidation_mh_262k_no95,0.9500000000000001,0.6870468492355054,1.1666666641831398,0.6666666666666666
agentmemorybench:fact-mh-262k:context-0/factconsolidation_mh_262k_no95,1.0,0.8789624013378194,3.8749999978463165,0.6666666666666666
agentmemorybench:fact-mh-262k:context-0/factconsolidation_mh_262k_no96,0.0,0.008244070101697734,-4.79166674000832,0.0
agentmemorybench:fact-mh-262k:context-0/factconsolidation_mh_262k_no96,0.05,0.008244070101697734,-4.79166674000832,0.0
agentmemorybench:fact-mh-262k:context-0/factconsolidation_mh_262k_no96,0.1,0.2838794219775911,-2.666666736283029,0.0
agentmemorybench:fact-mh-262k:context-0/factconsolidation_mh_262k_no96,0.15000000000000002,0.5650045288790401,-0.5000000100117177,0.0
agentmemorybench:fact-mh-262k:context-0/factconsolidation_mh_262k_no96,0.2,0.8061120327363342,1.5208333308498065,0.0
agentmemorybench:fact-mh-262k:context-0/factconsolidation_mh_262k_no96,0.25,0.8061120327363342,1.5208333308498065,0.0
agentmemorybench:fact-mh-262k:context-0/factconsolidation_mh_262k_no96,0.30000000000000004,0.8723595278389847,2.1041666759798923,0.1111111111111111
agentmemorybench:fact-mh-262k:context-0/factconsolidation_mh_262k_no96,0.35000000000000003,0.9013055457258533,2.62500001086543,0.2222222222222222
agentmemorybench:fact-mh-262k:context-0/factconsolidation_mh_262k_no96,0.4,0.9749355199351454,4.312499998661224,0.2222222222222222
agentmemorybench:fact-mh-262k:context-0/factconsolidation_mh_262k_no96,0.45,0.9510098371604491,3.9791666560146646,0.2222222222222222
agentmemorybench:fact-mh-262k:context-0/factconsolidation_mh_262k_no96,0.5,0.8662571007277577,1.9166666915019352,0.2222222222222222
agentmemorybench:fact-mh-262k:context-0/factconsolidation_mh_262k_no96,0.55,0.8187048862115577,1.6666667113701503,0.2222222222222222
agentmemorybench:fact-mh-262k:context-0/factconsolidation_mh_262k_no96,0.6000000000000001,0.830072843496811,1.7916666927436988,0.2222222222222222
agentmemorybench:fact-mh-262k:context-0/factconsolidation_mh_262k_no96,0.65,0.8108237116471138,1.708333349476258,0.2222222222222222
agentmemorybench:fact-mh-262k:context-0/factconsolidation_mh_262k_no96,0.7000000000000001,0.6637849164739436,0.8958333246409893,0.2222222222222222
agentmemorybench:fact-mh-262k:context-0/factconsolidation_mh_262k_no96,0.75,0.5564628553943286,0.3333333432674408,0.2222222222222222
agentmemorybench:fact-mh-262k:context-0/factconsolidation_mh_262k_no96,0.8,0.5564628553943286,0.3333333432674408,0.2222222222222222
agentmemorybench:fact-mh-262k:context-0/factconsolidation_mh_262k_no96,0.8500000000000001,0.5797054282212332,0.3541666840513547,0.2222222222222222
agentmemorybench:fact-mh-262k:context-0/factconsolidation_mh_262k_no96,0.9,0.5934909596169117,0.4791666542490323,0.2222222222222222
agentmemorybench:fact-mh-262k:context-0/factconsolidation_mh_262k_no96,0.9500000000000001,0.6231509987710423,0.6666666567325592,0.2222222222222222
agentmemorybench:fact-mh-262k:context-0/factconsolidation_mh_262k_no96,1.0,0.68285612502105,1.645833327434957,0.2222222222222222
agentmemorybench:fact-mh-262k:context-0/factconsolidation_mh_262k_no97,0.0,0.01590638902454011,-4.125000171673794,0.0
agentmemorybench:fact-mh-262k:context-0/factconsolidation_mh_262k_no97,0.05,0.01590638902454011,-4.125000171673794,0.0
agentmemorybench:fact-mh-262k:context-0/factconsolidation_mh_262k_no97,0.1,0.01590638902454011,-4.125000171673794,0.0
agentmemorybench:fact-mh-262k:context-0/factconsolidation_mh_262k_no97,0.15000000000000002,0.01590638902454011,-4.125000171673794,0.0
agentmemorybench:fact-mh-262k:context-0/factconsolidation_mh_262k_no97,0.2,0.01590638902454011,-4.125000171673794,0.0
agentmemorybench:fact-mh-262k:context-0/factconsolidation_mh_262k_no97,0.25,0.6165375913055905,0.4374998913456996,0.0
agentmemorybench:fact-mh-262k:context-0/factconsolidation_mh_262k_no97,0.30000000000000004,0.6165375913055905,0.4374998913456996,0.0
agentmemorybench:fact-mh-262k:context-0/factconsolidation_mh_262k_no97,0.35000000000000003,0.9341875182623237,2.9583332942177853,0.0
agentmemorybench:fact-mh-262k:context-0/factconsolidation_mh_262k_no97,0.4,0.9341875182623237,2.9583332942177853,0.0
agentmemorybench:fact-mh-262k:context-0/factconsolidation_mh_262k_no97,0.45,0.9341875182623237,2.9583332942177853,0.0
agentmemorybench:fact-mh-262k:context-0/factconsolidation_mh_262k_no97,0.5,0.9842774735058631,4.541666658090738,0.3333333333333333
agentmemorybench:fact-mh-262k:context-0/factconsolidation_mh_262k_no97,0.55,0.9842774735058631,4.541666658090738,0.3333333333333333
agentmemorybench:fact-mh-262k:context-0/factconsolidation_mh_262k_no97,0.6000000000000001,0.9842774735058631,4.541666658090738,0.3333333333333333
agentmemorybench:fact-mh-262k:context-0/factconsolidation_mh_262k_no97,0.65,0.9842774735058631,4.541666658090738,0.3333333333333333
agentmemorybench:fact-mh-262k:context-0/factconsolidation_mh_262k_no97,0.7000000000000001,0.8638798070647926,3.5416666615055874,0.3333333333333333
agentmemorybench:fact-mh-262k:context-0/factconsolidation_mh_262k_no97,0.75,0.8261338851782726,1.937499971439441,0.3333333333333333
agentmemorybench:fact-mh-262k:context-0/factconsolidation_mh_262k_no97,0.8,0.8261338851782726,1.937499971439441,0.3333333333333333
agentmemorybench:fact-mh-262k:context-0/factconsolidation_mh_262k_no97,0.8500000000000001,0.8261338851782726,1.937499971439441,0.3333333333333333
agentmemorybench:fact-mh-262k:context-0/factconsolidation_mh_262k_no97,0.9,0.8261338851782726,1.937499971439441,0.3333333333333333
agentmemorybench:fact-mh-262k:context-0/factconsolidation_mh_262k_no97,0.9500000000000001,0.8261338851782726,1.937499971439441,0.3333333333333333
agentmemorybench:fact-mh-262k:context-0/factconsolidation_mh_262k_no97,1.0,0.9986540499897587,7.583333164999203,0.8333333333333334
agentmemorybench:fact-mh-262k:context-0/factconsolidation_mh_262k_no98,0.0,0.005673638443776112,-5.1666668388837325,0.0
agentmemorybench:fact-mh-262k:context-0/factconsolidation_mh_262k_no98,0.05,0.005673638443776112,-5.1666668388837325,0.0
agentmemorybench:fact-mh-262k:context-0/factconsolidation_mh_262k_no98,0.1,0.5291218508378074,0.10416666169961293,0.0
agentmemorybench:fact-mh-262k:context-0/factconsolidation_mh_262k_no98,0.15000000000000002,0.6653147063086321,0.6874999950329462,0.0
agentmemorybench:fact-mh-262k:context-0/factconsolidation_mh_262k_no98,0.2,0.5240984259459956,0.10416666666666667,0.3333333333333333
agentmemorybench:fact-mh-262k:context-0/factconsolidation_mh_262k_no98,0.25,0.6820027822913405,0.7916666517655054,0.3333333333333333
agentmemorybench:fact-mh-262k:context-0/factconsolidation_mh_262k_no98,0.30000000000000004,0.3517707330332455,-1.0000000006208818,0.3333333333333333
agentmemorybench:fact-mh-262k:context-0/factconsolidation_mh_262k_no98,0.35000000000000003,0.21103173967752373,-1.6041666759798925,0.4444444444444444
agentmemorybench:fact-mh-262k:context-0/factconsolidation_mh_262k_no98,0.4,0.21947947759450429,-1.9166667154058814,0.6666666666666666
agentmemorybench:fact-mh-262k:context-0/factconsolidation_mh_262k_no98,0.45,0.17127140373540747,-2.27083335009714,0.6666666666666666
agentmemorybench:fact-mh-262k:context-0/factconsolidation_mh_262k_no98,0.5,0.09198782971612707,-2.79166669693465,0.6666666666666666
agentmemorybench:fact-mh-262k:context-0/factconsolidation_mh_262k_no98,0.55,0.04858048872705204,-3.187500045169145,0.6666666666666666
agentmemorybench:fact-mh-262k:context-0/factconsolidation_mh_262k_no98,0.6000000000000001,0.04607677054793655,-3.104166701746484,0.6666666666666666
agentmemorybench:fact-mh-262k:context-0/factconsolidation_mh_262k_no98,0.65,0.05450523504143486,-2.8958333004266024,0.6666666666666666
agentmemorybench:fact-mh-262k:context-0/factconsolidation_mh_262k_no98,0.7000000000000001,0.04581798767723444,-3.2083333482344947,0.7777777777777777
agentmemorybench:fact-mh-262k:context-0/factconsolidation_mh_262k_no98,0.75,0.05083769288153701,-3.104166662941376,0.7777777777777777
agentmemorybench:fact-mh-262k:context-0/factconsolidation_mh_262k_no98,0.8,0.04729640047043925,-3.354166687155763,0.7777777777777777
agentmemorybench:fact-mh-262k:context-0/factconsolidation_mh_262k_no98,0.8500000000000001,0.028421676565075646,-3.5416666781529784,0.7777777777777777
agentmemorybench:fact-mh-262k:context-0/factconsolidation_mh_262k_no98,0.9,0.025170160767699925,-3.7291666509894035,0.7777777777777777
agentmemorybench:fact-mh-262k:context-0/factconsolidation_mh_262k_no98,0.9500000000000001,0.023342528436329335,-3.7708334404354296,0.7777777777777777
agentmemorybench:fact-mh-262k:context-0/factconsolidation_mh_262k_no98,1.0,0.040126151237538654,-3.437499991307656,0.7777777777777777
agentmemorybench:fact-mh-262k:context-0/factconsolidation_mh_262k_no99,0.0,0.015906391663220252,-4.125000003104408,0.0
agentmemorybench:fact-mh-262k:context-0/factconsolidation_mh_262k_no99,0.05,0.015906391663220252,-4.125000003104408,0.0
agentmemorybench:fact-mh-262k:context-0/factconsolidation_mh_262k_no99,0.1,0.5173528511223983,-0.4583333519597848,0.0
agentmemorybench:fact-mh-262k:context-0/factconsolidation_mh_262k_no99,0.15000000000000002,0.7933490883388311,1.4791666467984517,0.0
agentmemorybench:fact-mh-262k:context-0/factconsolidation_mh_262k_no99,0.2,0.9119395615699005,2.604166635622581,0.0
agentmemorybench:fact-mh-262k:context-0/factconsolidation_mh_262k_no99,0.25,0.8031016964288097,2.0416666635622582,0.2222222222222222
agentmemorybench:fact-mh-262k:context-0/factconsolidation_mh_262k_no99,0.30000000000000004,0.8031016964288097,2.0416666635622582,0.2222222222222222
agentmemorybench:fact-mh-262k:context-0/factconsolidation_mh_262k_no99,0.35000000000000003,0.7820786331275243,3.3125000424624886,0.5555555555555555
agentmemorybench:fact-mh-262k:context-0/factconsolidation_mh_262k_no99,0.4,0.6347718749251738,0.7291666604578495,0.5555555555555555
agentmemorybench:fact-mh-262k:context-0/factconsolidation_mh_262k_no99,0.45,0.6698652883607025,2.2083334005243764,0.8888888888888888
agentmemorybench:fact-mh-262k:context-0/factconsolidation_mh_262k_no99,0.5,0.43546294235291166,0.9791667363412367,0.8888888888888888
agentmemorybench:fact-mh-262k:context-0/factconsolidation_mh_262k_no99,0.55,0.4061140181496415,0.604166722681839,0.8888888888888888
agentmemorybench:fact-mh-262k:context-0/factconsolidation_mh_262k_no99,0.6000000000000001,0.35454917175272277,-1.0208333345750968,0.8888888888888888
agentmemorybench:fact-mh-262k:context-0/factconsolidation_mh_262k_no99,0.65,0.3300273880629094,-1.5000000080714624,0.8888888888888888
agentmemorybench:fact-mh-262k:context-0/factconsolidation_mh_262k_no99,0.7000000000000001,0.2220612183373487,-2.2499999997671694,0.8888888888888888
agentmemorybench:fact-mh-262k:context-0/factconsolidation_mh_262k_no99,0.75,0.2220612183373487,-2.2499999997671694,0.8888888888888888
agentmemorybench:fact-mh-262k:context-0/factconsolidation_mh_262k_no99,0.8,0.2078543547358517,-2.1458332889402905,0.8888888888888888
agentmemorybench:fact-mh-262k:context-0/factconsolidation_mh_262k_no99,0.8500000000000001,0.19817197467817857,-2.041666683740914,0.8888888888888888
agentmemorybench:fact-mh-262k:context-0/factconsolidation_mh_262k_no99,0.9,0.20327826277818306,-2.0208333504075804,0.8888888888888888
agentmemorybench:fact-mh-262k:context-0/factconsolidation_mh_262k_no99,0.9500000000000001,0.17165654296796543,-2.666666572835917,0.8888888888888888
agentmemorybench:fact-mh-262k:context-0/factconsolidation_mh_262k_no99,1.0,0.1537370064554642,-2.416666680946946,0.8888888888888888
