round,question_id,decision_step,trajectory_length,tau,committed_r,native_s,action,correct,conflicted,gold_hop_count,committed_coverage_r,current_preview_hop_indices,current_preview_gold_count,current_preview_coverage,current_read_result_hop_indices,current_tool_hop_indices,visible_or_committed_hop_indices,visible_or_committed_coverage,cumulative_preview_hop_indices,ever_seen_or_committed_hop_indices,ever_seen_or_committed_coverage,run_question,native_positive,terminal,prev_native_s,delta_native_s,prev_committed_r,delta_committed_r,prev_current_preview_coverage,delta_current_preview_coverage,prev_ever_seen_or_committed_coverage,delta_ever_seen_or_committed_coverage,full_committed,current_preview_any,prev_native_positive,reversal,p,tau2,full,round2,round3
Run 1,agentmemorybench:fact-mh-262k:context-0/factconsolidation_mh_262k_no0,8,8,1.0,0.3333333333333333,6.749999854248017,"[""finish""]",False,False,3,0.3333333333333333,[],0,0.0,[1],[1],[1],0.3333333333333333,[1],[1],0.3333333333333333,Run 1::agentmemorybench:fact-mh-262k:context-0/factconsolidation_mh_262k_no0,True,True,5.125000019092113,1.6249998351559043,0.3333333333333333,0.0,0.0,0.0,0.3333333333333333,0.0,False,False,True,False,0.9988304895646855,1.0,0.0,0.0,0.0
Run 1,agentmemorybench:fact-mh-262k:context-0/factconsolidation_mh_262k_no1,6,6,1.0,1.0,5.125000232364982,"[""finish""]",True,False,2,1.0,[],0,0.0,[],[2],"[1,2]",1.0,"[1,2]","[1,2]",1.0,Run 1::agentmemorybench:fact-mh-262k:context-0/factconsolidation_mh_262k_no1,True,True,7.62500018402352,-2.4999999516585376,1.0,0.0,0.0,0.0,1.0,0.0,True,False,True,False,0.9940889325091624,1.0,1.0,0.0,0.0
Run 1,agentmemorybench:fact-mh-262k:context-0/factconsolidation_mh_262k_no10,6,6,1.0,1.0,6.625000047613867,"[""finish""]",False,True,4,1.0,[],0,0.0,"[1,2,3,4]","[1,2,3,4]","[1,2,3,4]",1.0,"[1,2,3,4]","[1,2,3,4]",1.0,Run 1::agentmemorybench:fact-mh-262k:context-0/factconsolidation_mh_262k_no10,True,True,0.4375,6.187500047613867,0.0,1.0,0.25,-0.25,1.0,0.0,True,False,True,False,0.9986749776457927,1.0,1.0,0.0,0.0
Run 1,agentmemorybench:fact-mh-262k:context-0/factconsolidation_mh_262k_no11,14,14,1.0,1.0,-3.25,"[""finish""]",False,True,3,1.0,[],0,0.0,[],[],"[1,2,3]",1.0,"[1,2,3]","[1,2,3]",1.0,Run 1::agentmemorybench:fact-mh-262k:context-0/factconsolidation_mh_262k_no11,False,True,-3.0625000093132257,-0.1874999906867742,1.0,0.0,0.0,0.0,1.0,0.0,True,False,False,False,0.03732688734412946,1.0,1.0,0.0,0.0
Run 1,agentmemorybench:fact-mh-262k:context-0/factconsolidation_mh_262k_no12,5,5,1.0,1.0,6.8749999985448085,"[""finish""]",True,False,2,1.0,[],0,0.0,[2],[2],"[1,2]",1.0,"[1,2]","[1,2]",1.0,Run 1::agentmemorybench:fact-mh-262k:context-0/factconsolidation_mh_262k_no12,True,True,4.000000109896064,2.8749998886487447,0.5,0.5,0.5,-0.5,1.0,0.0,True,False,True,False,0.9989677689617447,1.0,1.0,0.0,0.0
Run 1,agentmemorybench:fact-mh-262k:context-0/factconsolidation_mh_262k_no13,4,4,1.0,1.0,6.93749994126847,"[""finish""]",True,False,2,1.0,[],0,0.0,"[1,2]","[1,2]","[1,2]",1.0,"[1,2]","[1,2]",1.0,Run 1::agentmemorybench:fact-mh-262k:context-0/factconsolidation_mh_262k_no13,True,True,1.5000000447034836,5.437499896564987,0.0,1.0,1.0,-1.0,1.0,0.0,True,False,True,False,0.9990302479753177,1.0,1.0,0.0,0.0
Run 1,agentmemorybench:fact-mh-262k:context-0/factconsolidation_mh_262k_no14,3,3,1.0,1.0,8.62499989765638,"[""finish""]",True,False,2,1.0,[],0,0.0,"[1,2]","[1,2]","[1,2]",1.0,"[1,2]","[1,2]",1.0,Run 1::agentmemorybench:fact-mh-262k:context-0/factconsolidation_mh_262k_no14,True,True,3.250000085681677,5.374999811974703,0.0,1.0,1.0,-1.0,1.0,0.0,True,False,True,False,0.9998204720122831,1.0,1.0,0.0,0.0
Run 1,agentmemorybench:fact-mh-262k:context-0/factconsolidation_mh_262k_no15,4,4,1.0,1.0,7.875000072934199,"[""finish""]",True,False,2,1.0,[],0,0.0,"[1,2]","[1,2]","[1,2]",1.0,[1],"[1,2]",1.0,Run 1::agentmemorybench:fact-mh-262k:context-0/factconsolidation_mh_262k_no15,True,True,3.18750006146729,4.687500011466909,0.0,1.0,0.5,-0.5,0.5,0.5,True,False,True,False,0.9996200155129514,1.0,1.0,0.0,0.0
Run 1,agentmemorybench:fact-mh-262k:context-0/factconsolidation_mh_262k_no16,8,8,1.0,0.75,6.124999770661816,"[""finish""]",False,True,4,0.75,[],0,0.0,[],[],"[1,2,3]",0.75,"[1,2,3]","[1,2,3]",0.75,Run 1::agentmemorybench:fact-mh-262k:context-0/factconsolidation_mh_262k_no16,True,True,1.8124999701976776,4.312499800464138,0.75,0.0,0.0,0.0,0.75,0.0,False,False,True,False,0.9978172830551673,1.0,0.0,0.0,0.0
Run 1,agentmemorybench:fact-mh-262k:context-0/factconsolidation_mh_262k_no17,11,11,1.0,0.3333333333333333,-6.250000105355866,"[""finish""]",False,True,3,0.3333333333333333,[],0,0.0,[],[],[1],0.3333333333333333,[1],[1],0.3333333333333333,Run 1::agentmemorybench:fact-mh-262k:context-0/factconsolidation_mh_262k_no17,False,True,-11.375000059796548,5.124999954440682,0.3333333333333333,0.0,0.0,0.0,0.3333333333333333,0.0,False,False,False,False,0.0019267344607257996,1.0,0.0,0.0,0.0
Run 1,agentmemorybench:fact-mh-262k:context-0/factconsolidation_mh_262k_no18,5,5,1.0,0.25,2.7500001154839993,"[""finish""]",False,True,4,0.25,[4],1,0.25,[],[4],"[1,4]",0.5,"[1,4]","[1,4]",0.5,Run 1::agentmemorybench:fact-mh-262k:context-0/factconsolidation_mh_262k_no18,True,True,3.2499999403953552,-0.499999824911356,0.25,0.0,0.25,0.0,0.5,0.0,False,True,True,False,0.9399133563480947,1.0,0.0,0.0,0.0
Run 1,agentmemorybench:fact-mh-262k:context-0/factconsolidation_mh_262k_no19,5,5,1.0,0.25,5.499999886844307,"[""finish""]",False,True,4,0.25,[4],1,0.25,[],[4],"[1,4]",0.5,"[1,3,4]","[1,3,4]",0.75,Run 1::agentmemorybench:fact-mh-262k:context-0/factconsolidation_mh_262k_no19,True,True,2.375000037252903,3.124999849591404,0.25,0.0,0.25,0.0,0.75,0.0,False,True,True,False,0.9959298618254192,1.0,0.0,0.0,0.0
Run 1,agentmemorybench:fact-mh-262k:context-0/factconsolidation_mh_262k_no2,7,7,1.0,0.25,4.562499876134098,"[""finish""]",False,True,4,0.25,[],0,0.0,[],[],[1],0.25,"[1,2,3]","[1,2,3]",0.75,Run 1::agentmemorybench:fact-mh-262k:context-0/factconsolidation_mh_262k_no2,True,True,3.1874999534338713,1.3749999227002263,0.25,0.0,0.0,0.0,0.75,0.0,False,False,True,False,0.9896718462146017,1.0,0.0,0.0,0.0
Run 1,agentmemorybench:fact-mh-262k:context-0/factconsolidation_mh_262k_no20,7,7,1.0,1.0,3.624999923631549,"[""finish""]",False,True,3,1.0,[],0,0.0,"[1,2,3]","[1,2,3]","[1,2,3]",1.0,"[1,2,3]","[1,2,3]",1.0,Run 1::agentmemorybench:fact-mh-262k:context-0/factconsolidation_mh_262k_no20,True,True,0.5000000149011612,3.1249999087303877,0.0,1.0,0.3333333333333333,-0.3333333333333333,1.0,0.0,True,False,True,False,0.9740426408713359,1.0,1.0,0.0,0.0
Run 1,agentmemorybench:fact-mh-262k:context-0/factconsolidation_mh_262k_no21,4,4,1.0,1.0,5.500000111758709,"[""finish""]",True,False,2,1.0,[],0,0.0,[],[],"[1,2]",1.0,[1],"[1,2]",1.0,Run 1::agentmemorybench:fact-mh-262k:context-0/factconsolidation_mh_262k_no21,True,True,5.7500001976732165,-0.2500000859145075,1.0,0.0,0.0,0.0,1.0,0.0,True,False,True,False,0.9959298627371258,1.0,1.0,0.0,0.0
Run 1,agentmemorybench:fact-mh-262k:context-0/factconsolidation_mh_262k_no22,9,9,1.0,0.6666666666666666,9.624999644685886,"[""finish""]",False,False,3,0.6666666666666666,[],0,0.0,[],[],"[1,2]",0.6666666666666666,"[1,2]","[1,2]",0.6666666666666666,Run 1::agentmemorybench:fact-mh-262k:context-0/factconsolidation_mh_262k_no22,True,True,2.8750001154839993,6.749999529201887,0.6666666666666666,0.0,0.0,0.0,0.6666666666666666,0.0,False,False,True,False,0.9999339478316775,1.0,0.0,0.0,0.0
Run 1,agentmemorybench:fact-mh-262k:context-0/factconsolidation_mh_262k_no23,5,5,1.0,1.0,7.374999839696102,"[""finish""]",True,False,2,1.0,[],0,0.0,[2],[2],"[1,2]",1.0,"[1,2]","[1,2]",1.0,Run 1::agentmemorybench:fact-mh-262k:context-0/factconsolidation_mh_262k_no23,True,True,3.2499999571591616,4.12499988253694,0.5,0.5,0.5,-0.5,1.0,0.0,True,False,True,False,0.9993736657415495,1.0,1.0,0.0,0.0
Run 1,agentmemorybench:fact-mh-262k:context-0/factconsolidation_mh_262k_no24,3,3,1.0,0.5,8.874999652602128,"[""finish""]",True,False,2,0.5,[],0,0.0,[1],[1],[1],0.5,[1],[1],0.5,Run 1::agentmemorybench:fact-mh-262k:context-0/factconsolidation_mh_262k_no24,True,True,3.3125000707805157,5.562499581821612,0.0,0.5,0.5,-0.5,0.5,0.0,False,False,True,False,0.9998601778757856,1.0,0.0,0.0,0.0
Run 1,agentmemorybench:fact-mh-262k:context-0/factconsolidation_mh_262k_no25,8,8,1.0,0.25,4.93749986239709,"[""finish""]",True,True,4,0.25,[],0,0.0,[],[],[1],0.25,"[1,2]","[1,2]",0.5,Run 1::agentmemorybench:fact-mh-262k:context-0/factconsolidation_mh_262k_no25,True,True,6.5625000527943484,-1.6250001903972588,0.25,0.0,0.0,0.0,0.5,0.0,False,False,True,False,0.992878570281314,1.0,0.0,0.0,0.0
Run 1,agentmemorybench:fact-mh-262k:context-0/factconsolidation_mh_262k_no26,3,3,1.0,1.0,7.2499998972634785,"[""finish""]",True,False,2,1.0,[],0,0.0,"[1,2]","[1,2]","[1,2]",1.0,"[1,2]","[1,2]",1.0,Run 1::agentmemorybench:fact-mh-262k:context-0/factconsolidation_mh_262k_no26,True,True,1.7500000447034836,5.499999852559995,0.0,1.0,1.0,-1.0,1.0,0.0,True,False,True,False,0.9992903295280421,1.0,1.0,0.0,0.0
Run 1,agentmemorybench:fact-mh-262k:context-0/factconsolidation_mh_262k_no27,8,8,1.0,0.5,5.249999984400347,"[""finish""]",False,True,4,0.5,[],0,0.0,[],[],"[1,4]",0.5,[1],"[1,4]",0.5,Run 1::agentmemorybench:fact-mh-262k:context-0/factconsolidation_mh_262k_no27,True,True,3.6250000428408384,1.6249999415595084,0.5,0.0,0.0,0.0,0.5,0.0,False,False,True,False,0.9947798742254346,1.0,0.0,0.0,0.0
Run 1,agentmemorybench:fact-mh-262k:context-0/factconsolidation_mh_262k_no28,5,5,1.0,1.0,6.749999873689376,"[""finish""]",True,False,2,1.0,[],0,0.0,[2],[2],"[1,2]",1.0,[1],"[1,2]",1.0,Run 1::agentmemorybench:fact-mh-262k:context-0/factconsolidation_mh_262k_no28,True,True,3.250000024214387,3.499999849474989,0.5,0.5,0.0,0.0,0.5,0.5,True,False,True,False,0.9988304895873956,1.0,1.0,0.0,0.0
Run 1,agentmemorybench:fact-mh-262k:context-0/factconsolidation_mh_262k_no29,4,4,1.0,1.0,9.000000007683411,"[""finish""]",True,False,2,1.0,[],0,0.0,"[1,2]","[1,2]","[1,2]",1.0,"[1,2]","[1,2]",1.0,Run 1::agentmemorybench:fact-mh-262k:context-0/factconsolidation_mh_262k_no29,True,True,3.1250001154839993,5.874999892199412,0.0,1.0,1.0,-1.0,1.0,0.0,True,False,True,False,0.9998766054249618,1.0,1.0,0.0,0.0
Run 1,agentmemorybench:fact-mh-262k:context-0/factconsolidation_mh_262k_no3,3,3,1.0,0.5,5.874999905703589,"[""finish""]",False,False,2,0.5,[],0,0.0,[1],[1],[1],0.5,[1],[1],0.5,Run 1::agentmemorybench:fact-mh-262k:context-0/factconsolidation_mh_262k_no3,True,True,3.312500035390258,2.5624998703133315,0.0,0.5,0.5,-0.5,0.5,0.0,False,False,True,False,0.9971990727695015,1.0,0.0,0.0,0.0
Run 1,agentmemorybench:fact-mh-262k:context-0/factconsolidation_mh_262k_no30,3,3,1.0,1.0,10.25000000073851,"[""finish""]",True,False,2,1.0,[],0,0.0,"[1,2]","[1,2]","[1,2]",1.0,"[1,2]","[1,2]",1.0,Run 1::agentmemorybench:fact-mh-262k:context-0/factconsolidation_mh_262k_no30,True,True,2.812499923631549,7.437500077106961,0.0,1.0,1.0,-1.0,1.0,0.0,True,False,True,False,0.9999646437492844,1.0,1.0,0.0,0.0
Run 1,agentmemorybench:fact-mh-262k:context-0/factconsolidation_mh_262k_no31,5,5,1.0,1.0,8.5625001379085,"[""finish""]",True,False,2,1.0,[],0,0.0,[2],"[1,2]","[1,2]",1.0,"[1,2]","[1,2]",1.0,Run 1::agentmemorybench:fact-mh-262k:context-0/factconsolidation_mh_262k_no31,True,True,3.124999951571226,5.4375001863372745,0.5,0.5,0.5,-0.5,1.0,0.0,True,False,True,False,0.999808895710472,1.0,1.0,0.0,0.0
Run 1,agentmemorybench:fact-mh-262k:context-0/factconsolidation_mh_262k_no32,22,22,1.0,0.25,-4.562499976716936,"[""finish""]",False,False,4,0.25,[],0,0.0,[],[],[1],0.25,"[1,4]","[1,4]",0.5,Run 1::agentmemorybench:fact-mh-262k:context-0/factconsolidation_mh_262k_no32,False,True,-2.749999964609742,-1.8125000121071937,0.25,0.0,0.0,0.0,0.5,0.0,False,False,False,False,0.010328152757292612,1.0,0.0,0.0,0.0
Run 1,agentmemorybench:fact-mh-262k:context-0/factconsolidation_mh_262k_no33,12,12,1.0,0.3333333333333333,-4.187500084284693,"[""finish""]",False,True,3,0.3333333333333333,[],0,0.0,[],[],[1],0.3333333333333333,[1],[1],0.3333333333333333,Run 1::agentmemorybench:fact-mh-262k:context-0/factconsolidation_mh_262k_no33,False,True,-4.5624998467974365,0.3749997625127435,0.3333333333333333,0.0,0.0,0.0,0.3333333333333333,0.0,False,False,False,False,0.01495708535135229,1.0,0.0,0.0,0.0
Run 1,agentmemorybench:fact-mh-262k:context-0/factconsolidation_mh_262k_no34,13,13,1.0,0.3333333333333333,-6.499999979976565,"[""finish""]",False,False,3,0.3333333333333333,[],0,0.0,[],[],[1],0.3333333333333333,[1],[1],0.3333333333333333,Run 1::agentmemorybench:fact-mh-262k:context-0/factconsolidation_mh_262k_no34,False,True,-6.874999820603989,0.3749998406274244,0.3333333333333333,0.0,0.0,0.0,0.3333333333333333,0.0,False,False,False,False,0.001501182286750694,1.0,0.0,0.0,0.0
Run 1,agentmemorybench:fact-mh-262k:context-0/factconsolidation_mh_262k_no35,8,8,1.0,1.0,6.062500051106326,"[""finish""]",True,True,4,1.0,[],0,0.0,[4],[4],"[1,2,3,4]",1.0,"[1,2,3,4]","[1,2,3,4]",1.0,Run 1::agentmemorybench:fact-mh-262k:context-0/factconsolidation_mh_262k_no35,True,True,3.562500092200935,2.4999999589053914,0.75,0.25,0.25,-0.25,1.0,0.0,True,False,True,False,0.9976768375958213,1.0,1.0,0.0,0.0
Run 1,agentmemorybench:fact-mh-262k:context-0/factconsolidation_mh_262k_no36,10,10,1.0,0.25,7.500000099331373,"[""finish""]",False,True,4,0.25,[3],1,0.25,[],[3],"[1,3]",0.5,"[1,3]","[1,3]",0.5,Run 1::agentmemorybench:fact-mh-262k:context-0/factconsolidation_mh_262k_no36,True,True,2.124999973922968,5.375000125408405,0.25,0.0,0.25,0.0,0.5,0.0,False,True,True,False,0.9994472214179543,1.0,0.0,0.0,0.0
Run 1,agentmemorybench:fact-mh-262k:context-0/factconsolidation_mh_262k_no37,4,4,1.0,1.0,8.062499752675649,"[""finish""]",True,False,2,1.0,[],0,0.0,"[1,2]","[1,2]","[1,2]",1.0,"[1,2]","[1,2]",1.0,Run 1::agentmemorybench:fact-mh-262k:context-0/factconsolidation_mh_262k_no37,True,True,1.8124999776482584,6.249999775027391,0.0,1.0,0.5,-0.5,1.0,0.0,True,False,True,False,0.9996849612280264,1.0,1.0,0.0,0.0
Run 1,agentmemorybench:fact-mh-262k:context-0/factconsolidation_mh_262k_no38,4,4,1.0,1.0,7.187500110274414,"[""finish""]",False,False,2,1.0,[],0,0.0,"[1,2]","[1,2]","[1,2]",1.0,"[1,2]","[1,2]",1.0,Run 1::agentmemorybench:fact-mh-262k:context-0/factconsolidation_mh_262k_no38,True,True,3.374999973922968,3.8125001363514457,0.0,1.0,1.0,-1.0,1.0,0.0,True,False,True,False,0.9992445944505095,1.0,1.0,0.0,0.0
Run 1,agentmemorybench:fact-mh-262k:context-0/factconsolidation_mh_262k_no39,10,10,1.0,1.0,6.499999940919224,"[""finish""]",True,False,2,1.0,[],0,0.0,[],[],"[1,2]",1.0,"[1,2]","[1,2]",1.0,Run 1::agentmemorybench:fact-mh-262k:context-0/factconsolidation_mh_262k_no39,True,True,6.374999950290658,0.1249999906285665,1.0,0.0,0.0,0.0,1.0,0.0,True,False,True,False,0.9984988176547052,1.0,1.0,0.0,0.0
Run 1,agentmemorybench:fact-mh-262k:context-0/factconsolidation_mh_262k_no4,5,5,1.0,1.0,4.875000050989911,"[""finish""]",True,True,2,1.0,[],0,0.0,"[1,2]","[1,2]","[1,2]",1.0,"[1,2]","[1,2]",1.0,Run 1::agentmemorybench:fact-mh-262k:context-0/factconsolidation_mh_262k_no4,True,True,3.2500000074505806,1.6250000435393304,0.0,1.0,1.0,-1.0,1.0,0.0,True,False,True,False,0.9924227591155743,1.0,1.0,0.0,0.0
Run 1,agentmemorybench:fact-mh-262k:context-0/factconsolidation_mh_262k_no40,5,5,1.0,1.0,7.937499885694706,"[""finish""]",True,False,2,1.0,[],0,0.0,[2],[2],"[1,2]",1.0,"[1,2]","[1,2]",1.0,Run 1::agentmemorybench:fact-mh-262k:context-0/factconsolidation_mh_262k_no40,True,True,3.9375000884756446,3.9999997972190617,0.5,0.5,0.5,-0.5,1.0,0.0,True,False,True,False,0.9996430293241731,1.0,1.0,0.0,0.0
Run 1,agentmemorybench:fact-mh-262k:context-0/factconsolidation_mh_262k_no41,12,12,1.0,1.0,0.125,"[""finish""]",True,False,2,1.0,[],0,0.0,[],[],"[1,2]",1.0,"[1,2]","[1,2]",1.0,Run 1::agentmemorybench:fact-mh-262k:context-0/factconsolidation_mh_262k_no41,True,True,-1.3125000149011612,1.4375000149011612,1.0,0.0,0.0,0.0,1.0,0.0,True,False,False,False,0.5312093733737563,1.0,1.0,0.0,0.0
Run 1,agentmemorybench:fact-mh-262k:context-0/factconsolidation_mh_262k_no42,7,7,1.0,1.0,7.374999845982529,"[""finish""]",False,True,4,1.0,[],0,0.0,"[2,3,4]","[2,3,4]","[1,2,3,4]",1.0,"[1,2,3,4]","[1,2,3,4]",1.0,Run 1::agentmemorybench:fact-mh-262k:context-0/factconsolidation_mh_262k_no42,True,True,2.3125000074505806,5.062499838531949,0.25,0.75,0.25,-0.25,1.0,0.0,True,False,True,False,0.9993736657454846,1.0,1.0,0.0,0.0
Run 1,agentmemorybench:fact-mh-262k:context-0/factconsolidation_mh_262k_no43,6,6,1.0,1.0,5.937499991734512,"[""finish""]",True,False,2,1.0,[],0,0.0,[2],[2],"[1,2]",1.0,"[1,2]","[1,2]",1.0,Run 1::agentmemorybench:fact-mh-262k:context-0/factconsolidation_mh_262k_no43,True,True,4.062499862164259,1.8750001295702532,0.5,0.5,0.5,-0.5,1.0,0.0,True,False,True,False,0.9973683260034206,1.0,1.0,0.0,0.0
Run 1,agentmemorybench:fact-mh-262k:context-0/factconsolidation_mh_262k_no44,5,5,1.0,1.0,6.25000007764902,"[""finish""]",True,False,2,1.0,[],0,0.0,"[1,2]","[1,2]","[1,2]",1.0,"[1,2]","[1,2]",1.0,Run 1::agentmemorybench:fact-mh-262k:context-0/factconsolidation_mh_262k_no44,True,True,0.9999999552965164,5.250000122352503,0.0,1.0,0.5,-0.5,1.0,0.0,True,False,True,False,0.9980732654859933,1.0,1.0,0.0,0.0
Run 1,agentmemorybench:fact-mh-262k:context-0/factconsolidation_mh_262k_no45,5,5,1.0,1.0,7.625000125321094,"[""finish""]",True,False,2,1.0,[],0,0.0,[2],[2],"[1,2]",1.0,"[1,2]","[1,2]",1.0,Run 1::agentmemorybench:fact-mh-262k:context-0/factconsolidation_mh_262k_no45,True,True,3.562500050291419,4.062500075029675,0.5,0.5,0.5,-0.5,1.0,0.0,True,False,True,False,0.9995121429383268,1.0,1.0,0.0,0.0
Run 1,agentmemorybench:fact-mh-262k:context-0/factconsolidation_mh_262k_no46,5,5,1.0,0.0,8.37499996812403,"[""finish""]",False,False,2,0.0,[],0,0.0,[],[],[],0.0,[2],[2],0.5,Run 1::agentmemorybench:fact-mh-262k:context-0/factconsolidation_mh_262k_no46,True,True,4.500000081490725,3.874999886633304,0.0,0.0,0.0,0.0,0.5,0.0,False,False,True,False,0.999769493270661,1.0,0.0,0.0,0.0
Run 1,agentmemorybench:fact-mh-262k:context-0/factconsolidation_mh_262k_no47,8,8,1.0,0.25,5.500000084517524,"[""finish""]",False,True,4,0.25,[],0,0.0,[],[],[1],0.25,[],[1],0.25,Run 1::agentmemorybench:fact-mh-262k:context-0/factconsolidation_mh_262k_no47,True,True,5.5624999676365405,-0.0624998831190168,0.25,0.0,0.0,0.0,0.25,0.0,False,False,True,False,0.9959298626267017,1.0,0.0,0.0,0.0
Run 1,agentmemorybench:fact-mh-262k:context-0/factconsolidation_mh_262k_no48,14,14,1.0,0.25,-5.499999990919605,"[""finish""]",False,False,4,0.25,[],0,0.0,[],[],[4],0.25,[],[4],0.25,Run 1::agentmemorybench:fact-mh-262k:context-0/factconsolidation_mh_262k_no48,False,True,-6.562499946274329,1.062499955354724,0.25,0.0,0.0,0.0,0.25,0.0,False,False,False,False,0.00407013775270416,1.0,0.0,0.0,0.0
Run 1,agentmemorybench:fact-mh-262k:context-0/factconsolidation_mh_262k_no49,4,4,1.0,1.0,7.562499779218342,"[""finish""]",True,False,2,1.0,[],0,0.0,"[1,2]","[1,2]","[1,2]",1.0,[1],"[1,2]",1.0,Run 1::agentmemorybench:fact-mh-262k:context-0/factconsolidation_mh_262k_no49,True,True,2.124999932944774,5.4374998462735675,0.0,1.0,0.5,-0.5,0.5,0.5,True,False,True,False,0.9994806950209116,1.0,1.0,0.0,0.0
Run 1,agentmemorybench:fact-mh-262k:context-0/factconsolidation_mh_262k_no5,8,8,1.0,1.0,3.812499930150807,"[""finish""]",True,False,4,1.0,[],0,0.0,[],[],"[1,2,3,4]",1.0,"[1,2]","[1,2,3,4]",1.0,Run 1::agentmemorybench:fact-mh-262k:context-0/factconsolidation_mh_262k_no5,True,True,3.562500006519258,0.2499999236315488,1.0,0.0,0.0,0.0,1.0,0.0,True,False,True,False,0.9783846657601738,1.0,1.0,0.0,0.0
Run 1,agentmemorybench:fact-mh-262k:context-0/factconsolidation_mh_262k_no50,4,4,1.0,1.0,6.875000015890691,"[""finish""]",True,False,2,1.0,[],0,0.0,"[1,2]","[1,2]","[1,2]",1.0,"[1,2]","[1,2]",1.0,Run 1::agentmemorybench:fact-mh-262k:context-0/factconsolidation_mh_262k_no50,True,True,1.3124999850988388,5.562500030791853,0.0,1.0,0.5,-0.5,1.0,0.0,True,False,True,False,0.9989677689796311,1.0,1.0,0.0,0.0
Run 1,agentmemorybench:fact-mh-262k:context-0/factconsolidation_mh_262k_no51,5,5,1.0,1.0,6.187499864201527,"[""finish""]",True,False,2,1.0,[],0,0.0,[2],[2],"[1,2]",1.0,[2],"[1,2]",1.0,Run 1::agentmemorybench:fact-mh-262k:context-0/factconsolidation_mh_262k_no51,True,True,3.3749999552965164,2.8124999089050107,0.5,0.5,0.5,-0.5,1.0,0.0,True,False,True,False,0.9979492561821659,1.0,1.0,0.0,0.0
Run 1,agentmemorybench:fact-mh-262k:context-0/factconsolidation_mh_262k_no52,6,6,1.0,1.0,7.187500053027179,"[""finish""]",True,False,4,1.0,[],0,0.0,"[1,2,3,4]","[1,2,3,4]","[1,2,3,4]",1.0,"[1,2,3,4]","[1,2,3,4]",1.0,Run 1::agentmemorybench:fact-mh-262k:context-0/factconsolidation_mh_262k_no52,True,True,0.5625,6.625000053027179,0.0,1.0,0.25,-0.25,1.0,0.0,True,False,True,False,0.9992445944072973,1.0,1.0,0.0,0.0
Run 1,agentmemorybench:fact-mh-262k:context-0/factconsolidation_mh_262k_no53,6,6,1.0,0.3333333333333333,5.499999947147444,"[""finish""]",False,True,3,0.3333333333333333,[],0,0.0,[],[],[1],0.3333333333333333,[1],[1],0.3333333333333333,Run 1::agentmemorybench:fact-mh-262k:context-0/factconsolidation_mh_262k_no53,True,True,2.0625000074505806,3.4374999396968633,0.3333333333333333,0.0,0.0,0.0,0.3333333333333333,0.0,False,False,True,False,0.9959298620698622,1.0,0.0,0.0,0.0
Run 1,agentmemorybench:fact-mh-262k:context-0/factconsolidation_mh_262k_no54,6,6,1.0,0.6666666666666666,5.812500090221874,"[""finish""]",False,False,3,0.6666666666666666,[],0,0.0,[3],[3],"[2,3]",0.6666666666666666,"[1,3]","[1,2,3]",1.0,Run 1::agentmemorybench:fact-mh-262k:context-0/factconsolidation_mh_262k_no54,True,True,3.187499975785613,2.625000114436262,0.3333333333333333,0.3333333333333333,0.3333333333333333,-0.3333333333333333,1.0,0.0,False,False,True,False,0.9970189675382978,1.0,0.0,0.0,0.0
Run 1,agentmemorybench:fact-mh-262k:context-0/factconsolidation_mh_262k_no55,9,9,1.0,1.0,4.124999959487468,"[""finish""]",True,False,4,1.0,[],0,0.0,[],[],"[1,2,3,4]",1.0,"[1,2,4]","[1,2,3,4]",1.0,Run 1::agentmemorybench:fact-mh-262k:context-0/factconsolidation_mh_262k_no55,True,True,1.8749999776482584,2.24999998183921,1.0,0.0,0.0,0.0,1.0,0.0,True,False,True,False,0.9840936076540274,1.0,1.0,0.0,0.0
Run 1,agentmemorybench:fact-mh-262k:context-0/factconsolidation_mh_262k_no56,3,3,1.0,1.0,6.499999918276444,"[""finish""]",False,True,2,1.0,[],0,0.0,"[1,2]","[1,2]","[1,2]",1.0,"[1,2]","[1,2]",1.0,Run 1::agentmemorybench:fact-mh-262k:context-0/factconsolidation_mh_262k_no56,True,True,1.8125000596046448,4.687499858671799,0.0,1.0,1.0,-1.0,1.0,0.0,True,False,True,False,0.9984988176207652,1.0,1.0,0.0,0.0
Run 1,agentmemorybench:fact-mh-262k:context-0/factconsolidation_mh_262k_no57,22,22,1.0,0.6666666666666666,-3.8750000540167098,"[""finish""]",False,True,3,0.6666666666666666,[],0,0.0,[],[],"[1,2]",0.6666666666666666,"[1,2]","[1,2]",0.6666666666666666,Run 1::agentmemorybench:fact-mh-262k:context-0/factconsolidation_mh_262k_no57,False,True,-2.437500022351742,-1.437500031664968,0.6666666666666666,0.0,0.0,0.0,0.6666666666666666,0.0,False,False,False,False,0.02033235226670271,1.0,0.0,0.0,0.0
Run 1,agentmemorybench:fact-mh-262k:context-0/factconsolidation_mh_262k_no58,11,11,1.0,1.0,0.625,"[""finish""]",False,False,2,1.0,[],0,0.0,[2],[2],"[1,2]",1.0,[1],"[1,2]",1.0,Run 1::agentmemorybench:fact-mh-262k:context-0/factconsolidation_mh_262k_no58,True,True,-4.062500092200935,4.687500092200935,0.5,0.5,0.0,0.0,0.5,0.5,True,False,False,False,0.6513548646660542,1.0,1.0,0.0,0.0
Run 1,agentmemorybench:fact-mh-262k:context-0/factconsolidation_mh_262k_no59,3,3,1.0,1.0,8.562499780440703,"[""finish""]",True,False,2,1.0,[],0,0.0,"[1,2]","[1,2]","[1,2]",1.0,"[1,2]","[1,2]",1.0,Run 1::agentmemorybench:fact-mh-262k:context-0/factconsolidation_mh_262k_no59,True,True,1.0,7.562499780440703,0.0,1.0,1.0,-1.0,1.0,0.0,True,False,True,False,0.9998088956421715,1.0,1.0,0.0,0.0
Run 1,agentmemorybench:fact-mh-262k:context-0/factconsolidation_mh_262k_no6,3,3,1.0,1.0,8.562499959130946,"[""finish""]",True,False,2,1.0,[],0,0.0,"[1,2]","[1,2]","[1,2]",1.0,"[1,2]","[1,2]",1.0,Run 1::agentmemorybench:fact-mh-262k:context-0/factconsolidation_mh_262k_no6,True,True,3.250000024214387,5.312499934916559,0.0,1.0,1.0,-1.0,1.0,0.0,True,False,True,False,0.9998088956763136,1.0,1.0,0.0,0.0
Run 1,agentmemorybench:fact-mh-262k:context-0/factconsolidation_mh_262k_no60,3,3,1.0,0.5,3.374999998137355,"[""finish""]",False,False,2,0.5,[],0,0.0,[1],[1],[1],0.5,[1],[1],0.5,Run 1::agentmemorybench:fact-mh-262k:context-0/factconsolidation_mh_262k_no60,True,True,3.125000035390258,0.249999962747097,0.0,0.5,0.5,-0.5,0.5,0.0,False,False,True,False,0.9669140215517075,1.0,0.0,0.0,0.0
Run 1,agentmemorybench:fact-mh-262k:context-0/factconsolidation_mh_262k_no61,4,4,1.0,1.0,7.999999999097781,"[""finish""]",True,False,2,1.0,[],0,0.0,"[1,2]","[1,2]","[1,2]",1.0,"[1,2]","[1,2]",1.0,Run 1::agentmemorybench:fact-mh-262k:context-0/factconsolidation_mh_262k_no61,True,True,2.250000089406967,5.749999909690814,0.0,1.0,1.0,-1.0,1.0,0.0,True,False,True,False,0.999664649869231,1.0,1.0,0.0,0.0
Run 1,agentmemorybench:fact-mh-262k:context-0/factconsolidation_mh_262k_no62,4,4,1.0,1.0,8.250000214313332,"[""finish""]",True,False,2,1.0,[],0,0.0,"[1,2]","[1,2]","[1,2]",1.0,"[1,2]","[1,2]",1.0,Run 1::agentmemorybench:fact-mh-262k:context-0/factconsolidation_mh_262k_no62,True,True,3.312499964609742,4.937500249703589,0.0,1.0,1.0,-1.0,1.0,0.0,True,False,True,False,0.9997388097368662,1.0,1.0,0.0,0.0
Run 1,agentmemorybench:fact-mh-262k:context-0/factconsolidation_mh_262k_no63,7,7,1.0,0.75,4.874999836087227,"[""finish""]",False,True,4,0.75,[],0,0.0,"[2,3]","[2,3]","[1,2,3]",0.75,"[1,2,3]","[1,2,3]",0.75,Run 1::agentmemorybench:fact-mh-262k:context-0/factconsolidation_mh_262k_no63,True,True,1.7499999776482582,3.1249998584389687,0.5,0.25,0.25,-0.25,0.75,0.0,False,False,True,False,0.9924227574995436,1.0,0.0,0.0,0.0
Run 1,agentmemorybench:fact-mh-262k:context-0/factconsolidation_mh_262k_no64,5,5,1.0,1.0,5.31250013737008,"[""finish""]",False,False,2,1.0,[],0,0.0,[2],"[1,2]","[1,2]",1.0,[1],"[1,2]",1.0,Run 1::agentmemorybench:fact-mh-262k:context-0/factconsolidation_mh_262k_no64,True,True,2.874999985098839,2.437500152271241,0.5,0.5,0.0,0.0,0.5,0.5,True,False,True,False,0.9950945949648283,1.0,1.0,0.0,0.0
Run 1,agentmemorybench:fact-mh-262k:context-0/factconsolidation_mh_262k_no65,7,7,1.0,1.0,6.499999821186066,"[""finish""]",False,False,2,1.0,[],0,0.0,[2],[2],"[1,2]",1.0,"[1,2]","[1,2]",1.0,Run 1::agentmemorybench:fact-mh-262k:context-0/factconsolidation_mh_262k_no65,True,True,2.187500014901161,4.3124998062849045,0.5,0.5,0.5,-0.5,1.0,0.0,True,False,True,False,0.9984988174752337,1.0,1.0,0.0,0.0
Run 1,agentmemorybench:fact-mh-262k:context-0/factconsolidation_mh_262k_no66,3,3,1.0,0.5,8.812499952371581,"[""finish""]",False,False,2,0.5,[],0,0.0,[1],[1],[1],0.5,[1],[1],0.5,Run 1::agentmemorybench:fact-mh-262k:context-0/factconsolidation_mh_262k_no66,True,True,2.562499936670065,6.2500000157015165,0.0,0.5,0.5,-0.5,0.5,0.0,False,False,True,False,0.9998511615103393,1.0,0.0,0.0,0.0
Run 1,agentmemorybench:fact-mh-262k:context-0/factconsolidation_mh_262k_no67,6,6,1.0,1.0,7.437499996711267,"[""finish""]",True,False,2,1.0,[],0,0.0,[2],"[1,2]","[1,2]",1.0,"[1,2]","[1,2]",1.0,Run 1::agentmemorybench:fact-mh-262k:context-0/factconsolidation_mh_262k_no67,True,True,2.5625000707805157,4.8749999259307515,0.5,0.5,0.5,-0.5,1.0,0.0,True,False,True,False,0.9994115911795091,1.0,1.0,0.0,0.0
Run 1,agentmemorybench:fact-mh-262k:context-0/factconsolidation_mh_262k_no68,6,6,1.0,1.0,5.3124999206047505,"[""finish""]",True,False,2,1.0,[],0,0.0,[],[],"[1,2]",1.0,"[1,2]","[1,2]",1.0,Run 1::agentmemorybench:fact-mh-262k:context-0/factconsolidation_mh_262k_no68,True,True,3.625000002793968,1.6874999178107828,1.0,0.0,0.0,0.0,1.0,0.0,True,False,True,False,0.9950945939067225,1.0,1.0,0.0,0.0
Run 1,agentmemorybench:fact-mh-262k:context-0/factconsolidation_mh_262k_no69,11,11,1.0,1.0,8.812499952888174,"[""finish""]",True,False,4,1.0,[],0,0.0,[],[],"[1,2,3,4]",1.0,"[1,2,3,4]","[1,2,3,4]",1.0,Run 1::agentmemorybench:fact-mh-262k:context-0/factconsolidation_mh_262k_no69,True,True,4.937499971129,3.8749999817591743,1.0,0.0,0.0,0.0,1.0,0.0,True,False,True,False,0.9998511615104161,1.0,1.0,0.0,0.0
Run 1,agentmemorybench:fact-mh-262k:context-0/factconsolidation_mh_262k_no7,23,23,1.0,0.5,2.875000063329935,"[""finish""]",False,False,4,0.5,[],0,0.0,[],[],"[1,2]",0.5,"[1,2]","[1,2]",0.5,Run 1::agentmemorybench:fact-mh-262k:context-0/factconsolidation_mh_262k_no7,True,True,1.1249999701976776,1.7500000931322577,0.5,0.0,0.0,0.0,0.5,0.0,False,False,True,False,0.9465966734015935,1.0,0.0,0.0,0.0
Run 1,agentmemorybench:fact-mh-262k:context-0/factconsolidation_mh_262k_no70,6,6,1.0,1.0,6.562499995576218,"[""finish""]",True,False,3,1.0,[],0,0.0,"[2,3]","[2,3]","[1,2,3]",1.0,"[1,2,3]","[1,2,3]",1.0,Run 1::agentmemorybench:fact-mh-262k:context-0/factconsolidation_mh_262k_no70,True,True,1.5000000298023224,5.062499965773895,0.3333333333333333,0.6666666666666667,0.3333333333333333,-0.3333333333333333,1.0,0.0,True,False,True,False,0.9985896414971517,1.0,1.0,0.0,0.0
Run 1,agentmemorybench:fact-mh-262k:context-0/factconsolidation_mh_262k_no71,3,3,1.0,1.0,7.937500124535291,"[""finish""]",True,True,2,1.0,[],0,0.0,"[1,2]","[1,2]","[1,2]",1.0,"[1,2]","[1,2]",1.0,Run 1::agentmemorybench:fact-mh-262k:context-0/factconsolidation_mh_262k_no71,True,True,1.5000000223517418,6.437500102183549,0.0,1.0,1.0,-1.0,1.0,0.0,True,False,True,False,0.9996430294094019,1.0,1.0,0.0,0.0
Run 1,agentmemorybench:fact-mh-262k:context-0/factconsolidation_mh_262k_no72,9,9,1.0,0.25,5.6250000653089955,"[""finish""]",False,True,4,0.25,[],0,0.0,[],[],[1],0.25,"[1,2]","[1,2]",0.5,Run 1::agentmemorybench:fact-mh-262k:context-0/factconsolidation_mh_262k_no72,True,True,2.3750000037252903,3.2500000615837052,0.25,0.0,0.0,0.0,0.5,0.0,False,False,True,False,0.9964063976524311,1.0,0.0,0.0,0.0
Run 1,agentmemorybench:fact-mh-262k:context-0/factconsolidation_mh_262k_no73,4,4,1.0,1.0,8.437499964347808,"[""finish""]",True,False,2,1.0,[],0,0.0,"[1,2]","[1,2]","[1,2]",1.0,"[1,2]","[1,2]",1.0,Run 1::agentmemorybench:fact-mh-262k:context-0/factconsolidation_mh_262k_no73,True,True,0.25,8.187499964347808,0.0,1.0,0.5,-0.5,1.0,0.0,True,False,True,False,0.9997834559423864,1.0,1.0,0.0,0.0
Run 1,agentmemorybench:fact-mh-262k:context-0/factconsolidation_mh_262k_no74,8,8,1.0,1.0,4.0624998938292265,"[""finish""]",True,False,2,1.0,[],0,0.0,[],[1],"[1,2]",1.0,"[1,2]","[1,2]",1.0,Run 1::agentmemorybench:fact-mh-262k:context-0/factconsolidation_mh_262k_no74,True,True,4.437500003259629,-0.3750001094304025,1.0,0.0,0.0,0.0,1.0,0.0,True,False,True,False,0.983085084967781,1.0,1.0,0.0,0.0
Run 1,agentmemorybench:fact-mh-262k:context-0/factconsolidation_mh_262k_no75,13,13,1.0,0.75,-1.3125000223517418,"[""finish""]",False,True,4,0.75,[],0,0.0,[],[],"[1,2,3]",0.75,"[1,2]","[1,2,3]",0.75,Run 1::agentmemorybench:fact-mh-262k:context-0/factconsolidation_mh_262k_no75,False,True,-0.6875000298023224,-0.6249999925494194,0.75,0.0,0.0,0.0,0.75,0.0,False,False,False,False,0.21206880062222708,1.0,0.0,0.0,0.0
Run 1,agentmemorybench:fact-mh-262k:context-0/factconsolidation_mh_262k_no76,4,4,1.0,1.0,7.312499927676981,"[""finish""]",False,True,2,1.0,[],0,0.0,"[1,2]","[1,2]","[1,2]",1.0,"[1,2]","[1,2]",1.0,Run 1::agentmemorybench:fact-mh-262k:context-0/factconsolidation_mh_262k_no76,True,True,1.4999999776482582,5.812499950028723,0.0,1.0,1.0,-1.0,1.0,0.0,True,False,True,False,0.9993332976425705,1.0,1.0,0.0,0.0
Run 1,agentmemorybench:fact-mh-262k:context-0/factconsolidation_mh_262k_no77,10,10,1.0,0.5,2.6249999962747097,"[""finish""]",False,True,4,0.5,[],0,0.0,[],[],"[1,2]",0.5,"[1,2,3]","[1,2,3]",0.75,Run 1::agentmemorybench:fact-mh-262k:context-0/factconsolidation_mh_262k_no77,True,True,4.250000051688403,-1.6250000554136932,0.5,0.0,0.0,0.0,0.75,0.0,False,False,True,False,0.9324533086257366,1.0,0.0,0.0,0.0
Run 1,agentmemorybench:fact-mh-262k:context-0/factconsolidation_mh_262k_no78,5,5,1.0,1.0,5.250000007683411,"[""finish""]",True,False,2,1.0,[],0,0.0,[2],[2],"[1,2]",1.0,[1],"[1,2]",1.0,Run 1::agentmemorybench:fact-mh-262k:context-0/factconsolidation_mh_262k_no78,True,True,2.6874999552965164,2.562500052386895,0.5,0.5,0.0,0.0,0.5,0.5,True,False,True,False,0.9947798743463406,1.0,1.0,0.0,0.0
Run 1,agentmemorybench:fact-mh-262k:context-0/factconsolidation_mh_262k_no79,4,4,1.0,0.5,5.749999800696969,"[""finish""]",False,True,2,0.5,[1],1,0.5,[2],"[1,2]","[1,2]",1.0,[1],"[1,2]",1.0,Run 1::agentmemorybench:fact-mh-262k:context-0/factconsolidation_mh_262k_no79,True,True,2.5,3.249999800696969,0.0,0.5,0.5,0.0,0.5,0.5,False,True,True,False,0.9968273165271956,1.0,0.0,0.0,0.0
Run 1,agentmemorybench:fact-mh-262k:context-0/factconsolidation_mh_262k_no8,8,8,1.0,0.5,-2.187499985098839,"[""finish""]",False,True,2,0.5,[],0,0.0,[],[],[1],0.5,[1],[1],0.5,Run 1::agentmemorybench:fact-mh-262k:context-0/factconsolidation_mh_262k_no8,False,True,-1.8749998807907104,-0.3125001043081283,0.5,0.0,0.0,0.0,0.5,0.0,False,False,False,False,0.10087862408162354,1.0,0.0,0.0,0.0
Run 1,agentmemorybench:fact-mh-262k:context-0/factconsolidation_mh_262k_no80,3,3,1.0,0.0,7.562499898369424,"[""finish""]",False,False,2,0.0,[1],1,0.5,[],[1],[1],0.5,[1],[1],0.5,Run 1::agentmemorybench:fact-mh-262k:context-0/factconsolidation_mh_262k_no80,True,True,1.7499999850988388,5.812499913270585,0.0,0.0,0.5,0.0,0.5,0.0,False,True,True,False,0.9994806950827552,1.0,0.0,0.0,0.0
Run 1,agentmemorybench:fact-mh-262k:context-0/factconsolidation_mh_262k_no81,5,5,1.0,0.5,5.499999887659214,"[""finish""]",False,False,2,0.5,[],0,0.0,[],[],[1],0.5,[1],[1],0.5,Run 1::agentmemorybench:fact-mh-262k:context-0/factconsolidation_mh_262k_no81,True,True,3.4374999199062586,2.062499967752956,0.5,0.0,0.0,0.0,0.5,0.0,False,False,True,False,0.9959298618287225,1.0,0.0,0.0,0.0
Run 1,agentmemorybench:fact-mh-262k:context-0/factconsolidation_mh_262k_no82,7,7,1.0,1.0,6.187500000174623,"[""finish""]",False,True,3,1.0,[],0,0.0,"[1,2]","[1,2]","[1,2,3]",1.0,"[1,2,3]","[1,2,3]",1.0,Run 1::agentmemorybench:fact-mh-262k:context-0/factconsolidation_mh_262k_no82,True,True,3.7500000121071935,2.4374999880674295,0.6666666666666666,0.3333333333333333,0.3333333333333333,-0.3333333333333333,1.0,0.0,True,False,True,False,0.99794925646044,1.0,1.0,0.0,0.0
Run 1,agentmemorybench:fact-mh-262k:context-0/factconsolidation_mh_262k_no83,5,5,1.0,1.0,7.687500054467819,"[""finish""]",True,False,2,1.0,[],0,0.0,[2],[2],"[1,2]",1.0,"[1,2]","[1,2]",1.0,Run 1::agentmemorybench:fact-mh-262k:context-0/factconsolidation_mh_262k_no83,True,True,3.68749990593642,4.000000148531399,0.5,0.5,0.5,-0.5,1.0,0.0,True,False,True,False,0.9995416871243168,1.0,1.0,0.0,0.0
Run 1,agentmemorybench:fact-mh-262k:context-0/factconsolidation_mh_262k_no84,8,8,1.0,0.25,5.562500037252903,"[""finish""]",False,True,4,0.25,[],0,0.0,[],[],[1],0.25,[1],[1],0.25,Run 1::agentmemorybench:fact-mh-262k:context-0/factconsolidation_mh_262k_no84,True,True,1.8750000596046448,3.687499977648258,0.25,0.0,0.0,0.0,0.25,0.0,False,False,True,False,0.9961755164972911,1.0,0.0,0.0,0.0
Run 1,agentmemorybench:fact-mh-262k:context-0/factconsolidation_mh_262k_no85,4,4,1.0,0.5,6.749999994819518,"[""finish""]",False,True,2,0.5,[],0,0.0,[1],[1],[1],0.5,[1],[1],0.5,Run 1::agentmemorybench:fact-mh-262k:context-0/factconsolidation_mh_262k_no85,True,True,1.7500000074505806,4.999999987368938,0.0,0.5,0.5,-0.5,0.5,0.0,False,False,True,False,0.998830489728893,1.0,0.0,0.0,0.0
Run 1,agentmemorybench:fact-mh-262k:context-0/factconsolidation_mh_262k_no86,3,3,1.0,1.0,7.562500077445293,"[""finish""]",True,False,2,1.0,[],0,0.0,"[1,2]","[1,2]","[1,2]",1.0,"[1,2]","[1,2]",1.0,Run 1::agentmemorybench:fact-mh-262k:context-0/factconsolidation_mh_262k_no86,True,True,2.437499914318323,5.12500016312697,0.0,1.0,1.0,-1.0,1.0,0.0,True,False,True,False,0.9994806951757019,1.0,1.0,0.0,0.0
Run 1,agentmemorybench:fact-mh-262k:context-0/factconsolidation_mh_262k_no87,6,6,1.0,1.0,5.624999911291525,"[""finish""]",True,False,3,1.0,[],0,0.0,"[2,3]","[2,3]","[1,2,3]",1.0,"[1,2,3]","[1,2,3]",1.0,Run 1::agentmemorybench:fact-mh-262k:context-0/factconsolidation_mh_262k_no87,True,True,4.124999918974936,1.4999999923165888,0.3333333333333333,0.6666666666666667,0.6666666666666666,-0.6666666666666666,1.0,0.0,True,False,True,False,0.9964063971009424,1.0,1.0,0.0,0.0
Run 1,agentmemorybench:fact-mh-262k:context-0/factconsolidation_mh_262k_no88,5,5,1.0,1.0,6.562499934399966,"[""finish""]",False,True,2,1.0,[],0,0.0,[2],[2],"[1,2]",1.0,"[1,2]","[1,2]",1.0,Run 1::agentmemorybench:fact-mh-262k:context-0/factconsolidation_mh_262k_no88,True,True,3.4999999394640326,3.0624999949359335,0.5,0.5,0.5,-0.5,1.0,0.0,True,False,True,False,0.9985896414109929,1.0,1.0,0.0,0.0
Run 1,agentmemorybench:fact-mh-262k:context-0/factconsolidation_mh_262k_no89,5,5,1.0,1.0,9.062499947744072,"[""finish""]",True,False,2,1.0,[],0,0.0,"[1,2]","[1,2]","[1,2]",1.0,"[1,2]","[1,2]",1.0,Run 1::agentmemorybench:fact-mh-262k:context-0/factconsolidation_mh_262k_no89,True,True,-0.5624999850988388,9.624999932842911,0.0,1.0,0.5,-0.5,1.0,0.0,True,False,False,False,0.999884080650757,1.0,1.0,0.0,0.0
Run 1,agentmemorybench:fact-mh-262k:context-0/factconsolidation_mh_262k_no9,8,8,1.0,1.0,7.437500055850251,"[""finish""]",False,True,3,1.0,[],0,0.0,[3],[3],"[1,2,3]",1.0,"[1,2,3]","[1,2,3]",1.0,Run 1::agentmemorybench:fact-mh-262k:context-0/factconsolidation_mh_262k_no9,True,True,3.999999930150807,3.4375001256994437,0.6666666666666666,0.3333333333333333,0.3333333333333333,-0.3333333333333333,1.0,0.0,True,False,True,False,0.9994115912142865,1.0,1.0,0.0,0.0
Run 1,agentmemorybench:fact-mh-262k:context-0/factconsolidation_mh_262k_no90,7,7,1.0,1.0,7.249999954452505,"[""finish""]",False,False,2,1.0,[],0,0.0,[],[],"[1,2]",1.0,"[1,2]","[1,2]",1.0,Run 1::agentmemorybench:fact-mh-262k:context-0/factconsolidation_mh_262k_no90,True,True,7.12500002636807,0.1249999280844349,1.0,0.0,0.0,0.0,1.0,0.0,True,False,True,False,0.9992903295685986,1.0,1.0,0.0,0.0
Run 1,agentmemorybench:fact-mh-262k:context-0/factconsolidation_mh_262k_no91,12,12,1.0,1.0,5.250000159954652,"[""finish""]",False,True,3,1.0,[],0,0.0,[3],[3],"[1,2,3]",1.0,"[1,3]","[1,2,3]",1.0,Run 1::agentmemorybench:fact-mh-262k:context-0/factconsolidation_mh_262k_no91,True,True,2.6249999590218067,2.6250002009328455,0.6666666666666666,0.3333333333333333,0.3333333333333333,-0.3333333333333333,1.0,0.0,True,False,True,False,0.9947798751370661,1.0,1.0,0.0,0.0
Run 1,agentmemorybench:fact-mh-262k:context-0/factconsolidation_mh_262k_no92,6,6,1.0,1.0,5.937500177766196,"[""finish""]",True,False,3,1.0,[],0,0.0,[3],[3],"[1,2,3]",1.0,"[1,2,3]","[1,2,3]",1.0,Run 1::agentmemorybench:fact-mh-262k:context-0/factconsolidation_mh_262k_no92,True,True,3.0624999292194843,2.875000248546712,0.6666666666666666,0.3333333333333333,0.3333333333333333,-0.3333333333333333,1.0,0.0,True,False,True,False,0.9973683264917069,1.0,1.0,0.0,0.0
Run 1,agentmemorybench:fact-mh-262k:context-0/factconsolidation_mh_262k_no93,13,13,1.0,0.5,5.062499824678525,"[""finish""]",False,False,4,0.5,[2],1,0.25,[],[2],"[1,2]",0.5,"[1,2]","[1,2]",0.5,Run 1::agentmemorybench:fact-mh-262k:context-0/factconsolidation_mh_262k_no93,True,True,4.250000094994903,0.8124997296836227,0.5,0.0,0.0,0.25,0.5,0.0,False,True,True,False,0.9937100967672887,1.0,0.0,0.0,0.0
Run 1,agentmemorybench:fact-mh-262k:context-0/factconsolidation_mh_262k_no94,4,4,1.0,1.0,7.374999839405064,"[""finish""]",True,False,2,1.0,[],0,0.0,[2],[2],"[1,2]",1.0,"[1,2]","[1,2]",1.0,Run 1::agentmemorybench:fact-mh-262k:context-0/factconsolidation_mh_262k_no94,True,True,2.937500048428774,4.4374997909762905,0.5,0.5,0.5,-0.5,1.0,0.0,True,False,True,False,0.9993736657413675,1.0,1.0,0.0,0.0
Run 1,agentmemorybench:fact-mh-262k:context-0/factconsolidation_mh_262k_no95,5,5,1.0,0.5,6.687499890162144,"[""finish""]",False,False,2,0.5,[2],1,0.5,[],"[1,2]","[1,2]",1.0,[2],"[1,2]",1.0,Run 1::agentmemorybench:fact-mh-262k:context-0/factconsolidation_mh_262k_no95,True,True,3.0625000074505806,3.6249998827115633,0.5,0.0,0.5,0.0,1.0,0.0,False,True,True,False,0.9987551565613508,1.0,0.0,0.0,0.0
Run 1,agentmemorybench:fact-mh-262k:context-0/factconsolidation_mh_262k_no96,7,7,1.0,0.3333333333333333,3.7499999525025487,"[""finish""]",False,True,3,0.3333333333333333,[],0,0.0,[],[],[1],0.3333333333333333,[1],[1],0.3333333333333333,Run 1::agentmemorybench:fact-mh-262k:context-0/factconsolidation_mh_262k_no96,True,True,1.0,2.7499999525025487,0.3333333333333333,0.0,0.0,0.0,0.3333333333333333,0.0,False,False,True,False,0.9770226290236846,1.0,0.0,0.0,0.0
Run 1,agentmemorybench:fact-mh-262k:context-0/factconsolidation_mh_262k_no97,4,4,1.0,0.5,5.62499990593642,"[""finish""]",False,False,2,0.5,[],0,0.0,[2],[2],[2],0.5,"[1,2]","[1,2]",1.0,Run 1::agentmemorybench:fact-mh-262k:context-0/factconsolidation_mh_262k_no97,True,True,0.4375,5.18749990593642,0.0,0.5,0.5,-0.5,1.0,0.0,False,False,True,False,0.9964063970817675,1.0,0.0,0.0,0.0
Run 1,agentmemorybench:fact-mh-262k:context-0/factconsolidation_mh_262k_no98,12,12,1.0,0.6666666666666666,-4.24999996740371,"[""finish""]",False,True,3,0.6666666666666666,[],0,0.0,[],[],"[1,2]",0.6666666666666666,"[1,2]","[1,2]",0.6666666666666666,Run 1::agentmemorybench:fact-mh-262k:context-0/factconsolidation_mh_262k_no98,False,True,-4.1250001564621925,-0.1249998109415173,0.6666666666666666,0.0,0.0,0.0,0.6666666666666666,0.0,False,False,False,False,0.014063627495220473,1.0,0.0,0.0,0.0
Run 1,agentmemorybench:fact-mh-262k:context-0/factconsolidation_mh_262k_no99,14,14,1.0,1.0,-2.1874999925494194,"[""finish""]",True,True,3,1.0,[],0,0.0,[],[],"[1,2,3]",1.0,"[1,2,3]","[1,2,3]",1.0,Run 1::agentmemorybench:fact-mh-262k:context-0/factconsolidation_mh_262k_no99,False,True,-2.562499932944774,0.3749999403953552,1.0,0.0,0.0,0.0,1.0,0.0,True,False,False,False,0.10087862340584003,1.0,1.0,0.0,0.0
Run 2,agentmemorybench:fact-mh-262k:context-0/factconsolidation_mh_262k_no0,13,13,1.0,0.6666666666666666,4.4999998435378075,"[""finish""]",False,False,3,0.6666666666666666,[],0,0.0,[],[],"[1,2]",0.6666666666666666,[1],"[1,2]",0.6666666666666666,Run 2::agentmemorybench:fact-mh-262k:context-0/factconsolidation_mh_262k_no0,True,True,2.6250000298023224,1.874999813735485,0.6666666666666666,0.0,0.0,0.0,0.6666666666666666,0.0,False,False,True,False,0.9890130556692526,1.0,0.0,1.0,0.0
Run 2,agentmemorybench:fact-mh-262k:context-0/factconsolidation_mh_262k_no1,5,5,1.0,1.0,6.625000046333298,"[""finish""]",True,False,2,1.0,[],0,0.0,[2],[2],"[1,2]",1.0,"[1,2]","[1,2]",1.0,Run 2::agentmemorybench:fact-mh-262k:context-0/factconsolidation_mh_262k_no1,True,True,2.9999999292194843,3.6250001171138138,0.5,0.5,0.5,-0.5,1.0,0.0,True,False,True,False,0.9986749776440981,1.0,1.0,1.0,0.0
Run 2,agentmemorybench:fact-mh-262k:context-0/factconsolidation_mh_262k_no10,8,8,1.0,0.25,6.749999975843821,"[""finish""]",False,True,4,0.25,[],0,0.0,[4],[4],[4],0.25,[1],"[1,4]",0.5,Run 2::agentmemorybench:fact-mh-262k:context-0/factconsolidation_mh_262k_no10,True,True,4.187499897554517,2.562500078289304,0.0,0.25,0.0,0.0,0.25,0.25,False,False,True,False,0.9988304897067265,1.0,0.0,1.0,0.0
Run 2,agentmemorybench:fact-mh-262k:context-0/factconsolidation_mh_262k_no11,16,16,1.0,0.6666666666666666,-2.625000067055226,"[""finish""]",False,True,3,0.6666666666666666,[],0,0.0,[],[],"[1,2]",0.6666666666666666,"[1,2]","[1,2]",0.6666666666666666,Run 2::agentmemorybench:fact-mh-262k:context-0/factconsolidation_mh_262k_no11,False,True,-3.3124999683350325,0.6874999012798071,0.6666666666666666,0.0,0.0,0.0,0.6666666666666666,0.0,False,False,False,False,0.06754668691621378,1.0,0.0,1.0,0.0
Run 2,agentmemorybench:fact-mh-262k:context-0/factconsolidation_mh_262k_no12,3,3,1.0,0.5,7.500000035623088,"[""finish""]",False,False,2,0.5,[],0,0.0,[1],[1],[1],0.5,[1],[1],0.5,Run 2::agentmemorybench:fact-mh-262k:context-0/factconsolidation_mh_262k_no12,True,True,2.499999903142452,5.000000132480636,0.0,0.5,0.5,-0.5,0.5,0.0,False,False,True,False,0.9994472213827571,1.0,0.0,1.0,0.0
Run 2,agentmemorybench:fact-mh-262k:context-0/factconsolidation_mh_262k_no13,5,5,1.0,1.0,6.499999940977432,"[""finish""]",True,False,2,1.0,[],0,0.0,[2],[2],"[1,2]",1.0,"[1,2]","[1,2]",1.0,Run 2::agentmemorybench:fact-mh-262k:context-0/factconsolidation_mh_262k_no13,True,True,2.8750000335276127,3.624999907449819,0.5,0.5,0.5,-0.5,1.0,0.0,True,False,True,False,0.9984988176547924,1.0,1.0,1.0,0.0
Run 2,agentmemorybench:fact-mh-262k:context-0/factconsolidation_mh_262k_no14,6,6,1.0,1.0,8.875000249026925,"[""finish""]",True,False,2,1.0,[],0,0.0,[2],"[1,2]","[1,2]",1.0,"[1,2]","[1,2]",1.0,Run 2::agentmemorybench:fact-mh-262k:context-0/factconsolidation_mh_262k_no14,True,True,5.249999838415533,3.625000410611392,0.5,0.5,0.5,-0.5,1.0,0.0,True,False,True,False,0.9998601779591674,1.0,1.0,1.0,0.0
Run 2,agentmemorybench:fact-mh-262k:context-0/factconsolidation_mh_262k_no15,4,4,1.0,1.0,8.125000163709046,"[""finish""]",True,False,2,1.0,[],0,0.0,"[1,2]","[1,2]","[1,2]",1.0,"[1,2]","[1,2]",1.0,Run 2::agentmemorybench:fact-mh-262k:context-0/factconsolidation_mh_262k_no15,True,True,3.2499999590218067,4.87500020468724,0.0,1.0,1.0,-1.0,1.0,0.0,True,False,True,False,0.9997040429349234,1.0,1.0,1.0,0.0
Run 2,agentmemorybench:fact-mh-262k:context-0/factconsolidation_mh_262k_no16,6,6,1.0,0.75,4.875000094296411,"[""finish""]",False,True,4,0.75,[],0,0.0,[3],"[2,3]","[1,2,3]",0.75,"[1,2,3]","[1,2,3]",0.75,Run 2::agentmemorybench:fact-mh-262k:context-0/factconsolidation_mh_262k_no16,True,True,1.8125,3.0625000942964107,0.5,0.25,0.0,0.0,0.75,0.0,False,False,True,False,0.9924227594412318,1.0,0.0,1.0,0.0
Run 2,agentmemorybench:fact-mh-262k:context-0/factconsolidation_mh_262k_no17,11,11,1.0,0.3333333333333333,-8.500000379965059,"[""finish""]",False,True,3,0.3333333333333333,[],0,0.0,[],[],[1],0.3333333333333333,[1],[1],0.3333333333333333,Run 2::agentmemorybench:fact-mh-262k:context-0/factconsolidation_mh_262k_no17,False,True,-5.500000016996637,-3.0000003629684215,0.3333333333333333,0.0,0.0,0.0,0.3333333333333333,0.0,False,False,False,False,0.00020342690077580148,1.0,0.0,1.0,0.0
Run 2,agentmemorybench:fact-mh-262k:context-0/factconsolidation_mh_262k_no18,15,15,1.0,0.5,-2.874999988824129,"[""finish""]",False,True,4,0.5,[],0,0.0,[],[],"[1,2]",0.5,"[1,4]","[1,2,4]",0.75,Run 2::agentmemorybench:fact-mh-262k:context-0/factconsolidation_mh_262k_no18,False,True,-3.6250000931322575,0.7500001043081284,0.5,0.0,0.25,-0.25,0.75,0.0,False,False,False,False,0.053403330364780316,1.0,0.0,1.0,0.0
Run 2,agentmemorybench:fact-mh-262k:context-0/factconsolidation_mh_262k_no19,19,19,1.0,0.75,-0.25,"[""finish""]",False,True,4,0.75,[],0,0.0,[],[],"[1,3,4]",0.75,[1],"[1,3,4]",0.75,Run 2::agentmemorybench:fact-mh-262k:context-0/factconsolidation_mh_262k_no19,False,True,-0.5,0.25,0.75,0.0,0.0,0.0,0.75,0.0,False,False,False,False,0.43782349911420193,1.0,0.0,1.0,0.0
Run 2,agentmemorybench:fact-mh-262k:context-0/factconsolidation_mh_262k_no2,19,19,1.0,0.5,-2.750000074505806,"[""finish""]",False,True,4,0.5,[],0,0.0,[],[],"[1,2]",0.5,"[1,2,3]","[1,2,3]",0.75,Run 2::agentmemorybench:fact-mh-262k:context-0/factconsolidation_mh_262k_no2,False,True,0.0,-2.750000074505806,0.5,0.0,0.0,0.0,0.75,0.0,False,False,False,False,0.060086645966199635,1.0,0.0,1.0,0.0
Run 2,agentmemorybench:fact-mh-262k:context-0/factconsolidation_mh_262k_no20,15,15,1.0,1.0,-0.6249999850988388,"[""finish""]",False,True,3,1.0,[],0,0.0,[],[],"[1,2,3]",1.0,"[1,2,3]","[1,2,3]",1.0,Run 2::agentmemorybench:fact-mh-262k:context-0/factconsolidation_mh_262k_no20,False,True,1.7499999776482582,-2.374999962747097,1.0,0.0,0.0,0.0,1.0,0.0,True,False,True,True,0.3486451387178759,1.0,1.0,1.0,0.0
Run 2,agentmemorybench:fact-mh-262k:context-0/factconsolidation_mh_262k_no21,8,8,1.0,1.0,4.4999999878928065,"[""finish""]",True,False,2,1.0,[],0,0.0,[],[],"[1,2]",1.0,[1],"[1,2]",1.0,Run 2::agentmemorybench:fact-mh-262k:context-0/factconsolidation_mh_262k_no21,True,True,5.062499940395355,-0.5624999525025487,1.0,0.0,0.0,0.0,1.0,0.0,True,False,True,False,0.9890130572378473,1.0,1.0,1.0,0.0
Run 2,agentmemorybench:fact-mh-262k:context-0/factconsolidation_mh_262k_no22,3,3,1.0,0.3333333333333333,4.937499874504283,"[""finish""]",False,False,3,0.3333333333333333,[],0,0.0,[1],[1],[1],0.3333333333333333,[1],[1],0.3333333333333333,Run 2::agentmemorybench:fact-mh-262k:context-0/factconsolidation_mh_262k_no22,True,True,2.000000089406967,2.937499785097316,0.0,0.3333333333333333,0.3333333333333333,-0.3333333333333333,0.3333333333333333,0.0,False,False,True,False,0.9928785703669205,1.0,0.0,1.0,0.0
Run 2,agentmemorybench:fact-mh-262k:context-0/factconsolidation_mh_262k_no23,5,5,1.0,1.0,7.062500073661795,"[""finish""]",True,False,2,1.0,[],0,0.0,[2],[2],"[1,2]",1.0,"[1,2]","[1,2]",1.0,Run 2::agentmemorybench:fact-mh-262k:context-0/factconsolidation_mh_262k_no23,True,True,3.062500001862645,4.00000007179915,0.5,0.5,0.5,-0.5,1.0,0.0,True,False,True,False,0.9991440994262479,1.0,1.0,1.0,0.0
Run 2,agentmemorybench:fact-mh-262k:context-0/factconsolidation_mh_262k_no24,5,5,1.0,1.0,5.750000062980689,"[""finish""]",True,False,2,1.0,[],0,0.0,[2],[2],"[1,2]",1.0,"[1,2]","[1,2]",1.0,Run 2::agentmemorybench:fact-mh-262k:context-0/factconsolidation_mh_262k_no24,True,True,4.374999820254743,1.375000242725946,0.5,0.5,0.5,-0.5,1.0,0.0,True,False,True,False,0.9968273173566985,1.0,1.0,1.0,0.0
Run 2,agentmemorybench:fact-mh-262k:context-0/factconsolidation_mh_262k_no25,6,6,1.0,0.25,6.375000143889338,"[""finish""]",False,True,4,0.25,[],0,0.0,[],[],[1],0.25,[1],[1],0.25,Run 2::agentmemorybench:fact-mh-262k:context-0/factconsolidation_mh_262k_no25,True,True,2.4375,3.937500143889338,0.25,0.0,0.0,0.0,0.25,0.0,False,False,True,False,0.9982992778328643,1.0,0.0,1.0,0.0
Run 2,agentmemorybench:fact-mh-262k:context-0/factconsolidation_mh_262k_no26,3,3,1.0,1.0,6.999999884195859,"[""finish""]",True,False,2,1.0,[],0,0.0,"[1,2]","[1,2]","[1,2]",1.0,"[1,2]","[1,2]",1.0,Run 2::agentmemorybench:fact-mh-262k:context-0/factconsolidation_mh_262k_no26,True,True,1.6250000447034836,5.374999839492375,0.0,1.0,1.0,-1.0,1.0,0.0,True,False,True,False,0.9990889487001919,1.0,1.0,1.0,0.0
Run 2,agentmemorybench:fact-mh-262k:context-0/factconsolidation_mh_262k_no27,6,6,1.0,0.5,7.125000206578989,"[""finish""]",False,True,4,0.5,[],0,0.0,"[1,4]","[1,4]","[1,4]",0.5,"[1,2]","[1,2,4]",0.75,Run 2::agentmemorybench:fact-mh-262k:context-0/factconsolidation_mh_262k_no27,True,True,1.1875000149011612,5.937500191677827,0.0,0.5,0.0,0.0,0.5,0.25,False,False,True,False,0.9991959142303445,1.0,0.0,1.0,0.0
Run 2,agentmemorybench:fact-mh-262k:context-0/factconsolidation_mh_262k_no28,5,5,1.0,1.0,5.999999916530214,"[""finish""]",True,False,2,1.0,[],0,0.0,[2],[2],"[1,2]",1.0,[1],"[1,2]",1.0,Run 2::agentmemorybench:fact-mh-262k:context-0/factconsolidation_mh_262k_no28,True,True,3.2500000167638063,2.749999899766408,0.5,0.5,0.0,0.0,0.5,0.5,True,False,True,False,0.9975273766374863,1.0,1.0,1.0,0.0
Run 2,agentmemorybench:fact-mh-262k:context-0/factconsolidation_mh_262k_no29,5,5,1.0,1.0,7.499999796040356,"[""finish""]",True,False,2,1.0,[],0,0.0,[2],[2],"[1,2]",1.0,"[1,2]","[1,2]",1.0,Run 2::agentmemorybench:fact-mh-262k:context-0/factconsolidation_mh_262k_no29,True,True,3.812500031664967,3.6874997643753886,0.5,0.5,0.5,-0.5,1.0,0.0,True,False,True,False,0.9994472212503942,1.0,1.0,1.0,0.0
Run 2,agentmemorybench:fact-mh-262k:context-0/factconsolidation_mh_262k_no3,3,3,1.0,0.5,6.312499936262611,"[""finish""]",False,False,2,0.5,[],0,0.0,[1],[1],[1],0.5,[1],[1],0.5,Run 2::agentmemorybench:fact-mh-262k:context-0/factconsolidation_mh_262k_no3,True,True,2.7499999813735485,3.562499954889063,0.0,0.5,0.5,-0.5,0.5,0.0,False,False,True,False,0.998189788858628,1.0,0.0,1.0,0.0
Run 2,agentmemorybench:fact-mh-262k:context-0/factconsolidation_mh_262k_no30,5,5,1.0,1.0,8.93749989054777,"[""finish""]",True,False,2,1.0,[],0,0.0,[2],[2],"[1,2]",1.0,"[1,2]","[1,2]",1.0,Run 2::agentmemorybench:fact-mh-262k:context-0/factconsolidation_mh_262k_no30,True,True,7.499999980762368,1.4374999097854015,1.0,0.0,0.0,0.0,1.0,0.0,True,False,True,False,0.9998686481885598,1.0,1.0,1.0,0.0
Run 2,agentmemorybench:fact-mh-262k:context-0/factconsolidation_mh_262k_no31,3,3,1.0,0.5,6.874999899853719,"[""finish""]",False,False,2,0.5,[],0,0.0,[1],[1],[1],0.5,[1],[1],0.5,Run 2::agentmemorybench:fact-mh-262k:context-0/factconsolidation_mh_262k_no31,True,True,2.749999962747097,4.124999937106622,0.0,0.5,0.5,-0.5,0.5,0.0,False,False,True,False,0.9989677688599777,1.0,0.0,1.0,0.0
Run 2,agentmemorybench:fact-mh-262k:context-0/factconsolidation_mh_262k_no32,12,12,1.0,0.0,5.375000098720193,"[""finish""]",True,False,4,0.0,[4],1,0.25,[],[4],[4],0.25,"[2,4]","[2,4]",0.5,Run 2::agentmemorybench:fact-mh-262k:context-0/factconsolidation_mh_262k_no32,True,True,2.000000052154064,3.3750000465661287,0.0,0.0,0.25,0.0,0.5,0.0,False,True,True,False,0.9953904282735861,1.0,0.0,1.0,0.0
Run 2,agentmemorybench:fact-mh-262k:context-0/factconsolidation_mh_262k_no33,13,13,1.0,0.3333333333333333,-4.4375001969747245,"[""finish""]",False,True,3,0.3333333333333333,[],0,0.0,[],[],[1],0.3333333333333333,[1],[1],0.3333333333333333,Run 2::agentmemorybench:fact-mh-262k:context-0/factconsolidation_mh_262k_no33,False,True,-3.999999932944774,-0.4375002640299499,0.3333333333333333,0.0,0.0,0.0,0.3333333333333333,0.0,False,False,False,False,0.0116872557205054,1.0,0.0,1.0,0.0
Run 2,agentmemorybench:fact-mh-262k:context-0/factconsolidation_mh_262k_no34,9,9,1.0,0.3333333333333333,-8.687499781030056,"[""finish""]",False,False,3,0.3333333333333333,[],0,0.0,[],[],[1],0.3333333333333333,[1],[1],0.3333333333333333,Run 2::agentmemorybench:fact-mh-262k:context-0/factconsolidation_mh_262k_no34,False,True,-7.875000101223122,-0.8124996798069333,0.3333333333333333,0.0,0.0,0.0,0.3333333333333333,0.0,False,False,False,False,0.0001686527909128042,1.0,0.0,1.0,0.0
Run 2,agentmemorybench:fact-mh-262k:context-0/factconsolidation_mh_262k_no35,10,10,1.0,0.75,4.437499837949872,"[""finish""]",False,True,4,0.75,[],0,0.0,[4],[4],"[1,3,4]",0.75,"[1,2,3,4]","[1,2,3,4]",1.0,Run 2::agentmemorybench:fact-mh-262k:context-0/factconsolidation_mh_262k_no35,True,True,3.749999978579581,0.6874998593702912,0.75,0.0,0.0,0.0,1.0,0.0,False,False,True,False,0.9883127401325185,1.0,0.0,1.0,0.0
Run 2,agentmemorybench:fact-mh-262k:context-0/factconsolidation_mh_262k_no36,12,12,1.0,0.25,-3.687500043772161,"[""finish""]",False,True,4,0.25,[],0,0.0,[],[],[1],0.25,[1],[1],0.25,Run 2::agentmemorybench:fact-mh-262k:context-0/factconsolidation_mh_262k_no36,False,True,-2.749999910593033,-0.9375001331791282,0.25,0.0,0.0,0.0,0.25,0.0,False,False,False,False,0.02442308901116534,1.0,0.0,1.0,0.0
Run 2,agentmemorybench:fact-mh-262k:context-0/factconsolidation_mh_262k_no37,4,4,1.0,1.0,5.874999957741238,"[""finish""]",True,False,2,1.0,[],0,0.0,[2],[2],"[1,2]",1.0,"[1,2]","[1,2]",1.0,Run 2::agentmemorybench:fact-mh-262k:context-0/factconsolidation_mh_262k_no37,True,True,1.1875000149011612,4.687499942840077,0.5,0.5,0.5,-0.5,1.0,0.0,True,False,True,False,0.9971990729148468,1.0,1.0,1.0,0.0
Run 2,agentmemorybench:fact-mh-262k:context-0/factconsolidation_mh_262k_no38,6,6,1.0,1.0,5.874999953084625,"[""finish""]",False,False,2,1.0,[],0,0.0,[2],[2],"[1,2]",1.0,[2],"[1,2]",1.0,Run 2::agentmemorybench:fact-mh-262k:context-0/factconsolidation_mh_262k_no38,True,True,3.0625000540167093,2.812499899067916,0.5,0.5,0.5,-0.5,1.0,0.0,True,False,True,False,0.9971990729018406,1.0,1.0,1.0,0.0
Run 2,agentmemorybench:fact-mh-262k:context-0/factconsolidation_mh_262k_no39,6,6,1.0,1.0,8.062499812120222,"[""finish""]",True,False,2,1.0,[],0,0.0,[2],[2],"[1,2]",1.0,"[1,2]","[1,2]",1.0,Run 2::agentmemorybench:fact-mh-262k:context-0/factconsolidation_mh_262k_no39,True,True,2.6250000074505806,5.437499804669642,0.5,0.5,0.5,-0.5,1.0,0.0,True,False,True,False,0.9996849612467479,1.0,1.0,1.0,0.0
Run 2,agentmemorybench:fact-mh-262k:context-0/factconsolidation_mh_262k_no4,7,7,1.0,0.5,4.812500203028321,"[""finish""]",False,True,2,0.5,[],0,0.0,[2],[2],[2],0.5,[],[2],0.5,Run 2::agentmemorybench:fact-mh-262k:context-0/factconsolidation_mh_262k_no4,True,True,2.937500013038516,1.8750001899898052,0.0,0.5,0.0,0.0,0.0,0.5,False,False,True,False,0.9919380100953449,1.0,0.0,1.0,0.0
Run 2,agentmemorybench:fact-mh-262k:context-0/factconsolidation_mh_262k_no40,4,4,1.0,1.0,8.874999831175955,"[""finish""]",True,False,2,1.0,[],0,0.0,"[1,2]","[1,2]","[1,2]",1.0,"[1,2]","[1,2]",1.0,Run 2::agentmemorybench:fact-mh-262k:context-0/factconsolidation_mh_262k_no40,True,True,1.8125,7.0624998311759555,0.0,1.0,0.5,-0.5,1.0,0.0,True,False,True,False,0.9998601779007507,1.0,1.0,1.0,0.0
Run 2,agentmemorybench:fact-mh-262k:context-0/factconsolidation_mh_262k_no41,11,11,1.0,1.0,-1.8749999701976776,"[""finish""]",True,False,2,1.0,[],0,0.0,[],[],"[1,2]",1.0,"[1,2]","[1,2]",1.0,Run 2::agentmemorybench:fact-mh-262k:context-0/factconsolidation_mh_262k_no41,False,True,-3.5624998873099685,1.6874999171122909,1.0,0.0,0.0,0.0,1.0,0.0,True,False,False,False,0.1329642436335826,1.0,1.0,1.0,0.0
Run 2,agentmemorybench:fact-mh-262k:context-0/factconsolidation_mh_262k_no42,6,6,1.0,0.75,3.7500000614672895,"[""finish""]",False,True,4,0.75,[2],1,0.25,"[3,4]","[2,3,4]","[1,2,3,4]",1.0,"[1,2,3]","[1,2,3,4]",1.0,Run 2::agentmemorybench:fact-mh-262k:context-0/factconsolidation_mh_262k_no42,True,True,1.6250000298023224,2.125000031664967,0.25,0.5,0.5,-0.25,0.75,0.25,False,True,True,False,0.9770226314698788,1.0,0.0,1.0,0.0
Run 2,agentmemorybench:fact-mh-262k:context-0/factconsolidation_mh_262k_no43,5,5,1.0,1.0,5.999999950872734,"[""finish""]",True,False,2,1.0,[],0,0.0,[2],[2],"[1,2]",1.0,"[1,2]","[1,2]",1.0,Run 2::agentmemorybench:fact-mh-262k:context-0/factconsolidation_mh_262k_no43,True,True,3.5000000689178705,2.4999998819548637,0.5,0.5,0.5,-0.5,1.0,0.0,True,False,True,False,0.9975273767221924,1.0,1.0,1.0,0.0
Run 2,agentmemorybench:fact-mh-262k:context-0/factconsolidation_mh_262k_no44,7,7,1.0,1.0,7.562499957566615,"[""finish""]",False,False,2,1.0,[],0,0.0,[1],[1],"[1,2]",1.0,"[1,2]","[1,2]",1.0,Run 2::agentmemorybench:fact-mh-262k:context-0/factconsolidation_mh_262k_no44,True,True,1.875000074505806,5.687499883060809,0.5,0.5,0.0,0.0,1.0,0.0,True,False,True,False,0.9994806951134806,1.0,1.0,1.0,0.0
Run 2,agentmemorybench:fact-mh-262k:context-0/factconsolidation_mh_262k_no45,5,5,1.0,1.0,6.374999844352715,"[""finish""]",True,False,2,1.0,[],0,0.0,[2],[2],"[1,2]",1.0,"[1,2]","[1,2]",1.0,Run 2::agentmemorybench:fact-mh-262k:context-0/factconsolidation_mh_262k_no45,True,True,3.187499964609742,3.187499879742973,0.5,0.5,0.5,-0.5,1.0,0.0,True,False,True,False,0.9982992773243021,1.0,1.0,1.0,0.0
Run 2,agentmemorybench:fact-mh-262k:context-0/factconsolidation_mh_262k_no46,4,4,1.0,0.0,11.125000000125056,"[""finish""]",False,False,2,0.0,[],0,0.0,[],[],[],0.0,[],[],0.0,Run 2::agentmemorybench:fact-mh-262k:context-0/factconsolidation_mh_262k_no46,True,True,3.187500087544322,7.937499912580733,0.0,0.0,0.0,0.0,0.0,0.0,False,False,True,False,0.9999852610180274,1.0,0.0,1.0,0.0
Run 2,agentmemorybench:fact-mh-262k:context-0/factconsolidation_mh_262k_no47,10,10,1.0,0.25,4.250000024680048,"[""finish""]",False,True,4,0.25,[],0,0.0,[],[],[1],0.25,[],[1],0.25,Run 2::agentmemorybench:fact-mh-262k:context-0/factconsolidation_mh_262k_no47,True,True,3.375,0.8750000246800482,0.25,0.0,0.0,0.0,0.25,0.0,False,False,True,False,0.9859363732989641,1.0,0.0,1.0,0.0
Run 2,agentmemorybench:fact-mh-262k:context-0/factconsolidation_mh_262k_no48,8,8,1.0,1.0,5.624999894876964,"[""finish""]",True,False,4,1.0,[],0,0.0,"[2,3]","[2,3]","[1,2,3,4]",1.0,"[1,2,3]","[1,2,3,4]",1.0,Run 2::agentmemorybench:fact-mh-262k:context-0/factconsolidation_mh_262k_no48,True,True,3.0625000204890966,2.5624998743878677,0.5,0.5,0.0,0.0,1.0,0.0,True,False,True,False,0.9964063970421672,1.0,1.0,1.0,0.0
Run 2,agentmemorybench:fact-mh-262k:context-0/factconsolidation_mh_262k_no49,4,4,1.0,1.0,6.4999999204301275,"[""finish""]",True,False,2,1.0,[],0,0.0,"[1,2]","[1,2]","[1,2]",1.0,"[1,2]","[1,2]",1.0,Run 2::agentmemorybench:fact-mh-262k:context-0/factconsolidation_mh_262k_no49,True,True,1.8124999701976776,4.68749995023245,0.0,1.0,1.0,-1.0,1.0,0.0,True,False,True,False,0.9984988176239934,1.0,1.0,1.0,0.0
Run 2,agentmemorybench:fact-mh-262k:context-0/factconsolidation_mh_262k_no5,5,5,1.0,1.0,5.187499864725396,"[""finish""]",False,False,4,1.0,[],0,0.0,"[2,3,4]","[2,3,4]","[1,2,3,4]",1.0,"[1,2]","[1,2,3,4]",1.0,Run 2::agentmemorybench:fact-mh-262k:context-0/factconsolidation_mh_262k_no5,True,True,0.9375000149011612,4.249999849824235,0.25,0.75,0.25,-0.25,0.5,0.5,True,False,True,False,0.9944450745490427,1.0,1.0,1.0,0.0
Run 2,agentmemorybench:fact-mh-262k:context-0/factconsolidation_mh_262k_no50,4,4,1.0,0.5,8.312500328560418,"[""finish""]",False,False,2,0.5,[],0,0.0,[1],[1],[1],0.5,[1],[1],0.5,Run 2::agentmemorybench:fact-mh-262k:context-0/factconsolidation_mh_262k_no50,True,True,2.874999962747097,5.437500365813321,0.0,0.5,0.5,-0.5,0.5,0.0,False,False,True,False,0.9997546306000563,1.0,0.0,1.0,0.0
Run 2,agentmemorybench:fact-mh-262k:context-0/factconsolidation_mh_262k_no51,6,6,1.0,1.0,6.749999973573722,"[""finish""]",True,False,2,1.0,[],0,0.0,[2],[2],"[1,2]",1.0,[2],"[1,2]",1.0,Run 2::agentmemorybench:fact-mh-262k:context-0/factconsolidation_mh_262k_no51,True,True,3.187499912455678,3.562500061118044,0.5,0.5,0.5,-0.5,1.0,0.0,True,False,True,False,0.9988304897040748,1.0,1.0,1.0,0.0
Run 2,agentmemorybench:fact-mh-262k:context-0/factconsolidation_mh_262k_no52,7,7,1.0,1.0,5.187499928288162,"[""finish""]",True,False,4,1.0,[],0,0.0,[4],[4],"[1,2,3,4]",1.0,"[1,2,3,4]","[1,2,3,4]",1.0,Run 2::agentmemorybench:fact-mh-262k:context-0/factconsolidation_mh_262k_no52,True,True,2.8749999571591616,2.312499971129,0.75,0.25,0.25,-0.25,1.0,0.0,True,False,True,False,0.9944450749001679,1.0,1.0,1.0,0.0
Run 2,agentmemorybench:fact-mh-262k:context-0/factconsolidation_mh_262k_no53,6,6,1.0,0.3333333333333333,5.624999825959094,"[""finish""]",False,True,3,0.3333333333333333,[],0,0.0,[],[],[2],0.3333333333333333,[1],"[1,2]",0.6666666666666666,Run 2::agentmemorybench:fact-mh-262k:context-0/factconsolidation_mh_262k_no53,True,True,2.6249999552965164,2.9999998706625775,0.3333333333333333,0.0,0.0,0.0,0.6666666666666666,0.0,False,False,True,False,0.9964063967953936,1.0,0.0,1.0,0.0
Run 2,agentmemorybench:fact-mh-262k:context-0/factconsolidation_mh_262k_no54,6,6,1.0,1.0,6.312499935447704,"[""finish""]",True,False,3,1.0,[],0,0.0,"[1,3]","[1,3]","[1,2,3]",1.0,"[1,3]","[1,2,3]",1.0,Run 2::agentmemorybench:fact-mh-262k:context-0/factconsolidation_mh_262k_no54,True,True,2.875000063329935,3.437499872117769,0.6666666666666666,0.3333333333333333,0.3333333333333333,-0.3333333333333333,1.0,0.0,True,False,True,False,0.9981897888571556,1.0,1.0,1.0,0.0
Run 2,agentmemorybench:fact-mh-262k:context-0/factconsolidation_mh_262k_no55,8,8,1.0,1.0,3.500000001862645,"[""finish""]",True,False,4,1.0,[],0,0.0,[],[],"[1,2,3,4]",1.0,"[1,2,4]","[1,2,3,4]",1.0,Run 2::agentmemorybench:fact-mh-262k:context-0/factconsolidation_mh_262k_no55,True,True,3.437500008381903,0.0624999934807419,1.0,0.0,0.0,0.0,1.0,0.0,True,False,True,False,0.9706877693016415,1.0,1.0,1.0,0.0
Run 2,agentmemorybench:fact-mh-262k:context-0/factconsolidation_mh_262k_no56,3,3,1.0,1.0,5.93750011571683,"[""finish""]",False,True,2,1.0,[],0,0.0,"[1,2]","[1,2]","[1,2]",1.0,"[1,2]","[1,2]",1.0,Run 2::agentmemorybench:fact-mh-262k:context-0/factconsolidation_mh_262k_no56,True,True,2.750000039115548,3.1875000766012818,0.0,1.0,1.0,-1.0,1.0,0.0,True,False,True,False,0.997368326328843,1.0,1.0,1.0,0.0
Run 2,agentmemorybench:fact-mh-262k:context-0/factconsolidation_mh_262k_no57,14,14,1.0,1.0,-0.5625000149011612,"[""finish""]",False,True,3,1.0,[],0,0.0,[],[],"[1,2,3]",1.0,"[1,2,3]","[1,2,3]",1.0,Run 2::agentmemorybench:fact-mh-262k:context-0/factconsolidation_mh_262k_no57,False,True,2.625000024214387,-3.187500039115548,1.0,0.0,0.0,0.0,1.0,0.0,True,False,True,True,0.36296920207413214,1.0,1.0,1.0,0.0
Run 2,agentmemorybench:fact-mh-262k:context-0/factconsolidation_mh_262k_no58,3,3,1.0,0.5,4.812499925261363,"[""finish""]",False,False,2,0.5,[],0,0.0,[1],[1],[1],0.5,[1],[1],0.5,Run 2::agentmemorybench:fact-mh-262k:context-0/factconsolidation_mh_262k_no58,True,True,-2.3750000074505806,7.187499932711944,0.0,0.5,0.5,-0.5,0.5,0.0,False,False,False,False,0.9919380078740438,1.0,0.0,1.0,0.0
Run 2,agentmemorybench:fact-mh-262k:context-0/factconsolidation_mh_262k_no59,5,5,1.0,0.5,8.312500269326847,"[""finish""]",False,False,2,0.5,[],0,0.0,[],[],[1],0.5,[1],[1],0.5,Run 2::agentmemorybench:fact-mh-262k:context-0/factconsolidation_mh_262k_no59,True,True,2.8750000335276127,5.437500235799234,0.5,0.0,0.0,0.0,0.5,0.0,False,False,True,False,0.9997546305855257,1.0,0.0,1.0,0.0
Run 2,agentmemorybench:fact-mh-262k:context-0/factconsolidation_mh_262k_no6,3,3,1.0,1.0,8.625000314728823,"[""finish""]",False,False,2,1.0,[],0,0.0,"[1,2]","[1,2]","[1,2]",1.0,"[1,2]","[1,2]",1.0,Run 2::agentmemorybench:fact-mh-262k:context-0/factconsolidation_mh_262k_no6,True,True,2.812500076368451,5.812500238360371,0.0,1.0,1.0,-1.0,1.0,0.0,True,False,True,False,0.9998204720871458,1.0,1.0,1.0,0.0
Run 2,agentmemorybench:fact-mh-262k:context-0/factconsolidation_mh_262k_no60,5,5,1.0,1.0,5.625000179745257,"[""finish""]",True,False,2,1.0,[],0,0.0,[2],[2],"[1,2]",1.0,"[1,2]","[1,2]",1.0,Run 2::agentmemorybench:fact-mh-262k:context-0/factconsolidation_mh_262k_no60,True,True,2.5624999552965164,3.0625002244487405,0.5,0.5,0.5,-0.5,1.0,0.0,True,False,True,False,0.9964063980621916,1.0,1.0,1.0,0.0
Run 2,agentmemorybench:fact-mh-262k:context-0/factconsolidation_mh_262k_no61,4,4,1.0,1.0,8.687499895429937,"[""finish""]",True,False,2,1.0,[],0,0.0,"[1,2]","[1,2]","[1,2]",1.0,"[1,2]","[1,2]",1.0,Run 2::agentmemorybench:fact-mh-262k:context-0/factconsolidation_mh_262k_no61,True,True,1.625,7.062499895429937,0.0,1.0,1.0,-1.0,1.0,0.0,True,False,True,False,0.9998313472283777,1.0,1.0,1.0,0.0
Run 2,agentmemorybench:fact-mh-262k:context-0/factconsolidation_mh_262k_no62,5,5,1.0,1.0,6.1874998031998985,"[""finish""]",True,False,2,1.0,[],0,0.0,[2],[2],"[1,2]",1.0,"[1,2]","[1,2]",1.0,Run 2::agentmemorybench:fact-mh-262k:context-0/factconsolidation_mh_262k_no62,True,True,3.4375000027939677,2.7499998004059307,0.5,0.5,0.5,-0.5,1.0,0.0,True,False,True,False,0.9979492560573238,1.0,1.0,1.0,0.0
Run 2,agentmemorybench:fact-mh-262k:context-0/factconsolidation_mh_262k_no63,9,9,1.0,0.75,4.4999999506399035,"[""finish""]",False,True,4,0.75,[],0,0.0,"[2,3]","[2,3]","[1,2,3]",0.75,"[1,2,3]","[1,2,3]",0.75,Run 2::agentmemorybench:fact-mh-262k:context-0/factconsolidation_mh_262k_no63,True,True,0.5625,3.937499950639903,0.75,0.0,0.0,0.0,0.75,0.0,False,False,True,False,0.9890130568330487,1.0,0.0,1.0,0.0
Run 2,agentmemorybench:fact-mh-262k:context-0/factconsolidation_mh_262k_no64,3,3,1.0,0.5,7.750000036714482,"[""finish""]",False,False,2,0.5,[],0,0.0,[1],[1],[1],0.5,[1],[1],0.5,Run 2::agentmemorybench:fact-mh-262k:context-0/factconsolidation_mh_262k_no64,True,True,2.937500052154064,4.812499984560418,0.0,0.5,0.5,-0.5,0.5,0.0,False,False,True,False,0.9995694429344762,1.0,0.0,1.0,0.0
Run 2,agentmemorybench:fact-mh-262k:context-0/factconsolidation_mh_262k_no65,3,3,1.0,0.5,7.687499809675501,"[""finish""]",False,False,2,0.5,[],0,0.0,[1],[1],[1],0.5,[1],[1],0.5,Run 2::agentmemorybench:fact-mh-262k:context-0/factconsolidation_mh_262k_no65,True,True,0.4375,7.249999809675501,0.0,0.5,0.5,-0.5,0.5,0.0,False,False,True,False,0.9995416870121767,1.0,0.0,1.0,0.0
Run 2,agentmemorybench:fact-mh-262k:context-0/factconsolidation_mh_262k_no66,5,5,1.0,1.0,8.499999902618583,"[""finish""]",True,False,2,1.0,[],0,0.0,[2],[2],"[1,2]",1.0,"[1,2]","[1,2]",1.0,Run 2::agentmemorybench:fact-mh-262k:context-0/factconsolidation_mh_262k_no66,True,True,3.9374999860301614,4.562499916588422,0.5,0.5,0.5,-0.5,1.0,0.0,True,False,True,False,0.9997965730021388,1.0,1.0,1.0,0.0
Run 2,agentmemorybench:fact-mh-262k:context-0/factconsolidation_mh_262k_no67,5,5,1.0,1.0,8.249999796040356,"[""finish""]",False,False,2,1.0,[],0,0.0,[2],[2],"[1,2]",1.0,"[1,2]","[1,2]",1.0,Run 2::agentmemorybench:fact-mh-262k:context-0/factconsolidation_mh_262k_no67,True,True,2.812500026077032,5.437499769963324,0.5,0.5,0.5,-0.5,1.0,0.0,True,False,True,False,0.9997388096276458,1.0,1.0,1.0,0.0
Run 2,agentmemorybench:fact-mh-262k:context-0/factconsolidation_mh_262k_no68,5,5,1.0,1.0,6.750000090687536,"[""finish""]",True,False,2,1.0,[],0,0.0,[2],[2],"[1,2]",1.0,"[1,2]","[1,2]",1.0,Run 2::agentmemorybench:fact-mh-262k:context-0/factconsolidation_mh_262k_no68,True,True,3.187500013038516,3.5625000776490197,0.5,0.5,0.5,-0.5,1.0,0.0,True,False,True,False,0.9988304898408804,1.0,1.0,1.0,0.0
Run 2,agentmemorybench:fact-mh-262k:context-0/factconsolidation_mh_262k_no69,11,11,1.0,1.0,5.312499933876097,"[""finish""]",True,False,4,1.0,[],0,0.0,[],[],"[1,2,3,4]",1.0,"[1,2,3,4]","[1,2,3,4]",1.0,Run 2::agentmemorybench:fact-mh-262k:context-0/factconsolidation_mh_262k_no69,True,True,5.8124999849824235,-0.5000000511063263,1.0,0.0,0.0,0.0,1.0,0.0,True,False,True,False,0.9950945939715046,1.0,1.0,1.0,0.0
Run 2,agentmemorybench:fact-mh-262k:context-0/factconsolidation_mh_262k_no7,22,22,1.0,0.75,-4.437500162981451,"[""finish""]",False,False,4,0.75,[],0,0.0,[],[],"[1,2,3]",0.75,[1],"[1,2,3]",0.75,Run 2::agentmemorybench:fact-mh-262k:context-0/factconsolidation_mh_262k_no7,False,True,-4.312500071246177,-0.1250000917352736,0.75,0.0,0.0,0.0,0.75,0.0,False,False,False,False,0.011687256113150286,1.0,0.0,1.0,0.0
Run 2,agentmemorybench:fact-mh-262k:context-0/factconsolidation_mh_262k_no70,5,5,1.0,1.0,7.250000075640855,"[""finish""]",True,False,3,1.0,[],0,0.0,"[1,2,3]","[1,2,3]","[1,2,3]",1.0,"[1,2,3]","[1,2,3]",1.0,Run 2::agentmemorybench:fact-mh-262k:context-0/factconsolidation_mh_262k_no70,True,True,1.2500000596046448,6.000000016036211,0.0,1.0,0.6666666666666666,-0.6666666666666666,1.0,0.0,True,False,True,False,0.9992903296545415,1.0,1.0,1.0,0.0
Run 2,agentmemorybench:fact-mh-262k:context-0/factconsolidation_mh_262k_no71,3,3,1.0,1.0,7.499999856139766,"[""finish""]",True,True,2,1.0,[],0,0.0,"[1,2]","[1,2]","[1,2]",1.0,"[1,2]","[1,2]",1.0,Run 2::agentmemorybench:fact-mh-262k:context-0/factconsolidation_mh_262k_no71,True,True,1.8125000298023224,5.687499826337444,0.0,1.0,1.0,-1.0,1.0,0.0,True,False,True,False,0.9994472212835976,1.0,1.0,1.0,0.0
Run 2,agentmemorybench:fact-mh-262k:context-0/factconsolidation_mh_262k_no72,10,10,1.0,0.25,5.312500127824023,"[""finish""]",False,True,4,0.25,[],0,0.0,[],[],[2],0.25,"[1,2]","[1,2]",0.5,Run 2::agentmemorybench:fact-mh-262k:context-0/factconsolidation_mh_262k_no72,True,True,2.4999999664723873,2.812500161351636,0.25,0.0,0.0,0.0,0.5,0.0,False,False,True,False,0.9950945949182308,1.0,0.0,1.0,0.0
Run 2,agentmemorybench:fact-mh-262k:context-0/factconsolidation_mh_262k_no73,5,5,1.0,1.0,6.812499896215741,"[""finish""]",True,False,2,1.0,[],0,0.0,[2],"[1,2]","[1,2]",1.0,"[1,2]","[1,2]",1.0,Run 2::agentmemorybench:fact-mh-262k:context-0/factconsolidation_mh_262k_no73,True,True,3.937500027008354,2.874999869207386,0.5,0.5,0.5,-0.5,1.0,0.0,True,False,True,False,0.9989012688131695,1.0,1.0,1.0,0.0
Run 2,agentmemorybench:fact-mh-262k:context-0/factconsolidation_mh_262k_no74,5,5,1.0,0.5,8.249999857027433,"[""finish""]",False,False,2,0.5,[],0,0.0,[],[],[1],0.5,[1],[1],0.5,Run 2::agentmemorybench:fact-mh-262k:context-0/factconsolidation_mh_262k_no74,True,True,3.312499960884452,4.937499896142981,0.5,0.0,0.0,0.0,0.5,0.0,False,False,True,False,0.999738809643571,1.0,0.0,1.0,0.0
Run 2,agentmemorybench:fact-mh-262k:context-0/factconsolidation_mh_262k_no75,6,6,1.0,1.0,7.62500000410364,"[""finish""]",False,True,4,1.0,[],0,0.0,[4],[4],"[1,2,3,4]",1.0,"[1,2,4]","[1,2,3,4]",1.0,Run 2::agentmemorybench:fact-mh-262k:context-0/factconsolidation_mh_262k_no75,True,True,1.7500000521540642,5.874999951949576,0.75,0.25,0.25,-0.25,1.0,0.0,True,False,True,False,0.9995121428792187,1.0,1.0,1.0,0.0
Run 2,agentmemorybench:fact-mh-262k:context-0/factconsolidation_mh_262k_no76,4,4,1.0,0.0,6.624999990337528,"[""finish""]",False,True,2,0.0,[],0,0.0,[],[],[],0.0,[2],[2],0.5,Run 2::agentmemorybench:fact-mh-262k:context-0/factconsolidation_mh_262k_no76,True,True,1.6249999850988388,5.0000000052386895,0.0,0.0,0.0,0.0,0.5,0.0,False,False,True,False,0.9986749775700008,1.0,0.0,1.0,0.0
Run 2,agentmemorybench:fact-mh-262k:context-0/factconsolidation_mh_262k_no77,9,9,1.0,0.5,5.687500008265488,"[""finish""]",False,True,4,0.5,[],0,0.0,[],[],"[1,2]",0.5,"[1,2,3]","[1,2,3]",0.75,Run 2::agentmemorybench:fact-mh-262k:context-0/factconsolidation_mh_262k_no77,True,True,4.187500014901161,1.4999999933643269,0.5,0.0,0.0,0.0,0.75,0.0,False,False,True,False,0.9966233876460756,1.0,0.0,1.0,0.0
Run 2,agentmemorybench:fact-mh-262k:context-0/factconsolidation_mh_262k_no78,5,5,1.0,0.5,8.56250001880835,"[""finish""]",False,False,2,0.5,[],0,0.0,[],[],[1],0.5,[1],[1],0.5,Run 2::agentmemorybench:fact-mh-262k:context-0/factconsolidation_mh_262k_no78,True,True,3.562499995343387,5.000000023464963,0.5,0.0,0.0,0.0,0.5,0.0,False,False,True,False,0.9998088956877158,1.0,0.0,1.0,0.0
Run 2,agentmemorybench:fact-mh-262k:context-0/factconsolidation_mh_262k_no79,4,4,1.0,1.0,7.499999796040356,"[""finish""]",True,True,2,1.0,[],0,0.0,"[1,2]","[1,2]","[1,2]",1.0,[1],"[1,2]",1.0,Run 2::agentmemorybench:fact-mh-262k:context-0/factconsolidation_mh_262k_no79,True,True,3.12500006519258,4.374999730847776,0.0,1.0,0.5,-0.5,0.5,0.5,True,False,True,False,0.9994472212503942,1.0,1.0,1.0,0.0
Run 2,agentmemorybench:fact-mh-262k:context-0/factconsolidation_mh_262k_no8,11,11,1.0,0.5,-2.374999962747097,"[""finish""]",False,True,2,0.5,[],0,0.0,[],[],[1],0.5,[1],[1],0.5,Run 2::agentmemorybench:fact-mh-262k:context-0/factconsolidation_mh_262k_no8,False,True,-3.499999977648258,1.1250000149011612,0.5,0.0,0.0,0.0,0.5,0.0,False,False,False,False,0.08509904790742691,1.0,0.0,1.0,0.0
Run 2,agentmemorybench:fact-mh-262k:context-0/factconsolidation_mh_262k_no80,9,9,1.0,0.5,2.0624999925494194,"[""finish""]",False,False,2,0.5,[],0,0.0,[],[],[1],0.5,[1],[1],0.5,Run 2::agentmemorybench:fact-mh-262k:context-0/factconsolidation_mh_262k_no80,True,True,2.3749999925494194,-0.3125,0.5,0.0,0.0,0.0,0.5,0.0,False,False,True,False,0.8872045929715078,1.0,0.0,1.0,0.0
Run 2,agentmemorybench:fact-mh-262k:context-0/factconsolidation_mh_262k_no81,5,5,1.0,0.5,5.812500036554411,"[""finish""]",False,False,2,0.5,[],0,0.0,[],[],[1],0.5,[1],[1],0.5,Run 2::agentmemorybench:fact-mh-262k:context-0/factconsolidation_mh_262k_no81,True,True,2.6249999701976776,3.1875000663567334,0.5,0.0,0.0,0.0,0.5,0.0,False,False,True,False,0.9970189673787903,1.0,0.0,1.0,0.0
Run 2,agentmemorybench:fact-mh-262k:context-0/factconsolidation_mh_262k_no82,6,6,1.0,1.0,6.625000015250407,"[""finish""]",False,True,3,1.0,[],0,0.0,[3],[3],"[1,2,3]",1.0,"[1,2,3]","[1,2,3]",1.0,Run 2::agentmemorybench:fact-mh-262k:context-0/factconsolidation_mh_262k_no82,True,True,4.000000206753612,2.6249998084967956,0.6666666666666666,0.3333333333333333,0.3333333333333333,-0.3333333333333333,1.0,0.0,True,False,True,False,0.9986749776029672,1.0,1.0,1.0,0.0
Run 2,agentmemorybench:fact-mh-262k:context-0/factconsolidation_mh_262k_no83,3,3,1.0,0.5,8.37499990822107,"[""finish""]",False,False,2,0.5,[],0,0.0,[1],[1],[1],0.5,[1],[1],0.5,Run 2::agentmemorybench:fact-mh-262k:context-0/factconsolidation_mh_262k_no83,True,True,0.3125,8.06249990822107,0.0,0.5,0.5,-0.5,0.5,0.0,False,False,True,False,0.9997694932568559,1.0,0.0,1.0,0.0
Run 2,agentmemorybench:fact-mh-262k:context-0/factconsolidation_mh_262k_no84,9,9,1.0,0.5,6.750000091269612,"[""finish""]",False,True,4,0.5,[],0,0.0,[],[],"[1,2]",0.5,"[1,2]","[1,2]",0.5,Run 2::agentmemorybench:fact-mh-262k:context-0/factconsolidation_mh_262k_no84,True,True,2.1250000186264515,4.625000072643161,0.5,0.0,0.0,0.0,0.5,0.0,False,False,True,False,0.9988304898415605,1.0,0.0,1.0,0.0
Run 2,agentmemorybench:fact-mh-262k:context-0/factconsolidation_mh_262k_no85,4,4,1.0,1.0,6.125000075320713,"[""finish""]",False,True,2,1.0,[],0,0.0,"[1,2]","[1,2]","[1,2]",1.0,[1],"[1,2]",1.0,Run 2::agentmemorybench:fact-mh-262k:context-0/factconsolidation_mh_262k_no85,True,True,1.1249999850988388,5.000000090221874,0.0,1.0,0.5,-0.5,0.5,0.5,True,False,True,False,0.9978172837186998,1.0,1.0,1.0,0.0
Run 2,agentmemorybench:fact-mh-262k:context-0/factconsolidation_mh_262k_no86,3,3,1.0,1.0,9.062499887873855,"[""finish""]",True,False,2,1.0,[],0,0.0,"[1,2]","[1,2]","[1,2]",1.0,"[1,2]","[1,2]",1.0,Run 2::agentmemorybench:fact-mh-262k:context-0/factconsolidation_mh_262k_no86,True,True,2.8124999683350325,6.249999919538823,0.0,1.0,1.0,-1.0,1.0,0.0,True,False,True,False,0.9998840806438176,1.0,1.0,1.0,0.0
Run 2,agentmemorybench:fact-mh-262k:context-0/factconsolidation_mh_262k_no87,5,5,1.0,1.0,10.124999881649272,"[""finish""]",True,False,3,1.0,[],0,0.0,"[1,2,3]","[1,2,3]","[1,2,3]",1.0,"[1,2,3]","[1,2,3]",1.0,Run 2::agentmemorybench:fact-mh-262k:context-0/factconsolidation_mh_262k_no87,True,True,1.125,8.999999881649273,0.0,1.0,0.6666666666666666,-0.6666666666666666,1.0,0.0,True,False,True,False,0.9999599363030295,1.0,1.0,1.0,0.0
Run 2,agentmemorybench:fact-mh-262k:context-0/factconsolidation_mh_262k_no88,4,4,1.0,1.0,6.749999911815394,"[""finish""]",False,True,2,1.0,[],0,0.0,"[1,2]","[1,2]","[1,2]",1.0,"[1,2]","[1,2]",1.0,Run 2::agentmemorybench:fact-mh-262k:context-0/factconsolidation_mh_262k_no88,True,True,0.375,6.374999911815394,0.0,1.0,0.5,-0.5,1.0,0.0,True,False,True,False,0.9988304896319322,1.0,1.0,1.0,0.0
Run 2,agentmemorybench:fact-mh-262k:context-0/factconsolidation_mh_262k_no89,7,7,1.0,1.0,5.8749998902203515,"[""finish""]",True,False,2,1.0,[],0,0.0,[2],[2],"[1,2]",1.0,"[1,2]","[1,2]",1.0,Run 2::agentmemorybench:fact-mh-262k:context-0/factconsolidation_mh_262k_no89,True,True,3.4375000167638063,2.437499873456545,0.5,0.5,0.5,-0.5,1.0,0.0,True,False,True,False,0.9971990727262554,1.0,1.0,1.0,0.0
Run 2,agentmemorybench:fact-mh-262k:context-0/factconsolidation_mh_262k_no9,7,7,1.0,1.0,5.687500069150701,"[""finish""]",False,True,3,1.0,[],0,0.0,[3],[3],"[1,2,3]",1.0,"[1,2,3]","[1,2,3]",1.0,Run 2::agentmemorybench:fact-mh-262k:context-0/factconsolidation_mh_262k_no9,True,True,3.375000111758709,2.312499957391992,0.6666666666666666,0.3333333333333333,0.3333333333333333,-0.3333333333333333,1.0,0.0,True,False,True,False,0.9966233878509673,1.0,1.0,1.0,0.0
Run 2,agentmemorybench:fact-mh-262k:context-0/factconsolidation_mh_262k_no90,4,4,1.0,1.0,8.249999736450263,"[""finish""]",True,False,2,1.0,[],0,0.0,"[1,2]","[1,2]","[1,2]",1.0,"[1,2]","[1,2]",1.0,Run 2::agentmemorybench:fact-mh-262k:context-0/factconsolidation_mh_262k_no90,True,True,1.0624999552965164,7.187499781153747,0.0,1.0,0.5,-0.5,1.0,0.0,True,False,True,False,0.9997388096120856,1.0,1.0,1.0,0.0
Run 2,agentmemorybench:fact-mh-262k:context-0/factconsolidation_mh_262k_no91,17,17,1.0,1.0,1.4999999925494194,"[""finish""]",False,True,3,1.0,[],0,0.0,[],[],"[1,2,3]",1.0,"[1,3]","[1,2,3]",1.0,Run 2::agentmemorybench:fact-mh-262k:context-0/factconsolidation_mh_262k_no91,True,True,2.3124999962747097,-0.8125000037252903,1.0,0.0,0.0,0.0,1.0,0.0,True,False,True,False,0.8175744750824159,1.0,1.0,1.0,0.0
Run 2,agentmemorybench:fact-mh-262k:context-0/factconsolidation_mh_262k_no92,9,9,1.0,0.0,2.9375000186264515,"[""finish""]",False,False,3,0.0,[],0,0.0,[],[],[],0.0,[],[],0.0,Run 2::agentmemorybench:fact-mh-262k:context-0/factconsolidation_mh_262k_no92,True,True,5.874999956227839,-2.9374999376013875,0.0,0.0,0.0,0.0,0.0,0.0,False,False,True,False,0.9496693682928201,1.0,0.0,1.0,0.0
Run 2,agentmemorybench:fact-mh-262k:context-0/factconsolidation_mh_262k_no93,4,4,1.0,0.0,6.874999941559508,"[""finish""]",False,False,4,0.0,[],0,0.0,[],[],[],0.0,[],[],0.0,Run 2::agentmemorybench:fact-mh-262k:context-0/factconsolidation_mh_262k_no93,True,True,1.25,5.624999941559508,0.0,0.0,0.0,0.0,0.0,0.0,False,False,True,False,0.9989677689029832,1.0,0.0,1.0,0.0
Run 2,agentmemorybench:fact-mh-262k:context-0/factconsolidation_mh_262k_no94,4,4,1.0,1.0,7.24999984409078,"[""finish""]",True,False,2,1.0,[],0,0.0,"[1,2]","[1,2]","[1,2]",1.0,"[1,2]","[1,2]",1.0,Run 2::agentmemorybench:fact-mh-262k:context-0/factconsolidation_mh_262k_no94,True,True,1.2500000149011612,5.999999829189619,0.0,1.0,0.5,-0.5,1.0,0.0,True,False,True,False,0.9992903294903338,1.0,1.0,1.0,0.0
Run 2,agentmemorybench:fact-mh-262k:context-0/factconsolidation_mh_262k_no95,13,13,1.0,1.0,0.6250000149011612,"[""finish""]",True,False,2,1.0,[],0,0.0,[],[],"[1,2]",1.0,[2],"[1,2]",1.0,Run 2::agentmemorybench:fact-mh-262k:context-0/factconsolidation_mh_262k_no95,True,True,0.5624999850988388,0.0625000298023223,1.0,0.0,0.0,0.0,1.0,0.0,True,False,True,False,0.6513548680499843,1.0,1.0,1.0,0.0
Run 2,agentmemorybench:fact-mh-262k:context-0/factconsolidation_mh_262k_no96,8,8,1.0,0.3333333333333333,3.3125000707805157,"[""finish""]",False,True,3,0.3333333333333333,[],0,0.0,[],[],[1],0.3333333333333333,[1],[1],0.3333333333333333,Run 2::agentmemorybench:fact-mh-262k:context-0/factconsolidation_mh_262k_no96,True,True,2.1249999552965164,1.1875001154839993,0.3333333333333333,0.0,0.0,0.0,0.3333333333333333,0.0,False,False,True,False,0.9648551559993518,1.0,0.0,1.0,0.0
Run 2,agentmemorybench:fact-mh-262k:context-0/factconsolidation_mh_262k_no97,5,5,1.0,1.0,7.999999879597453,"[""finish""]",True,False,2,1.0,[],0,0.0,[2],[2],"[1,2]",1.0,"[1,2]","[1,2]",1.0,Run 2::agentmemorybench:fact-mh-262k:context-0/factconsolidation_mh_262k_no97,True,True,2.4999999925494194,5.499999887048034,0.5,0.5,0.5,-0.5,1.0,0.0,True,False,True,False,0.9996646498291701,1.0,1.0,1.0,0.0
Run 2,agentmemorybench:fact-mh-262k:context-0/factconsolidation_mh_262k_no98,19,19,1.0,1.0,-3.6250000139698386,"[""finish""]",False,True,3,1.0,[],0,0.0,[],[],"[1,2,3]",1.0,"[1,2]","[1,2,3]",1.0,Run 2::agentmemorybench:fact-mh-262k:context-0/factconsolidation_mh_262k_no98,False,True,-3.4375000903382897,-0.1874999236315488,1.0,0.0,0.0,0.0,1.0,0.0,True,False,False,False,0.02595735684458942,1.0,1.0,1.0,0.0
Run 2,agentmemorybench:fact-mh-262k:context-0/factconsolidation_mh_262k_no99,14,14,1.0,0.6666666666666666,-4.43750006519258,"[""finish""]",False,True,3,0.6666666666666666,[],0,0.0,[],[],"[1,2]",0.6666666666666666,"[1,2]","[1,2]",0.6666666666666666,Run 2::agentmemorybench:fact-mh-262k:context-0/factconsolidation_mh_262k_no99,False,True,-5.187499785562977,0.749999720370397,0.6666666666666666,0.0,0.0,0.0,0.6666666666666666,0.0,False,False,False,False,0.011687257242676738,1.0,0.0,1.0,0.0
Run 3,agentmemorybench:fact-mh-262k:context-0/factconsolidation_mh_262k_no0,6,6,1.0,1.0,5.499999931780621,"[""finish""]",True,False,3,1.0,[],0,0.0,[],[],"[1,2,3]",1.0,[1],"[1,2,3]",1.0,Run 3::agentmemorybench:fact-mh-262k:context-0/factconsolidation_mh_262k_no0,True,True,3.625000027008354,1.8749999047722667,1.0,0.0,0.0,0.0,1.0,0.0,True,False,True,False,0.9959298620075718,1.0,1.0,0.0,1.0
Run 3,agentmemorybench:fact-mh-262k:context-0/factconsolidation_mh_262k_no1,4,4,1.0,1.0,6.937500178115442,"[""finish""]",True,False,2,1.0,[],0,0.0,"[1,2]","[1,2]","[1,2]",1.0,"[1,2]","[1,2]",1.0,Run 3::agentmemorybench:fact-mh-262k:context-0/factconsolidation_mh_262k_no1,True,True,2.749999947845936,4.187500230269507,0.0,1.0,1.0,-1.0,1.0,0.0,True,False,True,False,0.9990302482047777,1.0,1.0,0.0,1.0
Run 3,agentmemorybench:fact-mh-262k:context-0/factconsolidation_mh_262k_no10,4,4,1.0,0.75,3.875000001862645,"[""finish""]",False,True,4,0.75,[],0,0.0,"[1,2,3]","[1,2,3]","[1,2,3]",0.75,"[1,2,3]","[1,2,3]",0.75,Run 3::agentmemorybench:fact-mh-262k:context-0/factconsolidation_mh_262k_no10,True,True,1.624999962747097,2.250000039115548,0.0,0.75,0.5,-0.5,0.75,0.0,False,False,True,False,0.9796676466944431,1.0,0.0,0.0,1.0
Run 3,agentmemorybench:fact-mh-262k:context-0/factconsolidation_mh_262k_no11,14,14,1.0,0.3333333333333333,-1.937500096857548,"[""finish""]",False,True,3,0.3333333333333333,[],0,0.0,[],[],[2],0.3333333333333333,"[1,2]","[1,2]",0.6666666666666666,Run 3::agentmemorybench:fact-mh-262k:context-0/factconsolidation_mh_262k_no11,False,True,0.125,-2.062500096857548,0.3333333333333333,0.0,0.0,0.0,0.6666666666666666,0.0,False,False,True,True,0.1259227541743883,1.0,0.0,0.0,1.0
Run 3,agentmemorybench:fact-mh-262k:context-0/factconsolidation_mh_262k_no12,3,3,1.0,0.5,7.750000093714334,"[""finish""]",False,False,2,0.5,[],0,0.0,[1],[1],[1],0.5,[1],[1],0.5,Run 3::agentmemorybench:fact-mh-262k:context-0/factconsolidation_mh_262k_no12,True,True,2.875,4.875000093714334,0.0,0.5,0.5,-0.5,0.5,0.0,False,False,True,False,0.9995694429590073,1.0,0.0,0.0,1.0
Run 3,agentmemorybench:fact-mh-262k:context-0/factconsolidation_mh_262k_no13,5,5,1.0,1.0,6.749999885360012,"[""finish""]",True,False,2,1.0,[],0,0.0,[2],[2],"[1,2]",1.0,"[1,2]","[1,2]",1.0,Run 3::agentmemorybench:fact-mh-262k:context-0/factconsolidation_mh_262k_no13,True,True,3.749999964609742,2.9999999207502697,0.5,0.5,0.5,-0.5,1.0,0.0,True,False,True,False,0.9988304896010287,1.0,1.0,0.0,1.0
Run 3,agentmemorybench:fact-mh-262k:context-0/factconsolidation_mh_262k_no14,3,3,1.0,1.0,7.4374998784333,"[""finish""]",True,False,2,1.0,[],0,0.0,"[1,2]","[1,2]","[1,2]",1.0,"[1,2]","[1,2]",1.0,Run 3::agentmemorybench:fact-mh-262k:context-0/factconsolidation_mh_262k_no14,True,True,3.375000100582838,4.062499777850462,0.0,1.0,1.0,-1.0,1.0,0.0,True,False,True,False,0.9994115911099543,1.0,1.0,0.0,1.0
Run 3,agentmemorybench:fact-mh-262k:context-0/factconsolidation_mh_262k_no15,5,5,1.0,1.0,6.624999989347998,"[""finish""]",True,False,2,1.0,[],0,0.0,[2],[2],"[1,2]",1.0,[1],"[1,2]",1.0,Run 3::agentmemorybench:fact-mh-262k:context-0/factconsolidation_mh_262k_no15,True,True,4.062500021420419,2.562499967927579,0.5,0.5,0.0,0.0,0.5,0.5,True,False,True,False,0.9986749775686915,1.0,1.0,0.0,1.0
Run 3,agentmemorybench:fact-mh-262k:context-0/factconsolidation_mh_262k_no16,15,15,1.0,0.75,5.1875000081490725,"[""finish""]",False,True,4,0.75,[],0,0.0,[],"[1,2,3]","[1,2,3]",0.75,"[1,2,3]","[1,2,3]",0.75,Run 3::agentmemorybench:fact-mh-262k:context-0/factconsolidation_mh_262k_no16,True,True,5.874999889638275,-0.6874998814892024,0.75,0.0,0.0,0.0,0.75,0.0,False,False,True,False,0.994445075341325,1.0,0.0,0.0,1.0
Run 3,agentmemorybench:fact-mh-262k:context-0/factconsolidation_mh_262k_no17,9,9,1.0,0.3333333333333333,-5.12500014482066,"[""finish""]",False,True,3,0.3333333333333333,[],0,0.0,[],[],[1],0.3333333333333333,[1],[1],0.3333333333333333,Run 3::agentmemorybench:fact-mh-262k:context-0/factconsolidation_mh_262k_no17,False,True,-4.875000066123903,-0.2500000786967575,0.3333333333333333,0.0,0.0,0.0,0.3333333333333333,0.0,False,False,False,False,0.0059110680052591015,1.0,0.0,0.0,1.0
Run 3,agentmemorybench:fact-mh-262k:context-0/factconsolidation_mh_262k_no18,13,13,1.0,0.25,5.812499927706085,"[""finish""]",False,True,4,0.25,[],0,0.0,[1],[1],[1],0.25,[4],"[1,4]",0.5,Run 3::agentmemorybench:fact-mh-262k:context-0/factconsolidation_mh_262k_no18,True,True,3.3749999310821295,2.4374999966239557,0.25,0.0,0.0,0.0,0.5,0.0,False,False,True,False,0.9970189670552769,1.0,0.0,0.0,1.0
Run 3,agentmemorybench:fact-mh-262k:context-0/factconsolidation_mh_262k_no19,26,26,1.0,0.75,1.3750000521540642,"[""finish""]",False,True,4,0.75,[],0,0.0,[],[],"[1,2,4]",0.75,[1],"[1,2,4]",0.75,Run 3::agentmemorybench:fact-mh-262k:context-0/factconsolidation_mh_262k_no19,True,True,0.0625,1.3125000521540642,0.75,0.0,0.0,0.0,0.75,0.0,False,False,True,False,0.7981867861408399,1.0,0.0,0.0,1.0
Run 3,agentmemorybench:fact-mh-262k:context-0/factconsolidation_mh_262k_no2,17,17,1.0,0.75,-2.0000000298023224,"[""finish""]",False,True,4,0.75,[],0,0.0,[],[],"[1,2,3]",0.75,"[1,2,3]","[1,2,3]",0.75,Run 3::agentmemorybench:fact-mh-262k:context-0/factconsolidation_mh_262k_no2,False,True,-3.312500037252903,1.3125000074505806,0.75,0.0,0.0,0.0,0.75,0.0,False,False,False,False,0.1192029188930649,1.0,0.0,0.0,1.0
Run 3,agentmemorybench:fact-mh-262k:context-0/factconsolidation_mh_262k_no20,6,6,1.0,1.0,6.750000033935066,"[""finish""]",False,True,3,1.0,[],0,0.0,"[2,3]","[2,3]","[1,2,3]",1.0,"[1,2,3]","[1,2,3]",1.0,Run 3::agentmemorybench:fact-mh-262k:context-0/factconsolidation_mh_262k_no20,True,True,2.2499999590218067,4.50000007491326,0.3333333333333333,0.6666666666666667,0.6666666666666666,-0.6666666666666666,1.0,0.0,True,False,True,False,0.9988304897745856,1.0,1.0,0.0,1.0
Run 3,agentmemorybench:fact-mh-262k:context-0/factconsolidation_mh_262k_no21,5,5,1.0,1.0,5.812500039348379,"[""finish""]",True,False,2,1.0,[],0,0.0,[],[],"[1,2]",1.0,[1],"[1,2]",1.0,Run 3::agentmemorybench:fact-mh-262k:context-0/factconsolidation_mh_262k_no21,True,True,3.5625000139698386,2.25000002537854,1.0,0.0,0.0,0.0,1.0,0.0,True,False,True,False,0.9970189673870943,1.0,1.0,0.0,1.0
Run 3,agentmemorybench:fact-mh-262k:context-0/factconsolidation_mh_262k_no22,5,5,1.0,0.3333333333333333,7.125000086874934,"[""finish""]",False,False,3,0.3333333333333333,[],0,0.0,[],[],[1],0.3333333333333333,[1],[1],0.3333333333333333,Run 3::agentmemorybench:fact-mh-262k:context-0/factconsolidation_mh_262k_no22,True,True,2.374999936670065,4.750000150204869,0.3333333333333333,0.0,0.0,0.0,0.3333333333333333,0.0,False,False,True,False,0.9991959141341695,1.0,0.0,0.0,1.0
Run 3,agentmemorybench:fact-mh-262k:context-0/factconsolidation_mh_262k_no23,5,5,1.0,1.0,4.624999851919711,"[""finish""]",True,False,2,1.0,[],0,0.0,[2],"[1,2]","[1,2]",1.0,"[1,2]","[1,2]",1.0,Run 3::agentmemorybench:fact-mh-262k:context-0/factconsolidation_mh_262k_no23,True,True,3.4999999292194843,1.1249999227002263,0.5,0.5,0.5,-0.5,1.0,0.0,True,False,True,False,0.9902915220948489,1.0,1.0,0.0,1.0
Run 3,agentmemorybench:fact-mh-262k:context-0/factconsolidation_mh_262k_no24,3,3,1.0,0.5,7.875000192085281,"[""finish""]",False,False,2,0.5,[],0,0.0,[1],[1],[1],0.5,[1],[1],0.5,Run 3::agentmemorybench:fact-mh-262k:context-0/factconsolidation_mh_262k_no24,True,True,3.5624999748542905,4.3125002172309905,0.0,0.5,0.5,-0.5,0.5,0.0,False,False,True,False,0.9996200155582097,1.0,0.0,0.0,1.0
Run 3,agentmemorybench:fact-mh-262k:context-0/factconsolidation_mh_262k_no25,7,7,1.0,0.0,4.56250006519258,"[""finish""]",False,True,4,0.0,[],0,0.0,[],[],[],0.0,"[1,2]","[1,2]",0.5,Run 3::agentmemorybench:fact-mh-262k:context-0/factconsolidation_mh_262k_no25,True,True,4.749999949708581,-0.1874998845160007,0.0,0.0,0.0,0.0,0.5,0.0,False,False,True,False,0.9896718481470597,1.0,0.0,0.0,1.0
Run 3,agentmemorybench:fact-mh-262k:context-0/factconsolidation_mh_262k_no26,3,3,1.0,1.0,7.750000036918209,"[""finish""]",True,False,2,1.0,[],0,0.0,"[1,2]","[1,2]","[1,2]",1.0,"[1,2]","[1,2]",1.0,Run 3::agentmemorybench:fact-mh-262k:context-0/factconsolidation_mh_262k_no26,True,True,3.187499890103936,4.562500146814273,0.0,1.0,1.0,-1.0,1.0,0.0,True,False,True,False,0.999569442934564,1.0,1.0,0.0,1.0
Run 3,agentmemorybench:fact-mh-262k:context-0/factconsolidation_mh_262k_no27,10,10,1.0,0.75,5.312500096624717,"[""finish""]",False,True,4,0.75,[],0,0.0,[],[],"[1,2,4]",0.75,"[1,2]","[1,2,4]",0.75,Run 3::agentmemorybench:fact-mh-262k:context-0/factconsolidation_mh_262k_no27,True,True,3.2499999813735485,2.0625001152511686,0.75,0.0,0.0,0.0,0.75,0.0,False,False,True,False,0.9950945947659363,1.0,0.0,0.0,1.0
Run 3,agentmemorybench:fact-mh-262k:context-0/factconsolidation_mh_262k_no28,7,7,1.0,1.0,5.937499813386239,"[""finish""]",True,False,2,1.0,[],0,0.0,[2],[2],"[1,2]",1.0,[1],"[1,2]",1.0,Run 3::agentmemorybench:fact-mh-262k:context-0/factconsolidation_mh_262k_no28,True,True,3.1875000279396772,2.749999785446562,0.5,0.5,0.0,0.0,0.5,0.5,True,False,True,False,0.9973683255353012,1.0,1.0,0.0,1.0
Run 3,agentmemorybench:fact-mh-262k:context-0/factconsolidation_mh_262k_no29,4,4,1.0,1.0,9.437499645624484,"[""finish""]",True,False,2,1.0,[],0,0.0,"[1,2]","[1,2]","[1,2]",1.0,"[1,2]","[1,2]",1.0,Run 3::agentmemorybench:fact-mh-262k:context-0/factconsolidation_mh_262k_no29,True,True,3.125000001862645,6.312499643761839,0.0,1.0,1.0,-1.0,1.0,0.0,True,False,True,False,0.999920326961907,1.0,1.0,0.0,1.0
Run 3,agentmemorybench:fact-mh-262k:context-0/factconsolidation_mh_262k_no3,5,5,1.0,1.0,7.062499953521183,"[""finish""]",True,False,2,1.0,[],0,0.0,[2],[2],"[1,2]",1.0,"[1,2]","[1,2]",1.0,Run 3::agentmemorybench:fact-mh-262k:context-0/factconsolidation_mh_262k_no3,True,True,3.625000021420419,3.4374999321007635,0.5,0.5,0.5,-0.5,1.0,0.0,True,False,True,False,0.9991440993235075,1.0,1.0,0.0,1.0
Run 3,agentmemorybench:fact-mh-262k:context-0/factconsolidation_mh_262k_no30,5,5,1.0,1.0,6.312499993189704,"[""finish""]",True,False,2,1.0,[],0,0.0,[2],[2],"[1,2]",1.0,[1],"[1,2]",1.0,Run 3::agentmemorybench:fact-mh-262k:context-0/factconsolidation_mh_262k_no30,True,True,6.875000119151082,-0.5625001259613782,0.5,0.5,0.0,0.0,0.5,0.5,True,False,True,False,0.9981897889614916,1.0,1.0,0.0,1.0
Run 3,agentmemorybench:fact-mh-262k:context-0/factconsolidation_mh_262k_no31,3,3,1.0,0.5,6.687499891035259,"[""finish""]",False,False,2,0.5,[],0,0.0,[1],[1],[1],0.5,[1],[1],0.5,Run 3::agentmemorybench:fact-mh-262k:context-0/factconsolidation_mh_262k_no31,True,True,3.6875000037252903,2.9999998873099685,0.0,0.5,0.5,-0.5,0.5,0.0,False,False,True,False,0.9987551565624364,1.0,0.0,0.0,1.0
Run 3,agentmemorybench:fact-mh-262k:context-0/factconsolidation_mh_262k_no32,16,16,1.0,0.5,-3.5624999897554517,"[""finish""]",False,False,4,0.5,[],0,0.0,[],[],"[1,2]",0.5,"[1,2]","[1,2]",0.5,Run 3::agentmemorybench:fact-mh-262k:context-0/factconsolidation_mh_262k_no32,False,True,-1.3125000074505806,-2.249999982304871,0.5,0.0,0.0,0.0,0.5,0.0,False,False,False,False,0.02758528250159318,1.0,0.0,0.0,1.0
Run 3,agentmemorybench:fact-mh-262k:context-0/factconsolidation_mh_262k_no33,7,7,1.0,0.6666666666666666,4.750000027008355,"[""finish""]",True,True,3,0.6666666666666666,[],0,0.0,[],[],"[1,3]",0.6666666666666666,"[1,2,3]","[1,2,3]",1.0,Run 3::agentmemorybench:fact-mh-262k:context-0/factconsolidation_mh_262k_no33,True,True,5.37500000349246,-0.624999976484105,0.6666666666666666,0.0,0.3333333333333333,-0.3333333333333333,1.0,0.0,False,False,True,False,0.9914225148159647,1.0,0.0,0.0,1.0
Run 3,agentmemorybench:fact-mh-262k:context-0/factconsolidation_mh_262k_no34,12,12,1.0,0.3333333333333333,-1.3125000074505806,"[""finish""]",True,False,3,0.3333333333333333,[],0,0.0,[],[],[1],0.3333333333333333,[1],[1],0.3333333333333333,Run 3::agentmemorybench:fact-mh-262k:context-0/factconsolidation_mh_262k_no34,False,True,-2.062500052154064,0.7500000447034836,0.3333333333333333,0.0,0.0,0.0,0.3333333333333333,0.0,False,False,False,False,0.2120688031121459,1.0,0.0,0.0,1.0
Run 3,agentmemorybench:fact-mh-262k:context-0/factconsolidation_mh_262k_no35,9,9,1.0,0.75,3.437500006519258,"[""finish""]",False,True,4,0.75,[3],1,0.25,[4],"[3,4]","[1,2,3,4]",1.0,"[1,2,3,4]","[1,2,3,4]",1.0,Run 3::agentmemorybench:fact-mh-262k:context-0/factconsolidation_mh_262k_no35,True,True,1.562500037252903,1.874999969266355,0.5,0.25,0.0,0.25,1.0,0.0,False,True,True,False,0.9688561696619328,1.0,0.0,0.0,1.0
Run 3,agentmemorybench:fact-mh-262k:context-0/factconsolidation_mh_262k_no36,5,5,1.0,0.25,6.562500112631824,"[""finish""]",False,True,4,0.25,[3],1,0.25,[],[3],"[1,3]",0.5,"[1,3]","[1,3]",0.5,Run 3::agentmemorybench:fact-mh-262k:context-0/factconsolidation_mh_262k_no36,True,True,1.437499962747097,5.125000149884727,0.25,0.0,0.25,0.0,0.5,0.0,False,True,True,False,0.9985896416620091,1.0,0.0,0.0,1.0
Run 3,agentmemorybench:fact-mh-262k:context-0/factconsolidation_mh_262k_no37,5,5,1.0,1.0,7.437499996711267,"[""finish""]",True,False,2,1.0,[],0,0.0,[2],[2],"[1,2]",1.0,"[1,2]","[1,2]",1.0,Run 3::agentmemorybench:fact-mh-262k:context-0/factconsolidation_mh_262k_no37,True,True,2.625000037252903,4.812499959458364,0.5,0.5,0.5,-0.5,1.0,0.0,True,False,True,False,0.9994115911795091,1.0,1.0,0.0,1.0
Run 3,agentmemorybench:fact-mh-262k:context-0/factconsolidation_mh_262k_no38,7,7,1.0,1.0,7.562499957566615,"[""finish""]",True,False,2,1.0,[],0,0.0,[2],[2],"[1,2]",1.0,"[1,2]","[1,2]",1.0,Run 3::agentmemorybench:fact-mh-262k:context-0/factconsolidation_mh_262k_no38,True,True,4.874999935505912,2.6875000220607035,0.5,0.5,0.5,-0.5,1.0,0.0,True,False,True,False,0.9994806951134806,1.0,1.0,0.0,1.0
Run 3,agentmemorybench:fact-mh-262k:context-0/factconsolidation_mh_262k_no39,8,8,1.0,1.0,7.68750004710455,"[""finish""]",True,False,2,1.0,[],0,0.0,"[1,2]","[1,2]","[1,2]",1.0,"[1,2]","[1,2]",1.0,Run 3::agentmemorybench:fact-mh-262k:context-0/factconsolidation_mh_262k_no39,True,True,4.187499954365194,3.500000092739356,0.5,0.5,0.5,-0.5,1.0,0.0,True,False,True,False,0.9995416871209437,1.0,1.0,0.0,1.0
Run 3,agentmemorybench:fact-mh-262k:context-0/factconsolidation_mh_262k_no4,14,14,1.0,1.0,3.812499958090484,"[""finish""]",False,True,2,1.0,[],0,0.0,[],[],"[1,2]",1.0,"[1,2]","[1,2]",1.0,Run 3::agentmemorybench:fact-mh-262k:context-0/factconsolidation_mh_262k_no4,True,True,3.312499912455678,0.5000000456348062,1.0,0.0,0.0,0.0,1.0,0.0,True,False,True,False,0.9783846663510454,1.0,1.0,0.0,1.0
Run 3,agentmemorybench:fact-mh-262k:context-0/factconsolidation_mh_262k_no40,13,13,1.0,0.5,-4.187499885912985,"[""finish""]",False,False,2,0.5,[],0,0.0,[],[],[1],0.5,"[1,2]","[1,2]",1.0,Run 3::agentmemorybench:fact-mh-262k:context-0/factconsolidation_mh_262k_no40,False,True,-3.5625000847503543,-0.6249998011626303,0.5,0.0,0.0,0.0,1.0,0.0,False,False,False,False,0.014957088274036537,1.0,0.0,0.0,1.0
Run 3,agentmemorybench:fact-mh-262k:context-0/factconsolidation_mh_262k_no41,14,14,1.0,1.0,-3.4999999683350325,"[""finish""]",False,False,2,1.0,[],0,0.0,[],[],"[1,2]",1.0,"[1,2]","[1,2]",1.0,Run 3::agentmemorybench:fact-mh-262k:context-0/factconsolidation_mh_262k_no41,False,True,-4.500000019092113,1.0000000507570803,1.0,0.0,0.0,0.0,1.0,0.0,True,False,False,False,0.02931223165232041,1.0,1.0,0.0,1.0
Run 3,agentmemorybench:fact-mh-262k:context-0/factconsolidation_mh_262k_no42,7,7,1.0,0.25,4.125000129453838,"[""finish""]",False,True,4,0.25,[],0,0.0,[],[],[1],0.25,[1],[1],0.25,Run 3::agentmemorybench:fact-mh-262k:context-0/factconsolidation_mh_262k_no42,True,True,2.499999932944774,1.6250001965090632,0.25,0.0,0.0,0.0,0.25,0.0,False,False,True,False,0.984093610314575,1.0,0.0,0.0,1.0
Run 3,agentmemorybench:fact-mh-262k:context-0/factconsolidation_mh_262k_no43,6,6,1.0,1.0,4.75000004703179,"[""finish""]",True,False,2,1.0,[],0,0.0,[],[1],"[1,2]",1.0,"[1,2]","[1,2]",1.0,Run 3::agentmemorybench:fact-mh-262k:context-0/factconsolidation_mh_262k_no43,True,True,5.749999945051968,-0.999999898020178,1.0,0.0,0.0,0.0,1.0,0.0,True,False,True,False,0.9914225149862423,1.0,1.0,0.0,1.0
Run 3,agentmemorybench:fact-mh-262k:context-0/factconsolidation_mh_262k_no44,7,7,1.0,1.0,4.437500008381903,"[""finish""]",True,False,2,1.0,[],0,0.0,[],[],"[1,2]",1.0,"[1,2]","[1,2]",1.0,Run 3::agentmemorybench:fact-mh-262k:context-0/factconsolidation_mh_262k_no44,True,True,3.9375,0.5000000083819032,1.0,0.0,0.0,0.0,1.0,0.0,True,False,True,False,0.9883127421011221,1.0,1.0,0.0,1.0
Run 3,agentmemorybench:fact-mh-262k:context-0/factconsolidation_mh_262k_no45,5,5,1.0,1.0,7.6249997621634975,"[""finish""]",True,False,2,1.0,[],0,0.0,[2],[2],"[1,2]",1.0,[1],"[1,2]",1.0,Run 3::agentmemorybench:fact-mh-262k:context-0/factconsolidation_mh_262k_no45,True,True,2.687500024214387,4.937499737949111,0.5,0.5,0.0,0.0,0.5,0.5,True,False,True,False,0.9995121427612441,1.0,1.0,0.0,1.0
Run 3,agentmemorybench:fact-mh-262k:context-0/factconsolidation_mh_262k_no46,5,5,1.0,1.0,7.37500001853914,"[""finish""]",False,False,2,1.0,[],0,0.0,[2],"[1,2]","[1,2]",1.0,"[1,2]","[1,2]",1.0,Run 3::agentmemorybench:fact-mh-262k:context-0/factconsolidation_mh_262k_no46,True,True,3.6874999618157744,3.6875000567233656,0.5,0.5,0.5,-0.5,1.0,0.0,True,False,True,False,0.9993736658534951,1.0,1.0,0.0,1.0
Run 3,agentmemorybench:fact-mh-262k:context-0/factconsolidation_mh_262k_no47,9,9,1.0,0.25,5.937500114436261,"[""finish""]",False,True,4,0.25,[],0,0.0,[],[],[1],0.25,[],[1],0.25,Run 3::agentmemorybench:fact-mh-262k:context-0/factconsolidation_mh_262k_no47,True,True,4.374999979510903,1.562500134925358,0.25,0.0,0.0,0.0,0.25,0.0,False,False,True,False,0.9973683263254819,1.0,0.0,0.0,1.0
Run 3,agentmemorybench:fact-mh-262k:context-0/factconsolidation_mh_262k_no48,9,9,1.0,1.0,8.437500143227226,"[""finish""]",True,False,4,1.0,[],0,0.0,[4],[4],"[1,2,3,4]",1.0,"[1,2,3,4]","[1,2,3,4]",1.0,Run 3::agentmemorybench:fact-mh-262k:context-0/factconsolidation_mh_262k_no48,True,True,3.1874999552965164,5.250000187930709,0.75,0.25,0.25,-0.25,1.0,0.0,True,False,True,False,0.9997834559811133,1.0,1.0,0.0,1.0
Run 3,agentmemorybench:fact-mh-262k:context-0/factconsolidation_mh_262k_no49,5,5,1.0,1.0,5.687500122003257,"[""finish""]",True,False,2,1.0,[],0,0.0,[2],[2],"[1,2]",1.0,[1],"[1,2]",1.0,Run 3::agentmemorybench:fact-mh-262k:context-0/factconsolidation_mh_262k_no49,True,True,2.7500000707805157,2.9375000512227416,0.5,0.5,0.0,0.0,0.5,0.5,True,False,True,False,0.9966233880288272,1.0,1.0,0.0,1.0
Run 3,agentmemorybench:fact-mh-262k:context-0/factconsolidation_mh_262k_no5,7,7,1.0,1.0,6.625000046333298,"[""finish""]",True,False,4,1.0,[],0,0.0,[],[],"[1,2,3,4]",1.0,"[1,2]","[1,2,3,4]",1.0,Run 3::agentmemorybench:fact-mh-262k:context-0/factconsolidation_mh_262k_no5,True,True,3.687500100582838,2.93749994575046,1.0,0.0,0.0,0.0,1.0,0.0,True,False,True,False,0.9986749776440981,1.0,1.0,0.0,1.0
Run 3,agentmemorybench:fact-mh-262k:context-0/factconsolidation_mh_262k_no50,5,5,1.0,1.0,7.375000078289304,"[""finish""]",True,False,2,1.0,[],0,0.0,[2],[2],"[1,2]",1.0,"[1,2]","[1,2]",1.0,Run 3::agentmemorybench:fact-mh-262k:context-0/factconsolidation_mh_262k_no50,True,True,2.5624999180436134,4.8125001602456905,0.5,0.5,0.5,-0.5,1.0,0.0,True,False,True,False,0.9993736658908952,1.0,1.0,0.0,1.0
Run 3,agentmemorybench:fact-mh-262k:context-0/factconsolidation_mh_262k_no51,5,5,1.0,1.0,6.68749995023245,"[""finish""]",False,False,2,1.0,[],0,0.0,[2],[2],"[1,2]",1.0,[2],"[1,2]",1.0,Run 3::agentmemorybench:fact-mh-262k:context-0/factconsolidation_mh_262k_no51,True,True,2.999999977648258,3.687499972584192,0.5,0.5,0.5,-0.5,1.0,0.0,True,False,True,False,0.998755156636036,1.0,1.0,0.0,1.0
Run 3,agentmemorybench:fact-mh-262k:context-0/factconsolidation_mh_262k_no52,5,5,1.0,0.0,8.124999925945303,"[""finish""]",True,False,4,0.0,[],0,0.0,[],[],[],0.0,[],[],0.0,Run 3::agentmemorybench:fact-mh-262k:context-0/factconsolidation_mh_262k_no52,True,True,3.5625000232830644,4.562499902662239,0.0,0.0,0.0,0.0,0.0,0.0,False,False,True,False,0.9997040428645764,1.0,0.0,0.0,1.0
Run 3,agentmemorybench:fact-mh-262k:context-0/factconsolidation_mh_262k_no53,7,7,1.0,0.3333333333333333,6.124999902502168,"[""finish""]",False,True,3,0.3333333333333333,[],0,0.0,[],[],[1],0.3333333333333333,[1],[1],0.3333333333333333,Run 3::agentmemorybench:fact-mh-262k:context-0/factconsolidation_mh_262k_no53,True,True,3.8125000512227416,2.3124998512794264,0.3333333333333333,0.0,0.0,0.0,0.3333333333333333,0.0,False,False,True,False,0.9978172833423091,1.0,0.0,0.0,1.0
Run 3,agentmemorybench:fact-mh-262k:context-0/factconsolidation_mh_262k_no54,6,6,1.0,1.0,7.749999855688657,"[""finish""]",True,False,3,1.0,[],0,0.0,"[1,2,3]","[1,2,3]","[1,2,3]",1.0,"[1,3]","[1,2,3]",1.0,Run 3::agentmemorybench:fact-mh-262k:context-0/factconsolidation_mh_262k_no54,True,True,3.5625000540167093,4.187499801671947,0.3333333333333333,0.6666666666666667,0.3333333333333333,-0.3333333333333333,1.0,0.0,True,False,True,False,0.9995694428565678,1.0,1.0,0.0,1.0
Run 3,agentmemorybench:fact-mh-262k:context-0/factconsolidation_mh_262k_no55,6,6,1.0,1.0,2.999999975785613,"[""finish""]",True,False,4,1.0,[],0,0.0,[4],[4],"[1,2,3,4]",1.0,"[1,2,4]","[1,2,3,4]",1.0,Run 3::agentmemorybench:fact-mh-262k:context-0/factconsolidation_mh_262k_no55,True,True,2.3749999552965164,0.6250000204890966,0.75,0.25,0.25,-0.25,1.0,0.0,True,False,True,False,0.9525741257285081,1.0,1.0,0.0,1.0
Run 3,agentmemorybench:fact-mh-262k:context-0/factconsolidation_mh_262k_no56,3,3,1.0,1.0,6.500000036612619,"[""finish""]",False,True,2,1.0,[],0,0.0,"[1,2]","[1,2]","[1,2]",1.0,"[1,2]","[1,2]",1.0,Run 3::agentmemorybench:fact-mh-262k:context-0/factconsolidation_mh_262k_no56,True,True,1.6249999925494194,4.875000044063199,0.0,1.0,1.0,-1.0,1.0,0.0,True,False,True,False,0.9984988177981428,1.0,1.0,0.0,1.0
Run 3,agentmemorybench:fact-mh-262k:context-0/factconsolidation_mh_262k_no57,14,14,1.0,1.0,-3.437500043772161,"[""finish""]",False,True,3,1.0,[],0,0.0,[3],[3],"[1,2,3]",1.0,"[1,2,3]","[1,2,3]",1.0,Run 3::agentmemorybench:fact-mh-262k:context-0/factconsolidation_mh_262k_no57,False,True,-3.812499929219484,0.3749998854473229,1.0,0.0,0.0,0.0,1.0,0.0,True,False,False,False,0.03114382921400202,1.0,1.0,0.0,1.0
Run 3,agentmemorybench:fact-mh-262k:context-0/factconsolidation_mh_262k_no58,10,10,1.0,0.5,-2.1250000409781933,"[""finish""]",False,False,2,0.5,[],0,0.0,[],[],[1],0.5,[1],[1],0.5,Run 3::agentmemorybench:fact-mh-262k:context-0/factconsolidation_mh_262k_no58,False,True,-1.5625000074505806,-0.5625000335276127,0.5,0.0,0.0,0.0,0.5,0.0,False,False,False,False,0.10669059004011344,1.0,0.0,0.0,1.0
Run 3,agentmemorybench:fact-mh-262k:context-0/factconsolidation_mh_262k_no59,4,4,1.0,0.5,7.937500244137482,"[""finish""]",False,False,2,0.5,[],0,0.0,[1],[1],[1],0.5,[1],[1],0.5,Run 3::agentmemorybench:fact-mh-262k:context-0/factconsolidation_mh_262k_no59,True,True,2.4999999962747097,5.437500247862772,0.0,0.5,0.5,-0.5,0.5,0.0,False,False,True,False,0.9996430294520812,1.0,0.0,0.0,1.0
Run 3,agentmemorybench:fact-mh-262k:context-0/factconsolidation_mh_262k_no6,3,3,1.0,1.0,8.250000214160536,"[""finish""]",True,False,2,1.0,[],0,0.0,"[1,2]","[1,2]","[1,2]",1.0,"[1,2]","[1,2]",1.0,Run 3::agentmemorybench:fact-mh-262k:context-0/factconsolidation_mh_262k_no6,True,True,3.625000096857548,4.625000117302989,0.0,1.0,1.0,-1.0,1.0,0.0,True,False,True,False,0.9997388097368264,1.0,1.0,0.0,1.0
Run 3,agentmemorybench:fact-mh-262k:context-0/factconsolidation_mh_262k_no60,5,5,1.0,1.0,8.687499776249751,"[""finish""]",True,False,2,1.0,[],0,0.0,[2],[2],"[1,2]",1.0,"[1,2]","[1,2]",1.0,Run 3::agentmemorybench:fact-mh-262k:context-0/factconsolidation_mh_262k_no60,True,True,3.93749987706542,4.749999899184331,0.5,0.5,0.5,-0.5,1.0,0.0,True,False,True,False,0.999831347208281,1.0,1.0,0.0,1.0
Run 3,agentmemorybench:fact-mh-262k:context-0/factconsolidation_mh_262k_no61,4,4,1.0,1.0,6.624999956402462,"[""finish""]",True,False,2,1.0,[],0,0.0,"[1,2]","[1,2]","[1,2]",1.0,"[1,2]","[1,2]",1.0,Run 3::agentmemorybench:fact-mh-262k:context-0/factconsolidation_mh_262k_no61,True,True,2.0624999701976776,4.562499986204784,0.0,1.0,1.0,-1.0,1.0,0.0,True,False,True,False,0.9986749775250958,1.0,1.0,0.0,1.0
Run 3,agentmemorybench:fact-mh-262k:context-0/factconsolidation_mh_262k_no62,4,4,1.0,1.0,7.500000034982804,"[""finish""]",True,False,2,1.0,[],0,0.0,"[1,2]","[1,2]","[1,2]",1.0,"[1,2]","[1,2]",1.0,Run 3::agentmemorybench:fact-mh-262k:context-0/factconsolidation_mh_262k_no62,True,True,2.250000037252903,5.249999997729901,0.0,1.0,1.0,-1.0,1.0,0.0,True,False,True,False,0.9994472213824034,1.0,1.0,0.0,1.0
Run 3,agentmemorybench:fact-mh-262k:context-0/factconsolidation_mh_262k_no63,7,7,1.0,0.75,3.5624999729916453,"[""finish""]",False,True,4,0.75,[],0,0.0,[3],[3],"[1,2,3]",0.75,"[1,2,3]","[1,2,3]",0.75,Run 3::agentmemorybench:fact-mh-262k:context-0/factconsolidation_mh_262k_no63,True,True,2.250000089406967,1.3124998835846782,0.5,0.25,0.25,-0.25,0.75,0.0,False,False,True,False,0.9724147170487288,1.0,0.0,0.0,1.0
Run 3,agentmemorybench:fact-mh-262k:context-0/factconsolidation_mh_262k_no64,7,7,1.0,1.0,4.875000094529241,"[""finish""]",False,False,2,1.0,[],0,0.0,[],[],"[1,2]",1.0,[1],"[1,2]",1.0,Run 3::agentmemorybench:fact-mh-262k:context-0/factconsolidation_mh_262k_no64,True,True,3.5000000279396772,1.375000066589564,1.0,0.0,0.0,0.0,1.0,0.0,True,False,True,False,0.9924227594429826,1.0,1.0,0.0,1.0
Run 3,agentmemorybench:fact-mh-262k:context-0/factconsolidation_mh_262k_no65,5,5,1.0,1.0,5.312500189524144,"[""finish""]",False,False,2,1.0,[],0,0.0,[2],[2],"[1,2]",1.0,"[1,2]","[1,2]",1.0,Run 3::agentmemorybench:fact-mh-262k:context-0/factconsolidation_mh_262k_no65,True,True,2.187499914318323,3.125000275205821,0.5,0.5,0.5,-0.5,1.0,0.0,True,False,True,False,0.9950945952194101,1.0,1.0,0.0,1.0
Run 3,agentmemorybench:fact-mh-262k:context-0/factconsolidation_mh_262k_no66,5,5,1.0,1.0,6.562500111642294,"[""finish""]",True,False,2,1.0,[],0,0.0,[2],[2],"[1,2]",1.0,"[1,2]","[1,2]",1.0,Run 3::agentmemorybench:fact-mh-262k:context-0/factconsolidation_mh_262k_no66,True,True,2.5000000037252903,4.062500107917003,0.5,0.5,0.5,-0.5,1.0,0.0,True,False,True,False,0.9985896416606156,1.0,1.0,0.0,1.0
Run 3,agentmemorybench:fact-mh-262k:context-0/factconsolidation_mh_262k_no67,4,4,1.0,0.5,8.250000333340722,"[""finish""]",False,False,2,0.5,[],0,0.0,[1],[1],[1],0.5,[1],[1],0.5,Run 3::agentmemorybench:fact-mh-262k:context-0/factconsolidation_mh_262k_no67,True,True,0.375,7.875000333340722,0.0,0.5,0.0,0.0,0.5,0.0,False,False,True,False,0.9997388097679469,1.0,0.0,0.0,1.0
Run 3,agentmemorybench:fact-mh-262k:context-0/factconsolidation_mh_262k_no68,15,15,1.0,1.0,-1.4375,"[""finish""]",True,False,2,1.0,[],0,0.0,[],[],"[1,2]",1.0,[1],"[1,2]",1.0,Run 3::agentmemorybench:fact-mh-262k:context-0/factconsolidation_mh_262k_no68,False,True,0.0625,-1.5,1.0,0.0,0.0,0.0,1.0,0.0,True,False,True,True,0.19193278644723683,1.0,1.0,0.0,1.0
Run 3,agentmemorybench:fact-mh-262k:context-0/factconsolidation_mh_262k_no69,9,9,1.0,1.0,5.750000117113814,"[""finish""]",True,False,4,1.0,[],0,0.0,[4],[4],"[1,2,3,4]",1.0,"[1,2,3,4]","[1,2,3,4]",1.0,Run 3::agentmemorybench:fact-mh-262k:context-0/factconsolidation_mh_262k_no69,True,True,2.4375000335276127,3.312500083586201,0.75,0.25,0.25,-0.25,1.0,0.0,True,False,True,False,0.9968273175279009,1.0,1.0,0.0,1.0
Run 3,agentmemorybench:fact-mh-262k:context-0/factconsolidation_mh_262k_no7,20,20,1.0,0.5,1.4375000149011612,"[""finish""]",False,False,4,0.5,[],0,0.0,[],[],"[1,2]",0.5,"[1,2]","[1,2]",0.5,Run 3::agentmemorybench:fact-mh-262k:context-0/factconsolidation_mh_262k_no7,True,True,-2.437499988824129,3.8750000037252903,0.5,0.0,0.0,0.0,0.5,0.0,False,False,False,False,0.8080672158638527,1.0,0.0,0.0,1.0
Run 3,agentmemorybench:fact-mh-262k:context-0/factconsolidation_mh_262k_no70,6,6,1.0,1.0,7.5624999576830305,"[""finish""]",True,False,3,1.0,[],0,0.0,[3],[3],"[1,2,3]",1.0,"[1,2,3]","[1,2,3]",1.0,Run 3::agentmemorybench:fact-mh-262k:context-0/factconsolidation_mh_262k_no70,True,True,3.250000050291419,4.3124999073916115,0.6666666666666666,0.3333333333333333,0.3333333333333333,-0.3333333333333333,1.0,0.0,True,False,True,False,0.999480695113541,1.0,1.0,0.0,1.0
Run 3,agentmemorybench:fact-mh-262k:context-0/factconsolidation_mh_262k_no71,3,3,1.0,1.0,8.437499785781256,"[""finish""]",True,True,2,1.0,[],0,0.0,"[1,2]","[1,2]","[1,2]",1.0,"[1,2]","[1,2]",1.0,Run 3::agentmemorybench:fact-mh-262k:context-0/factconsolidation_mh_262k_no71,True,True,1.625,6.812499785781256,0.0,1.0,1.0,-1.0,1.0,0.0,True,False,True,False,0.9997834559037272,1.0,1.0,0.0,1.0
Run 3,agentmemorybench:fact-mh-262k:context-0/factconsolidation_mh_262k_no72,6,6,1.0,0.25,5.999999854713678,"[""finish""]",False,True,4,0.25,[],0,0.0,[],[],[1],0.25,"[1,2]","[1,2]",0.5,Run 3::agentmemorybench:fact-mh-262k:context-0/factconsolidation_mh_262k_no72,True,True,3.124999949708581,2.8749999050050974,0.25,0.0,0.0,0.0,0.5,0.0,False,False,True,False,0.9975273764850152,1.0,0.0,0.0,1.0
Run 3,agentmemorybench:fact-mh-262k:context-0/factconsolidation_mh_262k_no73,6,6,1.0,1.0,6.312499989639036,"[""finish""]",True,False,2,1.0,[],0,0.0,[1],[1],"[1,2]",1.0,"[1,2]","[1,2]",1.0,Run 3::agentmemorybench:fact-mh-262k:context-0/factconsolidation_mh_262k_no73,True,True,3.374999995343387,2.9374999942956492,0.5,0.5,0.5,-0.5,1.0,0.0,True,False,True,False,0.9981897889550757,1.0,1.0,0.0,1.0
Run 3,agentmemorybench:fact-mh-262k:context-0/factconsolidation_mh_262k_no74,4,4,1.0,0.5,8.062500110507244,"[""finish""]",False,False,2,0.5,[],0,0.0,[1],[1],[1],0.5,[1],[1],0.5,Run 3::agentmemorybench:fact-mh-262k:context-0/factconsolidation_mh_262k_no74,True,True,1.3749999925494194,6.687500117957825,0.0,0.5,0.0,0.0,0.5,0.0,False,False,True,False,0.9996849613407218,1.0,0.0,0.0,1.0
Run 3,agentmemorybench:fact-mh-262k:context-0/factconsolidation_mh_262k_no75,10,10,1.0,0.5,6.749999976658728,"[""finish""]",False,True,4,0.5,[],0,0.0,[],[],"[1,2]",0.5,[1],"[1,2]",0.5,Run 3::agentmemorybench:fact-mh-262k:context-0/factconsolidation_mh_262k_no75,True,True,3.187500037252903,3.562499939405825,0.5,0.0,0.0,0.0,0.5,0.0,False,False,True,False,0.9988304897076786,1.0,0.0,0.0,1.0
Run 3,agentmemorybench:fact-mh-262k:context-0/factconsolidation_mh_262k_no76,4,4,1.0,1.0,7.562500017374987,"[""finish""]",False,True,2,1.0,[],0,0.0,"[1,2]","[1,2]","[1,2]",1.0,"[1,2]","[1,2]",1.0,Run 3::agentmemorybench:fact-mh-262k:context-0/factconsolidation_mh_262k_no76,True,True,2.2499999552965164,5.31250006207847,0.0,1.0,1.0,-1.0,1.0,0.0,True,False,True,False,0.9994806951445233,1.0,1.0,0.0,1.0
Run 3,agentmemorybench:fact-mh-262k:context-0/factconsolidation_mh_262k_no77,10,10,1.0,0.25,6.312499989231583,"[""finish""]",False,True,4,0.25,[],0,0.0,[],[],[1],0.25,"[1,2,3]","[1,2,3]",0.75,Run 3::agentmemorybench:fact-mh-262k:context-0/factconsolidation_mh_262k_no77,True,True,1.8749999776482584,4.4375000115833245,0.25,0.0,0.0,0.0,0.75,0.0,False,False,True,False,0.9981897889543394,1.0,0.0,0.0,1.0
Run 3,agentmemorybench:fact-mh-262k:context-0/factconsolidation_mh_262k_no78,4,4,1.0,0.5,7.500000039901352,"[""finish""]",False,False,2,0.5,[],0,0.0,[1],[1],[1],0.5,[1],[1],0.5,Run 3::agentmemorybench:fact-mh-262k:context-0/factconsolidation_mh_262k_no78,True,True,1.3749999776482582,6.125000062253093,0.0,0.5,0.0,0.0,0.5,0.0,False,False,True,False,0.9994472213851209,1.0,0.0,0.0,1.0
Run 3,agentmemorybench:fact-mh-262k:context-0/factconsolidation_mh_262k_no79,5,5,1.0,1.0,3.3750000074505806,"[""finish""]",True,True,2,1.0,[],0,0.0,[],[],"[1,2]",1.0,[1],"[1,2]",1.0,Run 3::agentmemorybench:fact-mh-262k:context-0/factconsolidation_mh_262k_no79,True,True,6.499999917927198,-3.1249999104766175,1.0,0.0,0.0,0.0,1.0,0.0,True,False,True,False,0.9669140218496496,1.0,1.0,0.0,1.0
Run 3,agentmemorybench:fact-mh-262k:context-0/factconsolidation_mh_262k_no8,14,14,1.0,0.5,0.8124999850988388,"[""finish""]",False,True,2,0.5,[],0,0.0,[],[1],[1],0.5,[1],[1],0.5,Run 3::agentmemorybench:fact-mh-262k:context-0/factconsolidation_mh_262k_no8,True,True,-1.625,2.437499985098839,0.5,0.0,0.0,0.0,0.5,0.0,False,False,False,False,0.6926419799624419,1.0,0.0,0.0,1.0
Run 3,agentmemorybench:fact-mh-262k:context-0/factconsolidation_mh_262k_no80,11,11,1.0,0.5,1.5000000074505806,"[""finish""]",False,False,2,0.5,[],0,0.0,[],[],[1],0.5,[1],[1],0.5,Run 3::agentmemorybench:fact-mh-262k:context-0/factconsolidation_mh_262k_no80,True,True,-0.125,1.6250000074505806,0.5,0.0,0.0,0.0,0.5,0.0,False,False,False,False,0.8175744773048713,1.0,0.0,0.0,1.0
Run 3,agentmemorybench:fact-mh-262k:context-0/factconsolidation_mh_262k_no81,5,5,1.0,0.5,5.8125000995351,"[""finish""]",False,False,2,0.5,[],0,0.0,[],[],[1],0.5,[1],[1],0.5,Run 3::agentmemorybench:fact-mh-262k:context-0/factconsolidation_mh_262k_no81,True,True,3.312500039115548,2.500000060419552,0.5,0.0,0.0,0.0,0.5,0.0,False,False,True,False,0.9970189675659779,1.0,0.0,0.0,1.0
Run 3,agentmemorybench:fact-mh-262k:context-0/factconsolidation_mh_262k_no82,6,6,1.0,1.0,7.062499916908564,"[""finish""]",False,True,3,1.0,[],0,0.0,[3],"[2,3]","[1,2,3]",1.0,"[1,2,3]","[1,2,3]",1.0,Run 3::agentmemorybench:fact-mh-262k:context-0/factconsolidation_mh_262k_no82,True,True,1.8750000819563863,5.1874998349521775,0.6666666666666666,0.3333333333333333,0.3333333333333333,-0.3333333333333333,1.0,0.0,True,False,True,False,0.9991440992921976,1.0,1.0,0.0,1.0
Run 3,agentmemorybench:fact-mh-262k:context-0/factconsolidation_mh_262k_no83,3,3,1.0,0.5,8.124999806197593,"[""finish""]",False,False,2,0.5,[],0,0.0,[1],[1],[1],0.5,[1],[1],0.5,Run 3::agentmemorybench:fact-mh-262k:context-0/factconsolidation_mh_262k_no83,True,True,1.3749999701976776,6.749999835999915,0.0,0.5,0.5,-0.5,0.5,0.0,False,False,True,False,0.9997040428291468,1.0,0.0,0.0,1.0
Run 3,agentmemorybench:fact-mh-262k:context-0/factconsolidation_mh_262k_no84,8,8,1.0,0.5,6.874999939580448,"[""finish""]",False,True,4,0.5,[],0,0.0,[],"[1,2]","[1,2]",0.5,[1],"[1,2]",0.5,Run 3::agentmemorybench:fact-mh-262k:context-0/factconsolidation_mh_262k_no84,True,True,3.562499954365194,3.312499985215254,0.5,0.0,0.0,0.0,0.5,0.0,False,False,True,False,0.9989677689009426,1.0,0.0,0.0,1.0
Run 3,agentmemorybench:fact-mh-262k:context-0/factconsolidation_mh_262k_no85,5,5,1.0,1.0,5.875000009778887,"[""finish""]",False,True,2,1.0,[],0,0.0,[2],[2],"[1,2]",1.0,[1],"[1,2]",1.0,Run 3::agentmemorybench:fact-mh-262k:context-0/factconsolidation_mh_262k_no85,True,True,2.5000000186264515,3.3749999911524355,0.5,0.5,0.0,0.0,0.5,0.5,True,False,True,False,0.9971990730601922,1.0,1.0,0.0,1.0
Run 3,agentmemorybench:fact-mh-262k:context-0/factconsolidation_mh_262k_no86,3,3,1.0,1.0,9.0624997684572,"[""finish""]",True,False,2,1.0,[],0,0.0,"[1,2]","[1,2]","[1,2]",1.0,"[1,2]","[1,2]",1.0,Run 3::agentmemorybench:fact-mh-262k:context-0/factconsolidation_mh_262k_no86,True,True,3.0625000577419996,5.999999710715201,0.0,1.0,1.0,-1.0,1.0,0.0,True,False,True,False,0.9998840806299764,1.0,1.0,0.0,1.0
Run 3,agentmemorybench:fact-mh-262k:context-0/factconsolidation_mh_262k_no87,6,6,1.0,1.0,9.937500001306034,"[""finish""]",True,False,3,1.0,[],0,0.0,[3],[3],"[1,2,3]",1.0,"[1,2,3]","[1,2,3]",1.0,Run 3::agentmemorybench:fact-mh-262k:context-0/factconsolidation_mh_262k_no87,True,True,3.0624999534338713,6.875000047872163,0.6666666666666666,0.3333333333333333,0.3333333333333333,-0.3333333333333333,1.0,0.0,True,False,True,False,0.9999516743618758,1.0,1.0,0.0,1.0
Run 3,agentmemorybench:fact-mh-262k:context-0/factconsolidation_mh_262k_no88,4,4,1.0,1.0,6.4999998831772245,"[""finish""]",False,True,2,1.0,[],0,0.0,"[1,2]","[1,2]","[1,2]",1.0,"[1,2]","[1,2]",1.0,Run 3::agentmemorybench:fact-mh-262k:context-0/factconsolidation_mh_262k_no88,True,True,1.1250000298023224,5.374999853374902,0.0,1.0,0.5,-0.5,1.0,0.0,True,False,True,False,0.998498817568154,1.0,1.0,0.0,1.0
Run 3,agentmemorybench:fact-mh-262k:context-0/factconsolidation_mh_262k_no89,7,7,1.0,1.0,1.9375000298023224,"[""finish""]",True,False,2,1.0,[],0,0.0,[],[],"[1,2]",1.0,"[1,2]","[1,2]",1.0,Run 3::agentmemorybench:fact-mh-262k:context-0/factconsolidation_mh_262k_no89,True,True,5.312499827705324,-3.3749997979030013,1.0,0.0,0.0,0.0,1.0,0.0,True,False,True,False,0.8740772384450968,1.0,1.0,0.0,1.0
Run 3,agentmemorybench:fact-mh-262k:context-0/factconsolidation_mh_262k_no9,6,6,1.0,1.0,8.124999806197593,"[""finish""]",False,True,3,1.0,[],0,0.0,[3],[3],"[1,2,3]",1.0,"[1,2,3]","[1,2,3]",1.0,Run 3::agentmemorybench:fact-mh-262k:context-0/factconsolidation_mh_262k_no9,True,True,6.812499955471139,1.3124998507264536,0.6666666666666666,0.3333333333333333,0.3333333333333333,-0.3333333333333333,1.0,0.0,True,False,True,False,0.9997040428291468,1.0,1.0,0.0,1.0
Run 3,agentmemorybench:fact-mh-262k:context-0/factconsolidation_mh_262k_no90,4,4,1.0,1.0,8.062500050917151,"[""finish""]",True,False,2,1.0,[],0,0.0,"[1,2]","[1,2]","[1,2]",1.0,"[1,2]","[1,2]",1.0,Run 3::agentmemorybench:fact-mh-262k:context-0/factconsolidation_mh_262k_no90,True,True,0.8125,7.250000050917151,0.0,1.0,0.5,-0.5,1.0,0.0,True,False,True,False,0.9996849613219545,1.0,1.0,0.0,1.0
Run 3,agentmemorybench:fact-mh-262k:context-0/factconsolidation_mh_262k_no91,9,9,1.0,1.0,4.624999925727025,"[""finish""]",False,True,3,1.0,[],0,0.0,[3],[3],"[1,2,3]",1.0,"[1,3]","[1,2,3]",1.0,Run 3::agentmemorybench:fact-mh-262k:context-0/factconsolidation_mh_262k_no91,True,True,2.437500063329935,2.1874998623970896,0.6666666666666666,0.3333333333333333,0.3333333333333333,-0.3333333333333333,1.0,0.0,True,False,True,False,0.9902915228044491,1.0,1.0,0.0,1.0
Run 3,agentmemorybench:fact-mh-262k:context-0/factconsolidation_mh_262k_no92,13,13,1.0,0.3333333333333333,0.5625000149011612,"[""finish""]",False,False,3,0.3333333333333333,[],0,0.0,[],[],[1],0.3333333333333333,[1],[1],0.3333333333333333,Run 3::agentmemorybench:fact-mh-262k:context-0/factconsolidation_mh_262k_no92,True,True,-0.5,1.0625000149011612,0.3333333333333333,0.0,0.0,0.0,0.3333333333333333,0.0,False,False,False,False,0.6370307979258678,1.0,0.0,0.0,1.0
Run 3,agentmemorybench:fact-mh-262k:context-0/factconsolidation_mh_262k_no93,8,8,1.0,0.5,3.750000041909516,"[""finish""]",False,False,4,0.5,[],0,0.0,[],[],"[1,2]",0.5,[1],"[1,2]",0.5,Run 3::agentmemorybench:fact-mh-262k:context-0/factconsolidation_mh_262k_no93,True,True,1.3124999850988388,2.437500056810677,0.5,0.0,0.0,0.0,0.5,0.0,False,False,True,False,0.9770226310308182,1.0,0.0,0.0,1.0
Run 3,agentmemorybench:fact-mh-262k:context-0/factconsolidation_mh_262k_no94,5,5,1.0,1.0,5.999999834340997,"[""finish""]",True,False,2,1.0,[],0,0.0,[2],[2],"[1,2]",1.0,"[1,2]","[1,2]",1.0,Run 3::agentmemorybench:fact-mh-262k:context-0/factconsolidation_mh_262k_no94,True,True,2.999999998137355,2.999999836203642,0.5,0.5,0.5,-0.5,1.0,0.0,True,False,True,False,0.9975273764347657,1.0,1.0,0.0,1.0
Run 3,agentmemorybench:fact-mh-262k:context-0/factconsolidation_mh_262k_no95,8,8,1.0,0.5,4.312500088475645,"[""finish""]",False,False,2,0.5,[],0,0.0,[],[],[1],0.5,[2],"[1,2]",1.0,Run 3::agentmemorybench:fact-mh-262k:context-0/factconsolidation_mh_262k_no95,True,True,-0.125,4.437500088475645,0.5,0.0,0.0,0.0,1.0,0.0,False,False,False,False,0.9867771794021232,1.0,0.0,0.0,1.0
Run 3,agentmemorybench:fact-mh-262k:context-0/factconsolidation_mh_262k_no96,12,12,1.0,0.0,-2.1250000409781933,"[""finish""]",False,True,3,0.0,[],0,0.0,[],[],[],0.0,[1],[1],0.3333333333333333,Run 3::agentmemorybench:fact-mh-262k:context-0/factconsolidation_mh_262k_no96,False,True,-1.1249999850988388,-1.0000000558793545,0.0,0.0,0.0,0.0,0.3333333333333333,0.0,False,False,False,False,0.10669059004011344,1.0,0.0,0.0,1.0
Run 3,agentmemorybench:fact-mh-262k:context-0/factconsolidation_mh_262k_no97,5,5,1.0,1.0,9.124999709463737,"[""finish""]",True,False,2,1.0,[],0,0.0,[2],[2],"[1,2]",1.0,"[1,2]","[1,2]",1.0,Run 3::agentmemorybench:fact-mh-262k:context-0/factconsolidation_mh_262k_no97,True,True,2.8749999217689037,6.249999787694833,0.5,0.5,0.5,-0.5,1.0,0.0,True,False,True,False,0.9998911030583385,1.0,1.0,0.0,1.0
Run 3,agentmemorybench:fact-mh-262k:context-0/factconsolidation_mh_262k_no98,13,13,1.0,0.6666666666666666,-2.4374999925494194,"[""finish""]",False,True,3,0.6666666666666666,[],0,0.0,[],[],"[1,2]",0.6666666666666666,"[1,2]","[1,2]",0.6666666666666666,Run 3::agentmemorybench:fact-mh-262k:context-0/factconsolidation_mh_262k_no98,False,True,-3.750000074505806,1.3125000819563866,0.6666666666666666,0.0,0.0,0.0,0.6666666666666666,0.0,False,False,False,False,0.08035746937280606,1.0,0.0,0.0,1.0
Run 3,agentmemorybench:fact-mh-262k:context-0/factconsolidation_mh_262k_no99,10,10,1.0,1.0,-0.6249999850988388,"[""finish""]",False,True,3,1.0,[],0,0.0,[],[],"[1,2,3]",1.0,"[1,2,3]","[1,2,3]",1.0,Run 3::agentmemorybench:fact-mh-262k:context-0/factconsolidation_mh_262k_no99,False,True,-0.25,-0.3749999850988388,1.0,0.0,0.0,0.0,1.0,0.0,True,False,False,False,0.3486451387178759,1.0,1.0,0.0,1.0
