round,question_id,decision_step,trajectory_length,tau,committed_r,native_s,explicit_j,action,correct,conflicted,gold_hop_count,committed_coverage_r,current_preview_hop_indices,current_preview_gold_count,current_preview_coverage,current_read_result_hop_indices,current_tool_hop_indices,visible_or_committed_hop_indices,visible_or_committed_coverage,cumulative_preview_hop_indices,ever_seen_or_committed_hop_indices,ever_seen_or_committed_coverage,run_question,native_positive,explicit_positive,terminal
Run 1,agentmemorybench:fact-mh-262k:context-0/factconsolidation_mh_262k_no0,1,8,0.125,0.0,-4.75000009033829,0.915841584158416,"[""search""]",False,False,3,0.0,[],0,0.0,[],[],[],0.0,[],[],0.0,Run 1::agentmemorybench:fact-mh-262k:context-0/factconsolidation_mh_262k_no0,False,True,False
Run 1,agentmemorybench:fact-mh-262k:context-0/factconsolidation_mh_262k_no0,2,8,0.25,0.0,1.6250000596046448,1.0,"[""read""]",False,False,3,0.0,[1],1,0.3333333333333333,[],[1],[1],0.3333333333333333,[1],[1],0.3333333333333333,Run 1::agentmemorybench:fact-mh-262k:context-0/factconsolidation_mh_262k_no0,True,True,False
Run 1,agentmemorybench:fact-mh-262k:context-0/factconsolidation_mh_262k_no0,3,8,0.375,0.3333333333333333,4.250000008381903,1.0,"[""search""]",False,False,3,0.3333333333333333,[1],1,0.3333333333333333,[1],[1],[1],0.3333333333333333,[1],[1],0.3333333333333333,Run 1::agentmemorybench:fact-mh-262k:context-0/factconsolidation_mh_262k_no0,True,True,False
Run 1,agentmemorybench:fact-mh-262k:context-0/factconsolidation_mh_262k_no0,4,8,0.5,0.3333333333333333,2.312499973922968,0.9306930693069306,"[""search""]",False,False,3,0.3333333333333333,[],0,0.0,[],[],[1],0.3333333333333333,[1],[1],0.3333333333333333,Run 1::agentmemorybench:fact-mh-262k:context-0/factconsolidation_mh_262k_no0,True,True,False
Run 1,agentmemorybench:fact-mh-262k:context-0/factconsolidation_mh_262k_no0,5,8,0.625,0.3333333333333333,1.0625000447034836,0.995049504950495,"[""read""]",False,False,3,0.3333333333333333,[],0,0.0,[],[],[1],0.3333333333333333,[1],[1],0.3333333333333333,Run 1::agentmemorybench:fact-mh-262k:context-0/factconsolidation_mh_262k_no0,True,True,False
Run 1,agentmemorybench:fact-mh-262k:context-0/factconsolidation_mh_262k_no0,6,8,0.75,0.3333333333333333,6.187500165018719,1.0,"[""search""]",False,False,3,0.3333333333333333,[],0,0.0,[],[],[1],0.3333333333333333,[1],[1],0.3333333333333333,Run 1::agentmemorybench:fact-mh-262k:context-0/factconsolidation_mh_262k_no0,True,True,False
Run 1,agentmemorybench:fact-mh-262k:context-0/factconsolidation_mh_262k_no0,7,8,0.875,0.3333333333333333,5.125000019092113,1.0,"[""read""]",False,False,3,0.3333333333333333,[],0,0.0,[],[],[1],0.3333333333333333,[1],[1],0.3333333333333333,Run 1::agentmemorybench:fact-mh-262k:context-0/factconsolidation_mh_262k_no0,True,True,False
Run 1,agentmemorybench:fact-mh-262k:context-0/factconsolidation_mh_262k_no0,8,8,1.0,0.3333333333333333,6.749999854248017,1.0,"[""finish""]",False,False,3,0.3333333333333333,[1],1,0.3333333333333333,[1],[1],[1],0.3333333333333333,[1],[1],0.3333333333333333,Run 1::agentmemorybench:fact-mh-262k:context-0/factconsolidation_mh_262k_no0,True,True,True
Run 1,agentmemorybench:fact-mh-262k:context-0/factconsolidation_mh_262k_no1,1,6,0.1666666666666666,0.0,-3.750000052154064,0.7623762376237624,"[""search""]",True,False,2,0.0,[],0,0.0,[],[],[],0.0,[],[],0.0,Run 1::agentmemorybench:fact-mh-262k:context-0/factconsolidation_mh_262k_no1,False,True,False
Run 1,agentmemorybench:fact-mh-262k:context-0/factconsolidation_mh_262k_no1,2,6,0.3333333333333333,0.0,2.1874999701976776,1.0,"[""read""]",True,False,2,0.0,[1],1,0.5,[],[1],[1],0.5,[1],[1],0.5,Run 1::agentmemorybench:fact-mh-262k:context-0/factconsolidation_mh_262k_no1,True,True,False
Run 1,agentmemorybench:fact-mh-262k:context-0/factconsolidation_mh_262k_no1,3,6,0.5,0.5,0.125,0.8267326732673268,"[""search""]",True,False,2,0.5,[1],1,0.5,[1],[1],[1],0.5,[1],[1],0.5,Run 1::agentmemorybench:fact-mh-262k:context-0/factconsolidation_mh_262k_no1,True,True,False
Run 1,agentmemorybench:fact-mh-262k:context-0/factconsolidation_mh_262k_no1,4,6,0.6666666666666666,0.5,3.875000041909516,0.9900990099009901,"[""read""]",True,False,2,0.5,[2],1,0.5,[],[2],"[1,2]",1.0,"[1,2]","[1,2]",1.0,Run 1::agentmemorybench:fact-mh-262k:context-0/factconsolidation_mh_262k_no1,True,True,False
Run 1,agentmemorybench:fact-mh-262k:context-0/factconsolidation_mh_262k_no1,5,6,0.8333333333333334,1.0,7.62500018402352,0.9851485148514851,"[""read""]",True,False,2,1.0,[2],1,0.5,[2],[2],"[1,2]",1.0,"[1,2]","[1,2]",1.0,Run 1::agentmemorybench:fact-mh-262k:context-0/factconsolidation_mh_262k_no1,True,True,False
Run 1,agentmemorybench:fact-mh-262k:context-0/factconsolidation_mh_262k_no1,6,6,1.0,1.0,5.125000232364982,0.99009900990099,"[""finish""]",True,False,2,1.0,[2],1,0.5,[2],[2],"[1,2]",1.0,"[1,2]","[1,2]",1.0,Run 1::agentmemorybench:fact-mh-262k:context-0/factconsolidation_mh_262k_no1,True,True,True
Run 1,agentmemorybench:fact-mh-262k:context-0/factconsolidation_mh_262k_no10,1,6,0.1666666666666666,0.0,-5.375000173225999,0.8118811881188119,"[""search""]",False,True,4,0.0,[],0,0.0,[],[],[],0.0,[],[],0.0,Run 1::agentmemorybench:fact-mh-262k:context-0/factconsolidation_mh_262k_no10,False,True,False
Run 1,agentmemorybench:fact-mh-262k:context-0/factconsolidation_mh_262k_no10,2,6,0.3333333333333333,0.0,-3.000000096857548,0.896039603960396,"[""search""]",False,True,4,0.0,[1],1,0.25,[],[1],[1],0.25,[1],[1],0.25,Run 1::agentmemorybench:fact-mh-262k:context-0/factconsolidation_mh_262k_no10,False,True,False
Run 1,agentmemorybench:fact-mh-262k:context-0/factconsolidation_mh_262k_no10,3,6,0.5,0.0,-0.75,0.9059405940594061,"[""search""]",False,True,4,0.0,"[1,2]",2,0.5,[],"[1,2]","[1,2]",0.5,"[1,2]","[1,2]",0.5,Run 1::agentmemorybench:fact-mh-262k:context-0/factconsolidation_mh_262k_no10,False,True,False
Run 1,agentmemorybench:fact-mh-262k:context-0/factconsolidation_mh_262k_no10,4,6,0.6666666666666666,0.0,0.5,1.0,"[""search""]",False,True,4,0.0,"[2,3]",2,0.5,[],"[2,3]","[2,3]",0.5,"[1,2,3]","[1,2,3]",0.75,Run 1::agentmemorybench:fact-mh-262k:context-0/factconsolidation_mh_262k_no10,True,True,False
Run 1,agentmemorybench:fact-mh-262k:context-0/factconsolidation_mh_262k_no10,5,6,0.8333333333333334,0.0,0.4375,0.12376237623762375,"[""read""]",False,True,4,0.0,[4],1,0.25,[],[4],[4],0.25,"[1,2,3,4]","[1,2,3,4]",1.0,Run 1::agentmemorybench:fact-mh-262k:context-0/factconsolidation_mh_262k_no10,True,False,False
Run 1,agentmemorybench:fact-mh-262k:context-0/factconsolidation_mh_262k_no10,6,6,1.0,1.0,6.625000047613867,1.0,"[""finish""]",False,True,4,1.0,"[1,2,3,4]",4,1.0,"[1,2,3,4]","[1,2,3,4]","[1,2,3,4]",1.0,"[1,2,3,4]","[1,2,3,4]",1.0,Run 1::agentmemorybench:fact-mh-262k:context-0/factconsolidation_mh_262k_no10,True,True,True
Run 1,agentmemorybench:fact-mh-262k:context-0/factconsolidation_mh_262k_no11,1,14,0.0714285714285714,0.0,-5.124999884981662,0.8514851485148515,"[""search""]",False,True,3,0.0,[],0,0.0,[],[],[],0.0,[],[],0.0,Run 1::agentmemorybench:fact-mh-262k:context-0/factconsolidation_mh_262k_no11,False,True,False
Run 1,agentmemorybench:fact-mh-262k:context-0/factconsolidation_mh_262k_no11,2,14,0.1428571428571428,0.0,-0.25,0.995049504950495,"[""read""]",False,True,3,0.0,[1],1,0.3333333333333333,[],[1],[1],0.3333333333333333,[1],[1],0.3333333333333333,Run 1::agentmemorybench:fact-mh-262k:context-0/factconsolidation_mh_262k_no11,False,True,False
Run 1,agentmemorybench:fact-mh-262k:context-0/factconsolidation_mh_262k_no11,3,14,0.2142857142857142,0.3333333333333333,2.5000001043081284,1.0,"[""search""]",False,True,3,0.3333333333333333,[1],1,0.3333333333333333,[1],[1],[1],0.3333333333333333,[1],[1],0.3333333333333333,Run 1::agentmemorybench:fact-mh-262k:context-0/factconsolidation_mh_262k_no11,True,True,False
Run 1,agentmemorybench:fact-mh-262k:context-0/factconsolidation_mh_262k_no11,4,14,0.2857142857142857,0.3333333333333333,2.5000000298023224,1.0,"[""search""]",False,True,3,0.3333333333333333,[2],1,0.3333333333333333,[],[2],"[1,2]",0.6666666666666666,"[1,2]","[1,2]",0.6666666666666666,Run 1::agentmemorybench:fact-mh-262k:context-0/factconsolidation_mh_262k_no11,True,True,False
Run 1,agentmemorybench:fact-mh-262k:context-0/factconsolidation_mh_262k_no11,5,14,0.3571428571428571,0.3333333333333333,2.1250000447034836,1.0,"[""read""]",False,True,3,0.3333333333333333,"[2,3]",2,0.6666666666666666,[],"[2,3]","[1,2,3]",1.0,"[1,2,3]","[1,2,3]",1.0,Run 1::agentmemorybench:fact-mh-262k:context-0/factconsolidation_mh_262k_no11,True,True,False
Run 1,agentmemorybench:fact-mh-262k:context-0/factconsolidation_mh_262k_no11,6,14,0.4285714285714285,1.0,6.437499922234565,1.0,"[""search""]",False,True,3,1.0,"[2,3]",2,0.6666666666666666,"[2,3]","[2,3]","[1,2,3]",1.0,"[1,2,3]","[1,2,3]",1.0,Run 1::agentmemorybench:fact-mh-262k:context-0/factconsolidation_mh_262k_no11,True,True,False
Run 1,agentmemorybench:fact-mh-262k:context-0/factconsolidation_mh_262k_no11,7,14,0.5,1.0,1.25,1.0,"[""search""]",False,True,3,1.0,[],0,0.0,[],[],"[1,2,3]",1.0,"[1,2,3]","[1,2,3]",1.0,Run 1::agentmemorybench:fact-mh-262k:context-0/factconsolidation_mh_262k_no11,True,True,False
Run 1,agentmemorybench:fact-mh-262k:context-0/factconsolidation_mh_262k_no11,8,14,0.5714285714285714,1.0,-0.375,0.99009900990099,"[""search""]",False,True,3,1.0,[],0,0.0,[],[],"[1,2,3]",1.0,"[1,2,3]","[1,2,3]",1.0,Run 1::agentmemorybench:fact-mh-262k:context-0/factconsolidation_mh_262k_no11,False,True,False
Run 1,agentmemorybench:fact-mh-262k:context-0/factconsolidation_mh_262k_no11,9,14,0.6428571428571429,1.0,-1.1249999701976776,1.0,"[""search""]",False,True,3,1.0,[],0,0.0,[],[],"[1,2,3]",1.0,"[1,2,3]","[1,2,3]",1.0,Run 1::agentmemorybench:fact-mh-262k:context-0/factconsolidation_mh_262k_no11,False,True,False
Run 1,agentmemorybench:fact-mh-262k:context-0/factconsolidation_mh_262k_no11,10,14,0.7142857142857143,1.0,-1.3750000596046448,1.0,"[""search""]",False,True,3,1.0,[],0,0.0,[],[],"[1,2,3]",1.0,"[1,2,3]","[1,2,3]",1.0,Run 1::agentmemorybench:fact-mh-262k:context-0/factconsolidation_mh_262k_no11,False,True,False
Run 1,agentmemorybench:fact-mh-262k:context-0/factconsolidation_mh_262k_no11,11,14,0.7857142857142857,1.0,-2.4375000558793545,0.99009900990099,"[""read""]",False,True,3,1.0,[],0,0.0,[],[],"[1,2,3]",1.0,"[1,2,3]","[1,2,3]",1.0,Run 1::agentmemorybench:fact-mh-262k:context-0/factconsolidation_mh_262k_no11,False,True,False
Run 1,agentmemorybench:fact-mh-262k:context-0/factconsolidation_mh_262k_no11,12,14,0.8571428571428571,1.0,-1.3749999478459358,0.9801980198019802,"[""search""]",False,True,3,1.0,[],0,0.0,[],[],"[1,2,3]",1.0,"[1,2,3]","[1,2,3]",1.0,Run 1::agentmemorybench:fact-mh-262k:context-0/factconsolidation_mh_262k_no11,False,True,False
Run 1,agentmemorybench:fact-mh-262k:context-0/factconsolidation_mh_262k_no11,13,14,0.9285714285714286,1.0,-3.0625000093132257,0.5841584158415841,"[""search""]",False,True,3,1.0,[],0,0.0,[],[],"[1,2,3]",1.0,"[1,2,3]","[1,2,3]",1.0,Run 1::agentmemorybench:fact-mh-262k:context-0/factconsolidation_mh_262k_no11,False,True,False
Run 1,agentmemorybench:fact-mh-262k:context-0/factconsolidation_mh_262k_no11,14,14,1.0,1.0,-3.25,0.49009900990099003,"[""finish""]",False,True,3,1.0,[],0,0.0,[],[],"[1,2,3]",1.0,"[1,2,3]","[1,2,3]",1.0,Run 1::agentmemorybench:fact-mh-262k:context-0/factconsolidation_mh_262k_no11,False,False,True
Run 1,agentmemorybench:fact-mh-262k:context-0/factconsolidation_mh_262k_no12,1,5,0.2,0.0,-4.000000113621354,0.9257425742574257,"[""search""]",True,False,2,0.0,[],0,0.0,[],[],[],0.0,[],[],0.0,Run 1::agentmemorybench:fact-mh-262k:context-0/factconsolidation_mh_262k_no12,False,True,False
Run 1,agentmemorybench:fact-mh-262k:context-0/factconsolidation_mh_262k_no12,2,5,0.4,0.0,2.750000052154064,1.0,"[""read""]",True,False,2,0.0,[1],1,0.5,[],[1],[1],0.5,[1],[1],0.5,Run 1::agentmemorybench:fact-mh-262k:context-0/factconsolidation_mh_262k_no12,True,True,False
Run 1,agentmemorybench:fact-mh-262k:context-0/factconsolidation_mh_262k_no12,3,5,0.6,0.5,4.249999823048711,1.0,"[""search""]",True,False,2,0.5,[1],1,0.5,[1],[1],[1],0.5,[1],[1],0.5,Run 1::agentmemorybench:fact-mh-262k:context-0/factconsolidation_mh_262k_no12,True,True,False
Run 1,agentmemorybench:fact-mh-262k:context-0/factconsolidation_mh_262k_no12,4,5,0.8,0.5,4.000000109896064,1.0,"[""read""]",True,False,2,0.5,[2],1,0.5,[],[2],"[1,2]",1.0,"[1,2]","[1,2]",1.0,Run 1::agentmemorybench:fact-mh-262k:context-0/factconsolidation_mh_262k_no12,True,True,False
Run 1,agentmemorybench:fact-mh-262k:context-0/factconsolidation_mh_262k_no12,5,5,1.0,1.0,6.8749999985448085,1.0,"[""finish""]",True,False,2,1.0,[2],1,0.5,[2],[2],"[1,2]",1.0,"[1,2]","[1,2]",1.0,Run 1::agentmemorybench:fact-mh-262k:context-0/factconsolidation_mh_262k_no12,True,True,True
Run 1,agentmemorybench:fact-mh-262k:context-0/factconsolidation_mh_262k_no13,1,4,0.25,0.0,-3.375000022351742,0.8910891089108911,"[""search""]",True,False,2,0.0,[],0,0.0,[],[],[],0.0,[],[],0.0,Run 1::agentmemorybench:fact-mh-262k:context-0/factconsolidation_mh_262k_no13,False,True,False
Run 1,agentmemorybench:fact-mh-262k:context-0/factconsolidation_mh_262k_no13,2,4,0.5,0.0,2.374999925494194,1.0,"[""search""]",True,False,2,0.0,[1],1,0.5,[],[1],[1],0.5,[1],[1],0.5,Run 1::agentmemorybench:fact-mh-262k:context-0/factconsolidation_mh_262k_no13,True,True,False
Run 1,agentmemorybench:fact-mh-262k:context-0/factconsolidation_mh_262k_no13,3,4,0.75,0.0,1.5000000447034836,1.0,"[""read""]",True,False,2,0.0,"[1,2]",2,1.0,[],"[1,2]","[1,2]",1.0,"[1,2]","[1,2]",1.0,Run 1::agentmemorybench:fact-mh-262k:context-0/factconsolidation_mh_262k_no13,True,True,False
Run 1,agentmemorybench:fact-mh-262k:context-0/factconsolidation_mh_262k_no13,4,4,1.0,1.0,6.93749994126847,1.0,"[""finish""]",True,False,2,1.0,"[1,2]",2,1.0,"[1,2]","[1,2]","[1,2]",1.0,"[1,2]","[1,2]",1.0,Run 1::agentmemorybench:fact-mh-262k:context-0/factconsolidation_mh_262k_no13,True,True,True
Run 1,agentmemorybench:fact-mh-262k:context-0/factconsolidation_mh_262k_no14,1,3,0.3333333333333333,0.0,-3.874999964609742,0.7475247524752475,"[""search""]",True,False,2,0.0,[],0,0.0,[],[],[],0.0,[],[],0.0,Run 1::agentmemorybench:fact-mh-262k:context-0/factconsolidation_mh_262k_no14,False,True,False
Run 1,agentmemorybench:fact-mh-262k:context-0/factconsolidation_mh_262k_no14,2,3,0.6666666666666666,0.0,3.250000085681677,1.0,"[""read""]",True,False,2,0.0,"[1,2]",2,1.0,[],"[1,2]","[1,2]",1.0,"[1,2]","[1,2]",1.0,Run 1::agentmemorybench:fact-mh-262k:context-0/factconsolidation_mh_262k_no14,True,True,False
Run 1,agentmemorybench:fact-mh-262k:context-0/factconsolidation_mh_262k_no14,3,3,1.0,1.0,8.62499989765638,1.0,"[""finish""]",True,False,2,1.0,"[1,2]",2,1.0,"[1,2]","[1,2]","[1,2]",1.0,"[1,2]","[1,2]",1.0,Run 1::agentmemorybench:fact-mh-262k:context-0/factconsolidation_mh_262k_no14,True,True,True
Run 1,agentmemorybench:fact-mh-262k:context-0/factconsolidation_mh_262k_no15,1,4,0.25,0.0,-4.2500001937150955,0.9405940594059405,"[""search""]",True,False,2,0.0,[],0,0.0,[],[],[],0.0,[],[],0.0,Run 1::agentmemorybench:fact-mh-262k:context-0/factconsolidation_mh_262k_no15,False,True,False
Run 1,agentmemorybench:fact-mh-262k:context-0/factconsolidation_mh_262k_no15,2,4,0.5,0.0,2.8750001043081284,1.0,"[""search""]",True,False,2,0.0,[1],1,0.5,[],[1],[1],0.5,[1],[1],0.5,Run 1::agentmemorybench:fact-mh-262k:context-0/factconsolidation_mh_262k_no15,True,True,False
Run 1,agentmemorybench:fact-mh-262k:context-0/factconsolidation_mh_262k_no15,3,4,0.75,0.0,3.18750006146729,1.0,"[""read""]",True,False,2,0.0,[1],1,0.5,[],[1],[1],0.5,[1],[1],0.5,Run 1::agentmemorybench:fact-mh-262k:context-0/factconsolidation_mh_262k_no15,True,True,False
Run 1,agentmemorybench:fact-mh-262k:context-0/factconsolidation_mh_262k_no15,4,4,1.0,1.0,7.875000072934199,1.0,"[""finish""]",True,False,2,1.0,"[1,2]",2,1.0,"[1,2]","[1,2]","[1,2]",1.0,"[1,2]","[1,2]",1.0,Run 1::agentmemorybench:fact-mh-262k:context-0/factconsolidation_mh_262k_no15,True,True,True
Run 1,agentmemorybench:fact-mh-262k:context-0/factconsolidation_mh_262k_no16,1,8,0.125,0.0,-4.874999864958227,0.8960396039603961,"[""search""]",False,True,4,0.0,[],0,0.0,[],[],[],0.0,[],[],0.0,Run 1::agentmemorybench:fact-mh-262k:context-0/factconsolidation_mh_262k_no16,False,True,False
Run 1,agentmemorybench:fact-mh-262k:context-0/factconsolidation_mh_262k_no16,2,8,0.25,0.0,-0.5,0.9455445544554455,"[""read""]",False,True,4,0.0,"[1,2]",2,0.5,[],"[1,2]","[1,2]",0.5,"[1,2]","[1,2]",0.5,Run 1::agentmemorybench:fact-mh-262k:context-0/factconsolidation_mh_262k_no16,False,True,False
Run 1,agentmemorybench:fact-mh-262k:context-0/factconsolidation_mh_262k_no16,3,8,0.375,0.25,1.1875000149011612,1.0,"[""search""]",False,True,4,0.25,"[1,2]",2,0.5,"[1,2]","[1,2]","[1,2]",0.5,"[1,2]","[1,2]",0.5,Run 1::agentmemorybench:fact-mh-262k:context-0/factconsolidation_mh_262k_no16,True,True,False
Run 1,agentmemorybench:fact-mh-262k:context-0/factconsolidation_mh_262k_no16,4,8,0.5,0.25,-2.4375000298023224,0.9356435643564356,"[""search""]",False,True,4,0.25,[2],1,0.25,[],[2],"[1,2]",0.5,"[1,2]","[1,2]",0.5,Run 1::agentmemorybench:fact-mh-262k:context-0/factconsolidation_mh_262k_no16,False,True,False
Run 1,agentmemorybench:fact-mh-262k:context-0/factconsolidation_mh_262k_no16,5,8,0.625,0.25,1.7500000596046448,1.0,"[""read""]",False,True,4,0.25,"[2,3]",2,0.5,[],"[2,3]","[1,2,3]",0.75,"[1,2,3]","[1,2,3]",0.75,Run 1::agentmemorybench:fact-mh-262k:context-0/factconsolidation_mh_262k_no16,True,True,False
Run 1,agentmemorybench:fact-mh-262k:context-0/factconsolidation_mh_262k_no16,6,8,0.75,0.75,3.124999964609742,1.0,"[""search""]",False,True,4,0.75,"[2,3]",2,0.5,"[2,3]","[2,3]","[1,2,3]",0.75,"[1,2,3]","[1,2,3]",0.75,Run 1::agentmemorybench:fact-mh-262k:context-0/factconsolidation_mh_262k_no16,True,True,False
Run 1,agentmemorybench:fact-mh-262k:context-0/factconsolidation_mh_262k_no16,7,8,0.875,0.75,1.8124999701976776,0.9801980198019802,"[""read""]",False,True,4,0.75,[],0,0.0,[],[],"[1,2,3]",0.75,"[1,2,3]","[1,2,3]",0.75,Run 1::agentmemorybench:fact-mh-262k:context-0/factconsolidation_mh_262k_no16,True,True,False
Run 1,agentmemorybench:fact-mh-262k:context-0/factconsolidation_mh_262k_no16,8,8,1.0,0.75,6.124999770661816,0.995049504950495,"[""finish""]",False,True,4,0.75,[],0,0.0,[],[],"[1,2,3]",0.75,"[1,2,3]","[1,2,3]",0.75,Run 1::agentmemorybench:fact-mh-262k:context-0/factconsolidation_mh_262k_no16,True,True,True
Run 1,agentmemorybench:fact-mh-262k:context-0/factconsolidation_mh_262k_no17,1,11,0.0909090909090909,0.0,-4.374999896623194,0.7920792079207921,"[""search""]",False,True,3,0.0,[],0,0.0,[],[],[],0.0,[],[],0.0,Run 1::agentmemorybench:fact-mh-262k:context-0/factconsolidation_mh_262k_no17,False,True,False
Run 1,agentmemorybench:fact-mh-262k:context-0/factconsolidation_mh_262k_no17,2,11,0.1818181818181818,0.0,-3.1250001154839993,0.6881188118811881,"[""search""]",False,True,3,0.0,[1],1,0.3333333333333333,[],[1],[1],0.3333333333333333,[1],[1],0.3333333333333333,Run 1::agentmemorybench:fact-mh-262k:context-0/factconsolidation_mh_262k_no17,False,True,False
Run 1,agentmemorybench:fact-mh-262k:context-0/factconsolidation_mh_262k_no17,3,11,0.2727272727272727,0.0,-7.249999904539436,0.4009900990099009,"[""search""]",False,True,3,0.0,[],0,0.0,[],[],[],0.0,[1],[1],0.3333333333333333,Run 1::agentmemorybench:fact-mh-262k:context-0/factconsolidation_mh_262k_no17,False,False,False
Run 1,agentmemorybench:fact-mh-262k:context-0/factconsolidation_mh_262k_no17,4,11,0.3636363636363636,0.0,-7.187499911058694,0.9257425742574257,"[""search""]",False,True,3,0.0,[1],1,0.3333333333333333,[],[1],[1],0.3333333333333333,[1],[1],0.3333333333333333,Run 1::agentmemorybench:fact-mh-262k:context-0/factconsolidation_mh_262k_no17,False,True,False
Run 1,agentmemorybench:fact-mh-262k:context-0/factconsolidation_mh_262k_no17,5,11,0.4545454545454545,0.0,-7.812499974796083,0.6584158415841584,"[""search""]",False,True,3,0.0,[],0,0.0,[],[],[],0.0,[1],[1],0.3333333333333333,Run 1::agentmemorybench:fact-mh-262k:context-0/factconsolidation_mh_262k_no17,False,True,False
Run 1,agentmemorybench:fact-mh-262k:context-0/factconsolidation_mh_262k_no17,6,11,0.5454545454545454,0.0,-7.625000232073944,0.9603960396039604,"[""read""]",False,True,3,0.0,[],0,0.0,[],[],[],0.0,[1],[1],0.3333333333333333,Run 1::agentmemorybench:fact-mh-262k:context-0/factconsolidation_mh_262k_no17,False,True,False
Run 1,agentmemorybench:fact-mh-262k:context-0/factconsolidation_mh_262k_no17,7,11,0.6363636363636364,0.3333333333333333,-3.9999998891726136,0.5099009900990099,"[""search""]",False,True,3,0.3333333333333333,[1],1,0.3333333333333333,[1],[1],[1],0.3333333333333333,[1],[1],0.3333333333333333,Run 1::agentmemorybench:fact-mh-262k:context-0/factconsolidation_mh_262k_no17,False,True,False
Run 1,agentmemorybench:fact-mh-262k:context-0/factconsolidation_mh_262k_no17,8,11,0.7272727272727273,0.3333333333333333,-5.124999824445695,0.5247524752475248,"[""search""]",False,True,3,0.3333333333333333,[],0,0.0,[],[],[1],0.3333333333333333,[1],[1],0.3333333333333333,Run 1::agentmemorybench:fact-mh-262k:context-0/factconsolidation_mh_262k_no17,False,True,False
Run 1,agentmemorybench:fact-mh-262k:context-0/factconsolidation_mh_262k_no17,9,11,0.8181818181818182,0.3333333333333333,-6.812499945808668,0.21287128712871284,"[""search""]",False,True,3,0.3333333333333333,[],0,0.0,[],[],[1],0.3333333333333333,[1],[1],0.3333333333333333,Run 1::agentmemorybench:fact-mh-262k:context-0/factconsolidation_mh_262k_no17,False,False,False
Run 1,agentmemorybench:fact-mh-262k:context-0/factconsolidation_mh_262k_no17,10,11,0.9090909090909092,0.3333333333333333,-11.375000059796548,0.26237623762376233,"[""search""]",False,True,3,0.3333333333333333,[],0,0.0,[],[],[1],0.3333333333333333,[1],[1],0.3333333333333333,Run 1::agentmemorybench:fact-mh-262k:context-0/factconsolidation_mh_262k_no17,False,False,False
Run 1,agentmemorybench:fact-mh-262k:context-0/factconsolidation_mh_262k_no17,11,11,1.0,0.3333333333333333,-6.250000105355866,0.00495049504950495,"[""finish""]",False,True,3,0.3333333333333333,[],0,0.0,[],[],[1],0.3333333333333333,[1],[1],0.3333333333333333,Run 1::agentmemorybench:fact-mh-262k:context-0/factconsolidation_mh_262k_no17,False,False,True
Run 1,agentmemorybench:fact-mh-262k:context-0/factconsolidation_mh_262k_no18,1,5,0.2,0.0,-4.374999945983291,0.7376237623762376,"[""search""]",False,True,4,0.0,[],0,0.0,[],[],[],0.0,[],[],0.0,Run 1::agentmemorybench:fact-mh-262k:context-0/factconsolidation_mh_262k_no18,False,True,False
Run 1,agentmemorybench:fact-mh-262k:context-0/factconsolidation_mh_262k_no18,2,5,0.4,0.0,2.3124999552965164,1.0,"[""read""]",False,True,4,0.0,[1],1,0.25,[],[1],[1],0.25,[1],[1],0.25,Run 1::agentmemorybench:fact-mh-262k:context-0/factconsolidation_mh_262k_no18,True,True,False
Run 1,agentmemorybench:fact-mh-262k:context-0/factconsolidation_mh_262k_no18,3,5,0.6,0.25,3.2500000428408384,1.0,"[""search""]",False,True,4,0.25,[1],1,0.25,[1],[1],[1],0.25,[1],[1],0.25,Run 1::agentmemorybench:fact-mh-262k:context-0/factconsolidation_mh_262k_no18,True,True,False
Run 1,agentmemorybench:fact-mh-262k:context-0/factconsolidation_mh_262k_no18,4,5,0.8,0.25,3.2499999403953552,0.995049504950495,"[""read""]",False,True,4,0.25,[4],1,0.25,[],[4],"[1,4]",0.5,"[1,4]","[1,4]",0.5,Run 1::agentmemorybench:fact-mh-262k:context-0/factconsolidation_mh_262k_no18,True,True,False
Run 1,agentmemorybench:fact-mh-262k:context-0/factconsolidation_mh_262k_no18,5,5,1.0,0.25,2.7500001154839993,1.0,"[""finish""]",False,True,4,0.25,[4],1,0.25,[4],[4],"[1,4]",0.5,"[1,4]","[1,4]",0.5,Run 1::agentmemorybench:fact-mh-262k:context-0/factconsolidation_mh_262k_no18,True,True,True
Run 1,agentmemorybench:fact-mh-262k:context-0/factconsolidation_mh_262k_no19,1,5,0.2,0.0,-4.3124999855645,0.7970297029702971,"[""search""]",False,True,4,0.0,[],0,0.0,[],[],[],0.0,[],[],0.0,Run 1::agentmemorybench:fact-mh-262k:context-0/factconsolidation_mh_262k_no19,False,True,False
Run 1,agentmemorybench:fact-mh-262k:context-0/factconsolidation_mh_262k_no19,2,5,0.4,0.0,3.062499988824129,1.0,"[""read""]",False,True,4,0.0,"[1,3]",2,0.5,[],"[1,3]","[1,3]",0.5,"[1,3]","[1,3]",0.5,Run 1::agentmemorybench:fact-mh-262k:context-0/factconsolidation_mh_262k_no19,True,True,False
Run 1,agentmemorybench:fact-mh-262k:context-0/factconsolidation_mh_262k_no19,3,5,0.6,0.25,3.3125000931322575,1.0,"[""search""]",False,True,4,0.25,"[1,3]",2,0.5,"[1,3]","[1,3]","[1,3]",0.5,"[1,3]","[1,3]",0.5,Run 1::agentmemorybench:fact-mh-262k:context-0/factconsolidation_mh_262k_no19,True,True,False
Run 1,agentmemorybench:fact-mh-262k:context-0/factconsolidation_mh_262k_no19,4,5,0.8,0.25,2.375000037252903,1.0,"[""read""]",False,True,4,0.25,[4],1,0.25,[],[4],"[1,4]",0.5,"[1,3,4]","[1,3,4]",0.75,Run 1::agentmemorybench:fact-mh-262k:context-0/factconsolidation_mh_262k_no19,True,True,False
Run 1,agentmemorybench:fact-mh-262k:context-0/factconsolidation_mh_262k_no19,5,5,1.0,0.25,5.499999886844307,1.0,"[""finish""]",False,True,4,0.25,[4],1,0.25,[4],[4],"[1,4]",0.5,"[1,3,4]","[1,3,4]",0.75,Run 1::agentmemorybench:fact-mh-262k:context-0/factconsolidation_mh_262k_no19,True,True,True
Run 1,agentmemorybench:fact-mh-262k:context-0/factconsolidation_mh_262k_no2,1,7,0.1428571428571428,0.0,-3.875000100582838,0.910891089108911,"[""search""]",False,True,4,0.0,[],0,0.0,[],[],[],0.0,[],[],0.0,Run 1::agentmemorybench:fact-mh-262k:context-0/factconsolidation_mh_262k_no2,False,True,False
Run 1,agentmemorybench:fact-mh-262k:context-0/factconsolidation_mh_262k_no2,2,7,0.2857142857142857,0.0,-0.5624999850988388,0.9108910891089109,"[""search""]",False,True,4,0.0,[1],1,0.25,[],[1],[1],0.25,[1],[1],0.25,Run 1::agentmemorybench:fact-mh-262k:context-0/factconsolidation_mh_262k_no2,False,True,False
Run 1,agentmemorybench:fact-mh-262k:context-0/factconsolidation_mh_262k_no2,3,7,0.4285714285714285,0.0,0.25,1.0,"[""search""]",False,True,4,0.0,"[1,2,3]",3,0.75,[],"[1,2,3]","[1,2,3]",0.75,"[1,2,3]","[1,2,3]",0.75,Run 1::agentmemorybench:fact-mh-262k:context-0/factconsolidation_mh_262k_no2,True,True,False
Run 1,agentmemorybench:fact-mh-262k:context-0/factconsolidation_mh_262k_no2,4,7,0.5714285714285714,0.0,0.25,0.8712871287128713,"[""read""]",False,True,4,0.0,[],0,0.0,[],[],[],0.0,"[1,2,3]","[1,2,3]",0.75,Run 1::agentmemorybench:fact-mh-262k:context-0/factconsolidation_mh_262k_no2,True,True,False
Run 1,agentmemorybench:fact-mh-262k:context-0/factconsolidation_mh_262k_no2,5,7,0.7142857142857143,0.25,3.5000000167638063,1.0,"[""search""]",False,True,4,0.25,[1],1,0.25,[1],[1],[1],0.25,"[1,2,3]","[1,2,3]",0.75,Run 1::agentmemorybench:fact-mh-262k:context-0/factconsolidation_mh_262k_no2,True,True,False
Run 1,agentmemorybench:fact-mh-262k:context-0/factconsolidation_mh_262k_no2,6,7,0.8571428571428571,0.25,3.1874999534338713,1.0,"[""read""]",False,True,4,0.25,[],0,0.0,[],[],[1],0.25,"[1,2,3]","[1,2,3]",0.75,Run 1::agentmemorybench:fact-mh-262k:context-0/factconsolidation_mh_262k_no2,True,True,False
Run 1,agentmemorybench:fact-mh-262k:context-0/factconsolidation_mh_262k_no2,7,7,1.0,0.25,4.562499876134098,1.0,"[""finish""]",False,True,4,0.25,[],0,0.0,[],[],[1],0.25,"[1,2,3]","[1,2,3]",0.75,Run 1::agentmemorybench:fact-mh-262k:context-0/factconsolidation_mh_262k_no2,True,True,True
Run 1,agentmemorybench:fact-mh-262k:context-0/factconsolidation_mh_262k_no20,1,7,0.1428571428571428,0.0,-4.062499858438969,0.896039603960396,"[""search""]",False,True,3,0.0,[],0,0.0,[],[],[],0.0,[],[],0.0,Run 1::agentmemorybench:fact-mh-262k:context-0/factconsolidation_mh_262k_no20,False,True,False
Run 1,agentmemorybench:fact-mh-262k:context-0/factconsolidation_mh_262k_no20,2,7,0.2857142857142857,0.0,-4.187499968800694,0.0,"[""search""]",False,True,3,0.0,[],0,0.0,[],[],[],0.0,[],[],0.0,Run 1::agentmemorybench:fact-mh-262k:context-0/factconsolidation_mh_262k_no20,False,False,False
Run 1,agentmemorybench:fact-mh-262k:context-0/factconsolidation_mh_262k_no20,3,7,0.4285714285714285,0.0,0.8124999552965164,1.0,"[""search""]",False,True,3,0.0,[1],1,0.3333333333333333,[],[1],[1],0.3333333333333333,[1],[1],0.3333333333333333,Run 1::agentmemorybench:fact-mh-262k:context-0/factconsolidation_mh_262k_no20,True,True,False
Run 1,agentmemorybench:fact-mh-262k:context-0/factconsolidation_mh_262k_no20,4,7,0.5714285714285714,0.0,0.25,1.0,"[""search""]",False,True,3,0.0,[2],1,0.3333333333333333,[],[2],[2],0.3333333333333333,"[1,2]","[1,2]",0.6666666666666666,Run 1::agentmemorybench:fact-mh-262k:context-0/factconsolidation_mh_262k_no20,True,True,False
Run 1,agentmemorybench:fact-mh-262k:context-0/factconsolidation_mh_262k_no20,5,7,0.7142857142857143,0.0,0.9999999403953552,1.0,"[""search""]",False,True,3,0.0,"[2,3]",2,0.6666666666666666,[],"[2,3]","[2,3]",0.6666666666666666,"[1,2,3]","[1,2,3]",1.0,Run 1::agentmemorybench:fact-mh-262k:context-0/factconsolidation_mh_262k_no20,True,True,False
Run 1,agentmemorybench:fact-mh-262k:context-0/factconsolidation_mh_262k_no20,6,7,0.8571428571428571,0.0,0.5000000149011612,1.0,"[""read""]",False,True,3,0.0,[3],1,0.3333333333333333,[],[3],[3],0.3333333333333333,"[1,2,3]","[1,2,3]",1.0,Run 1::agentmemorybench:fact-mh-262k:context-0/factconsolidation_mh_262k_no20,True,True,False
Run 1,agentmemorybench:fact-mh-262k:context-0/factconsolidation_mh_262k_no20,7,7,1.0,1.0,3.624999923631549,1.0,"[""finish""]",False,True,3,1.0,"[1,2,3]",3,1.0,"[1,2,3]","[1,2,3]","[1,2,3]",1.0,"[1,2,3]","[1,2,3]",1.0,Run 1::agentmemorybench:fact-mh-262k:context-0/factconsolidation_mh_262k_no20,True,True,True
Run 1,agentmemorybench:fact-mh-262k:context-0/factconsolidation_mh_262k_no21,1,4,0.25,0.0,-4.375000074505806,0.8415841584158416,"[""search""]",True,False,2,0.0,[],0,0.0,[],[],[],0.0,[],[],0.0,Run 1::agentmemorybench:fact-mh-262k:context-0/factconsolidation_mh_262k_no21,False,True,False
Run 1,agentmemorybench:fact-mh-262k:context-0/factconsolidation_mh_262k_no21,2,4,0.5,0.0,2.875000085681677,1.0,"[""read""]",True,False,2,0.0,[1],1,0.5,[],[1],[1],0.5,[1],[1],0.5,Run 1::agentmemorybench:fact-mh-262k:context-0/factconsolidation_mh_262k_no21,True,True,False
Run 1,agentmemorybench:fact-mh-262k:context-0/factconsolidation_mh_262k_no21,3,4,0.75,1.0,5.7500001976732165,1.0,[],True,False,2,1.0,"[1,2]",2,1.0,"[1,2]","[1,2]","[1,2]",1.0,"[1,2]","[1,2]",1.0,Run 1::agentmemorybench:fact-mh-262k:context-0/factconsolidation_mh_262k_no21,True,True,False
Run 1,agentmemorybench:fact-mh-262k:context-0/factconsolidation_mh_262k_no21,4,4,1.0,1.0,5.500000111758709,1.0,"[""finish""]",True,False,2,1.0,[],0,0.0,[],[],"[1,2]",1.0,"[1,2]","[1,2]",1.0,Run 1::agentmemorybench:fact-mh-262k:context-0/factconsolidation_mh_262k_no21,True,True,True
Run 1,agentmemorybench:fact-mh-262k:context-0/factconsolidation_mh_262k_no22,1,9,0.1111111111111111,0.0,-4.7500002002343535,0.7871287128712872,"[""search""]",False,False,3,0.0,[],0,0.0,[],[],[],0.0,[],[],0.0,Run 1::agentmemorybench:fact-mh-262k:context-0/factconsolidation_mh_262k_no22,False,True,False
Run 1,agentmemorybench:fact-mh-262k:context-0/factconsolidation_mh_262k_no22,2,9,0.2222222222222222,0.0,2.874999962747097,1.0,"[""read""]",False,False,3,0.0,[1],1,0.3333333333333333,[],[1],[1],0.3333333333333333,[1],[1],0.3333333333333333,Run 1::agentmemorybench:fact-mh-262k:context-0/factconsolidation_mh_262k_no22,True,True,False
Run 1,agentmemorybench:fact-mh-262k:context-0/factconsolidation_mh_262k_no22,3,9,0.3333333333333333,0.3333333333333333,1.6250000149011612,0.7970297029702971,"[""search""]",False,False,3,0.3333333333333333,[1],1,0.3333333333333333,[1],[1],[1],0.3333333333333333,[1],[1],0.3333333333333333,Run 1::agentmemorybench:fact-mh-262k:context-0/factconsolidation_mh_262k_no22,True,True,False
Run 1,agentmemorybench:fact-mh-262k:context-0/factconsolidation_mh_262k_no22,4,9,0.4444444444444444,0.3333333333333333,-0.5,0.1485148514851485,"[""search""]",False,False,3,0.3333333333333333,"[1,2]",2,0.6666666666666666,[],"[1,2]","[1,2]",0.6666666666666666,"[1,2]","[1,2]",0.6666666666666666,Run 1::agentmemorybench:fact-mh-262k:context-0/factconsolidation_mh_262k_no22,False,False,False
Run 1,agentmemorybench:fact-mh-262k:context-0/factconsolidation_mh_262k_no22,5,9,0.5555555555555556,0.3333333333333333,-2.125000074505806,0.10396039603960394,"[""search""]",False,False,3,0.3333333333333333,[1],1,0.3333333333333333,[],[1],[1],0.3333333333333333,"[1,2]","[1,2]",0.6666666666666666,Run 1::agentmemorybench:fact-mh-262k:context-0/factconsolidation_mh_262k_no22,False,False,False
Run 1,agentmemorybench:fact-mh-262k:context-0/factconsolidation_mh_262k_no22,6,9,0.6666666666666666,0.3333333333333333,-1.999999962747097,0.9702970297029703,"[""read""]",False,False,3,0.3333333333333333,"[1,2]",2,0.6666666666666666,[],"[1,2]","[1,2]",0.6666666666666666,"[1,2]","[1,2]",0.6666666666666666,Run 1::agentmemorybench:fact-mh-262k:context-0/factconsolidation_mh_262k_no22,False,True,False
Run 1,agentmemorybench:fact-mh-262k:context-0/factconsolidation_mh_262k_no22,7,9,0.7777777777777778,0.6666666666666666,1.1875,1.0,"[""search""]",False,False,3,0.6666666666666666,"[1,2]",2,0.6666666666666666,"[1,2]","[1,2]","[1,2]",0.6666666666666666,"[1,2]","[1,2]",0.6666666666666666,Run 1::agentmemorybench:fact-mh-262k:context-0/factconsolidation_mh_262k_no22,True,True,False
Run 1,agentmemorybench:fact-mh-262k:context-0/factconsolidation_mh_262k_no22,8,9,0.8888888888888888,0.6666666666666666,2.8750001154839993,0.9603960396039604,"[""read""]",False,False,3,0.6666666666666666,"[1,2]",2,0.6666666666666666,[],"[1,2]","[1,2]",0.6666666666666666,"[1,2]","[1,2]",0.6666666666666666,Run 1::agentmemorybench:fact-mh-262k:context-0/factconsolidation_mh_262k_no22,True,True,False
Run 1,agentmemorybench:fact-mh-262k:context-0/factconsolidation_mh_262k_no22,9,9,1.0,0.6666666666666666,9.624999644685886,0.8762376237623762,"[""finish""]",False,False,3,0.6666666666666666,[],0,0.0,[],[],"[1,2]",0.6666666666666666,"[1,2]","[1,2]",0.6666666666666666,Run 1::agentmemorybench:fact-mh-262k:context-0/factconsolidation_mh_262k_no22,True,True,True
Run 1,agentmemorybench:fact-mh-262k:context-0/factconsolidation_mh_262k_no23,1,5,0.2,0.0,-4.374999818392098,0.896039603960396,"[""search""]",True,False,2,0.0,[],0,0.0,[],[],[],0.0,[],[],0.0,Run 1::agentmemorybench:fact-mh-262k:context-0/factconsolidation_mh_262k_no23,False,True,False
Run 1,agentmemorybench:fact-mh-262k:context-0/factconsolidation_mh_262k_no23,2,5,0.4,0.0,0.125,0.8118811881188119,"[""read""]",True,False,2,0.0,[1],1,0.5,[],[1],[1],0.5,[1],[1],0.5,Run 1::agentmemorybench:fact-mh-262k:context-0/factconsolidation_mh_262k_no23,True,True,False
Run 1,agentmemorybench:fact-mh-262k:context-0/factconsolidation_mh_262k_no23,3,5,0.6,0.5,1.25,0.5445544554455446,"[""search""]",True,False,2,0.5,[1],1,0.5,[1],[1],[1],0.5,[1],[1],0.5,Run 1::agentmemorybench:fact-mh-262k:context-0/factconsolidation_mh_262k_no23,True,True,False
Run 1,agentmemorybench:fact-mh-262k:context-0/factconsolidation_mh_262k_no23,4,5,0.8,0.5,3.2499999571591616,1.0,"[""read""]",True,False,2,0.5,"[1,2]",2,1.0,[],"[1,2]","[1,2]",1.0,"[1,2]","[1,2]",1.0,Run 1::agentmemorybench:fact-mh-262k:context-0/factconsolidation_mh_262k_no23,True,True,False
Run 1,agentmemorybench:fact-mh-262k:context-0/factconsolidation_mh_262k_no23,5,5,1.0,1.0,7.374999839696102,0.99009900990099,"[""finish""]",True,False,2,1.0,[2],1,0.5,[2],[2],"[1,2]",1.0,"[1,2]","[1,2]",1.0,Run 1::agentmemorybench:fact-mh-262k:context-0/factconsolidation_mh_262k_no23,True,True,True
Run 1,agentmemorybench:fact-mh-262k:context-0/factconsolidation_mh_262k_no24,1,3,0.3333333333333333,0.0,-3.1249999590218067,0.8168316831683169,"[""search""]",True,False,2,0.0,[],0,0.0,[],[],[],0.0,[],[],0.0,Run 1::agentmemorybench:fact-mh-262k:context-0/factconsolidation_mh_262k_no24,False,True,False
Run 1,agentmemorybench:fact-mh-262k:context-0/factconsolidation_mh_262k_no24,2,3,0.6666666666666666,0.0,3.3125000707805157,1.0,"[""read""]",True,False,2,0.0,[1],1,0.5,[],[1],[1],0.5,[1],[1],0.5,Run 1::agentmemorybench:fact-mh-262k:context-0/factconsolidation_mh_262k_no24,True,True,False
Run 1,agentmemorybench:fact-mh-262k:context-0/factconsolidation_mh_262k_no24,3,3,1.0,0.5,8.874999652602128,1.0,"[""finish""]",True,False,2,0.5,[1],1,0.5,[1],[1],[1],0.5,[1],[1],0.5,Run 1::agentmemorybench:fact-mh-262k:context-0/factconsolidation_mh_262k_no24,True,True,True
Run 1,agentmemorybench:fact-mh-262k:context-0/factconsolidation_mh_262k_no25,1,8,0.125,0.0,-3.7500000800937414,0.891089108910891,"[""search""]",True,True,4,0.0,[],0,0.0,[],[],[],0.0,[],[],0.0,Run 1::agentmemorybench:fact-mh-262k:context-0/factconsolidation_mh_262k_no25,False,True,False
Run 1,agentmemorybench:fact-mh-262k:context-0/factconsolidation_mh_262k_no25,2,8,0.25,0.0,-0.6875000149011612,0.9900990099009901,"[""read""]",True,True,4,0.0,"[1,2]",2,0.5,[],"[1,2]","[1,2]",0.5,"[1,2]","[1,2]",0.5,Run 1::agentmemorybench:fact-mh-262k:context-0/factconsolidation_mh_262k_no25,False,True,False
Run 1,agentmemorybench:fact-mh-262k:context-0/factconsolidation_mh_262k_no25,3,8,0.375,0.25,1.0000000298023224,1.0,"[""search""]",True,True,4,0.25,"[1,2]",2,0.5,"[1,2]","[1,2]","[1,2]",0.5,"[1,2]","[1,2]",0.5,Run 1::agentmemorybench:fact-mh-262k:context-0/factconsolidation_mh_262k_no25,True,True,False
Run 1,agentmemorybench:fact-mh-262k:context-0/factconsolidation_mh_262k_no25,4,8,0.5,0.25,2.6875000428408384,1.0,"[""read""]",True,True,4,0.25,[],0,0.0,[],[],[1],0.25,"[1,2]","[1,2]",0.5,Run 1::agentmemorybench:fact-mh-262k:context-0/factconsolidation_mh_262k_no25,True,True,False
Run 1,agentmemorybench:fact-mh-262k:context-0/factconsolidation_mh_262k_no25,5,8,0.625,0.25,3.500000102445483,1.0,"[""search""]",True,True,4,0.25,[],0,0.0,[],[],[1],0.25,"[1,2]","[1,2]",0.5,Run 1::agentmemorybench:fact-mh-262k:context-0/factconsolidation_mh_262k_no25,True,True,False
Run 1,agentmemorybench:fact-mh-262k:context-0/factconsolidation_mh_262k_no25,6,8,0.75,0.25,3.312499964609742,0.9653465346534653,"[""read""]",True,True,4,0.25,[],0,0.0,[],[],[1],0.25,"[1,2]","[1,2]",0.5,Run 1::agentmemorybench:fact-mh-262k:context-0/factconsolidation_mh_262k_no25,True,True,False
Run 1,agentmemorybench:fact-mh-262k:context-0/factconsolidation_mh_262k_no25,7,8,0.875,0.25,6.5625000527943484,1.0,"[""read""]",True,True,4,0.25,[],0,0.0,[],[],[1],0.25,"[1,2]","[1,2]",0.5,Run 1::agentmemorybench:fact-mh-262k:context-0/factconsolidation_mh_262k_no25,True,True,False
Run 1,agentmemorybench:fact-mh-262k:context-0/factconsolidation_mh_262k_no25,8,8,1.0,0.25,4.93749986239709,1.0,"[""finish""]",True,True,4,0.25,[],0,0.0,[],[],[1],0.25,"[1,2]","[1,2]",0.5,Run 1::agentmemorybench:fact-mh-262k:context-0/factconsolidation_mh_262k_no25,True,True,True
Run 1,agentmemorybench:fact-mh-262k:context-0/factconsolidation_mh_262k_no26,1,3,0.3333333333333333,0.0,-4.500000196509063,0.9554455445544554,"[""search""]",True,False,2,0.0,[],0,0.0,[],[],[],0.0,[],[],0.0,Run 1::agentmemorybench:fact-mh-262k:context-0/factconsolidation_mh_262k_no26,False,True,False
Run 1,agentmemorybench:fact-mh-262k:context-0/factconsolidation_mh_262k_no26,2,3,0.6666666666666666,0.0,1.7500000447034836,1.0,"[""read""]",True,False,2,0.0,"[1,2]",2,1.0,[],"[1,2]","[1,2]",1.0,"[1,2]","[1,2]",1.0,Run 1::agentmemorybench:fact-mh-262k:context-0/factconsolidation_mh_262k_no26,True,True,False
Run 1,agentmemorybench:fact-mh-262k:context-0/factconsolidation_mh_262k_no26,3,3,1.0,1.0,7.2499998972634785,1.0,"[""finish""]",True,False,2,1.0,"[1,2]",2,1.0,"[1,2]","[1,2]","[1,2]",1.0,"[1,2]","[1,2]",1.0,Run 1::agentmemorybench:fact-mh-262k:context-0/factconsolidation_mh_262k_no26,True,True,True
Run 1,agentmemorybench:fact-mh-262k:context-0/factconsolidation_mh_262k_no27,1,8,0.125,0.0,-4.499999849125743,0.5742574257425743,"[""search""]",False,True,4,0.0,[],0,0.0,[],[],[],0.0,[],[],0.0,Run 1::agentmemorybench:fact-mh-262k:context-0/factconsolidation_mh_262k_no27,False,True,False
Run 1,agentmemorybench:fact-mh-262k:context-0/factconsolidation_mh_262k_no27,2,8,0.25,0.0,-1.3750000447034836,0.9653465346534652,"[""search""]",False,True,4,0.0,[1],1,0.25,[],[1],[1],0.25,[1],[1],0.25,Run 1::agentmemorybench:fact-mh-262k:context-0/factconsolidation_mh_262k_no27,False,True,False
Run 1,agentmemorybench:fact-mh-262k:context-0/factconsolidation_mh_262k_no27,3,8,0.375,0.0,0.0625,0.9752475247524752,"[""read""]",False,True,4,0.0,[],0,0.0,[],[],[],0.0,[1],[1],0.25,Run 1::agentmemorybench:fact-mh-262k:context-0/factconsolidation_mh_262k_no27,True,True,False
Run 1,agentmemorybench:fact-mh-262k:context-0/factconsolidation_mh_262k_no27,4,8,0.5,0.5,1.1875000149011612,1.0,"[""search""]",False,True,4,0.5,"[1,4]",2,0.5,"[1,4]","[1,4]","[1,4]",0.5,"[1,4]","[1,4]",0.5,Run 1::agentmemorybench:fact-mh-262k:context-0/factconsolidation_mh_262k_no27,True,True,False
Run 1,agentmemorybench:fact-mh-262k:context-0/factconsolidation_mh_262k_no27,5,8,0.625,0.5,1.9375,1.0,"[""read""]",False,True,4,0.5,[],0,0.0,[],[],"[1,4]",0.5,"[1,4]","[1,4]",0.5,Run 1::agentmemorybench:fact-mh-262k:context-0/factconsolidation_mh_262k_no27,True,True,False
Run 1,agentmemorybench:fact-mh-262k:context-0/factconsolidation_mh_262k_no27,6,8,0.75,0.5,4.812499966938049,1.0,"[""search""]",False,True,4,0.5,[],0,0.0,[],[],"[1,4]",0.5,"[1,4]","[1,4]",0.5,Run 1::agentmemorybench:fact-mh-262k:context-0/factconsolidation_mh_262k_no27,True,True,False
Run 1,agentmemorybench:fact-mh-262k:context-0/factconsolidation_mh_262k_no27,7,8,0.875,0.5,3.6250000428408384,1.0,"[""read""]",False,True,4,0.5,[],0,0.0,[],[],"[1,4]",0.5,"[1,4]","[1,4]",0.5,Run 1::agentmemorybench:fact-mh-262k:context-0/factconsolidation_mh_262k_no27,True,True,False
Run 1,agentmemorybench:fact-mh-262k:context-0/factconsolidation_mh_262k_no27,8,8,1.0,0.5,5.249999984400347,1.0,"[""finish""]",False,True,4,0.5,[],0,0.0,[],[],"[1,4]",0.5,"[1,4]","[1,4]",0.5,Run 1::agentmemorybench:fact-mh-262k:context-0/factconsolidation_mh_262k_no27,True,True,True
Run 1,agentmemorybench:fact-mh-262k:context-0/factconsolidation_mh_262k_no28,1,5,0.2,0.0,-3.625000074505806,0.9356435643564356,"[""search""]",True,False,2,0.0,[],0,0.0,[],[],[],0.0,[],[],0.0,Run 1::agentmemorybench:fact-mh-262k:context-0/factconsolidation_mh_262k_no28,False,True,False
Run 1,agentmemorybench:fact-mh-262k:context-0/factconsolidation_mh_262k_no28,2,5,0.4,0.0,2.1249999701976776,1.0,"[""read""]",True,False,2,0.0,[1],1,0.5,[],[1],[1],0.5,[1],[1],0.5,Run 1::agentmemorybench:fact-mh-262k:context-0/factconsolidation_mh_262k_no28,True,True,False
Run 1,agentmemorybench:fact-mh-262k:context-0/factconsolidation_mh_262k_no28,3,5,0.6,0.5,2.8749998845160007,1.0,"[""search""]",True,False,2,0.5,[1],1,0.5,[1],[1],[1],0.5,[1],[1],0.5,Run 1::agentmemorybench:fact-mh-262k:context-0/factconsolidation_mh_262k_no28,True,True,False
Run 1,agentmemorybench:fact-mh-262k:context-0/factconsolidation_mh_262k_no28,4,5,0.8,0.5,3.250000024214387,0.995049504950495,"[""read""]",True,False,2,0.5,[],0,0.0,[],[],[1],0.5,[1],[1],0.5,Run 1::agentmemorybench:fact-mh-262k:context-0/factconsolidation_mh_262k_no28,True,True,False
Run 1,agentmemorybench:fact-mh-262k:context-0/factconsolidation_mh_262k_no28,5,5,1.0,1.0,6.749999873689376,1.0,"[""finish""]",True,False,2,1.0,[2],1,0.5,[2],[2],"[1,2]",1.0,"[1,2]","[1,2]",1.0,Run 1::agentmemorybench:fact-mh-262k:context-0/factconsolidation_mh_262k_no28,True,True,True
Run 1,agentmemorybench:fact-mh-262k:context-0/factconsolidation_mh_262k_no29,1,4,0.25,0.0,-4.374999913387001,0.8712871287128713,"[""search""]",True,False,2,0.0,[],0,0.0,[],[],[],0.0,[],[],0.0,Run 1::agentmemorybench:fact-mh-262k:context-0/factconsolidation_mh_262k_no29,False,True,False
Run 1,agentmemorybench:fact-mh-262k:context-0/factconsolidation_mh_262k_no29,2,4,0.5,0.0,1.25,1.0,"[""search""]",True,False,2,0.0,[1],1,0.5,[],[1],[1],0.5,[1],[1],0.5,Run 1::agentmemorybench:fact-mh-262k:context-0/factconsolidation_mh_262k_no29,True,True,False
Run 1,agentmemorybench:fact-mh-262k:context-0/factconsolidation_mh_262k_no29,3,4,0.75,0.0,3.1250001154839993,1.0,"[""read""]",True,False,2,0.0,"[1,2]",2,1.0,[],"[1,2]","[1,2]",1.0,"[1,2]","[1,2]",1.0,Run 1::agentmemorybench:fact-mh-262k:context-0/factconsolidation_mh_262k_no29,True,True,False
Run 1,agentmemorybench:fact-mh-262k:context-0/factconsolidation_mh_262k_no29,4,4,1.0,1.0,9.000000007683411,1.0,"[""finish""]",True,False,2,1.0,"[1,2]",2,1.0,"[1,2]","[1,2]","[1,2]",1.0,"[1,2]","[1,2]",1.0,Run 1::agentmemorybench:fact-mh-262k:context-0/factconsolidation_mh_262k_no29,True,True,True
Run 1,agentmemorybench:fact-mh-262k:context-0/factconsolidation_mh_262k_no3,1,3,0.3333333333333333,0.0,-4.375000060535967,0.7920792079207921,"[""search""]",False,False,2,0.0,[],0,0.0,[],[],[],0.0,[],[],0.0,Run 1::agentmemorybench:fact-mh-262k:context-0/factconsolidation_mh_262k_no3,False,True,False
Run 1,agentmemorybench:fact-mh-262k:context-0/factconsolidation_mh_262k_no3,2,3,0.6666666666666666,0.0,3.312500035390258,1.0,"[""read""]",False,False,2,0.0,[1],1,0.5,[],[1],[1],0.5,[1],[1],0.5,Run 1::agentmemorybench:fact-mh-262k:context-0/factconsolidation_mh_262k_no3,True,True,False
Run 1,agentmemorybench:fact-mh-262k:context-0/factconsolidation_mh_262k_no3,3,3,1.0,0.5,5.874999905703589,1.0,"[""finish""]",False,False,2,0.5,[1],1,0.5,[1],[1],[1],0.5,[1],[1],0.5,Run 1::agentmemorybench:fact-mh-262k:context-0/factconsolidation_mh_262k_no3,True,True,True
Run 1,agentmemorybench:fact-mh-262k:context-0/factconsolidation_mh_262k_no30,1,3,0.3333333333333333,0.0,-3.874999994412065,0.9504950495049505,"[""search""]",True,False,2,0.0,[],0,0.0,[],[],[],0.0,[],[],0.0,Run 1::agentmemorybench:fact-mh-262k:context-0/factconsolidation_mh_262k_no30,False,True,False
Run 1,agentmemorybench:fact-mh-262k:context-0/factconsolidation_mh_262k_no30,2,3,0.6666666666666666,0.0,2.812499923631549,1.0,"[""read""]",True,False,2,0.0,"[1,2]",2,1.0,[],"[1,2]","[1,2]",1.0,"[1,2]","[1,2]",1.0,Run 1::agentmemorybench:fact-mh-262k:context-0/factconsolidation_mh_262k_no30,True,True,False
Run 1,agentmemorybench:fact-mh-262k:context-0/factconsolidation_mh_262k_no30,3,3,1.0,1.0,10.25000000073851,1.0,"[""finish""]",True,False,2,1.0,"[1,2]",2,1.0,"[1,2]","[1,2]","[1,2]",1.0,"[1,2]","[1,2]",1.0,Run 1::agentmemorybench:fact-mh-262k:context-0/factconsolidation_mh_262k_no30,True,True,True
Run 1,agentmemorybench:fact-mh-262k:context-0/factconsolidation_mh_262k_no31,1,5,0.2,0.0,-4.624999821186066,0.8168316831683169,"[""search""]",True,False,2,0.0,[],0,0.0,[],[],[],0.0,[],[],0.0,Run 1::agentmemorybench:fact-mh-262k:context-0/factconsolidation_mh_262k_no31,False,True,False
Run 1,agentmemorybench:fact-mh-262k:context-0/factconsolidation_mh_262k_no31,2,5,0.4,0.0,0.6874999850988388,1.0,"[""read""]",True,False,2,0.0,[1],1,0.5,[],[1],[1],0.5,[1],[1],0.5,Run 1::agentmemorybench:fact-mh-262k:context-0/factconsolidation_mh_262k_no31,True,True,False
Run 1,agentmemorybench:fact-mh-262k:context-0/factconsolidation_mh_262k_no31,3,5,0.6,0.5,-1.0624999850988388,0.6782178217821782,"[""search""]",True,False,2,0.5,[1],1,0.5,[1],[1],[1],0.5,[1],[1],0.5,Run 1::agentmemorybench:fact-mh-262k:context-0/factconsolidation_mh_262k_no31,False,True,False
Run 1,agentmemorybench:fact-mh-262k:context-0/factconsolidation_mh_262k_no31,4,5,0.8,0.5,3.124999951571226,1.0,"[""read""]",True,False,2,0.5,"[1,2]",2,1.0,[],"[1,2]","[1,2]",1.0,"[1,2]","[1,2]",1.0,Run 1::agentmemorybench:fact-mh-262k:context-0/factconsolidation_mh_262k_no31,True,True,False
Run 1,agentmemorybench:fact-mh-262k:context-0/factconsolidation_mh_262k_no31,5,5,1.0,1.0,8.5625001379085,1.0,"[""finish""]",True,False,2,1.0,"[1,2]",2,1.0,"[1,2]","[1,2]","[1,2]",1.0,"[1,2]","[1,2]",1.0,Run 1::agentmemorybench:fact-mh-262k:context-0/factconsolidation_mh_262k_no31,True,True,True
Run 1,agentmemorybench:fact-mh-262k:context-0/factconsolidation_mh_262k_no32,1,22,0.0454545454545454,0.0,-3.8749999441206455,0.8217821782178218,"[""search""]",False,False,4,0.0,[],0,0.0,[],[],[],0.0,[],[],0.0,Run 1::agentmemorybench:fact-mh-262k:context-0/factconsolidation_mh_262k_no32,False,True,False
Run 1,agentmemorybench:fact-mh-262k:context-0/factconsolidation_mh_262k_no32,2,22,0.0909090909090909,0.0,-7.000000209489372,0.2623762376237624,"[""search""]",False,False,4,0.0,[],0,0.0,[],[],[],0.0,[],[],0.0,Run 1::agentmemorybench:fact-mh-262k:context-0/factconsolidation_mh_262k_no32,False,False,False
Run 1,agentmemorybench:fact-mh-262k:context-0/factconsolidation_mh_262k_no32,3,22,0.1363636363636363,0.0,-5.999999941093847,0.03465346534653465,"[""read""]",False,False,4,0.0,[],0,0.0,[],[],[],0.0,[],[],0.0,Run 1::agentmemorybench:fact-mh-262k:context-0/factconsolidation_mh_262k_no32,False,False,False
Run 1,agentmemorybench:fact-mh-262k:context-0/factconsolidation_mh_262k_no32,4,22,0.1818181818181818,0.0,-2.6250000819563866,0.6237623762376238,"[""search""]",False,False,4,0.0,[],0,0.0,[],[],[],0.0,[],[],0.0,Run 1::agentmemorybench:fact-mh-262k:context-0/factconsolidation_mh_262k_no32,False,True,False
Run 1,agentmemorybench:fact-mh-262k:context-0/factconsolidation_mh_262k_no32,5,22,0.2272727272727272,0.0,-6.625000202213414,0.3564356435643564,"[""search""]",False,False,4,0.0,[],0,0.0,[],[],[],0.0,[],[],0.0,Run 1::agentmemorybench:fact-mh-262k:context-0/factconsolidation_mh_262k_no32,False,False,False
Run 1,agentmemorybench:fact-mh-262k:context-0/factconsolidation_mh_262k_no32,6,22,0.2727272727272727,0.0,-8.62499984074384,0.18316831683168316,"[""search""]",False,False,4,0.0,[],0,0.0,[],[],[],0.0,[],[],0.0,Run 1::agentmemorybench:fact-mh-262k:context-0/factconsolidation_mh_262k_no32,False,False,False
Run 1,agentmemorybench:fact-mh-262k:context-0/factconsolidation_mh_262k_no32,7,22,0.3181818181818182,0.0,-8.249999987485353,0.1089108910891089,"[""search""]",False,False,4,0.0,[4],1,0.25,[],[4],[4],0.25,[4],[4],0.25,Run 1::agentmemorybench:fact-mh-262k:context-0/factconsolidation_mh_262k_no32,False,False,False
Run 1,agentmemorybench:fact-mh-262k:context-0/factconsolidation_mh_262k_no32,8,22,0.3636363636363636,0.0,-8.187499770108843,0.12376237623762375,"[""search""]",False,False,4,0.0,[],0,0.0,[],[],[],0.0,[4],[4],0.25,Run 1::agentmemorybench:fact-mh-262k:context-0/factconsolidation_mh_262k_no32,False,False,False
Run 1,agentmemorybench:fact-mh-262k:context-0/factconsolidation_mh_262k_no32,9,22,0.4090909090909091,0.0,-7.874999778752681,0.12871287128712872,"[""search""]",False,False,4,0.0,[],0,0.0,[],[],[],0.0,[4],[4],0.25,Run 1::agentmemorybench:fact-mh-262k:context-0/factconsolidation_mh_262k_no32,False,False,False
Run 1,agentmemorybench:fact-mh-262k:context-0/factconsolidation_mh_262k_no32,10,22,0.4545454545454545,0.0,-4.87499996367842,0.995049504950495,"[""search""]",False,False,4,0.0,[1],1,0.25,[],[1],[1],0.25,"[1,4]","[1,4]",0.5,Run 1::agentmemorybench:fact-mh-262k:context-0/factconsolidation_mh_262k_no32,False,True,False
Run 1,agentmemorybench:fact-mh-262k:context-0/factconsolidation_mh_262k_no32,11,22,0.5,0.0,-4.00000006519258,0.0297029702970297,"[""read""]",False,False,4,0.0,[],0,0.0,[],[],[],0.0,"[1,4]","[1,4]",0.5,Run 1::agentmemorybench:fact-mh-262k:context-0/factconsolidation_mh_262k_no32,False,False,False
Run 1,agentmemorybench:fact-mh-262k:context-0/factconsolidation_mh_262k_no32,12,22,0.5454545454545454,0.0,-2.999999888241291,0.0297029702970297,"[""read""]",False,False,4,0.0,[],0,0.0,[],[],[],0.0,"[1,4]","[1,4]",0.5,Run 1::agentmemorybench:fact-mh-262k:context-0/factconsolidation_mh_262k_no32,False,False,False
Run 1,agentmemorybench:fact-mh-262k:context-0/factconsolidation_mh_262k_no32,13,22,0.5909090909090909,0.0,-0.5624999850988388,1.0,"[""search""]",False,False,4,0.0,[1],1,0.25,[1],[1],[1],0.25,"[1,4]","[1,4]",0.5,Run 1::agentmemorybench:fact-mh-262k:context-0/factconsolidation_mh_262k_no32,False,True,False
Run 1,agentmemorybench:fact-mh-262k:context-0/factconsolidation_mh_262k_no32,14,22,0.6363636363636364,0.0,-4.937500033760443,0.5643564356435644,"[""search""]",False,False,4,0.0,[],0,0.0,[],[],[],0.0,"[1,4]","[1,4]",0.5,Run 1::agentmemorybench:fact-mh-262k:context-0/factconsolidation_mh_262k_no32,False,True,False
Run 1,agentmemorybench:fact-mh-262k:context-0/factconsolidation_mh_262k_no32,15,22,0.6818181818181818,0.0,-5.812500065541826,0.21287128712871284,"[""search""]",False,False,4,0.0,[],0,0.0,[],[],[],0.0,"[1,4]","[1,4]",0.5,Run 1::agentmemorybench:fact-mh-262k:context-0/factconsolidation_mh_262k_no32,False,False,False
Run 1,agentmemorybench:fact-mh-262k:context-0/factconsolidation_mh_262k_no32,16,22,0.7272727272727273,0.0,-4.125000081025064,0.28217821782178215,"[""read""]",False,False,4,0.0,[],0,0.0,[],[],[],0.0,"[1,4]","[1,4]",0.5,Run 1::agentmemorybench:fact-mh-262k:context-0/factconsolidation_mh_262k_no32,False,False,False
Run 1,agentmemorybench:fact-mh-262k:context-0/factconsolidation_mh_262k_no32,17,22,0.7727272727272727,0.0,-2.6250000037252903,1.0,"[""read""]",False,False,4,0.0,[1],1,0.25,[1],[1],[1],0.25,"[1,4]","[1,4]",0.5,Run 1::agentmemorybench:fact-mh-262k:context-0/factconsolidation_mh_262k_no32,False,True,False
Run 1,agentmemorybench:fact-mh-262k:context-0/factconsolidation_mh_262k_no32,18,22,0.8181818181818182,0.0,-2.4374999552965164,1.0,"[""read""]",False,False,4,0.0,[1],1,0.25,[1],[1],[1],0.25,"[1,4]","[1,4]",0.5,Run 1::agentmemorybench:fact-mh-262k:context-0/factconsolidation_mh_262k_no32,False,True,False
Run 1,agentmemorybench:fact-mh-262k:context-0/factconsolidation_mh_262k_no32,19,22,0.8636363636363636,0.25,-1.1250000298023224,0.99009900990099,"[""read""]",False,False,4,0.25,[1],1,0.25,[1],[1],[1],0.25,"[1,4]","[1,4]",0.5,Run 1::agentmemorybench:fact-mh-262k:context-0/factconsolidation_mh_262k_no32,False,True,False
Run 1,agentmemorybench:fact-mh-262k:context-0/factconsolidation_mh_262k_no32,20,22,0.9090909090909092,0.25,-2.375000052154064,0.9306930693069309,"[""read""]",False,False,4,0.25,[1],1,0.25,[1],[1],[1],0.25,"[1,4]","[1,4]",0.5,Run 1::agentmemorybench:fact-mh-262k:context-0/factconsolidation_mh_262k_no32,False,True,False
Run 1,agentmemorybench:fact-mh-262k:context-0/factconsolidation_mh_262k_no32,21,22,0.9545454545454546,0.25,-2.749999964609742,0.9702970297029703,"[""search""]",False,False,4,0.25,[],0,0.0,[],[],[1],0.25,"[1,4]","[1,4]",0.5,Run 1::agentmemorybench:fact-mh-262k:context-0/factconsolidation_mh_262k_no32,False,True,False
Run 1,agentmemorybench:fact-mh-262k:context-0/factconsolidation_mh_262k_no32,22,22,1.0,0.25,-4.562499976716936,0.4207920792079207,"[""finish""]",False,False,4,0.25,[],0,0.0,[],[],[1],0.25,"[1,4]","[1,4]",0.5,Run 1::agentmemorybench:fact-mh-262k:context-0/factconsolidation_mh_262k_no32,False,False,True
Run 1,agentmemorybench:fact-mh-262k:context-0/factconsolidation_mh_262k_no33,1,12,0.0833333333333333,0.0,-4.374999783933163,0.9207920792079208,"[""search""]",False,True,3,0.0,[],0,0.0,[],[],[],0.0,[],[],0.0,Run 1::agentmemorybench:fact-mh-262k:context-0/factconsolidation_mh_262k_no33,False,True,False
Run 1,agentmemorybench:fact-mh-262k:context-0/factconsolidation_mh_262k_no33,2,12,0.1666666666666666,0.0,0.125,1.0,"[""read""]",False,True,3,0.0,[1],1,0.3333333333333333,[],[1],[1],0.3333333333333333,[1],[1],0.3333333333333333,Run 1::agentmemorybench:fact-mh-262k:context-0/factconsolidation_mh_262k_no33,True,True,False
Run 1,agentmemorybench:fact-mh-262k:context-0/factconsolidation_mh_262k_no33,3,12,0.25,0.3333333333333333,2.2500000186264515,1.0,"[""search""]",False,True,3,0.3333333333333333,[1],1,0.3333333333333333,[1],[1],[1],0.3333333333333333,[1],[1],0.3333333333333333,Run 1::agentmemorybench:fact-mh-262k:context-0/factconsolidation_mh_262k_no33,True,True,False
Run 1,agentmemorybench:fact-mh-262k:context-0/factconsolidation_mh_262k_no33,4,12,0.3333333333333333,0.3333333333333333,0.9375000298023224,0.995049504950495,"[""search""]",False,True,3,0.3333333333333333,[],0,0.0,[],[],[1],0.3333333333333333,[1],[1],0.3333333333333333,Run 1::agentmemorybench:fact-mh-262k:context-0/factconsolidation_mh_262k_no33,True,True,False
Run 1,agentmemorybench:fact-mh-262k:context-0/factconsolidation_mh_262k_no33,5,12,0.4166666666666667,0.3333333333333333,-0.25,0.995049504950495,"[""read""]",False,True,3,0.3333333333333333,[],0,0.0,[],[],[1],0.3333333333333333,[1],[1],0.3333333333333333,Run 1::agentmemorybench:fact-mh-262k:context-0/factconsolidation_mh_262k_no33,False,True,False
Run 1,agentmemorybench:fact-mh-262k:context-0/factconsolidation_mh_262k_no33,6,12,0.5,0.3333333333333333,0.3125,1.0,"[""search""]",False,True,3,0.3333333333333333,[],0,0.0,[],[],[1],0.3333333333333333,[1],[1],0.3333333333333333,Run 1::agentmemorybench:fact-mh-262k:context-0/factconsolidation_mh_262k_no33,True,True,False
Run 1,agentmemorybench:fact-mh-262k:context-0/factconsolidation_mh_262k_no33,7,12,0.5833333333333334,0.3333333333333333,-1.8749999776482582,0.9653465346534653,"[""search""]",False,True,3,0.3333333333333333,[],0,0.0,[],[],[1],0.3333333333333333,[1],[1],0.3333333333333333,Run 1::agentmemorybench:fact-mh-262k:context-0/factconsolidation_mh_262k_no33,False,True,False
Run 1,agentmemorybench:fact-mh-262k:context-0/factconsolidation_mh_262k_no33,8,12,0.6666666666666666,0.3333333333333333,-2.6875000670552254,0.9702970297029703,"[""search""]",False,True,3,0.3333333333333333,[],0,0.0,[],[],[1],0.3333333333333333,[1],[1],0.3333333333333333,Run 1::agentmemorybench:fact-mh-262k:context-0/factconsolidation_mh_262k_no33,False,True,False
Run 1,agentmemorybench:fact-mh-262k:context-0/factconsolidation_mh_262k_no33,9,12,0.75,0.3333333333333333,-3.5624999227002263,0.9752475247524752,"[""search""]",False,True,3,0.3333333333333333,[],0,0.0,[],[],[1],0.3333333333333333,[1],[1],0.3333333333333333,Run 1::agentmemorybench:fact-mh-262k:context-0/factconsolidation_mh_262k_no33,False,True,False
Run 1,agentmemorybench:fact-mh-262k:context-0/factconsolidation_mh_262k_no33,10,12,0.8333333333333334,0.3333333333333333,-4.999999932013452,0.9356435643564357,"[""search""]",False,True,3,0.3333333333333333,[],0,0.0,[],[],[1],0.3333333333333333,[1],[1],0.3333333333333333,Run 1::agentmemorybench:fact-mh-262k:context-0/factconsolidation_mh_262k_no33,False,True,False
Run 1,agentmemorybench:fact-mh-262k:context-0/factconsolidation_mh_262k_no33,11,12,0.9166666666666666,0.3333333333333333,-4.5624998467974365,0.9702970297029703,"[""search""]",False,True,3,0.3333333333333333,[],0,0.0,[],[],[1],0.3333333333333333,[1],[1],0.3333333333333333,Run 1::agentmemorybench:fact-mh-262k:context-0/factconsolidation_mh_262k_no33,False,True,False
Run 1,agentmemorybench:fact-mh-262k:context-0/factconsolidation_mh_262k_no33,12,12,1.0,0.3333333333333333,-4.187500084284693,0.7079207920792079,"[""finish""]",False,True,3,0.3333333333333333,[],0,0.0,[],[],[1],0.3333333333333333,[1],[1],0.3333333333333333,Run 1::agentmemorybench:fact-mh-262k:context-0/factconsolidation_mh_262k_no33,False,True,True
Run 1,agentmemorybench:fact-mh-262k:context-0/factconsolidation_mh_262k_no34,1,13,0.0769230769230769,0.0,-5.2500001126900315,0.7920792079207921,"[""search""]",False,False,3,0.0,[],0,0.0,[],[],[],0.0,[],[],0.0,Run 1::agentmemorybench:fact-mh-262k:context-0/factconsolidation_mh_262k_no34,False,True,False
Run 1,agentmemorybench:fact-mh-262k:context-0/factconsolidation_mh_262k_no34,2,13,0.1538461538461538,0.0,-3.625000085681677,0.5594059405940595,"[""search""]",False,False,3,0.0,[1],1,0.3333333333333333,[],[1],[1],0.3333333333333333,[1],[1],0.3333333333333333,Run 1::agentmemorybench:fact-mh-262k:context-0/factconsolidation_mh_262k_no34,False,True,False
Run 1,agentmemorybench:fact-mh-262k:context-0/factconsolidation_mh_262k_no34,3,13,0.2307692307692307,0.0,-6.874999932246283,0.9702970297029703,"[""search""]",False,False,3,0.0,[1],1,0.3333333333333333,[],[1],[1],0.3333333333333333,[1],[1],0.3333333333333333,Run 1::agentmemorybench:fact-mh-262k:context-0/factconsolidation_mh_262k_no34,False,True,False
Run 1,agentmemorybench:fact-mh-262k:context-0/factconsolidation_mh_262k_no34,4,13,0.3076923076923077,0.0,-6.375000032945536,0.8861386138613861,"[""search_more""]",False,False,3,0.0,[1],1,0.3333333333333333,[],[1],[1],0.3333333333333333,[1],[1],0.3333333333333333,Run 1::agentmemorybench:fact-mh-262k:context-0/factconsolidation_mh_262k_no34,False,True,False
Run 1,agentmemorybench:fact-mh-262k:context-0/factconsolidation_mh_262k_no34,5,13,0.3846153846153846,0.0,-6.187500033760443,1.0,"[""read""]",False,False,3,0.0,[],0,0.0,[],[],[],0.0,[1],[1],0.3333333333333333,Run 1::agentmemorybench:fact-mh-262k:context-0/factconsolidation_mh_262k_no34,False,True,False
Run 1,agentmemorybench:fact-mh-262k:context-0/factconsolidation_mh_262k_no34,6,13,0.4615384615384615,0.3333333333333333,-6.625000098254532,1.0,"[""search""]",False,False,3,0.3333333333333333,[1],1,0.3333333333333333,[1],[1],[1],0.3333333333333333,[1],[1],0.3333333333333333,Run 1::agentmemorybench:fact-mh-262k:context-0/factconsolidation_mh_262k_no34,False,True,False
Run 1,agentmemorybench:fact-mh-262k:context-0/factconsolidation_mh_262k_no34,7,13,0.5384615384615384,0.3333333333333333,-6.2499999408610165,0.9207920792079207,"[""search""]",False,False,3,0.3333333333333333,[],0,0.0,[],[],[1],0.3333333333333333,[1],[1],0.3333333333333333,Run 1::agentmemorybench:fact-mh-262k:context-0/factconsolidation_mh_262k_no34,False,True,False
Run 1,agentmemorybench:fact-mh-262k:context-0/factconsolidation_mh_262k_no34,8,13,0.6153846153846154,0.3333333333333333,-5.562499824911356,0.7079207920792079,"[""search""]",False,False,3,0.3333333333333333,[],0,0.0,[],[],[1],0.3333333333333333,[1],[1],0.3333333333333333,Run 1::agentmemorybench:fact-mh-262k:context-0/factconsolidation_mh_262k_no34,False,True,False
Run 1,agentmemorybench:fact-mh-262k:context-0/factconsolidation_mh_262k_no34,9,13,0.6923076923076923,0.3333333333333333,-6.437500027357601,0.9851485148514851,"[""search""]",False,False,3,0.3333333333333333,[],0,0.0,[],[],[1],0.3333333333333333,[1],[1],0.3333333333333333,Run 1::agentmemorybench:fact-mh-262k:context-0/factconsolidation_mh_262k_no34,False,True,False
Run 1,agentmemorybench:fact-mh-262k:context-0/factconsolidation_mh_262k_no34,10,13,0.7692307692307693,0.3333333333333333,-6.937499918218236,0.09405940594059405,"[""search""]",False,False,3,0.3333333333333333,[],0,0.0,[],[],[1],0.3333333333333333,[1],[1],0.3333333333333333,Run 1::agentmemorybench:fact-mh-262k:context-0/factconsolidation_mh_262k_no34,False,False,False
Run 1,agentmemorybench:fact-mh-262k:context-0/factconsolidation_mh_262k_no34,11,13,0.8461538461538461,0.3333333333333333,-7.312499974825187,0.8861386138613861,"[""search_more""]",False,False,3,0.3333333333333333,[],0,0.0,[],[],[1],0.3333333333333333,[1],[1],0.3333333333333333,Run 1::agentmemorybench:fact-mh-262k:context-0/factconsolidation_mh_262k_no34,False,True,False
Run 1,agentmemorybench:fact-mh-262k:context-0/factconsolidation_mh_262k_no34,12,13,0.9230769230769232,0.3333333333333333,-6.874999820603989,0.9653465346534653,"[""search""]",False,False,3,0.3333333333333333,[],0,0.0,[],[],[1],0.3333333333333333,[1],[1],0.3333333333333333,Run 1::agentmemorybench:fact-mh-262k:context-0/factconsolidation_mh_262k_no34,False,True,False
Run 1,agentmemorybench:fact-mh-262k:context-0/factconsolidation_mh_262k_no34,13,13,1.0,0.3333333333333333,-6.499999979976565,0.0099009900990099,"[""finish""]",False,False,3,0.3333333333333333,[],0,0.0,[],[],[1],0.3333333333333333,[1],[1],0.3333333333333333,Run 1::agentmemorybench:fact-mh-262k:context-0/factconsolidation_mh_262k_no34,False,False,True
Run 1,agentmemorybench:fact-mh-262k:context-0/factconsolidation_mh_262k_no35,1,8,0.125,0.0,-4.500000171363354,0.9158415841584158,"[""search""]",True,True,4,0.0,[],0,0.0,[],[],[],0.0,[],[],0.0,Run 1::agentmemorybench:fact-mh-262k:context-0/factconsolidation_mh_262k_no35,False,True,False
Run 1,agentmemorybench:fact-mh-262k:context-0/factconsolidation_mh_262k_no35,2,8,0.25,0.0,1.6249999552965164,0.8168316831683169,"[""search""]",True,True,4,0.0,[1],1,0.25,[],[1],[1],0.25,[1],[1],0.25,Run 1::agentmemorybench:fact-mh-262k:context-0/factconsolidation_mh_262k_no35,True,True,False
Run 1,agentmemorybench:fact-mh-262k:context-0/factconsolidation_mh_262k_no35,3,8,0.375,0.0,1.4374999552965164,0.9653465346534653,"[""read""]",True,True,4,0.0,[2],1,0.25,[],[2],[2],0.25,"[1,2]","[1,2]",0.5,Run 1::agentmemorybench:fact-mh-262k:context-0/factconsolidation_mh_262k_no35,True,True,False
Run 1,agentmemorybench:fact-mh-262k:context-0/factconsolidation_mh_262k_no35,4,8,0.5,0.5,2.3750000447034836,1.0,"[""search""]",True,True,4,0.5,"[1,2]",2,0.5,"[1,2]","[1,2]","[1,2]",0.5,"[1,2]","[1,2]",0.5,Run 1::agentmemorybench:fact-mh-262k:context-0/factconsolidation_mh_262k_no35,True,True,False
Run 1,agentmemorybench:fact-mh-262k:context-0/factconsolidation_mh_262k_no35,5,8,0.625,0.5,1.8750000447034836,0.995049504950495,"[""read""]",True,True,4,0.5,[3],1,0.25,[],[3],"[1,2,3]",0.75,"[1,2,3]","[1,2,3]",0.75,Run 1::agentmemorybench:fact-mh-262k:context-0/factconsolidation_mh_262k_no35,True,True,False
Run 1,agentmemorybench:fact-mh-262k:context-0/factconsolidation_mh_262k_no35,6,8,0.75,0.75,1.9375000670552254,0.995049504950495,"[""search""]",True,True,4,0.75,[3],1,0.25,[3],[3],"[1,2,3]",0.75,"[1,2,3]","[1,2,3]",0.75,Run 1::agentmemorybench:fact-mh-262k:context-0/factconsolidation_mh_262k_no35,True,True,False
Run 1,agentmemorybench:fact-mh-262k:context-0/factconsolidation_mh_262k_no35,7,8,0.875,0.75,3.562500092200935,1.0,"[""read""]",True,True,4,0.75,[4],1,0.25,[],[4],"[1,2,3,4]",1.0,"[1,2,3,4]","[1,2,3,4]",1.0,Run 1::agentmemorybench:fact-mh-262k:context-0/factconsolidation_mh_262k_no35,True,True,False
Run 1,agentmemorybench:fact-mh-262k:context-0/factconsolidation_mh_262k_no35,8,8,1.0,1.0,6.062500051106326,1.0,"[""finish""]",True,True,4,1.0,[4],1,0.25,[4],[4],"[1,2,3,4]",1.0,"[1,2,3,4]","[1,2,3,4]",1.0,Run 1::agentmemorybench:fact-mh-262k:context-0/factconsolidation_mh_262k_no35,True,True,True
Run 1,agentmemorybench:fact-mh-262k:context-0/factconsolidation_mh_262k_no36,1,10,0.1,0.0,-3.749999933876097,0.6485148514851485,"[""search""]",False,True,4,0.0,[],0,0.0,[],[],[],0.0,[],[],0.0,Run 1::agentmemorybench:fact-mh-262k:context-0/factconsolidation_mh_262k_no36,False,True,False
Run 1,agentmemorybench:fact-mh-262k:context-0/factconsolidation_mh_262k_no36,2,10,0.2,0.0,-1.75,0.9851485148514851,"[""search""]",False,True,4,0.0,[1],1,0.25,[],[1],[1],0.25,[1],[1],0.25,Run 1::agentmemorybench:fact-mh-262k:context-0/factconsolidation_mh_262k_no36,False,True,False
Run 1,agentmemorybench:fact-mh-262k:context-0/factconsolidation_mh_262k_no36,3,10,0.3,0.0,-5.31249992758967,0.9554455445544554,"[""read""]",False,True,4,0.0,[1],1,0.25,[],[1],[1],0.25,[1],[1],0.25,Run 1::agentmemorybench:fact-mh-262k:context-0/factconsolidation_mh_262k_no36,False,True,False
Run 1,agentmemorybench:fact-mh-262k:context-0/factconsolidation_mh_262k_no36,4,10,0.4,0.25,-2.6249999813735485,0.1188118811881188,"[""search""]",False,True,4,0.25,[1],1,0.25,[1],[1],[1],0.25,[1],[1],0.25,Run 1::agentmemorybench:fact-mh-262k:context-0/factconsolidation_mh_262k_no36,False,False,False
Run 1,agentmemorybench:fact-mh-262k:context-0/factconsolidation_mh_262k_no36,5,10,0.5,0.25,0.9375000149011612,1.0,"[""search""]",False,True,4,0.25,[1],1,0.25,[],[1],[1],0.25,[1],[1],0.25,Run 1::agentmemorybench:fact-mh-262k:context-0/factconsolidation_mh_262k_no36,True,True,False
Run 1,agentmemorybench:fact-mh-262k:context-0/factconsolidation_mh_262k_no36,6,10,0.6,0.25,2.624999925494194,1.0,"[""search""]",False,True,4,0.25,[1],1,0.25,[],[1],[1],0.25,[1],[1],0.25,Run 1::agentmemorybench:fact-mh-262k:context-0/factconsolidation_mh_262k_no36,True,True,False
Run 1,agentmemorybench:fact-mh-262k:context-0/factconsolidation_mh_262k_no36,7,10,0.7,0.25,1.4375000223517418,0.8217821782178218,"[""search""]",False,True,4,0.25,"[1,3]",2,0.5,[],"[1,3]","[1,3]",0.5,"[1,3]","[1,3]",0.5,Run 1::agentmemorybench:fact-mh-262k:context-0/factconsolidation_mh_262k_no36,True,True,False
Run 1,agentmemorybench:fact-mh-262k:context-0/factconsolidation_mh_262k_no36,8,10,0.8,0.25,1.9374999701976776,1.0,"[""search""]",False,True,4,0.25,"[1,3]",2,0.5,[],"[1,3]","[1,3]",0.5,"[1,3]","[1,3]",0.5,Run 1::agentmemorybench:fact-mh-262k:context-0/factconsolidation_mh_262k_no36,True,True,False
Run 1,agentmemorybench:fact-mh-262k:context-0/factconsolidation_mh_262k_no36,9,10,0.9,0.25,2.124999973922968,1.0,"[""read""]",False,True,4,0.25,"[1,3]",2,0.5,[],"[1,3]","[1,3]",0.5,"[1,3]","[1,3]",0.5,Run 1::agentmemorybench:fact-mh-262k:context-0/factconsolidation_mh_262k_no36,True,True,False
Run 1,agentmemorybench:fact-mh-262k:context-0/factconsolidation_mh_262k_no36,10,10,1.0,0.25,7.500000099331373,1.0,"[""finish""]",False,True,4,0.25,[3],1,0.25,[3],[3],"[1,3]",0.5,"[1,3]","[1,3]",0.5,Run 1::agentmemorybench:fact-mh-262k:context-0/factconsolidation_mh_262k_no36,True,True,True
Run 1,agentmemorybench:fact-mh-262k:context-0/factconsolidation_mh_262k_no37,1,4,0.25,0.0,-4.8750000349245965,0.7277227722772277,"[""search""]",True,False,2,0.0,[],0,0.0,[],[],[],0.0,[],[],0.0,Run 1::agentmemorybench:fact-mh-262k:context-0/factconsolidation_mh_262k_no37,False,True,False
Run 1,agentmemorybench:fact-mh-262k:context-0/factconsolidation_mh_262k_no37,2,4,0.5,0.0,3.0625000093132257,1.0,"[""search""]",True,False,2,0.0,[1],1,0.5,[],[1],[1],0.5,[1],[1],0.5,Run 1::agentmemorybench:fact-mh-262k:context-0/factconsolidation_mh_262k_no37,True,True,False
Run 1,agentmemorybench:fact-mh-262k:context-0/factconsolidation_mh_262k_no37,3,4,0.75,0.0,1.8124999776482582,0.995049504950495,"[""read""]",True,False,2,0.0,[2],1,0.5,[],[2],[2],0.5,"[1,2]","[1,2]",1.0,Run 1::agentmemorybench:fact-mh-262k:context-0/factconsolidation_mh_262k_no37,True,True,False
Run 1,agentmemorybench:fact-mh-262k:context-0/factconsolidation_mh_262k_no37,4,4,1.0,1.0,8.062499752675649,1.0,"[""finish""]",True,False,2,1.0,"[1,2]",2,1.0,"[1,2]","[1,2]","[1,2]",1.0,"[1,2]","[1,2]",1.0,Run 1::agentmemorybench:fact-mh-262k:context-0/factconsolidation_mh_262k_no37,True,True,True
Run 1,agentmemorybench:fact-mh-262k:context-0/factconsolidation_mh_262k_no38,1,4,0.25,0.0,-3.5624999832361937,0.8712871287128712,"[""search""]",False,False,2,0.0,[],0,0.0,[],[],[],0.0,[],[],0.0,Run 1::agentmemorybench:fact-mh-262k:context-0/factconsolidation_mh_262k_no38,False,True,False
Run 1,agentmemorybench:fact-mh-262k:context-0/factconsolidation_mh_262k_no38,2,4,0.5,0.0,3.062500035390258,1.0,"[""search""]",False,False,2,0.0,[1],1,0.5,[],[1],[1],0.5,[1],[1],0.5,Run 1::agentmemorybench:fact-mh-262k:context-0/factconsolidation_mh_262k_no38,True,True,False
Run 1,agentmemorybench:fact-mh-262k:context-0/factconsolidation_mh_262k_no38,3,4,0.75,0.0,3.374999973922968,1.0,"[""read""]",False,False,2,0.0,"[1,2]",2,1.0,[],"[1,2]","[1,2]",1.0,"[1,2]","[1,2]",1.0,Run 1::agentmemorybench:fact-mh-262k:context-0/factconsolidation_mh_262k_no38,True,True,False
Run 1,agentmemorybench:fact-mh-262k:context-0/factconsolidation_mh_262k_no38,4,4,1.0,1.0,7.187500110274414,1.0,"[""finish""]",False,False,2,1.0,"[1,2]",2,1.0,"[1,2]","[1,2]","[1,2]",1.0,"[1,2]","[1,2]",1.0,Run 1::agentmemorybench:fact-mh-262k:context-0/factconsolidation_mh_262k_no38,True,True,True
Run 1,agentmemorybench:fact-mh-262k:context-0/factconsolidation_mh_262k_no39,1,10,0.1,0.0,-6.0000000215368345,0.4554455445544554,"[""search""]",True,False,2,0.0,[],0,0.0,[],[],[],0.0,[],[],0.0,Run 1::agentmemorybench:fact-mh-262k:context-0/factconsolidation_mh_262k_no39,False,False,False
Run 1,agentmemorybench:fact-mh-262k:context-0/factconsolidation_mh_262k_no39,2,10,0.2,0.0,-0.1875,0.9752475247524752,"[""read""]",True,False,2,0.0,[1],1,0.5,[],[1],[1],0.5,[1],[1],0.5,Run 1::agentmemorybench:fact-mh-262k:context-0/factconsolidation_mh_262k_no39,False,True,False
Run 1,agentmemorybench:fact-mh-262k:context-0/factconsolidation_mh_262k_no39,3,10,0.3,0.5,2.0000000931322575,0.9504950495049505,"[""search""]",True,False,2,0.5,[1],1,0.5,[1],[1],[1],0.5,[1],[1],0.5,Run 1::agentmemorybench:fact-mh-262k:context-0/factconsolidation_mh_262k_no39,True,True,False
Run 1,agentmemorybench:fact-mh-262k:context-0/factconsolidation_mh_262k_no39,4,10,0.4,0.5,3.5000000251457095,0.9801980198019802,"[""read""]",True,False,2,0.5,[2],1,0.5,[],[2],"[1,2]",1.0,"[1,2]","[1,2]",1.0,Run 1::agentmemorybench:fact-mh-262k:context-0/factconsolidation_mh_262k_no39,True,True,False
Run 1,agentmemorybench:fact-mh-262k:context-0/factconsolidation_mh_262k_no39,5,10,0.5,1.0,6.750000090454705,1.0,"[""read""]",True,False,2,1.0,[2],1,0.5,[2],[2],"[1,2]",1.0,"[1,2]","[1,2]",1.0,Run 1::agentmemorybench:fact-mh-262k:context-0/factconsolidation_mh_262k_no39,True,True,False
Run 1,agentmemorybench:fact-mh-262k:context-0/factconsolidation_mh_262k_no39,6,10,0.6,1.0,4.187500121537596,0.9851485148514851,"[""search""]",True,False,2,1.0,[],0,0.0,[],[],"[1,2]",1.0,"[1,2]","[1,2]",1.0,Run 1::agentmemorybench:fact-mh-262k:context-0/factconsolidation_mh_262k_no39,True,True,False
Run 1,agentmemorybench:fact-mh-262k:context-0/factconsolidation_mh_262k_no39,7,10,0.7,1.0,3.874999894760549,0.9455445544554455,"[""read""]",True,False,2,1.0,[],0,0.0,[],[],"[1,2]",1.0,"[1,2]","[1,2]",1.0,Run 1::agentmemorybench:fact-mh-262k:context-0/factconsolidation_mh_262k_no39,True,True,False
Run 1,agentmemorybench:fact-mh-262k:context-0/factconsolidation_mh_262k_no39,8,10,0.8,1.0,4.87500015553087,0.995049504950495,"[""search""]",True,False,2,1.0,[],0,0.0,[],[],"[1,2]",1.0,"[1,2]","[1,2]",1.0,Run 1::agentmemorybench:fact-mh-262k:context-0/factconsolidation_mh_262k_no39,True,True,False
Run 1,agentmemorybench:fact-mh-262k:context-0/factconsolidation_mh_262k_no39,9,10,0.9,1.0,6.374999950290658,1.0,"[""search""]",True,False,2,1.0,[],0,0.0,[],[],"[1,2]",1.0,"[1,2]","[1,2]",1.0,Run 1::agentmemorybench:fact-mh-262k:context-0/factconsolidation_mh_262k_no39,True,True,False
Run 1,agentmemorybench:fact-mh-262k:context-0/factconsolidation_mh_262k_no39,10,10,1.0,1.0,6.499999940919224,1.0,"[""finish""]",True,False,2,1.0,[],0,0.0,[],[],"[1,2]",1.0,"[1,2]","[1,2]",1.0,Run 1::agentmemorybench:fact-mh-262k:context-0/factconsolidation_mh_262k_no39,True,True,True
Run 1,agentmemorybench:fact-mh-262k:context-0/factconsolidation_mh_262k_no4,1,5,0.2,0.0,-4.249999784864485,0.8168316831683169,"[""search""]",True,True,2,0.0,[],0,0.0,[],[],[],0.0,[],[],0.0,Run 1::agentmemorybench:fact-mh-262k:context-0/factconsolidation_mh_262k_no4,False,True,False
Run 1,agentmemorybench:fact-mh-262k:context-0/factconsolidation_mh_262k_no4,2,5,0.4,0.0,-1.0624999701976776,0.4653465346534653,"[""read""]",True,True,2,0.0,[],0,0.0,[],[],[],0.0,[],[],0.0,Run 1::agentmemorybench:fact-mh-262k:context-0/factconsolidation_mh_262k_no4,False,False,False
Run 1,agentmemorybench:fact-mh-262k:context-0/factconsolidation_mh_262k_no4,3,5,0.6,0.0,2.8749999832361937,1.0,"[""search""]",True,True,2,0.0,[],0,0.0,[],[],[],0.0,[],[],0.0,Run 1::agentmemorybench:fact-mh-262k:context-0/factconsolidation_mh_262k_no4,True,True,False
Run 1,agentmemorybench:fact-mh-262k:context-0/factconsolidation_mh_262k_no4,4,5,0.8,0.0,3.2500000074505806,1.0,"[""read""]",True,True,2,0.0,"[1,2]",2,1.0,[],"[1,2]","[1,2]",1.0,"[1,2]","[1,2]",1.0,Run 1::agentmemorybench:fact-mh-262k:context-0/factconsolidation_mh_262k_no4,True,True,False
Run 1,agentmemorybench:fact-mh-262k:context-0/factconsolidation_mh_262k_no4,5,5,1.0,1.0,4.875000050989911,1.0,"[""finish""]",True,True,2,1.0,"[1,2]",2,1.0,"[1,2]","[1,2]","[1,2]",1.0,"[1,2]","[1,2]",1.0,Run 1::agentmemorybench:fact-mh-262k:context-0/factconsolidation_mh_262k_no4,True,True,True
Run 1,agentmemorybench:fact-mh-262k:context-0/factconsolidation_mh_262k_no40,1,5,0.2,0.0,-4.0624998807907104,0.9059405940594059,"[""search""]",True,False,2,0.0,[],0,0.0,[],[],[],0.0,[],[],0.0,Run 1::agentmemorybench:fact-mh-262k:context-0/factconsolidation_mh_262k_no40,False,True,False
Run 1,agentmemorybench:fact-mh-262k:context-0/factconsolidation_mh_262k_no40,2,5,0.4,0.0,3.062500024214387,1.0,"[""read""]",True,False,2,0.0,[1],1,0.5,[],[1],[1],0.5,[1],[1],0.5,Run 1::agentmemorybench:fact-mh-262k:context-0/factconsolidation_mh_262k_no40,True,True,False
Run 1,agentmemorybench:fact-mh-262k:context-0/factconsolidation_mh_262k_no40,3,5,0.6,0.5,3.187500026077032,1.0,"[""search""]",True,False,2,0.5,[1],1,0.5,[1],[1],[1],0.5,[1],[1],0.5,Run 1::agentmemorybench:fact-mh-262k:context-0/factconsolidation_mh_262k_no40,True,True,False
Run 1,agentmemorybench:fact-mh-262k:context-0/factconsolidation_mh_262k_no40,4,5,0.8,0.5,3.9375000884756446,1.0,"[""read""]",True,False,2,0.5,[2],1,0.5,[],[2],"[1,2]",1.0,"[1,2]","[1,2]",1.0,Run 1::agentmemorybench:fact-mh-262k:context-0/factconsolidation_mh_262k_no40,True,True,False
Run 1,agentmemorybench:fact-mh-262k:context-0/factconsolidation_mh_262k_no40,5,5,1.0,1.0,7.937499885694706,1.0,"[""finish""]",True,False,2,1.0,[2],1,0.5,[2],[2],"[1,2]",1.0,"[1,2]","[1,2]",1.0,Run 1::agentmemorybench:fact-mh-262k:context-0/factconsolidation_mh_262k_no40,True,True,True
Run 1,agentmemorybench:fact-mh-262k:context-0/factconsolidation_mh_262k_no41,1,12,0.0833333333333333,0.0,-3.8124999403953552,0.9306930693069306,"[""search""]",True,False,2,0.0,[],0,0.0,[],[],[],0.0,[],[],0.0,Run 1::agentmemorybench:fact-mh-262k:context-0/factconsolidation_mh_262k_no41,False,True,False
Run 1,agentmemorybench:fact-mh-262k:context-0/factconsolidation_mh_262k_no41,2,12,0.1666666666666666,0.0,-0.4375000298023224,0.9801980198019802,"[""read""]",True,False,2,0.0,"[1,2]",2,1.0,[],"[1,2]","[1,2]",1.0,"[1,2]","[1,2]",1.0,Run 1::agentmemorybench:fact-mh-262k:context-0/factconsolidation_mh_262k_no41,False,True,False
Run 1,agentmemorybench:fact-mh-262k:context-0/factconsolidation_mh_262k_no41,3,12,0.25,0.5,2.0625000447034836,1.0,"[""search""]",True,False,2,0.5,"[1,2]",2,1.0,"[1,2]","[1,2]","[1,2]",1.0,"[1,2]","[1,2]",1.0,Run 1::agentmemorybench:fact-mh-262k:context-0/factconsolidation_mh_262k_no41,True,True,False
Run 1,agentmemorybench:fact-mh-262k:context-0/factconsolidation_mh_262k_no41,4,12,0.3333333333333333,0.5,-0.125,1.0,"[""search""]",True,False,2,0.5,[2],1,0.5,[],[2],"[1,2]",1.0,"[1,2]","[1,2]",1.0,Run 1::agentmemorybench:fact-mh-262k:context-0/factconsolidation_mh_262k_no41,False,True,False
Run 1,agentmemorybench:fact-mh-262k:context-0/factconsolidation_mh_262k_no41,5,12,0.4166666666666667,0.5,-0.7499999552965164,1.0,"[""search""]",True,False,2,0.5,[2],1,0.5,[],[2],"[1,2]",1.0,"[1,2]","[1,2]",1.0,Run 1::agentmemorybench:fact-mh-262k:context-0/factconsolidation_mh_262k_no41,False,True,False
Run 1,agentmemorybench:fact-mh-262k:context-0/factconsolidation_mh_262k_no41,6,12,0.5,0.5,-1.2500000298023224,1.0,"[""read""]",True,False,2,0.5,[2],1,0.5,[],[2],"[1,2]",1.0,"[1,2]","[1,2]",1.0,Run 1::agentmemorybench:fact-mh-262k:context-0/factconsolidation_mh_262k_no41,False,True,False
Run 1,agentmemorybench:fact-mh-262k:context-0/factconsolidation_mh_262k_no41,7,12,0.5833333333333334,1.0,-0.1875,1.0,"[""search""]",True,False,2,1.0,"[1,2]",2,1.0,"[1,2]","[1,2]","[1,2]",1.0,"[1,2]","[1,2]",1.0,Run 1::agentmemorybench:fact-mh-262k:context-0/factconsolidation_mh_262k_no41,False,True,False
Run 1,agentmemorybench:fact-mh-262k:context-0/factconsolidation_mh_262k_no41,8,12,0.6666666666666666,1.0,-0.8749999850988388,0.9356435643564356,"[""search""]",True,False,2,1.0,[],0,0.0,[],[],"[1,2]",1.0,"[1,2]","[1,2]",1.0,Run 1::agentmemorybench:fact-mh-262k:context-0/factconsolidation_mh_262k_no41,False,True,False
Run 1,agentmemorybench:fact-mh-262k:context-0/factconsolidation_mh_262k_no41,9,12,0.75,1.0,-1.6249999701976776,0.9752475247524752,"[""search""]",True,False,2,1.0,[],0,0.0,[],[],"[1,2]",1.0,"[1,2]","[1,2]",1.0,Run 1::agentmemorybench:fact-mh-262k:context-0/factconsolidation_mh_262k_no41,False,True,False
Run 1,agentmemorybench:fact-mh-262k:context-0/factconsolidation_mh_262k_no41,10,12,0.8333333333333334,1.0,-1.4374999776482582,0.8910891089108911,"[""search""]",True,False,2,1.0,[],0,0.0,[],[],"[1,2]",1.0,"[1,2]","[1,2]",1.0,Run 1::agentmemorybench:fact-mh-262k:context-0/factconsolidation_mh_262k_no41,False,True,False
Run 1,agentmemorybench:fact-mh-262k:context-0/factconsolidation_mh_262k_no41,11,12,0.9166666666666666,1.0,-1.3125000149011612,1.0,"[""search""]",True,False,2,1.0,[],0,0.0,[],[],"[1,2]",1.0,"[1,2]","[1,2]",1.0,Run 1::agentmemorybench:fact-mh-262k:context-0/factconsolidation_mh_262k_no41,False,True,False
Run 1,agentmemorybench:fact-mh-262k:context-0/factconsolidation_mh_262k_no41,12,12,1.0,1.0,0.125,0.9405940594059407,"[""finish""]",True,False,2,1.0,[],0,0.0,[],[],"[1,2]",1.0,"[1,2]","[1,2]",1.0,Run 1::agentmemorybench:fact-mh-262k:context-0/factconsolidation_mh_262k_no41,True,True,True
Run 1,agentmemorybench:fact-mh-262k:context-0/factconsolidation_mh_262k_no42,1,7,0.1428571428571428,0.0,-4.562499971129,0.8316831683168318,"[""search""]",False,True,4,0.0,[],0,0.0,[],[],[],0.0,[],[],0.0,Run 1::agentmemorybench:fact-mh-262k:context-0/factconsolidation_mh_262k_no42,False,True,False
Run 1,agentmemorybench:fact-mh-262k:context-0/factconsolidation_mh_262k_no42,2,7,0.2857142857142857,0.0,0.6250000447034836,1.0,"[""read""]",False,True,4,0.0,[1],1,0.25,[],[1],[1],0.25,[1],[1],0.25,Run 1::agentmemorybench:fact-mh-262k:context-0/factconsolidation_mh_262k_no42,True,True,False
Run 1,agentmemorybench:fact-mh-262k:context-0/factconsolidation_mh_262k_no42,3,7,0.4285714285714285,0.25,2.9999999459832907,1.0,"[""search""]",False,True,4,0.25,[1],1,0.25,[1],[1],[1],0.25,[1],[1],0.25,Run 1::agentmemorybench:fact-mh-262k:context-0/factconsolidation_mh_262k_no42,True,True,False
Run 1,agentmemorybench:fact-mh-262k:context-0/factconsolidation_mh_262k_no42,4,7,0.5714285714285714,0.25,1.0625,0.9900990099009901,"[""search""]",False,True,4,0.25,[2],1,0.25,[],[2],"[1,2]",0.5,"[1,2]","[1,2]",0.5,Run 1::agentmemorybench:fact-mh-262k:context-0/factconsolidation_mh_262k_no42,True,True,False
Run 1,agentmemorybench:fact-mh-262k:context-0/factconsolidation_mh_262k_no42,5,7,0.7142857142857143,0.25,1.8124999850988388,1.0,"[""search""]",False,True,4,0.25,"[2,3]",2,0.5,[],"[2,3]","[1,2,3]",0.75,"[1,2,3]","[1,2,3]",0.75,Run 1::agentmemorybench:fact-mh-262k:context-0/factconsolidation_mh_262k_no42,True,True,False
Run 1,agentmemorybench:fact-mh-262k:context-0/factconsolidation_mh_262k_no42,6,7,0.8571428571428571,0.25,2.3125000074505806,1.0,"[""read""]",False,True,4,0.25,[4],1,0.25,[],[4],"[1,4]",0.5,"[1,2,3,4]","[1,2,3,4]",1.0,Run 1::agentmemorybench:fact-mh-262k:context-0/factconsolidation_mh_262k_no42,True,True,False
Run 1,agentmemorybench:fact-mh-262k:context-0/factconsolidation_mh_262k_no42,7,7,1.0,1.0,7.374999845982529,1.0,"[""finish""]",False,True,4,1.0,"[2,3,4]",3,0.75,"[2,3,4]","[2,3,4]","[1,2,3,4]",1.0,"[1,2,3,4]","[1,2,3,4]",1.0,Run 1::agentmemorybench:fact-mh-262k:context-0/factconsolidation_mh_262k_no42,True,True,True
Run 1,agentmemorybench:fact-mh-262k:context-0/factconsolidation_mh_262k_no43,1,6,0.1666666666666666,0.0,-4.125000033527613,0.8267326732673267,"[""search""]",True,False,2,0.0,[],0,0.0,[],[],[],0.0,[],[],0.0,Run 1::agentmemorybench:fact-mh-262k:context-0/factconsolidation_mh_262k_no43,False,True,False
Run 1,agentmemorybench:fact-mh-262k:context-0/factconsolidation_mh_262k_no43,2,6,0.3333333333333333,0.0,-0.375,0.36633663366336633,"[""read""]",True,False,2,0.0,[1],1,0.5,[],[1],[1],0.5,[1],[1],0.5,Run 1::agentmemorybench:fact-mh-262k:context-0/factconsolidation_mh_262k_no43,False,False,False
Run 1,agentmemorybench:fact-mh-262k:context-0/factconsolidation_mh_262k_no43,3,6,0.5,0.5,-0.4375,0.9108910891089108,[],True,False,2,0.5,[1],1,0.5,[1],[1],[1],0.5,[1],[1],0.5,Run 1::agentmemorybench:fact-mh-262k:context-0/factconsolidation_mh_262k_no43,False,True,False
Run 1,agentmemorybench:fact-mh-262k:context-0/factconsolidation_mh_262k_no43,4,6,0.6666666666666666,0.5,1.6875000149011612,0.8861386138613861,"[""search""]",True,False,2,0.5,[],0,0.0,[],[],[1],0.5,[1],[1],0.5,Run 1::agentmemorybench:fact-mh-262k:context-0/factconsolidation_mh_262k_no43,True,True,False
Run 1,agentmemorybench:fact-mh-262k:context-0/factconsolidation_mh_262k_no43,5,6,0.8333333333333334,0.5,4.062499862164259,1.0,"[""read""]",True,False,2,0.5,[2],1,0.5,[],[2],"[1,2]",1.0,"[1,2]","[1,2]",1.0,Run 1::agentmemorybench:fact-mh-262k:context-0/factconsolidation_mh_262k_no43,True,True,False
Run 1,agentmemorybench:fact-mh-262k:context-0/factconsolidation_mh_262k_no43,6,6,1.0,1.0,5.937499991734512,0.9752475247524752,"[""finish""]",True,False,2,1.0,[2],1,0.5,[2],[2],"[1,2]",1.0,"[1,2]","[1,2]",1.0,Run 1::agentmemorybench:fact-mh-262k:context-0/factconsolidation_mh_262k_no43,True,True,True
Run 1,agentmemorybench:fact-mh-262k:context-0/factconsolidation_mh_262k_no44,1,5,0.2,0.0,-3.8125000093132257,0.896039603960396,"[""search""]",True,False,2,0.0,[],0,0.0,[],[],[],0.0,[],[],0.0,Run 1::agentmemorybench:fact-mh-262k:context-0/factconsolidation_mh_262k_no44,False,True,False
Run 1,agentmemorybench:fact-mh-262k:context-0/factconsolidation_mh_262k_no44,2,5,0.4,0.0,2.562500037252903,1.0,"[""search""]",True,False,2,0.0,[1],1,0.5,[],[1],[1],0.5,[1],[1],0.5,Run 1::agentmemorybench:fact-mh-262k:context-0/factconsolidation_mh_262k_no44,True,True,False
Run 1,agentmemorybench:fact-mh-262k:context-0/factconsolidation_mh_262k_no44,3,5,0.6,0.0,1.0625,0.9207920792079207,"[""search""]",True,False,2,0.0,[2],1,0.5,[],[2],[2],0.5,"[1,2]","[1,2]",1.0,Run 1::agentmemorybench:fact-mh-262k:context-0/factconsolidation_mh_262k_no44,True,True,False
Run 1,agentmemorybench:fact-mh-262k:context-0/factconsolidation_mh_262k_no44,4,5,0.8,0.0,0.9999999552965164,0.995049504950495,"[""read""]",True,False,2,0.0,[2],1,0.5,[],[2],[2],0.5,"[1,2]","[1,2]",1.0,Run 1::agentmemorybench:fact-mh-262k:context-0/factconsolidation_mh_262k_no44,True,True,False
Run 1,agentmemorybench:fact-mh-262k:context-0/factconsolidation_mh_262k_no44,5,5,1.0,1.0,6.25000007764902,1.0,"[""finish""]",True,False,2,1.0,"[1,2]",2,1.0,"[1,2]","[1,2]","[1,2]",1.0,"[1,2]","[1,2]",1.0,Run 1::agentmemorybench:fact-mh-262k:context-0/factconsolidation_mh_262k_no44,True,True,True
Run 1,agentmemorybench:fact-mh-262k:context-0/factconsolidation_mh_262k_no45,1,5,0.2,0.0,-4.687500072643161,0.7871287128712872,"[""search""]",True,False,2,0.0,[],0,0.0,[],[],[],0.0,[],[],0.0,Run 1::agentmemorybench:fact-mh-262k:context-0/factconsolidation_mh_262k_no45,False,True,False
Run 1,agentmemorybench:fact-mh-262k:context-0/factconsolidation_mh_262k_no45,2,5,0.4,0.0,3.3749999590218067,1.0,"[""read""]",True,False,2,0.0,[1],1,0.5,[],[1],[1],0.5,[1],[1],0.5,Run 1::agentmemorybench:fact-mh-262k:context-0/factconsolidation_mh_262k_no45,True,True,False
Run 1,agentmemorybench:fact-mh-262k:context-0/factconsolidation_mh_262k_no45,3,5,0.6,0.5,4.312500061001629,1.0,"[""search""]",True,False,2,0.5,[1],1,0.5,[1],[1],[1],0.5,[1],[1],0.5,Run 1::agentmemorybench:fact-mh-262k:context-0/factconsolidation_mh_262k_no45,True,True,False
Run 1,agentmemorybench:fact-mh-262k:context-0/factconsolidation_mh_262k_no45,4,5,0.8,0.5,3.562500050291419,0.995049504950495,"[""read""]",True,False,2,0.5,[2],1,0.5,[],[2],"[1,2]",1.0,"[1,2]","[1,2]",1.0,Run 1::agentmemorybench:fact-mh-262k:context-0/factconsolidation_mh_262k_no45,True,True,False
Run 1,agentmemorybench:fact-mh-262k:context-0/factconsolidation_mh_262k_no45,5,5,1.0,1.0,7.625000125321094,1.0,"[""finish""]",True,False,2,1.0,[2],1,0.5,[2],[2],"[1,2]",1.0,"[1,2]","[1,2]",1.0,Run 1::agentmemorybench:fact-mh-262k:context-0/factconsolidation_mh_262k_no45,True,True,True
Run 1,agentmemorybench:fact-mh-262k:context-0/factconsolidation_mh_262k_no46,1,5,0.2,0.0,-4.187500040978193,0.9207920792079208,"[""search""]",False,False,2,0.0,[],0,0.0,[],[],[],0.0,[],[],0.0,Run 1::agentmemorybench:fact-mh-262k:context-0/factconsolidation_mh_262k_no46,False,True,False
Run 1,agentmemorybench:fact-mh-262k:context-0/factconsolidation_mh_262k_no46,2,5,0.4,0.0,2.4999999925494194,1.0,"[""read""]",False,False,2,0.0,[2],1,0.5,[],[2],[2],0.5,[2],[2],0.5,Run 1::agentmemorybench:fact-mh-262k:context-0/factconsolidation_mh_262k_no46,True,True,False
Run 1,agentmemorybench:fact-mh-262k:context-0/factconsolidation_mh_262k_no46,3,5,0.6,0.0,2.5625000037252903,1.0,"[""search""]",False,False,2,0.0,[2],1,0.5,[2],[2],[2],0.5,[2],[2],0.5,Run 1::agentmemorybench:fact-mh-262k:context-0/factconsolidation_mh_262k_no46,True,True,False
Run 1,agentmemorybench:fact-mh-262k:context-0/factconsolidation_mh_262k_no46,4,5,0.8,0.0,4.500000081490725,1.0,"[""read""]",False,False,2,0.0,[],0,0.0,[],[],[],0.0,[2],[2],0.5,Run 1::agentmemorybench:fact-mh-262k:context-0/factconsolidation_mh_262k_no46,True,True,False
Run 1,agentmemorybench:fact-mh-262k:context-0/factconsolidation_mh_262k_no46,5,5,1.0,0.0,8.37499996812403,1.0,"[""finish""]",False,False,2,0.0,[],0,0.0,[],[],[],0.0,[2],[2],0.5,Run 1::agentmemorybench:fact-mh-262k:context-0/factconsolidation_mh_262k_no46,True,True,True
Run 1,agentmemorybench:fact-mh-262k:context-0/factconsolidation_mh_262k_no47,1,8,0.125,0.0,-4.312499909196049,0.7574257425742574,"[""search""]",False,True,4,0.0,[],0,0.0,[],[],[],0.0,[],[],0.0,Run 1::agentmemorybench:fact-mh-262k:context-0/factconsolidation_mh_262k_no47,False,True,False
Run 1,agentmemorybench:fact-mh-262k:context-0/factconsolidation_mh_262k_no47,2,8,0.25,0.0,1.1250000149011612,0.9554455445544555,"[""read""]",False,True,4,0.0,[],0,0.0,[],[],[],0.0,[],[],0.0,Run 1::agentmemorybench:fact-mh-262k:context-0/factconsolidation_mh_262k_no47,True,True,False
Run 1,agentmemorybench:fact-mh-262k:context-0/factconsolidation_mh_262k_no47,3,8,0.375,0.25,3.0000000204890966,0.995049504950495,"[""search""]",False,True,4,0.25,[1],1,0.25,[1],[1],[1],0.25,[1],[1],0.25,Run 1::agentmemorybench:fact-mh-262k:context-0/factconsolidation_mh_262k_no47,True,True,False
Run 1,agentmemorybench:fact-mh-262k:context-0/factconsolidation_mh_262k_no47,4,8,0.5,0.25,0.375,0.9504950495049505,"[""search""]",False,True,4,0.25,[],0,0.0,[],[],[1],0.25,[1],[1],0.25,Run 1::agentmemorybench:fact-mh-262k:context-0/factconsolidation_mh_262k_no47,True,True,False
Run 1,agentmemorybench:fact-mh-262k:context-0/factconsolidation_mh_262k_no47,5,8,0.625,0.25,0.25,0.995049504950495,"[""search""]",False,True,4,0.25,[],0,0.0,[],[],[1],0.25,[1],[1],0.25,Run 1::agentmemorybench:fact-mh-262k:context-0/factconsolidation_mh_262k_no47,True,True,False
Run 1,agentmemorybench:fact-mh-262k:context-0/factconsolidation_mh_262k_no47,6,8,0.75,0.25,2.562499988824129,1.0,"[""read""]",False,True,4,0.25,[],0,0.0,[],[],[1],0.25,[1],[1],0.25,Run 1::agentmemorybench:fact-mh-262k:context-0/factconsolidation_mh_262k_no47,True,True,False
Run 1,agentmemorybench:fact-mh-262k:context-0/factconsolidation_mh_262k_no47,7,8,0.875,0.25,5.5624999676365405,0.995049504950495,"[""read""]",False,True,4,0.25,[],0,0.0,[],[],[1],0.25,[1],[1],0.25,Run 1::agentmemorybench:fact-mh-262k:context-0/factconsolidation_mh_262k_no47,True,True,False
Run 1,agentmemorybench:fact-mh-262k:context-0/factconsolidation_mh_262k_no47,8,8,1.0,0.25,5.500000084517524,1.0,"[""finish""]",False,True,4,0.25,[],0,0.0,[],[],[1],0.25,[1],[1],0.25,Run 1::agentmemorybench:fact-mh-262k:context-0/factconsolidation_mh_262k_no47,True,True,True
Run 1,agentmemorybench:fact-mh-262k:context-0/factconsolidation_mh_262k_no48,1,14,0.0714285714285714,0.0,-4.812499951105565,0.8168316831683169,"[""search""]",False,False,4,0.0,[],0,0.0,[],[],[],0.0,[],[],0.0,Run 1::agentmemorybench:fact-mh-262k:context-0/factconsolidation_mh_262k_no48,False,True,False
Run 1,agentmemorybench:fact-mh-262k:context-0/factconsolidation_mh_262k_no48,2,14,0.1428571428571428,0.0,1.250000037252903,0.99009900990099,"[""search""]",False,False,4,0.0,[],0,0.0,[],[],[],0.0,[],[],0.0,Run 1::agentmemorybench:fact-mh-262k:context-0/factconsolidation_mh_262k_no48,True,True,False
Run 1,agentmemorybench:fact-mh-262k:context-0/factconsolidation_mh_262k_no48,3,14,0.2142857142857142,0.0,-1.1875000149011612,0.9851485148514851,"[""read""]",False,False,4,0.0,[],0,0.0,[],[],[],0.0,[],[],0.0,Run 1::agentmemorybench:fact-mh-262k:context-0/factconsolidation_mh_262k_no48,False,True,False
Run 1,agentmemorybench:fact-mh-262k:context-0/factconsolidation_mh_262k_no48,4,14,0.2857142857142857,0.25,1.3125,1.0,"[""search""]",False,False,4,0.25,[4],1,0.25,[4],[4],[4],0.25,[4],[4],0.25,Run 1::agentmemorybench:fact-mh-262k:context-0/factconsolidation_mh_262k_no48,True,True,False
Run 1,agentmemorybench:fact-mh-262k:context-0/factconsolidation_mh_262k_no48,5,14,0.3571428571428571,0.25,-2.3749999664723873,0.8118811881188119,"[""search""]",False,False,4,0.25,[],0,0.0,[],[],[4],0.25,[4],[4],0.25,Run 1::agentmemorybench:fact-mh-262k:context-0/factconsolidation_mh_262k_no48,False,True,False
Run 1,agentmemorybench:fact-mh-262k:context-0/factconsolidation_mh_262k_no48,6,14,0.4285714285714285,0.25,-3.5000000623986125,0.5643564356435644,"[""search""]",False,False,4,0.25,[],0,0.0,[],[],[4],0.25,[4],[4],0.25,Run 1::agentmemorybench:fact-mh-262k:context-0/factconsolidation_mh_262k_no48,False,True,False
Run 1,agentmemorybench:fact-mh-262k:context-0/factconsolidation_mh_262k_no48,7,14,0.5,0.25,-3.625000048428774,0.8217821782178218,"[""search""]",False,False,4,0.25,[],0,0.0,[],[],[4],0.25,[4],[4],0.25,Run 1::agentmemorybench:fact-mh-262k:context-0/factconsolidation_mh_262k_no48,False,True,False
Run 1,agentmemorybench:fact-mh-262k:context-0/factconsolidation_mh_262k_no48,8,14,0.5714285714285714,0.25,-4.375000060070306,0.3465346534653465,"[""search""]",False,False,4,0.25,[],0,0.0,[],[],[4],0.25,[4],[4],0.25,Run 1::agentmemorybench:fact-mh-262k:context-0/factconsolidation_mh_262k_no48,False,False,False
Run 1,agentmemorybench:fact-mh-262k:context-0/factconsolidation_mh_262k_no48,9,14,0.6428571428571429,0.25,-4.437499943654984,0.6039603960396039,"[""search""]",False,False,4,0.25,[],0,0.0,[],[],[4],0.25,[4],[4],0.25,Run 1::agentmemorybench:fact-mh-262k:context-0/factconsolidation_mh_262k_no48,False,True,False
Run 1,agentmemorybench:fact-mh-262k:context-0/factconsolidation_mh_262k_no48,10,14,0.7142857142857143,0.25,-4.687499955762178,0.8910891089108912,"[""search_more""]",False,False,4,0.25,[],0,0.0,[],[],[4],0.25,[4],[4],0.25,Run 1::agentmemorybench:fact-mh-262k:context-0/factconsolidation_mh_262k_no48,False,True,False
Run 1,agentmemorybench:fact-mh-262k:context-0/factconsolidation_mh_262k_no48,11,14,0.7857142857142857,0.25,-5.999999966123141,0.806930693069307,"[""read""]",False,False,4,0.25,[],0,0.0,[],[],[4],0.25,[4],[4],0.25,Run 1::agentmemorybench:fact-mh-262k:context-0/factconsolidation_mh_262k_no48,False,True,False
Run 1,agentmemorybench:fact-mh-262k:context-0/factconsolidation_mh_262k_no48,12,14,0.8571428571428571,0.25,-6.687499923224095,1.0,"[""search""]",False,False,4,0.25,[],0,0.0,[],[],[4],0.25,[4],[4],0.25,Run 1::agentmemorybench:fact-mh-262k:context-0/factconsolidation_mh_262k_no48,False,True,False
Run 1,agentmemorybench:fact-mh-262k:context-0/factconsolidation_mh_262k_no48,13,14,0.9285714285714286,0.25,-6.562499946274329,0.21287128712871284,"[""read""]",False,False,4,0.25,[],0,0.0,[],[],[4],0.25,[4],[4],0.25,Run 1::agentmemorybench:fact-mh-262k:context-0/factconsolidation_mh_262k_no48,False,False,False
Run 1,agentmemorybench:fact-mh-262k:context-0/factconsolidation_mh_262k_no48,14,14,1.0,0.25,-5.499999990919605,0.5247524752475248,"[""finish""]",False,False,4,0.25,[],0,0.0,[],[],[4],0.25,[4],[4],0.25,Run 1::agentmemorybench:fact-mh-262k:context-0/factconsolidation_mh_262k_no48,False,True,True
Run 1,agentmemorybench:fact-mh-262k:context-0/factconsolidation_mh_262k_no49,1,4,0.25,0.0,-4.56249989522621,0.8118811881188119,"[""search""]",True,False,2,0.0,[],0,0.0,[],[],[],0.0,[],[],0.0,Run 1::agentmemorybench:fact-mh-262k:context-0/factconsolidation_mh_262k_no49,False,True,False
Run 1,agentmemorybench:fact-mh-262k:context-0/factconsolidation_mh_262k_no49,2,4,0.5,0.0,1.0625000149011612,0.9653465346534653,"[""search""]",True,False,2,0.0,[1],1,0.5,[],[1],[1],0.5,[1],[1],0.5,Run 1::agentmemorybench:fact-mh-262k:context-0/factconsolidation_mh_262k_no49,True,True,False
Run 1,agentmemorybench:fact-mh-262k:context-0/factconsolidation_mh_262k_no49,3,4,0.75,0.0,2.1249999329447746,0.995049504950495,"[""read""]",True,False,2,0.0,[1],1,0.5,[],[1],[1],0.5,[1],[1],0.5,Run 1::agentmemorybench:fact-mh-262k:context-0/factconsolidation_mh_262k_no49,True,True,False
Run 1,agentmemorybench:fact-mh-262k:context-0/factconsolidation_mh_262k_no49,4,4,1.0,1.0,7.562499779218342,1.0,"[""finish""]",True,False,2,1.0,"[1,2]",2,1.0,"[1,2]","[1,2]","[1,2]",1.0,"[1,2]","[1,2]",1.0,Run 1::agentmemorybench:fact-mh-262k:context-0/factconsolidation_mh_262k_no49,True,True,True
Run 1,agentmemorybench:fact-mh-262k:context-0/factconsolidation_mh_262k_no5,1,8,0.125,0.0,-4.8124998298007995,0.8415841584158417,"[""search""]",True,False,4,0.0,[],0,0.0,[],[],[],0.0,[],[],0.0,Run 1::agentmemorybench:fact-mh-262k:context-0/factconsolidation_mh_262k_no5,False,True,False
Run 1,agentmemorybench:fact-mh-262k:context-0/factconsolidation_mh_262k_no5,2,8,0.25,0.0,-0.5625,0.9108910891089108,"[""read""]",True,False,4,0.0,[1],1,0.25,[],[1],[1],0.25,[1],[1],0.25,Run 1::agentmemorybench:fact-mh-262k:context-0/factconsolidation_mh_262k_no5,False,True,False
Run 1,agentmemorybench:fact-mh-262k:context-0/factconsolidation_mh_262k_no5,3,8,0.375,0.25,0.375,1.0,"[""search""]",True,False,4,0.25,[1],1,0.25,[1],[1],[1],0.25,[1],[1],0.25,Run 1::agentmemorybench:fact-mh-262k:context-0/factconsolidation_mh_262k_no5,True,True,False
Run 1,agentmemorybench:fact-mh-262k:context-0/factconsolidation_mh_262k_no5,4,8,0.5,0.25,0.5000000149011612,0.995049504950495,"[""search""]",True,False,4,0.25,[2],1,0.25,[],[2],"[1,2]",0.5,"[1,2]","[1,2]",0.5,Run 1::agentmemorybench:fact-mh-262k:context-0/factconsolidation_mh_262k_no5,True,True,False
Run 1,agentmemorybench:fact-mh-262k:context-0/factconsolidation_mh_262k_no5,5,8,0.625,0.25,0.75,1.0,"[""read""]",True,False,4,0.25,[],0,0.0,[],[],[1],0.25,"[1,2]","[1,2]",0.5,Run 1::agentmemorybench:fact-mh-262k:context-0/factconsolidation_mh_262k_no5,True,True,False
Run 1,agentmemorybench:fact-mh-262k:context-0/factconsolidation_mh_262k_no5,6,8,0.75,1.0,3.499999998137355,1.0,"[""search""]",True,False,4,1.0,"[2,3,4]",3,0.75,"[2,3,4]","[2,3,4]","[1,2,3,4]",1.0,"[1,2,3,4]","[1,2,3,4]",1.0,Run 1::agentmemorybench:fact-mh-262k:context-0/factconsolidation_mh_262k_no5,True,True,False
Run 1,agentmemorybench:fact-mh-262k:context-0/factconsolidation_mh_262k_no5,7,8,0.875,1.0,3.562500006519258,1.0,"[""read""]",True,False,4,1.0,[],0,0.0,[],[],"[1,2,3,4]",1.0,"[1,2,3,4]","[1,2,3,4]",1.0,Run 1::agentmemorybench:fact-mh-262k:context-0/factconsolidation_mh_262k_no5,True,True,False
Run 1,agentmemorybench:fact-mh-262k:context-0/factconsolidation_mh_262k_no5,8,8,1.0,1.0,3.812499930150807,1.0,"[""finish""]",True,False,4,1.0,[],0,0.0,[],[],"[1,2,3,4]",1.0,"[1,2,3,4]","[1,2,3,4]",1.0,Run 1::agentmemorybench:fact-mh-262k:context-0/factconsolidation_mh_262k_no5,True,True,True
Run 1,agentmemorybench:fact-mh-262k:context-0/factconsolidation_mh_262k_no50,1,4,0.25,0.0,-4.499999956227839,0.8465346534653465,"[""search""]",True,False,2,0.0,[],0,0.0,[],[],[],0.0,[],[],0.0,Run 1::agentmemorybench:fact-mh-262k:context-0/factconsolidation_mh_262k_no50,False,True,False
Run 1,agentmemorybench:fact-mh-262k:context-0/factconsolidation_mh_262k_no50,2,4,0.5,0.0,0.7500000596046448,1.0,"[""search""]",True,False,2,0.0,[1],1,0.5,[],[1],[1],0.5,[1],[1],0.5,Run 1::agentmemorybench:fact-mh-262k:context-0/factconsolidation_mh_262k_no50,True,True,False
Run 1,agentmemorybench:fact-mh-262k:context-0/factconsolidation_mh_262k_no50,3,4,0.75,0.0,1.3124999850988388,0.995049504950495,"[""read""]",True,False,2,0.0,[2],1,0.5,[],[2],[2],0.5,"[1,2]","[1,2]",1.0,Run 1::agentmemorybench:fact-mh-262k:context-0/factconsolidation_mh_262k_no50,True,True,False
Run 1,agentmemorybench:fact-mh-262k:context-0/factconsolidation_mh_262k_no50,4,4,1.0,1.0,6.875000015890691,1.0,"[""finish""]",True,False,2,1.0,"[1,2]",2,1.0,"[1,2]","[1,2]","[1,2]",1.0,"[1,2]","[1,2]",1.0,Run 1::agentmemorybench:fact-mh-262k:context-0/factconsolidation_mh_262k_no50,True,True,True
Run 1,agentmemorybench:fact-mh-262k:context-0/factconsolidation_mh_262k_no51,1,5,0.2,0.0,-4.374999932944775,0.8613861386138615,"[""search""]",True,False,2,0.0,[],0,0.0,[],[],[],0.0,[],[],0.0,Run 1::agentmemorybench:fact-mh-262k:context-0/factconsolidation_mh_262k_no51,False,True,False
Run 1,agentmemorybench:fact-mh-262k:context-0/factconsolidation_mh_262k_no51,2,5,0.4,0.0,-0.4375000149011612,0.9108910891089108,"[""read""]",True,False,2,0.0,[],0,0.0,[],[],[],0.0,[],[],0.0,Run 1::agentmemorybench:fact-mh-262k:context-0/factconsolidation_mh_262k_no51,False,True,False
Run 1,agentmemorybench:fact-mh-262k:context-0/factconsolidation_mh_262k_no51,3,5,0.6,0.5,2.0000000670552254,1.0,"[""search""]",True,False,2,0.5,[1],1,0.5,[1],[1],[1],0.5,[1],[1],0.5,Run 1::agentmemorybench:fact-mh-262k:context-0/factconsolidation_mh_262k_no51,True,True,False
Run 1,agentmemorybench:fact-mh-262k:context-0/factconsolidation_mh_262k_no51,4,5,0.8,0.5,3.3749999552965164,0.9009900990099009,"[""read""]",True,False,2,0.5,[2],1,0.5,[],[2],"[1,2]",1.0,"[1,2]","[1,2]",1.0,Run 1::agentmemorybench:fact-mh-262k:context-0/factconsolidation_mh_262k_no51,True,True,False
Run 1,agentmemorybench:fact-mh-262k:context-0/factconsolidation_mh_262k_no51,5,5,1.0,1.0,6.187499864201527,0.9752475247524752,"[""finish""]",True,False,2,1.0,[2],1,0.5,[2],[2],"[1,2]",1.0,"[1,2]","[1,2]",1.0,Run 1::agentmemorybench:fact-mh-262k:context-0/factconsolidation_mh_262k_no51,True,True,True
Run 1,agentmemorybench:fact-mh-262k:context-0/factconsolidation_mh_262k_no52,1,6,0.1666666666666666,0.0,-4.562500104308128,0.7425742574257426,"[""search""]",True,False,4,0.0,[],0,0.0,[],[],[],0.0,[],[],0.0,Run 1::agentmemorybench:fact-mh-262k:context-0/factconsolidation_mh_262k_no52,False,True,False
Run 1,agentmemorybench:fact-mh-262k:context-0/factconsolidation_mh_262k_no52,2,6,0.3333333333333333,0.0,0.125,0.8415841584158416,"[""search""]",True,False,4,0.0,[1],1,0.25,[],[1],[1],0.25,[1],[1],0.25,Run 1::agentmemorybench:fact-mh-262k:context-0/factconsolidation_mh_262k_no52,True,True,False
Run 1,agentmemorybench:fact-mh-262k:context-0/factconsolidation_mh_262k_no52,3,6,0.5,0.0,0.3125,0.995049504950495,"[""search""]",True,False,4,0.0,"[1,2]",2,0.5,[],"[1,2]","[1,2]",0.5,"[1,2]","[1,2]",0.5,Run 1::agentmemorybench:fact-mh-262k:context-0/factconsolidation_mh_262k_no52,True,True,False
Run 1,agentmemorybench:fact-mh-262k:context-0/factconsolidation_mh_262k_no52,4,6,0.6666666666666666,0.0,1.0625,0.995049504950495,"[""search""]",True,False,4,0.0,"[2,3]",2,0.5,[],"[2,3]","[2,3]",0.5,"[1,2,3]","[1,2,3]",0.75,Run 1::agentmemorybench:fact-mh-262k:context-0/factconsolidation_mh_262k_no52,True,True,False
Run 1,agentmemorybench:fact-mh-262k:context-0/factconsolidation_mh_262k_no52,5,6,0.8333333333333334,0.0,0.5625,0.9455445544554456,"[""read""]",True,False,4,0.0,[4],1,0.25,[],[4],[4],0.25,"[1,2,3,4]","[1,2,3,4]",1.0,Run 1::agentmemorybench:fact-mh-262k:context-0/factconsolidation_mh_262k_no52,True,True,False
Run 1,agentmemorybench:fact-mh-262k:context-0/factconsolidation_mh_262k_no52,6,6,1.0,1.0,7.187500053027179,1.0,"[""finish""]",True,False,4,1.0,"[1,2,3,4]",4,1.0,"[1,2,3,4]","[1,2,3,4]","[1,2,3,4]",1.0,"[1,2,3,4]","[1,2,3,4]",1.0,Run 1::agentmemorybench:fact-mh-262k:context-0/factconsolidation_mh_262k_no52,True,True,True
Run 1,agentmemorybench:fact-mh-262k:context-0/factconsolidation_mh_262k_no53,1,6,0.1666666666666666,0.0,-4.999999962514266,0.8514851485148515,"[""search""]",False,True,3,0.0,[],0,0.0,[],[],[],0.0,[],[],0.0,Run 1::agentmemorybench:fact-mh-262k:context-0/factconsolidation_mh_262k_no53,False,True,False
Run 1,agentmemorybench:fact-mh-262k:context-0/factconsolidation_mh_262k_no53,2,6,0.3333333333333333,0.0,1.1874999850988388,1.0,"[""search""]",False,True,3,0.0,[1],1,0.3333333333333333,[],[1],[1],0.3333333333333333,[1],[1],0.3333333333333333,Run 1::agentmemorybench:fact-mh-262k:context-0/factconsolidation_mh_262k_no53,True,True,False
Run 1,agentmemorybench:fact-mh-262k:context-0/factconsolidation_mh_262k_no53,3,6,0.5,0.0,0.5624999850988388,1.0,"[""read""]",False,True,3,0.0,[],0,0.0,[],[],[],0.0,[1],[1],0.3333333333333333,Run 1::agentmemorybench:fact-mh-262k:context-0/factconsolidation_mh_262k_no53,True,True,False
Run 1,agentmemorybench:fact-mh-262k:context-0/factconsolidation_mh_262k_no53,4,6,0.6666666666666666,0.3333333333333333,1.8749999031424522,1.0,"[""search""]",False,True,3,0.3333333333333333,[1],1,0.3333333333333333,[1],[1],[1],0.3333333333333333,[1],[1],0.3333333333333333,Run 1::agentmemorybench:fact-mh-262k:context-0/factconsolidation_mh_262k_no53,True,True,False
Run 1,agentmemorybench:fact-mh-262k:context-0/factconsolidation_mh_262k_no53,5,6,0.8333333333333334,0.3333333333333333,2.0625000074505806,1.0,"[""read""]",False,True,3,0.3333333333333333,[],0,0.0,[],[],[1],0.3333333333333333,[1],[1],0.3333333333333333,Run 1::agentmemorybench:fact-mh-262k:context-0/factconsolidation_mh_262k_no53,True,True,False
Run 1,agentmemorybench:fact-mh-262k:context-0/factconsolidation_mh_262k_no53,6,6,1.0,0.3333333333333333,5.499999947147444,1.0,"[""finish""]",False,True,3,0.3333333333333333,[],0,0.0,[],[],[1],0.3333333333333333,[1],[1],0.3333333333333333,Run 1::agentmemorybench:fact-mh-262k:context-0/factconsolidation_mh_262k_no53,True,True,True
Run 1,agentmemorybench:fact-mh-262k:context-0/factconsolidation_mh_262k_no54,1,6,0.1666666666666666,0.0,-4.999999824911356,0.7574257425742574,"[""search""]",False,False,3,0.0,[],0,0.0,[],[],[],0.0,[],[],0.0,Run 1::agentmemorybench:fact-mh-262k:context-0/factconsolidation_mh_262k_no54,False,True,False
Run 1,agentmemorybench:fact-mh-262k:context-0/factconsolidation_mh_262k_no54,2,6,0.3333333333333333,0.0,1.5625000447034836,1.0,"[""search""]",False,False,3,0.0,[1],1,0.3333333333333333,[],[1],[1],0.3333333333333333,[1],[1],0.3333333333333333,Run 1::agentmemorybench:fact-mh-262k:context-0/factconsolidation_mh_262k_no54,True,True,False
Run 1,agentmemorybench:fact-mh-262k:context-0/factconsolidation_mh_262k_no54,3,6,0.5,0.0,1.3124999701976776,0.99009900990099,"[""read""]",False,False,3,0.0,[],0,0.0,[],[],[],0.0,[1],[1],0.3333333333333333,Run 1::agentmemorybench:fact-mh-262k:context-0/factconsolidation_mh_262k_no54,True,True,False
Run 1,agentmemorybench:fact-mh-262k:context-0/factconsolidation_mh_262k_no54,4,6,0.6666666666666666,0.3333333333333333,2.000000074505806,1.0,"[""search""]",False,False,3,0.3333333333333333,[2],1,0.3333333333333333,[2],[2],[2],0.3333333333333333,"[1,2]","[1,2]",0.6666666666666666,Run 1::agentmemorybench:fact-mh-262k:context-0/factconsolidation_mh_262k_no54,True,True,False
Run 1,agentmemorybench:fact-mh-262k:context-0/factconsolidation_mh_262k_no54,5,6,0.8333333333333334,0.3333333333333333,3.187499975785613,0.995049504950495,"[""read""]",False,False,3,0.3333333333333333,[3],1,0.3333333333333333,[],[3],"[2,3]",0.6666666666666666,"[1,2,3]","[1,2,3]",1.0,Run 1::agentmemorybench:fact-mh-262k:context-0/factconsolidation_mh_262k_no54,True,True,False
Run 1,agentmemorybench:fact-mh-262k:context-0/factconsolidation_mh_262k_no54,6,6,1.0,0.6666666666666666,5.812500090221874,1.0,"[""finish""]",False,False,3,0.6666666666666666,[3],1,0.3333333333333333,[3],[3],"[2,3]",0.6666666666666666,"[1,2,3]","[1,2,3]",1.0,Run 1::agentmemorybench:fact-mh-262k:context-0/factconsolidation_mh_262k_no54,True,True,True
Run 1,agentmemorybench:fact-mh-262k:context-0/factconsolidation_mh_262k_no55,1,9,0.1111111111111111,0.0,-3.749999969266355,0.8217821782178218,"[""search""]",True,False,4,0.0,[],0,0.0,[],[],[],0.0,[],[],0.0,Run 1::agentmemorybench:fact-mh-262k:context-0/factconsolidation_mh_262k_no55,False,True,False
Run 1,agentmemorybench:fact-mh-262k:context-0/factconsolidation_mh_262k_no55,2,9,0.2222222222222222,0.0,-0.0625,0.995049504950495,"[""read""]",True,False,4,0.0,[1],1,0.25,[],[1],[1],0.25,[1],[1],0.25,Run 1::agentmemorybench:fact-mh-262k:context-0/factconsolidation_mh_262k_no55,False,True,False
Run 1,agentmemorybench:fact-mh-262k:context-0/factconsolidation_mh_262k_no55,3,9,0.3333333333333333,0.25,2.1874999925494194,1.0,"[""search""]",True,False,4,0.25,[1],1,0.25,[1],[1],[1],0.25,[1],[1],0.25,Run 1::agentmemorybench:fact-mh-262k:context-0/factconsolidation_mh_262k_no55,True,True,False
Run 1,agentmemorybench:fact-mh-262k:context-0/factconsolidation_mh_262k_no55,4,9,0.4444444444444444,0.25,0.625,0.9702970297029703,"[""read""]",True,False,4,0.25,[2],1,0.25,[],[2],"[1,2]",0.5,"[1,2]","[1,2]",0.5,Run 1::agentmemorybench:fact-mh-262k:context-0/factconsolidation_mh_262k_no55,True,True,False
Run 1,agentmemorybench:fact-mh-262k:context-0/factconsolidation_mh_262k_no55,5,9,0.5555555555555556,0.75,2.687500013038516,1.0,"[""search""]",True,False,4,0.75,"[2,3]",2,0.5,"[2,3]","[2,3]","[1,2,3]",0.75,"[1,2,3]","[1,2,3]",0.75,Run 1::agentmemorybench:fact-mh-262k:context-0/factconsolidation_mh_262k_no55,True,True,False
Run 1,agentmemorybench:fact-mh-262k:context-0/factconsolidation_mh_262k_no55,6,9,0.6666666666666666,0.75,1.9374999701976776,1.0,"[""read""]",True,False,4,0.75,[4],1,0.25,[],[4],"[1,2,3,4]",1.0,"[1,2,3,4]","[1,2,3,4]",1.0,Run 1::agentmemorybench:fact-mh-262k:context-0/factconsolidation_mh_262k_no55,True,True,False
Run 1,agentmemorybench:fact-mh-262k:context-0/factconsolidation_mh_262k_no55,7,9,0.7777777777777778,1.0,2.2500000782310963,1.0,"[""search""]",True,False,4,1.0,[4],1,0.25,[4],[4],"[1,2,3,4]",1.0,"[1,2,3,4]","[1,2,3,4]",1.0,Run 1::agentmemorybench:fact-mh-262k:context-0/factconsolidation_mh_262k_no55,True,True,False
Run 1,agentmemorybench:fact-mh-262k:context-0/factconsolidation_mh_262k_no55,8,9,0.8888888888888888,1.0,1.8749999776482582,0.99009900990099,"[""read""]",True,False,4,1.0,[],0,0.0,[],[],"[1,2,3,4]",1.0,"[1,2,3,4]","[1,2,3,4]",1.0,Run 1::agentmemorybench:fact-mh-262k:context-0/factconsolidation_mh_262k_no55,True,True,False
Run 1,agentmemorybench:fact-mh-262k:context-0/factconsolidation_mh_262k_no55,9,9,1.0,1.0,4.124999959487468,1.0,"[""finish""]",True,False,4,1.0,[],0,0.0,[],[],"[1,2,3,4]",1.0,"[1,2,3,4]","[1,2,3,4]",1.0,Run 1::agentmemorybench:fact-mh-262k:context-0/factconsolidation_mh_262k_no55,True,True,True
Run 1,agentmemorybench:fact-mh-262k:context-0/factconsolidation_mh_262k_no56,1,3,0.3333333333333333,0.0,-3.6874999376013875,0.9207920792079207,"[""search""]",False,True,2,0.0,[],0,0.0,[],[],[],0.0,[],[],0.0,Run 1::agentmemorybench:fact-mh-262k:context-0/factconsolidation_mh_262k_no56,False,True,False
Run 1,agentmemorybench:fact-mh-262k:context-0/factconsolidation_mh_262k_no56,2,3,0.6666666666666666,0.0,1.8125000596046448,1.0,"[""read""]",False,True,2,0.0,"[1,2]",2,1.0,[],"[1,2]","[1,2]",1.0,"[1,2]","[1,2]",1.0,Run 1::agentmemorybench:fact-mh-262k:context-0/factconsolidation_mh_262k_no56,True,True,False
Run 1,agentmemorybench:fact-mh-262k:context-0/factconsolidation_mh_262k_no56,3,3,1.0,1.0,6.499999918276444,1.0,"[""finish""]",False,True,2,1.0,"[1,2]",2,1.0,"[1,2]","[1,2]","[1,2]",1.0,"[1,2]","[1,2]",1.0,Run 1::agentmemorybench:fact-mh-262k:context-0/factconsolidation_mh_262k_no56,True,True,True
Run 1,agentmemorybench:fact-mh-262k:context-0/factconsolidation_mh_262k_no57,1,22,0.0454545454545454,0.0,-5.812499963562004,0.8910891089108911,"[""search""]",False,True,3,0.0,[],0,0.0,[],[],[],0.0,[],[],0.0,Run 1::agentmemorybench:fact-mh-262k:context-0/factconsolidation_mh_262k_no57,False,True,False
Run 1,agentmemorybench:fact-mh-262k:context-0/factconsolidation_mh_262k_no57,2,22,0.0909090909090909,0.0,-0.1875,0.9653465346534653,"[""search""]",False,True,3,0.0,[1],1,0.3333333333333333,[],[1],[1],0.3333333333333333,[1],[1],0.3333333333333333,Run 1::agentmemorybench:fact-mh-262k:context-0/factconsolidation_mh_262k_no57,False,True,False
Run 1,agentmemorybench:fact-mh-262k:context-0/factconsolidation_mh_262k_no57,3,22,0.1363636363636363,0.0,1.8124999850988388,1.0,"[""read""]",False,True,3,0.0,[2],1,0.3333333333333333,[],[2],[2],0.3333333333333333,"[1,2]","[1,2]",0.6666666666666666,Run 1::agentmemorybench:fact-mh-262k:context-0/factconsolidation_mh_262k_no57,True,True,False
Run 1,agentmemorybench:fact-mh-262k:context-0/factconsolidation_mh_262k_no57,4,22,0.1818181818181818,0.3333333333333333,-1.1875000298023224,0.7376237623762376,"[""search""]",False,True,3,0.3333333333333333,[2],1,0.3333333333333333,[2],[2],[2],0.3333333333333333,"[1,2]","[1,2]",0.6666666666666666,Run 1::agentmemorybench:fact-mh-262k:context-0/factconsolidation_mh_262k_no57,False,True,False
Run 1,agentmemorybench:fact-mh-262k:context-0/factconsolidation_mh_262k_no57,5,22,0.2272727272727272,0.3333333333333333,-1.437499962747097,0.5693069306930694,"[""search""]",False,True,3,0.3333333333333333,[2],1,0.3333333333333333,[],[2],[2],0.3333333333333333,"[1,2]","[1,2]",0.6666666666666666,Run 1::agentmemorybench:fact-mh-262k:context-0/factconsolidation_mh_262k_no57,False,True,False
Run 1,agentmemorybench:fact-mh-262k:context-0/factconsolidation_mh_262k_no57,6,22,0.2727272727272727,0.3333333333333333,-2.6249999962747097,0.9851485148514851,"[""read""]",False,True,3,0.3333333333333333,[2],1,0.3333333333333333,[],[2],[2],0.3333333333333333,"[1,2]","[1,2]",0.6666666666666666,Run 1::agentmemorybench:fact-mh-262k:context-0/factconsolidation_mh_262k_no57,False,True,False
Run 1,agentmemorybench:fact-mh-262k:context-0/factconsolidation_mh_262k_no57,7,22,0.3181818181818182,0.3333333333333333,-2.6249999906867743,0.7178217821782178,"[""search""]",False,True,3,0.3333333333333333,[],0,0.0,[],[],[2],0.3333333333333333,"[1,2]","[1,2]",0.6666666666666666,Run 1::agentmemorybench:fact-mh-262k:context-0/factconsolidation_mh_262k_no57,False,True,False
Run 1,agentmemorybench:fact-mh-262k:context-0/factconsolidation_mh_262k_no57,8,22,0.3636363636363636,0.3333333333333333,-3.0625000186264515,0.9653465346534653,"[""search""]",False,True,3,0.3333333333333333,[],0,0.0,[],[],[2],0.3333333333333333,"[1,2]","[1,2]",0.6666666666666666,Run 1::agentmemorybench:fact-mh-262k:context-0/factconsolidation_mh_262k_no57,False,True,False
Run 1,agentmemorybench:fact-mh-262k:context-0/factconsolidation_mh_262k_no57,9,22,0.4090909090909091,0.3333333333333333,-3.124999985098839,0.9306930693069306,"[""search""]",False,True,3,0.3333333333333333,[],0,0.0,[],[],[2],0.3333333333333333,"[1,2]","[1,2]",0.6666666666666666,Run 1::agentmemorybench:fact-mh-262k:context-0/factconsolidation_mh_262k_no57,False,True,False
Run 1,agentmemorybench:fact-mh-262k:context-0/factconsolidation_mh_262k_no57,10,22,0.4545454545454545,0.3333333333333333,-4.500000169500709,0.7821782178217822,"[""read""]",False,True,3,0.3333333333333333,[],0,0.0,[],[],[2],0.3333333333333333,"[1,2]","[1,2]",0.6666666666666666,Run 1::agentmemorybench:fact-mh-262k:context-0/factconsolidation_mh_262k_no57,False,True,False
Run 1,agentmemorybench:fact-mh-262k:context-0/factconsolidation_mh_262k_no57,11,22,0.5,0.3333333333333333,-3.312500013038516,0.6039603960396039,"[""read""]",False,True,3,0.3333333333333333,[2],1,0.3333333333333333,[2],[2],[2],0.3333333333333333,"[1,2]","[1,2]",0.6666666666666666,Run 1::agentmemorybench:fact-mh-262k:context-0/factconsolidation_mh_262k_no57,False,True,False
Run 1,agentmemorybench:fact-mh-262k:context-0/factconsolidation_mh_262k_no57,12,22,0.5454545454545454,0.3333333333333333,-4.0624998630955815,0.6485148514851485,"[""search""]",False,True,3,0.3333333333333333,[],0,0.0,[],[],[2],0.3333333333333333,"[1,2]","[1,2]",0.6666666666666666,Run 1::agentmemorybench:fact-mh-262k:context-0/factconsolidation_mh_262k_no57,False,True,False
Run 1,agentmemorybench:fact-mh-262k:context-0/factconsolidation_mh_262k_no57,13,22,0.5909090909090909,0.3333333333333333,-4.312499979045242,0.910891089108911,"[""search_more""]",False,True,3,0.3333333333333333,[],0,0.0,[],[],[2],0.3333333333333333,"[1,2]","[1,2]",0.6666666666666666,Run 1::agentmemorybench:fact-mh-262k:context-0/factconsolidation_mh_262k_no57,False,True,False
Run 1,agentmemorybench:fact-mh-262k:context-0/factconsolidation_mh_262k_no57,14,22,0.6363636363636364,0.3333333333333333,-3.5625000167638063,0.9405940594059407,"[""read""]",False,True,3,0.3333333333333333,[],0,0.0,[],[],[2],0.3333333333333333,"[1,2]","[1,2]",0.6666666666666666,Run 1::agentmemorybench:fact-mh-262k:context-0/factconsolidation_mh_262k_no57,False,True,False
Run 1,agentmemorybench:fact-mh-262k:context-0/factconsolidation_mh_262k_no57,15,22,0.6818181818181818,0.3333333333333333,-4.250000076834112,0.915841584158416,"[""read""]",False,True,3,0.3333333333333333,[],0,0.0,[],[],[2],0.3333333333333333,"[1,2]","[1,2]",0.6666666666666666,Run 1::agentmemorybench:fact-mh-262k:context-0/factconsolidation_mh_262k_no57,False,True,False
Run 1,agentmemorybench:fact-mh-262k:context-0/factconsolidation_mh_262k_no57,16,22,0.7272727272727273,0.3333333333333333,-3.374999947845936,0.5643564356435644,"[""read""]",False,True,3,0.3333333333333333,[],0,0.0,[],[],[2],0.3333333333333333,"[1,2]","[1,2]",0.6666666666666666,Run 1::agentmemorybench:fact-mh-262k:context-0/factconsolidation_mh_262k_no57,False,True,False
Run 1,agentmemorybench:fact-mh-262k:context-0/factconsolidation_mh_262k_no57,17,22,0.7727272727272727,0.3333333333333333,-2.8749999068677425,0.6386138613861386,"[""read""]",False,True,3,0.3333333333333333,[],0,0.0,[],[],[2],0.3333333333333333,"[1,2]","[1,2]",0.6666666666666666,Run 1::agentmemorybench:fact-mh-262k:context-0/factconsolidation_mh_262k_no57,False,True,False
Run 1,agentmemorybench:fact-mh-262k:context-0/factconsolidation_mh_262k_no57,18,22,0.8181818181818182,0.3333333333333333,-2.000000022351742,0.9455445544554456,"[""read""]",False,True,3,0.3333333333333333,[],0,0.0,[],[],[2],0.3333333333333333,"[1,2]","[1,2]",0.6666666666666666,Run 1::agentmemorybench:fact-mh-262k:context-0/factconsolidation_mh_262k_no57,False,True,False
Run 1,agentmemorybench:fact-mh-262k:context-0/factconsolidation_mh_262k_no57,19,22,0.8636363636363636,0.3333333333333333,-2.687500039115548,0.6683168316831684,"[""read""]",False,True,3,0.3333333333333333,[],0,0.0,[],[],[2],0.3333333333333333,"[1,2]","[1,2]",0.6666666666666666,Run 1::agentmemorybench:fact-mh-262k:context-0/factconsolidation_mh_262k_no57,False,True,False
Run 1,agentmemorybench:fact-mh-262k:context-0/factconsolidation_mh_262k_no57,20,22,0.9090909090909092,0.6666666666666666,-2.500000037252903,0.608910891089109,"[""read""]",False,True,3,0.6666666666666666,[1],1,0.3333333333333333,[1],[1],"[1,2]",0.6666666666666666,"[1,2]","[1,2]",0.6666666666666666,Run 1::agentmemorybench:fact-mh-262k:context-0/factconsolidation_mh_262k_no57,False,True,False
Run 1,agentmemorybench:fact-mh-262k:context-0/factconsolidation_mh_262k_no57,21,22,0.9545454545454546,0.6666666666666666,-2.437500022351742,0.45049504950495045,"[""read""]",False,True,3,0.6666666666666666,[],0,0.0,[],[],"[1,2]",0.6666666666666666,"[1,2]","[1,2]",0.6666666666666666,Run 1::agentmemorybench:fact-mh-262k:context-0/factconsolidation_mh_262k_no57,False,False,False
Run 1,agentmemorybench:fact-mh-262k:context-0/factconsolidation_mh_262k_no57,22,22,1.0,0.6666666666666666,-3.8750000540167098,0.2079207920792079,"[""finish""]",False,True,3,0.6666666666666666,[],0,0.0,[],[],"[1,2]",0.6666666666666666,"[1,2]","[1,2]",0.6666666666666666,Run 1::agentmemorybench:fact-mh-262k:context-0/factconsolidation_mh_262k_no57,False,False,True
Run 1,agentmemorybench:fact-mh-262k:context-0/factconsolidation_mh_262k_no58,1,11,0.0909090909090909,0.0,-4.000000195577741,0.8168316831683169,"[""search""]",False,False,2,0.0,[],0,0.0,[],[],[],0.0,[],[],0.0,Run 1::agentmemorybench:fact-mh-262k:context-0/factconsolidation_mh_262k_no58,False,True,False
Run 1,agentmemorybench:fact-mh-262k:context-0/factconsolidation_mh_262k_no58,2,11,0.1818181818181818,0.0,-0.125,1.0,"[""read""]",False,False,2,0.0,[1],1,0.5,[],[1],[1],0.5,[1],[1],0.5,Run 1::agentmemorybench:fact-mh-262k:context-0/factconsolidation_mh_262k_no58,False,True,False
Run 1,agentmemorybench:fact-mh-262k:context-0/factconsolidation_mh_262k_no58,3,11,0.2727272727272727,0.5,3.2499999944120646,1.0,"[""search""]",False,False,2,0.5,[1],1,0.5,[1],[1],[1],0.5,[1],[1],0.5,Run 1::agentmemorybench:fact-mh-262k:context-0/factconsolidation_mh_262k_no58,True,True,False
Run 1,agentmemorybench:fact-mh-262k:context-0/factconsolidation_mh_262k_no58,4,11,0.3636363636363636,0.5,-2.000000074505806,0.22277227722772275,"[""search""]",False,False,2,0.5,[],0,0.0,[],[],[1],0.5,[1],[1],0.5,Run 1::agentmemorybench:fact-mh-262k:context-0/factconsolidation_mh_262k_no58,False,False,False
Run 1,agentmemorybench:fact-mh-262k:context-0/factconsolidation_mh_262k_no58,5,11,0.4545454545454545,0.5,-2.250000052154064,0.5841584158415842,"[""search""]",False,False,2,0.5,[],0,0.0,[],[],[1],0.5,[1],[1],0.5,Run 1::agentmemorybench:fact-mh-262k:context-0/factconsolidation_mh_262k_no58,False,True,False
Run 1,agentmemorybench:fact-mh-262k:context-0/factconsolidation_mh_262k_no58,6,11,0.5454545454545454,0.5,-3.5624999245628715,0.9603960396039604,"[""search""]",False,False,2,0.5,[],0,0.0,[],[],[1],0.5,[1],[1],0.5,Run 1::agentmemorybench:fact-mh-262k:context-0/factconsolidation_mh_262k_no58,False,True,False
Run 1,agentmemorybench:fact-mh-262k:context-0/factconsolidation_mh_262k_no58,7,11,0.6363636363636364,0.5,-3.9999999227002263,0.32178217821782173,"[""search""]",False,False,2,0.5,[],0,0.0,[],[],[1],0.5,[1],[1],0.5,Run 1::agentmemorybench:fact-mh-262k:context-0/factconsolidation_mh_262k_no58,False,False,False
Run 1,agentmemorybench:fact-mh-262k:context-0/factconsolidation_mh_262k_no58,8,11,0.7272727272727273,0.5,-4.312499892432243,0.27227722772277224,"[""read""]",False,False,2,0.5,[],0,0.0,[],[],[1],0.5,[1],[1],0.5,Run 1::agentmemorybench:fact-mh-262k:context-0/factconsolidation_mh_262k_no58,False,False,False
Run 1,agentmemorybench:fact-mh-262k:context-0/factconsolidation_mh_262k_no58,9,11,0.8181818181818182,0.5,-3.2499999534338713,0.47029702970297027,"[""search""]",False,False,2,0.5,[],0,0.0,[],[],[1],0.5,[1],[1],0.5,Run 1::agentmemorybench:fact-mh-262k:context-0/factconsolidation_mh_262k_no58,False,False,False
Run 1,agentmemorybench:fact-mh-262k:context-0/factconsolidation_mh_262k_no58,10,11,0.9090909090909092,0.5,-4.062500092200935,0.5891089108910892,"[""read""]",False,False,2,0.5,[],0,0.0,[],[],[1],0.5,[1],[1],0.5,Run 1::agentmemorybench:fact-mh-262k:context-0/factconsolidation_mh_262k_no58,False,True,False
Run 1,agentmemorybench:fact-mh-262k:context-0/factconsolidation_mh_262k_no58,11,11,1.0,1.0,0.625,1.0,"[""finish""]",False,False,2,1.0,[2],1,0.5,[2],[2],"[1,2]",1.0,"[1,2]","[1,2]",1.0,Run 1::agentmemorybench:fact-mh-262k:context-0/factconsolidation_mh_262k_no58,True,True,True
Run 1,agentmemorybench:fact-mh-262k:context-0/factconsolidation_mh_262k_no59,1,3,0.3333333333333333,0.0,-5.437500195228495,0.7524752475247525,"[""search""]",True,False,2,0.0,[],0,0.0,[],[],[],0.0,[],[],0.0,Run 1::agentmemorybench:fact-mh-262k:context-0/factconsolidation_mh_262k_no59,False,True,False
Run 1,agentmemorybench:fact-mh-262k:context-0/factconsolidation_mh_262k_no59,2,3,0.6666666666666666,0.0,1.0,1.0,"[""read""]",True,False,2,0.0,"[1,2]",2,1.0,[],"[1,2]","[1,2]",1.0,"[1,2]","[1,2]",1.0,Run 1::agentmemorybench:fact-mh-262k:context-0/factconsolidation_mh_262k_no59,True,True,False
Run 1,agentmemorybench:fact-mh-262k:context-0/factconsolidation_mh_262k_no59,3,3,1.0,1.0,8.562499780440703,1.0,"[""finish""]",True,False,2,1.0,"[1,2]",2,1.0,"[1,2]","[1,2]","[1,2]",1.0,"[1,2]","[1,2]",1.0,Run 1::agentmemorybench:fact-mh-262k:context-0/factconsolidation_mh_262k_no59,True,True,True
Run 1,agentmemorybench:fact-mh-262k:context-0/factconsolidation_mh_262k_no6,1,3,0.3333333333333333,0.0,-3.437500001862645,0.7524752475247525,"[""search""]",True,False,2,0.0,[],0,0.0,[],[],[],0.0,[],[],0.0,Run 1::agentmemorybench:fact-mh-262k:context-0/factconsolidation_mh_262k_no6,False,True,False
Run 1,agentmemorybench:fact-mh-262k:context-0/factconsolidation_mh_262k_no6,2,3,0.6666666666666666,0.0,3.250000024214387,1.0,"[""read""]",True,False,2,0.0,"[1,2]",2,1.0,[],"[1,2]","[1,2]",1.0,"[1,2]","[1,2]",1.0,Run 1::agentmemorybench:fact-mh-262k:context-0/factconsolidation_mh_262k_no6,True,True,False
Run 1,agentmemorybench:fact-mh-262k:context-0/factconsolidation_mh_262k_no6,3,3,1.0,1.0,8.562499959130946,1.0,"[""finish""]",True,False,2,1.0,"[1,2]",2,1.0,"[1,2]","[1,2]","[1,2]",1.0,"[1,2]","[1,2]",1.0,Run 1::agentmemorybench:fact-mh-262k:context-0/factconsolidation_mh_262k_no6,True,True,True
Run 1,agentmemorybench:fact-mh-262k:context-0/factconsolidation_mh_262k_no60,1,3,0.3333333333333333,0.0,-3.875000085681677,0.9554455445544554,"[""search""]",False,False,2,0.0,[],0,0.0,[],[],[],0.0,[],[],0.0,Run 1::agentmemorybench:fact-mh-262k:context-0/factconsolidation_mh_262k_no60,False,True,False
Run 1,agentmemorybench:fact-mh-262k:context-0/factconsolidation_mh_262k_no60,2,3,0.6666666666666666,0.0,3.125000035390258,0.995049504950495,"[""read""]",False,False,2,0.0,[1],1,0.5,[],[1],[1],0.5,[1],[1],0.5,Run 1::agentmemorybench:fact-mh-262k:context-0/factconsolidation_mh_262k_no60,True,True,False
Run 1,agentmemorybench:fact-mh-262k:context-0/factconsolidation_mh_262k_no60,3,3,1.0,0.5,3.374999998137355,1.0,"[""finish""]",False,False,2,0.5,[1],1,0.5,[1],[1],[1],0.5,[1],[1],0.5,Run 1::agentmemorybench:fact-mh-262k:context-0/factconsolidation_mh_262k_no60,True,True,True
Run 1,agentmemorybench:fact-mh-262k:context-0/factconsolidation_mh_262k_no61,1,4,0.25,0.0,-5.000000064726919,0.7722772277227723,"[""search""]",True,False,2,0.0,[],0,0.0,[],[],[],0.0,[],[],0.0,Run 1::agentmemorybench:fact-mh-262k:context-0/factconsolidation_mh_262k_no61,False,True,False
Run 1,agentmemorybench:fact-mh-262k:context-0/factconsolidation_mh_262k_no61,2,4,0.5,0.0,2.562499947845936,1.0,"[""search""]",True,False,2,0.0,[1],1,0.5,[],[1],[1],0.5,[1],[1],0.5,Run 1::agentmemorybench:fact-mh-262k:context-0/factconsolidation_mh_262k_no61,True,True,False
Run 1,agentmemorybench:fact-mh-262k:context-0/factconsolidation_mh_262k_no61,3,4,0.75,0.0,2.250000089406967,1.0,"[""read""]",True,False,2,0.0,"[1,2]",2,1.0,[],"[1,2]","[1,2]",1.0,"[1,2]","[1,2]",1.0,Run 1::agentmemorybench:fact-mh-262k:context-0/factconsolidation_mh_262k_no61,True,True,False
Run 1,agentmemorybench:fact-mh-262k:context-0/factconsolidation_mh_262k_no61,4,4,1.0,1.0,7.999999999097781,1.0,"[""finish""]",True,False,2,1.0,"[1,2]",2,1.0,"[1,2]","[1,2]","[1,2]",1.0,"[1,2]","[1,2]",1.0,Run 1::agentmemorybench:fact-mh-262k:context-0/factconsolidation_mh_262k_no61,True,True,True
Run 1,agentmemorybench:fact-mh-262k:context-0/factconsolidation_mh_262k_no62,1,4,0.25,0.0,-4.250000151339918,0.9554455445544554,"[""search""]",True,False,2,0.0,[],0,0.0,[],[],[],0.0,[],[],0.0,Run 1::agentmemorybench:fact-mh-262k:context-0/factconsolidation_mh_262k_no62,False,True,False
Run 1,agentmemorybench:fact-mh-262k:context-0/factconsolidation_mh_262k_no62,2,4,0.5,0.0,1.5624999850988388,1.0,"[""search""]",True,False,2,0.0,[1],1,0.5,[],[1],[1],0.5,[1],[1],0.5,Run 1::agentmemorybench:fact-mh-262k:context-0/factconsolidation_mh_262k_no62,True,True,False
Run 1,agentmemorybench:fact-mh-262k:context-0/factconsolidation_mh_262k_no62,3,4,0.75,0.0,3.312499964609742,1.0,"[""read""]",True,False,2,0.0,"[1,2]",2,1.0,[],"[1,2]","[1,2]",1.0,"[1,2]","[1,2]",1.0,Run 1::agentmemorybench:fact-mh-262k:context-0/factconsolidation_mh_262k_no62,True,True,False
Run 1,agentmemorybench:fact-mh-262k:context-0/factconsolidation_mh_262k_no62,4,4,1.0,1.0,8.250000214313332,1.0,"[""finish""]",True,False,2,1.0,"[1,2]",2,1.0,"[1,2]","[1,2]","[1,2]",1.0,"[1,2]","[1,2]",1.0,Run 1::agentmemorybench:fact-mh-262k:context-0/factconsolidation_mh_262k_no62,True,True,True
Run 1,agentmemorybench:fact-mh-262k:context-0/factconsolidation_mh_262k_no63,1,7,0.1428571428571428,0.0,-4.125000203028321,0.8316831683168318,"[""search""]",False,True,4,0.0,[],0,0.0,[],[],[],0.0,[],[],0.0,Run 1::agentmemorybench:fact-mh-262k:context-0/factconsolidation_mh_262k_no63,False,True,False
Run 1,agentmemorybench:fact-mh-262k:context-0/factconsolidation_mh_262k_no63,2,7,0.2857142857142857,0.0,-0.1875,0.995049504950495,"[""read""]",False,True,4,0.0,[1],1,0.25,[],[1],[1],0.25,[1],[1],0.25,Run 1::agentmemorybench:fact-mh-262k:context-0/factconsolidation_mh_262k_no63,False,True,False
Run 1,agentmemorybench:fact-mh-262k:context-0/factconsolidation_mh_262k_no63,3,7,0.4285714285714285,0.25,2.0000000968575478,1.0,"[""search""]",False,True,4,0.25,[1],1,0.25,[1],[1],[1],0.25,[1],[1],0.25,Run 1::agentmemorybench:fact-mh-262k:context-0/factconsolidation_mh_262k_no63,True,True,False
Run 1,agentmemorybench:fact-mh-262k:context-0/factconsolidation_mh_262k_no63,4,7,0.5714285714285714,0.25,0.5,0.995049504950495,"[""read""]",False,True,4,0.25,[2],1,0.25,[],[2],"[1,2]",0.5,"[1,2]","[1,2]",0.5,Run 1::agentmemorybench:fact-mh-262k:context-0/factconsolidation_mh_262k_no63,True,True,False
Run 1,agentmemorybench:fact-mh-262k:context-0/factconsolidation_mh_262k_no63,5,7,0.7142857142857143,0.5,3.749999993480742,0.995049504950495,"[""search""]",False,True,4,0.5,[2],1,0.25,[2],[2],"[1,2]",0.5,"[1,2]","[1,2]",0.5,Run 1::agentmemorybench:fact-mh-262k:context-0/factconsolidation_mh_262k_no63,True,True,False
Run 1,agentmemorybench:fact-mh-262k:context-0/factconsolidation_mh_262k_no63,6,7,0.8571428571428571,0.5,1.7499999776482582,1.0,"[""read""]",False,True,4,0.5,[3],1,0.25,[],[3],"[1,2,3]",0.75,"[1,2,3]","[1,2,3]",0.75,Run 1::agentmemorybench:fact-mh-262k:context-0/factconsolidation_mh_262k_no63,True,True,False
Run 1,agentmemorybench:fact-mh-262k:context-0/factconsolidation_mh_262k_no63,7,7,1.0,0.75,4.874999836087227,1.0,"[""finish""]",False,True,4,0.75,"[2,3]",2,0.5,"[2,3]","[2,3]","[1,2,3]",0.75,"[1,2,3]","[1,2,3]",0.75,Run 1::agentmemorybench:fact-mh-262k:context-0/factconsolidation_mh_262k_no63,True,True,True
Run 1,agentmemorybench:fact-mh-262k:context-0/factconsolidation_mh_262k_no64,1,5,0.2,0.0,-3.374999910593033,0.8415841584158416,"[""search""]",False,False,2,0.0,[],0,0.0,[],[],[],0.0,[],[],0.0,Run 1::agentmemorybench:fact-mh-262k:context-0/factconsolidation_mh_262k_no64,False,True,False
Run 1,agentmemorybench:fact-mh-262k:context-0/factconsolidation_mh_262k_no64,2,5,0.4,0.0,2.499999985098839,1.0,"[""read""]",False,False,2,0.0,[1],1,0.5,[],[1],[1],0.5,[1],[1],0.5,Run 1::agentmemorybench:fact-mh-262k:context-0/factconsolidation_mh_262k_no64,True,True,False
Run 1,agentmemorybench:fact-mh-262k:context-0/factconsolidation_mh_262k_no64,3,5,0.6,0.5,7.875000016312697,1.0,"[""search""]",False,False,2,0.5,[1],1,0.5,[1],[1],[1],0.5,[1],[1],0.5,Run 1::agentmemorybench:fact-mh-262k:context-0/factconsolidation_mh_262k_no64,True,True,False
Run 1,agentmemorybench:fact-mh-262k:context-0/factconsolidation_mh_262k_no64,4,5,0.8,0.5,2.874999985098839,0.806930693069307,"[""read""]",False,False,2,0.5,[1],1,0.5,[],[1],[1],0.5,[1],[1],0.5,Run 1::agentmemorybench:fact-mh-262k:context-0/factconsolidation_mh_262k_no64,True,True,False
Run 1,agentmemorybench:fact-mh-262k:context-0/factconsolidation_mh_262k_no64,5,5,1.0,1.0,5.31250013737008,1.0,"[""finish""]",False,False,2,1.0,"[1,2]",2,1.0,"[1,2]","[1,2]","[1,2]",1.0,"[1,2]","[1,2]",1.0,Run 1::agentmemorybench:fact-mh-262k:context-0/factconsolidation_mh_262k_no64,True,True,True
Run 1,agentmemorybench:fact-mh-262k:context-0/factconsolidation_mh_262k_no65,1,7,0.1428571428571428,0.0,-4.0000001564621925,0.8118811881188119,"[""search""]",False,False,2,0.0,[],0,0.0,[],[],[],0.0,[],[],0.0,Run 1::agentmemorybench:fact-mh-262k:context-0/factconsolidation_mh_262k_no65,False,True,False
Run 1,agentmemorybench:fact-mh-262k:context-0/factconsolidation_mh_262k_no65,2,7,0.2857142857142857,0.0,-2.500000022351742,0.9554455445544554,"[""search""]",False,False,2,0.0,[1],1,0.5,[],[1],[1],0.5,[1],[1],0.5,Run 1::agentmemorybench:fact-mh-262k:context-0/factconsolidation_mh_262k_no65,False,True,False
Run 1,agentmemorybench:fact-mh-262k:context-0/factconsolidation_mh_262k_no65,3,7,0.4285714285714285,0.0,-2.249999988824129,1.0,"[""read""]",False,False,2,0.0,[1],1,0.5,[],[1],[1],0.5,[1],[1],0.5,Run 1::agentmemorybench:fact-mh-262k:context-0/factconsolidation_mh_262k_no65,False,True,False
Run 1,agentmemorybench:fact-mh-262k:context-0/factconsolidation_mh_262k_no65,4,7,0.5714285714285714,0.5,1.9999999552965164,1.0,"[""read""]",False,False,2,0.5,[1],1,0.5,[1],[1],[1],0.5,[1],[1],0.5,Run 1::agentmemorybench:fact-mh-262k:context-0/factconsolidation_mh_262k_no65,True,True,False
Run 1,agentmemorybench:fact-mh-262k:context-0/factconsolidation_mh_262k_no65,5,7,0.7142857142857143,0.5,0.8125000447034836,0.9801980198019802,"[""search""]",False,False,2,0.5,[1],1,0.5,[1],[1],[1],0.5,[1],[1],0.5,Run 1::agentmemorybench:fact-mh-262k:context-0/factconsolidation_mh_262k_no65,True,True,False
Run 1,agentmemorybench:fact-mh-262k:context-0/factconsolidation_mh_262k_no65,6,7,0.8571428571428571,0.5,2.187500014901161,0.995049504950495,"[""read""]",False,False,2,0.5,"[1,2]",2,1.0,[],"[1,2]","[1,2]",1.0,"[1,2]","[1,2]",1.0,Run 1::agentmemorybench:fact-mh-262k:context-0/factconsolidation_mh_262k_no65,True,True,False
Run 1,agentmemorybench:fact-mh-262k:context-0/factconsolidation_mh_262k_no65,7,7,1.0,1.0,6.499999821186066,1.0,"[""finish""]",False,False,2,1.0,[2],1,0.5,[2],[2],"[1,2]",1.0,"[1,2]","[1,2]",1.0,Run 1::agentmemorybench:fact-mh-262k:context-0/factconsolidation_mh_262k_no65,True,True,True
Run 1,agentmemorybench:fact-mh-262k:context-0/factconsolidation_mh_262k_no66,1,3,0.3333333333333333,0.0,-4.249999881256372,0.9059405940594059,"[""search""]",False,False,2,0.0,[],0,0.0,[],[],[],0.0,[],[],0.0,Run 1::agentmemorybench:fact-mh-262k:context-0/factconsolidation_mh_262k_no66,False,True,False
Run 1,agentmemorybench:fact-mh-262k:context-0/factconsolidation_mh_262k_no66,2,3,0.6666666666666666,0.0,2.562499936670065,1.0,"[""read""]",False,False,2,0.0,[1],1,0.5,[],[1],[1],0.5,[1],[1],0.5,Run 1::agentmemorybench:fact-mh-262k:context-0/factconsolidation_mh_262k_no66,True,True,False
Run 1,agentmemorybench:fact-mh-262k:context-0/factconsolidation_mh_262k_no66,3,3,1.0,0.5,8.812499952371581,1.0,"[""finish""]",False,False,2,0.5,[1],1,0.5,[1],[1],[1],0.5,[1],[1],0.5,Run 1::agentmemorybench:fact-mh-262k:context-0/factconsolidation_mh_262k_no66,True,True,True
Run 1,agentmemorybench:fact-mh-262k:context-0/factconsolidation_mh_262k_no67,1,6,0.1666666666666666,0.0,-5.125000142492354,0.7475247524752475,"[""search""]",True,False,2,0.0,[],0,0.0,[],[],[],0.0,[],[],0.0,Run 1::agentmemorybench:fact-mh-262k:context-0/factconsolidation_mh_262k_no67,False,True,False
Run 1,agentmemorybench:fact-mh-262k:context-0/factconsolidation_mh_262k_no67,2,6,0.3333333333333333,0.0,2.375000052154064,1.0,"[""read""]",True,False,2,0.0,[1],1,0.5,[],[1],[1],0.5,[1],[1],0.5,Run 1::agentmemorybench:fact-mh-262k:context-0/factconsolidation_mh_262k_no67,True,True,False
Run 1,agentmemorybench:fact-mh-262k:context-0/factconsolidation_mh_262k_no67,3,6,0.5,0.0,7.187500051979441,1.0,"[""read""]",True,False,2,0.0,[1],1,0.5,[1],[1],[1],0.5,[1],[1],0.5,Run 1::agentmemorybench:fact-mh-262k:context-0/factconsolidation_mh_262k_no67,True,True,False
Run 1,agentmemorybench:fact-mh-262k:context-0/factconsolidation_mh_262k_no67,4,6,0.6666666666666666,0.5,0.6875,0.09405940594059406,"[""search""]",True,False,2,0.5,[1],1,0.5,[1],[1],[1],0.5,[1],[1],0.5,Run 1::agentmemorybench:fact-mh-262k:context-0/factconsolidation_mh_262k_no67,True,False,False
Run 1,agentmemorybench:fact-mh-262k:context-0/factconsolidation_mh_262k_no67,5,6,0.8333333333333334,0.5,2.5625000707805157,1.0,"[""read""]",True,False,2,0.5,"[1,2]",2,1.0,[],"[1,2]","[1,2]",1.0,"[1,2]","[1,2]",1.0,Run 1::agentmemorybench:fact-mh-262k:context-0/factconsolidation_mh_262k_no67,True,True,False
Run 1,agentmemorybench:fact-mh-262k:context-0/factconsolidation_mh_262k_no67,6,6,1.0,1.0,7.437499996711267,0.9900990099009901,"[""finish""]",True,False,2,1.0,"[1,2]",2,1.0,"[1,2]","[1,2]","[1,2]",1.0,"[1,2]","[1,2]",1.0,Run 1::agentmemorybench:fact-mh-262k:context-0/factconsolidation_mh_262k_no67,True,True,True
Run 1,agentmemorybench:fact-mh-262k:context-0/factconsolidation_mh_262k_no68,1,6,0.1666666666666666,0.0,-4.125000189989805,0.8118811881188119,"[""search""]",True,False,2,0.0,[],0,0.0,[],[],[],0.0,[],[],0.0,Run 1::agentmemorybench:fact-mh-262k:context-0/factconsolidation_mh_262k_no68,False,True,False
Run 1,agentmemorybench:fact-mh-262k:context-0/factconsolidation_mh_262k_no68,2,6,0.3333333333333333,0.0,0.5625000149011612,0.995049504950495,"[""search""]",True,False,2,0.0,[1],1,0.5,[],[1],[1],0.5,[1],[1],0.5,Run 1::agentmemorybench:fact-mh-262k:context-0/factconsolidation_mh_262k_no68,True,True,False
Run 1,agentmemorybench:fact-mh-262k:context-0/factconsolidation_mh_262k_no68,3,6,0.5,0.0,1.6249999925494194,1.0,"[""read""]",True,False,2,0.0,"[1,2]",2,1.0,[],"[1,2]","[1,2]",1.0,"[1,2]","[1,2]",1.0,Run 1::agentmemorybench:fact-mh-262k:context-0/factconsolidation_mh_262k_no68,True,True,False
Run 1,agentmemorybench:fact-mh-262k:context-0/factconsolidation_mh_262k_no68,4,6,0.6666666666666666,1.0,6.93749994126847,1.0,"[""search""]",True,False,2,1.0,"[1,2]",2,1.0,"[1,2]","[1,2]","[1,2]",1.0,"[1,2]","[1,2]",1.0,Run 1::agentmemorybench:fact-mh-262k:context-0/factconsolidation_mh_262k_no68,True,True,False
Run 1,agentmemorybench:fact-mh-262k:context-0/factconsolidation_mh_262k_no68,5,6,0.8333333333333334,1.0,3.6250000027939677,1.0,"[""read""]",True,False,2,1.0,[],0,0.0,[],[],"[1,2]",1.0,"[1,2]","[1,2]",1.0,Run 1::agentmemorybench:fact-mh-262k:context-0/factconsolidation_mh_262k_no68,True,True,False
Run 1,agentmemorybench:fact-mh-262k:context-0/factconsolidation_mh_262k_no68,6,6,1.0,1.0,5.3124999206047505,1.0,"[""finish""]",True,False,2,1.0,[],0,0.0,[],[],"[1,2]",1.0,"[1,2]","[1,2]",1.0,Run 1::agentmemorybench:fact-mh-262k:context-0/factconsolidation_mh_262k_no68,True,True,True
Run 1,agentmemorybench:fact-mh-262k:context-0/factconsolidation_mh_262k_no69,1,11,0.0909090909090909,0.0,-5.000000004656613,0.7524752475247525,"[""search""]",True,False,4,0.0,[],0,0.0,[],[],[],0.0,[],[],0.0,Run 1::agentmemorybench:fact-mh-262k:context-0/factconsolidation_mh_262k_no69,False,True,False
Run 1,agentmemorybench:fact-mh-262k:context-0/factconsolidation_mh_262k_no69,2,11,0.1818181818181818,0.0,-0.6250000149011612,1.0,"[""search""]",True,False,4,0.0,[1],1,0.25,[],[1],[1],0.25,[1],[1],0.25,Run 1::agentmemorybench:fact-mh-262k:context-0/factconsolidation_mh_262k_no69,False,True,False
Run 1,agentmemorybench:fact-mh-262k:context-0/factconsolidation_mh_262k_no69,3,11,0.2727272727272727,0.0,-5.499999858438969,1.0,"[""read""]",True,False,4,0.0,[1],1,0.25,[],[1],[1],0.25,[1],[1],0.25,Run 1::agentmemorybench:fact-mh-262k:context-0/factconsolidation_mh_262k_no69,False,True,False
Run 1,agentmemorybench:fact-mh-262k:context-0/factconsolidation_mh_262k_no69,4,11,0.3636363636363636,0.25,-1.3125,0.9851485148514851,"[""search""]",True,False,4,0.25,[1],1,0.25,[1],[1],[1],0.25,[1],[1],0.25,Run 1::agentmemorybench:fact-mh-262k:context-0/factconsolidation_mh_262k_no69,False,True,False
Run 1,agentmemorybench:fact-mh-262k:context-0/factconsolidation_mh_262k_no69,5,11,0.4545454545454545,0.25,0.8125000149011612,0.9405940594059405,"[""read""]",True,False,4,0.25,[2],1,0.25,[],[2],"[1,2]",0.5,"[1,2]","[1,2]",0.5,Run 1::agentmemorybench:fact-mh-262k:context-0/factconsolidation_mh_262k_no69,True,True,False
Run 1,agentmemorybench:fact-mh-262k:context-0/factconsolidation_mh_262k_no69,6,11,0.5454545454545454,0.5,-0.0625,0.9900990099009901,"[""search""]",True,False,4,0.5,[2],1,0.25,[2],[2],"[1,2]",0.5,"[1,2]","[1,2]",0.5,Run 1::agentmemorybench:fact-mh-262k:context-0/factconsolidation_mh_262k_no69,False,True,False
Run 1,agentmemorybench:fact-mh-262k:context-0/factconsolidation_mh_262k_no69,7,11,0.6363636363636364,0.5,2.000000014901161,1.0,"[""search""]",True,False,4,0.5,[3],1,0.25,[],[3],"[1,2,3]",0.75,"[1,2,3]","[1,2,3]",0.75,Run 1::agentmemorybench:fact-mh-262k:context-0/factconsolidation_mh_262k_no69,True,True,False
Run 1,agentmemorybench:fact-mh-262k:context-0/factconsolidation_mh_262k_no69,8,11,0.7272727272727273,0.5,2.062500014901161,1.0,"[""search""]",True,False,4,0.5,[3],1,0.25,[],[3],"[1,2,3]",0.75,"[1,2,3]","[1,2,3]",0.75,Run 1::agentmemorybench:fact-mh-262k:context-0/factconsolidation_mh_262k_no69,True,True,False
Run 1,agentmemorybench:fact-mh-262k:context-0/factconsolidation_mh_262k_no69,9,11,0.8181818181818182,0.5,1.6875000149011612,1.0,"[""read""]",True,False,4,0.5,[4],1,0.25,[],[4],"[1,2,4]",0.75,"[1,2,3,4]","[1,2,3,4]",1.0,Run 1::agentmemorybench:fact-mh-262k:context-0/factconsolidation_mh_262k_no69,True,True,False
Run 1,agentmemorybench:fact-mh-262k:context-0/factconsolidation_mh_262k_no69,10,11,0.9090909090909092,1.0,4.937499971129,1.0,"[""workingMemory""]",True,False,4,1.0,"[3,4]",2,0.5,"[3,4]","[3,4]","[1,2,3,4]",1.0,"[1,2,3,4]","[1,2,3,4]",1.0,Run 1::agentmemorybench:fact-mh-262k:context-0/factconsolidation_mh_262k_no69,True,True,False
Run 1,agentmemorybench:fact-mh-262k:context-0/factconsolidation_mh_262k_no69,11,11,1.0,1.0,8.812499952888174,0.14356435643564355,"[""finish""]",True,False,4,1.0,[],0,0.0,[],[],"[1,2,3,4]",1.0,"[1,2,3,4]","[1,2,3,4]",1.0,Run 1::agentmemorybench:fact-mh-262k:context-0/factconsolidation_mh_262k_no69,True,False,True
Run 1,agentmemorybench:fact-mh-262k:context-0/factconsolidation_mh_262k_no7,1,23,0.0434782608695652,0.0,-4.499999982304871,0.801980198019802,"[""search""]",False,False,4,0.0,[],0,0.0,[],[],[],0.0,[],[],0.0,Run 1::agentmemorybench:fact-mh-262k:context-0/factconsolidation_mh_262k_no7,False,True,False
Run 1,agentmemorybench:fact-mh-262k:context-0/factconsolidation_mh_262k_no7,2,23,0.0869565217391304,0.0,-2.687499964609742,0.8415841584158417,"[""read""]",False,False,4,0.0,"[1,2]",2,0.5,[],"[1,2]","[1,2]",0.5,"[1,2]","[1,2]",0.5,Run 1::agentmemorybench:fact-mh-262k:context-0/factconsolidation_mh_262k_no7,False,True,False
Run 1,agentmemorybench:fact-mh-262k:context-0/factconsolidation_mh_262k_no7,3,23,0.1304347826086956,0.5,1.3750000074505806,1.0,"[""search""]",False,False,4,0.5,"[1,2]",2,0.5,"[1,2]","[1,2]","[1,2]",0.5,"[1,2]","[1,2]",0.5,Run 1::agentmemorybench:fact-mh-262k:context-0/factconsolidation_mh_262k_no7,True,True,False
Run 1,agentmemorybench:fact-mh-262k:context-0/factconsolidation_mh_262k_no7,4,23,0.1739130434782608,0.5,2.312499936670065,0.995049504950495,"[""search""]",False,False,4,0.5,[1],1,0.25,[],[1],"[1,2]",0.5,"[1,2]","[1,2]",0.5,Run 1::agentmemorybench:fact-mh-262k:context-0/factconsolidation_mh_262k_no7,True,True,False
Run 1,agentmemorybench:fact-mh-262k:context-0/factconsolidation_mh_262k_no7,5,23,0.217391304347826,0.5,0.125,0.9752475247524752,"[""read""]",False,False,4,0.5,[1],1,0.25,[],[1],"[1,2]",0.5,"[1,2]","[1,2]",0.5,Run 1::agentmemorybench:fact-mh-262k:context-0/factconsolidation_mh_262k_no7,True,True,False
Run 1,agentmemorybench:fact-mh-262k:context-0/factconsolidation_mh_262k_no7,6,23,0.2608695652173913,0.5,0.1875,1.0,"[""search""]",False,False,4,0.5,[],0,0.0,[],[],"[1,2]",0.5,"[1,2]","[1,2]",0.5,Run 1::agentmemorybench:fact-mh-262k:context-0/factconsolidation_mh_262k_no7,True,True,False
Run 1,agentmemorybench:fact-mh-262k:context-0/factconsolidation_mh_262k_no7,7,23,0.3043478260869565,0.5,-0.5,0.7425742574257426,"[""read""]",False,False,4,0.5,[],0,0.0,[],[],"[1,2]",0.5,"[1,2]","[1,2]",0.5,Run 1::agentmemorybench:fact-mh-262k:context-0/factconsolidation_mh_262k_no7,False,True,False
Run 1,agentmemorybench:fact-mh-262k:context-0/factconsolidation_mh_262k_no7,8,23,0.3478260869565217,0.5,-0.5625000149011612,0.3811881188118812,"[""search""]",False,False,4,0.5,[],0,0.0,[],[],"[1,2]",0.5,"[1,2]","[1,2]",0.5,Run 1::agentmemorybench:fact-mh-262k:context-0/factconsolidation_mh_262k_no7,False,False,False
Run 1,agentmemorybench:fact-mh-262k:context-0/factconsolidation_mh_262k_no7,9,23,0.391304347826087,0.5,-1.5000000149011612,0.1089108910891089,"[""read""]",False,False,4,0.5,[],0,0.0,[],[],"[1,2]",0.5,"[1,2]","[1,2]",0.5,Run 1::agentmemorybench:fact-mh-262k:context-0/factconsolidation_mh_262k_no7,False,False,False
Run 1,agentmemorybench:fact-mh-262k:context-0/factconsolidation_mh_262k_no7,10,23,0.4347826086956521,0.5,-1.6875,0.9504950495049505,"[""search""]",False,False,4,0.5,[],0,0.0,[],[],"[1,2]",0.5,"[1,2]","[1,2]",0.5,Run 1::agentmemorybench:fact-mh-262k:context-0/factconsolidation_mh_262k_no7,False,True,False
Run 1,agentmemorybench:fact-mh-262k:context-0/factconsolidation_mh_262k_no7,11,23,0.4782608695652174,0.5,-2.9374999348074198,0.21287128712871284,"[""search""]",False,False,4,0.5,[],0,0.0,[],[],"[1,2]",0.5,"[1,2]","[1,2]",0.5,Run 1::agentmemorybench:fact-mh-262k:context-0/factconsolidation_mh_262k_no7,False,False,False
Run 1,agentmemorybench:fact-mh-262k:context-0/factconsolidation_mh_262k_no7,12,23,0.5217391304347826,0.5,-2.437500048428774,0.29207920792079206,"[""search""]",False,False,4,0.5,[],0,0.0,[],[],"[1,2]",0.5,"[1,2]","[1,2]",0.5,Run 1::agentmemorybench:fact-mh-262k:context-0/factconsolidation_mh_262k_no7,False,False,False
Run 1,agentmemorybench:fact-mh-262k:context-0/factconsolidation_mh_262k_no7,13,23,0.5652173913043478,0.5,-3.6875000093132257,0.6188118811881188,"[""read""]",False,False,4,0.5,[],0,0.0,[],[],"[1,2]",0.5,"[1,2]","[1,2]",0.5,Run 1::agentmemorybench:fact-mh-262k:context-0/factconsolidation_mh_262k_no7,False,True,False
Run 1,agentmemorybench:fact-mh-262k:context-0/factconsolidation_mh_262k_no7,14,23,0.6086956521739131,0.5,-1.9374999329447746,0.20297029702970296,"[""search_more""]",False,False,4,0.5,[],0,0.0,[],[],"[1,2]",0.5,"[1,2]","[1,2]",0.5,Run 1::agentmemorybench:fact-mh-262k:context-0/factconsolidation_mh_262k_no7,False,False,False
Run 1,agentmemorybench:fact-mh-262k:context-0/factconsolidation_mh_262k_no7,15,23,0.6521739130434783,0.5,-2.8749999180436134,0.9455445544554455,"[""read""]",False,False,4,0.5,[],0,0.0,[],[],"[1,2]",0.5,"[1,2]","[1,2]",0.5,Run 1::agentmemorybench:fact-mh-262k:context-0/factconsolidation_mh_262k_no7,False,True,False
Run 1,agentmemorybench:fact-mh-262k:context-0/factconsolidation_mh_262k_no7,16,23,0.6956521739130435,0.5,-1.5624999850988388,0.9207920792079207,"[""search""]",False,False,4,0.5,[],0,0.0,[],[],"[1,2]",0.5,"[1,2]","[1,2]",0.5,Run 1::agentmemorybench:fact-mh-262k:context-0/factconsolidation_mh_262k_no7,False,True,False
Run 1,agentmemorybench:fact-mh-262k:context-0/factconsolidation_mh_262k_no7,17,23,0.7391304347826086,0.5,-0.9999999701976776,0.995049504950495,"[""search_more""]",False,False,4,0.5,[],0,0.0,[],[],"[1,2]",0.5,"[1,2]","[1,2]",0.5,Run 1::agentmemorybench:fact-mh-262k:context-0/factconsolidation_mh_262k_no7,False,True,False
Run 1,agentmemorybench:fact-mh-262k:context-0/factconsolidation_mh_262k_no7,18,23,0.782608695652174,0.5,-2.937499960884452,0.3267326732673267,"[""read""]",False,False,4,0.5,[],0,0.0,[],[],"[1,2]",0.5,"[1,2]","[1,2]",0.5,Run 1::agentmemorybench:fact-mh-262k:context-0/factconsolidation_mh_262k_no7,False,False,False
Run 1,agentmemorybench:fact-mh-262k:context-0/factconsolidation_mh_262k_no7,19,23,0.8260869565217391,0.5,-1.8125,0.8168316831683169,"[""read""]",False,False,4,0.5,[],0,0.0,[],[],"[1,2]",0.5,"[1,2]","[1,2]",0.5,Run 1::agentmemorybench:fact-mh-262k:context-0/factconsolidation_mh_262k_no7,False,True,False
Run 1,agentmemorybench:fact-mh-262k:context-0/factconsolidation_mh_262k_no7,20,23,0.8695652173913043,0.5,-1.625000037252903,0.599009900990099,"[""search""]",False,False,4,0.5,[],0,0.0,[],[],"[1,2]",0.5,"[1,2]","[1,2]",0.5,Run 1::agentmemorybench:fact-mh-262k:context-0/factconsolidation_mh_262k_no7,False,True,False
Run 1,agentmemorybench:fact-mh-262k:context-0/factconsolidation_mh_262k_no7,21,23,0.9130434782608696,0.5,-0.625,0.5544554455445545,"[""read""]",False,False,4,0.5,[],0,0.0,[],[],"[1,2]",0.5,"[1,2]","[1,2]",0.5,Run 1::agentmemorybench:fact-mh-262k:context-0/factconsolidation_mh_262k_no7,False,True,False
Run 1,agentmemorybench:fact-mh-262k:context-0/factconsolidation_mh_262k_no7,22,23,0.9565217391304348,0.5,1.1249999701976776,0.8168316831683169,"[""search""]",False,False,4,0.5,[],0,0.0,[],[],"[1,2]",0.5,"[1,2]","[1,2]",0.5,Run 1::agentmemorybench:fact-mh-262k:context-0/factconsolidation_mh_262k_no7,True,True,False
Run 1,agentmemorybench:fact-mh-262k:context-0/factconsolidation_mh_262k_no7,23,23,1.0,0.5,2.875000063329935,0.43069306930693063,"[""finish""]",False,False,4,0.5,[],0,0.0,[],[],"[1,2]",0.5,"[1,2]","[1,2]",0.5,Run 1::agentmemorybench:fact-mh-262k:context-0/factconsolidation_mh_262k_no7,True,False,True
Run 1,agentmemorybench:fact-mh-262k:context-0/factconsolidation_mh_262k_no70,1,6,0.1666666666666666,0.0,-4.68749983003363,0.7376237623762376,"[""search""]",True,False,3,0.0,[],0,0.0,[],[],[],0.0,[],[],0.0,Run 1::agentmemorybench:fact-mh-262k:context-0/factconsolidation_mh_262k_no70,False,True,False
Run 1,agentmemorybench:fact-mh-262k:context-0/factconsolidation_mh_262k_no70,2,6,0.3333333333333333,0.0,2.3125000298023224,0.995049504950495,"[""read""]",True,False,3,0.0,[1],1,0.3333333333333333,[],[1],[1],0.3333333333333333,[1],[1],0.3333333333333333,Run 1::agentmemorybench:fact-mh-262k:context-0/factconsolidation_mh_262k_no70,True,True,False
Run 1,agentmemorybench:fact-mh-262k:context-0/factconsolidation_mh_262k_no70,3,6,0.5,0.3333333333333333,3.500000041909516,1.0,"[""search""]",True,False,3,0.3333333333333333,[1],1,0.3333333333333333,[1],[1],[1],0.3333333333333333,[1],[1],0.3333333333333333,Run 1::agentmemorybench:fact-mh-262k:context-0/factconsolidation_mh_262k_no70,True,True,False
Run 1,agentmemorybench:fact-mh-262k:context-0/factconsolidation_mh_262k_no70,4,6,0.6666666666666666,0.3333333333333333,1.3750000298023224,1.0,"[""search""]",True,False,3,0.3333333333333333,[2],1,0.3333333333333333,[],[2],"[1,2]",0.6666666666666666,"[1,2]","[1,2]",0.6666666666666666,Run 1::agentmemorybench:fact-mh-262k:context-0/factconsolidation_mh_262k_no70,True,True,False
Run 1,agentmemorybench:fact-mh-262k:context-0/factconsolidation_mh_262k_no70,5,6,0.8333333333333334,0.3333333333333333,1.5000000298023224,0.9504950495049505,"[""read""]",True,False,3,0.3333333333333333,[3],1,0.3333333333333333,[],[3],"[1,3]",0.6666666666666666,"[1,2,3]","[1,2,3]",1.0,Run 1::agentmemorybench:fact-mh-262k:context-0/factconsolidation_mh_262k_no70,True,True,False
Run 1,agentmemorybench:fact-mh-262k:context-0/factconsolidation_mh_262k_no70,6,6,1.0,1.0,6.562499995576218,1.0,"[""finish""]",True,False,3,1.0,"[2,3]",2,0.6666666666666666,"[2,3]","[2,3]","[1,2,3]",1.0,"[1,2,3]","[1,2,3]",1.0,Run 1::agentmemorybench:fact-mh-262k:context-0/factconsolidation_mh_262k_no70,True,True,True
Run 1,agentmemorybench:fact-mh-262k:context-0/factconsolidation_mh_262k_no71,1,3,0.3333333333333333,0.0,-4.124999850988388,0.594059405940594,"[""search""]",True,True,2,0.0,[],0,0.0,[],[],[],0.0,[],[],0.0,Run 1::agentmemorybench:fact-mh-262k:context-0/factconsolidation_mh_262k_no71,False,True,False
Run 1,agentmemorybench:fact-mh-262k:context-0/factconsolidation_mh_262k_no71,2,3,0.6666666666666666,0.0,1.5000000223517418,1.0,"[""read""]",True,True,2,0.0,"[1,2]",2,1.0,[],"[1,2]","[1,2]",1.0,"[1,2]","[1,2]",1.0,Run 1::agentmemorybench:fact-mh-262k:context-0/factconsolidation_mh_262k_no71,True,True,False
Run 1,agentmemorybench:fact-mh-262k:context-0/factconsolidation_mh_262k_no71,3,3,1.0,1.0,7.9375001245352905,1.0,"[""finish""]",True,True,2,1.0,"[1,2]",2,1.0,"[1,2]","[1,2]","[1,2]",1.0,"[1,2]","[1,2]",1.0,Run 1::agentmemorybench:fact-mh-262k:context-0/factconsolidation_mh_262k_no71,True,True,True
Run 1,agentmemorybench:fact-mh-262k:context-0/factconsolidation_mh_262k_no72,1,9,0.1111111111111111,0.0,-4.812499983236194,0.8514851485148516,"[""search""]",False,True,4,0.0,[],0,0.0,[],[],[],0.0,[],[],0.0,Run 1::agentmemorybench:fact-mh-262k:context-0/factconsolidation_mh_262k_no72,False,True,False
Run 1,agentmemorybench:fact-mh-262k:context-0/factconsolidation_mh_262k_no72,2,9,0.2222222222222222,0.0,-2.8124999161809683,0.9801980198019802,"[""read""]",False,True,4,0.0,"[1,2]",2,0.5,[],"[1,2]","[1,2]",0.5,"[1,2]","[1,2]",0.5,Run 1::agentmemorybench:fact-mh-262k:context-0/factconsolidation_mh_262k_no72,False,True,False
Run 1,agentmemorybench:fact-mh-262k:context-0/factconsolidation_mh_262k_no72,3,9,0.3333333333333333,0.25,3.500000045634806,1.0,"[""search""]",False,True,4,0.25,"[1,2]",2,0.5,"[1,2]","[1,2]","[1,2]",0.5,"[1,2]","[1,2]",0.5,Run 1::agentmemorybench:fact-mh-262k:context-0/factconsolidation_mh_262k_no72,True,True,False
Run 1,agentmemorybench:fact-mh-262k:context-0/factconsolidation_mh_262k_no72,4,9,0.4444444444444444,0.25,2.7499999292194843,0.995049504950495,"[""read""]",False,True,4,0.25,[],0,0.0,[],[],[1],0.25,"[1,2]","[1,2]",0.5,Run 1::agentmemorybench:fact-mh-262k:context-0/factconsolidation_mh_262k_no72,True,True,False
Run 1,agentmemorybench:fact-mh-262k:context-0/factconsolidation_mh_262k_no72,5,9,0.5555555555555556,0.25,6.312499990977813,1.0,"[""search""]",False,True,4,0.25,[],0,0.0,[],[],[1],0.25,"[1,2]","[1,2]",0.5,Run 1::agentmemorybench:fact-mh-262k:context-0/factconsolidation_mh_262k_no72,True,True,False
Run 1,agentmemorybench:fact-mh-262k:context-0/factconsolidation_mh_262k_no72,6,9,0.6666666666666666,0.25,3.5624999739229675,1.0,"[""read""]",False,True,4,0.25,[],0,0.0,[],[],[1],0.25,"[1,2]","[1,2]",0.5,Run 1::agentmemorybench:fact-mh-262k:context-0/factconsolidation_mh_262k_no72,True,True,False
Run 1,agentmemorybench:fact-mh-262k:context-0/factconsolidation_mh_262k_no72,7,9,0.7777777777777778,0.25,2.3125000931322575,0.9702970297029703,"[""search""]",False,True,4,0.25,[],0,0.0,[],[],[1],0.25,"[1,2]","[1,2]",0.5,Run 1::agentmemorybench:fact-mh-262k:context-0/factconsolidation_mh_262k_no72,True,True,False
Run 1,agentmemorybench:fact-mh-262k:context-0/factconsolidation_mh_262k_no72,8,9,0.8888888888888888,0.25,2.3750000037252903,0.8762376237623761,"[""read""]",False,True,4,0.25,[],0,0.0,[],[],[1],0.25,"[1,2]","[1,2]",0.5,Run 1::agentmemorybench:fact-mh-262k:context-0/factconsolidation_mh_262k_no72,True,True,False
Run 1,agentmemorybench:fact-mh-262k:context-0/factconsolidation_mh_262k_no72,9,9,1.0,0.25,5.6250000653089955,1.0,"[""finish""]",False,True,4,0.25,[],0,0.0,[],[],[1],0.25,"[1,2]","[1,2]",0.5,Run 1::agentmemorybench:fact-mh-262k:context-0/factconsolidation_mh_262k_no72,True,True,True
Run 1,agentmemorybench:fact-mh-262k:context-0/factconsolidation_mh_262k_no73,1,4,0.25,0.0,-3.7499999050050974,0.9257425742574258,"[""search""]",True,False,2,0.0,[],0,0.0,[],[],[],0.0,[],[],0.0,Run 1::agentmemorybench:fact-mh-262k:context-0/factconsolidation_mh_262k_no73,False,True,False
Run 1,agentmemorybench:fact-mh-262k:context-0/factconsolidation_mh_262k_no73,2,4,0.5,0.0,1.8750000149011612,0.995049504950495,"[""search""]",True,False,2,0.0,[1],1,0.5,[],[1],[1],0.5,[1],[1],0.5,Run 1::agentmemorybench:fact-mh-262k:context-0/factconsolidation_mh_262k_no73,True,True,False
Run 1,agentmemorybench:fact-mh-262k:context-0/factconsolidation_mh_262k_no73,3,4,0.75,0.0,0.25,0.9455445544554456,"[""read""]",True,False,2,0.0,[2],1,0.5,[],[2],[2],0.5,"[1,2]","[1,2]",1.0,Run 1::agentmemorybench:fact-mh-262k:context-0/factconsolidation_mh_262k_no73,True,True,False
Run 1,agentmemorybench:fact-mh-262k:context-0/factconsolidation_mh_262k_no73,4,4,1.0,1.0,8.437499964347808,1.0,"[""finish""]",True,False,2,1.0,"[1,2]",2,1.0,"[1,2]","[1,2]","[1,2]",1.0,"[1,2]","[1,2]",1.0,Run 1::agentmemorybench:fact-mh-262k:context-0/factconsolidation_mh_262k_no73,True,True,True
Run 1,agentmemorybench:fact-mh-262k:context-0/factconsolidation_mh_262k_no74,1,8,0.125,0.0,-3.749999923631549,0.8168316831683169,"[""search""]",True,False,2,0.0,[],0,0.0,[],[],[],0.0,[],[],0.0,Run 1::agentmemorybench:fact-mh-262k:context-0/factconsolidation_mh_262k_no74,False,True,False
Run 1,agentmemorybench:fact-mh-262k:context-0/factconsolidation_mh_262k_no74,2,8,0.25,0.0,3.624999982304871,1.0,"[""read""]",True,False,2,0.0,[1],1,0.5,[],[1],[1],0.5,[1],[1],0.5,Run 1::agentmemorybench:fact-mh-262k:context-0/factconsolidation_mh_262k_no74,True,True,False
Run 1,agentmemorybench:fact-mh-262k:context-0/factconsolidation_mh_262k_no74,3,8,0.375,0.5,1.937499962747097,0.5742574257425743,"[""search""]",True,False,2,0.5,[1],1,0.5,[1],[1],[1],0.5,[1],[1],0.5,Run 1::agentmemorybench:fact-mh-262k:context-0/factconsolidation_mh_262k_no74,True,True,False
Run 1,agentmemorybench:fact-mh-262k:context-0/factconsolidation_mh_262k_no74,4,8,0.5,0.5,2.500000067055226,0.9801980198019802,"[""read""]",True,False,2,0.5,[2],1,0.5,[],[2],"[1,2]",1.0,"[1,2]","[1,2]",1.0,Run 1::agentmemorybench:fact-mh-262k:context-0/factconsolidation_mh_262k_no74,True,True,False
Run 1,agentmemorybench:fact-mh-262k:context-0/factconsolidation_mh_262k_no74,5,8,0.625,1.0,5.750000057742,1.0,"[""read""]",True,False,2,1.0,"[1,2]",2,1.0,"[1,2]","[1,2]","[1,2]",1.0,"[1,2]","[1,2]",1.0,Run 1::agentmemorybench:fact-mh-262k:context-0/factconsolidation_mh_262k_no74,True,True,False
Run 1,agentmemorybench:fact-mh-262k:context-0/factconsolidation_mh_262k_no74,6,8,0.75,1.0,4.499999823514372,0.9702970297029704,"[""search""]",True,False,2,1.0,[1],1,0.5,[1],[1],"[1,2]",1.0,"[1,2]","[1,2]",1.0,Run 1::agentmemorybench:fact-mh-262k:context-0/factconsolidation_mh_262k_no74,True,True,False
Run 1,agentmemorybench:fact-mh-262k:context-0/factconsolidation_mh_262k_no74,7,8,0.875,1.0,4.437500003259629,0.7277227722772277,"[""read""]",True,False,2,1.0,[1],1,0.5,[],[1],"[1,2]",1.0,"[1,2]","[1,2]",1.0,Run 1::agentmemorybench:fact-mh-262k:context-0/factconsolidation_mh_262k_no74,True,True,False
Run 1,agentmemorybench:fact-mh-262k:context-0/factconsolidation_mh_262k_no74,8,8,1.0,1.0,4.0624998938292265,0.9306930693069306,"[""finish""]",True,False,2,1.0,[1],1,0.5,[1],[1],"[1,2]",1.0,"[1,2]","[1,2]",1.0,Run 1::agentmemorybench:fact-mh-262k:context-0/factconsolidation_mh_262k_no74,True,True,True
Run 1,agentmemorybench:fact-mh-262k:context-0/factconsolidation_mh_262k_no75,1,13,0.0769230769230769,0.0,-4.124999942258,0.7920792079207921,"[""search""]",False,True,4,0.0,[],0,0.0,[],[],[],0.0,[],[],0.0,Run 1::agentmemorybench:fact-mh-262k:context-0/factconsolidation_mh_262k_no75,False,True,False
Run 1,agentmemorybench:fact-mh-262k:context-0/factconsolidation_mh_262k_no75,2,13,0.1538461538461538,0.0,-8.624999784238753,0.08415841584158415,"[""search""]",False,True,4,0.0,[2],1,0.25,[],[2],[2],0.25,[2],[2],0.25,Run 1::agentmemorybench:fact-mh-262k:context-0/factconsolidation_mh_262k_no75,False,False,False
Run 1,agentmemorybench:fact-mh-262k:context-0/factconsolidation_mh_262k_no75,3,13,0.2307692307692307,0.0,-10.187499882380507,0.0297029702970297,"[""search""]",False,True,4,0.0,[2],1,0.25,[],[2],[2],0.25,[2],[2],0.25,Run 1::agentmemorybench:fact-mh-262k:context-0/factconsolidation_mh_262k_no75,False,False,False
Run 1,agentmemorybench:fact-mh-262k:context-0/factconsolidation_mh_262k_no75,4,13,0.3076923076923077,0.0,-0.8749999701976776,0.9653465346534653,"[""read""]",False,True,4,0.0,[1],1,0.25,[],[1],[1],0.25,"[1,2]","[1,2]",0.5,Run 1::agentmemorybench:fact-mh-262k:context-0/factconsolidation_mh_262k_no75,False,True,False
Run 1,agentmemorybench:fact-mh-262k:context-0/factconsolidation_mh_262k_no75,5,13,0.3846153846153846,0.75,1.8125000223517418,1.0,"[""read""]",False,True,4,0.75,"[1,2,3]",3,0.75,"[1,2,3]","[1,2,3]","[1,2,3]",0.75,"[1,2,3]","[1,2,3]",0.75,Run 1::agentmemorybench:fact-mh-262k:context-0/factconsolidation_mh_262k_no75,True,True,False
Run 1,agentmemorybench:fact-mh-262k:context-0/factconsolidation_mh_262k_no75,6,13,0.4615384615384615,0.75,-1.437499962747097,0.26237623762376233,"[""search""]",False,True,4,0.75,[1],1,0.25,[1],[1],"[1,2,3]",0.75,"[1,2,3]","[1,2,3]",0.75,Run 1::agentmemorybench:fact-mh-262k:context-0/factconsolidation_mh_262k_no75,False,False,False
Run 1,agentmemorybench:fact-mh-262k:context-0/factconsolidation_mh_262k_no75,7,13,0.5384615384615384,0.75,-2.5000000186264515,0.15346534653465344,"[""search""]",False,True,4,0.75,[1],1,0.25,[],[1],"[1,2,3]",0.75,"[1,2,3]","[1,2,3]",0.75,Run 1::agentmemorybench:fact-mh-262k:context-0/factconsolidation_mh_262k_no75,False,False,False
Run 1,agentmemorybench:fact-mh-262k:context-0/factconsolidation_mh_262k_no75,8,13,0.6153846153846154,0.75,-5.0000000186264515,0.9356435643564356,"[""search""]",False,True,4,0.75,[1],1,0.25,[],[1],"[1,2,3]",0.75,"[1,2,3]","[1,2,3]",0.75,Run 1::agentmemorybench:fact-mh-262k:context-0/factconsolidation_mh_262k_no75,False,True,False
Run 1,agentmemorybench:fact-mh-262k:context-0/factconsolidation_mh_262k_no75,9,13,0.6923076923076923,0.75,-4.812500033993274,0.698019801980198,"[""search""]",False,True,4,0.75,[1],1,0.25,[],[1],"[1,2,3]",0.75,"[1,2,3]","[1,2,3]",0.75,Run 1::agentmemorybench:fact-mh-262k:context-0/factconsolidation_mh_262k_no75,False,True,False
Run 1,agentmemorybench:fact-mh-262k:context-0/factconsolidation_mh_262k_no75,10,13,0.7692307692307693,0.75,-5.750000050058588,0.07425742574257424,"[""search""]",False,True,4,0.75,[1],1,0.25,[],[1],"[1,2,3]",0.75,"[1,2,3]","[1,2,3]",0.75,Run 1::agentmemorybench:fact-mh-262k:context-0/factconsolidation_mh_262k_no75,False,False,False
Run 1,agentmemorybench:fact-mh-262k:context-0/factconsolidation_mh_262k_no75,11,13,0.8461538461538461,0.75,-1.8125000298023224,0.9504950495049507,"[""read""]",False,True,4,0.75,[1],1,0.25,[],[1],"[1,2,3]",0.75,"[1,2,3]","[1,2,3]",0.75,Run 1::agentmemorybench:fact-mh-262k:context-0/factconsolidation_mh_262k_no75,False,True,False
Run 1,agentmemorybench:fact-mh-262k:context-0/factconsolidation_mh_262k_no75,12,13,0.9230769230769232,0.75,-0.6875000298023224,0.7970297029702971,"[""search""]",False,True,4,0.75,[1],1,0.25,[1],[1],"[1,2,3]",0.75,"[1,2,3]","[1,2,3]",0.75,Run 1::agentmemorybench:fact-mh-262k:context-0/factconsolidation_mh_262k_no75,False,True,False
Run 1,agentmemorybench:fact-mh-262k:context-0/factconsolidation_mh_262k_no75,13,13,1.0,0.75,-1.3125000223517418,0.8217821782178217,"[""finish""]",False,True,4,0.75,[],0,0.0,[],[],"[1,2,3]",0.75,"[1,2,3]","[1,2,3]",0.75,Run 1::agentmemorybench:fact-mh-262k:context-0/factconsolidation_mh_262k_no75,False,True,True
Run 1,agentmemorybench:fact-mh-262k:context-0/factconsolidation_mh_262k_no76,1,4,0.25,0.0,-4.499999972525984,0.6336633663366336,"[""search""]",False,True,2,0.0,[],0,0.0,[],[],[],0.0,[],[],0.0,Run 1::agentmemorybench:fact-mh-262k:context-0/factconsolidation_mh_262k_no76,False,True,False
Run 1,agentmemorybench:fact-mh-262k:context-0/factconsolidation_mh_262k_no76,2,4,0.5,0.0,1.3125000223517418,1.0,"[""search""]",False,True,2,0.0,[1],1,0.5,[],[1],[1],0.5,[1],[1],0.5,Run 1::agentmemorybench:fact-mh-262k:context-0/factconsolidation_mh_262k_no76,True,True,False
Run 1,agentmemorybench:fact-mh-262k:context-0/factconsolidation_mh_262k_no76,3,4,0.75,0.0,1.4999999776482582,1.0,"[""read""]",False,True,2,0.0,"[1,2]",2,1.0,[],"[1,2]","[1,2]",1.0,"[1,2]","[1,2]",1.0,Run 1::agentmemorybench:fact-mh-262k:context-0/factconsolidation_mh_262k_no76,True,True,False
Run 1,agentmemorybench:fact-mh-262k:context-0/factconsolidation_mh_262k_no76,4,4,1.0,1.0,7.312499927676981,1.0,"[""finish""]",False,True,2,1.0,"[1,2]",2,1.0,"[1,2]","[1,2]","[1,2]",1.0,"[1,2]","[1,2]",1.0,Run 1::agentmemorybench:fact-mh-262k:context-0/factconsolidation_mh_262k_no76,True,True,True
Run 1,agentmemorybench:fact-mh-262k:context-0/factconsolidation_mh_262k_no77,1,10,0.1,0.0,-5.500000081025064,0.7227722772277227,"[""search""]",False,True,4,0.0,[],0,0.0,[],[],[],0.0,[],[],0.0,Run 1::agentmemorybench:fact-mh-262k:context-0/factconsolidation_mh_262k_no77,False,True,False
Run 1,agentmemorybench:fact-mh-262k:context-0/factconsolidation_mh_262k_no77,2,10,0.2,0.0,-0.4375,0.9504950495049505,"[""search""]",False,True,4,0.0,[1],1,0.25,[],[1],[1],0.25,[1],[1],0.25,Run 1::agentmemorybench:fact-mh-262k:context-0/factconsolidation_mh_262k_no77,False,True,False
Run 1,agentmemorybench:fact-mh-262k:context-0/factconsolidation_mh_262k_no77,3,10,0.3,0.0,0.9999999850988388,1.0,"[""read""]",False,True,4,0.0,"[1,2,3]",3,0.75,[],"[1,2,3]","[1,2,3]",0.75,"[1,2,3]","[1,2,3]",0.75,Run 1::agentmemorybench:fact-mh-262k:context-0/factconsolidation_mh_262k_no77,True,True,False
Run 1,agentmemorybench:fact-mh-262k:context-0/factconsolidation_mh_262k_no77,4,10,0.4,0.5,-1.1875000149011612,0.8811881188118812,"[""search""]",False,True,4,0.5,"[1,2,3]",3,0.75,"[1,2,3]","[1,2,3]","[1,2,3]",0.75,"[1,2,3]","[1,2,3]",0.75,Run 1::agentmemorybench:fact-mh-262k:context-0/factconsolidation_mh_262k_no77,False,True,False
Run 1,agentmemorybench:fact-mh-262k:context-0/factconsolidation_mh_262k_no77,5,10,0.5,0.5,2.2499999925494194,1.0,"[""read""]",False,True,4,0.5,[],0,0.0,[],[],"[1,2]",0.5,"[1,2,3]","[1,2,3]",0.75,Run 1::agentmemorybench:fact-mh-262k:context-0/factconsolidation_mh_262k_no77,True,True,False
Run 1,agentmemorybench:fact-mh-262k:context-0/factconsolidation_mh_262k_no77,6,10,0.6,0.5,0.9375000596046448,0.995049504950495,"[""search""]",False,True,4,0.5,[],0,0.0,[],[],"[1,2]",0.5,"[1,2,3]","[1,2,3]",0.75,Run 1::agentmemorybench:fact-mh-262k:context-0/factconsolidation_mh_262k_no77,True,True,False
Run 1,agentmemorybench:fact-mh-262k:context-0/factconsolidation_mh_262k_no77,7,10,0.7,0.5,2.4375001154839993,1.0,"[""read""]",False,True,4,0.5,[],0,0.0,[],[],"[1,2]",0.5,"[1,2,3]","[1,2,3]",0.75,Run 1::agentmemorybench:fact-mh-262k:context-0/factconsolidation_mh_262k_no77,True,True,False
Run 1,agentmemorybench:fact-mh-262k:context-0/factconsolidation_mh_262k_no77,8,10,0.8,0.5,5.312500017229468,1.0,"[""search""]",False,True,4,0.5,[],0,0.0,[],[],"[1,2]",0.5,"[1,2,3]","[1,2,3]",0.75,Run 1::agentmemorybench:fact-mh-262k:context-0/factconsolidation_mh_262k_no77,True,True,False
Run 1,agentmemorybench:fact-mh-262k:context-0/factconsolidation_mh_262k_no77,9,10,0.9,0.5,4.250000051688403,0.9900990099009901,"[""read""]",False,True,4,0.5,[],0,0.0,[],[],"[1,2]",0.5,"[1,2,3]","[1,2,3]",0.75,Run 1::agentmemorybench:fact-mh-262k:context-0/factconsolidation_mh_262k_no77,True,True,False
Run 1,agentmemorybench:fact-mh-262k:context-0/factconsolidation_mh_262k_no77,10,10,1.0,0.5,2.6249999962747097,1.0,"[""finish""]",False,True,4,0.5,[],0,0.0,[],[],"[1,2]",0.5,"[1,2,3]","[1,2,3]",0.75,Run 1::agentmemorybench:fact-mh-262k:context-0/factconsolidation_mh_262k_no77,True,True,True
Run 1,agentmemorybench:fact-mh-262k:context-0/factconsolidation_mh_262k_no78,1,5,0.2,0.0,-3.874999901279807,0.9207920792079208,"[""search""]",True,False,2,0.0,[],0,0.0,[],[],[],0.0,[],[],0.0,Run 1::agentmemorybench:fact-mh-262k:context-0/factconsolidation_mh_262k_no78,False,True,False
Run 1,agentmemorybench:fact-mh-262k:context-0/factconsolidation_mh_262k_no78,2,5,0.4,0.0,3.250000024214387,1.0,"[""read""]",True,False,2,0.0,[1],1,0.5,[],[1],[1],0.5,[1],[1],0.5,Run 1::agentmemorybench:fact-mh-262k:context-0/factconsolidation_mh_262k_no78,True,True,False
Run 1,agentmemorybench:fact-mh-262k:context-0/factconsolidation_mh_262k_no78,3,5,0.6,0.5,3.562499982304871,1.0,"[""search""]",True,False,2,0.5,[1],1,0.5,[1],[1],[1],0.5,[1],[1],0.5,Run 1::agentmemorybench:fact-mh-262k:context-0/factconsolidation_mh_262k_no78,True,True,False
Run 1,agentmemorybench:fact-mh-262k:context-0/factconsolidation_mh_262k_no78,4,5,0.8,0.5,2.6874999552965164,1.0,"[""read""]",True,False,2,0.5,[],0,0.0,[],[],[1],0.5,[1],[1],0.5,Run 1::agentmemorybench:fact-mh-262k:context-0/factconsolidation_mh_262k_no78,True,True,False
Run 1,agentmemorybench:fact-mh-262k:context-0/factconsolidation_mh_262k_no78,5,5,1.0,1.0,5.250000007683411,1.0,"[""finish""]",True,False,2,1.0,[2],1,0.5,[2],[2],"[1,2]",1.0,"[1,2]","[1,2]",1.0,Run 1::agentmemorybench:fact-mh-262k:context-0/factconsolidation_mh_262k_no78,True,True,True
Run 1,agentmemorybench:fact-mh-262k:context-0/factconsolidation_mh_262k_no79,1,4,0.25,0.0,-3.7500001061707735,0.8762376237623762,"[""search""]",False,True,2,0.0,[],0,0.0,[],[],[],0.0,[],[],0.0,Run 1::agentmemorybench:fact-mh-262k:context-0/factconsolidation_mh_262k_no79,False,True,False
Run 1,agentmemorybench:fact-mh-262k:context-0/factconsolidation_mh_262k_no79,2,4,0.5,0.0,0.9999999701976776,1.0,"[""search""]",False,True,2,0.0,[1],1,0.5,[],[1],[1],0.5,[1],[1],0.5,Run 1::agentmemorybench:fact-mh-262k:context-0/factconsolidation_mh_262k_no79,True,True,False
Run 1,agentmemorybench:fact-mh-262k:context-0/factconsolidation_mh_262k_no79,3,4,0.75,0.0,2.5,1.0,"[""read""]",False,True,2,0.0,[1],1,0.5,[],[1],[1],0.5,[1],[1],0.5,Run 1::agentmemorybench:fact-mh-262k:context-0/factconsolidation_mh_262k_no79,True,True,False
Run 1,agentmemorybench:fact-mh-262k:context-0/factconsolidation_mh_262k_no79,4,4,1.0,0.5,5.749999800696969,1.0,"[""finish""]",False,True,2,0.5,"[1,2]",2,1.0,"[1,2]","[1,2]","[1,2]",1.0,"[1,2]","[1,2]",1.0,Run 1::agentmemorybench:fact-mh-262k:context-0/factconsolidation_mh_262k_no79,True,True,True
Run 1,agentmemorybench:fact-mh-262k:context-0/factconsolidation_mh_262k_no8,1,8,0.125,0.0,-5.249999885447323,0.5297029702970297,"[""search""]",False,True,2,0.0,[],0,0.0,[],[],[],0.0,[],[],0.0,Run 1::agentmemorybench:fact-mh-262k:context-0/factconsolidation_mh_262k_no8,False,True,False
Run 1,agentmemorybench:fact-mh-262k:context-0/factconsolidation_mh_262k_no8,2,8,0.25,0.0,2.6249999701976776,1.0,"[""search""]",False,True,2,0.0,[1],1,0.5,[],[1],[1],0.5,[1],[1],0.5,Run 1::agentmemorybench:fact-mh-262k:context-0/factconsolidation_mh_262k_no8,True,True,False
Run 1,agentmemorybench:fact-mh-262k:context-0/factconsolidation_mh_262k_no8,3,8,0.375,0.0,-3.812500069849193,1.0,"[""read""]",False,True,2,0.0,[],0,0.0,[],[],[],0.0,[1],[1],0.5,Run 1::agentmemorybench:fact-mh-262k:context-0/factconsolidation_mh_262k_no8,False,True,False
Run 1,agentmemorybench:fact-mh-262k:context-0/factconsolidation_mh_262k_no8,4,8,0.5,0.5,-1.8750000447034836,0.7821782178217822,"[""search""]",False,True,2,0.5,[1],1,0.5,[1],[1],[1],0.5,[1],[1],0.5,Run 1::agentmemorybench:fact-mh-262k:context-0/factconsolidation_mh_262k_no8,False,True,False
Run 1,agentmemorybench:fact-mh-262k:context-0/factconsolidation_mh_262k_no8,5,8,0.625,0.5,-1.874999925494194,0.07425742574257425,"[""search""]",False,True,2,0.5,[],0,0.0,[],[],[1],0.5,[1],[1],0.5,Run 1::agentmemorybench:fact-mh-262k:context-0/factconsolidation_mh_262k_no8,False,False,False
Run 1,agentmemorybench:fact-mh-262k:context-0/factconsolidation_mh_262k_no8,6,8,0.75,0.5,-1.0624999850988388,0.9059405940594059,"[""search_more""]",False,True,2,0.5,[],0,0.0,[],[],[1],0.5,[1],[1],0.5,Run 1::agentmemorybench:fact-mh-262k:context-0/factconsolidation_mh_262k_no8,False,True,False
Run 1,agentmemorybench:fact-mh-262k:context-0/factconsolidation_mh_262k_no8,7,8,0.875,0.5,-1.8749998807907104,0.46039603960396036,"[""read""]",False,True,2,0.5,[],0,0.0,[],[],[1],0.5,[1],[1],0.5,Run 1::agentmemorybench:fact-mh-262k:context-0/factconsolidation_mh_262k_no8,False,False,False
Run 1,agentmemorybench:fact-mh-262k:context-0/factconsolidation_mh_262k_no8,8,8,1.0,0.5,-2.187499985098839,0.5297029702970297,"[""finish""]",False,True,2,0.5,[],0,0.0,[],[],[1],0.5,[1],[1],0.5,Run 1::agentmemorybench:fact-mh-262k:context-0/factconsolidation_mh_262k_no8,False,True,True
Run 1,agentmemorybench:fact-mh-262k:context-0/factconsolidation_mh_262k_no80,1,3,0.3333333333333333,0.0,-3.937499945051968,0.8910891089108912,"[""search""]",False,False,2,0.0,[],0,0.0,[],[],[],0.0,[],[],0.0,Run 1::agentmemorybench:fact-mh-262k:context-0/factconsolidation_mh_262k_no80,False,True,False
Run 1,agentmemorybench:fact-mh-262k:context-0/factconsolidation_mh_262k_no80,2,3,0.6666666666666666,0.0,1.7499999850988388,0.995049504950495,"[""read""]",False,False,2,0.0,[1],1,0.5,[],[1],[1],0.5,[1],[1],0.5,Run 1::agentmemorybench:fact-mh-262k:context-0/factconsolidation_mh_262k_no80,True,True,False
Run 1,agentmemorybench:fact-mh-262k:context-0/factconsolidation_mh_262k_no80,3,3,1.0,0.0,7.562499898369424,1.0,"[""finish""]",False,False,2,0.0,[1],1,0.5,[1],[1],[1],0.5,[1],[1],0.5,Run 1::agentmemorybench:fact-mh-262k:context-0/factconsolidation_mh_262k_no80,True,True,True
Run 1,agentmemorybench:fact-mh-262k:context-0/factconsolidation_mh_262k_no81,1,5,0.2,0.0,-4.500000022351742,0.9257425742574259,"[""search""]",False,False,2,0.0,[],0,0.0,[],[],[],0.0,[],[],0.0,Run 1::agentmemorybench:fact-mh-262k:context-0/factconsolidation_mh_262k_no81,False,True,False
Run 1,agentmemorybench:fact-mh-262k:context-0/factconsolidation_mh_262k_no81,2,5,0.4,0.0,3.687500022351742,1.0,"[""read""]",False,False,2,0.0,[1],1,0.5,[],[1],[1],0.5,[1],[1],0.5,Run 1::agentmemorybench:fact-mh-262k:context-0/factconsolidation_mh_262k_no81,True,True,False
Run 1,agentmemorybench:fact-mh-262k:context-0/factconsolidation_mh_262k_no81,3,5,0.6,0.5,6.562499936437234,1.0,"[""search""]",False,False,2,0.5,[1],1,0.5,[1],[1],[1],0.5,[1],[1],0.5,Run 1::agentmemorybench:fact-mh-262k:context-0/factconsolidation_mh_262k_no81,True,True,False
Run 1,agentmemorybench:fact-mh-262k:context-0/factconsolidation_mh_262k_no81,4,5,0.8,0.5,3.4374999199062586,0.99009900990099,"[""read""]",False,False,2,0.5,[1],1,0.5,[],[1],[1],0.5,[1],[1],0.5,Run 1::agentmemorybench:fact-mh-262k:context-0/factconsolidation_mh_262k_no81,True,True,False
Run 1,agentmemorybench:fact-mh-262k:context-0/factconsolidation_mh_262k_no81,5,5,1.0,0.5,5.499999887659214,1.0,"[""finish""]",False,False,2,0.5,[],0,0.0,[],[],[1],0.5,[1],[1],0.5,Run 1::agentmemorybench:fact-mh-262k:context-0/factconsolidation_mh_262k_no81,True,True,True
Run 1,agentmemorybench:fact-mh-262k:context-0/factconsolidation_mh_262k_no82,1,7,0.1428571428571428,0.0,-4.24999981187284,0.8465346534653465,"[""search""]",False,True,3,0.0,[],0,0.0,[],[],[],0.0,[],[],0.0,Run 1::agentmemorybench:fact-mh-262k:context-0/factconsolidation_mh_262k_no82,False,True,False
Run 1,agentmemorybench:fact-mh-262k:context-0/factconsolidation_mh_262k_no82,2,7,0.2857142857142857,0.0,0.7500000149011612,1.0,"[""read""]",False,True,3,0.0,[1],1,0.3333333333333333,[],[1],[1],0.3333333333333333,[1],[1],0.3333333333333333,Run 1::agentmemorybench:fact-mh-262k:context-0/factconsolidation_mh_262k_no82,True,True,False
Run 1,agentmemorybench:fact-mh-262k:context-0/factconsolidation_mh_262k_no82,3,7,0.4285714285714285,0.3333333333333333,3.312500014901161,1.0,"[""search""]",False,True,3,0.3333333333333333,[1],1,0.3333333333333333,[1],[1],[1],0.3333333333333333,[1],[1],0.3333333333333333,Run 1::agentmemorybench:fact-mh-262k:context-0/factconsolidation_mh_262k_no82,True,True,False
Run 1,agentmemorybench:fact-mh-262k:context-0/factconsolidation_mh_262k_no82,4,7,0.5714285714285714,0.3333333333333333,1.5624999925494194,0.995049504950495,"[""search""]",False,True,3,0.3333333333333333,[2],1,0.3333333333333333,[],[2],"[1,2]",0.6666666666666666,"[1,2]","[1,2]",0.6666666666666666,Run 1::agentmemorybench:fact-mh-262k:context-0/factconsolidation_mh_262k_no82,True,True,False
Run 1,agentmemorybench:fact-mh-262k:context-0/factconsolidation_mh_262k_no82,5,7,0.7142857142857143,0.3333333333333333,2.3750000298023224,1.0,"[""read""]",False,True,3,0.3333333333333333,"[2,3]",2,0.6666666666666666,[],"[2,3]","[1,2,3]",1.0,"[1,2,3]","[1,2,3]",1.0,Run 1::agentmemorybench:fact-mh-262k:context-0/factconsolidation_mh_262k_no82,True,True,False
Run 1,agentmemorybench:fact-mh-262k:context-0/factconsolidation_mh_262k_no82,6,7,0.8571428571428571,0.6666666666666666,3.7500000121071935,1.0,"[""read""]",False,True,3,0.6666666666666666,"[2,3]",2,0.6666666666666666,"[2,3]","[2,3]","[1,2,3]",1.0,"[1,2,3]","[1,2,3]",1.0,Run 1::agentmemorybench:fact-mh-262k:context-0/factconsolidation_mh_262k_no82,True,True,False
Run 1,agentmemorybench:fact-mh-262k:context-0/factconsolidation_mh_262k_no82,7,7,1.0,1.0,6.187500000174623,1.0,"[""finish""]",False,True,3,1.0,"[1,2]",2,0.6666666666666666,"[1,2]","[1,2]","[1,2,3]",1.0,"[1,2,3]","[1,2,3]",1.0,Run 1::agentmemorybench:fact-mh-262k:context-0/factconsolidation_mh_262k_no82,True,True,True
Run 1,agentmemorybench:fact-mh-262k:context-0/factconsolidation_mh_262k_no83,1,5,0.2,0.0,-4.249999956227839,0.9752475247524752,"[""search""]",True,False,2,0.0,[],0,0.0,[],[],[],0.0,[],[],0.0,Run 1::agentmemorybench:fact-mh-262k:context-0/factconsolidation_mh_262k_no83,False,True,False
Run 1,agentmemorybench:fact-mh-262k:context-0/factconsolidation_mh_262k_no83,2,5,0.4,0.0,0.125,1.0,"[""read""]",True,False,2,0.0,[1],1,0.5,[],[1],[1],0.5,[1],[1],0.5,Run 1::agentmemorybench:fact-mh-262k:context-0/factconsolidation_mh_262k_no83,True,True,False
Run 1,agentmemorybench:fact-mh-262k:context-0/factconsolidation_mh_262k_no83,3,5,0.6,0.5,7.562500018248102,1.0,"[""search""]",True,False,2,0.5,[1],1,0.5,[1],[1],[1],0.5,[1],[1],0.5,Run 1::agentmemorybench:fact-mh-262k:context-0/factconsolidation_mh_262k_no83,True,True,False
Run 1,agentmemorybench:fact-mh-262k:context-0/factconsolidation_mh_262k_no83,4,5,0.8,0.5,3.68749990593642,1.0,"[""read""]",True,False,2,0.5,[2],1,0.5,[],[2],"[1,2]",1.0,"[1,2]","[1,2]",1.0,Run 1::agentmemorybench:fact-mh-262k:context-0/factconsolidation_mh_262k_no83,True,True,False
Run 1,agentmemorybench:fact-mh-262k:context-0/factconsolidation_mh_262k_no83,5,5,1.0,1.0,7.687500054467819,0.995049504950495,"[""finish""]",True,False,2,1.0,[2],1,0.5,[2],[2],"[1,2]",1.0,"[1,2]","[1,2]",1.0,Run 1::agentmemorybench:fact-mh-262k:context-0/factconsolidation_mh_262k_no83,True,True,True
Run 1,agentmemorybench:fact-mh-262k:context-0/factconsolidation_mh_262k_no84,1,8,0.125,0.0,-5.249999877531081,0.900990099009901,"[""search""]",False,True,4,0.0,[],0,0.0,[],[],[],0.0,[],[],0.0,Run 1::agentmemorybench:fact-mh-262k:context-0/factconsolidation_mh_262k_no84,False,True,False
Run 1,agentmemorybench:fact-mh-262k:context-0/factconsolidation_mh_262k_no84,2,8,0.25,0.0,0.375,0.891089108910891,"[""read""]",False,True,4,0.0,[1],1,0.25,[],[1],[1],0.25,[1],[1],0.25,Run 1::agentmemorybench:fact-mh-262k:context-0/factconsolidation_mh_262k_no84,True,True,False
Run 1,agentmemorybench:fact-mh-262k:context-0/factconsolidation_mh_262k_no84,3,8,0.375,0.25,3.812499977648258,1.0,"[""search""]",False,True,4,0.25,[1],1,0.25,[1],[1],[1],0.25,[1],[1],0.25,Run 1::agentmemorybench:fact-mh-262k:context-0/factconsolidation_mh_262k_no84,True,True,False
Run 1,agentmemorybench:fact-mh-262k:context-0/factconsolidation_mh_262k_no84,4,8,0.5,0.25,-0.25,0.9554455445544555,"[""read""]",False,True,4,0.25,[],0,0.0,[],[],[1],0.25,[1],[1],0.25,Run 1::agentmemorybench:fact-mh-262k:context-0/factconsolidation_mh_262k_no84,False,True,False
Run 1,agentmemorybench:fact-mh-262k:context-0/factconsolidation_mh_262k_no84,5,8,0.625,0.25,0.1875,0.9702970297029703,"[""search""]",False,True,4,0.25,[],0,0.0,[],[],[1],0.25,[1],[1],0.25,Run 1::agentmemorybench:fact-mh-262k:context-0/factconsolidation_mh_262k_no84,True,True,False
Run 1,agentmemorybench:fact-mh-262k:context-0/factconsolidation_mh_262k_no84,6,8,0.75,0.25,-1.4375000074505806,1.0,"[""search""]",False,True,4,0.25,[],0,0.0,[],[],[1],0.25,[1],[1],0.25,Run 1::agentmemorybench:fact-mh-262k:context-0/factconsolidation_mh_262k_no84,False,True,False
Run 1,agentmemorybench:fact-mh-262k:context-0/factconsolidation_mh_262k_no84,7,8,0.875,0.25,1.8750000596046448,1.0,"[""read""]",False,True,4,0.25,[],0,0.0,[],[],[1],0.25,[1],[1],0.25,Run 1::agentmemorybench:fact-mh-262k:context-0/factconsolidation_mh_262k_no84,True,True,False
Run 1,agentmemorybench:fact-mh-262k:context-0/factconsolidation_mh_262k_no84,8,8,1.0,0.25,5.562500037252903,0.995049504950495,"[""finish""]",False,True,4,0.25,[],0,0.0,[],[],[1],0.25,[1],[1],0.25,Run 1::agentmemorybench:fact-mh-262k:context-0/factconsolidation_mh_262k_no84,True,True,True
Run 1,agentmemorybench:fact-mh-262k:context-0/factconsolidation_mh_262k_no85,1,4,0.25,0.0,-4.562500081956387,0.7970297029702971,"[""search""]",False,True,2,0.0,[],0,0.0,[],[],[],0.0,[],[],0.0,Run 1::agentmemorybench:fact-mh-262k:context-0/factconsolidation_mh_262k_no85,False,True,False
Run 1,agentmemorybench:fact-mh-262k:context-0/factconsolidation_mh_262k_no85,2,4,0.5,0.0,1.6875000149011612,0.9851485148514851,"[""search""]",False,True,2,0.0,[1],1,0.5,[],[1],[1],0.5,[1],[1],0.5,Run 1::agentmemorybench:fact-mh-262k:context-0/factconsolidation_mh_262k_no85,True,True,False
Run 1,agentmemorybench:fact-mh-262k:context-0/factconsolidation_mh_262k_no85,3,4,0.75,0.0,1.7500000074505806,1.0,"[""read""]",False,True,2,0.0,[1],1,0.5,[],[1],[1],0.5,[1],[1],0.5,Run 1::agentmemorybench:fact-mh-262k:context-0/factconsolidation_mh_262k_no85,True,True,False
Run 1,agentmemorybench:fact-mh-262k:context-0/factconsolidation_mh_262k_no85,4,4,1.0,0.5,6.749999994819518,1.0,"[""finish""]",False,True,2,0.5,[1],1,0.5,[1],[1],[1],0.5,[1],[1],0.5,Run 1::agentmemorybench:fact-mh-262k:context-0/factconsolidation_mh_262k_no85,True,True,True
Run 1,agentmemorybench:fact-mh-262k:context-0/factconsolidation_mh_262k_no86,1,3,0.3333333333333333,0.0,-4.062500030733645,0.7920792079207921,"[""search""]",True,False,2,0.0,[],0,0.0,[],[],[],0.0,[],[],0.0,Run 1::agentmemorybench:fact-mh-262k:context-0/factconsolidation_mh_262k_no86,False,True,False
Run 1,agentmemorybench:fact-mh-262k:context-0/factconsolidation_mh_262k_no86,2,3,0.6666666666666666,0.0,2.437499914318323,1.0,"[""read""]",True,False,2,0.0,"[1,2]",2,1.0,[],"[1,2]","[1,2]",1.0,"[1,2]","[1,2]",1.0,Run 1::agentmemorybench:fact-mh-262k:context-0/factconsolidation_mh_262k_no86,True,True,False
Run 1,agentmemorybench:fact-mh-262k:context-0/factconsolidation_mh_262k_no86,3,3,1.0,1.0,7.562500077445293,1.0,"[""finish""]",True,False,2,1.0,"[1,2]",2,1.0,"[1,2]","[1,2]","[1,2]",1.0,"[1,2]","[1,2]",1.0,Run 1::agentmemorybench:fact-mh-262k:context-0/factconsolidation_mh_262k_no86,True,True,True
Run 1,agentmemorybench:fact-mh-262k:context-0/factconsolidation_mh_262k_no87,1,6,0.1666666666666666,0.0,-5.2499999781139195,0.8465346534653465,"[""search""]",True,False,3,0.0,[],0,0.0,[],[],[],0.0,[],[],0.0,Run 1::agentmemorybench:fact-mh-262k:context-0/factconsolidation_mh_262k_no87,False,True,False
Run 1,agentmemorybench:fact-mh-262k:context-0/factconsolidation_mh_262k_no87,2,6,0.3333333333333333,0.0,0.25,1.0,"[""search""]",True,False,3,0.0,[1],1,0.3333333333333333,[],[1],[1],0.3333333333333333,[1],[1],0.3333333333333333,Run 1::agentmemorybench:fact-mh-262k:context-0/factconsolidation_mh_262k_no87,True,True,False
Run 1,agentmemorybench:fact-mh-262k:context-0/factconsolidation_mh_262k_no87,3,6,0.5,0.0,0.6875000447034836,1.0,"[""read""]",True,False,3,0.0,"[1,2]",2,0.6666666666666666,[],"[1,2]","[1,2]",0.6666666666666666,"[1,2]","[1,2]",0.6666666666666666,Run 1::agentmemorybench:fact-mh-262k:context-0/factconsolidation_mh_262k_no87,True,True,False
Run 1,agentmemorybench:fact-mh-262k:context-0/factconsolidation_mh_262k_no87,4,6,0.6666666666666666,0.3333333333333333,0.8750000596046448,0.603960396039604,"[""search""]",True,False,3,0.3333333333333333,"[1,2]",2,0.6666666666666666,"[1,2]","[1,2]","[1,2]",0.6666666666666666,"[1,2]","[1,2]",0.6666666666666666,Run 1::agentmemorybench:fact-mh-262k:context-0/factconsolidation_mh_262k_no87,True,True,False
Run 1,agentmemorybench:fact-mh-262k:context-0/factconsolidation_mh_262k_no87,5,6,0.8333333333333334,0.3333333333333333,4.124999918974936,1.0,"[""read""]",True,False,3,0.3333333333333333,"[2,3]",2,0.6666666666666666,[],"[2,3]","[1,2,3]",1.0,"[1,2,3]","[1,2,3]",1.0,Run 1::agentmemorybench:fact-mh-262k:context-0/factconsolidation_mh_262k_no87,True,True,False
Run 1,agentmemorybench:fact-mh-262k:context-0/factconsolidation_mh_262k_no87,6,6,1.0,1.0,5.624999911291525,1.0,"[""finish""]",True,False,3,1.0,"[2,3]",2,0.6666666666666666,"[2,3]","[2,3]","[1,2,3]",1.0,"[1,2,3]","[1,2,3]",1.0,Run 1::agentmemorybench:fact-mh-262k:context-0/factconsolidation_mh_262k_no87,True,True,True
Run 1,agentmemorybench:fact-mh-262k:context-0/factconsolidation_mh_262k_no88,1,5,0.2,0.0,-4.249999864026904,0.7722772277227723,"[""search""]",False,True,2,0.0,[],0,0.0,[],[],[],0.0,[],[],0.0,Run 1::agentmemorybench:fact-mh-262k:context-0/factconsolidation_mh_262k_no88,False,True,False
Run 1,agentmemorybench:fact-mh-262k:context-0/factconsolidation_mh_262k_no88,2,5,0.4,0.0,-0.125,1.0,"[""read""]",False,True,2,0.0,[1],1,0.5,[],[1],[1],0.5,[1],[1],0.5,Run 1::agentmemorybench:fact-mh-262k:context-0/factconsolidation_mh_262k_no88,False,True,False
Run 1,agentmemorybench:fact-mh-262k:context-0/factconsolidation_mh_262k_no88,3,5,0.6,0.5,4.5000000689178705,1.0,"[""search""]",False,True,2,0.5,[1],1,0.5,[1],[1],[1],0.5,[1],[1],0.5,Run 1::agentmemorybench:fact-mh-262k:context-0/factconsolidation_mh_262k_no88,True,True,False
Run 1,agentmemorybench:fact-mh-262k:context-0/factconsolidation_mh_262k_no88,4,5,0.8,0.5,3.4999999394640326,1.0,"[""read""]",False,True,2,0.5,[2],1,0.5,[],[2],"[1,2]",1.0,"[1,2]","[1,2]",1.0,Run 1::agentmemorybench:fact-mh-262k:context-0/factconsolidation_mh_262k_no88,True,True,False
Run 1,agentmemorybench:fact-mh-262k:context-0/factconsolidation_mh_262k_no88,5,5,1.0,1.0,6.562499934399966,0.9752475247524752,"[""finish""]",False,True,2,1.0,[2],1,0.5,[2],[2],"[1,2]",1.0,"[1,2]","[1,2]",1.0,Run 1::agentmemorybench:fact-mh-262k:context-0/factconsolidation_mh_262k_no88,True,True,True
Run 1,agentmemorybench:fact-mh-262k:context-0/factconsolidation_mh_262k_no89,1,5,0.2,0.0,-5.124999988824129,0.6138613861386139,"[""search""]",True,False,2,0.0,[],0,0.0,[],[],[],0.0,[],[],0.0,Run 1::agentmemorybench:fact-mh-262k:context-0/factconsolidation_mh_262k_no89,False,True,False
Run 1,agentmemorybench:fact-mh-262k:context-0/factconsolidation_mh_262k_no89,2,5,0.4,0.0,-6.9375000759609975,0.13366336633663364,"[""search""]",True,False,2,0.0,[2],1,0.5,[],[2],[2],0.5,[2],[2],0.5,Run 1::agentmemorybench:fact-mh-262k:context-0/factconsolidation_mh_262k_no89,False,False,False
Run 1,agentmemorybench:fact-mh-262k:context-0/factconsolidation_mh_262k_no89,3,5,0.6,0.0,1.750000037252903,0.995049504950495,"[""search""]",True,False,2,0.0,[1],1,0.5,[],[1],[1],0.5,"[1,2]","[1,2]",1.0,Run 1::agentmemorybench:fact-mh-262k:context-0/factconsolidation_mh_262k_no89,True,True,False
Run 1,agentmemorybench:fact-mh-262k:context-0/factconsolidation_mh_262k_no89,4,5,0.8,0.0,-0.5624999850988388,0.9851485148514851,"[""read""]",True,False,2,0.0,[2],1,0.5,[],[2],[2],0.5,"[1,2]","[1,2]",1.0,Run 1::agentmemorybench:fact-mh-262k:context-0/factconsolidation_mh_262k_no89,False,True,False
Run 1,agentmemorybench:fact-mh-262k:context-0/factconsolidation_mh_262k_no89,5,5,1.0,1.0,9.062499947744072,1.0,"[""finish""]",True,False,2,1.0,"[1,2]",2,1.0,"[1,2]","[1,2]","[1,2]",1.0,"[1,2]","[1,2]",1.0,Run 1::agentmemorybench:fact-mh-262k:context-0/factconsolidation_mh_262k_no89,True,True,True
Run 1,agentmemorybench:fact-mh-262k:context-0/factconsolidation_mh_262k_no9,1,8,0.125,0.0,-4.750000194646418,0.9504950495049505,"[""search""]",False,True,3,0.0,[],0,0.0,[],[],[],0.0,[],[],0.0,Run 1::agentmemorybench:fact-mh-262k:context-0/factconsolidation_mh_262k_no9,False,True,False
Run 1,agentmemorybench:fact-mh-262k:context-0/factconsolidation_mh_262k_no9,2,8,0.25,0.0,-6.437500122119673,0.7029702970297029,"[""search""]",False,True,3,0.0,[2],1,0.3333333333333333,[],[2],[2],0.3333333333333333,[2],[2],0.3333333333333333,Run 1::agentmemorybench:fact-mh-262k:context-0/factconsolidation_mh_262k_no9,False,True,False
Run 1,agentmemorybench:fact-mh-262k:context-0/factconsolidation_mh_262k_no9,3,8,0.375,0.0,0.375,0.9851485148514851,"[""read""]",False,True,3,0.0,[1],1,0.3333333333333333,[],[1],[1],0.3333333333333333,"[1,2]","[1,2]",0.6666666666666666,Run 1::agentmemorybench:fact-mh-262k:context-0/factconsolidation_mh_262k_no9,True,True,False
Run 1,agentmemorybench:fact-mh-262k:context-0/factconsolidation_mh_262k_no9,4,8,0.5,0.3333333333333333,1.5000000596046448,1.0,"[""search""]",False,True,3,0.3333333333333333,[1],1,0.3333333333333333,[1],[1],[1],0.3333333333333333,"[1,2]","[1,2]",0.6666666666666666,Run 1::agentmemorybench:fact-mh-262k:context-0/factconsolidation_mh_262k_no9,True,True,False
Run 1,agentmemorybench:fact-mh-262k:context-0/factconsolidation_mh_262k_no9,5,8,0.625,0.3333333333333333,1.8749999925494194,0.995049504950495,"[""read""]",False,True,3,0.3333333333333333,[2],1,0.3333333333333333,[],[2],"[1,2]",0.6666666666666666,"[1,2]","[1,2]",0.6666666666666666,Run 1::agentmemorybench:fact-mh-262k:context-0/factconsolidation_mh_262k_no9,True,True,False
Run 1,agentmemorybench:fact-mh-262k:context-0/factconsolidation_mh_262k_no9,6,8,0.75,0.6666666666666666,0.25,0.9009900990099011,"[""search""]",False,True,3,0.6666666666666666,[2],1,0.3333333333333333,[2],[2],"[1,2]",0.6666666666666666,"[1,2]","[1,2]",0.6666666666666666,Run 1::agentmemorybench:fact-mh-262k:context-0/factconsolidation_mh_262k_no9,True,True,False
Run 1,agentmemorybench:fact-mh-262k:context-0/factconsolidation_mh_262k_no9,7,8,0.875,0.6666666666666666,3.999999930150807,1.0,"[""read""]",False,True,3,0.6666666666666666,[3],1,0.3333333333333333,[],[3],"[1,2,3]",1.0,"[1,2,3]","[1,2,3]",1.0,Run 1::agentmemorybench:fact-mh-262k:context-0/factconsolidation_mh_262k_no9,True,True,False
Run 1,agentmemorybench:fact-mh-262k:context-0/factconsolidation_mh_262k_no9,8,8,1.0,1.0,7.437500055850251,1.0,"[""finish""]",False,True,3,1.0,[3],1,0.3333333333333333,[3],[3],"[1,2,3]",1.0,"[1,2,3]","[1,2,3]",1.0,Run 1::agentmemorybench:fact-mh-262k:context-0/factconsolidation_mh_262k_no9,True,True,True
Run 1,agentmemorybench:fact-mh-262k:context-0/factconsolidation_mh_262k_no90,1,7,0.1428571428571428,0.0,-4.499999927356839,0.8613861386138614,"[""search""]",False,False,2,0.0,[],0,0.0,[],[],[],0.0,[],[],0.0,Run 1::agentmemorybench:fact-mh-262k:context-0/factconsolidation_mh_262k_no90,False,True,False
Run 1,agentmemorybench:fact-mh-262k:context-0/factconsolidation_mh_262k_no90,2,7,0.2857142857142857,0.0,2.1875000409781933,1.0,"[""search""]",False,False,2,0.0,[1],1,0.5,[],[1],[1],0.5,[1],[1],0.5,Run 1::agentmemorybench:fact-mh-262k:context-0/factconsolidation_mh_262k_no90,True,True,False
Run 1,agentmemorybench:fact-mh-262k:context-0/factconsolidation_mh_262k_no90,3,7,0.4285714285714285,0.0,0.5625000149011612,0.995049504950495,"[""read""]",False,False,2,0.0,[2],1,0.5,[],[2],[2],0.5,"[1,2]","[1,2]",1.0,Run 1::agentmemorybench:fact-mh-262k:context-0/factconsolidation_mh_262k_no90,True,True,False
Run 1,agentmemorybench:fact-mh-262k:context-0/factconsolidation_mh_262k_no90,4,7,0.5714285714285714,0.5,6.562500176834874,1.0,"[""read""]",False,False,2,0.5,[2],1,0.5,[2],[2],[2],0.5,"[1,2]","[1,2]",1.0,Run 1::agentmemorybench:fact-mh-262k:context-0/factconsolidation_mh_262k_no90,True,True,False
Run 1,agentmemorybench:fact-mh-262k:context-0/factconsolidation_mh_262k_no90,5,7,0.7142857142857143,1.0,2.749999985098839,1.0,"[""read""]",False,False,2,1.0,[1],1,0.5,[1],[1],"[1,2]",1.0,"[1,2]","[1,2]",1.0,Run 1::agentmemorybench:fact-mh-262k:context-0/factconsolidation_mh_262k_no90,True,True,False
Run 1,agentmemorybench:fact-mh-262k:context-0/factconsolidation_mh_262k_no90,6,7,0.8571428571428571,1.0,7.12500002636807,1.0,[],False,False,2,1.0,[2],1,0.5,[2],[2],"[1,2]",1.0,"[1,2]","[1,2]",1.0,Run 1::agentmemorybench:fact-mh-262k:context-0/factconsolidation_mh_262k_no90,True,True,False
Run 1,agentmemorybench:fact-mh-262k:context-0/factconsolidation_mh_262k_no90,7,7,1.0,1.0,7.249999954452505,1.0,"[""finish""]",False,False,2,1.0,[],0,0.0,[],[],"[1,2]",1.0,"[1,2]","[1,2]",1.0,Run 1::agentmemorybench:fact-mh-262k:context-0/factconsolidation_mh_262k_no90,True,True,True
Run 1,agentmemorybench:fact-mh-262k:context-0/factconsolidation_mh_262k_no91,1,12,0.0833333333333333,0.0,-4.062500194646418,0.8762376237623762,"[""search""]",False,True,3,0.0,[],0,0.0,[],[],[],0.0,[],[],0.0,Run 1::agentmemorybench:fact-mh-262k:context-0/factconsolidation_mh_262k_no91,False,True,False
Run 1,agentmemorybench:fact-mh-262k:context-0/factconsolidation_mh_262k_no91,2,12,0.1666666666666666,0.0,2.312500089406967,0.995049504950495,"[""read""]",False,True,3,0.0,[1],1,0.3333333333333333,[],[1],[1],0.3333333333333333,[1],[1],0.3333333333333333,Run 1::agentmemorybench:fact-mh-262k:context-0/factconsolidation_mh_262k_no91,True,True,False
Run 1,agentmemorybench:fact-mh-262k:context-0/factconsolidation_mh_262k_no91,3,12,0.25,0.3333333333333333,1.4375000074505806,1.0,"[""search""]",False,True,3,0.3333333333333333,[1],1,0.3333333333333333,[1],[1],[1],0.3333333333333333,[1],[1],0.3333333333333333,Run 1::agentmemorybench:fact-mh-262k:context-0/factconsolidation_mh_262k_no91,True,True,False
Run 1,agentmemorybench:fact-mh-262k:context-0/factconsolidation_mh_262k_no91,4,12,0.3333333333333333,0.3333333333333333,-2.8124999590218067,0.6188118811881188,"[""search""]",False,True,3,0.3333333333333333,[],0,0.0,[],[],[1],0.3333333333333333,[1],[1],0.3333333333333333,Run 1::agentmemorybench:fact-mh-262k:context-0/factconsolidation_mh_262k_no91,False,True,False
Run 1,agentmemorybench:fact-mh-262k:context-0/factconsolidation_mh_262k_no91,5,12,0.4166666666666667,0.3333333333333333,-2.5,0.806930693069307,"[""read""]",False,True,3,0.3333333333333333,[],0,0.0,[],[],[1],0.3333333333333333,[1],[1],0.3333333333333333,Run 1::agentmemorybench:fact-mh-262k:context-0/factconsolidation_mh_262k_no91,False,True,False
Run 1,agentmemorybench:fact-mh-262k:context-0/factconsolidation_mh_262k_no91,6,12,0.5,0.3333333333333333,2.2500000186264515,0.7425742574257426,"[""search""]",False,True,3,0.3333333333333333,[],0,0.0,[],[],[1],0.3333333333333333,[1],[1],0.3333333333333333,Run 1::agentmemorybench:fact-mh-262k:context-0/factconsolidation_mh_262k_no91,True,True,False
Run 1,agentmemorybench:fact-mh-262k:context-0/factconsolidation_mh_262k_no91,7,12,0.5833333333333334,0.3333333333333333,1.2500000298023224,0.9900990099009901,"[""search""]",False,True,3,0.3333333333333333,[],0,0.0,[],[],[1],0.3333333333333333,[1],[1],0.3333333333333333,Run 1::agentmemorybench:fact-mh-262k:context-0/factconsolidation_mh_262k_no91,True,True,False
Run 1,agentmemorybench:fact-mh-262k:context-0/factconsolidation_mh_262k_no91,8,12,0.6666666666666666,0.3333333333333333,0.7499999403953552,0.9059405940594059,"[""search""]",False,True,3,0.3333333333333333,[],0,0.0,[],[],[1],0.3333333333333333,[1],[1],0.3333333333333333,Run 1::agentmemorybench:fact-mh-262k:context-0/factconsolidation_mh_262k_no91,True,True,False
Run 1,agentmemorybench:fact-mh-262k:context-0/factconsolidation_mh_262k_no91,9,12,0.75,0.3333333333333333,2.249999988824129,1.0,"[""read""]",False,True,3,0.3333333333333333,[],0,0.0,[],[],[1],0.3333333333333333,[1],[1],0.3333333333333333,Run 1::agentmemorybench:fact-mh-262k:context-0/factconsolidation_mh_262k_no91,True,True,False
Run 1,agentmemorybench:fact-mh-262k:context-0/factconsolidation_mh_262k_no91,10,12,0.8333333333333334,0.6666666666666666,4.749999935273081,0.995049504950495,"[""search""]",False,True,3,0.6666666666666666,[2],1,0.3333333333333333,[2],[2],"[1,2]",0.6666666666666666,"[1,2]","[1,2]",0.6666666666666666,Run 1::agentmemorybench:fact-mh-262k:context-0/factconsolidation_mh_262k_no91,True,True,False
Run 1,agentmemorybench:fact-mh-262k:context-0/factconsolidation_mh_262k_no91,11,12,0.9166666666666666,0.6666666666666666,2.6249999590218067,1.0,"[""read""]",False,True,3,0.6666666666666666,[3],1,0.3333333333333333,[],[3],"[1,2,3]",1.0,"[1,2,3]","[1,2,3]",1.0,Run 1::agentmemorybench:fact-mh-262k:context-0/factconsolidation_mh_262k_no91,True,True,False
Run 1,agentmemorybench:fact-mh-262k:context-0/factconsolidation_mh_262k_no91,12,12,1.0,1.0,5.250000159954652,1.0,"[""finish""]",False,True,3,1.0,[3],1,0.3333333333333333,[3],[3],"[1,2,3]",1.0,"[1,2,3]","[1,2,3]",1.0,Run 1::agentmemorybench:fact-mh-262k:context-0/factconsolidation_mh_262k_no91,True,True,True
Run 1,agentmemorybench:fact-mh-262k:context-0/factconsolidation_mh_262k_no92,1,6,0.1666666666666666,0.0,-5.000000197440386,0.806930693069307,"[""search""]",True,False,3,0.0,[],0,0.0,[],[],[],0.0,[],[],0.0,Run 1::agentmemorybench:fact-mh-262k:context-0/factconsolidation_mh_262k_no92,False,True,False
Run 1,agentmemorybench:fact-mh-262k:context-0/factconsolidation_mh_262k_no92,2,6,0.3333333333333333,0.0,-1.6875000447034836,0.8366336633663366,"[""search""]",True,False,3,0.0,[1],1,0.3333333333333333,[],[1],[1],0.3333333333333333,[1],[1],0.3333333333333333,Run 1::agentmemorybench:fact-mh-262k:context-0/factconsolidation_mh_262k_no92,False,True,False
Run 1,agentmemorybench:fact-mh-262k:context-0/factconsolidation_mh_262k_no92,3,6,0.5,0.0,0.5625000149011612,0.9504950495049505,"[""read""]",True,False,3,0.0,[2],1,0.3333333333333333,[],[2],[2],0.3333333333333333,"[1,2]","[1,2]",0.6666666666666666,Run 1::agentmemorybench:fact-mh-262k:context-0/factconsolidation_mh_262k_no92,True,True,False
Run 1,agentmemorybench:fact-mh-262k:context-0/factconsolidation_mh_262k_no92,4,6,0.6666666666666666,0.6666666666666666,-0.0625,0.9257425742574259,"[""search""]",True,False,3,0.6666666666666666,"[1,2]",2,0.6666666666666666,"[1,2]","[1,2]","[1,2]",0.6666666666666666,"[1,2]","[1,2]",0.6666666666666666,Run 1::agentmemorybench:fact-mh-262k:context-0/factconsolidation_mh_262k_no92,False,True,False
Run 1,agentmemorybench:fact-mh-262k:context-0/factconsolidation_mh_262k_no92,5,6,0.8333333333333334,0.6666666666666666,3.0624999292194843,1.0,"[""read""]",True,False,3,0.6666666666666666,[3],1,0.3333333333333333,[],[3],"[1,2,3]",1.0,"[1,2,3]","[1,2,3]",1.0,Run 1::agentmemorybench:fact-mh-262k:context-0/factconsolidation_mh_262k_no92,True,True,False
Run 1,agentmemorybench:fact-mh-262k:context-0/factconsolidation_mh_262k_no92,6,6,1.0,1.0,5.937500177766196,1.0,"[""finish""]",True,False,3,1.0,[3],1,0.3333333333333333,[3],[3],"[1,2,3]",1.0,"[1,2,3]","[1,2,3]",1.0,Run 1::agentmemorybench:fact-mh-262k:context-0/factconsolidation_mh_262k_no92,True,True,True
Run 1,agentmemorybench:fact-mh-262k:context-0/factconsolidation_mh_262k_no93,1,13,0.0769230769230769,0.0,-4.500000122003257,0.6881188118811881,"[""search""]",False,False,4,0.0,[],0,0.0,[],[],[],0.0,[],[],0.0,Run 1::agentmemorybench:fact-mh-262k:context-0/factconsolidation_mh_262k_no93,False,True,False
Run 1,agentmemorybench:fact-mh-262k:context-0/factconsolidation_mh_262k_no93,2,13,0.1538461538461538,0.0,1.1875,1.0,"[""read""]",False,False,4,0.0,[1],1,0.25,[],[1],[1],0.25,[1],[1],0.25,Run 1::agentmemorybench:fact-mh-262k:context-0/factconsolidation_mh_262k_no93,True,True,False
Run 1,agentmemorybench:fact-mh-262k:context-0/factconsolidation_mh_262k_no93,3,13,0.2307692307692307,0.25,2.249999988824129,1.0,"[""search""]",False,False,4,0.25,[1],1,0.25,[1],[1],[1],0.25,[1],[1],0.25,Run 1::agentmemorybench:fact-mh-262k:context-0/factconsolidation_mh_262k_no93,True,True,False
Run 1,agentmemorybench:fact-mh-262k:context-0/factconsolidation_mh_262k_no93,4,13,0.3076923076923077,0.25,1.1875000149011612,1.0,"[""read""]",False,False,4,0.25,[],0,0.0,[],[],[1],0.25,[1],[1],0.25,Run 1::agentmemorybench:fact-mh-262k:context-0/factconsolidation_mh_262k_no93,True,True,False
Run 1,agentmemorybench:fact-mh-262k:context-0/factconsolidation_mh_262k_no93,5,13,0.3846153846153846,0.5,2.4374999217689037,0.995049504950495,"[""search""]",False,False,4,0.5,[2],1,0.25,[2],[2],"[1,2]",0.5,"[1,2]","[1,2]",0.5,Run 1::agentmemorybench:fact-mh-262k:context-0/factconsolidation_mh_262k_no93,True,True,False
Run 1,agentmemorybench:fact-mh-262k:context-0/factconsolidation_mh_262k_no93,6,13,0.4615384615384615,0.5,-0.875,0.8663366336633662,"[""read""]",False,False,4,0.5,[],0,0.0,[],[],"[1,2]",0.5,"[1,2]","[1,2]",0.5,Run 1::agentmemorybench:fact-mh-262k:context-0/factconsolidation_mh_262k_no93,False,True,False
Run 1,agentmemorybench:fact-mh-262k:context-0/factconsolidation_mh_262k_no93,7,13,0.5384615384615384,0.5,-1.4375,0.9801980198019802,"[""search""]",False,False,4,0.5,[2],1,0.25,[2],[2],"[1,2]",0.5,"[1,2]","[1,2]",0.5,Run 1::agentmemorybench:fact-mh-262k:context-0/factconsolidation_mh_262k_no93,False,True,False
Run 1,agentmemorybench:fact-mh-262k:context-0/factconsolidation_mh_262k_no93,8,13,0.6153846153846154,0.5,0.4374999850988388,0.9900990099009901,"[""search""]",False,False,4,0.5,[],0,0.0,[],[],"[1,2]",0.5,"[1,2]","[1,2]",0.5,Run 1::agentmemorybench:fact-mh-262k:context-0/factconsolidation_mh_262k_no93,True,True,False
Run 1,agentmemorybench:fact-mh-262k:context-0/factconsolidation_mh_262k_no93,9,13,0.6923076923076923,0.5,-0.1875,1.0,"[""read""]",False,False,4,0.5,[],0,0.0,[],[],"[1,2]",0.5,"[1,2]","[1,2]",0.5,Run 1::agentmemorybench:fact-mh-262k:context-0/factconsolidation_mh_262k_no93,False,True,False
Run 1,agentmemorybench:fact-mh-262k:context-0/factconsolidation_mh_262k_no93,10,13,0.7692307692307693,0.5,3.125000014901161,1.0,"[""search""]",False,False,4,0.5,[],0,0.0,[],[],"[1,2]",0.5,"[1,2]","[1,2]",0.5,Run 1::agentmemorybench:fact-mh-262k:context-0/factconsolidation_mh_262k_no93,True,True,False
Run 1,agentmemorybench:fact-mh-262k:context-0/factconsolidation_mh_262k_no93,11,13,0.8461538461538461,0.5,3.8125000623986125,0.9158415841584158,"[""read""]",False,False,4,0.5,[],0,0.0,[],[],"[1,2]",0.5,"[1,2]","[1,2]",0.5,Run 1::agentmemorybench:fact-mh-262k:context-0/factconsolidation_mh_262k_no93,True,True,False
Run 1,agentmemorybench:fact-mh-262k:context-0/factconsolidation_mh_262k_no93,12,13,0.9230769230769232,0.5,4.250000094994903,0.9851485148514851,"[""search""]",False,False,4,0.5,[],0,0.0,[],[],"[1,2]",0.5,"[1,2]","[1,2]",0.5,Run 1::agentmemorybench:fact-mh-262k:context-0/factconsolidation_mh_262k_no93,True,True,False
Run 1,agentmemorybench:fact-mh-262k:context-0/factconsolidation_mh_262k_no93,13,13,1.0,0.5,5.062499824678525,0.99009900990099,"[""finish""]",False,False,4,0.5,[2],1,0.25,[],[2],"[1,2]",0.5,"[1,2]","[1,2]",0.5,Run 1::agentmemorybench:fact-mh-262k:context-0/factconsolidation_mh_262k_no93,True,True,True
Run 1,agentmemorybench:fact-mh-262k:context-0/factconsolidation_mh_262k_no94,1,4,0.25,0.0,-3.7500000689178705,0.9009900990099009,"[""search""]",True,False,2,0.0,[],0,0.0,[],[],[],0.0,[],[],0.0,Run 1::agentmemorybench:fact-mh-262k:context-0/factconsolidation_mh_262k_no94,False,True,False
Run 1,agentmemorybench:fact-mh-262k:context-0/factconsolidation_mh_262k_no94,2,4,0.5,0.0,2.687500050291419,1.0,"[""read"",""search""]",True,False,2,0.0,[1],1,0.5,[],[1],[1],0.5,[1],[1],0.5,Run 1::agentmemorybench:fact-mh-262k:context-0/factconsolidation_mh_262k_no94,True,True,False
Run 1,agentmemorybench:fact-mh-262k:context-0/factconsolidation_mh_262k_no94,3,4,0.75,0.5,2.937500048428774,1.0,"[""read""]",True,False,2,0.5,"[1,2]",2,1.0,[1],"[1,2]","[1,2]",1.0,"[1,2]","[1,2]",1.0,Run 1::agentmemorybench:fact-mh-262k:context-0/factconsolidation_mh_262k_no94,True,True,False
Run 1,agentmemorybench:fact-mh-262k:context-0/factconsolidation_mh_262k_no94,4,4,1.0,1.0,7.374999839405064,0.995049504950495,"[""finish""]",True,False,2,1.0,[2],1,0.5,[2],[2],"[1,2]",1.0,"[1,2]","[1,2]",1.0,Run 1::agentmemorybench:fact-mh-262k:context-0/factconsolidation_mh_262k_no94,True,True,True
Run 1,agentmemorybench:fact-mh-262k:context-0/factconsolidation_mh_262k_no95,1,5,0.2,0.0,-5.2500001774169505,0.8415841584158416,"[""search""]",False,False,2,0.0,[],0,0.0,[],[],[],0.0,[],[],0.0,Run 1::agentmemorybench:fact-mh-262k:context-0/factconsolidation_mh_262k_no95,False,True,False
Run 1,agentmemorybench:fact-mh-262k:context-0/factconsolidation_mh_262k_no95,2,5,0.4,0.0,-1.4375000223517418,0.7623762376237624,"[""read""]",False,False,2,0.0,[],0,0.0,[],[],[],0.0,[],[],0.0,Run 1::agentmemorybench:fact-mh-262k:context-0/factconsolidation_mh_262k_no95,False,True,False
Run 1,agentmemorybench:fact-mh-262k:context-0/factconsolidation_mh_262k_no95,3,5,0.6,0.5,3.812499964609742,1.0,"[""search""]",False,False,2,0.5,[1],1,0.5,[1],[1],[1],0.5,[1],[1],0.5,Run 1::agentmemorybench:fact-mh-262k:context-0/factconsolidation_mh_262k_no95,True,True,False
Run 1,agentmemorybench:fact-mh-262k:context-0/factconsolidation_mh_262k_no95,4,5,0.8,0.5,3.0625000074505806,1.0,"[""read""]",False,False,2,0.5,[2],1,0.5,[],[2],"[1,2]",1.0,"[1,2]","[1,2]",1.0,Run 1::agentmemorybench:fact-mh-262k:context-0/factconsolidation_mh_262k_no95,True,True,False
Run 1,agentmemorybench:fact-mh-262k:context-0/factconsolidation_mh_262k_no95,5,5,1.0,0.5,6.687499890162144,1.0,"[""finish""]",False,False,2,0.5,"[1,2]",2,1.0,"[1,2]","[1,2]","[1,2]",1.0,"[1,2]","[1,2]",1.0,Run 1::agentmemorybench:fact-mh-262k:context-0/factconsolidation_mh_262k_no95,True,True,True
Run 1,agentmemorybench:fact-mh-262k:context-0/factconsolidation_mh_262k_no96,1,7,0.1428571428571428,0.0,-4.875000082189217,0.8217821782178218,"[""search""]",False,True,3,0.0,[],0,0.0,[],[],[],0.0,[],[],0.0,Run 1::agentmemorybench:fact-mh-262k:context-0/factconsolidation_mh_262k_no96,False,True,False
Run 1,agentmemorybench:fact-mh-262k:context-0/factconsolidation_mh_262k_no96,2,7,0.2857142857142857,0.0,2.0624999403953552,1.0,"[""read""]",False,True,3,0.0,[1],1,0.3333333333333333,[],[1],[1],0.3333333333333333,[1],[1],0.3333333333333333,Run 1::agentmemorybench:fact-mh-262k:context-0/factconsolidation_mh_262k_no96,True,True,False
Run 1,agentmemorybench:fact-mh-262k:context-0/factconsolidation_mh_262k_no96,3,7,0.4285714285714285,0.3333333333333333,3.624999945051968,1.0,"[""search""]",False,True,3,0.3333333333333333,[1],1,0.3333333333333333,[1],[1],[1],0.3333333333333333,[1],[1],0.3333333333333333,Run 1::agentmemorybench:fact-mh-262k:context-0/factconsolidation_mh_262k_no96,True,True,False
Run 1,agentmemorybench:fact-mh-262k:context-0/factconsolidation_mh_262k_no96,4,7,0.5714285714285714,0.3333333333333333,2.312500074505806,0.995049504950495,"[""read""]",False,True,3,0.3333333333333333,[],0,0.0,[],[],[1],0.3333333333333333,[1],[1],0.3333333333333333,Run 1::agentmemorybench:fact-mh-262k:context-0/factconsolidation_mh_262k_no96,True,True,False
Run 1,agentmemorybench:fact-mh-262k:context-0/factconsolidation_mh_262k_no96,5,7,0.7142857142857143,0.3333333333333333,-0.125,0.27227722772277224,"[""search""]",False,True,3,0.3333333333333333,[],0,0.0,[],[],[1],0.3333333333333333,[1],[1],0.3333333333333333,Run 1::agentmemorybench:fact-mh-262k:context-0/factconsolidation_mh_262k_no96,False,False,False
Run 1,agentmemorybench:fact-mh-262k:context-0/factconsolidation_mh_262k_no96,6,7,0.8571428571428571,0.3333333333333333,1.0,0.995049504950495,"[""read""]",False,True,3,0.3333333333333333,[],0,0.0,[],[],[1],0.3333333333333333,[1],[1],0.3333333333333333,Run 1::agentmemorybench:fact-mh-262k:context-0/factconsolidation_mh_262k_no96,True,True,False
Run 1,agentmemorybench:fact-mh-262k:context-0/factconsolidation_mh_262k_no96,7,7,1.0,0.3333333333333333,3.7499999525025487,0.9702970297029704,"[""finish""]",False,True,3,0.3333333333333333,[],0,0.0,[],[],[1],0.3333333333333333,[1],[1],0.3333333333333333,Run 1::agentmemorybench:fact-mh-262k:context-0/factconsolidation_mh_262k_no96,True,True,True
Run 1,agentmemorybench:fact-mh-262k:context-0/factconsolidation_mh_262k_no97,1,4,0.25,0.0,-4.125000218860805,0.9702970297029703,"[""search""]",False,False,2,0.0,[],0,0.0,[],[],[],0.0,[],[],0.0,Run 1::agentmemorybench:fact-mh-262k:context-0/factconsolidation_mh_262k_no97,False,True,False
Run 1,agentmemorybench:fact-mh-262k:context-0/factconsolidation_mh_262k_no97,2,4,0.5,0.0,3.4374999897554517,1.0,"[""search""]",False,False,2,0.0,[1],1,0.5,[],[1],[1],0.5,[1],[1],0.5,Run 1::agentmemorybench:fact-mh-262k:context-0/factconsolidation_mh_262k_no97,True,True,False
Run 1,agentmemorybench:fact-mh-262k:context-0/factconsolidation_mh_262k_no97,3,4,0.75,0.0,0.4375,0.9752475247524752,"[""read""]",False,False,2,0.0,[2],1,0.5,[],[2],[2],0.5,"[1,2]","[1,2]",1.0,Run 1::agentmemorybench:fact-mh-262k:context-0/factconsolidation_mh_262k_no97,True,True,False
Run 1,agentmemorybench:fact-mh-262k:context-0/factconsolidation_mh_262k_no97,4,4,1.0,0.5,5.62499990593642,1.0,"[""finish""]",False,False,2,0.5,[2],1,0.5,[2],[2],[2],0.5,"[1,2]","[1,2]",1.0,Run 1::agentmemorybench:fact-mh-262k:context-0/factconsolidation_mh_262k_no97,True,True,True
Run 1,agentmemorybench:fact-mh-262k:context-0/factconsolidation_mh_262k_no98,1,12,0.0833333333333333,0.0,-5.187500147148967,0.8663366336633663,"[""search""]",False,True,3,0.0,[],0,0.0,[],[],[],0.0,[],[],0.0,Run 1::agentmemorybench:fact-mh-262k:context-0/factconsolidation_mh_262k_no98,False,True,False
Run 1,agentmemorybench:fact-mh-262k:context-0/factconsolidation_mh_262k_no98,2,12,0.1666666666666666,0.0,0.7500000447034836,0.99009900990099,"[""search""]",False,True,3,0.0,[1],1,0.3333333333333333,[],[1],[1],0.3333333333333333,[1],[1],0.3333333333333333,Run 1::agentmemorybench:fact-mh-262k:context-0/factconsolidation_mh_262k_no98,True,True,False
Run 1,agentmemorybench:fact-mh-262k:context-0/factconsolidation_mh_262k_no98,3,12,0.25,0.0,0.6875,0.995049504950495,"[""search""]",False,True,3,0.0,[2],1,0.3333333333333333,[],[2],[2],0.3333333333333333,"[1,2]","[1,2]",0.6666666666666666,Run 1::agentmemorybench:fact-mh-262k:context-0/factconsolidation_mh_262k_no98,True,True,False
Run 1,agentmemorybench:fact-mh-262k:context-0/factconsolidation_mh_262k_no98,4,12,0.3333333333333333,0.0,-1.25,0.9900990099009901,"[""read""]",False,True,3,0.0,[],0,0.0,[],[],[],0.0,"[1,2]","[1,2]",0.6666666666666666,Run 1::agentmemorybench:fact-mh-262k:context-0/factconsolidation_mh_262k_no98,False,True,False
Run 1,agentmemorybench:fact-mh-262k:context-0/factconsolidation_mh_262k_no98,5,12,0.4166666666666667,0.6666666666666666,-0.9375000447034836,1.0,"[""search""]",False,True,3,0.6666666666666666,"[1,2]",2,0.6666666666666666,"[1,2]","[1,2]","[1,2]",0.6666666666666666,"[1,2]","[1,2]",0.6666666666666666,Run 1::agentmemorybench:fact-mh-262k:context-0/factconsolidation_mh_262k_no98,False,True,False
Run 1,agentmemorybench:fact-mh-262k:context-0/factconsolidation_mh_262k_no98,6,12,0.5,0.6666666666666666,-1.3750000298023224,1.0,"[""search""]",False,True,3,0.6666666666666666,[],0,0.0,[],[],"[1,2]",0.6666666666666666,"[1,2]","[1,2]",0.6666666666666666,Run 1::agentmemorybench:fact-mh-262k:context-0/factconsolidation_mh_262k_no98,False,True,False
Run 1,agentmemorybench:fact-mh-262k:context-0/factconsolidation_mh_262k_no98,7,12,0.5833333333333334,0.6666666666666666,-2.562500074505806,0.9702970297029703,"[""read""]",False,True,3,0.6666666666666666,[],0,0.0,[],[],"[1,2]",0.6666666666666666,"[1,2]","[1,2]",0.6666666666666666,Run 1::agentmemorybench:fact-mh-262k:context-0/factconsolidation_mh_262k_no98,False,True,False
Run 1,agentmemorybench:fact-mh-262k:context-0/factconsolidation_mh_262k_no98,8,12,0.6666666666666666,0.6666666666666666,-2.499999985098839,1.0,"[""search""]",False,True,3,0.6666666666666666,[],0,0.0,[],[],"[1,2]",0.6666666666666666,"[1,2]","[1,2]",0.6666666666666666,Run 1::agentmemorybench:fact-mh-262k:context-0/factconsolidation_mh_262k_no98,False,True,False
Run 1,agentmemorybench:fact-mh-262k:context-0/factconsolidation_mh_262k_no98,9,12,0.75,0.6666666666666666,-2.3124999441206455,1.0,"[""search""]",False,True,3,0.6666666666666666,[],0,0.0,[],[],"[1,2]",0.6666666666666666,"[1,2]","[1,2]",0.6666666666666666,Run 1::agentmemorybench:fact-mh-262k:context-0/factconsolidation_mh_262k_no98,False,True,False
Run 1,agentmemorybench:fact-mh-262k:context-0/factconsolidation_mh_262k_no98,10,12,0.8333333333333334,0.6666666666666666,-3.4374999972060323,0.7475247524752475,"[""search""]",False,True,3,0.6666666666666666,[],0,0.0,[],[],"[1,2]",0.6666666666666666,"[1,2]","[1,2]",0.6666666666666666,Run 1::agentmemorybench:fact-mh-262k:context-0/factconsolidation_mh_262k_no98,False,True,False
Run 1,agentmemorybench:fact-mh-262k:context-0/factconsolidation_mh_262k_no98,11,12,0.9166666666666666,0.6666666666666666,-4.1250001564621925,0.8217821782178218,"[""search""]",False,True,3,0.6666666666666666,[],0,0.0,[],[],"[1,2]",0.6666666666666666,"[1,2]","[1,2]",0.6666666666666666,Run 1::agentmemorybench:fact-mh-262k:context-0/factconsolidation_mh_262k_no98,False,True,False
Run 1,agentmemorybench:fact-mh-262k:context-0/factconsolidation_mh_262k_no98,12,12,1.0,0.6666666666666666,-4.24999996740371,0.7574257425742574,"[""finish""]",False,True,3,0.6666666666666666,[],0,0.0,[],[],"[1,2]",0.6666666666666666,"[1,2]","[1,2]",0.6666666666666666,Run 1::agentmemorybench:fact-mh-262k:context-0/factconsolidation_mh_262k_no98,False,True,True
Run 1,agentmemorybench:fact-mh-262k:context-0/factconsolidation_mh_262k_no99,1,14,0.0714285714285714,0.0,-4.125000076368451,0.9257425742574258,"[""search""]",True,True,3,0.0,[],0,0.0,[],[],[],0.0,[],[],0.0,Run 1::agentmemorybench:fact-mh-262k:context-0/factconsolidation_mh_262k_no99,False,True,False
Run 1,agentmemorybench:fact-mh-262k:context-0/factconsolidation_mh_262k_no99,2,14,0.1428571428571428,0.0,0.5624999701976776,1.0,"[""search""]",True,True,3,0.0,[1],1,0.3333333333333333,[],[1],[1],0.3333333333333333,[1],[1],0.3333333333333333,Run 1::agentmemorybench:fact-mh-262k:context-0/factconsolidation_mh_262k_no99,True,True,False
Run 1,agentmemorybench:fact-mh-262k:context-0/factconsolidation_mh_262k_no99,3,14,0.2142857142857142,0.0,2.3749999701976776,1.0,"[""search""]",True,True,3,0.0,"[1,2]",2,0.6666666666666666,[],"[1,2]","[1,2]",0.6666666666666666,"[1,2]","[1,2]",0.6666666666666666,Run 1::agentmemorybench:fact-mh-262k:context-0/factconsolidation_mh_262k_no99,True,True,False
Run 1,agentmemorybench:fact-mh-262k:context-0/factconsolidation_mh_262k_no99,4,14,0.2857142857142857,0.0,2.4374999962747097,0.995049504950495,"[""read""]",True,True,3,0.0,"[2,3]",2,0.6666666666666666,[],"[2,3]","[2,3]",0.6666666666666666,"[1,2,3]","[1,2,3]",1.0,Run 1::agentmemorybench:fact-mh-262k:context-0/factconsolidation_mh_262k_no99,True,True,False
Run 1,agentmemorybench:fact-mh-262k:context-0/factconsolidation_mh_262k_no99,5,14,0.3571428571428571,1.0,8.00000017581624,1.0,"[""search""]",True,True,3,1.0,"[1,2,3]",3,1.0,"[1,2,3]","[1,2,3]","[1,2,3]",1.0,"[1,2,3]","[1,2,3]",1.0,Run 1::agentmemorybench:fact-mh-262k:context-0/factconsolidation_mh_262k_no99,True,True,False
Run 1,agentmemorybench:fact-mh-262k:context-0/factconsolidation_mh_262k_no99,6,14,0.4285714285714285,1.0,1.2500000149011612,0.9653465346534653,"[""search""]",True,True,3,1.0,[],0,0.0,[],[],"[1,2,3]",1.0,"[1,2,3]","[1,2,3]",1.0,Run 1::agentmemorybench:fact-mh-262k:context-0/factconsolidation_mh_262k_no99,True,True,False
Run 1,agentmemorybench:fact-mh-262k:context-0/factconsolidation_mh_262k_no99,7,14,0.5,1.0,-1.2500000149011612,0.9801980198019802,"[""read""]",True,True,3,1.0,[],0,0.0,[],[],"[1,2,3]",1.0,"[1,2,3]","[1,2,3]",1.0,Run 1::agentmemorybench:fact-mh-262k:context-0/factconsolidation_mh_262k_no99,False,True,False
Run 1,agentmemorybench:fact-mh-262k:context-0/factconsolidation_mh_262k_no99,8,14,0.5714285714285714,1.0,-1.4999999850988388,0.6782178217821782,"[""search""]",True,True,3,1.0,[1],1,0.3333333333333333,[1],[1],"[1,2,3]",1.0,"[1,2,3]","[1,2,3]",1.0,Run 1::agentmemorybench:fact-mh-262k:context-0/factconsolidation_mh_262k_no99,False,True,False
Run 1,agentmemorybench:fact-mh-262k:context-0/factconsolidation_mh_262k_no99,9,14,0.6428571428571429,1.0,-1.875,0.9504950495049505,"[""read""]",True,True,3,1.0,[],0,0.0,[],[],"[1,2,3]",1.0,"[1,2,3]","[1,2,3]",1.0,Run 1::agentmemorybench:fact-mh-262k:context-0/factconsolidation_mh_262k_no99,False,True,False
Run 1,agentmemorybench:fact-mh-262k:context-0/factconsolidation_mh_262k_no99,10,14,0.7142857142857143,1.0,-1.0000000298023224,0.9702970297029703,"[""search""]",True,True,3,1.0,[2],1,0.3333333333333333,[2],[2],"[1,2,3]",1.0,"[1,2,3]","[1,2,3]",1.0,Run 1::agentmemorybench:fact-mh-262k:context-0/factconsolidation_mh_262k_no99,False,True,False
Run 1,agentmemorybench:fact-mh-262k:context-0/factconsolidation_mh_262k_no99,11,14,0.7857142857142857,1.0,-1.4374999701976776,0.8811881188118812,"[""search""]",True,True,3,1.0,[],0,0.0,[],[],"[1,2,3]",1.0,"[1,2,3]","[1,2,3]",1.0,Run 1::agentmemorybench:fact-mh-262k:context-0/factconsolidation_mh_262k_no99,False,True,False
Run 1,agentmemorybench:fact-mh-262k:context-0/factconsolidation_mh_262k_no99,12,14,0.8571428571428571,1.0,-1.6874999925494194,0.7821782178217822,"[""search""]",True,True,3,1.0,[],0,0.0,[],[],"[1,2,3]",1.0,"[1,2,3]","[1,2,3]",1.0,Run 1::agentmemorybench:fact-mh-262k:context-0/factconsolidation_mh_262k_no99,False,True,False
Run 1,agentmemorybench:fact-mh-262k:context-0/factconsolidation_mh_262k_no99,13,14,0.9285714285714286,1.0,-2.5624999329447746,0.7920792079207921,"[""search""]",True,True,3,1.0,[],0,0.0,[],[],"[1,2,3]",1.0,"[1,2,3]","[1,2,3]",1.0,Run 1::agentmemorybench:fact-mh-262k:context-0/factconsolidation_mh_262k_no99,False,True,False
Run 1,agentmemorybench:fact-mh-262k:context-0/factconsolidation_mh_262k_no99,14,14,1.0,1.0,-2.1874999925494194,0.4158415841584159,"[""finish""]",True,True,3,1.0,[],0,0.0,[],[],"[1,2,3]",1.0,"[1,2,3]","[1,2,3]",1.0,Run 1::agentmemorybench:fact-mh-262k:context-0/factconsolidation_mh_262k_no99,False,False,True
Run 2,agentmemorybench:fact-mh-262k:context-0/factconsolidation_mh_262k_no0,1,13,0.0769230769230769,0.0,-4.624999990686774,0.9108910891089109,"[""search""]",False,False,3,0.0,[],0,0.0,[],[],[],0.0,[],[],0.0,Run 2::agentmemorybench:fact-mh-262k:context-0/factconsolidation_mh_262k_no0,False,True,False
Run 2,agentmemorybench:fact-mh-262k:context-0/factconsolidation_mh_262k_no0,2,13,0.1538461538461538,0.0,0.9999999403953552,1.0,"[""read""]",False,False,3,0.0,[1],1,0.3333333333333333,[],[1],[1],0.3333333333333333,[1],[1],0.3333333333333333,Run 2::agentmemorybench:fact-mh-262k:context-0/factconsolidation_mh_262k_no0,True,True,False
Run 2,agentmemorybench:fact-mh-262k:context-0/factconsolidation_mh_262k_no0,3,13,0.2307692307692307,0.6666666666666666,4.750000141561031,1.0,"[""search""]",False,False,3,0.6666666666666666,"[1,2]",2,0.6666666666666666,"[1,2]","[1,2]","[1,2]",0.6666666666666666,"[1,2]","[1,2]",0.6666666666666666,Run 2::agentmemorybench:fact-mh-262k:context-0/factconsolidation_mh_262k_no0,True,True,False
Run 2,agentmemorybench:fact-mh-262k:context-0/factconsolidation_mh_262k_no0,4,13,0.3076923076923077,0.6666666666666666,2.8749999180436134,0.9801980198019802,"[""read""]",False,False,3,0.6666666666666666,[],0,0.0,[],[],"[1,2]",0.6666666666666666,"[1,2]","[1,2]",0.6666666666666666,Run 2::agentmemorybench:fact-mh-262k:context-0/factconsolidation_mh_262k_no0,True,True,False
Run 2,agentmemorybench:fact-mh-262k:context-0/factconsolidation_mh_262k_no0,5,13,0.3846153846153846,0.6666666666666666,2.9374999906867743,0.9009900990099009,"[""search""]",False,False,3,0.6666666666666666,[],0,0.0,[],[],"[1,2]",0.6666666666666666,"[1,2]","[1,2]",0.6666666666666666,Run 2::agentmemorybench:fact-mh-262k:context-0/factconsolidation_mh_262k_no0,True,True,False
Run 2,agentmemorybench:fact-mh-262k:context-0/factconsolidation_mh_262k_no0,6,13,0.4615384615384615,0.6666666666666666,1.6249999552965164,1.0,"[""read""]",False,False,3,0.6666666666666666,[],0,0.0,[],[],"[1,2]",0.6666666666666666,"[1,2]","[1,2]",0.6666666666666666,Run 2::agentmemorybench:fact-mh-262k:context-0/factconsolidation_mh_262k_no0,True,True,False
Run 2,agentmemorybench:fact-mh-262k:context-0/factconsolidation_mh_262k_no0,7,13,0.5384615384615384,0.6666666666666666,3.624999933876097,0.9702970297029703,"[""search""]",False,False,3,0.6666666666666666,[],0,0.0,[],[],"[1,2]",0.6666666666666666,"[1,2]","[1,2]",0.6666666666666666,Run 2::agentmemorybench:fact-mh-262k:context-0/factconsolidation_mh_262k_no0,True,True,False
Run 2,agentmemorybench:fact-mh-262k:context-0/factconsolidation_mh_262k_no0,8,13,0.6153846153846154,0.6666666666666666,2.624999947845936,1.0,"[""read""]",False,False,3,0.6666666666666666,[],0,0.0,[],[],"[1,2]",0.6666666666666666,"[1,2]","[1,2]",0.6666666666666666,Run 2::agentmemorybench:fact-mh-262k:context-0/factconsolidation_mh_262k_no0,True,True,False
Run 2,agentmemorybench:fact-mh-262k:context-0/factconsolidation_mh_262k_no0,9,13,0.6923076923076923,0.6666666666666666,2.8749999962747097,0.995049504950495,"[""search""]",False,False,3,0.6666666666666666,[],0,0.0,[],[],"[1,2]",0.6666666666666666,"[1,2]","[1,2]",0.6666666666666666,Run 2::agentmemorybench:fact-mh-262k:context-0/factconsolidation_mh_262k_no0,True,True,False
Run 2,agentmemorybench:fact-mh-262k:context-0/factconsolidation_mh_262k_no0,10,13,0.7692307692307693,0.6666666666666666,2.875000089406967,1.0,"[""read""]",False,False,3,0.6666666666666666,[],0,0.0,[],[],"[1,2]",0.6666666666666666,"[1,2]","[1,2]",0.6666666666666666,Run 2::agentmemorybench:fact-mh-262k:context-0/factconsolidation_mh_262k_no0,True,True,False
Run 2,agentmemorybench:fact-mh-262k:context-0/factconsolidation_mh_262k_no0,11,13,0.8461538461538461,0.6666666666666666,2.249999932944774,1.0,"[""search""]",False,False,3,0.6666666666666666,[],0,0.0,[],[],"[1,2]",0.6666666666666666,"[1,2]","[1,2]",0.6666666666666666,Run 2::agentmemorybench:fact-mh-262k:context-0/factconsolidation_mh_262k_no0,True,True,False
Run 2,agentmemorybench:fact-mh-262k:context-0/factconsolidation_mh_262k_no0,12,13,0.9230769230769232,0.6666666666666666,2.6250000298023224,0.995049504950495,"[""read""]",False,False,3,0.6666666666666666,[],0,0.0,[],[],"[1,2]",0.6666666666666666,"[1,2]","[1,2]",0.6666666666666666,Run 2::agentmemorybench:fact-mh-262k:context-0/factconsolidation_mh_262k_no0,True,True,False
Run 2,agentmemorybench:fact-mh-262k:context-0/factconsolidation_mh_262k_no0,13,13,1.0,0.6666666666666666,4.4999998435378075,0.9801980198019802,"[""finish""]",False,False,3,0.6666666666666666,[],0,0.0,[],[],"[1,2]",0.6666666666666666,"[1,2]","[1,2]",0.6666666666666666,Run 2::agentmemorybench:fact-mh-262k:context-0/factconsolidation_mh_262k_no0,True,True,True
Run 2,agentmemorybench:fact-mh-262k:context-0/factconsolidation_mh_262k_no1,1,5,0.2,0.0,-4.0000002179294825,0.8564356435643564,"[""search""]",True,False,2,0.0,[],0,0.0,[],[],[],0.0,[],[],0.0,Run 2::agentmemorybench:fact-mh-262k:context-0/factconsolidation_mh_262k_no1,False,True,False
Run 2,agentmemorybench:fact-mh-262k:context-0/factconsolidation_mh_262k_no1,2,5,0.4,0.0,2.1874999962747097,1.0,"[""read""]",True,False,2,0.0,[1],1,0.5,[],[1],[1],0.5,[1],[1],0.5,Run 2::agentmemorybench:fact-mh-262k:context-0/factconsolidation_mh_262k_no1,True,True,False
Run 2,agentmemorybench:fact-mh-262k:context-0/factconsolidation_mh_262k_no1,3,5,0.6,0.5,-0.6875,0.7227722772277227,"[""search""]",True,False,2,0.5,[1],1,0.5,[1],[1],[1],0.5,[1],[1],0.5,Run 2::agentmemorybench:fact-mh-262k:context-0/factconsolidation_mh_262k_no1,False,True,False
Run 2,agentmemorybench:fact-mh-262k:context-0/factconsolidation_mh_262k_no1,4,5,0.8,0.5,2.9999999292194843,0.995049504950495,"[""read""]",True,False,2,0.5,[2],1,0.5,[],[2],"[1,2]",1.0,"[1,2]","[1,2]",1.0,Run 2::agentmemorybench:fact-mh-262k:context-0/factconsolidation_mh_262k_no1,True,True,False
Run 2,agentmemorybench:fact-mh-262k:context-0/factconsolidation_mh_262k_no1,5,5,1.0,1.0,6.625000046333298,0.9851485148514851,"[""finish""]",True,False,2,1.0,[2],1,0.5,[2],[2],"[1,2]",1.0,"[1,2]","[1,2]",1.0,Run 2::agentmemorybench:fact-mh-262k:context-0/factconsolidation_mh_262k_no1,True,True,True
Run 2,agentmemorybench:fact-mh-262k:context-0/factconsolidation_mh_262k_no10,1,8,0.125,0.0,-5.375000173225999,0.8118811881188119,"[""search""]",False,True,4,0.0,[],0,0.0,[],[],[],0.0,[],[],0.0,Run 2::agentmemorybench:fact-mh-262k:context-0/factconsolidation_mh_262k_no10,False,True,False
Run 2,agentmemorybench:fact-mh-262k:context-0/factconsolidation_mh_262k_no10,2,8,0.25,0.0,-4.124999899417162,0.6435643564356435,"[""search""]",False,True,4,0.0,[1],1,0.25,[],[1],[1],0.25,[1],[1],0.25,Run 2::agentmemorybench:fact-mh-262k:context-0/factconsolidation_mh_262k_no10,False,True,False
Run 2,agentmemorybench:fact-mh-262k:context-0/factconsolidation_mh_262k_no10,3,8,0.375,0.0,-7.74999992660014,0.4356435643564356,"[""read""]",False,True,4,0.0,[1],1,0.25,[],[1],[1],0.25,[1],[1],0.25,Run 2::agentmemorybench:fact-mh-262k:context-0/factconsolidation_mh_262k_no10,False,False,False
Run 2,agentmemorybench:fact-mh-262k:context-0/factconsolidation_mh_262k_no10,4,8,0.5,0.0,-0.375,0.995049504950495,"[""search""]",False,True,4,0.0,[1],1,0.25,[1],[1],[1],0.25,[1],[1],0.25,Run 2::agentmemorybench:fact-mh-262k:context-0/factconsolidation_mh_262k_no10,False,True,False
Run 2,agentmemorybench:fact-mh-262k:context-0/factconsolidation_mh_262k_no10,5,8,0.625,0.0,2.2499999925494194,1.0,"[""read""]",False,True,4,0.0,[],0,0.0,[],[],[],0.0,[1],[1],0.25,Run 2::agentmemorybench:fact-mh-262k:context-0/factconsolidation_mh_262k_no10,True,True,False
Run 2,agentmemorybench:fact-mh-262k:context-0/factconsolidation_mh_262k_no10,6,8,0.75,0.0,3.6875000251457095,0.99009900990099,"[""search""]",False,True,4,0.0,[],0,0.0,[],[],[],0.0,[1],[1],0.25,Run 2::agentmemorybench:fact-mh-262k:context-0/factconsolidation_mh_262k_no10,True,True,False
Run 2,agentmemorybench:fact-mh-262k:context-0/factconsolidation_mh_262k_no10,7,8,0.875,0.0,4.187499897554517,1.0,"[""read""]",False,True,4,0.0,[],0,0.0,[],[],[],0.0,[1],[1],0.25,Run 2::agentmemorybench:fact-mh-262k:context-0/factconsolidation_mh_262k_no10,True,True,False
Run 2,agentmemorybench:fact-mh-262k:context-0/factconsolidation_mh_262k_no10,8,8,1.0,0.25,6.749999975843821,1.0,"[""finish""]",False,True,4,0.25,[4],1,0.25,[4],[4],[4],0.25,"[1,4]","[1,4]",0.5,Run 2::agentmemorybench:fact-mh-262k:context-0/factconsolidation_mh_262k_no10,True,True,True
Run 2,agentmemorybench:fact-mh-262k:context-0/factconsolidation_mh_262k_no11,1,16,0.0625,0.0,-5.124999884981662,0.8564356435643564,"[""search""]",False,True,3,0.0,[],0,0.0,[],[],[],0.0,[],[],0.0,Run 2::agentmemorybench:fact-mh-262k:context-0/factconsolidation_mh_262k_no11,False,True,False
Run 2,agentmemorybench:fact-mh-262k:context-0/factconsolidation_mh_262k_no11,2,16,0.125,0.0,0.7500000298023224,1.0,"[""search""]",False,True,3,0.0,[1],1,0.3333333333333333,[],[1],[1],0.3333333333333333,[1],[1],0.3333333333333333,Run 2::agentmemorybench:fact-mh-262k:context-0/factconsolidation_mh_262k_no11,True,True,False
Run 2,agentmemorybench:fact-mh-262k:context-0/factconsolidation_mh_262k_no11,3,16,0.1875,0.0,1.999999925494194,1.0,"[""read""]",False,True,3,0.0,[2],1,0.3333333333333333,[],[2],[2],0.3333333333333333,"[1,2]","[1,2]",0.6666666666666666,Run 2::agentmemorybench:fact-mh-262k:context-0/factconsolidation_mh_262k_no11,True,True,False
Run 2,agentmemorybench:fact-mh-262k:context-0/factconsolidation_mh_262k_no11,4,16,0.25,0.6666666666666666,3.4999999329447746,1.0,"[""search""]",False,True,3,0.6666666666666666,"[1,2]",2,0.6666666666666666,"[1,2]","[1,2]","[1,2]",0.6666666666666666,"[1,2]","[1,2]",0.6666666666666666,Run 2::agentmemorybench:fact-mh-262k:context-0/factconsolidation_mh_262k_no11,True,True,False
Run 2,agentmemorybench:fact-mh-262k:context-0/factconsolidation_mh_262k_no11,5,16,0.3125,0.6666666666666666,-0.5,1.0,"[""search""]",False,True,3,0.6666666666666666,[],0,0.0,[],[],"[1,2]",0.6666666666666666,"[1,2]","[1,2]",0.6666666666666666,Run 2::agentmemorybench:fact-mh-262k:context-0/factconsolidation_mh_262k_no11,False,True,False
Run 2,agentmemorybench:fact-mh-262k:context-0/factconsolidation_mh_262k_no11,6,16,0.375,0.6666666666666666,-1.6249999701976776,0.9752475247524752,"[""search""]",False,True,3,0.6666666666666666,[],0,0.0,[],[],"[1,2]",0.6666666666666666,"[1,2]","[1,2]",0.6666666666666666,Run 2::agentmemorybench:fact-mh-262k:context-0/factconsolidation_mh_262k_no11,False,True,False
Run 2,agentmemorybench:fact-mh-262k:context-0/factconsolidation_mh_262k_no11,7,16,0.4375,0.6666666666666666,-2.250000085681677,0.9702970297029703,"[""search""]",False,True,3,0.6666666666666666,[],0,0.0,[],[],"[1,2]",0.6666666666666666,"[1,2]","[1,2]",0.6666666666666666,Run 2::agentmemorybench:fact-mh-262k:context-0/factconsolidation_mh_262k_no11,False,True,False
Run 2,agentmemorybench:fact-mh-262k:context-0/factconsolidation_mh_262k_no11,8,16,0.5,0.6666666666666666,-1.6875,0.9702970297029704,"[""search""]",False,True,3,0.6666666666666666,[],0,0.0,[],[],"[1,2]",0.6666666666666666,"[1,2]","[1,2]",0.6666666666666666,Run 2::agentmemorybench:fact-mh-262k:context-0/factconsolidation_mh_262k_no11,False,True,False
Run 2,agentmemorybench:fact-mh-262k:context-0/factconsolidation_mh_262k_no11,9,16,0.5625,0.6666666666666666,-2.312500014901161,0.9851485148514851,"[""search""]",False,True,3,0.6666666666666666,[],0,0.0,[],[],"[1,2]",0.6666666666666666,"[1,2]","[1,2]",0.6666666666666666,Run 2::agentmemorybench:fact-mh-262k:context-0/factconsolidation_mh_262k_no11,False,True,False
Run 2,agentmemorybench:fact-mh-262k:context-0/factconsolidation_mh_262k_no11,10,16,0.625,0.6666666666666666,-3.3125000428408384,0.9851485148514851,"[""search""]",False,True,3,0.6666666666666666,[],0,0.0,[],[],"[1,2]",0.6666666666666666,"[1,2]","[1,2]",0.6666666666666666,Run 2::agentmemorybench:fact-mh-262k:context-0/factconsolidation_mh_262k_no11,False,True,False
Run 2,agentmemorybench:fact-mh-262k:context-0/factconsolidation_mh_262k_no11,11,16,0.6875,0.6666666666666666,-3.2499999292194843,0.26237623762376233,"[""read""]",False,True,3,0.6666666666666666,[],0,0.0,[],[],"[1,2]",0.6666666666666666,"[1,2]","[1,2]",0.6666666666666666,Run 2::agentmemorybench:fact-mh-262k:context-0/factconsolidation_mh_262k_no11,False,False,False
Run 2,agentmemorybench:fact-mh-262k:context-0/factconsolidation_mh_262k_no11,12,16,0.75,0.6666666666666666,-2.812499973922968,0.995049504950495,"[""read""]",False,True,3,0.6666666666666666,[],0,0.0,[],[],"[1,2]",0.6666666666666666,"[1,2]","[1,2]",0.6666666666666666,Run 2::agentmemorybench:fact-mh-262k:context-0/factconsolidation_mh_262k_no11,False,True,False
Run 2,agentmemorybench:fact-mh-262k:context-0/factconsolidation_mh_262k_no11,13,16,0.8125,0.6666666666666666,-3.1874999683350325,1.0,"[""read""]",False,True,3,0.6666666666666666,[],0,0.0,[],[],"[1,2]",0.6666666666666666,"[1,2]","[1,2]",0.6666666666666666,Run 2::agentmemorybench:fact-mh-262k:context-0/factconsolidation_mh_262k_no11,False,True,False
Run 2,agentmemorybench:fact-mh-262k:context-0/factconsolidation_mh_262k_no11,14,16,0.875,0.6666666666666666,-3.312500013038516,0.995049504950495,"[""read""]",False,True,3,0.6666666666666666,[],0,0.0,[],[],"[1,2]",0.6666666666666666,"[1,2]","[1,2]",0.6666666666666666,Run 2::agentmemorybench:fact-mh-262k:context-0/factconsolidation_mh_262k_no11,False,True,False
Run 2,agentmemorybench:fact-mh-262k:context-0/factconsolidation_mh_262k_no11,15,16,0.9375,0.6666666666666666,-3.3124999683350325,0.99009900990099,"[""read""]",False,True,3,0.6666666666666666,[],0,0.0,[],[],"[1,2]",0.6666666666666666,"[1,2]","[1,2]",0.6666666666666666,Run 2::agentmemorybench:fact-mh-262k:context-0/factconsolidation_mh_262k_no11,False,True,False
Run 2,agentmemorybench:fact-mh-262k:context-0/factconsolidation_mh_262k_no11,16,16,1.0,0.6666666666666666,-2.6250000670552254,0.9801980198019802,"[""finish""]",False,True,3,0.6666666666666666,[],0,0.0,[],[],"[1,2]",0.6666666666666666,"[1,2]","[1,2]",0.6666666666666666,Run 2::agentmemorybench:fact-mh-262k:context-0/factconsolidation_mh_262k_no11,False,True,True
Run 2,agentmemorybench:fact-mh-262k:context-0/factconsolidation_mh_262k_no12,1,3,0.3333333333333333,0.0,-4.000000113621354,0.9059405940594059,"[""search""]",False,False,2,0.0,[],0,0.0,[],[],[],0.0,[],[],0.0,Run 2::agentmemorybench:fact-mh-262k:context-0/factconsolidation_mh_262k_no12,False,True,False
Run 2,agentmemorybench:fact-mh-262k:context-0/factconsolidation_mh_262k_no12,2,3,0.6666666666666666,0.0,2.499999903142452,1.0,"[""read""]",False,False,2,0.0,[1],1,0.5,[],[1],[1],0.5,[1],[1],0.5,Run 2::agentmemorybench:fact-mh-262k:context-0/factconsolidation_mh_262k_no12,True,True,False
Run 2,agentmemorybench:fact-mh-262k:context-0/factconsolidation_mh_262k_no12,3,3,1.0,0.5,7.500000035623088,1.0,"[""finish""]",False,False,2,0.5,[1],1,0.5,[1],[1],[1],0.5,[1],[1],0.5,Run 2::agentmemorybench:fact-mh-262k:context-0/factconsolidation_mh_262k_no12,True,True,True
Run 2,agentmemorybench:fact-mh-262k:context-0/factconsolidation_mh_262k_no13,1,5,0.2,0.0,-3.375000022351742,0.9306930693069309,"[""search""]",True,False,2,0.0,[],0,0.0,[],[],[],0.0,[],[],0.0,Run 2::agentmemorybench:fact-mh-262k:context-0/factconsolidation_mh_262k_no13,False,True,False
Run 2,agentmemorybench:fact-mh-262k:context-0/factconsolidation_mh_262k_no13,2,5,0.4,0.0,3.375000063329935,1.0,"[""read""]",True,False,2,0.0,[1],1,0.5,[],[1],[1],0.5,[1],[1],0.5,Run 2::agentmemorybench:fact-mh-262k:context-0/factconsolidation_mh_262k_no13,True,True,False
Run 2,agentmemorybench:fact-mh-262k:context-0/factconsolidation_mh_262k_no13,3,5,0.6,0.5,2.624999910593033,0.3564356435643564,"[""search""]",True,False,2,0.5,[1],1,0.5,[1],[1],[1],0.5,[1],[1],0.5,Run 2::agentmemorybench:fact-mh-262k:context-0/factconsolidation_mh_262k_no13,True,False,False
Run 2,agentmemorybench:fact-mh-262k:context-0/factconsolidation_mh_262k_no13,4,5,0.8,0.5,2.8750000335276127,1.0,"[""read""]",True,False,2,0.5,"[1,2]",2,1.0,[],"[1,2]","[1,2]",1.0,"[1,2]","[1,2]",1.0,Run 2::agentmemorybench:fact-mh-262k:context-0/factconsolidation_mh_262k_no13,True,True,False
Run 2,agentmemorybench:fact-mh-262k:context-0/factconsolidation_mh_262k_no13,5,5,1.0,1.0,6.499999940977432,0.995049504950495,"[""finish""]",True,False,2,1.0,[2],1,0.5,[2],[2],"[1,2]",1.0,"[1,2]","[1,2]",1.0,Run 2::agentmemorybench:fact-mh-262k:context-0/factconsolidation_mh_262k_no13,True,True,True
Run 2,agentmemorybench:fact-mh-262k:context-0/factconsolidation_mh_262k_no14,1,6,0.1666666666666666,0.0,-3.8749999897554517,0.7772277227722773,"[""search""]",True,False,2,0.0,[],0,0.0,[],[],[],0.0,[],[],0.0,Run 2::agentmemorybench:fact-mh-262k:context-0/factconsolidation_mh_262k_no14,False,True,False
Run 2,agentmemorybench:fact-mh-262k:context-0/factconsolidation_mh_262k_no14,2,6,0.3333333333333333,0.0,3.625000072643161,1.0,"[""read""]",True,False,2,0.0,"[1,2]",2,1.0,[],"[1,2]","[1,2]",1.0,"[1,2]","[1,2]",1.0,Run 2::agentmemorybench:fact-mh-262k:context-0/factconsolidation_mh_262k_no14,True,True,False
Run 2,agentmemorybench:fact-mh-262k:context-0/factconsolidation_mh_262k_no14,3,6,0.5,0.5,7.374999958847184,1.0,"[""read""]",True,False,2,0.5,"[1,2]",2,1.0,"[1,2]","[1,2]","[1,2]",1.0,"[1,2]","[1,2]",1.0,Run 2::agentmemorybench:fact-mh-262k:context-0/factconsolidation_mh_262k_no14,True,True,False
Run 2,agentmemorybench:fact-mh-262k:context-0/factconsolidation_mh_262k_no14,4,6,0.6666666666666666,0.5,4.874999922467396,0.9108910891089109,"[""search""]",True,False,2,0.5,"[1,2]",2,1.0,"[1,2]","[1,2]","[1,2]",1.0,"[1,2]","[1,2]",1.0,Run 2::agentmemorybench:fact-mh-262k:context-0/factconsolidation_mh_262k_no14,True,True,False
Run 2,agentmemorybench:fact-mh-262k:context-0/factconsolidation_mh_262k_no14,5,6,0.8333333333333334,0.5,5.249999838415533,0.9851485148514851,"[""read""]",True,False,2,0.5,"[1,2]",2,1.0,[],"[1,2]","[1,2]",1.0,"[1,2]","[1,2]",1.0,Run 2::agentmemorybench:fact-mh-262k:context-0/factconsolidation_mh_262k_no14,True,True,False
Run 2,agentmemorybench:fact-mh-262k:context-0/factconsolidation_mh_262k_no14,6,6,1.0,1.0,8.875000249026925,1.0,"[""finish""]",True,False,2,1.0,"[1,2]",2,1.0,"[1,2]","[1,2]","[1,2]",1.0,"[1,2]","[1,2]",1.0,Run 2::agentmemorybench:fact-mh-262k:context-0/factconsolidation_mh_262k_no14,True,True,True
Run 2,agentmemorybench:fact-mh-262k:context-0/factconsolidation_mh_262k_no15,1,4,0.25,0.0,-4.2500001937150955,0.9108910891089108,"[""search""]",True,False,2,0.0,[],0,0.0,[],[],[],0.0,[],[],0.0,Run 2::agentmemorybench:fact-mh-262k:context-0/factconsolidation_mh_262k_no15,False,True,False
Run 2,agentmemorybench:fact-mh-262k:context-0/factconsolidation_mh_262k_no15,2,4,0.5,0.0,2.7499999534338713,1.0,"[""search""]",True,False,2,0.0,[1],1,0.5,[],[1],[1],0.5,[1],[1],0.5,Run 2::agentmemorybench:fact-mh-262k:context-0/factconsolidation_mh_262k_no15,True,True,False
Run 2,agentmemorybench:fact-mh-262k:context-0/factconsolidation_mh_262k_no15,3,4,0.75,0.0,3.2499999590218067,1.0,"[""read""]",True,False,2,0.0,"[1,2]",2,1.0,[],"[1,2]","[1,2]",1.0,"[1,2]","[1,2]",1.0,Run 2::agentmemorybench:fact-mh-262k:context-0/factconsolidation_mh_262k_no15,True,True,False
Run 2,agentmemorybench:fact-mh-262k:context-0/factconsolidation_mh_262k_no15,4,4,1.0,1.0,8.125000163709046,1.0,"[""finish""]",True,False,2,1.0,"[1,2]",2,1.0,"[1,2]","[1,2]","[1,2]",1.0,"[1,2]","[1,2]",1.0,Run 2::agentmemorybench:fact-mh-262k:context-0/factconsolidation_mh_262k_no15,True,True,True
Run 2,agentmemorybench:fact-mh-262k:context-0/factconsolidation_mh_262k_no16,1,6,0.1666666666666666,0.0,-4.874999864958227,0.8514851485148515,"[""search""]",False,True,4,0.0,[],0,0.0,[],[],[],0.0,[],[],0.0,Run 2::agentmemorybench:fact-mh-262k:context-0/factconsolidation_mh_262k_no16,False,True,False
Run 2,agentmemorybench:fact-mh-262k:context-0/factconsolidation_mh_262k_no16,2,6,0.3333333333333333,0.0,-1.3749999925494194,0.9257425742574259,"[""read""]",False,True,4,0.0,"[1,2]",2,0.5,[],"[1,2]","[1,2]",0.5,"[1,2]","[1,2]",0.5,Run 2::agentmemorybench:fact-mh-262k:context-0/factconsolidation_mh_262k_no16,False,True,False
Run 2,agentmemorybench:fact-mh-262k:context-0/factconsolidation_mh_262k_no16,3,6,0.5,0.5,1.5000000149011612,1.0,"[""search""]",False,True,4,0.5,"[1,2]",2,0.5,"[1,2]","[1,2]","[1,2]",0.5,"[1,2]","[1,2]",0.5,Run 2::agentmemorybench:fact-mh-262k:context-0/factconsolidation_mh_262k_no16,True,True,False
Run 2,agentmemorybench:fact-mh-262k:context-0/factconsolidation_mh_262k_no16,4,6,0.6666666666666666,0.5,0.75,0.9900990099009901,"[""search""]",False,True,4,0.5,[3],1,0.25,[],[3],"[1,2,3]",0.75,"[1,2,3]","[1,2,3]",0.75,Run 2::agentmemorybench:fact-mh-262k:context-0/factconsolidation_mh_262k_no16,True,True,False
Run 2,agentmemorybench:fact-mh-262k:context-0/factconsolidation_mh_262k_no16,5,6,0.8333333333333334,0.5,1.8125,0.7376237623762376,"[""read""]",False,True,4,0.5,[],0,0.0,[],[],"[1,2]",0.5,"[1,2,3]","[1,2,3]",0.75,Run 2::agentmemorybench:fact-mh-262k:context-0/factconsolidation_mh_262k_no16,True,True,False
Run 2,agentmemorybench:fact-mh-262k:context-0/factconsolidation_mh_262k_no16,6,6,1.0,0.75,4.875000094296411,1.0,"[""finish""]",False,True,4,0.75,"[2,3]",2,0.5,"[2,3]","[2,3]","[1,2,3]",0.75,"[1,2,3]","[1,2,3]",0.75,Run 2::agentmemorybench:fact-mh-262k:context-0/factconsolidation_mh_262k_no16,True,True,True
Run 2,agentmemorybench:fact-mh-262k:context-0/factconsolidation_mh_262k_no17,1,11,0.0909090909090909,0.0,-4.374999896623194,0.8118811881188119,"[""search""]",False,True,3,0.0,[],0,0.0,[],[],[],0.0,[],[],0.0,Run 2::agentmemorybench:fact-mh-262k:context-0/factconsolidation_mh_262k_no17,False,True,False
Run 2,agentmemorybench:fact-mh-262k:context-0/factconsolidation_mh_262k_no17,2,11,0.1818181818181818,0.0,-3.874999955296517,0.6831683168316831,"[""search""]",False,True,3,0.0,[1],1,0.3333333333333333,[],[1],[1],0.3333333333333333,[1],[1],0.3333333333333333,Run 2::agentmemorybench:fact-mh-262k:context-0/factconsolidation_mh_262k_no17,False,True,False
Run 2,agentmemorybench:fact-mh-262k:context-0/factconsolidation_mh_262k_no17,3,11,0.2727272727272727,0.0,-7.375000112922862,0.7970297029702971,"[""search""]",False,True,3,0.0,[1],1,0.3333333333333333,[],[1],[1],0.3333333333333333,[1],[1],0.3333333333333333,Run 2::agentmemorybench:fact-mh-262k:context-0/factconsolidation_mh_262k_no17,False,True,False
Run 2,agentmemorybench:fact-mh-262k:context-0/factconsolidation_mh_262k_no17,4,11,0.3636363636363636,0.0,-5.375000211875886,0.9405940594059407,"[""read""]",False,True,3,0.0,[],0,0.0,[],[],[],0.0,[1],[1],0.3333333333333333,Run 2::agentmemorybench:fact-mh-262k:context-0/factconsolidation_mh_262k_no17,False,True,False
Run 2,agentmemorybench:fact-mh-262k:context-0/factconsolidation_mh_262k_no17,5,11,0.4545454545454545,0.3333333333333333,-3.999999988824129,0.6485148514851484,"[""search""]",False,True,3,0.3333333333333333,[1],1,0.3333333333333333,[1],[1],[1],0.3333333333333333,[1],[1],0.3333333333333333,Run 2::agentmemorybench:fact-mh-262k:context-0/factconsolidation_mh_262k_no17,False,True,False
Run 2,agentmemorybench:fact-mh-262k:context-0/factconsolidation_mh_262k_no17,6,11,0.5454545454545454,0.3333333333333333,-4.125000039115548,0.30198019801980197,"[""search""]",False,True,3,0.3333333333333333,[],0,0.0,[],[],[1],0.3333333333333333,[1],[1],0.3333333333333333,Run 2::agentmemorybench:fact-mh-262k:context-0/factconsolidation_mh_262k_no17,False,False,False
Run 2,agentmemorybench:fact-mh-262k:context-0/factconsolidation_mh_262k_no17,7,11,0.6363636363636364,0.3333333333333333,-6.687500051397365,0.06435643564356436,"[""search""]",False,True,3,0.3333333333333333,[],0,0.0,[],[],[1],0.3333333333333333,[1],[1],0.3333333333333333,Run 2::agentmemorybench:fact-mh-262k:context-0/factconsolidation_mh_262k_no17,False,False,False
Run 2,agentmemorybench:fact-mh-262k:context-0/factconsolidation_mh_262k_no17,8,11,0.7272727272727273,0.3333333333333333,-4.75000018812716,0.23267326732673266,"[""search""]",False,True,3,0.3333333333333333,[],0,0.0,[],[],[1],0.3333333333333333,[1],[1],0.3333333333333333,Run 2::agentmemorybench:fact-mh-262k:context-0/factconsolidation_mh_262k_no17,False,False,False
Run 2,agentmemorybench:fact-mh-262k:context-0/factconsolidation_mh_262k_no17,9,11,0.8181818181818182,0.3333333333333333,-6.374999874271452,0.8613861386138614,"[""search""]",False,True,3,0.3333333333333333,[],0,0.0,[],[],[1],0.3333333333333333,[1],[1],0.3333333333333333,Run 2::agentmemorybench:fact-mh-262k:context-0/factconsolidation_mh_262k_no17,False,True,False
Run 2,agentmemorybench:fact-mh-262k:context-0/factconsolidation_mh_262k_no17,10,11,0.9090909090909092,0.3333333333333333,-5.500000016996637,0.504950495049505,"[""search""]",False,True,3,0.3333333333333333,[],0,0.0,[],[],[1],0.3333333333333333,[1],[1],0.3333333333333333,Run 2::agentmemorybench:fact-mh-262k:context-0/factconsolidation_mh_262k_no17,False,True,False
Run 2,agentmemorybench:fact-mh-262k:context-0/factconsolidation_mh_262k_no17,11,11,1.0,0.3333333333333333,-8.500000379965059,0.0891089108910891,"[""finish""]",False,True,3,0.3333333333333333,[],0,0.0,[],[],[1],0.3333333333333333,[1],[1],0.3333333333333333,Run 2::agentmemorybench:fact-mh-262k:context-0/factconsolidation_mh_262k_no17,False,False,True
Run 2,agentmemorybench:fact-mh-262k:context-0/factconsolidation_mh_262k_no18,1,15,0.0666666666666666,0.0,-4.374999962281436,0.7326732673267327,"[""search""]",False,True,4,0.0,[],0,0.0,[],[],[],0.0,[],[],0.0,Run 2::agentmemorybench:fact-mh-262k:context-0/factconsolidation_mh_262k_no18,False,True,False
Run 2,agentmemorybench:fact-mh-262k:context-0/factconsolidation_mh_262k_no18,2,15,0.1333333333333333,0.0,1.7499999925494194,0.9900990099009901,"[""read""]",False,True,4,0.0,[1],1,0.25,[],[1],[1],0.25,[1],[1],0.25,Run 2::agentmemorybench:fact-mh-262k:context-0/factconsolidation_mh_262k_no18,True,True,False
Run 2,agentmemorybench:fact-mh-262k:context-0/factconsolidation_mh_262k_no18,3,15,0.2,0.25,2.749999949708581,1.0,"[""search""]",False,True,4,0.25,[1],1,0.25,[1],[1],[1],0.25,[1],[1],0.25,Run 2::agentmemorybench:fact-mh-262k:context-0/factconsolidation_mh_262k_no18,True,True,False
Run 2,agentmemorybench:fact-mh-262k:context-0/factconsolidation_mh_262k_no18,4,15,0.2666666666666666,0.25,-0.6250000298023224,0.9702970297029703,"[""search""]",False,True,4,0.25,[4],1,0.25,[],[4],"[1,4]",0.5,"[1,4]","[1,4]",0.5,Run 2::agentmemorybench:fact-mh-262k:context-0/factconsolidation_mh_262k_no18,False,True,False
Run 2,agentmemorybench:fact-mh-262k:context-0/factconsolidation_mh_262k_no18,5,15,0.3333333333333333,0.25,-1.4375,0.9405940594059405,"[""search_more""]",False,True,4,0.25,[4],1,0.25,[],[4],"[1,4]",0.5,"[1,4]","[1,4]",0.5,Run 2::agentmemorybench:fact-mh-262k:context-0/factconsolidation_mh_262k_no18,False,True,False
Run 2,agentmemorybench:fact-mh-262k:context-0/factconsolidation_mh_262k_no18,6,15,0.4,0.25,-2.8749999590218067,0.6881188118811881,"[""search""]",False,True,4,0.25,[4],1,0.25,[],[4],"[1,4]",0.5,"[1,4]","[1,4]",0.5,Run 2::agentmemorybench:fact-mh-262k:context-0/factconsolidation_mh_262k_no18,False,True,False
Run 2,agentmemorybench:fact-mh-262k:context-0/factconsolidation_mh_262k_no18,7,15,0.4666666666666667,0.25,-3.125000026077032,0.896039603960396,"[""search""]",False,True,4,0.25,[4],1,0.25,[],[4],"[1,4]",0.5,"[1,4]","[1,4]",0.5,Run 2::agentmemorybench:fact-mh-262k:context-0/factconsolidation_mh_262k_no18,False,True,False
Run 2,agentmemorybench:fact-mh-262k:context-0/factconsolidation_mh_262k_no18,8,15,0.5333333333333333,0.25,-2.8125000447034836,0.8316831683168318,"[""read""]",False,True,4,0.25,[4],1,0.25,[],[4],"[1,4]",0.5,"[1,4]","[1,4]",0.5,Run 2::agentmemorybench:fact-mh-262k:context-0/factconsolidation_mh_262k_no18,False,True,False
Run 2,agentmemorybench:fact-mh-262k:context-0/factconsolidation_mh_262k_no18,9,15,0.6,0.25,-3.062500050291419,0.7623762376237624,"[""search""]",False,True,4,0.25,[4],1,0.25,[4],[4],"[1,4]",0.5,"[1,4]","[1,4]",0.5,Run 2::agentmemorybench:fact-mh-262k:context-0/factconsolidation_mh_262k_no18,False,True,False
Run 2,agentmemorybench:fact-mh-262k:context-0/factconsolidation_mh_262k_no18,10,15,0.6666666666666666,0.25,-3.312499986961484,0.9306930693069306,"[""read""]",False,True,4,0.25,[4],1,0.25,[],[4],"[1,4]",0.5,"[1,4]","[1,4]",0.5,Run 2::agentmemorybench:fact-mh-262k:context-0/factconsolidation_mh_262k_no18,False,True,False
Run 2,agentmemorybench:fact-mh-262k:context-0/factconsolidation_mh_262k_no18,11,15,0.7333333333333333,0.5,-3.56249993853271,0.8514851485148515,"[""search""]",False,True,4,0.5,"[2,4]",2,0.5,"[2,4]","[2,4]","[1,2,4]",0.75,"[1,2,4]","[1,2,4]",0.75,Run 2::agentmemorybench:fact-mh-262k:context-0/factconsolidation_mh_262k_no18,False,True,False
Run 2,agentmemorybench:fact-mh-262k:context-0/factconsolidation_mh_262k_no18,12,15,0.8,0.5,-3.3125000428408384,0.7673267326732673,"[""search""]",False,True,4,0.5,[],0,0.0,[],[],"[1,2]",0.5,"[1,2,4]","[1,2,4]",0.75,Run 2::agentmemorybench:fact-mh-262k:context-0/factconsolidation_mh_262k_no18,False,True,False
Run 2,agentmemorybench:fact-mh-262k:context-0/factconsolidation_mh_262k_no18,13,15,0.8666666666666667,0.5,-3.625000035390258,0.9009900990099009,"[""read""]",False,True,4,0.5,[4],1,0.25,[],[4],"[1,2,4]",0.75,"[1,2,4]","[1,2,4]",0.75,Run 2::agentmemorybench:fact-mh-262k:context-0/factconsolidation_mh_262k_no18,False,True,False
Run 2,agentmemorybench:fact-mh-262k:context-0/factconsolidation_mh_262k_no18,14,15,0.9333333333333332,0.5,-3.6250000931322575,0.8415841584158417,"[""search""]",False,True,4,0.5,[4],1,0.25,[4],[4],"[1,2,4]",0.75,"[1,2,4]","[1,2,4]",0.75,Run 2::agentmemorybench:fact-mh-262k:context-0/factconsolidation_mh_262k_no18,False,True,False
Run 2,agentmemorybench:fact-mh-262k:context-0/factconsolidation_mh_262k_no18,15,15,1.0,0.5,-2.874999988824129,0.9653465346534652,"[""finish""]",False,True,4,0.5,[],0,0.0,[],[],"[1,2]",0.5,"[1,2,4]","[1,2,4]",0.75,Run 2::agentmemorybench:fact-mh-262k:context-0/factconsolidation_mh_262k_no18,False,True,True
Run 2,agentmemorybench:fact-mh-262k:context-0/factconsolidation_mh_262k_no19,1,19,0.0526315789473684,0.0,-4.250000073574483,0.7673267326732673,"[""search""]",False,True,4,0.0,[],0,0.0,[],[],[],0.0,[],[],0.0,Run 2::agentmemorybench:fact-mh-262k:context-0/factconsolidation_mh_262k_no19,False,True,False
Run 2,agentmemorybench:fact-mh-262k:context-0/factconsolidation_mh_262k_no19,2,19,0.1052631578947368,0.0,1.4999999850988388,1.0,"[""search""]",False,True,4,0.0,[1],1,0.25,[],[1],[1],0.25,[1],[1],0.25,Run 2::agentmemorybench:fact-mh-262k:context-0/factconsolidation_mh_262k_no19,True,True,False
Run 2,agentmemorybench:fact-mh-262k:context-0/factconsolidation_mh_262k_no19,3,19,0.1578947368421052,0.0,-2.625,0.9059405940594061,"[""read""]",False,True,4,0.0,[],0,0.0,[],[],[],0.0,[1],[1],0.25,Run 2::agentmemorybench:fact-mh-262k:context-0/factconsolidation_mh_262k_no19,False,True,False
Run 2,agentmemorybench:fact-mh-262k:context-0/factconsolidation_mh_262k_no19,4,19,0.2105263157894736,0.25,-0.125,1.0,"[""search""]",False,True,4,0.25,[1],1,0.25,[1],[1],[1],0.25,[1],[1],0.25,Run 2::agentmemorybench:fact-mh-262k:context-0/factconsolidation_mh_262k_no19,False,True,False
Run 2,agentmemorybench:fact-mh-262k:context-0/factconsolidation_mh_262k_no19,5,19,0.2631578947368421,0.25,-3.2499999180436134,0.995049504950495,"[""read""]",False,True,4,0.25,[],0,0.0,[],[],[1],0.25,[1],[1],0.25,Run 2::agentmemorybench:fact-mh-262k:context-0/factconsolidation_mh_262k_no19,False,True,False
Run 2,agentmemorybench:fact-mh-262k:context-0/factconsolidation_mh_262k_no19,6,19,0.3157894736842105,0.25,-1.6249999850988388,1.0,"[""search""]",False,True,4,0.25,[],0,0.0,[],[],[1],0.25,[1],[1],0.25,Run 2::agentmemorybench:fact-mh-262k:context-0/factconsolidation_mh_262k_no19,False,True,False
Run 2,agentmemorybench:fact-mh-262k:context-0/factconsolidation_mh_262k_no19,7,19,0.3684210526315789,0.25,-0.25,1.0,"[""search""]",False,True,4,0.25,[],0,0.0,[],[],[1],0.25,[1],[1],0.25,Run 2::agentmemorybench:fact-mh-262k:context-0/factconsolidation_mh_262k_no19,False,True,False
Run 2,agentmemorybench:fact-mh-262k:context-0/factconsolidation_mh_262k_no19,8,19,0.4210526315789473,0.25,0.125,0.9801980198019802,"[""search""]",False,True,4,0.25,[],0,0.0,[],[],[1],0.25,[1],[1],0.25,Run 2::agentmemorybench:fact-mh-262k:context-0/factconsolidation_mh_262k_no19,True,True,False
Run 2,agentmemorybench:fact-mh-262k:context-0/factconsolidation_mh_262k_no19,9,19,0.4736842105263157,0.25,-0.9999999403953552,1.0,"[""read""]",False,True,4,0.25,[],0,0.0,[],[],[1],0.25,[1],[1],0.25,Run 2::agentmemorybench:fact-mh-262k:context-0/factconsolidation_mh_262k_no19,False,True,False
Run 2,agentmemorybench:fact-mh-262k:context-0/factconsolidation_mh_262k_no19,10,19,0.5263157894736842,0.5,0.375,1.0,"[""search""]",False,True,4,0.5,[4],1,0.25,[4],[4],"[1,4]",0.5,"[1,4]","[1,4]",0.5,Run 2::agentmemorybench:fact-mh-262k:context-0/factconsolidation_mh_262k_no19,True,True,False
Run 2,agentmemorybench:fact-mh-262k:context-0/factconsolidation_mh_262k_no19,11,19,0.5789473684210527,0.5,-1.5000000149011612,1.0,"[""search""]",False,True,4,0.5,[],0,0.0,[],[],"[1,4]",0.5,"[1,4]","[1,4]",0.5,Run 2::agentmemorybench:fact-mh-262k:context-0/factconsolidation_mh_262k_no19,False,True,False
Run 2,agentmemorybench:fact-mh-262k:context-0/factconsolidation_mh_262k_no19,12,19,0.631578947368421,0.5,-1.5625,1.0,"[""search""]",False,True,4,0.5,[],0,0.0,[],[],"[1,4]",0.5,"[1,4]","[1,4]",0.5,Run 2::agentmemorybench:fact-mh-262k:context-0/factconsolidation_mh_262k_no19,False,True,False
Run 2,agentmemorybench:fact-mh-262k:context-0/factconsolidation_mh_262k_no19,13,19,0.6842105263157895,0.5,-2.5625,0.6287128712871287,"[""search_more""]",False,True,4,0.5,[],0,0.0,[],[],"[1,4]",0.5,"[1,4]","[1,4]",0.5,Run 2::agentmemorybench:fact-mh-262k:context-0/factconsolidation_mh_262k_no19,False,True,False
Run 2,agentmemorybench:fact-mh-262k:context-0/factconsolidation_mh_262k_no19,14,19,0.7368421052631579,0.5,-1.4999999776482582,0.99009900990099,"[""read""]",False,True,4,0.5,[],0,0.0,[],[],"[1,4]",0.5,"[1,4]","[1,4]",0.5,Run 2::agentmemorybench:fact-mh-262k:context-0/factconsolidation_mh_262k_no19,False,True,False
Run 2,agentmemorybench:fact-mh-262k:context-0/factconsolidation_mh_262k_no19,15,19,0.7894736842105263,0.75,-1.1249999850988388,1.0,"[""read""]",False,True,4,0.75,[3],1,0.25,[3],[3],"[1,3,4]",0.75,"[1,3,4]","[1,3,4]",0.75,Run 2::agentmemorybench:fact-mh-262k:context-0/factconsolidation_mh_262k_no19,False,True,False
Run 2,agentmemorybench:fact-mh-262k:context-0/factconsolidation_mh_262k_no19,16,19,0.8421052631578947,0.75,-1.1874999403953552,1.0,"[""search""]",False,True,4,0.75,[],0,0.0,[],[],"[1,3,4]",0.75,"[1,3,4]","[1,3,4]",0.75,Run 2::agentmemorybench:fact-mh-262k:context-0/factconsolidation_mh_262k_no19,False,True,False
Run 2,agentmemorybench:fact-mh-262k:context-0/factconsolidation_mh_262k_no19,17,19,0.8947368421052632,0.75,-0.4375,0.2772277227722772,"[""read""]",False,True,4,0.75,[],0,0.0,[],[],"[1,3,4]",0.75,"[1,3,4]","[1,3,4]",0.75,Run 2::agentmemorybench:fact-mh-262k:context-0/factconsolidation_mh_262k_no19,False,False,False
Run 2,agentmemorybench:fact-mh-262k:context-0/factconsolidation_mh_262k_no19,18,19,0.9473684210526316,0.75,-0.5,0.9504950495049505,"[""read""]",False,True,4,0.75,[],0,0.0,[],[],"[1,3,4]",0.75,"[1,3,4]","[1,3,4]",0.75,Run 2::agentmemorybench:fact-mh-262k:context-0/factconsolidation_mh_262k_no19,False,True,False
Run 2,agentmemorybench:fact-mh-262k:context-0/factconsolidation_mh_262k_no19,19,19,1.0,0.75,-0.25,0.995049504950495,"[""finish""]",False,True,4,0.75,[],0,0.0,[],[],"[1,3,4]",0.75,"[1,3,4]","[1,3,4]",0.75,Run 2::agentmemorybench:fact-mh-262k:context-0/factconsolidation_mh_262k_no19,False,True,True
Run 2,agentmemorybench:fact-mh-262k:context-0/factconsolidation_mh_262k_no2,1,19,0.0526315789473684,0.0,-3.9999999050050974,0.8663366336633663,"[""search""]",False,True,4,0.0,[],0,0.0,[],[],[],0.0,[],[],0.0,Run 2::agentmemorybench:fact-mh-262k:context-0/factconsolidation_mh_262k_no2,False,True,False
Run 2,agentmemorybench:fact-mh-262k:context-0/factconsolidation_mh_262k_no2,2,19,0.1052631578947368,0.0,-0.375,0.9603960396039604,"[""read""]",False,True,4,0.0,[1],1,0.25,[],[1],[1],0.25,[1],[1],0.25,Run 2::agentmemorybench:fact-mh-262k:context-0/factconsolidation_mh_262k_no2,False,True,False
Run 2,agentmemorybench:fact-mh-262k:context-0/factconsolidation_mh_262k_no2,3,19,0.1578947368421052,0.25,2.187500022351742,1.0,"[""search""]",False,True,4,0.25,[1],1,0.25,[1],[1],[1],0.25,[1],[1],0.25,Run 2::agentmemorybench:fact-mh-262k:context-0/factconsolidation_mh_262k_no2,True,True,False
Run 2,agentmemorybench:fact-mh-262k:context-0/factconsolidation_mh_262k_no2,4,19,0.2105263157894736,0.25,1.5625000521540642,1.0,"[""search""]",False,True,4,0.25,"[2,3]",2,0.5,[],"[2,3]","[1,2,3]",0.75,"[1,2,3]","[1,2,3]",0.75,Run 2::agentmemorybench:fact-mh-262k:context-0/factconsolidation_mh_262k_no2,True,True,False
Run 2,agentmemorybench:fact-mh-262k:context-0/factconsolidation_mh_262k_no2,5,19,0.2631578947368421,0.25,2.8749999180436134,1.0,"[""search""]",False,True,4,0.25,[],0,0.0,[],[],[1],0.25,"[1,2,3]","[1,2,3]",0.75,Run 2::agentmemorybench:fact-mh-262k:context-0/factconsolidation_mh_262k_no2,True,True,False
Run 2,agentmemorybench:fact-mh-262k:context-0/factconsolidation_mh_262k_no2,6,19,0.3157894736842105,0.25,0.6874999850988388,1.0,"[""read""]",False,True,4,0.25,[],0,0.0,[],[],[1],0.25,"[1,2,3]","[1,2,3]",0.75,Run 2::agentmemorybench:fact-mh-262k:context-0/factconsolidation_mh_262k_no2,True,True,False
Run 2,agentmemorybench:fact-mh-262k:context-0/factconsolidation_mh_262k_no2,7,19,0.3684210526315789,0.25,0.5000000149011612,0.9900990099009901,"[""search""]",False,True,4,0.25,[],0,0.0,[],[],[1],0.25,"[1,2,3]","[1,2,3]",0.75,Run 2::agentmemorybench:fact-mh-262k:context-0/factconsolidation_mh_262k_no2,True,True,False
Run 2,agentmemorybench:fact-mh-262k:context-0/factconsolidation_mh_262k_no2,8,19,0.4210526315789473,0.25,-0.25,0.9059405940594059,"[""search""]",False,True,4,0.25,[],0,0.0,[],[],[1],0.25,"[1,2,3]","[1,2,3]",0.75,Run 2::agentmemorybench:fact-mh-262k:context-0/factconsolidation_mh_262k_no2,False,True,False
Run 2,agentmemorybench:fact-mh-262k:context-0/factconsolidation_mh_262k_no2,9,19,0.4736842105263157,0.25,-1.0,1.0,"[""search""]",False,True,4,0.25,[],0,0.0,[],[],[1],0.25,"[1,2,3]","[1,2,3]",0.75,Run 2::agentmemorybench:fact-mh-262k:context-0/factconsolidation_mh_262k_no2,False,True,False
Run 2,agentmemorybench:fact-mh-262k:context-0/factconsolidation_mh_262k_no2,10,19,0.5263157894736842,0.25,-1.7500000596046448,1.0,"[""search""]",False,True,4,0.25,[],0,0.0,[],[],[1],0.25,"[1,2,3]","[1,2,3]",0.75,Run 2::agentmemorybench:fact-mh-262k:context-0/factconsolidation_mh_262k_no2,False,True,False
Run 2,agentmemorybench:fact-mh-262k:context-0/factconsolidation_mh_262k_no2,11,19,0.5789473684210527,0.25,-2.250000096857548,1.0,"[""search""]",False,True,4,0.25,[],0,0.0,[],[],[1],0.25,"[1,2,3]","[1,2,3]",0.75,Run 2::agentmemorybench:fact-mh-262k:context-0/factconsolidation_mh_262k_no2,False,True,False
Run 2,agentmemorybench:fact-mh-262k:context-0/factconsolidation_mh_262k_no2,12,19,0.631578947368421,0.25,-4.250000095926225,0.915841584158416,"[""read""]",False,True,4,0.25,[],0,0.0,[],[],[1],0.25,"[1,2,3]","[1,2,3]",0.75,Run 2::agentmemorybench:fact-mh-262k:context-0/factconsolidation_mh_262k_no2,False,True,False
Run 2,agentmemorybench:fact-mh-262k:context-0/factconsolidation_mh_262k_no2,13,19,0.6842105263157895,0.25,-0.25,1.0,"[""read""]",False,True,4,0.25,[],0,0.0,[],[],[1],0.25,"[1,2,3]","[1,2,3]",0.75,Run 2::agentmemorybench:fact-mh-262k:context-0/factconsolidation_mh_262k_no2,False,True,False
Run 2,agentmemorybench:fact-mh-262k:context-0/factconsolidation_mh_262k_no2,14,19,0.7368421052631579,0.25,0.375,1.0,"[""read""]",False,True,4,0.25,[],0,0.0,[],[],[1],0.25,"[1,2,3]","[1,2,3]",0.75,Run 2::agentmemorybench:fact-mh-262k:context-0/factconsolidation_mh_262k_no2,True,True,False
Run 2,agentmemorybench:fact-mh-262k:context-0/factconsolidation_mh_262k_no2,15,19,0.7894736842105263,0.25,-0.25,0.99009900990099,"[""read""]",False,True,4,0.25,[],0,0.0,[],[],[1],0.25,"[1,2,3]","[1,2,3]",0.75,Run 2::agentmemorybench:fact-mh-262k:context-0/factconsolidation_mh_262k_no2,False,True,False
Run 2,agentmemorybench:fact-mh-262k:context-0/factconsolidation_mh_262k_no2,16,19,0.8421052631578947,0.5,1.0625,1.0,"[""read""]",False,True,4,0.5,[2],1,0.25,[2],[2],"[1,2]",0.5,"[1,2,3]","[1,2,3]",0.75,Run 2::agentmemorybench:fact-mh-262k:context-0/factconsolidation_mh_262k_no2,True,True,False
Run 2,agentmemorybench:fact-mh-262k:context-0/factconsolidation_mh_262k_no2,17,19,0.8947368421052632,0.5,0.75,0.995049504950495,"[""read""]",False,True,4,0.5,[],0,0.0,[],[],"[1,2]",0.5,"[1,2,3]","[1,2,3]",0.75,Run 2::agentmemorybench:fact-mh-262k:context-0/factconsolidation_mh_262k_no2,True,True,False
Run 2,agentmemorybench:fact-mh-262k:context-0/factconsolidation_mh_262k_no2,18,19,0.9473684210526316,0.5,0.0,0.9900990099009901,"[""search""]",False,True,4,0.5,[],0,0.0,[],[],"[1,2]",0.5,"[1,2,3]","[1,2,3]",0.75,Run 2::agentmemorybench:fact-mh-262k:context-0/factconsolidation_mh_262k_no2,False,True,False
Run 2,agentmemorybench:fact-mh-262k:context-0/factconsolidation_mh_262k_no2,19,19,1.0,0.5,-2.750000074505806,0.9356435643564356,"[""finish""]",False,True,4,0.5,[],0,0.0,[],[],"[1,2]",0.5,"[1,2,3]","[1,2,3]",0.75,Run 2::agentmemorybench:fact-mh-262k:context-0/factconsolidation_mh_262k_no2,False,True,True
Run 2,agentmemorybench:fact-mh-262k:context-0/factconsolidation_mh_262k_no20,1,15,0.0666666666666666,0.0,-4.124999927356839,0.905940594059406,"[""search""]",False,True,3,0.0,[],0,0.0,[],[],[],0.0,[],[],0.0,Run 2::agentmemorybench:fact-mh-262k:context-0/factconsolidation_mh_262k_no20,False,True,False
Run 2,agentmemorybench:fact-mh-262k:context-0/factconsolidation_mh_262k_no20,2,15,0.1333333333333333,0.0,1.5000000149011612,0.995049504950495,"[""read""]",False,True,3,0.0,[1],1,0.3333333333333333,[],[1],[1],0.3333333333333333,[1],[1],0.3333333333333333,Run 2::agentmemorybench:fact-mh-262k:context-0/factconsolidation_mh_262k_no20,True,True,False
Run 2,agentmemorybench:fact-mh-262k:context-0/factconsolidation_mh_262k_no20,3,15,0.2,0.3333333333333333,0.6874999850988388,0.9702970297029704,"[""search""]",False,True,3,0.3333333333333333,[1],1,0.3333333333333333,[1],[1],[1],0.3333333333333333,[1],[1],0.3333333333333333,Run 2::agentmemorybench:fact-mh-262k:context-0/factconsolidation_mh_262k_no20,True,True,False
Run 2,agentmemorybench:fact-mh-262k:context-0/factconsolidation_mh_262k_no20,4,15,0.2666666666666666,0.3333333333333333,-2.687499977648258,0.8762376237623762,"[""search""]",False,True,3,0.3333333333333333,[],0,0.0,[],[],[1],0.3333333333333333,[1],[1],0.3333333333333333,Run 2::agentmemorybench:fact-mh-262k:context-0/factconsolidation_mh_262k_no20,False,True,False
Run 2,agentmemorybench:fact-mh-262k:context-0/factconsolidation_mh_262k_no20,5,15,0.3333333333333333,0.3333333333333333,-2.7499999925494194,0.9356435643564357,"[""search""]",False,True,3,0.3333333333333333,[],0,0.0,[],[],[1],0.3333333333333333,[1],[1],0.3333333333333333,Run 2::agentmemorybench:fact-mh-262k:context-0/factconsolidation_mh_262k_no20,False,True,False
Run 2,agentmemorybench:fact-mh-262k:context-0/factconsolidation_mh_262k_no20,6,15,0.4,0.3333333333333333,0.6875,1.0,"[""search""]",False,True,3,0.3333333333333333,[2],1,0.3333333333333333,[],[2],"[1,2]",0.6666666666666666,"[1,2]","[1,2]",0.6666666666666666,Run 2::agentmemorybench:fact-mh-262k:context-0/factconsolidation_mh_262k_no20,True,True,False
Run 2,agentmemorybench:fact-mh-262k:context-0/factconsolidation_mh_262k_no20,7,15,0.4666666666666667,0.3333333333333333,1.8749998807907104,1.0,"[""read""]",False,True,3,0.3333333333333333,[3],1,0.3333333333333333,[],[3],"[1,3]",0.6666666666666666,"[1,2,3]","[1,2,3]",1.0,Run 2::agentmemorybench:fact-mh-262k:context-0/factconsolidation_mh_262k_no20,True,True,False
Run 2,agentmemorybench:fact-mh-262k:context-0/factconsolidation_mh_262k_no20,8,15,0.5333333333333333,0.3333333333333333,5.1249999911524355,0.995049504950495,"[""search""]",False,True,3,0.3333333333333333,[3],1,0.3333333333333333,[3],[3],"[1,3]",0.6666666666666666,"[1,2,3]","[1,2,3]",1.0,Run 2::agentmemorybench:fact-mh-262k:context-0/factconsolidation_mh_262k_no20,True,True,False
Run 2,agentmemorybench:fact-mh-262k:context-0/factconsolidation_mh_262k_no20,9,15,0.6,0.3333333333333333,3.749999932013452,1.0,"[""read""]",False,True,3,0.3333333333333333,[],0,0.0,[],[],[1],0.3333333333333333,"[1,2,3]","[1,2,3]",1.0,Run 2::agentmemorybench:fact-mh-262k:context-0/factconsolidation_mh_262k_no20,True,True,False
Run 2,agentmemorybench:fact-mh-262k:context-0/factconsolidation_mh_262k_no20,10,15,0.6666666666666666,0.6666666666666666,2.375000037252903,1.0,"[""search""]",False,True,3,0.6666666666666666,[2],1,0.3333333333333333,[2],[2],"[1,2]",0.6666666666666666,"[1,2,3]","[1,2,3]",1.0,Run 2::agentmemorybench:fact-mh-262k:context-0/factconsolidation_mh_262k_no20,True,True,False
Run 2,agentmemorybench:fact-mh-262k:context-0/factconsolidation_mh_262k_no20,11,15,0.7333333333333333,0.6666666666666666,2.1249999962747097,0.995049504950495,"[""read""]",False,True,3,0.6666666666666666,[3],1,0.3333333333333333,[],[3],"[1,2,3]",1.0,"[1,2,3]","[1,2,3]",1.0,Run 2::agentmemorybench:fact-mh-262k:context-0/factconsolidation_mh_262k_no20,True,True,False
Run 2,agentmemorybench:fact-mh-262k:context-0/factconsolidation_mh_262k_no20,12,15,0.8,1.0,3.124999949708581,1.0,"[""search""]",False,True,3,1.0,[3],1,0.3333333333333333,[3],[3],"[1,2,3]",1.0,"[1,2,3]","[1,2,3]",1.0,Run 2::agentmemorybench:fact-mh-262k:context-0/factconsolidation_mh_262k_no20,True,True,False
Run 2,agentmemorybench:fact-mh-262k:context-0/factconsolidation_mh_262k_no20,13,15,0.8666666666666667,1.0,3.1250000558793545,1.0,"[""search""]",False,True,3,1.0,[],0,0.0,[],[],"[1,2,3]",1.0,"[1,2,3]","[1,2,3]",1.0,Run 2::agentmemorybench:fact-mh-262k:context-0/factconsolidation_mh_262k_no20,True,True,False
Run 2,agentmemorybench:fact-mh-262k:context-0/factconsolidation_mh_262k_no20,14,15,0.9333333333333332,1.0,1.7499999776482582,0.806930693069307,[],False,True,3,1.0,[],0,0.0,[],[],"[1,2,3]",1.0,"[1,2,3]","[1,2,3]",1.0,Run 2::agentmemorybench:fact-mh-262k:context-0/factconsolidation_mh_262k_no20,True,True,False
Run 2,agentmemorybench:fact-mh-262k:context-0/factconsolidation_mh_262k_no20,15,15,1.0,1.0,-0.6249999850988388,0.9207920792079208,"[""finish""]",False,True,3,1.0,[],0,0.0,[],[],"[1,2,3]",1.0,"[1,2,3]","[1,2,3]",1.0,Run 2::agentmemorybench:fact-mh-262k:context-0/factconsolidation_mh_262k_no20,False,True,True
Run 2,agentmemorybench:fact-mh-262k:context-0/factconsolidation_mh_262k_no21,1,8,0.125,0.0,-4.375000074505806,0.7920792079207921,"[""search""]",True,False,2,0.0,[],0,0.0,[],[],[],0.0,[],[],0.0,Run 2::agentmemorybench:fact-mh-262k:context-0/factconsolidation_mh_262k_no21,False,True,False
Run 2,agentmemorybench:fact-mh-262k:context-0/factconsolidation_mh_262k_no21,2,8,0.25,0.0,2.8749999180436134,1.0,"[""read""]",True,False,2,0.0,[1],1,0.5,[],[1],[1],0.5,[1],[1],0.5,Run 2::agentmemorybench:fact-mh-262k:context-0/factconsolidation_mh_262k_no21,True,True,False
Run 2,agentmemorybench:fact-mh-262k:context-0/factconsolidation_mh_262k_no21,3,8,0.375,1.0,6.625000049592927,1.0,"[""search""]",True,False,2,1.0,"[1,2]",2,1.0,"[1,2]","[1,2]","[1,2]",1.0,"[1,2]","[1,2]",1.0,Run 2::agentmemorybench:fact-mh-262k:context-0/factconsolidation_mh_262k_no21,True,True,False
Run 2,agentmemorybench:fact-mh-262k:context-0/factconsolidation_mh_262k_no21,4,8,0.5,1.0,2.125000074505806,0.7425742574257426,"[""search""]",True,False,2,1.0,[],0,0.0,[],[],"[1,2]",1.0,"[1,2]","[1,2]",1.0,Run 2::agentmemorybench:fact-mh-262k:context-0/factconsolidation_mh_262k_no21,True,True,False
Run 2,agentmemorybench:fact-mh-262k:context-0/factconsolidation_mh_262k_no21,5,8,0.625,1.0,3.624999882653355,0.9752475247524752,"[""read""]",True,False,2,1.0,[],0,0.0,[],[],"[1,2]",1.0,"[1,2]","[1,2]",1.0,Run 2::agentmemorybench:fact-mh-262k:context-0/factconsolidation_mh_262k_no21,True,True,False
Run 2,agentmemorybench:fact-mh-262k:context-0/factconsolidation_mh_262k_no21,6,8,0.75,1.0,6.99999994027894,1.0,"[""search""]",True,False,2,1.0,"[1,2]",2,1.0,"[1,2]","[1,2]","[1,2]",1.0,"[1,2]","[1,2]",1.0,Run 2::agentmemorybench:fact-mh-262k:context-0/factconsolidation_mh_262k_no21,True,True,False
Run 2,agentmemorybench:fact-mh-262k:context-0/factconsolidation_mh_262k_no21,7,8,0.875,1.0,5.062499940395355,0.9306930693069306,"[""read""]",True,False,2,1.0,[],0,0.0,[],[],"[1,2]",1.0,"[1,2]","[1,2]",1.0,Run 2::agentmemorybench:fact-mh-262k:context-0/factconsolidation_mh_262k_no21,True,True,False
Run 2,agentmemorybench:fact-mh-262k:context-0/factconsolidation_mh_262k_no21,8,8,1.0,1.0,4.4999999878928065,0.9752475247524752,"[""finish""]",True,False,2,1.0,[],0,0.0,[],[],"[1,2]",1.0,"[1,2]","[1,2]",1.0,Run 2::agentmemorybench:fact-mh-262k:context-0/factconsolidation_mh_262k_no21,True,True,True
Run 2,agentmemorybench:fact-mh-262k:context-0/factconsolidation_mh_262k_no22,1,3,0.3333333333333333,0.0,-4.624999992549419,0.7970297029702971,"[""search""]",False,False,3,0.0,[],0,0.0,[],[],[],0.0,[],[],0.0,Run 2::agentmemorybench:fact-mh-262k:context-0/factconsolidation_mh_262k_no22,False,True,False
Run 2,agentmemorybench:fact-mh-262k:context-0/factconsolidation_mh_262k_no22,2,3,0.6666666666666666,0.0,2.000000089406967,1.0,"[""read""]",False,False,3,0.0,[1],1,0.3333333333333333,[],[1],[1],0.3333333333333333,[1],[1],0.3333333333333333,Run 2::agentmemorybench:fact-mh-262k:context-0/factconsolidation_mh_262k_no22,True,True,False
Run 2,agentmemorybench:fact-mh-262k:context-0/factconsolidation_mh_262k_no22,3,3,1.0,0.3333333333333333,4.937499874504283,1.0,"[""finish""]",False,False,3,0.3333333333333333,[1],1,0.3333333333333333,[1],[1],[1],0.3333333333333333,[1],[1],0.3333333333333333,Run 2::agentmemorybench:fact-mh-262k:context-0/factconsolidation_mh_262k_no22,True,True,True
Run 2,agentmemorybench:fact-mh-262k:context-0/factconsolidation_mh_262k_no23,1,5,0.2,0.0,-4.374999818392098,0.9207920792079208,"[""search""]",True,False,2,0.0,[],0,0.0,[],[],[],0.0,[],[],0.0,Run 2::agentmemorybench:fact-mh-262k:context-0/factconsolidation_mh_262k_no23,False,True,False
Run 2,agentmemorybench:fact-mh-262k:context-0/factconsolidation_mh_262k_no23,2,5,0.4,0.0,1.4999999552965164,1.0,"[""read""]",True,False,2,0.0,[1],1,0.5,[],[1],[1],0.5,[1],[1],0.5,Run 2::agentmemorybench:fact-mh-262k:context-0/factconsolidation_mh_262k_no23,True,True,False
Run 2,agentmemorybench:fact-mh-262k:context-0/factconsolidation_mh_262k_no23,3,5,0.6,0.5,3.0625000298023224,1.0,"[""search""]",True,False,2,0.5,[1],1,0.5,[1],[1],[1],0.5,[1],[1],0.5,Run 2::agentmemorybench:fact-mh-262k:context-0/factconsolidation_mh_262k_no23,True,True,False
Run 2,agentmemorybench:fact-mh-262k:context-0/factconsolidation_mh_262k_no23,4,5,0.8,0.5,3.062500001862645,1.0,"[""read""]",True,False,2,0.5,[2],1,0.5,[],[2],"[1,2]",1.0,"[1,2]","[1,2]",1.0,Run 2::agentmemorybench:fact-mh-262k:context-0/factconsolidation_mh_262k_no23,True,True,False
Run 2,agentmemorybench:fact-mh-262k:context-0/factconsolidation_mh_262k_no23,5,5,1.0,1.0,7.062500073661795,1.0,"[""finish""]",True,False,2,1.0,[2],1,0.5,[2],[2],"[1,2]",1.0,"[1,2]","[1,2]",1.0,Run 2::agentmemorybench:fact-mh-262k:context-0/factconsolidation_mh_262k_no23,True,True,True
Run 2,agentmemorybench:fact-mh-262k:context-0/factconsolidation_mh_262k_no24,1,5,0.2,0.0,-3.1249999590218067,0.8514851485148516,"[""search""]",True,False,2,0.0,[],0,0.0,[],[],[],0.0,[],[],0.0,Run 2::agentmemorybench:fact-mh-262k:context-0/factconsolidation_mh_262k_no24,False,True,False
Run 2,agentmemorybench:fact-mh-262k:context-0/factconsolidation_mh_262k_no24,2,5,0.4,0.0,3.500000085681677,1.0,"[""read""]",True,False,2,0.0,[1],1,0.5,[],[1],[1],0.5,[1],[1],0.5,Run 2::agentmemorybench:fact-mh-262k:context-0/factconsolidation_mh_262k_no24,True,True,False
Run 2,agentmemorybench:fact-mh-262k:context-0/factconsolidation_mh_262k_no24,3,5,0.6,0.5,7.062500014726538,1.0,"[""search""]",True,False,2,0.5,[1],1,0.5,[1],[1],[1],0.5,[1],[1],0.5,Run 2::agentmemorybench:fact-mh-262k:context-0/factconsolidation_mh_262k_no24,True,True,False
Run 2,agentmemorybench:fact-mh-262k:context-0/factconsolidation_mh_262k_no24,4,5,0.8,0.5,4.374999820254743,0.9603960396039604,"[""read""]",True,False,2,0.5,[2],1,0.5,[],[2],"[1,2]",1.0,"[1,2]","[1,2]",1.0,Run 2::agentmemorybench:fact-mh-262k:context-0/factconsolidation_mh_262k_no24,True,True,False
Run 2,agentmemorybench:fact-mh-262k:context-0/factconsolidation_mh_262k_no24,5,5,1.0,1.0,5.750000062980689,0.7722772277227723,"[""finish""]",True,False,2,1.0,[2],1,0.5,[2],[2],"[1,2]",1.0,"[1,2]","[1,2]",1.0,Run 2::agentmemorybench:fact-mh-262k:context-0/factconsolidation_mh_262k_no24,True,True,True
Run 2,agentmemorybench:fact-mh-262k:context-0/factconsolidation_mh_262k_no25,1,6,0.1666666666666666,0.0,-3.7500000800937414,0.905940594059406,"[""search""]",False,True,4,0.0,[],0,0.0,[],[],[],0.0,[],[],0.0,Run 2::agentmemorybench:fact-mh-262k:context-0/factconsolidation_mh_262k_no25,False,True,False
Run 2,agentmemorybench:fact-mh-262k:context-0/factconsolidation_mh_262k_no25,2,6,0.3333333333333333,0.0,-1.125,0.32178217821782173,"[""read""]",False,True,4,0.0,[1],1,0.25,[],[1],[1],0.25,[1],[1],0.25,Run 2::agentmemorybench:fact-mh-262k:context-0/factconsolidation_mh_262k_no25,False,False,False
Run 2,agentmemorybench:fact-mh-262k:context-0/factconsolidation_mh_262k_no25,3,6,0.5,0.25,1.3750000596046448,1.0,"[""search""]",False,True,4,0.25,[1],1,0.25,[1],[1],[1],0.25,[1],[1],0.25,Run 2::agentmemorybench:fact-mh-262k:context-0/factconsolidation_mh_262k_no25,True,True,False
Run 2,agentmemorybench:fact-mh-262k:context-0/factconsolidation_mh_262k_no25,4,6,0.6666666666666666,0.25,-0.25,0.9900990099009901,"[""search""]",False,True,4,0.25,[],0,0.0,[],[],[1],0.25,[1],[1],0.25,Run 2::agentmemorybench:fact-mh-262k:context-0/factconsolidation_mh_262k_no25,False,True,False
Run 2,agentmemorybench:fact-mh-262k:context-0/factconsolidation_mh_262k_no25,5,6,0.8333333333333334,0.25,2.4375,0.9851485148514851,"[""read""]",False,True,4,0.25,[],0,0.0,[],[],[1],0.25,[1],[1],0.25,Run 2::agentmemorybench:fact-mh-262k:context-0/factconsolidation_mh_262k_no25,True,True,False
Run 2,agentmemorybench:fact-mh-262k:context-0/factconsolidation_mh_262k_no25,6,6,1.0,0.25,6.375000143889338,1.0,"[""finish""]",False,True,4,0.25,[],0,0.0,[],[],[1],0.25,[1],[1],0.25,Run 2::agentmemorybench:fact-mh-262k:context-0/factconsolidation_mh_262k_no25,True,True,True
Run 2,agentmemorybench:fact-mh-262k:context-0/factconsolidation_mh_262k_no26,1,3,0.3333333333333333,0.0,-4.500000196509063,0.9405940594059404,"[""search""]",True,False,2,0.0,[],0,0.0,[],[],[],0.0,[],[],0.0,Run 2::agentmemorybench:fact-mh-262k:context-0/factconsolidation_mh_262k_no26,False,True,False
Run 2,agentmemorybench:fact-mh-262k:context-0/factconsolidation_mh_262k_no26,2,3,0.6666666666666666,0.0,1.6250000447034836,1.0,"[""read""]",True,False,2,0.0,"[1,2]",2,1.0,[],"[1,2]","[1,2]",1.0,"[1,2]","[1,2]",1.0,Run 2::agentmemorybench:fact-mh-262k:context-0/factconsolidation_mh_262k_no26,True,True,False
Run 2,agentmemorybench:fact-mh-262k:context-0/factconsolidation_mh_262k_no26,3,3,1.0,1.0,6.999999884195859,1.0,"[""finish""]",True,False,2,1.0,"[1,2]",2,1.0,"[1,2]","[1,2]","[1,2]",1.0,"[1,2]","[1,2]",1.0,Run 2::agentmemorybench:fact-mh-262k:context-0/factconsolidation_mh_262k_no26,True,True,True
Run 2,agentmemorybench:fact-mh-262k:context-0/factconsolidation_mh_262k_no27,1,6,0.1666666666666666,0.0,-4.499999849125743,0.5792079207920792,"[""search""]",False,True,4,0.0,[],0,0.0,[],[],[],0.0,[],[],0.0,Run 2::agentmemorybench:fact-mh-262k:context-0/factconsolidation_mh_262k_no27,False,True,False
Run 2,agentmemorybench:fact-mh-262k:context-0/factconsolidation_mh_262k_no27,2,6,0.3333333333333333,0.0,-1.8124999925494194,0.9257425742574259,"[""search""]",False,True,4,0.0,[1],1,0.25,[],[1],[1],0.25,[1],[1],0.25,Run 2::agentmemorybench:fact-mh-262k:context-0/factconsolidation_mh_262k_no27,False,True,False
Run 2,agentmemorybench:fact-mh-262k:context-0/factconsolidation_mh_262k_no27,3,6,0.5,0.0,0.5,0.9356435643564356,"[""search""]",False,True,4,0.0,[2],1,0.25,[],[2],[2],0.25,"[1,2]","[1,2]",0.5,Run 2::agentmemorybench:fact-mh-262k:context-0/factconsolidation_mh_262k_no27,True,True,False
Run 2,agentmemorybench:fact-mh-262k:context-0/factconsolidation_mh_262k_no27,4,6,0.6666666666666666,0.0,0.625,1.0,"[""search""]",False,True,4,0.0,[],0,0.0,[],[],[],0.0,"[1,2]","[1,2]",0.5,Run 2::agentmemorybench:fact-mh-262k:context-0/factconsolidation_mh_262k_no27,True,True,False
Run 2,agentmemorybench:fact-mh-262k:context-0/factconsolidation_mh_262k_no27,5,6,0.8333333333333334,0.0,1.1875000149011612,0.910891089108911,"[""read""]",False,True,4,0.0,[],0,0.0,[],[],[],0.0,"[1,2]","[1,2]",0.5,Run 2::agentmemorybench:fact-mh-262k:context-0/factconsolidation_mh_262k_no27,True,True,False
Run 2,agentmemorybench:fact-mh-262k:context-0/factconsolidation_mh_262k_no27,6,6,1.0,0.5,7.125000206578989,1.0,"[""finish""]",False,True,4,0.5,"[1,4]",2,0.5,"[1,4]","[1,4]","[1,4]",0.5,"[1,2,4]","[1,2,4]",0.75,Run 2::agentmemorybench:fact-mh-262k:context-0/factconsolidation_mh_262k_no27,True,True,True
Run 2,agentmemorybench:fact-mh-262k:context-0/factconsolidation_mh_262k_no28,1,5,0.2,0.0,-3.625000074505806,0.8861386138613861,"[""search""]",True,False,2,0.0,[],0,0.0,[],[],[],0.0,[],[],0.0,Run 2::agentmemorybench:fact-mh-262k:context-0/factconsolidation_mh_262k_no28,False,True,False
Run 2,agentmemorybench:fact-mh-262k:context-0/factconsolidation_mh_262k_no28,2,5,0.4,0.0,3.1250000409781933,1.0,"[""read""]",True,False,2,0.0,[1],1,0.5,[],[1],[1],0.5,[1],[1],0.5,Run 2::agentmemorybench:fact-mh-262k:context-0/factconsolidation_mh_262k_no28,True,True,False
Run 2,agentmemorybench:fact-mh-262k:context-0/factconsolidation_mh_262k_no28,3,5,0.6,0.5,0.6874999850988388,0.8811881188118812,"[""search""]",True,False,2,0.5,[1],1,0.5,[1],[1],[1],0.5,[1],[1],0.5,Run 2::agentmemorybench:fact-mh-262k:context-0/factconsolidation_mh_262k_no28,True,True,False
Run 2,agentmemorybench:fact-mh-262k:context-0/factconsolidation_mh_262k_no28,4,5,0.8,0.5,3.2500000167638063,0.995049504950495,"[""read""]",True,False,2,0.5,[1],1,0.5,[],[1],[1],0.5,[1],[1],0.5,Run 2::agentmemorybench:fact-mh-262k:context-0/factconsolidation_mh_262k_no28,True,True,False
Run 2,agentmemorybench:fact-mh-262k:context-0/factconsolidation_mh_262k_no28,5,5,1.0,1.0,5.999999916530214,0.995049504950495,"[""finish""]",True,False,2,1.0,[2],1,0.5,[2],[2],"[1,2]",1.0,"[1,2]","[1,2]",1.0,Run 2::agentmemorybench:fact-mh-262k:context-0/factconsolidation_mh_262k_no28,True,True,True
Run 2,agentmemorybench:fact-mh-262k:context-0/factconsolidation_mh_262k_no29,1,5,0.2,0.0,-4.374999913387001,0.8910891089108911,"[""search""]",True,False,2,0.0,[],0,0.0,[],[],[],0.0,[],[],0.0,Run 2::agentmemorybench:fact-mh-262k:context-0/factconsolidation_mh_262k_no29,False,True,False
Run 2,agentmemorybench:fact-mh-262k:context-0/factconsolidation_mh_262k_no29,2,5,0.4,0.0,1.25,0.995049504950495,"[""read""]",True,False,2,0.0,[1],1,0.5,[],[1],[1],0.5,[1],[1],0.5,Run 2::agentmemorybench:fact-mh-262k:context-0/factconsolidation_mh_262k_no29,True,True,False
Run 2,agentmemorybench:fact-mh-262k:context-0/factconsolidation_mh_262k_no29,3,5,0.6,0.5,3.750000067055226,1.0,"[""search""]",True,False,2,0.5,[1],1,0.5,[1],[1],[1],0.5,[1],[1],0.5,Run 2::agentmemorybench:fact-mh-262k:context-0/factconsolidation_mh_262k_no29,True,True,False
Run 2,agentmemorybench:fact-mh-262k:context-0/factconsolidation_mh_262k_no29,4,5,0.8,0.5,3.8125000316649675,1.0,"[""read""]",True,False,2,0.5,[2],1,0.5,[],[2],"[1,2]",1.0,"[1,2]","[1,2]",1.0,Run 2::agentmemorybench:fact-mh-262k:context-0/factconsolidation_mh_262k_no29,True,True,False
Run 2,agentmemorybench:fact-mh-262k:context-0/factconsolidation_mh_262k_no29,5,5,1.0,1.0,7.499999796040356,0.995049504950495,"[""finish""]",True,False,2,1.0,[2],1,0.5,[2],[2],"[1,2]",1.0,"[1,2]","[1,2]",1.0,Run 2::agentmemorybench:fact-mh-262k:context-0/factconsolidation_mh_262k_no29,True,True,True
Run 2,agentmemorybench:fact-mh-262k:context-0/factconsolidation_mh_262k_no3,1,3,0.3333333333333333,0.0,-4.437500113621354,0.8811881188118812,"[""search""]",False,False,2,0.0,[],0,0.0,[],[],[],0.0,[],[],0.0,Run 2::agentmemorybench:fact-mh-262k:context-0/factconsolidation_mh_262k_no3,False,True,False
Run 2,agentmemorybench:fact-mh-262k:context-0/factconsolidation_mh_262k_no3,2,3,0.6666666666666666,0.0,2.7499999813735485,1.0,"[""read""]",False,False,2,0.0,[1],1,0.5,[],[1],[1],0.5,[1],[1],0.5,Run 2::agentmemorybench:fact-mh-262k:context-0/factconsolidation_mh_262k_no3,True,True,False
Run 2,agentmemorybench:fact-mh-262k:context-0/factconsolidation_mh_262k_no3,3,3,1.0,0.5,6.312499936262611,1.0,"[""finish""]",False,False,2,0.5,[1],1,0.5,[1],[1],[1],0.5,[1],[1],0.5,Run 2::agentmemorybench:fact-mh-262k:context-0/factconsolidation_mh_262k_no3,True,True,True
Run 2,agentmemorybench:fact-mh-262k:context-0/factconsolidation_mh_262k_no30,1,5,0.2,0.0,-3.874999994412065,0.9405940594059407,"[""search""]",True,False,2,0.0,[],0,0.0,[],[],[],0.0,[],[],0.0,Run 2::agentmemorybench:fact-mh-262k:context-0/factconsolidation_mh_262k_no30,False,True,False
Run 2,agentmemorybench:fact-mh-262k:context-0/factconsolidation_mh_262k_no30,2,5,0.4,0.0,2.250000037252903,1.0,"[""read""]",True,False,2,0.0,"[1,2]",2,1.0,[],"[1,2]","[1,2]",1.0,"[1,2]","[1,2]",1.0,Run 2::agentmemorybench:fact-mh-262k:context-0/factconsolidation_mh_262k_no30,True,True,False
Run 2,agentmemorybench:fact-mh-262k:context-0/factconsolidation_mh_262k_no30,3,5,0.6,1.0,8.062499816020136,1.0,"[""search""]",True,False,2,1.0,"[1,2]",2,1.0,"[1,2]","[1,2]","[1,2]",1.0,"[1,2]","[1,2]",1.0,Run 2::agentmemorybench:fact-mh-262k:context-0/factconsolidation_mh_262k_no30,True,True,False
Run 2,agentmemorybench:fact-mh-262k:context-0/factconsolidation_mh_262k_no30,4,5,0.8,1.0,7.499999980762368,0.995049504950495,"[""read""]",True,False,2,1.0,"[1,2]",2,1.0,[],"[1,2]","[1,2]",1.0,"[1,2]","[1,2]",1.0,Run 2::agentmemorybench:fact-mh-262k:context-0/factconsolidation_mh_262k_no30,True,True,False
Run 2,agentmemorybench:fact-mh-262k:context-0/factconsolidation_mh_262k_no30,5,5,1.0,1.0,8.93749989054777,1.0,"[""finish""]",True,False,2,1.0,[2],1,0.5,[2],[2],"[1,2]",1.0,"[1,2]","[1,2]",1.0,Run 2::agentmemorybench:fact-mh-262k:context-0/factconsolidation_mh_262k_no30,True,True,True
Run 2,agentmemorybench:fact-mh-262k:context-0/factconsolidation_mh_262k_no31,1,3,0.3333333333333333,0.0,-4.624999821186066,0.8960396039603961,"[""search""]",False,False,2,0.0,[],0,0.0,[],[],[],0.0,[],[],0.0,Run 2::agentmemorybench:fact-mh-262k:context-0/factconsolidation_mh_262k_no31,False,True,False
Run 2,agentmemorybench:fact-mh-262k:context-0/factconsolidation_mh_262k_no31,2,3,0.6666666666666666,0.0,2.749999962747097,1.0,"[""read""]",False,False,2,0.0,[1],1,0.5,[],[1],[1],0.5,[1],[1],0.5,Run 2::agentmemorybench:fact-mh-262k:context-0/factconsolidation_mh_262k_no31,True,True,False
Run 2,agentmemorybench:fact-mh-262k:context-0/factconsolidation_mh_262k_no31,3,3,1.0,0.5,6.874999899853719,1.0,"[""finish""]",False,False,2,0.5,[1],1,0.5,[1],[1],[1],0.5,[1],[1],0.5,Run 2::agentmemorybench:fact-mh-262k:context-0/factconsolidation_mh_262k_no31,True,True,True
Run 2,agentmemorybench:fact-mh-262k:context-0/factconsolidation_mh_262k_no32,1,12,0.0833333333333333,0.0,-3.8749999441206455,0.8118811881188119,"[""search""]",True,False,4,0.0,[],0,0.0,[],[],[],0.0,[],[],0.0,Run 2::agentmemorybench:fact-mh-262k:context-0/factconsolidation_mh_262k_no32,False,True,False
Run 2,agentmemorybench:fact-mh-262k:context-0/factconsolidation_mh_262k_no32,2,12,0.1666666666666666,0.0,-4.499999877996743,0.5396039603960396,"[""search""]",True,False,4,0.0,[2],1,0.25,[],[2],[2],0.25,[2],[2],0.25,Run 2::agentmemorybench:fact-mh-262k:context-0/factconsolidation_mh_262k_no32,False,True,False
Run 2,agentmemorybench:fact-mh-262k:context-0/factconsolidation_mh_262k_no32,3,12,0.25,0.0,-5.750000154832378,0.10396039603960394,"[""read""]",True,False,4,0.0,[],0,0.0,[],[],[],0.0,[2],[2],0.25,Run 2::agentmemorybench:fact-mh-262k:context-0/factconsolidation_mh_262k_no32,False,False,False
Run 2,agentmemorybench:fact-mh-262k:context-0/factconsolidation_mh_262k_no32,4,12,0.3333333333333333,0.0,-1.9999999403953552,0.9207920792079208,"[""search""]",True,False,4,0.0,[],0,0.0,[],[],[],0.0,[2],[2],0.25,Run 2::agentmemorybench:fact-mh-262k:context-0/factconsolidation_mh_262k_no32,False,True,False
Run 2,agentmemorybench:fact-mh-262k:context-0/factconsolidation_mh_262k_no32,5,12,0.4166666666666667,0.0,-2.0625000968575478,0.6336633663366337,"[""search""]",True,False,4,0.0,[],0,0.0,[],[],[],0.0,[2],[2],0.25,Run 2::agentmemorybench:fact-mh-262k:context-0/factconsolidation_mh_262k_no32,False,True,False
Run 2,agentmemorybench:fact-mh-262k:context-0/factconsolidation_mh_262k_no32,6,12,0.5,0.0,0.9374999850988388,1.0,[],True,False,4,0.0,[],0,0.0,[],[],[],0.0,[2],[2],0.25,Run 2::agentmemorybench:fact-mh-262k:context-0/factconsolidation_mh_262k_no32,True,True,False
Run 2,agentmemorybench:fact-mh-262k:context-0/factconsolidation_mh_262k_no32,7,12,0.5833333333333334,0.0,-4.2500001434236765,0.04455445544554455,"[""search""]",True,False,4,0.0,[],0,0.0,[],[],[],0.0,[2],[2],0.25,Run 2::agentmemorybench:fact-mh-262k:context-0/factconsolidation_mh_262k_no32,False,False,False
Run 2,agentmemorybench:fact-mh-262k:context-0/factconsolidation_mh_262k_no32,8,12,0.6666666666666666,0.0,1.3750000447034836,1.0,"[""search""]",True,False,4,0.0,[2],1,0.25,[],[2],[2],0.25,[2],[2],0.25,Run 2::agentmemorybench:fact-mh-262k:context-0/factconsolidation_mh_262k_no32,True,True,False
Run 2,agentmemorybench:fact-mh-262k:context-0/factconsolidation_mh_262k_no32,9,12,0.75,0.0,1.5000000447034836,0.806930693069307,"[""read""]",True,False,4,0.0,[],0,0.0,[],[],[],0.0,[2],[2],0.25,Run 2::agentmemorybench:fact-mh-262k:context-0/factconsolidation_mh_262k_no32,True,True,False
Run 2,agentmemorybench:fact-mh-262k:context-0/factconsolidation_mh_262k_no32,10,12,0.8333333333333334,0.0,0.9375000149011612,0.99009900990099,"[""search""]",True,False,4,0.0,[],0,0.0,[],[],[],0.0,[2],[2],0.25,Run 2::agentmemorybench:fact-mh-262k:context-0/factconsolidation_mh_262k_no32,True,True,False
Run 2,agentmemorybench:fact-mh-262k:context-0/factconsolidation_mh_262k_no32,11,12,0.9166666666666666,0.0,2.000000052154064,1.0,"[""read""]",True,False,4,0.0,[4],1,0.25,[],[4],[4],0.25,"[2,4]","[2,4]",0.5,Run 2::agentmemorybench:fact-mh-262k:context-0/factconsolidation_mh_262k_no32,True,True,False
Run 2,agentmemorybench:fact-mh-262k:context-0/factconsolidation_mh_262k_no32,12,12,1.0,0.0,5.375000098720193,1.0,"[""finish""]",True,False,4,0.0,[4],1,0.25,[4],[4],[4],0.25,"[2,4]","[2,4]",0.5,Run 2::agentmemorybench:fact-mh-262k:context-0/factconsolidation_mh_262k_no32,True,True,True
Run 2,agentmemorybench:fact-mh-262k:context-0/factconsolidation_mh_262k_no33,1,13,0.0769230769230769,0.0,-4.374999783933163,0.8613861386138614,"[""search""]",False,True,3,0.0,[],0,0.0,[],[],[],0.0,[],[],0.0,Run 2::agentmemorybench:fact-mh-262k:context-0/factconsolidation_mh_262k_no33,False,True,False
Run 2,agentmemorybench:fact-mh-262k:context-0/factconsolidation_mh_262k_no33,2,13,0.1538461538461538,0.0,-0.25,1.0,"[""read""]",False,True,3,0.0,[1],1,0.3333333333333333,[],[1],[1],0.3333333333333333,[1],[1],0.3333333333333333,Run 2::agentmemorybench:fact-mh-262k:context-0/factconsolidation_mh_262k_no33,False,True,False
Run 2,agentmemorybench:fact-mh-262k:context-0/factconsolidation_mh_262k_no33,3,13,0.2307692307692307,0.3333333333333333,0.8125,1.0,"[""search""]",False,True,3,0.3333333333333333,[1],1,0.3333333333333333,[1],[1],[1],0.3333333333333333,[1],[1],0.3333333333333333,Run 2::agentmemorybench:fact-mh-262k:context-0/factconsolidation_mh_262k_no33,True,True,False
Run 2,agentmemorybench:fact-mh-262k:context-0/factconsolidation_mh_262k_no33,4,13,0.3076923076923077,0.3333333333333333,0.25,1.0,"[""read""]",False,True,3,0.3333333333333333,[],0,0.0,[],[],[1],0.3333333333333333,[1],[1],0.3333333333333333,Run 2::agentmemorybench:fact-mh-262k:context-0/factconsolidation_mh_262k_no33,True,True,False
Run 2,agentmemorybench:fact-mh-262k:context-0/factconsolidation_mh_262k_no33,5,13,0.3846153846153846,0.3333333333333333,1.6874999850988388,1.0,"[""search""]",False,True,3,0.3333333333333333,[],0,0.0,[],[],[1],0.3333333333333333,[1],[1],0.3333333333333333,Run 2::agentmemorybench:fact-mh-262k:context-0/factconsolidation_mh_262k_no33,True,True,False
Run 2,agentmemorybench:fact-mh-262k:context-0/factconsolidation_mh_262k_no33,6,13,0.4615384615384615,0.3333333333333333,-0.4999999850988388,0.9603960396039604,"[""search""]",False,True,3,0.3333333333333333,[],0,0.0,[],[],[1],0.3333333333333333,[1],[1],0.3333333333333333,Run 2::agentmemorybench:fact-mh-262k:context-0/factconsolidation_mh_262k_no33,False,True,False
Run 2,agentmemorybench:fact-mh-262k:context-0/factconsolidation_mh_262k_no33,7,13,0.5384615384615384,0.3333333333333333,-1.4375000149011612,0.9405940594059405,[],False,True,3,0.3333333333333333,[],0,0.0,[],[],[1],0.3333333333333333,[1],[1],0.3333333333333333,Run 2::agentmemorybench:fact-mh-262k:context-0/factconsolidation_mh_262k_no33,False,True,False
Run 2,agentmemorybench:fact-mh-262k:context-0/factconsolidation_mh_262k_no33,8,13,0.6153846153846154,0.3333333333333333,-0.5,0.2277227722772277,"[""search""]",False,True,3,0.3333333333333333,[],0,0.0,[],[],[1],0.3333333333333333,[1],[1],0.3333333333333333,Run 2::agentmemorybench:fact-mh-262k:context-0/factconsolidation_mh_262k_no33,False,False,False
Run 2,agentmemorybench:fact-mh-262k:context-0/factconsolidation_mh_262k_no33,9,13,0.6923076923076923,0.3333333333333333,-3.1875000447034836,0.7722772277227723,"[""search""]",False,True,3,0.3333333333333333,[],0,0.0,[],[],[1],0.3333333333333333,[1],[1],0.3333333333333333,Run 2::agentmemorybench:fact-mh-262k:context-0/factconsolidation_mh_262k_no33,False,True,False
Run 2,agentmemorybench:fact-mh-262k:context-0/factconsolidation_mh_262k_no33,10,13,0.7692307692307693,0.3333333333333333,-4.749999850988388,0.7623762376237624,"[""search""]",False,True,3,0.3333333333333333,[],0,0.0,[],[],[1],0.3333333333333333,[1],[1],0.3333333333333333,Run 2::agentmemorybench:fact-mh-262k:context-0/factconsolidation_mh_262k_no33,False,True,False
Run 2,agentmemorybench:fact-mh-262k:context-0/factconsolidation_mh_262k_no33,11,13,0.8461538461538461,0.3333333333333333,-4.750000001862645,0.6534653465346535,"[""search""]",False,True,3,0.3333333333333333,[],0,0.0,[],[],[1],0.3333333333333333,[1],[1],0.3333333333333333,Run 2::agentmemorybench:fact-mh-262k:context-0/factconsolidation_mh_262k_no33,False,True,False
Run 2,agentmemorybench:fact-mh-262k:context-0/factconsolidation_mh_262k_no33,12,13,0.9230769230769232,0.3333333333333333,-3.9999999329447746,0.995049504950495,"[""search""]",False,True,3,0.3333333333333333,[],0,0.0,[],[],[1],0.3333333333333333,[1],[1],0.3333333333333333,Run 2::agentmemorybench:fact-mh-262k:context-0/factconsolidation_mh_262k_no33,False,True,False
Run 2,agentmemorybench:fact-mh-262k:context-0/factconsolidation_mh_262k_no33,13,13,1.0,0.3333333333333333,-4.4375001969747245,0.024752475247524747,"[""finish""]",False,True,3,0.3333333333333333,[],0,0.0,[],[],[1],0.3333333333333333,[1],[1],0.3333333333333333,Run 2::agentmemorybench:fact-mh-262k:context-0/factconsolidation_mh_262k_no33,False,False,True
Run 2,agentmemorybench:fact-mh-262k:context-0/factconsolidation_mh_262k_no34,1,9,0.1111111111111111,0.0,-5.2500001126900315,0.7673267326732673,"[""search""]",False,False,3,0.0,[],0,0.0,[],[],[],0.0,[],[],0.0,Run 2::agentmemorybench:fact-mh-262k:context-0/factconsolidation_mh_262k_no34,False,True,False
Run 2,agentmemorybench:fact-mh-262k:context-0/factconsolidation_mh_262k_no34,2,9,0.2222222222222222,0.0,-2.062500074505806,0.8514851485148516,"[""search""]",False,False,3,0.0,[1],1,0.3333333333333333,[],[1],[1],0.3333333333333333,[1],[1],0.3333333333333333,Run 2::agentmemorybench:fact-mh-262k:context-0/factconsolidation_mh_262k_no34,False,True,False
Run 2,agentmemorybench:fact-mh-262k:context-0/factconsolidation_mh_262k_no34,3,9,0.3333333333333333,0.0,-7.312499871390173,1.0,"[""read""]",False,False,3,0.0,[1],1,0.3333333333333333,[],[1],[1],0.3333333333333333,[1],[1],0.3333333333333333,Run 2::agentmemorybench:fact-mh-262k:context-0/factconsolidation_mh_262k_no34,False,True,False
Run 2,agentmemorybench:fact-mh-262k:context-0/factconsolidation_mh_262k_no34,4,9,0.4444444444444444,0.3333333333333333,-6.3749998636194505,0.7079207920792079,"[""search""]",False,False,3,0.3333333333333333,[1],1,0.3333333333333333,[1],[1],[1],0.3333333333333333,[1],[1],0.3333333333333333,Run 2::agentmemorybench:fact-mh-262k:context-0/factconsolidation_mh_262k_no34,False,True,False
Run 2,agentmemorybench:fact-mh-262k:context-0/factconsolidation_mh_262k_no34,5,9,0.5555555555555556,0.3333333333333333,-6.562500124389771,0.7623762376237624,"[""search""]",False,False,3,0.3333333333333333,[],0,0.0,[],[],[1],0.3333333333333333,[1],[1],0.3333333333333333,Run 2::agentmemorybench:fact-mh-262k:context-0/factconsolidation_mh_262k_no34,False,True,False
Run 2,agentmemorybench:fact-mh-262k:context-0/factconsolidation_mh_262k_no34,6,9,0.6666666666666666,0.3333333333333333,-7.750000193016604,0.9702970297029703,"[""search_more""]",False,False,3,0.3333333333333333,[],0,0.0,[],[],[1],0.3333333333333333,[1],[1],0.3333333333333333,Run 2::agentmemorybench:fact-mh-262k:context-0/factconsolidation_mh_262k_no34,False,True,False
Run 2,agentmemorybench:fact-mh-262k:context-0/factconsolidation_mh_262k_no34,7,9,0.7777777777777778,0.3333333333333333,-6.812500020721927,0.9752475247524752,"[""read""]",False,False,3,0.3333333333333333,[],0,0.0,[],[],[1],0.3333333333333333,[1],[1],0.3333333333333333,Run 2::agentmemorybench:fact-mh-262k:context-0/factconsolidation_mh_262k_no34,False,True,False
Run 2,agentmemorybench:fact-mh-262k:context-0/factconsolidation_mh_262k_no34,8,9,0.8888888888888888,0.3333333333333333,-7.875000101223122,0.9554455445544554,"[""search""]",False,False,3,0.3333333333333333,[],0,0.0,[],[],[1],0.3333333333333333,[1],[1],0.3333333333333333,Run 2::agentmemorybench:fact-mh-262k:context-0/factconsolidation_mh_262k_no34,False,True,False
Run 2,agentmemorybench:fact-mh-262k:context-0/factconsolidation_mh_262k_no34,9,9,1.0,0.3333333333333333,-8.687499781030056,0.7277227722772277,"[""finish""]",False,False,3,0.3333333333333333,[],0,0.0,[],[],[1],0.3333333333333333,[1],[1],0.3333333333333333,Run 2::agentmemorybench:fact-mh-262k:context-0/factconsolidation_mh_262k_no34,False,True,True
Run 2,agentmemorybench:fact-mh-262k:context-0/factconsolidation_mh_262k_no35,1,10,0.1,0.0,-4.500000179745257,0.8910891089108911,"[""search""]",False,True,4,0.0,[],0,0.0,[],[],[],0.0,[],[],0.0,Run 2::agentmemorybench:fact-mh-262k:context-0/factconsolidation_mh_262k_no35,False,True,False
Run 2,agentmemorybench:fact-mh-262k:context-0/factconsolidation_mh_262k_no35,2,10,0.2,0.0,1.5624999776482582,0.9356435643564356,"[""read""]",False,True,4,0.0,[1],1,0.25,[],[1],[1],0.25,[1],[1],0.25,Run 2::agentmemorybench:fact-mh-262k:context-0/factconsolidation_mh_262k_no35,True,True,False
Run 2,agentmemorybench:fact-mh-262k:context-0/factconsolidation_mh_262k_no35,3,10,0.3,0.25,0.0,0.995049504950495,"[""search""]",False,True,4,0.25,[1],1,0.25,[1],[1],[1],0.25,[1],[1],0.25,Run 2::agentmemorybench:fact-mh-262k:context-0/factconsolidation_mh_262k_no35,False,True,False
Run 2,agentmemorybench:fact-mh-262k:context-0/factconsolidation_mh_262k_no35,4,10,0.4,0.25,0.6249999850988388,1.0,"[""search""]",False,True,4,0.25,[2],1,0.25,[],[2],"[1,2]",0.5,"[1,2]","[1,2]",0.5,Run 2::agentmemorybench:fact-mh-262k:context-0/factconsolidation_mh_262k_no35,True,True,False
Run 2,agentmemorybench:fact-mh-262k:context-0/factconsolidation_mh_262k_no35,5,10,0.5,0.25,0.8125,1.0,"[""read""]",False,True,4,0.25,"[2,3]",2,0.5,[],"[2,3]","[1,2,3]",0.75,"[1,2,3]","[1,2,3]",0.75,Run 2::agentmemorybench:fact-mh-262k:context-0/factconsolidation_mh_262k_no35,True,True,False
Run 2,agentmemorybench:fact-mh-262k:context-0/factconsolidation_mh_262k_no35,6,10,0.6,0.5,2.0624999329447746,1.0,"[""search""]",False,True,4,0.5,"[2,3]",2,0.5,"[2,3]","[2,3]","[1,2,3]",0.75,"[1,2,3]","[1,2,3]",0.75,Run 2::agentmemorybench:fact-mh-262k:context-0/factconsolidation_mh_262k_no35,True,True,False
Run 2,agentmemorybench:fact-mh-262k:context-0/factconsolidation_mh_262k_no35,7,10,0.7,0.5,3.124999936670065,1.0,"[""read""]",False,True,4,0.5,[4],1,0.25,[],[4],"[1,3,4]",0.75,"[1,2,3,4]","[1,2,3,4]",1.0,Run 2::agentmemorybench:fact-mh-262k:context-0/factconsolidation_mh_262k_no35,True,True,False
Run 2,agentmemorybench:fact-mh-262k:context-0/factconsolidation_mh_262k_no35,8,10,0.8,0.75,3.8124999441206455,1.0,"[""search""]",False,True,4,0.75,[4],1,0.25,[4],[4],"[1,3,4]",0.75,"[1,2,3,4]","[1,2,3,4]",1.0,Run 2::agentmemorybench:fact-mh-262k:context-0/factconsolidation_mh_262k_no35,True,True,False
Run 2,agentmemorybench:fact-mh-262k:context-0/factconsolidation_mh_262k_no35,9,10,0.9,0.75,3.749999978579581,1.0,"[""read""]",False,True,4,0.75,[],0,0.0,[],[],"[1,3,4]",0.75,"[1,2,3,4]","[1,2,3,4]",1.0,Run 2::agentmemorybench:fact-mh-262k:context-0/factconsolidation_mh_262k_no35,True,True,False
Run 2,agentmemorybench:fact-mh-262k:context-0/factconsolidation_mh_262k_no35,10,10,1.0,0.75,4.437499837949872,1.0,"[""finish""]",False,True,4,0.75,[4],1,0.25,[4],[4],"[1,3,4]",0.75,"[1,2,3,4]","[1,2,3,4]",1.0,Run 2::agentmemorybench:fact-mh-262k:context-0/factconsolidation_mh_262k_no35,True,True,True
Run 2,agentmemorybench:fact-mh-262k:context-0/factconsolidation_mh_262k_no36,1,12,0.0833333333333333,0.0,-3.7499999795109034,0.6435643564356436,"[""search""]",False,True,4,0.0,[],0,0.0,[],[],[],0.0,[],[],0.0,Run 2::agentmemorybench:fact-mh-262k:context-0/factconsolidation_mh_262k_no36,False,True,False
Run 2,agentmemorybench:fact-mh-262k:context-0/factconsolidation_mh_262k_no36,2,12,0.1666666666666666,0.0,-0.375,1.0,"[""search""]",False,True,4,0.0,[1],1,0.25,[],[1],[1],0.25,[1],[1],0.25,Run 2::agentmemorybench:fact-mh-262k:context-0/factconsolidation_mh_262k_no36,False,True,False
Run 2,agentmemorybench:fact-mh-262k:context-0/factconsolidation_mh_262k_no36,3,12,0.25,0.0,-3.062499960884452,0.9900990099009901,"[""read""]",False,True,4,0.0,[1],1,0.25,[],[1],[1],0.25,[1],[1],0.25,Run 2::agentmemorybench:fact-mh-262k:context-0/factconsolidation_mh_262k_no36,False,True,False
Run 2,agentmemorybench:fact-mh-262k:context-0/factconsolidation_mh_262k_no36,4,12,0.3333333333333333,0.25,-0.8124999850988388,0.5693069306930694,[],False,True,4,0.25,[1],1,0.25,[1],[1],[1],0.25,[1],[1],0.25,Run 2::agentmemorybench:fact-mh-262k:context-0/factconsolidation_mh_262k_no36,False,True,False
Run 2,agentmemorybench:fact-mh-262k:context-0/factconsolidation_mh_262k_no36,5,12,0.4166666666666667,0.25,0.125,0.7326732673267327,"[""search""]",False,True,4,0.25,[],0,0.0,[],[],[1],0.25,[1],[1],0.25,Run 2::agentmemorybench:fact-mh-262k:context-0/factconsolidation_mh_262k_no36,True,True,False
Run 2,agentmemorybench:fact-mh-262k:context-0/factconsolidation_mh_262k_no36,6,12,0.5,0.25,-2.8750000912696123,0.11386138613861385,"[""search""]",False,True,4,0.25,[],0,0.0,[],[],[1],0.25,[1],[1],0.25,Run 2::agentmemorybench:fact-mh-262k:context-0/factconsolidation_mh_262k_no36,False,False,False
Run 2,agentmemorybench:fact-mh-262k:context-0/factconsolidation_mh_262k_no36,7,12,0.5833333333333334,0.25,-2.9375000037252903,0.8712871287128713,"[""search""]",False,True,4,0.25,[],0,0.0,[],[],[1],0.25,[1],[1],0.25,Run 2::agentmemorybench:fact-mh-262k:context-0/factconsolidation_mh_262k_no36,False,True,False
Run 2,agentmemorybench:fact-mh-262k:context-0/factconsolidation_mh_262k_no36,8,12,0.6666666666666666,0.25,-2.0624999403953552,0.12376237623762376,"[""search""]",False,True,4,0.25,[],0,0.0,[],[],[1],0.25,[1],[1],0.25,Run 2::agentmemorybench:fact-mh-262k:context-0/factconsolidation_mh_262k_no36,False,False,False
Run 2,agentmemorybench:fact-mh-262k:context-0/factconsolidation_mh_262k_no36,9,12,0.75,0.25,-5.062500075669959,0.5841584158415841,"[""search""]",False,True,4,0.25,[],0,0.0,[],[],[1],0.25,[1],[1],0.25,Run 2::agentmemorybench:fact-mh-262k:context-0/factconsolidation_mh_262k_no36,False,True,False
Run 2,agentmemorybench:fact-mh-262k:context-0/factconsolidation_mh_262k_no36,10,12,0.8333333333333334,0.25,-2.1874999701976776,0.806930693069307,"[""search""]",False,True,4,0.25,[],0,0.0,[],[],[1],0.25,[1],[1],0.25,Run 2::agentmemorybench:fact-mh-262k:context-0/factconsolidation_mh_262k_no36,False,True,False
Run 2,agentmemorybench:fact-mh-262k:context-0/factconsolidation_mh_262k_no36,11,12,0.9166666666666666,0.25,-2.749999910593033,0.6584158415841584,"[""search""]",False,True,4,0.25,[],0,0.0,[],[],[1],0.25,[1],[1],0.25,Run 2::agentmemorybench:fact-mh-262k:context-0/factconsolidation_mh_262k_no36,False,True,False
Run 2,agentmemorybench:fact-mh-262k:context-0/factconsolidation_mh_262k_no36,12,12,1.0,0.25,-3.687500043772161,0.5,"[""finish""]",False,True,4,0.25,[],0,0.0,[],[],[1],0.25,[1],[1],0.25,Run 2::agentmemorybench:fact-mh-262k:context-0/factconsolidation_mh_262k_no36,False,False,True
Run 2,agentmemorybench:fact-mh-262k:context-0/factconsolidation_mh_262k_no37,1,4,0.25,0.0,-4.875000061932951,0.7574257425742574,"[""search""]",True,False,2,0.0,[],0,0.0,[],[],[],0.0,[],[],0.0,Run 2::agentmemorybench:fact-mh-262k:context-0/factconsolidation_mh_262k_no37,False,True,False
Run 2,agentmemorybench:fact-mh-262k:context-0/factconsolidation_mh_262k_no37,2,4,0.5,0.0,3.3124999180436134,0.995049504950495,"[""read"",""search""]",True,False,2,0.0,[1],1,0.5,[],[1],[1],0.5,[1],[1],0.5,Run 2::agentmemorybench:fact-mh-262k:context-0/factconsolidation_mh_262k_no37,True,True,False
Run 2,agentmemorybench:fact-mh-262k:context-0/factconsolidation_mh_262k_no37,3,4,0.75,0.5,1.1875000149011612,1.0,"[""read""]",True,False,2,0.5,"[1,2]",2,1.0,[1],"[1,2]","[1,2]",1.0,"[1,2]","[1,2]",1.0,Run 2::agentmemorybench:fact-mh-262k:context-0/factconsolidation_mh_262k_no37,True,True,False
Run 2,agentmemorybench:fact-mh-262k:context-0/factconsolidation_mh_262k_no37,4,4,1.0,1.0,5.874999957741238,1.0,"[""finish""]",True,False,2,1.0,[2],1,0.5,[2],[2],"[1,2]",1.0,"[1,2]","[1,2]",1.0,Run 2::agentmemorybench:fact-mh-262k:context-0/factconsolidation_mh_262k_no37,True,True,True
Run 2,agentmemorybench:fact-mh-262k:context-0/factconsolidation_mh_262k_no38,1,6,0.1666666666666666,0.0,-3.624999993480742,0.886138613861386,"[""search""]",False,False,2,0.0,[],0,0.0,[],[],[],0.0,[],[],0.0,Run 2::agentmemorybench:fact-mh-262k:context-0/factconsolidation_mh_262k_no38,False,True,False
Run 2,agentmemorybench:fact-mh-262k:context-0/factconsolidation_mh_262k_no38,2,6,0.3333333333333333,0.0,-3.9374999860301614,0.0,"[""search""]",False,False,2,0.0,[],0,0.0,[],[],[],0.0,[],[],0.0,Run 2::agentmemorybench:fact-mh-262k:context-0/factconsolidation_mh_262k_no38,False,False,False
Run 2,agentmemorybench:fact-mh-262k:context-0/factconsolidation_mh_262k_no38,3,6,0.5,0.0,2.375,1.0,"[""read""]",False,False,2,0.0,[],0,0.0,[],[],[],0.0,[],[],0.0,Run 2::agentmemorybench:fact-mh-262k:context-0/factconsolidation_mh_262k_no38,True,True,False
Run 2,agentmemorybench:fact-mh-262k:context-0/factconsolidation_mh_262k_no38,4,6,0.6666666666666666,0.5,5.624999987427145,1.0,"[""search""]",False,False,2,0.5,[1],1,0.5,[1],[1],[1],0.5,[1],[1],0.5,Run 2::agentmemorybench:fact-mh-262k:context-0/factconsolidation_mh_262k_no38,True,True,False
Run 2,agentmemorybench:fact-mh-262k:context-0/factconsolidation_mh_262k_no38,5,6,0.8333333333333334,0.5,3.0625000540167093,1.0,"[""read""]",False,False,2,0.5,[2],1,0.5,[],[2],"[1,2]",1.0,"[1,2]","[1,2]",1.0,Run 2::agentmemorybench:fact-mh-262k:context-0/factconsolidation_mh_262k_no38,True,True,False
Run 2,agentmemorybench:fact-mh-262k:context-0/factconsolidation_mh_262k_no38,6,6,1.0,1.0,5.874999953084625,0.9900990099009901,"[""finish""]",False,False,2,1.0,[2],1,0.5,[2],[2],"[1,2]",1.0,"[1,2]","[1,2]",1.0,Run 2::agentmemorybench:fact-mh-262k:context-0/factconsolidation_mh_262k_no38,True,True,True
Run 2,agentmemorybench:fact-mh-262k:context-0/factconsolidation_mh_262k_no39,1,6,0.1666666666666666,0.0,-6.0000000215368345,0.4900990099009901,[],True,False,2,0.0,[],0,0.0,[],[],[],0.0,[],[],0.0,Run 2::agentmemorybench:fact-mh-262k:context-0/factconsolidation_mh_262k_no39,False,False,False
Run 2,agentmemorybench:fact-mh-262k:context-0/factconsolidation_mh_262k_no39,2,6,0.3333333333333333,0.0,-3.3124999161809683,0.910891089108911,"[""search""]",True,False,2,0.0,[],0,0.0,[],[],[],0.0,[],[],0.0,Run 2::agentmemorybench:fact-mh-262k:context-0/factconsolidation_mh_262k_no39,False,True,False
Run 2,agentmemorybench:fact-mh-262k:context-0/factconsolidation_mh_262k_no39,3,6,0.5,0.0,-0.8750000298023224,0.9900990099009901,"[""read""]",True,False,2,0.0,[1],1,0.5,[],[1],[1],0.5,[1],[1],0.5,Run 2::agentmemorybench:fact-mh-262k:context-0/factconsolidation_mh_262k_no39,False,True,False
Run 2,agentmemorybench:fact-mh-262k:context-0/factconsolidation_mh_262k_no39,4,6,0.6666666666666666,0.5,0.1875,0.4851485148514851,"[""search""]",True,False,2,0.5,[1],1,0.5,[1],[1],[1],0.5,[1],[1],0.5,Run 2::agentmemorybench:fact-mh-262k:context-0/factconsolidation_mh_262k_no39,True,False,False
Run 2,agentmemorybench:fact-mh-262k:context-0/factconsolidation_mh_262k_no39,5,6,0.8333333333333334,0.5,2.6250000074505806,0.9851485148514851,"[""read""]",True,False,2,0.5,[2],1,0.5,[],[2],"[1,2]",1.0,"[1,2]","[1,2]",1.0,Run 2::agentmemorybench:fact-mh-262k:context-0/factconsolidation_mh_262k_no39,True,True,False
Run 2,agentmemorybench:fact-mh-262k:context-0/factconsolidation_mh_262k_no39,6,6,1.0,1.0,8.062499812120222,1.0,"[""finish""]",True,False,2,1.0,[2],1,0.5,[2],[2],"[1,2]",1.0,"[1,2]","[1,2]",1.0,Run 2::agentmemorybench:fact-mh-262k:context-0/factconsolidation_mh_262k_no39,True,True,True
Run 2,agentmemorybench:fact-mh-262k:context-0/factconsolidation_mh_262k_no4,1,7,0.1428571428571428,0.0,-4.125000169500709,0.7970297029702971,"[""search""]",False,True,2,0.0,[],0,0.0,[],[],[],0.0,[],[],0.0,Run 2::agentmemorybench:fact-mh-262k:context-0/factconsolidation_mh_262k_no4,False,True,False
Run 2,agentmemorybench:fact-mh-262k:context-0/factconsolidation_mh_262k_no4,2,7,0.2857142857142857,0.0,-1.0,0.6237623762376238,"[""read""]",False,True,2,0.0,[],0,0.0,[],[],[],0.0,[],[],0.0,Run 2::agentmemorybench:fact-mh-262k:context-0/factconsolidation_mh_262k_no4,False,True,False
Run 2,agentmemorybench:fact-mh-262k:context-0/factconsolidation_mh_262k_no4,3,7,0.4285714285714285,0.0,0.3125,0.6584158415841583,"[""search""]",False,True,2,0.0,[],0,0.0,[],[],[],0.0,[],[],0.0,Run 2::agentmemorybench:fact-mh-262k:context-0/factconsolidation_mh_262k_no4,True,True,False
Run 2,agentmemorybench:fact-mh-262k:context-0/factconsolidation_mh_262k_no4,4,7,0.5714285714285714,0.0,-1.9999999776482582,0.9257425742574257,"[""read""]",False,True,2,0.0,[],0,0.0,[],[],[],0.0,[],[],0.0,Run 2::agentmemorybench:fact-mh-262k:context-0/factconsolidation_mh_262k_no4,False,True,False
Run 2,agentmemorybench:fact-mh-262k:context-0/factconsolidation_mh_262k_no4,5,7,0.7142857142857143,0.0,1.0624999850988388,1.0,"[""search""]",False,True,2,0.0,[],0,0.0,[],[],[],0.0,[],[],0.0,Run 2::agentmemorybench:fact-mh-262k:context-0/factconsolidation_mh_262k_no4,True,True,False
Run 2,agentmemorybench:fact-mh-262k:context-0/factconsolidation_mh_262k_no4,6,7,0.8571428571428571,0.0,2.937500013038516,1.0,"[""read""]",False,True,2,0.0,[],0,0.0,[],[],[],0.0,[],[],0.0,Run 2::agentmemorybench:fact-mh-262k:context-0/factconsolidation_mh_262k_no4,True,True,False
Run 2,agentmemorybench:fact-mh-262k:context-0/factconsolidation_mh_262k_no4,7,7,1.0,0.5,4.812500203028321,1.0,"[""finish""]",False,True,2,0.5,[2],1,0.5,[2],[2],[2],0.5,[2],[2],0.5,Run 2::agentmemorybench:fact-mh-262k:context-0/factconsolidation_mh_262k_no4,True,True,True
Run 2,agentmemorybench:fact-mh-262k:context-0/factconsolidation_mh_262k_no40,1,4,0.25,0.0,-3.9374999031424522,0.905940594059406,"[""search""]",True,False,2,0.0,[],0,0.0,[],[],[],0.0,[],[],0.0,Run 2::agentmemorybench:fact-mh-262k:context-0/factconsolidation_mh_262k_no40,False,True,False
Run 2,agentmemorybench:fact-mh-262k:context-0/factconsolidation_mh_262k_no40,2,4,0.5,0.0,2.9374999571591616,1.0,"[""search""]",True,False,2,0.0,[1],1,0.5,[],[1],[1],0.5,[1],[1],0.5,Run 2::agentmemorybench:fact-mh-262k:context-0/factconsolidation_mh_262k_no40,True,True,False
Run 2,agentmemorybench:fact-mh-262k:context-0/factconsolidation_mh_262k_no40,3,4,0.75,0.0,1.8125,0.9851485148514851,"[""read""]",True,False,2,0.0,[2],1,0.5,[],[2],[2],0.5,"[1,2]","[1,2]",1.0,Run 2::agentmemorybench:fact-mh-262k:context-0/factconsolidation_mh_262k_no40,True,True,False
Run 2,agentmemorybench:fact-mh-262k:context-0/factconsolidation_mh_262k_no40,4,4,1.0,1.0,8.874999831175955,1.0,"[""finish""]",True,False,2,1.0,"[1,2]",2,1.0,"[1,2]","[1,2]","[1,2]",1.0,"[1,2]","[1,2]",1.0,Run 2::agentmemorybench:fact-mh-262k:context-0/factconsolidation_mh_262k_no40,True,True,True
Run 2,agentmemorybench:fact-mh-262k:context-0/factconsolidation_mh_262k_no41,1,11,0.0909090909090909,0.0,-3.8750000204890966,0.9257425742574257,"[""search""]",True,False,2,0.0,[],0,0.0,[],[],[],0.0,[],[],0.0,Run 2::agentmemorybench:fact-mh-262k:context-0/factconsolidation_mh_262k_no41,False,True,False
Run 2,agentmemorybench:fact-mh-262k:context-0/factconsolidation_mh_262k_no41,2,11,0.1818181818181818,0.0,0.5625000298023224,0.9851485148514851,"[""read""]",True,False,2,0.0,"[1,2]",2,1.0,[],"[1,2]","[1,2]",1.0,"[1,2]","[1,2]",1.0,Run 2::agentmemorybench:fact-mh-262k:context-0/factconsolidation_mh_262k_no41,True,True,False
Run 2,agentmemorybench:fact-mh-262k:context-0/factconsolidation_mh_262k_no41,3,11,0.2727272727272727,1.0,0.4375,1.0,"[""search""]",True,False,2,1.0,"[1,2]",2,1.0,"[1,2]","[1,2]","[1,2]",1.0,"[1,2]","[1,2]",1.0,Run 2::agentmemorybench:fact-mh-262k:context-0/factconsolidation_mh_262k_no41,True,True,False
Run 2,agentmemorybench:fact-mh-262k:context-0/factconsolidation_mh_262k_no41,4,11,0.3636363636363636,1.0,-1.9375000558793545,0.0792079207920792,"[""search""]",True,False,2,1.0,[1],1,0.5,[],[1],"[1,2]",1.0,"[1,2]","[1,2]",1.0,Run 2::agentmemorybench:fact-mh-262k:context-0/factconsolidation_mh_262k_no41,False,False,False
Run 2,agentmemorybench:fact-mh-262k:context-0/factconsolidation_mh_262k_no41,5,11,0.4545454545454545,1.0,-2.9374999329447746,0.8217821782178218,"[""search""]",True,False,2,1.0,[1],1,0.5,[],[1],"[1,2]",1.0,"[1,2]","[1,2]",1.0,Run 2::agentmemorybench:fact-mh-262k:context-0/factconsolidation_mh_262k_no41,False,True,False
Run 2,agentmemorybench:fact-mh-262k:context-0/factconsolidation_mh_262k_no41,6,11,0.5454545454545454,1.0,-2.4375000037252903,0.99009900990099,"[""search""]",True,False,2,1.0,[1],1,0.5,[],[1],"[1,2]",1.0,"[1,2]","[1,2]",1.0,Run 2::agentmemorybench:fact-mh-262k:context-0/factconsolidation_mh_262k_no41,False,True,False
Run 2,agentmemorybench:fact-mh-262k:context-0/factconsolidation_mh_262k_no41,7,11,0.6363636363636364,1.0,-2.999999960884452,0.905940594059406,"[""search""]",True,False,2,1.0,[1],1,0.5,[],[1],"[1,2]",1.0,"[1,2]","[1,2]",1.0,Run 2::agentmemorybench:fact-mh-262k:context-0/factconsolidation_mh_262k_no41,False,True,False
Run 2,agentmemorybench:fact-mh-262k:context-0/factconsolidation_mh_262k_no41,8,11,0.7272727272727273,1.0,-3.7499999050050974,0.6435643564356435,"[""search""]",True,False,2,1.0,[1],1,0.5,[],[1],"[1,2]",1.0,"[1,2]","[1,2]",1.0,Run 2::agentmemorybench:fact-mh-262k:context-0/factconsolidation_mh_262k_no41,False,True,False
Run 2,agentmemorybench:fact-mh-262k:context-0/factconsolidation_mh_262k_no41,9,11,0.8181818181818182,1.0,-3.5625000409781933,0.8118811881188119,"[""search""]",True,False,2,1.0,[1],1,0.5,[],[1],"[1,2]",1.0,"[1,2]","[1,2]",1.0,Run 2::agentmemorybench:fact-mh-262k:context-0/factconsolidation_mh_262k_no41,False,True,False
Run 2,agentmemorybench:fact-mh-262k:context-0/factconsolidation_mh_262k_no41,10,11,0.9090909090909092,1.0,-3.5624998873099685,0.8960396039603961,"[""search""]",True,False,2,1.0,[1],1,0.5,[],[1],"[1,2]",1.0,"[1,2]","[1,2]",1.0,Run 2::agentmemorybench:fact-mh-262k:context-0/factconsolidation_mh_262k_no41,False,True,False
Run 2,agentmemorybench:fact-mh-262k:context-0/factconsolidation_mh_262k_no41,11,11,1.0,1.0,-1.8749999701976776,0.9504950495049505,"[""finish""]",True,False,2,1.0,[],0,0.0,[],[],"[1,2]",1.0,"[1,2]","[1,2]",1.0,Run 2::agentmemorybench:fact-mh-262k:context-0/factconsolidation_mh_262k_no41,False,True,True
Run 2,agentmemorybench:fact-mh-262k:context-0/factconsolidation_mh_262k_no42,1,6,0.1666666666666666,0.0,-4.624999795109034,0.7623762376237624,"[""search""]",False,True,4,0.0,[],0,0.0,[],[],[],0.0,[],[],0.0,Run 2::agentmemorybench:fact-mh-262k:context-0/factconsolidation_mh_262k_no42,False,True,False
Run 2,agentmemorybench:fact-mh-262k:context-0/factconsolidation_mh_262k_no42,2,6,0.3333333333333333,0.0,0.5000000149011612,0.995049504950495,"[""read""]",False,True,4,0.0,[1],1,0.25,[],[1],[1],0.25,[1],[1],0.25,Run 2::agentmemorybench:fact-mh-262k:context-0/factconsolidation_mh_262k_no42,True,True,False
Run 2,agentmemorybench:fact-mh-262k:context-0/factconsolidation_mh_262k_no42,3,6,0.5,0.25,1.9375000596046448,1.0,"[""search""]",False,True,4,0.25,[1],1,0.25,[1],[1],[1],0.25,[1],[1],0.25,Run 2::agentmemorybench:fact-mh-262k:context-0/factconsolidation_mh_262k_no42,True,True,False
Run 2,agentmemorybench:fact-mh-262k:context-0/factconsolidation_mh_262k_no42,4,6,0.6666666666666666,0.25,1.125,0.9851485148514851,"[""search""]",False,True,4,0.25,[2],1,0.25,[],[2],"[1,2]",0.5,"[1,2]","[1,2]",0.5,Run 2::agentmemorybench:fact-mh-262k:context-0/factconsolidation_mh_262k_no42,True,True,False
Run 2,agentmemorybench:fact-mh-262k:context-0/factconsolidation_mh_262k_no42,5,6,0.8333333333333334,0.25,1.6250000298023224,1.0,"[""read""]",False,True,4,0.25,"[2,3]",2,0.5,[],"[2,3]","[1,2,3]",0.75,"[1,2,3]","[1,2,3]",0.75,Run 2::agentmemorybench:fact-mh-262k:context-0/factconsolidation_mh_262k_no42,True,True,False
Run 2,agentmemorybench:fact-mh-262k:context-0/factconsolidation_mh_262k_no42,6,6,1.0,0.75,3.7500000614672895,1.0,"[""finish""]",False,True,4,0.75,"[2,3,4]",3,0.75,"[2,3,4]","[2,3,4]","[1,2,3,4]",1.0,"[1,2,3,4]","[1,2,3,4]",1.0,Run 2::agentmemorybench:fact-mh-262k:context-0/factconsolidation_mh_262k_no42,True,True,True
Run 2,agentmemorybench:fact-mh-262k:context-0/factconsolidation_mh_262k_no43,1,5,0.2,0.0,-4.125000033527613,0.7871287128712872,"[""search""]",True,False,2,0.0,[],0,0.0,[],[],[],0.0,[],[],0.0,Run 2::agentmemorybench:fact-mh-262k:context-0/factconsolidation_mh_262k_no43,False,True,False
Run 2,agentmemorybench:fact-mh-262k:context-0/factconsolidation_mh_262k_no43,2,5,0.4,0.0,-0.1875,0.9851485148514851,"[""read""]",True,False,2,0.0,[1],1,0.5,[],[1],[1],0.5,[1],[1],0.5,Run 2::agentmemorybench:fact-mh-262k:context-0/factconsolidation_mh_262k_no43,False,True,False
Run 2,agentmemorybench:fact-mh-262k:context-0/factconsolidation_mh_262k_no43,3,5,0.6,0.5,-0.375,0.4752475247524752,"[""search""]",True,False,2,0.5,[1],1,0.5,[1],[1],[1],0.5,[1],[1],0.5,Run 2::agentmemorybench:fact-mh-262k:context-0/factconsolidation_mh_262k_no43,False,False,False
Run 2,agentmemorybench:fact-mh-262k:context-0/factconsolidation_mh_262k_no43,4,5,0.8,0.5,3.5000000689178705,0.995049504950495,"[""read""]",True,False,2,0.5,[2],1,0.5,[],[2],"[1,2]",1.0,"[1,2]","[1,2]",1.0,Run 2::agentmemorybench:fact-mh-262k:context-0/factconsolidation_mh_262k_no43,True,True,False
Run 2,agentmemorybench:fact-mh-262k:context-0/factconsolidation_mh_262k_no43,5,5,1.0,1.0,5.999999950872734,1.0,"[""finish""]",True,False,2,1.0,[2],1,0.5,[2],[2],"[1,2]",1.0,"[1,2]","[1,2]",1.0,Run 2::agentmemorybench:fact-mh-262k:context-0/factconsolidation_mh_262k_no43,True,True,True
Run 2,agentmemorybench:fact-mh-262k:context-0/factconsolidation_mh_262k_no44,1,7,0.1428571428571428,0.0,-3.7500000009313226,0.8712871287128713,"[""search""]",False,False,2,0.0,[],0,0.0,[],[],[],0.0,[],[],0.0,Run 2::agentmemorybench:fact-mh-262k:context-0/factconsolidation_mh_262k_no44,False,True,False
Run 2,agentmemorybench:fact-mh-262k:context-0/factconsolidation_mh_262k_no44,2,7,0.2857142857142857,0.0,2.125,1.0,"[""search""]",False,False,2,0.0,[1],1,0.5,[],[1],[1],0.5,[1],[1],0.5,Run 2::agentmemorybench:fact-mh-262k:context-0/factconsolidation_mh_262k_no44,True,True,False
Run 2,agentmemorybench:fact-mh-262k:context-0/factconsolidation_mh_262k_no44,3,7,0.4285714285714285,0.0,1.4375,0.9653465346534653,"[""read""]",False,False,2,0.0,[2],1,0.5,[],[2],[2],0.5,"[1,2]","[1,2]",1.0,Run 2::agentmemorybench:fact-mh-262k:context-0/factconsolidation_mh_262k_no44,True,True,False
Run 2,agentmemorybench:fact-mh-262k:context-0/factconsolidation_mh_262k_no44,4,7,0.5714285714285714,0.5,4.0624999683350325,1.0,"[""search""]",False,False,2,0.5,[2],1,0.5,[2],[2],[2],0.5,"[1,2]","[1,2]",1.0,Run 2::agentmemorybench:fact-mh-262k:context-0/factconsolidation_mh_262k_no44,True,True,False
Run 2,agentmemorybench:fact-mh-262k:context-0/factconsolidation_mh_262k_no44,5,7,0.7142857142857143,0.5,2.812499964609742,1.0,"[""search""]",False,False,2,0.5,[1],1,0.5,[],[1],"[1,2]",1.0,"[1,2]","[1,2]",1.0,Run 2::agentmemorybench:fact-mh-262k:context-0/factconsolidation_mh_262k_no44,True,True,False
Run 2,agentmemorybench:fact-mh-262k:context-0/factconsolidation_mh_262k_no44,6,7,0.8571428571428571,0.5,1.875000074505806,0.9900990099009901,"[""read""]",False,False,2,0.5,[],0,0.0,[],[],[2],0.5,"[1,2]","[1,2]",1.0,Run 2::agentmemorybench:fact-mh-262k:context-0/factconsolidation_mh_262k_no44,True,True,False
Run 2,agentmemorybench:fact-mh-262k:context-0/factconsolidation_mh_262k_no44,7,7,1.0,1.0,7.562499957566615,1.0,"[""finish""]",False,False,2,1.0,[1],1,0.5,[1],[1],"[1,2]",1.0,"[1,2]","[1,2]",1.0,Run 2::agentmemorybench:fact-mh-262k:context-0/factconsolidation_mh_262k_no44,True,True,True
Run 2,agentmemorybench:fact-mh-262k:context-0/factconsolidation_mh_262k_no45,1,5,0.2,0.0,-4.749999995809048,0.7623762376237624,"[""search""]",True,False,2,0.0,[],0,0.0,[],[],[],0.0,[],[],0.0,Run 2::agentmemorybench:fact-mh-262k:context-0/factconsolidation_mh_262k_no45,False,True,False
Run 2,agentmemorybench:fact-mh-262k:context-0/factconsolidation_mh_262k_no45,2,5,0.4,0.0,0.375,0.9554455445544554,"[""read""]",True,False,2,0.0,[1],1,0.5,[],[1],[1],0.5,[1],[1],0.5,Run 2::agentmemorybench:fact-mh-262k:context-0/factconsolidation_mh_262k_no45,True,True,False
Run 2,agentmemorybench:fact-mh-262k:context-0/factconsolidation_mh_262k_no45,3,5,0.6,0.5,1.6875000223517418,0.9603960396039604,"[""search""]",True,False,2,0.5,[1],1,0.5,[1],[1],[1],0.5,[1],[1],0.5,Run 2::agentmemorybench:fact-mh-262k:context-0/factconsolidation_mh_262k_no45,True,True,False
Run 2,agentmemorybench:fact-mh-262k:context-0/factconsolidation_mh_262k_no45,4,5,0.8,0.5,3.187499964609742,0.99009900990099,"[""read""]",True,False,2,0.5,[2],1,0.5,[],[2],"[1,2]",1.0,"[1,2]","[1,2]",1.0,Run 2::agentmemorybench:fact-mh-262k:context-0/factconsolidation_mh_262k_no45,True,True,False
Run 2,agentmemorybench:fact-mh-262k:context-0/factconsolidation_mh_262k_no45,5,5,1.0,1.0,6.374999844352715,1.0,"[""finish""]",True,False,2,1.0,[2],1,0.5,[2],[2],"[1,2]",1.0,"[1,2]","[1,2]",1.0,Run 2::agentmemorybench:fact-mh-262k:context-0/factconsolidation_mh_262k_no45,True,True,True
Run 2,agentmemorybench:fact-mh-262k:context-0/factconsolidation_mh_262k_no46,1,4,0.25,0.0,-4.125000054948032,0.9455445544554455,"[""search""]",False,False,2,0.0,[],0,0.0,[],[],[],0.0,[],[],0.0,Run 2::agentmemorybench:fact-mh-262k:context-0/factconsolidation_mh_262k_no46,False,True,False
Run 2,agentmemorybench:fact-mh-262k:context-0/factconsolidation_mh_262k_no46,2,4,0.5,0.0,1.5625000298023224,1.0,"[""search""]",False,False,2,0.0,[],0,0.0,[],[],[],0.0,[],[],0.0,Run 2::agentmemorybench:fact-mh-262k:context-0/factconsolidation_mh_262k_no46,True,True,False
Run 2,agentmemorybench:fact-mh-262k:context-0/factconsolidation_mh_262k_no46,3,4,0.75,0.0,3.187500087544322,1.0,"[""read""]",False,False,2,0.0,[],0,0.0,[],[],[],0.0,[],[],0.0,Run 2::agentmemorybench:fact-mh-262k:context-0/factconsolidation_mh_262k_no46,True,True,False
Run 2,agentmemorybench:fact-mh-262k:context-0/factconsolidation_mh_262k_no46,4,4,1.0,0.0,11.125000000125056,1.0,"[""finish""]",False,False,2,0.0,[],0,0.0,[],[],[],0.0,[],[],0.0,Run 2::agentmemorybench:fact-mh-262k:context-0/factconsolidation_mh_262k_no46,True,True,True
Run 2,agentmemorybench:fact-mh-262k:context-0/factconsolidation_mh_262k_no47,1,10,0.1,0.0,-4.312499983701855,0.7524752475247525,"[""search""]",False,True,4,0.0,[],0,0.0,[],[],[],0.0,[],[],0.0,Run 2::agentmemorybench:fact-mh-262k:context-0/factconsolidation_mh_262k_no47,False,True,False
Run 2,agentmemorybench:fact-mh-262k:context-0/factconsolidation_mh_262k_no47,2,10,0.2,0.0,0.1875,0.9752475247524752,"[""read""]",False,True,4,0.0,[],0,0.0,[],[],[],0.0,[],[],0.0,Run 2::agentmemorybench:fact-mh-262k:context-0/factconsolidation_mh_262k_no47,True,True,False
Run 2,agentmemorybench:fact-mh-262k:context-0/factconsolidation_mh_262k_no47,3,10,0.3,0.25,4.000000056810677,1.0,"[""search""]",False,True,4,0.25,[1],1,0.25,[1],[1],[1],0.25,[1],[1],0.25,Run 2::agentmemorybench:fact-mh-262k:context-0/factconsolidation_mh_262k_no47,True,True,False
Run 2,agentmemorybench:fact-mh-262k:context-0/factconsolidation_mh_262k_no47,4,10,0.4,0.25,1.8124999776482582,0.9851485148514851,"[""read""]",False,True,4,0.25,[],0,0.0,[],[],[1],0.25,[1],[1],0.25,Run 2::agentmemorybench:fact-mh-262k:context-0/factconsolidation_mh_262k_no47,True,True,False
Run 2,agentmemorybench:fact-mh-262k:context-0/factconsolidation_mh_262k_no47,5,10,0.5,0.25,0.25,0.9851485148514851,"[""search""]",False,True,4,0.25,[],0,0.0,[],[],[1],0.25,[1],[1],0.25,Run 2::agentmemorybench:fact-mh-262k:context-0/factconsolidation_mh_262k_no47,True,True,False
Run 2,agentmemorybench:fact-mh-262k:context-0/factconsolidation_mh_262k_no47,6,10,0.6,0.25,-0.8750000596046448,1.0,"[""search""]",False,True,4,0.25,[],0,0.0,[],[],[1],0.25,[1],[1],0.25,Run 2::agentmemorybench:fact-mh-262k:context-0/factconsolidation_mh_262k_no47,False,True,False
Run 2,agentmemorybench:fact-mh-262k:context-0/factconsolidation_mh_262k_no47,7,10,0.7,0.25,-0.875,0.99009900990099,"[""read""]",False,True,4,0.25,[],0,0.0,[],[],[1],0.25,[1],[1],0.25,Run 2::agentmemorybench:fact-mh-262k:context-0/factconsolidation_mh_262k_no47,False,True,False
Run 2,agentmemorybench:fact-mh-262k:context-0/factconsolidation_mh_262k_no47,8,10,0.8,0.25,0.6249999850988388,1.0,"[""search""]",False,True,4,0.25,[],0,0.0,[],[],[1],0.25,[1],[1],0.25,Run 2::agentmemorybench:fact-mh-262k:context-0/factconsolidation_mh_262k_no47,True,True,False
Run 2,agentmemorybench:fact-mh-262k:context-0/factconsolidation_mh_262k_no47,9,10,0.9,0.25,3.375,1.0,"[""read""]",False,True,4,0.25,[],0,0.0,[],[],[1],0.25,[1],[1],0.25,Run 2::agentmemorybench:fact-mh-262k:context-0/factconsolidation_mh_262k_no47,True,True,False
Run 2,agentmemorybench:fact-mh-262k:context-0/factconsolidation_mh_262k_no47,10,10,1.0,0.25,4.250000024680048,0.995049504950495,"[""finish""]",False,True,4,0.25,[],0,0.0,[],[],[1],0.25,[1],[1],0.25,Run 2::agentmemorybench:fact-mh-262k:context-0/factconsolidation_mh_262k_no47,True,True,True
Run 2,agentmemorybench:fact-mh-262k:context-0/factconsolidation_mh_262k_no48,1,8,0.125,0.0,-4.87499985517934,0.8217821782178218,"[""search""]",True,False,4,0.0,[],0,0.0,[],[],[],0.0,[],[],0.0,Run 2::agentmemorybench:fact-mh-262k:context-0/factconsolidation_mh_262k_no48,False,True,False
Run 2,agentmemorybench:fact-mh-262k:context-0/factconsolidation_mh_262k_no48,2,8,0.25,0.0,-5.437500027706847,0.2772277227722772,"[""search""]",True,False,4,0.0,[],0,0.0,[],[],[],0.0,[],[],0.0,Run 2::agentmemorybench:fact-mh-262k:context-0/factconsolidation_mh_262k_no48,False,False,False
Run 2,agentmemorybench:fact-mh-262k:context-0/factconsolidation_mh_262k_no48,3,8,0.375,0.0,0.25,0.9504950495049507,"[""read""]",True,False,4,0.0,[1],1,0.25,[],[1],[1],0.25,[1],[1],0.25,Run 2::agentmemorybench:fact-mh-262k:context-0/factconsolidation_mh_262k_no48,True,True,False
Run 2,agentmemorybench:fact-mh-262k:context-0/factconsolidation_mh_262k_no48,4,8,0.5,0.5,2.6249999962747097,1.0,"[""search""]",True,False,4,0.5,"[1,4]",2,0.5,"[1,4]","[1,4]","[1,4]",0.5,"[1,4]","[1,4]",0.5,Run 2::agentmemorybench:fact-mh-262k:context-0/factconsolidation_mh_262k_no48,True,True,False
Run 2,agentmemorybench:fact-mh-262k:context-0/factconsolidation_mh_262k_no48,5,8,0.625,0.5,2.187499988824129,0.9851485148514851,"[""search""]",True,False,4,0.5,[2],1,0.25,[],[2],"[1,2,4]",0.75,"[1,2,4]","[1,2,4]",0.75,Run 2::agentmemorybench:fact-mh-262k:context-0/factconsolidation_mh_262k_no48,True,True,False
Run 2,agentmemorybench:fact-mh-262k:context-0/factconsolidation_mh_262k_no48,6,8,0.75,0.5,2.3124999590218067,1.0,"[""search""]",True,False,4,0.5,"[2,3]",2,0.5,[],"[2,3]","[1,2,3,4]",1.0,"[1,2,3,4]","[1,2,3,4]",1.0,Run 2::agentmemorybench:fact-mh-262k:context-0/factconsolidation_mh_262k_no48,True,True,False
Run 2,agentmemorybench:fact-mh-262k:context-0/factconsolidation_mh_262k_no48,7,8,0.875,0.5,3.0625000204890966,0.99009900990099,"[""read""]",True,False,4,0.5,[],0,0.0,[],[],"[1,4]",0.5,"[1,2,3,4]","[1,2,3,4]",1.0,Run 2::agentmemorybench:fact-mh-262k:context-0/factconsolidation_mh_262k_no48,True,True,False
Run 2,agentmemorybench:fact-mh-262k:context-0/factconsolidation_mh_262k_no48,8,8,1.0,1.0,5.624999894876964,1.0,"[""finish""]",True,False,4,1.0,"[2,3]",2,0.5,"[2,3]","[2,3]","[1,2,3,4]",1.0,"[1,2,3,4]","[1,2,3,4]",1.0,Run 2::agentmemorybench:fact-mh-262k:context-0/factconsolidation_mh_262k_no48,True,True,True
Run 2,agentmemorybench:fact-mh-262k:context-0/factconsolidation_mh_262k_no49,1,4,0.25,0.0,-4.56249989522621,0.8861386138613861,"[""search""]",True,False,2,0.0,[],0,0.0,[],[],[],0.0,[],[],0.0,Run 2::agentmemorybench:fact-mh-262k:context-0/factconsolidation_mh_262k_no49,False,True,False
Run 2,agentmemorybench:fact-mh-262k:context-0/factconsolidation_mh_262k_no49,2,4,0.5,0.0,1.3124999925494194,0.9900990099009901,"[""search""]",True,False,2,0.0,[1],1,0.5,[],[1],[1],0.5,[1],[1],0.5,Run 2::agentmemorybench:fact-mh-262k:context-0/factconsolidation_mh_262k_no49,True,True,False
Run 2,agentmemorybench:fact-mh-262k:context-0/factconsolidation_mh_262k_no49,3,4,0.75,0.0,1.8124999701976776,1.0,"[""read""]",True,False,2,0.0,"[1,2]",2,1.0,[],"[1,2]","[1,2]",1.0,"[1,2]","[1,2]",1.0,Run 2::agentmemorybench:fact-mh-262k:context-0/factconsolidation_mh_262k_no49,True,True,False
Run 2,agentmemorybench:fact-mh-262k:context-0/factconsolidation_mh_262k_no49,4,4,1.0,1.0,6.4999999204301275,1.0,"[""finish""]",True,False,2,1.0,"[1,2]",2,1.0,"[1,2]","[1,2]","[1,2]",1.0,"[1,2]","[1,2]",1.0,Run 2::agentmemorybench:fact-mh-262k:context-0/factconsolidation_mh_262k_no49,True,True,True
Run 2,agentmemorybench:fact-mh-262k:context-0/factconsolidation_mh_262k_no5,1,5,0.2,0.0,-4.9374999101273715,0.7772277227722773,"[""search""]",False,False,4,0.0,[],0,0.0,[],[],[],0.0,[],[],0.0,Run 2::agentmemorybench:fact-mh-262k:context-0/factconsolidation_mh_262k_no5,False,True,False
Run 2,agentmemorybench:fact-mh-262k:context-0/factconsolidation_mh_262k_no5,2,5,0.4,0.0,0.0625,0.8316831683168318,"[""read""]",False,False,4,0.0,[1],1,0.25,[],[1],[1],0.25,[1],[1],0.25,Run 2::agentmemorybench:fact-mh-262k:context-0/factconsolidation_mh_262k_no5,True,True,False
Run 2,agentmemorybench:fact-mh-262k:context-0/factconsolidation_mh_262k_no5,3,5,0.6,0.25,1.5625,1.0,"[""search""]",False,False,4,0.25,[1],1,0.25,[1],[1],[1],0.25,[1],[1],0.25,Run 2::agentmemorybench:fact-mh-262k:context-0/factconsolidation_mh_262k_no5,True,True,False
Run 2,agentmemorybench:fact-mh-262k:context-0/factconsolidation_mh_262k_no5,4,5,0.8,0.25,0.9375000149011612,1.0,"[""read""]",False,False,4,0.25,[2],1,0.25,[],[2],"[1,2]",0.5,"[1,2]","[1,2]",0.5,Run 2::agentmemorybench:fact-mh-262k:context-0/factconsolidation_mh_262k_no5,True,True,False
Run 2,agentmemorybench:fact-mh-262k:context-0/factconsolidation_mh_262k_no5,5,5,1.0,1.0,5.187499864725396,1.0,"[""finish""]",False,False,4,1.0,"[2,3,4]",3,0.75,"[2,3,4]","[2,3,4]","[1,2,3,4]",1.0,"[1,2,3,4]","[1,2,3,4]",1.0,Run 2::agentmemorybench:fact-mh-262k:context-0/factconsolidation_mh_262k_no5,True,True,True
Run 2,agentmemorybench:fact-mh-262k:context-0/factconsolidation_mh_262k_no50,1,4,0.25,0.0,-4.6249999813735485,0.8514851485148515,"[""search""]",False,False,2,0.0,[],0,0.0,[],[],[],0.0,[],[],0.0,Run 2::agentmemorybench:fact-mh-262k:context-0/factconsolidation_mh_262k_no50,False,True,False
Run 2,agentmemorybench:fact-mh-262k:context-0/factconsolidation_mh_262k_no50,2,4,0.5,0.0,2.4375000037252903,1.0,"[""search""]",False,False,2,0.0,[1],1,0.5,[],[1],[1],0.5,[1],[1],0.5,Run 2::agentmemorybench:fact-mh-262k:context-0/factconsolidation_mh_262k_no50,True,True,False
Run 2,agentmemorybench:fact-mh-262k:context-0/factconsolidation_mh_262k_no50,3,4,0.75,0.0,2.874999962747097,1.0,"[""read""]",False,False,2,0.0,[1],1,0.5,[],[1],[1],0.5,[1],[1],0.5,Run 2::agentmemorybench:fact-mh-262k:context-0/factconsolidation_mh_262k_no50,True,True,False
Run 2,agentmemorybench:fact-mh-262k:context-0/factconsolidation_mh_262k_no50,4,4,1.0,0.5,8.312500328560418,1.0,"[""finish""]",False,False,2,0.5,[1],1,0.5,[1],[1],[1],0.5,[1],[1],0.5,Run 2::agentmemorybench:fact-mh-262k:context-0/factconsolidation_mh_262k_no50,True,True,True
Run 2,agentmemorybench:fact-mh-262k:context-0/factconsolidation_mh_262k_no51,1,6,0.1666666666666666,0.0,-4.374999966006726,0.806930693069307,"[""search""]",True,False,2,0.0,[],0,0.0,[],[],[],0.0,[],[],0.0,Run 2::agentmemorybench:fact-mh-262k:context-0/factconsolidation_mh_262k_no51,False,True,False
Run 2,agentmemorybench:fact-mh-262k:context-0/factconsolidation_mh_262k_no51,2,6,0.3333333333333333,0.0,2.1874999552965164,0.9653465346534654,"[""search""]",True,False,2,0.0,[],0,0.0,[],[],[],0.0,[],[],0.0,Run 2::agentmemorybench:fact-mh-262k:context-0/factconsolidation_mh_262k_no51,True,True,False
Run 2,agentmemorybench:fact-mh-262k:context-0/factconsolidation_mh_262k_no51,3,6,0.5,0.0,3.7499999487772584,1.0,"[""read""]",True,False,2,0.0,[],0,0.0,[],[],[],0.0,[],[],0.0,Run 2::agentmemorybench:fact-mh-262k:context-0/factconsolidation_mh_262k_no51,True,True,False
Run 2,agentmemorybench:fact-mh-262k:context-0/factconsolidation_mh_262k_no51,4,6,0.6666666666666666,0.5,6.062499881722033,1.0,"[""search""]",True,False,2,0.5,[1],1,0.5,[1],[1],[1],0.5,[1],[1],0.5,Run 2::agentmemorybench:fact-mh-262k:context-0/factconsolidation_mh_262k_no51,True,True,False
Run 2,agentmemorybench:fact-mh-262k:context-0/factconsolidation_mh_262k_no51,5,6,0.8333333333333334,0.5,3.187499912455678,1.0,"[""read""]",True,False,2,0.5,[2],1,0.5,[],[2],"[1,2]",1.0,"[1,2]","[1,2]",1.0,Run 2::agentmemorybench:fact-mh-262k:context-0/factconsolidation_mh_262k_no51,True,True,False
Run 2,agentmemorybench:fact-mh-262k:context-0/factconsolidation_mh_262k_no51,6,6,1.0,1.0,6.749999973573722,1.0,"[""finish""]",True,False,2,1.0,[2],1,0.5,[2],[2],"[1,2]",1.0,"[1,2]","[1,2]",1.0,Run 2::agentmemorybench:fact-mh-262k:context-0/factconsolidation_mh_262k_no51,True,True,True
Run 2,agentmemorybench:fact-mh-262k:context-0/factconsolidation_mh_262k_no52,1,7,0.1428571428571428,0.0,-4.687500135973096,0.7376237623762376,"[""search""]",True,False,4,0.0,[],0,0.0,[],[],[],0.0,[],[],0.0,Run 2::agentmemorybench:fact-mh-262k:context-0/factconsolidation_mh_262k_no52,False,True,False
Run 2,agentmemorybench:fact-mh-262k:context-0/factconsolidation_mh_262k_no52,2,7,0.2857142857142857,0.0,0.375,0.9752475247524752,"[""search""]",True,False,4,0.0,[1],1,0.25,[],[1],[1],0.25,[1],[1],0.25,Run 2::agentmemorybench:fact-mh-262k:context-0/factconsolidation_mh_262k_no52,True,True,False
Run 2,agentmemorybench:fact-mh-262k:context-0/factconsolidation_mh_262k_no52,3,7,0.4285714285714285,0.0,0.1875,0.9900990099009901,"[""search""]",True,False,4,0.0,"[1,2]",2,0.5,[],"[1,2]","[1,2]",0.5,"[1,2]","[1,2]",0.5,Run 2::agentmemorybench:fact-mh-262k:context-0/factconsolidation_mh_262k_no52,True,True,False
Run 2,agentmemorybench:fact-mh-262k:context-0/factconsolidation_mh_262k_no52,4,7,0.5714285714285714,0.0,1.125,1.0,"[""read""]",True,False,4,0.0,"[2,3]",2,0.5,[],"[2,3]","[2,3]",0.5,"[1,2,3]","[1,2,3]",0.75,Run 2::agentmemorybench:fact-mh-262k:context-0/factconsolidation_mh_262k_no52,True,True,False
Run 2,agentmemorybench:fact-mh-262k:context-0/factconsolidation_mh_262k_no52,5,7,0.7142857142857143,0.75,3.5000000102445483,1.0,"[""search""]",True,False,4,0.75,"[1,2,3]",3,0.75,"[1,2,3]","[1,2,3]","[1,2,3]",0.75,"[1,2,3]","[1,2,3]",0.75,Run 2::agentmemorybench:fact-mh-262k:context-0/factconsolidation_mh_262k_no52,True,True,False
Run 2,agentmemorybench:fact-mh-262k:context-0/factconsolidation_mh_262k_no52,6,7,0.8571428571428571,0.75,2.8749999571591616,1.0,"[""read""]",True,False,4,0.75,[4],1,0.25,[],[4],"[1,2,3,4]",1.0,"[1,2,3,4]","[1,2,3,4]",1.0,Run 2::agentmemorybench:fact-mh-262k:context-0/factconsolidation_mh_262k_no52,True,True,False
Run 2,agentmemorybench:fact-mh-262k:context-0/factconsolidation_mh_262k_no52,7,7,1.0,1.0,5.187499928288162,0.995049504950495,"[""finish""]",True,False,4,1.0,[4],1,0.25,[4],[4],"[1,2,3,4]",1.0,"[1,2,3,4]","[1,2,3,4]",1.0,Run 2::agentmemorybench:fact-mh-262k:context-0/factconsolidation_mh_262k_no52,True,True,True
Run 2,agentmemorybench:fact-mh-262k:context-0/factconsolidation_mh_262k_no53,1,6,0.1666666666666666,0.0,-5.125000100582838,0.9059405940594061,"[""search""]",False,True,3,0.0,[],0,0.0,[],[],[],0.0,[],[],0.0,Run 2::agentmemorybench:fact-mh-262k:context-0/factconsolidation_mh_262k_no53,False,True,False
Run 2,agentmemorybench:fact-mh-262k:context-0/factconsolidation_mh_262k_no53,2,6,0.3333333333333333,0.0,0.125,1.0,"[""search""]",False,True,3,0.0,[1],1,0.3333333333333333,[],[1],[1],0.3333333333333333,[1],[1],0.3333333333333333,Run 2::agentmemorybench:fact-mh-262k:context-0/factconsolidation_mh_262k_no53,True,True,False
Run 2,agentmemorybench:fact-mh-262k:context-0/factconsolidation_mh_262k_no53,3,6,0.5,0.0,0.6250000149011612,0.9405940594059407,"[""read""]",False,True,3,0.0,[],0,0.0,[],[],[],0.0,[1],[1],0.3333333333333333,Run 2::agentmemorybench:fact-mh-262k:context-0/factconsolidation_mh_262k_no53,True,True,False
Run 2,agentmemorybench:fact-mh-262k:context-0/factconsolidation_mh_262k_no53,4,6,0.6666666666666666,0.3333333333333333,0.125,1.0,"[""search""]",False,True,3,0.3333333333333333,[2],1,0.3333333333333333,[2],[2],[2],0.3333333333333333,"[1,2]","[1,2]",0.6666666666666666,Run 2::agentmemorybench:fact-mh-262k:context-0/factconsolidation_mh_262k_no53,True,True,False
Run 2,agentmemorybench:fact-mh-262k:context-0/factconsolidation_mh_262k_no53,5,6,0.8333333333333334,0.3333333333333333,2.6249999552965164,1.0,"[""read""]",False,True,3,0.3333333333333333,[],0,0.0,[],[],[2],0.3333333333333333,"[1,2]","[1,2]",0.6666666666666666,Run 2::agentmemorybench:fact-mh-262k:context-0/factconsolidation_mh_262k_no53,True,True,False
Run 2,agentmemorybench:fact-mh-262k:context-0/factconsolidation_mh_262k_no53,6,6,1.0,0.3333333333333333,5.624999825959094,1.0,"[""finish""]",False,True,3,0.3333333333333333,[],0,0.0,[],[],[2],0.3333333333333333,"[1,2]","[1,2]",0.6666666666666666,Run 2::agentmemorybench:fact-mh-262k:context-0/factconsolidation_mh_262k_no53,True,True,True
Run 2,agentmemorybench:fact-mh-262k:context-0/factconsolidation_mh_262k_no54,1,6,0.1666666666666666,0.0,-5.062499881954864,0.7178217821782178,"[""search""]",True,False,3,0.0,[],0,0.0,[],[],[],0.0,[],[],0.0,Run 2::agentmemorybench:fact-mh-262k:context-0/factconsolidation_mh_262k_no54,False,True,False
Run 2,agentmemorybench:fact-mh-262k:context-0/factconsolidation_mh_262k_no54,2,6,0.3333333333333333,0.0,1.1874999850988388,0.995049504950495,"[""search""]",True,False,3,0.0,[1],1,0.3333333333333333,[],[1],[1],0.3333333333333333,[1],[1],0.3333333333333333,Run 2::agentmemorybench:fact-mh-262k:context-0/factconsolidation_mh_262k_no54,True,True,False
Run 2,agentmemorybench:fact-mh-262k:context-0/factconsolidation_mh_262k_no54,3,6,0.5,0.0,1.7499999776482582,0.995049504950495,"[""read""]",True,False,3,0.0,[],0,0.0,[],[],[],0.0,[1],[1],0.3333333333333333,Run 2::agentmemorybench:fact-mh-262k:context-0/factconsolidation_mh_262k_no54,True,True,False
Run 2,agentmemorybench:fact-mh-262k:context-0/factconsolidation_mh_262k_no54,4,6,0.6666666666666666,0.6666666666666666,-0.7500000149011612,0.9554455445544554,"[""search""]",True,False,3,0.6666666666666666,"[1,2]",2,0.6666666666666666,"[1,2]","[1,2]","[1,2]",0.6666666666666666,"[1,2]","[1,2]",0.6666666666666666,Run 2::agentmemorybench:fact-mh-262k:context-0/factconsolidation_mh_262k_no54,False,True,False
Run 2,agentmemorybench:fact-mh-262k:context-0/factconsolidation_mh_262k_no54,5,6,0.8333333333333334,0.6666666666666666,2.875000063329935,0.9653465346534653,"[""read""]",True,False,3,0.6666666666666666,[3],1,0.3333333333333333,[],[3],"[1,2,3]",1.0,"[1,2,3]","[1,2,3]",1.0,Run 2::agentmemorybench:fact-mh-262k:context-0/factconsolidation_mh_262k_no54,True,True,False
Run 2,agentmemorybench:fact-mh-262k:context-0/factconsolidation_mh_262k_no54,6,6,1.0,1.0,6.312499935447704,1.0,"[""finish""]",True,False,3,1.0,"[1,3]",2,0.6666666666666666,"[1,3]","[1,3]","[1,2,3]",1.0,"[1,2,3]","[1,2,3]",1.0,Run 2::agentmemorybench:fact-mh-262k:context-0/factconsolidation_mh_262k_no54,True,True,True
Run 2,agentmemorybench:fact-mh-262k:context-0/factconsolidation_mh_262k_no55,1,8,0.125,0.0,-3.749999969266355,0.7871287128712872,"[""search""]",True,False,4,0.0,[],0,0.0,[],[],[],0.0,[],[],0.0,Run 2::agentmemorybench:fact-mh-262k:context-0/factconsolidation_mh_262k_no55,False,True,False
Run 2,agentmemorybench:fact-mh-262k:context-0/factconsolidation_mh_262k_no55,2,8,0.25,0.0,0.125,0.9356435643564356,"[""read""]",True,False,4,0.0,[1],1,0.25,[],[1],[1],0.25,[1],[1],0.25,Run 2::agentmemorybench:fact-mh-262k:context-0/factconsolidation_mh_262k_no55,True,True,False
Run 2,agentmemorybench:fact-mh-262k:context-0/factconsolidation_mh_262k_no55,3,8,0.375,0.25,2.1249998956918716,1.0,"[""search""]",True,False,4,0.25,[1],1,0.25,[1],[1],[1],0.25,[1],[1],0.25,Run 2::agentmemorybench:fact-mh-262k:context-0/factconsolidation_mh_262k_no55,True,True,False
Run 2,agentmemorybench:fact-mh-262k:context-0/factconsolidation_mh_262k_no55,4,8,0.5,0.25,0.4999999850988388,0.99009900990099,"[""read""]",True,False,4,0.25,[2],1,0.25,[],[2],"[1,2]",0.5,"[1,2]","[1,2]",0.5,Run 2::agentmemorybench:fact-mh-262k:context-0/factconsolidation_mh_262k_no55,True,True,False
Run 2,agentmemorybench:fact-mh-262k:context-0/factconsolidation_mh_262k_no55,5,8,0.625,0.75,2.749999912455678,1.0,"[""search""]",True,False,4,0.75,"[2,3]",2,0.5,"[2,3]","[2,3]","[1,2,3]",0.75,"[1,2,3]","[1,2,3]",0.75,Run 2::agentmemorybench:fact-mh-262k:context-0/factconsolidation_mh_262k_no55,True,True,False
Run 2,agentmemorybench:fact-mh-262k:context-0/factconsolidation_mh_262k_no55,6,8,0.75,0.75,2.2499999403953552,0.995049504950495,"[""read""]",True,False,4,0.75,[4],1,0.25,[],[4],"[1,2,3,4]",1.0,"[1,2,3,4]","[1,2,3,4]",1.0,Run 2::agentmemorybench:fact-mh-262k:context-0/factconsolidation_mh_262k_no55,True,True,False
Run 2,agentmemorybench:fact-mh-262k:context-0/factconsolidation_mh_262k_no55,7,8,0.875,1.0,3.437500008381903,0.995049504950495,"[""search""]",True,False,4,1.0,[4],1,0.25,[4],[4],"[1,2,3,4]",1.0,"[1,2,3,4]","[1,2,3,4]",1.0,Run 2::agentmemorybench:fact-mh-262k:context-0/factconsolidation_mh_262k_no55,True,True,False
Run 2,agentmemorybench:fact-mh-262k:context-0/factconsolidation_mh_262k_no55,8,8,1.0,1.0,3.500000001862645,0.9257425742574259,"[""finish""]",True,False,4,1.0,[],0,0.0,[],[],"[1,2,3,4]",1.0,"[1,2,3,4]","[1,2,3,4]",1.0,Run 2::agentmemorybench:fact-mh-262k:context-0/factconsolidation_mh_262k_no55,True,True,True
Run 2,agentmemorybench:fact-mh-262k:context-0/factconsolidation_mh_262k_no56,1,3,0.3333333333333333,0.0,-3.7499999729916453,0.9405940594059404,"[""search""]",False,True,2,0.0,[],0,0.0,[],[],[],0.0,[],[],0.0,Run 2::agentmemorybench:fact-mh-262k:context-0/factconsolidation_mh_262k_no56,False,True,False
Run 2,agentmemorybench:fact-mh-262k:context-0/factconsolidation_mh_262k_no56,2,3,0.6666666666666666,0.0,2.750000039115548,1.0,"[""read""]",False,True,2,0.0,"[1,2]",2,1.0,[],"[1,2]","[1,2]",1.0,"[1,2]","[1,2]",1.0,Run 2::agentmemorybench:fact-mh-262k:context-0/factconsolidation_mh_262k_no56,True,True,False
Run 2,agentmemorybench:fact-mh-262k:context-0/factconsolidation_mh_262k_no56,3,3,1.0,1.0,5.93750011571683,1.0,"[""finish""]",False,True,2,1.0,"[1,2]",2,1.0,"[1,2]","[1,2]","[1,2]",1.0,"[1,2]","[1,2]",1.0,Run 2::agentmemorybench:fact-mh-262k:context-0/factconsolidation_mh_262k_no56,True,True,True
Run 2,agentmemorybench:fact-mh-262k:context-0/factconsolidation_mh_262k_no57,1,14,0.0714285714285714,0.0,-5.812499900232069,0.9306930693069306,"[""search""]",False,True,3,0.0,[],0,0.0,[],[],[],0.0,[],[],0.0,Run 2::agentmemorybench:fact-mh-262k:context-0/factconsolidation_mh_262k_no57,False,True,False
Run 2,agentmemorybench:fact-mh-262k:context-0/factconsolidation_mh_262k_no57,2,14,0.1428571428571428,0.0,-1.437500037252903,0.9653465346534653,"[""search""]",False,True,3,0.0,[1],1,0.3333333333333333,[],[1],[1],0.3333333333333333,[1],[1],0.3333333333333333,Run 2::agentmemorybench:fact-mh-262k:context-0/factconsolidation_mh_262k_no57,False,True,False
Run 2,agentmemorybench:fact-mh-262k:context-0/factconsolidation_mh_262k_no57,3,14,0.2142857142857142,0.0,-0.3125,0.9801980198019802,"[""search""]",False,True,3,0.0,[2],1,0.3333333333333333,[],[2],[2],0.3333333333333333,"[1,2]","[1,2]",0.6666666666666666,Run 2::agentmemorybench:fact-mh-262k:context-0/factconsolidation_mh_262k_no57,False,True,False
Run 2,agentmemorybench:fact-mh-262k:context-0/factconsolidation_mh_262k_no57,4,14,0.2857142857142857,0.0,0.9999999701976776,1.0,"[""read""]",False,True,3,0.0,"[2,3]",2,0.6666666666666666,[],"[2,3]","[2,3]",0.6666666666666666,"[1,2,3]","[1,2,3]",1.0,Run 2::agentmemorybench:fact-mh-262k:context-0/factconsolidation_mh_262k_no57,True,True,False
Run 2,agentmemorybench:fact-mh-262k:context-0/factconsolidation_mh_262k_no57,5,14,0.3571428571428571,0.6666666666666666,4.937499899882823,1.0,"[""search""]",False,True,3,0.6666666666666666,"[2,3]",2,0.6666666666666666,"[2,3]","[2,3]","[2,3]",0.6666666666666666,"[1,2,3]","[1,2,3]",1.0,Run 2::agentmemorybench:fact-mh-262k:context-0/factconsolidation_mh_262k_no57,True,True,False
Run 2,agentmemorybench:fact-mh-262k:context-0/factconsolidation_mh_262k_no57,6,14,0.4285714285714285,0.6666666666666666,0.9999999552965164,0.99009900990099,"[""search""]",False,True,3,0.6666666666666666,[1],1,0.3333333333333333,[],[1],"[1,2,3]",1.0,"[1,2,3]","[1,2,3]",1.0,Run 2::agentmemorybench:fact-mh-262k:context-0/factconsolidation_mh_262k_no57,True,True,False
Run 2,agentmemorybench:fact-mh-262k:context-0/factconsolidation_mh_262k_no57,7,14,0.5,0.6666666666666666,-0.9999999701976776,0.99009900990099,"[""search""]",False,True,3,0.6666666666666666,[],0,0.0,[],[],"[2,3]",0.6666666666666666,"[1,2,3]","[1,2,3]",1.0,Run 2::agentmemorybench:fact-mh-262k:context-0/factconsolidation_mh_262k_no57,False,True,False
Run 2,agentmemorybench:fact-mh-262k:context-0/factconsolidation_mh_262k_no57,8,14,0.5714285714285714,0.6666666666666666,-1.8125,0.8861386138613861,"[""search""]",False,True,3,0.6666666666666666,[],0,0.0,[],[],"[2,3]",0.6666666666666666,"[1,2,3]","[1,2,3]",1.0,Run 2::agentmemorybench:fact-mh-262k:context-0/factconsolidation_mh_262k_no57,False,True,False
Run 2,agentmemorybench:fact-mh-262k:context-0/factconsolidation_mh_262k_no57,9,14,0.6428571428571429,0.6666666666666666,-0.25,1.0,"[""search""]",False,True,3,0.6666666666666666,[1],1,0.3333333333333333,[],[1],"[1,2,3]",1.0,"[1,2,3]","[1,2,3]",1.0,Run 2::agentmemorybench:fact-mh-262k:context-0/factconsolidation_mh_262k_no57,False,True,False
Run 2,agentmemorybench:fact-mh-262k:context-0/factconsolidation_mh_262k_no57,10,14,0.7142857142857143,0.6666666666666666,-2.4999999329447746,0.8762376237623761,"[""read""]",False,True,3,0.6666666666666666,[],0,0.0,[],[],"[2,3]",0.6666666666666666,"[1,2,3]","[1,2,3]",1.0,Run 2::agentmemorybench:fact-mh-262k:context-0/factconsolidation_mh_262k_no57,False,True,False
Run 2,agentmemorybench:fact-mh-262k:context-0/factconsolidation_mh_262k_no57,11,14,0.7857142857142857,1.0,-1.4375000149011612,1.0,"[""search""]",False,True,3,1.0,[1],1,0.3333333333333333,[1],[1],"[1,2,3]",1.0,"[1,2,3]","[1,2,3]",1.0,Run 2::agentmemorybench:fact-mh-262k:context-0/factconsolidation_mh_262k_no57,False,True,False
Run 2,agentmemorybench:fact-mh-262k:context-0/factconsolidation_mh_262k_no57,12,14,0.8571428571428571,1.0,-3.0624999944120646,0.5891089108910891,[],False,True,3,1.0,[],0,0.0,[],[],"[1,2,3]",1.0,"[1,2,3]","[1,2,3]",1.0,Run 2::agentmemorybench:fact-mh-262k:context-0/factconsolidation_mh_262k_no57,False,True,False
Run 2,agentmemorybench:fact-mh-262k:context-0/factconsolidation_mh_262k_no57,13,14,0.9285714285714286,1.0,2.625000024214387,0.9900990099009901,"[""search""]",False,True,3,1.0,[],0,0.0,[],[],"[1,2,3]",1.0,"[1,2,3]","[1,2,3]",1.0,Run 2::agentmemorybench:fact-mh-262k:context-0/factconsolidation_mh_262k_no57,True,True,False
Run 2,agentmemorybench:fact-mh-262k:context-0/factconsolidation_mh_262k_no57,14,14,1.0,1.0,-0.5625000149011612,0.9702970297029703,"[""finish""]",False,True,3,1.0,[],0,0.0,[],[],"[1,2,3]",1.0,"[1,2,3]","[1,2,3]",1.0,Run 2::agentmemorybench:fact-mh-262k:context-0/factconsolidation_mh_262k_no57,False,True,True
Run 2,agentmemorybench:fact-mh-262k:context-0/factconsolidation_mh_262k_no58,1,3,0.3333333333333333,0.0,-3.875000066123903,0.8267326732673268,"[""search""]",False,False,2,0.0,[],0,0.0,[],[],[],0.0,[],[],0.0,Run 2::agentmemorybench:fact-mh-262k:context-0/factconsolidation_mh_262k_no58,False,True,False
Run 2,agentmemorybench:fact-mh-262k:context-0/factconsolidation_mh_262k_no58,2,3,0.6666666666666666,0.0,-2.3750000074505806,1.0,"[""read""]",False,False,2,0.0,[1],1,0.5,[],[1],[1],0.5,[1],[1],0.5,Run 2::agentmemorybench:fact-mh-262k:context-0/factconsolidation_mh_262k_no58,False,True,False
Run 2,agentmemorybench:fact-mh-262k:context-0/factconsolidation_mh_262k_no58,3,3,1.0,0.5,4.812499925261363,1.0,"[""finish""]",False,False,2,0.5,[1],1,0.5,[1],[1],[1],0.5,[1],[1],0.5,Run 2::agentmemorybench:fact-mh-262k:context-0/factconsolidation_mh_262k_no58,True,True,True
Run 2,agentmemorybench:fact-mh-262k:context-0/factconsolidation_mh_262k_no59,1,5,0.2,0.0,-5.625000216765329,0.7524752475247525,"[""search""]",False,False,2,0.0,[],0,0.0,[],[],[],0.0,[],[],0.0,Run 2::agentmemorybench:fact-mh-262k:context-0/factconsolidation_mh_262k_no59,False,True,False
Run 2,agentmemorybench:fact-mh-262k:context-0/factconsolidation_mh_262k_no59,2,5,0.4,0.0,0.125,1.0,"[""read""]",False,False,2,0.0,[1],1,0.5,[],[1],[1],0.5,[1],[1],0.5,Run 2::agentmemorybench:fact-mh-262k:context-0/factconsolidation_mh_262k_no59,True,True,False
Run 2,agentmemorybench:fact-mh-262k:context-0/factconsolidation_mh_262k_no59,3,5,0.6,0.5,0.7500000149011612,0.05445544554455445,"[""search""]",False,False,2,0.5,[1],1,0.5,[1],[1],[1],0.5,[1],[1],0.5,Run 2::agentmemorybench:fact-mh-262k:context-0/factconsolidation_mh_262k_no59,True,False,False
Run 2,agentmemorybench:fact-mh-262k:context-0/factconsolidation_mh_262k_no59,4,5,0.8,0.5,2.8750000335276127,1.0,"[""read""]",False,False,2,0.5,[1],1,0.5,[],[1],[1],0.5,[1],[1],0.5,Run 2::agentmemorybench:fact-mh-262k:context-0/factconsolidation_mh_262k_no59,True,True,False
Run 2,agentmemorybench:fact-mh-262k:context-0/factconsolidation_mh_262k_no59,5,5,1.0,0.5,8.312500269326847,1.0,"[""finish""]",False,False,2,0.5,[],0,0.0,[],[],[1],0.5,[1],[1],0.5,Run 2::agentmemorybench:fact-mh-262k:context-0/factconsolidation_mh_262k_no59,True,True,True
Run 2,agentmemorybench:fact-mh-262k:context-0/factconsolidation_mh_262k_no6,1,3,0.3333333333333333,0.0,-3.437500001862645,0.806930693069307,"[""search""]",False,False,2,0.0,[],0,0.0,[],[],[],0.0,[],[],0.0,Run 2::agentmemorybench:fact-mh-262k:context-0/factconsolidation_mh_262k_no6,False,True,False
Run 2,agentmemorybench:fact-mh-262k:context-0/factconsolidation_mh_262k_no6,2,3,0.6666666666666666,0.0,2.812500076368451,1.0,"[""read""]",False,False,2,0.0,"[1,2]",2,1.0,[],"[1,2]","[1,2]",1.0,"[1,2]","[1,2]",1.0,Run 2::agentmemorybench:fact-mh-262k:context-0/factconsolidation_mh_262k_no6,True,True,False
Run 2,agentmemorybench:fact-mh-262k:context-0/factconsolidation_mh_262k_no6,3,3,1.0,1.0,8.625000314728823,1.0,"[""finish""]",False,False,2,1.0,"[1,2]",2,1.0,"[1,2]","[1,2]","[1,2]",1.0,"[1,2]","[1,2]",1.0,Run 2::agentmemorybench:fact-mh-262k:context-0/factconsolidation_mh_262k_no6,True,True,True
Run 2,agentmemorybench:fact-mh-262k:context-0/factconsolidation_mh_262k_no60,1,5,0.2,0.0,-3.8125000298023224,0.9554455445544554,"[""search""]",True,False,2,0.0,[],0,0.0,[],[],[],0.0,[],[],0.0,Run 2::agentmemorybench:fact-mh-262k:context-0/factconsolidation_mh_262k_no60,False,True,False
Run 2,agentmemorybench:fact-mh-262k:context-0/factconsolidation_mh_262k_no60,2,5,0.4,0.0,2.812499949708581,1.0,"[""read""]",True,False,2,0.0,[1],1,0.5,[],[1],[1],0.5,[1],[1],0.5,Run 2::agentmemorybench:fact-mh-262k:context-0/factconsolidation_mh_262k_no60,True,True,False
Run 2,agentmemorybench:fact-mh-262k:context-0/factconsolidation_mh_262k_no60,3,5,0.6,0.5,1.3125000074505806,0.9257425742574257,"[""search""]",True,False,2,0.5,[1],1,0.5,[1],[1],[1],0.5,[1],[1],0.5,Run 2::agentmemorybench:fact-mh-262k:context-0/factconsolidation_mh_262k_no60,True,True,False
Run 2,agentmemorybench:fact-mh-262k:context-0/factconsolidation_mh_262k_no60,4,5,0.8,0.5,2.5624999552965164,0.995049504950495,"[""read""]",True,False,2,0.5,[2],1,0.5,[],[2],"[1,2]",1.0,"[1,2]","[1,2]",1.0,Run 2::agentmemorybench:fact-mh-262k:context-0/factconsolidation_mh_262k_no60,True,True,False
Run 2,agentmemorybench:fact-mh-262k:context-0/factconsolidation_mh_262k_no60,5,5,1.0,1.0,5.625000179745257,1.0,"[""finish""]",True,False,2,1.0,[2],1,0.5,[2],[2],"[1,2]",1.0,"[1,2]","[1,2]",1.0,Run 2::agentmemorybench:fact-mh-262k:context-0/factconsolidation_mh_262k_no60,True,True,True
Run 2,agentmemorybench:fact-mh-262k:context-0/factconsolidation_mh_262k_no61,1,4,0.25,0.0,-4.875000046798959,0.7277227722772277,"[""search""]",True,False,2,0.0,[],0,0.0,[],[],[],0.0,[],[],0.0,Run 2::agentmemorybench:fact-mh-262k:context-0/factconsolidation_mh_262k_no61,False,True,False
Run 2,agentmemorybench:fact-mh-262k:context-0/factconsolidation_mh_262k_no61,2,4,0.5,0.0,2.0000000819563866,1.0,"[""search""]",True,False,2,0.0,[1],1,0.5,[],[1],[1],0.5,[1],[1],0.5,Run 2::agentmemorybench:fact-mh-262k:context-0/factconsolidation_mh_262k_no61,True,True,False
Run 2,agentmemorybench:fact-mh-262k:context-0/factconsolidation_mh_262k_no61,3,4,0.75,0.0,1.625,1.0,"[""read""]",True,False,2,0.0,"[1,2]",2,1.0,[],"[1,2]","[1,2]",1.0,"[1,2]","[1,2]",1.0,Run 2::agentmemorybench:fact-mh-262k:context-0/factconsolidation_mh_262k_no61,True,True,False
Run 2,agentmemorybench:fact-mh-262k:context-0/factconsolidation_mh_262k_no61,4,4,1.0,1.0,8.687499895429937,1.0,"[""finish""]",True,False,2,1.0,"[1,2]",2,1.0,"[1,2]","[1,2]","[1,2]",1.0,"[1,2]","[1,2]",1.0,Run 2::agentmemorybench:fact-mh-262k:context-0/factconsolidation_mh_262k_no61,True,True,True
Run 2,agentmemorybench:fact-mh-262k:context-0/factconsolidation_mh_262k_no62,1,5,0.2,0.0,-4.375000203959644,0.9752475247524752,"[""search""]",True,False,2,0.0,[],0,0.0,[],[],[],0.0,[],[],0.0,Run 2::agentmemorybench:fact-mh-262k:context-0/factconsolidation_mh_262k_no62,False,True,False
Run 2,agentmemorybench:fact-mh-262k:context-0/factconsolidation_mh_262k_no62,2,5,0.4,0.0,0.875,1.0,"[""read""]",True,False,2,0.0,[1],1,0.5,[],[1],[1],0.5,[1],[1],0.5,Run 2::agentmemorybench:fact-mh-262k:context-0/factconsolidation_mh_262k_no62,True,True,False
Run 2,agentmemorybench:fact-mh-262k:context-0/factconsolidation_mh_262k_no62,3,5,0.6,0.5,2.249999910593033,1.0,"[""search""]",True,False,2,0.5,[1],1,0.5,[1],[1],[1],0.5,[1],[1],0.5,Run 2::agentmemorybench:fact-mh-262k:context-0/factconsolidation_mh_262k_no62,True,True,False
Run 2,agentmemorybench:fact-mh-262k:context-0/factconsolidation_mh_262k_no62,4,5,0.8,0.5,3.4375000027939677,0.995049504950495,"[""read""]",True,False,2,0.5,[2],1,0.5,[],[2],"[1,2]",1.0,"[1,2]","[1,2]",1.0,Run 2::agentmemorybench:fact-mh-262k:context-0/factconsolidation_mh_262k_no62,True,True,False
Run 2,agentmemorybench:fact-mh-262k:context-0/factconsolidation_mh_262k_no62,5,5,1.0,1.0,6.1874998031998985,1.0,"[""finish""]",True,False,2,1.0,[2],1,0.5,[2],[2],"[1,2]",1.0,"[1,2]","[1,2]",1.0,Run 2::agentmemorybench:fact-mh-262k:context-0/factconsolidation_mh_262k_no62,True,True,True
Run 2,agentmemorybench:fact-mh-262k:context-0/factconsolidation_mh_262k_no63,1,9,0.1111111111111111,0.0,-4.187500139232725,0.7871287128712872,"[""search""]",False,True,4,0.0,[],0,0.0,[],[],[],0.0,[],[],0.0,Run 2::agentmemorybench:fact-mh-262k:context-0/factconsolidation_mh_262k_no63,False,True,False
Run 2,agentmemorybench:fact-mh-262k:context-0/factconsolidation_mh_262k_no63,2,9,0.2222222222222222,0.0,-0.1875,1.0,"[""search""]",False,True,4,0.0,[1],1,0.25,[],[1],[1],0.25,[1],[1],0.25,Run 2::agentmemorybench:fact-mh-262k:context-0/factconsolidation_mh_262k_no63,False,True,False
Run 2,agentmemorybench:fact-mh-262k:context-0/factconsolidation_mh_262k_no63,3,9,0.3333333333333333,0.0,-1.937499962747097,0.9851485148514851,"[""read""]",False,True,4,0.0,[2],1,0.25,[],[2],[2],0.25,"[1,2]","[1,2]",0.5,Run 2::agentmemorybench:fact-mh-262k:context-0/factconsolidation_mh_262k_no63,False,True,False
Run 2,agentmemorybench:fact-mh-262k:context-0/factconsolidation_mh_262k_no63,4,9,0.4444444444444444,0.25,2.3749999701976776,1.0,"[""read""]",False,True,4,0.25,[2],1,0.25,[2],[2],[2],0.25,"[1,2]","[1,2]",0.5,Run 2::agentmemorybench:fact-mh-262k:context-0/factconsolidation_mh_262k_no63,True,True,False
Run 2,agentmemorybench:fact-mh-262k:context-0/factconsolidation_mh_262k_no63,5,9,0.5555555555555556,0.5,-0.5625000447034836,0.8465346534653465,"[""search""]",False,True,4,0.5,[1],1,0.25,[1],[1],"[1,2]",0.5,"[1,2]","[1,2]",0.5,Run 2::agentmemorybench:fact-mh-262k:context-0/factconsolidation_mh_262k_no63,False,True,False
Run 2,agentmemorybench:fact-mh-262k:context-0/factconsolidation_mh_262k_no63,6,9,0.6666666666666666,0.5,1.5625000223517418,0.9356435643564356,"[""read""]",False,True,4,0.5,[3],1,0.25,[],[3],"[1,2,3]",0.75,"[1,2,3]","[1,2,3]",0.75,Run 2::agentmemorybench:fact-mh-262k:context-0/factconsolidation_mh_262k_no63,True,True,False
Run 2,agentmemorybench:fact-mh-262k:context-0/factconsolidation_mh_262k_no63,7,9,0.7777777777777778,0.75,-0.4374999850988388,0.7178217821782178,"[""search""]",False,True,4,0.75,[3],1,0.25,[3],[3],"[1,2,3]",0.75,"[1,2,3]","[1,2,3]",0.75,Run 2::agentmemorybench:fact-mh-262k:context-0/factconsolidation_mh_262k_no63,False,True,False
Run 2,agentmemorybench:fact-mh-262k:context-0/factconsolidation_mh_262k_no63,8,9,0.8888888888888888,0.75,0.5625,0.801980198019802,"[""read""]",False,True,4,0.75,[],0,0.0,[],[],"[1,2,3]",0.75,"[1,2,3]","[1,2,3]",0.75,Run 2::agentmemorybench:fact-mh-262k:context-0/factconsolidation_mh_262k_no63,True,True,False
Run 2,agentmemorybench:fact-mh-262k:context-0/factconsolidation_mh_262k_no63,9,9,1.0,0.75,4.4999999506399035,0.995049504950495,"[""finish""]",False,True,4,0.75,"[2,3]",2,0.5,"[2,3]","[2,3]","[1,2,3]",0.75,"[1,2,3]","[1,2,3]",0.75,Run 2::agentmemorybench:fact-mh-262k:context-0/factconsolidation_mh_262k_no63,True,True,True
Run 2,agentmemorybench:fact-mh-262k:context-0/factconsolidation_mh_262k_no64,1,3,0.3333333333333333,0.0,-3.374999910593033,0.8762376237623762,"[""search""]",False,False,2,0.0,[],0,0.0,[],[],[],0.0,[],[],0.0,Run 2::agentmemorybench:fact-mh-262k:context-0/factconsolidation_mh_262k_no64,False,True,False
Run 2,agentmemorybench:fact-mh-262k:context-0/factconsolidation_mh_262k_no64,2,3,0.6666666666666666,0.0,2.937500052154064,0.995049504950495,"[""read""]",False,False,2,0.0,[1],1,0.5,[],[1],[1],0.5,[1],[1],0.5,Run 2::agentmemorybench:fact-mh-262k:context-0/factconsolidation_mh_262k_no64,True,True,False
Run 2,agentmemorybench:fact-mh-262k:context-0/factconsolidation_mh_262k_no64,3,3,1.0,0.5,7.750000036714482,1.0,"[""finish""]",False,False,2,0.5,[1],1,0.5,[1],[1],[1],0.5,[1],[1],0.5,Run 2::agentmemorybench:fact-mh-262k:context-0/factconsolidation_mh_262k_no64,True,True,True
Run 2,agentmemorybench:fact-mh-262k:context-0/factconsolidation_mh_262k_no65,1,3,0.3333333333333333,0.0,-4.000000158324838,0.7722772277227723,"[""search""]",False,False,2,0.0,[],0,0.0,[],[],[],0.0,[],[],0.0,Run 2::agentmemorybench:fact-mh-262k:context-0/factconsolidation_mh_262k_no65,False,True,False
Run 2,agentmemorybench:fact-mh-262k:context-0/factconsolidation_mh_262k_no65,2,3,0.6666666666666666,0.0,0.4375,0.995049504950495,"[""read""]",False,False,2,0.0,[1],1,0.5,[],[1],[1],0.5,[1],[1],0.5,Run 2::agentmemorybench:fact-mh-262k:context-0/factconsolidation_mh_262k_no65,True,True,False
Run 2,agentmemorybench:fact-mh-262k:context-0/factconsolidation_mh_262k_no65,3,3,1.0,0.5,7.687499809675501,1.0,"[""finish""]",False,False,2,0.5,[1],1,0.5,[1],[1],[1],0.5,[1],[1],0.5,Run 2::agentmemorybench:fact-mh-262k:context-0/factconsolidation_mh_262k_no65,True,True,True
Run 2,agentmemorybench:fact-mh-262k:context-0/factconsolidation_mh_262k_no66,1,5,0.2,0.0,-4.249999881256372,0.886138613861386,"[""search""]",True,False,2,0.0,[],0,0.0,[],[],[],0.0,[],[],0.0,Run 2::agentmemorybench:fact-mh-262k:context-0/factconsolidation_mh_262k_no66,False,True,False
Run 2,agentmemorybench:fact-mh-262k:context-0/factconsolidation_mh_262k_no66,2,5,0.4,0.0,2.437499918043613,1.0,"[""read""]",True,False,2,0.0,[1],1,0.5,[],[1],[1],0.5,[1],[1],0.5,Run 2::agentmemorybench:fact-mh-262k:context-0/factconsolidation_mh_262k_no66,True,True,False
Run 2,agentmemorybench:fact-mh-262k:context-0/factconsolidation_mh_262k_no66,3,5,0.6,0.5,3.9999997820705175,1.0,"[""search""]",True,False,2,0.5,[1],1,0.5,[1],[1],[1],0.5,[1],[1],0.5,Run 2::agentmemorybench:fact-mh-262k:context-0/factconsolidation_mh_262k_no66,True,True,False
Run 2,agentmemorybench:fact-mh-262k:context-0/factconsolidation_mh_262k_no66,4,5,0.8,0.5,3.9374999860301614,1.0,"[""read""]",True,False,2,0.5,[2],1,0.5,[],[2],"[1,2]",1.0,"[1,2]","[1,2]",1.0,Run 2::agentmemorybench:fact-mh-262k:context-0/factconsolidation_mh_262k_no66,True,True,False
Run 2,agentmemorybench:fact-mh-262k:context-0/factconsolidation_mh_262k_no66,5,5,1.0,1.0,8.499999902618583,1.0,"[""finish""]",True,False,2,1.0,[2],1,0.5,[2],[2],"[1,2]",1.0,"[1,2]","[1,2]",1.0,Run 2::agentmemorybench:fact-mh-262k:context-0/factconsolidation_mh_262k_no66,True,True,True
Run 2,agentmemorybench:fact-mh-262k:context-0/factconsolidation_mh_262k_no67,1,5,0.2,0.0,-5.125000142492354,0.7029702970297029,"[""search""]",False,False,2,0.0,[],0,0.0,[],[],[],0.0,[],[],0.0,Run 2::agentmemorybench:fact-mh-262k:context-0/factconsolidation_mh_262k_no67,False,True,False
Run 2,agentmemorybench:fact-mh-262k:context-0/factconsolidation_mh_262k_no67,2,5,0.4,0.0,1.5625000447034836,0.995049504950495,"[""read""]",False,False,2,0.0,[1],1,0.5,[],[1],[1],0.5,[1],[1],0.5,Run 2::agentmemorybench:fact-mh-262k:context-0/factconsolidation_mh_262k_no67,True,True,False
Run 2,agentmemorybench:fact-mh-262k:context-0/factconsolidation_mh_262k_no67,3,5,0.6,0.5,0.3125,0.9356435643564356,"[""search""]",False,False,2,0.5,[1],1,0.5,[1],[1],[1],0.5,[1],[1],0.5,Run 2::agentmemorybench:fact-mh-262k:context-0/factconsolidation_mh_262k_no67,True,True,False
Run 2,agentmemorybench:fact-mh-262k:context-0/factconsolidation_mh_262k_no67,4,5,0.8,0.5,2.812500026077032,1.0,"[""read""]",False,False,2,0.5,[2],1,0.5,[],[2],"[1,2]",1.0,"[1,2]","[1,2]",1.0,Run 2::agentmemorybench:fact-mh-262k:context-0/factconsolidation_mh_262k_no67,True,True,False
Run 2,agentmemorybench:fact-mh-262k:context-0/factconsolidation_mh_262k_no67,5,5,1.0,1.0,8.249999796040356,1.0,"[""finish""]",False,False,2,1.0,[2],1,0.5,[2],[2],"[1,2]",1.0,"[1,2]","[1,2]",1.0,Run 2::agentmemorybench:fact-mh-262k:context-0/factconsolidation_mh_262k_no67,True,True,True
Run 2,agentmemorybench:fact-mh-262k:context-0/factconsolidation_mh_262k_no68,1,5,0.2,0.0,-4.187500077765435,0.7821782178217822,"[""search""]",True,False,2,0.0,[],0,0.0,[],[],[],0.0,[],[],0.0,Run 2::agentmemorybench:fact-mh-262k:context-0/factconsolidation_mh_262k_no68,False,True,False
Run 2,agentmemorybench:fact-mh-262k:context-0/factconsolidation_mh_262k_no68,2,5,0.4,0.0,1.25,0.9801980198019802,"[""read""]",True,False,2,0.0,[1],1,0.5,[],[1],[1],0.5,[1],[1],0.5,Run 2::agentmemorybench:fact-mh-262k:context-0/factconsolidation_mh_262k_no68,True,True,False
Run 2,agentmemorybench:fact-mh-262k:context-0/factconsolidation_mh_262k_no68,3,5,0.6,0.5,0.7499999850988388,0.4356435643564356,"[""search""]",True,False,2,0.5,[1],1,0.5,[1],[1],[1],0.5,[1],[1],0.5,Run 2::agentmemorybench:fact-mh-262k:context-0/factconsolidation_mh_262k_no68,True,False,False
Run 2,agentmemorybench:fact-mh-262k:context-0/factconsolidation_mh_262k_no68,4,5,0.8,0.5,3.187500013038516,0.9900990099009901,"[""read""]",True,False,2,0.5,[2],1,0.5,[],[2],"[1,2]",1.0,"[1,2]","[1,2]",1.0,Run 2::agentmemorybench:fact-mh-262k:context-0/factconsolidation_mh_262k_no68,True,True,False
Run 2,agentmemorybench:fact-mh-262k:context-0/factconsolidation_mh_262k_no68,5,5,1.0,1.0,6.750000090687536,1.0,"[""finish""]",True,False,2,1.0,[2],1,0.5,[2],[2],"[1,2]",1.0,"[1,2]","[1,2]",1.0,Run 2::agentmemorybench:fact-mh-262k:context-0/factconsolidation_mh_262k_no68,True,True,True
Run 2,agentmemorybench:fact-mh-262k:context-0/factconsolidation_mh_262k_no69,1,11,0.0909090909090909,0.0,-4.999999911990017,0.7574257425742574,"[""search""]",True,False,4,0.0,[],0,0.0,[],[],[],0.0,[],[],0.0,Run 2::agentmemorybench:fact-mh-262k:context-0/factconsolidation_mh_262k_no69,False,True,False
Run 2,agentmemorybench:fact-mh-262k:context-0/factconsolidation_mh_262k_no69,2,11,0.1818181818181818,0.0,0.1875,0.995049504950495,"[""read""]",True,False,4,0.0,[1],1,0.25,[],[1],[1],0.25,[1],[1],0.25,Run 2::agentmemorybench:fact-mh-262k:context-0/factconsolidation_mh_262k_no69,True,True,False
Run 2,agentmemorybench:fact-mh-262k:context-0/factconsolidation_mh_262k_no69,3,11,0.2727272727272727,0.25,1.25,1.0,"[""search""]",True,False,4,0.25,[1],1,0.25,[1],[1],[1],0.25,[1],[1],0.25,Run 2::agentmemorybench:fact-mh-262k:context-0/factconsolidation_mh_262k_no69,True,True,False
Run 2,agentmemorybench:fact-mh-262k:context-0/factconsolidation_mh_262k_no69,4,11,0.3636363636363636,0.25,0.4375,0.9554455445544554,"[""read""]",True,False,4,0.25,[2],1,0.25,[],[2],"[1,2]",0.5,"[1,2]","[1,2]",0.5,Run 2::agentmemorybench:fact-mh-262k:context-0/factconsolidation_mh_262k_no69,True,True,False
Run 2,agentmemorybench:fact-mh-262k:context-0/factconsolidation_mh_262k_no69,5,11,0.4545454545454545,0.5,0.5000000149011612,1.0,"[""search""]",True,False,4,0.5,[2],1,0.25,[2],[2],"[1,2]",0.5,"[1,2]","[1,2]",0.5,Run 2::agentmemorybench:fact-mh-262k:context-0/factconsolidation_mh_262k_no69,True,True,False
Run 2,agentmemorybench:fact-mh-262k:context-0/factconsolidation_mh_262k_no69,6,11,0.5454545454545454,0.5,2.2500000074505806,1.0,"[""read""]",True,False,4,0.5,[3],1,0.25,[],[3],"[1,2,3]",0.75,"[1,2,3]","[1,2,3]",0.75,Run 2::agentmemorybench:fact-mh-262k:context-0/factconsolidation_mh_262k_no69,True,True,False
Run 2,agentmemorybench:fact-mh-262k:context-0/factconsolidation_mh_262k_no69,7,11,0.6363636363636364,0.75,2.062499985098839,0.995049504950495,"[""search""]",True,False,4,0.75,[3],1,0.25,[3],[3],"[1,2,3]",0.75,"[1,2,3]","[1,2,3]",0.75,Run 2::agentmemorybench:fact-mh-262k:context-0/factconsolidation_mh_262k_no69,True,True,False
Run 2,agentmemorybench:fact-mh-262k:context-0/factconsolidation_mh_262k_no69,8,11,0.7272727272727273,0.75,3.4375000754371285,1.0,"[""read""]",True,False,4,0.75,[4],1,0.25,[],[4],"[1,2,3,4]",1.0,"[1,2,3,4]","[1,2,3,4]",1.0,Run 2::agentmemorybench:fact-mh-262k:context-0/factconsolidation_mh_262k_no69,True,True,False
Run 2,agentmemorybench:fact-mh-262k:context-0/factconsolidation_mh_262k_no69,9,11,0.8181818181818182,1.0,4.499999866820872,1.0,"[""search""]",True,False,4,1.0,[4],1,0.25,[4],[4],"[1,2,3,4]",1.0,"[1,2,3,4]","[1,2,3,4]",1.0,Run 2::agentmemorybench:fact-mh-262k:context-0/factconsolidation_mh_262k_no69,True,True,False
Run 2,agentmemorybench:fact-mh-262k:context-0/factconsolidation_mh_262k_no69,10,11,0.9090909090909092,1.0,5.8124999849824235,0.9900990099009901,"[""search""]",True,False,4,1.0,[],0,0.0,[],[],"[1,2,3,4]",1.0,"[1,2,3,4]","[1,2,3,4]",1.0,Run 2::agentmemorybench:fact-mh-262k:context-0/factconsolidation_mh_262k_no69,True,True,False
Run 2,agentmemorybench:fact-mh-262k:context-0/factconsolidation_mh_262k_no69,11,11,1.0,1.0,5.312499933876097,1.0,"[""finish""]",True,False,4,1.0,[],0,0.0,[],[],"[1,2,3,4]",1.0,"[1,2,3,4]","[1,2,3,4]",1.0,Run 2::agentmemorybench:fact-mh-262k:context-0/factconsolidation_mh_262k_no69,True,True,True
Run 2,agentmemorybench:fact-mh-262k:context-0/factconsolidation_mh_262k_no7,1,22,0.0454545454545454,0.0,-4.499999982304871,0.8267326732673268,"[""search""]",False,False,4,0.0,[],0,0.0,[],[],[],0.0,[],[],0.0,Run 2::agentmemorybench:fact-mh-262k:context-0/factconsolidation_mh_262k_no7,False,True,False
Run 2,agentmemorybench:fact-mh-262k:context-0/factconsolidation_mh_262k_no7,2,22,0.0909090909090909,0.0,-4.625000042375177,0.20297029702970296,"[""search""]",False,False,4,0.0,[],0,0.0,[],[],[],0.0,[],[],0.0,Run 2::agentmemorybench:fact-mh-262k:context-0/factconsolidation_mh_262k_no7,False,False,False
Run 2,agentmemorybench:fact-mh-262k:context-0/factconsolidation_mh_262k_no7,3,22,0.1363636363636363,0.0,-4.625000056345016,0.7920792079207921,"[""read""]",False,False,4,0.0,[1],1,0.25,[],[1],[1],0.25,[1],[1],0.25,Run 2::agentmemorybench:fact-mh-262k:context-0/factconsolidation_mh_262k_no7,False,True,False
Run 2,agentmemorybench:fact-mh-262k:context-0/factconsolidation_mh_262k_no7,4,22,0.1818181818181818,0.5,1.8750000819563866,1.0,"[""search""]",False,False,4,0.5,"[1,2]",2,0.5,"[1,2]","[1,2]","[1,2]",0.5,"[1,2]","[1,2]",0.5,Run 2::agentmemorybench:fact-mh-262k:context-0/factconsolidation_mh_262k_no7,True,True,False
Run 2,agentmemorybench:fact-mh-262k:context-0/factconsolidation_mh_262k_no7,5,22,0.2272727272727272,0.5,2.3125001080334187,0.9851485148514851,"[""read""]",False,False,4,0.5,[],0,0.0,[],[],"[1,2]",0.5,"[1,2]","[1,2]",0.5,Run 2::agentmemorybench:fact-mh-262k:context-0/factconsolidation_mh_262k_no7,True,True,False
Run 2,agentmemorybench:fact-mh-262k:context-0/factconsolidation_mh_262k_no7,6,22,0.2727272727272727,0.5,-0.0625,0.7772277227722773,"[""search""]",False,False,4,0.5,"[1,2]",2,0.5,"[1,2]","[1,2]","[1,2]",0.5,"[1,2]","[1,2]",0.5,Run 2::agentmemorybench:fact-mh-262k:context-0/factconsolidation_mh_262k_no7,False,True,False
Run 2,agentmemorybench:fact-mh-262k:context-0/factconsolidation_mh_262k_no7,7,22,0.3181818181818182,0.5,-0.6874999701976776,0.3267326732673267,"[""search""]",False,False,4,0.5,"[1,2]",2,0.5,[],"[1,2]","[1,2]",0.5,"[1,2]","[1,2]",0.5,Run 2::agentmemorybench:fact-mh-262k:context-0/factconsolidation_mh_262k_no7,False,False,False
Run 2,agentmemorybench:fact-mh-262k:context-0/factconsolidation_mh_262k_no7,8,22,0.3636363636363636,0.5,-0.5625,0.7277227722772277,"[""read""]",False,False,4,0.5,"[1,2]",2,0.5,[],"[1,2]","[1,2]",0.5,"[1,2]","[1,2]",0.5,Run 2::agentmemorybench:fact-mh-262k:context-0/factconsolidation_mh_262k_no7,False,True,False
Run 2,agentmemorybench:fact-mh-262k:context-0/factconsolidation_mh_262k_no7,9,22,0.4090909090909091,0.5,0.375,0.7524752475247525,"[""search""]",False,False,4,0.5,[],0,0.0,[],[],"[1,2]",0.5,"[1,2]","[1,2]",0.5,Run 2::agentmemorybench:fact-mh-262k:context-0/factconsolidation_mh_262k_no7,True,True,False
Run 2,agentmemorybench:fact-mh-262k:context-0/factconsolidation_mh_262k_no7,10,22,0.4545454545454545,0.5,-1.9374999776482582,0.8267326732673268,"[""read""]",False,False,4,0.5,[],0,0.0,[],[],"[1,2]",0.5,"[1,2]","[1,2]",0.5,Run 2::agentmemorybench:fact-mh-262k:context-0/factconsolidation_mh_262k_no7,False,True,False
Run 2,agentmemorybench:fact-mh-262k:context-0/factconsolidation_mh_262k_no7,11,22,0.5,0.75,-0.9374999850988388,0.9752475247524752,"[""read""]",False,False,4,0.75,[3],1,0.25,[3],[3],"[1,2,3]",0.75,"[1,2,3]","[1,2,3]",0.75,Run 2::agentmemorybench:fact-mh-262k:context-0/factconsolidation_mh_262k_no7,False,True,False
Run 2,agentmemorybench:fact-mh-262k:context-0/factconsolidation_mh_262k_no7,12,22,0.5454545454545454,0.75,-1.6875,0.7871287128712872,"[""search""]",False,False,4,0.75,[],0,0.0,[],[],"[1,2,3]",0.75,"[1,2,3]","[1,2,3]",0.75,Run 2::agentmemorybench:fact-mh-262k:context-0/factconsolidation_mh_262k_no7,False,True,False
Run 2,agentmemorybench:fact-mh-262k:context-0/factconsolidation_mh_262k_no7,13,22,0.5909090909090909,0.75,-3.0000000335276127,0.37623762376237624,"[""read""]",False,False,4,0.75,[],0,0.0,[],[],"[1,2,3]",0.75,"[1,2,3]","[1,2,3]",0.75,Run 2::agentmemorybench:fact-mh-262k:context-0/factconsolidation_mh_262k_no7,False,False,False
Run 2,agentmemorybench:fact-mh-262k:context-0/factconsolidation_mh_262k_no7,14,22,0.6363636363636364,0.75,-2.8125000838190317,0.801980198019802,"[""read""]",False,False,4,0.75,[],0,0.0,[],[],"[1,2,3]",0.75,"[1,2,3]","[1,2,3]",0.75,Run 2::agentmemorybench:fact-mh-262k:context-0/factconsolidation_mh_262k_no7,False,True,False
Run 2,agentmemorybench:fact-mh-262k:context-0/factconsolidation_mh_262k_no7,15,22,0.6818181818181818,0.75,-2.9374999441206455,0.9306930693069306,[],False,False,4,0.75,[],0,0.0,[],[],"[1,2,3]",0.75,"[1,2,3]","[1,2,3]",0.75,Run 2::agentmemorybench:fact-mh-262k:context-0/factconsolidation_mh_262k_no7,False,True,False
Run 2,agentmemorybench:fact-mh-262k:context-0/factconsolidation_mh_262k_no7,16,22,0.7272727272727273,0.75,0.5000000149011612,0.9603960396039604,"[""search""]",False,False,4,0.75,[],0,0.0,[],[],"[1,2,3]",0.75,"[1,2,3]","[1,2,3]",0.75,Run 2::agentmemorybench:fact-mh-262k:context-0/factconsolidation_mh_262k_no7,True,True,False
Run 2,agentmemorybench:fact-mh-262k:context-0/factconsolidation_mh_262k_no7,17,22,0.7727272727272727,0.75,-0.1875,0.1188118811881188,"[""read""]",False,False,4,0.75,[],0,0.0,[],[],"[1,2,3]",0.75,"[1,2,3]","[1,2,3]",0.75,Run 2::agentmemorybench:fact-mh-262k:context-0/factconsolidation_mh_262k_no7,False,False,False
Run 2,agentmemorybench:fact-mh-262k:context-0/factconsolidation_mh_262k_no7,18,22,0.8181818181818182,0.75,-0.7500000149011612,0.41584158415841577,"[""search""]",False,False,4,0.75,[3],1,0.25,[3],[3],"[1,2,3]",0.75,"[1,2,3]","[1,2,3]",0.75,Run 2::agentmemorybench:fact-mh-262k:context-0/factconsolidation_mh_262k_no7,False,False,False
Run 2,agentmemorybench:fact-mh-262k:context-0/factconsolidation_mh_262k_no7,19,22,0.8636363636363636,0.75,-1.312500037252903,0.23267326732673266,"[""search""]",False,False,4,0.75,[],0,0.0,[],[],"[1,2,3]",0.75,"[1,2,3]","[1,2,3]",0.75,Run 2::agentmemorybench:fact-mh-262k:context-0/factconsolidation_mh_262k_no7,False,False,False
Run 2,agentmemorybench:fact-mh-262k:context-0/factconsolidation_mh_262k_no7,20,22,0.9090909090909092,0.75,-3.437500056810677,0.14356435643564355,"[""search""]",False,False,4,0.75,[],0,0.0,[],[],"[1,2,3]",0.75,"[1,2,3]","[1,2,3]",0.75,Run 2::agentmemorybench:fact-mh-262k:context-0/factconsolidation_mh_262k_no7,False,False,False
Run 2,agentmemorybench:fact-mh-262k:context-0/factconsolidation_mh_262k_no7,21,22,0.9545454545454546,0.75,-4.312500071246177,0.06435643564356436,"[""search""]",False,False,4,0.75,[],0,0.0,[],[],"[1,2,3]",0.75,"[1,2,3]","[1,2,3]",0.75,Run 2::agentmemorybench:fact-mh-262k:context-0/factconsolidation_mh_262k_no7,False,False,False
Run 2,agentmemorybench:fact-mh-262k:context-0/factconsolidation_mh_262k_no7,22,22,1.0,0.75,-4.437500162981451,0.06435643564356436,"[""finish""]",False,False,4,0.75,[],0,0.0,[],[],"[1,2,3]",0.75,"[1,2,3]","[1,2,3]",0.75,Run 2::agentmemorybench:fact-mh-262k:context-0/factconsolidation_mh_262k_no7,False,False,True
Run 2,agentmemorybench:fact-mh-262k:context-0/factconsolidation_mh_262k_no70,1,5,0.2,0.0,-4.812499948311597,0.7326732673267327,"[""search""]",True,False,3,0.0,[],0,0.0,[],[],[],0.0,[],[],0.0,Run 2::agentmemorybench:fact-mh-262k:context-0/factconsolidation_mh_262k_no70,False,True,False
Run 2,agentmemorybench:fact-mh-262k:context-0/factconsolidation_mh_262k_no70,2,5,0.4,0.0,0.8124999701976776,0.9504950495049505,"[""search""]",True,False,3,0.0,[1],1,0.3333333333333333,[],[1],[1],0.3333333333333333,[1],[1],0.3333333333333333,Run 2::agentmemorybench:fact-mh-262k:context-0/factconsolidation_mh_262k_no70,True,True,False
Run 2,agentmemorybench:fact-mh-262k:context-0/factconsolidation_mh_262k_no70,3,5,0.6,0.0,0.125,1.0,"[""search""]",True,False,3,0.0,"[1,2]",2,0.6666666666666666,[],"[1,2]","[1,2]",0.6666666666666666,"[1,2]","[1,2]",0.6666666666666666,Run 2::agentmemorybench:fact-mh-262k:context-0/factconsolidation_mh_262k_no70,True,True,False
Run 2,agentmemorybench:fact-mh-262k:context-0/factconsolidation_mh_262k_no70,4,5,0.8,0.0,1.2500000596046448,1.0,"[""read""]",True,False,3,0.0,"[2,3]",2,0.6666666666666666,[],"[2,3]","[2,3]",0.6666666666666666,"[1,2,3]","[1,2,3]",1.0,Run 2::agentmemorybench:fact-mh-262k:context-0/factconsolidation_mh_262k_no70,True,True,False
Run 2,agentmemorybench:fact-mh-262k:context-0/factconsolidation_mh_262k_no70,5,5,1.0,1.0,7.250000075640855,1.0,"[""finish""]",True,False,3,1.0,"[1,2,3]",3,1.0,"[1,2,3]","[1,2,3]","[1,2,3]",1.0,"[1,2,3]","[1,2,3]",1.0,Run 2::agentmemorybench:fact-mh-262k:context-0/factconsolidation_mh_262k_no70,True,True,True
Run 2,agentmemorybench:fact-mh-262k:context-0/factconsolidation_mh_262k_no71,1,3,0.3333333333333333,0.0,-4.124999850988388,0.5891089108910891,"[""search""]",True,True,2,0.0,[],0,0.0,[],[],[],0.0,[],[],0.0,Run 2::agentmemorybench:fact-mh-262k:context-0/factconsolidation_mh_262k_no71,False,True,False
Run 2,agentmemorybench:fact-mh-262k:context-0/factconsolidation_mh_262k_no71,2,3,0.6666666666666666,0.0,1.8125000298023224,0.995049504950495,"[""read""]",True,True,2,0.0,"[1,2]",2,1.0,[],"[1,2]","[1,2]",1.0,"[1,2]","[1,2]",1.0,Run 2::agentmemorybench:fact-mh-262k:context-0/factconsolidation_mh_262k_no71,True,True,False
Run 2,agentmemorybench:fact-mh-262k:context-0/factconsolidation_mh_262k_no71,3,3,1.0,1.0,7.499999856139766,1.0,"[""finish""]",True,True,2,1.0,"[1,2]",2,1.0,"[1,2]","[1,2]","[1,2]",1.0,"[1,2]","[1,2]",1.0,Run 2::agentmemorybench:fact-mh-262k:context-0/factconsolidation_mh_262k_no71,True,True,True
Run 2,agentmemorybench:fact-mh-262k:context-0/factconsolidation_mh_262k_no72,1,10,0.1,0.0,-4.750000077532604,0.7178217821782178,"[""search""]",False,True,4,0.0,[],0,0.0,[],[],[],0.0,[],[],0.0,Run 2::agentmemorybench:fact-mh-262k:context-0/factconsolidation_mh_262k_no72,False,True,False
Run 2,agentmemorybench:fact-mh-262k:context-0/factconsolidation_mh_262k_no72,2,10,0.2,0.0,-1.5624999478459358,1.0,"[""read""]",False,True,4,0.0,"[1,2]",2,0.5,[],"[1,2]","[1,2]",0.5,"[1,2]","[1,2]",0.5,Run 2::agentmemorybench:fact-mh-262k:context-0/factconsolidation_mh_262k_no72,False,True,False
Run 2,agentmemorybench:fact-mh-262k:context-0/factconsolidation_mh_262k_no72,3,10,0.3,0.25,0.875,1.0,"[""search""]",False,True,4,0.25,"[1,2]",2,0.5,"[1,2]","[1,2]","[1,2]",0.5,"[1,2]","[1,2]",0.5,Run 2::agentmemorybench:fact-mh-262k:context-0/factconsolidation_mh_262k_no72,True,True,False
Run 2,agentmemorybench:fact-mh-262k:context-0/factconsolidation_mh_262k_no72,4,10,0.4,0.25,3.124999985098839,0.9356435643564356,"[""read""]",False,True,4,0.25,[],0,0.0,[],[],[2],0.25,"[1,2]","[1,2]",0.5,Run 2::agentmemorybench:fact-mh-262k:context-0/factconsolidation_mh_262k_no72,True,True,False
Run 2,agentmemorybench:fact-mh-262k:context-0/factconsolidation_mh_262k_no72,5,10,0.5,0.25,0.8750000149011612,0.693069306930693,"[""search""]",False,True,4,0.25,[],0,0.0,[],[],[2],0.25,"[1,2]","[1,2]",0.5,Run 2::agentmemorybench:fact-mh-262k:context-0/factconsolidation_mh_262k_no72,True,True,False
Run 2,agentmemorybench:fact-mh-262k:context-0/factconsolidation_mh_262k_no72,6,10,0.6,0.25,3.1249999571591616,0.995049504950495,"[""read""]",False,True,4,0.25,[],0,0.0,[],[],[2],0.25,"[1,2]","[1,2]",0.5,Run 2::agentmemorybench:fact-mh-262k:context-0/factconsolidation_mh_262k_no72,True,True,False
Run 2,agentmemorybench:fact-mh-262k:context-0/factconsolidation_mh_262k_no72,7,10,0.7,0.25,5.562500027939677,1.0,"[""read""]",False,True,4,0.25,[],0,0.0,[],[],[2],0.25,"[1,2]","[1,2]",0.5,Run 2::agentmemorybench:fact-mh-262k:context-0/factconsolidation_mh_262k_no72,True,True,False
Run 2,agentmemorybench:fact-mh-262k:context-0/factconsolidation_mh_262k_no72,8,10,0.8,0.25,2.937499927356839,0.9900990099009901,"[""search""]",False,True,4,0.25,[],0,0.0,[],[],[2],0.25,"[1,2]","[1,2]",0.5,Run 2::agentmemorybench:fact-mh-262k:context-0/factconsolidation_mh_262k_no72,True,True,False
Run 2,agentmemorybench:fact-mh-262k:context-0/factconsolidation_mh_262k_no72,9,10,0.9,0.25,2.4999999664723873,0.9801980198019802,"[""read""]",False,True,4,0.25,[],0,0.0,[],[],[2],0.25,"[1,2]","[1,2]",0.5,Run 2::agentmemorybench:fact-mh-262k:context-0/factconsolidation_mh_262k_no72,True,True,False
Run 2,agentmemorybench:fact-mh-262k:context-0/factconsolidation_mh_262k_no72,10,10,1.0,0.25,5.312500127824023,0.99009900990099,"[""finish""]",False,True,4,0.25,[],0,0.0,[],[],[2],0.25,"[1,2]","[1,2]",0.5,Run 2::agentmemorybench:fact-mh-262k:context-0/factconsolidation_mh_262k_no72,True,True,True
Run 2,agentmemorybench:fact-mh-262k:context-0/factconsolidation_mh_262k_no73,1,5,0.2,0.0,-3.812499943189323,0.910891089108911,"[""search""]",True,False,2,0.0,[],0,0.0,[],[],[],0.0,[],[],0.0,Run 2::agentmemorybench:fact-mh-262k:context-0/factconsolidation_mh_262k_no73,False,True,False
Run 2,agentmemorybench:fact-mh-262k:context-0/factconsolidation_mh_262k_no73,2,5,0.4,0.0,2.4375000335276127,1.0,"[""read""]",True,False,2,0.0,[1],1,0.5,[],[1],[1],0.5,[1],[1],0.5,Run 2::agentmemorybench:fact-mh-262k:context-0/factconsolidation_mh_262k_no73,True,True,False
Run 2,agentmemorybench:fact-mh-262k:context-0/factconsolidation_mh_262k_no73,3,5,0.6,0.5,1.5625000074505806,0.8811881188118811,"[""search""]",True,False,2,0.5,[1],1,0.5,[1],[1],[1],0.5,[1],[1],0.5,Run 2::agentmemorybench:fact-mh-262k:context-0/factconsolidation_mh_262k_no73,True,True,False
Run 2,agentmemorybench:fact-mh-262k:context-0/factconsolidation_mh_262k_no73,4,5,0.8,0.5,3.9375000270083547,0.995049504950495,"[""read""]",True,False,2,0.5,"[1,2]",2,1.0,[],"[1,2]","[1,2]",1.0,"[1,2]","[1,2]",1.0,Run 2::agentmemorybench:fact-mh-262k:context-0/factconsolidation_mh_262k_no73,True,True,False
Run 2,agentmemorybench:fact-mh-262k:context-0/factconsolidation_mh_262k_no73,5,5,1.0,1.0,6.812499896215741,1.0,"[""finish""]",True,False,2,1.0,"[1,2]",2,1.0,"[1,2]","[1,2]","[1,2]",1.0,"[1,2]","[1,2]",1.0,Run 2::agentmemorybench:fact-mh-262k:context-0/factconsolidation_mh_262k_no73,True,True,True
Run 2,agentmemorybench:fact-mh-262k:context-0/factconsolidation_mh_262k_no74,1,5,0.2,0.0,-3.687500017695129,0.7871287128712872,"[""search""]",False,False,2,0.0,[],0,0.0,[],[],[],0.0,[],[],0.0,Run 2::agentmemorybench:fact-mh-262k:context-0/factconsolidation_mh_262k_no74,False,True,False
Run 2,agentmemorybench:fact-mh-262k:context-0/factconsolidation_mh_262k_no74,2,5,0.4,0.0,2.3124999962747097,0.99009900990099,"[""read""]",False,False,2,0.0,[1],1,0.5,[],[1],[1],0.5,[1],[1],0.5,Run 2::agentmemorybench:fact-mh-262k:context-0/factconsolidation_mh_262k_no74,True,True,False
Run 2,agentmemorybench:fact-mh-262k:context-0/factconsolidation_mh_262k_no74,3,5,0.6,0.5,3.5000000037252903,0.99009900990099,"[""search""]",False,False,2,0.5,[1],1,0.5,[1],[1],[1],0.5,[1],[1],0.5,Run 2::agentmemorybench:fact-mh-262k:context-0/factconsolidation_mh_262k_no74,True,True,False
Run 2,agentmemorybench:fact-mh-262k:context-0/factconsolidation_mh_262k_no74,4,5,0.8,0.5,3.312499960884452,0.9603960396039604,"[""read""]",False,False,2,0.5,[],0,0.0,[],[],[1],0.5,[1],[1],0.5,Run 2::agentmemorybench:fact-mh-262k:context-0/factconsolidation_mh_262k_no74,True,True,False
Run 2,agentmemorybench:fact-mh-262k:context-0/factconsolidation_mh_262k_no74,5,5,1.0,0.5,8.249999857027433,0.995049504950495,"[""finish""]",False,False,2,0.5,[],0,0.0,[],[],[1],0.5,[1],[1],0.5,Run 2::agentmemorybench:fact-mh-262k:context-0/factconsolidation_mh_262k_no74,True,True,True
Run 2,agentmemorybench:fact-mh-262k:context-0/factconsolidation_mh_262k_no75,1,6,0.1666666666666666,0.0,-4.124999942258,0.8564356435643564,"[""search""]",False,True,4,0.0,[],0,0.0,[],[],[],0.0,[],[],0.0,Run 2::agentmemorybench:fact-mh-262k:context-0/factconsolidation_mh_262k_no75,False,True,False
Run 2,agentmemorybench:fact-mh-262k:context-0/factconsolidation_mh_262k_no75,2,6,0.3333333333333333,0.0,-8.000000007275958,0.26237623762376233,"[""search""]",False,True,4,0.0,[2],1,0.25,[],[2],[2],0.25,[2],[2],0.25,Run 2::agentmemorybench:fact-mh-262k:context-0/factconsolidation_mh_262k_no75,False,False,False
Run 2,agentmemorybench:fact-mh-262k:context-0/factconsolidation_mh_262k_no75,3,6,0.5,0.0,-0.6249999850988388,0.8613861386138614,"[""read""]",False,True,4,0.0,[1],1,0.25,[],[1],[1],0.25,"[1,2]","[1,2]",0.5,Run 2::agentmemorybench:fact-mh-262k:context-0/factconsolidation_mh_262k_no75,False,True,False
Run 2,agentmemorybench:fact-mh-262k:context-0/factconsolidation_mh_262k_no75,4,6,0.6666666666666666,0.75,0.3125,0.8168316831683169,"[""search""]",False,True,4,0.75,"[1,2,3]",3,0.75,"[1,2,3]","[1,2,3]","[1,2,3]",0.75,"[1,2,3]","[1,2,3]",0.75,Run 2::agentmemorybench:fact-mh-262k:context-0/factconsolidation_mh_262k_no75,True,True,False
Run 2,agentmemorybench:fact-mh-262k:context-0/factconsolidation_mh_262k_no75,5,6,0.8333333333333334,0.75,1.7500000521540642,1.0,"[""read""]",False,True,4,0.75,[4],1,0.25,[],[4],"[1,2,3,4]",1.0,"[1,2,3,4]","[1,2,3,4]",1.0,Run 2::agentmemorybench:fact-mh-262k:context-0/factconsolidation_mh_262k_no75,True,True,False
Run 2,agentmemorybench:fact-mh-262k:context-0/factconsolidation_mh_262k_no75,6,6,1.0,1.0,7.62500000410364,0.995049504950495,"[""finish""]",False,True,4,1.0,[4],1,0.25,[4],[4],"[1,2,3,4]",1.0,"[1,2,3,4]","[1,2,3,4]",1.0,Run 2::agentmemorybench:fact-mh-262k:context-0/factconsolidation_mh_262k_no75,True,True,True
Run 2,agentmemorybench:fact-mh-262k:context-0/factconsolidation_mh_262k_no76,1,4,0.25,0.0,-4.499999822117388,0.6336633663366337,"[""search""]",False,True,2,0.0,[],0,0.0,[],[],[],0.0,[],[],0.0,Run 2::agentmemorybench:fact-mh-262k:context-0/factconsolidation_mh_262k_no76,False,True,False
Run 2,agentmemorybench:fact-mh-262k:context-0/factconsolidation_mh_262k_no76,2,4,0.5,0.0,1.937500037252903,0.99009900990099,"[""search""]",False,True,2,0.0,[2],1,0.5,[],[2],[2],0.5,[2],[2],0.5,Run 2::agentmemorybench:fact-mh-262k:context-0/factconsolidation_mh_262k_no76,True,True,False
Run 2,agentmemorybench:fact-mh-262k:context-0/factconsolidation_mh_262k_no76,3,4,0.75,0.0,1.6249999850988388,0.995049504950495,"[""read""]",False,True,2,0.0,[],0,0.0,[],[],[],0.0,[2],[2],0.5,Run 2::agentmemorybench:fact-mh-262k:context-0/factconsolidation_mh_262k_no76,True,True,False
Run 2,agentmemorybench:fact-mh-262k:context-0/factconsolidation_mh_262k_no76,4,4,1.0,0.0,6.624999990337528,1.0,"[""finish""]",False,True,2,0.0,[],0,0.0,[],[],[],0.0,[2],[2],0.5,Run 2::agentmemorybench:fact-mh-262k:context-0/factconsolidation_mh_262k_no76,True,True,True
Run 2,agentmemorybench:fact-mh-262k:context-0/factconsolidation_mh_262k_no77,1,9,0.1111111111111111,0.0,-5.500000081025064,0.6732673267326733,"[""search""]",False,True,4,0.0,[],0,0.0,[],[],[],0.0,[],[],0.0,Run 2::agentmemorybench:fact-mh-262k:context-0/factconsolidation_mh_262k_no77,False,True,False
Run 2,agentmemorybench:fact-mh-262k:context-0/factconsolidation_mh_262k_no77,2,9,0.2222222222222222,0.0,-0.375,0.99009900990099,"[""search""]",False,True,4,0.0,[1],1,0.25,[],[1],[1],0.25,[1],[1],0.25,Run 2::agentmemorybench:fact-mh-262k:context-0/factconsolidation_mh_262k_no77,False,True,False
Run 2,agentmemorybench:fact-mh-262k:context-0/factconsolidation_mh_262k_no77,3,9,0.3333333333333333,0.0,0.375,1.0,"[""search""]",False,True,4,0.0,"[1,2,3]",3,0.75,[],"[1,2,3]","[1,2,3]",0.75,"[1,2,3]","[1,2,3]",0.75,Run 2::agentmemorybench:fact-mh-262k:context-0/factconsolidation_mh_262k_no77,True,True,False
Run 2,agentmemorybench:fact-mh-262k:context-0/factconsolidation_mh_262k_no77,4,9,0.4444444444444444,0.0,0.4375,1.0,"[""search""]",False,True,4,0.0,[],0,0.0,[],[],[],0.0,"[1,2,3]","[1,2,3]",0.75,Run 2::agentmemorybench:fact-mh-262k:context-0/factconsolidation_mh_262k_no77,True,True,False
Run 2,agentmemorybench:fact-mh-262k:context-0/factconsolidation_mh_262k_no77,5,9,0.5555555555555556,0.0,-0.125,0.698019801980198,"[""read""]",False,True,4,0.0,[],0,0.0,[],[],[],0.0,"[1,2,3]","[1,2,3]",0.75,Run 2::agentmemorybench:fact-mh-262k:context-0/factconsolidation_mh_262k_no77,False,True,False
Run 2,agentmemorybench:fact-mh-262k:context-0/factconsolidation_mh_262k_no77,6,9,0.6666666666666666,0.5,4.500000046100467,1.0,"[""search""]",False,True,4,0.5,"[1,2]",2,0.5,"[1,2]","[1,2]","[1,2]",0.5,"[1,2,3]","[1,2,3]",0.75,Run 2::agentmemorybench:fact-mh-262k:context-0/factconsolidation_mh_262k_no77,True,True,False
Run 2,agentmemorybench:fact-mh-262k:context-0/factconsolidation_mh_262k_no77,7,9,0.7777777777777778,0.5,3.3750000298023224,1.0,"[""read""]",False,True,4,0.5,[],0,0.0,[],[],"[1,2]",0.5,"[1,2,3]","[1,2,3]",0.75,Run 2::agentmemorybench:fact-mh-262k:context-0/factconsolidation_mh_262k_no77,True,True,False
Run 2,agentmemorybench:fact-mh-262k:context-0/factconsolidation_mh_262k_no77,8,9,0.8888888888888888,0.5,4.187500014901161,1.0,"[""search""]",False,True,4,0.5,[],0,0.0,[],[],"[1,2]",0.5,"[1,2,3]","[1,2,3]",0.75,Run 2::agentmemorybench:fact-mh-262k:context-0/factconsolidation_mh_262k_no77,True,True,False
Run 2,agentmemorybench:fact-mh-262k:context-0/factconsolidation_mh_262k_no77,9,9,1.0,0.5,5.687500008265488,0.9752475247524752,"[""finish""]",False,True,4,0.5,[],0,0.0,[],[],"[1,2]",0.5,"[1,2,3]","[1,2,3]",0.75,Run 2::agentmemorybench:fact-mh-262k:context-0/factconsolidation_mh_262k_no77,True,True,True
Run 2,agentmemorybench:fact-mh-262k:context-0/factconsolidation_mh_262k_no78,1,5,0.2,0.0,-3.7500000074505806,0.9207920792079208,"[""search""]",False,False,2,0.0,[],0,0.0,[],[],[],0.0,[],[],0.0,Run 2::agentmemorybench:fact-mh-262k:context-0/factconsolidation_mh_262k_no78,False,True,False
Run 2,agentmemorybench:fact-mh-262k:context-0/factconsolidation_mh_262k_no78,2,5,0.4,0.0,3.2500000540167093,1.0,"[""read""]",False,False,2,0.0,[1],1,0.5,[],[1],[1],0.5,[1],[1],0.5,Run 2::agentmemorybench:fact-mh-262k:context-0/factconsolidation_mh_262k_no78,True,True,False
Run 2,agentmemorybench:fact-mh-262k:context-0/factconsolidation_mh_262k_no78,3,5,0.6,0.5,1.5625000074505806,0.7475247524752475,"[""search""]",False,False,2,0.5,[1],1,0.5,[1],[1],[1],0.5,[1],[1],0.5,Run 2::agentmemorybench:fact-mh-262k:context-0/factconsolidation_mh_262k_no78,True,True,False
Run 2,agentmemorybench:fact-mh-262k:context-0/factconsolidation_mh_262k_no78,4,5,0.8,0.5,3.562499995343387,1.0,"[""read""]",False,False,2,0.5,[],0,0.0,[],[],[1],0.5,[1],[1],0.5,Run 2::agentmemorybench:fact-mh-262k:context-0/factconsolidation_mh_262k_no78,True,True,False
Run 2,agentmemorybench:fact-mh-262k:context-0/factconsolidation_mh_262k_no78,5,5,1.0,0.5,8.56250001880835,1.0,"[""finish""]",False,False,2,0.5,[],0,0.0,[],[],[1],0.5,[1],[1],0.5,Run 2::agentmemorybench:fact-mh-262k:context-0/factconsolidation_mh_262k_no78,True,True,True
Run 2,agentmemorybench:fact-mh-262k:context-0/factconsolidation_mh_262k_no79,1,4,0.25,0.0,-3.7500001061707735,0.891089108910891,"[""search""]",True,True,2,0.0,[],0,0.0,[],[],[],0.0,[],[],0.0,Run 2::agentmemorybench:fact-mh-262k:context-0/factconsolidation_mh_262k_no79,False,True,False
Run 2,agentmemorybench:fact-mh-262k:context-0/factconsolidation_mh_262k_no79,2,4,0.5,0.0,0.9999999701976776,1.0,"[""search""]",True,True,2,0.0,[1],1,0.5,[],[1],[1],0.5,[1],[1],0.5,Run 2::agentmemorybench:fact-mh-262k:context-0/factconsolidation_mh_262k_no79,True,True,False
Run 2,agentmemorybench:fact-mh-262k:context-0/factconsolidation_mh_262k_no79,3,4,0.75,0.0,3.1250000651925802,1.0,"[""read""]",True,True,2,0.0,[1],1,0.5,[],[1],[1],0.5,[1],[1],0.5,Run 2::agentmemorybench:fact-mh-262k:context-0/factconsolidation_mh_262k_no79,True,True,False
Run 2,agentmemorybench:fact-mh-262k:context-0/factconsolidation_mh_262k_no79,4,4,1.0,1.0,7.499999796040356,1.0,"[""finish""]",True,True,2,1.0,"[1,2]",2,1.0,"[1,2]","[1,2]","[1,2]",1.0,"[1,2]","[1,2]",1.0,Run 2::agentmemorybench:fact-mh-262k:context-0/factconsolidation_mh_262k_no79,True,True,True
Run 2,agentmemorybench:fact-mh-262k:context-0/factconsolidation_mh_262k_no8,1,11,0.0909090909090909,0.0,-5.249999885447323,0.5297029702970296,"[""search""]",False,True,2,0.0,[],0,0.0,[],[],[],0.0,[],[],0.0,Run 2::agentmemorybench:fact-mh-262k:context-0/factconsolidation_mh_262k_no8,False,True,False
Run 2,agentmemorybench:fact-mh-262k:context-0/factconsolidation_mh_262k_no8,2,11,0.1818181818181818,0.0,-0.5,0.9702970297029703,"[""read""]",False,True,2,0.0,[1],1,0.5,[],[1],[1],0.5,[1],[1],0.5,Run 2::agentmemorybench:fact-mh-262k:context-0/factconsolidation_mh_262k_no8,False,True,False
Run 2,agentmemorybench:fact-mh-262k:context-0/factconsolidation_mh_262k_no8,3,11,0.2727272727272727,0.5,0.9374999850988388,1.0,"[""search""]",False,True,2,0.5,[1],1,0.5,[1],[1],[1],0.5,[1],[1],0.5,Run 2::agentmemorybench:fact-mh-262k:context-0/factconsolidation_mh_262k_no8,True,True,False
Run 2,agentmemorybench:fact-mh-262k:context-0/factconsolidation_mh_262k_no8,4,11,0.3636363636363636,0.5,0.75,1.0,"[""read""]",False,True,2,0.5,[],0,0.0,[],[],[1],0.5,[1],[1],0.5,Run 2::agentmemorybench:fact-mh-262k:context-0/factconsolidation_mh_262k_no8,True,True,False
Run 2,agentmemorybench:fact-mh-262k:context-0/factconsolidation_mh_262k_no8,5,11,0.4545454545454545,0.5,1.6875000149011612,1.0,"[""search""]",False,True,2,0.5,[],0,0.0,[],[],[1],0.5,[1],[1],0.5,Run 2::agentmemorybench:fact-mh-262k:context-0/factconsolidation_mh_262k_no8,True,True,False
Run 2,agentmemorybench:fact-mh-262k:context-0/factconsolidation_mh_262k_no8,6,11,0.5454545454545454,0.5,-0.7500000298023224,0.995049504950495,"[""search""]",False,True,2,0.5,[],0,0.0,[],[],[1],0.5,[1],[1],0.5,Run 2::agentmemorybench:fact-mh-262k:context-0/factconsolidation_mh_262k_no8,False,True,False
Run 2,agentmemorybench:fact-mh-262k:context-0/factconsolidation_mh_262k_no8,7,11,0.6363636363636364,0.5,-1.7500000298023224,1.0,"[""search""]",False,True,2,0.5,[],0,0.0,[],[],[1],0.5,[1],[1],0.5,Run 2::agentmemorybench:fact-mh-262k:context-0/factconsolidation_mh_262k_no8,False,True,False
Run 2,agentmemorybench:fact-mh-262k:context-0/factconsolidation_mh_262k_no8,8,11,0.7272727272727273,0.5,-3.6250000074505806,1.0,"[""search""]",False,True,2,0.5,[],0,0.0,[],[],[1],0.5,[1],[1],0.5,Run 2::agentmemorybench:fact-mh-262k:context-0/factconsolidation_mh_262k_no8,False,True,False
Run 2,agentmemorybench:fact-mh-262k:context-0/factconsolidation_mh_262k_no8,9,11,0.8181818181818182,0.5,-3.187499914318323,0.99009900990099,"[""search""]",False,True,2,0.5,[],0,0.0,[],[],[1],0.5,[1],[1],0.5,Run 2::agentmemorybench:fact-mh-262k:context-0/factconsolidation_mh_262k_no8,False,True,False
Run 2,agentmemorybench:fact-mh-262k:context-0/factconsolidation_mh_262k_no8,10,11,0.9090909090909092,0.5,-3.499999977648258,1.0,"[""search""]",False,True,2,0.5,[],0,0.0,[],[],[1],0.5,[1],[1],0.5,Run 2::agentmemorybench:fact-mh-262k:context-0/factconsolidation_mh_262k_no8,False,True,False
Run 2,agentmemorybench:fact-mh-262k:context-0/factconsolidation_mh_262k_no8,11,11,1.0,0.5,-2.374999962747097,0.995049504950495,"[""finish""]",False,True,2,0.5,[],0,0.0,[],[],[1],0.5,[1],[1],0.5,Run 2::agentmemorybench:fact-mh-262k:context-0/factconsolidation_mh_262k_no8,False,True,True
Run 2,agentmemorybench:fact-mh-262k:context-0/factconsolidation_mh_262k_no80,1,9,0.1111111111111111,0.0,-3.9999998584389687,0.9455445544554455,"[""search""]",False,False,2,0.0,[],0,0.0,[],[],[],0.0,[],[],0.0,Run 2::agentmemorybench:fact-mh-262k:context-0/factconsolidation_mh_262k_no80,False,True,False
Run 2,agentmemorybench:fact-mh-262k:context-0/factconsolidation_mh_262k_no80,2,9,0.2222222222222222,0.0,1.2500000447034836,0.995049504950495,"[""read""]",False,False,2,0.0,[1],1,0.5,[],[1],[1],0.5,[1],[1],0.5,Run 2::agentmemorybench:fact-mh-262k:context-0/factconsolidation_mh_262k_no80,True,True,False
Run 2,agentmemorybench:fact-mh-262k:context-0/factconsolidation_mh_262k_no80,3,9,0.3333333333333333,0.5,7.31249998693238,1.0,"[""read""]",False,False,2,0.5,[1],1,0.5,[1],[1],[1],0.5,[1],[1],0.5,Run 2::agentmemorybench:fact-mh-262k:context-0/factconsolidation_mh_262k_no80,True,True,False
Run 2,agentmemorybench:fact-mh-262k:context-0/factconsolidation_mh_262k_no80,4,9,0.4444444444444444,0.5,1.8124999701976776,0.9900990099009901,"[""search""]",False,False,2,0.5,[],0,0.0,[],[],[1],0.5,[1],[1],0.5,Run 2::agentmemorybench:fact-mh-262k:context-0/factconsolidation_mh_262k_no80,True,True,False
Run 2,agentmemorybench:fact-mh-262k:context-0/factconsolidation_mh_262k_no80,5,9,0.5555555555555556,0.5,1.9999999850988388,0.9752475247524752,"[""read""]",False,False,2,0.5,[],0,0.0,[],[],[1],0.5,[1],[1],0.5,Run 2::agentmemorybench:fact-mh-262k:context-0/factconsolidation_mh_262k_no80,True,True,False
Run 2,agentmemorybench:fact-mh-262k:context-0/factconsolidation_mh_262k_no80,6,9,0.6666666666666666,0.5,1.7500000074505806,0.7029702970297029,"[""search_more""]",False,False,2,0.5,[],0,0.0,[],[],[1],0.5,[1],[1],0.5,Run 2::agentmemorybench:fact-mh-262k:context-0/factconsolidation_mh_262k_no80,True,True,False
Run 2,agentmemorybench:fact-mh-262k:context-0/factconsolidation_mh_262k_no80,7,9,0.7777777777777778,0.5,0.9375000149011612,0.9900990099009901,"[""read""]",False,False,2,0.5,[],0,0.0,[],[],[1],0.5,[1],[1],0.5,Run 2::agentmemorybench:fact-mh-262k:context-0/factconsolidation_mh_262k_no80,True,True,False
Run 2,agentmemorybench:fact-mh-262k:context-0/factconsolidation_mh_262k_no80,8,9,0.8888888888888888,0.5,2.3749999925494194,0.9653465346534653,"[""search""]",False,False,2,0.5,[],0,0.0,[],[],[1],0.5,[1],[1],0.5,Run 2::agentmemorybench:fact-mh-262k:context-0/factconsolidation_mh_262k_no80,True,True,False
Run 2,agentmemorybench:fact-mh-262k:context-0/factconsolidation_mh_262k_no80,9,9,1.0,0.5,2.0624999925494194,0.49504950495049505,"[""finish""]",False,False,2,0.5,[],0,0.0,[],[],[1],0.5,[1],[1],0.5,Run 2::agentmemorybench:fact-mh-262k:context-0/factconsolidation_mh_262k_no80,True,False,True
Run 2,agentmemorybench:fact-mh-262k:context-0/factconsolidation_mh_262k_no81,1,5,0.2,0.0,-4.375000162050128,0.905940594059406,"[""search""]",False,False,2,0.0,[],0,0.0,[],[],[],0.0,[],[],0.0,Run 2::agentmemorybench:fact-mh-262k:context-0/factconsolidation_mh_262k_no81,False,True,False
Run 2,agentmemorybench:fact-mh-262k:context-0/factconsolidation_mh_262k_no81,2,5,0.4,0.0,2.5625000409781933,1.0,"[""read""]",False,False,2,0.0,[1],1,0.5,[],[1],[1],0.5,[1],[1],0.5,Run 2::agentmemorybench:fact-mh-262k:context-0/factconsolidation_mh_262k_no81,True,True,False
Run 2,agentmemorybench:fact-mh-262k:context-0/factconsolidation_mh_262k_no81,3,5,0.6,0.5,5.062499968800694,1.0,"[""search""]",False,False,2,0.5,[1],1,0.5,[1],[1],[1],0.5,[1],[1],0.5,Run 2::agentmemorybench:fact-mh-262k:context-0/factconsolidation_mh_262k_no81,True,True,False
Run 2,agentmemorybench:fact-mh-262k:context-0/factconsolidation_mh_262k_no81,4,5,0.8,0.5,2.6249999701976776,1.0,"[""read""]",False,False,2,0.5,[],0,0.0,[],[],[1],0.5,[1],[1],0.5,Run 2::agentmemorybench:fact-mh-262k:context-0/factconsolidation_mh_262k_no81,True,True,False
Run 2,agentmemorybench:fact-mh-262k:context-0/factconsolidation_mh_262k_no81,5,5,1.0,0.5,5.812500036554411,1.0,"[""finish""]",False,False,2,0.5,[],0,0.0,[],[],[1],0.5,[1],[1],0.5,Run 2::agentmemorybench:fact-mh-262k:context-0/factconsolidation_mh_262k_no81,True,True,True
Run 2,agentmemorybench:fact-mh-262k:context-0/factconsolidation_mh_262k_no82,1,6,0.1666666666666666,0.0,-4.24999981187284,0.8663366336633664,"[""search""]",False,True,3,0.0,[],0,0.0,[],[],[],0.0,[],[],0.0,Run 2::agentmemorybench:fact-mh-262k:context-0/factconsolidation_mh_262k_no82,False,True,False
Run 2,agentmemorybench:fact-mh-262k:context-0/factconsolidation_mh_262k_no82,2,6,0.3333333333333333,0.0,1.812500037252903,1.0,"[""search""]",False,True,3,0.0,[1],1,0.3333333333333333,[],[1],[1],0.3333333333333333,[1],[1],0.3333333333333333,Run 2::agentmemorybench:fact-mh-262k:context-0/factconsolidation_mh_262k_no82,True,True,False
Run 2,agentmemorybench:fact-mh-262k:context-0/factconsolidation_mh_262k_no82,3,6,0.5,0.0,0.7499999403953552,1.0,"[""read""]",False,True,3,0.0,"[1,2]",2,0.6666666666666666,[],"[1,2]","[1,2]",0.6666666666666666,"[1,2]","[1,2]",0.6666666666666666,Run 2::agentmemorybench:fact-mh-262k:context-0/factconsolidation_mh_262k_no82,True,True,False
Run 2,agentmemorybench:fact-mh-262k:context-0/factconsolidation_mh_262k_no82,4,6,0.6666666666666666,0.6666666666666666,-0.5000000149011612,0.9306930693069306,"[""search""]",False,True,3,0.6666666666666666,"[1,2]",2,0.6666666666666666,"[1,2]","[1,2]","[1,2]",0.6666666666666666,"[1,2]","[1,2]",0.6666666666666666,Run 2::agentmemorybench:fact-mh-262k:context-0/factconsolidation_mh_262k_no82,False,True,False
Run 2,agentmemorybench:fact-mh-262k:context-0/factconsolidation_mh_262k_no82,5,6,0.8333333333333334,0.6666666666666666,4.000000206753612,1.0,"[""read""]",False,True,3,0.6666666666666666,[3],1,0.3333333333333333,[],[3],"[1,2,3]",1.0,"[1,2,3]","[1,2,3]",1.0,Run 2::agentmemorybench:fact-mh-262k:context-0/factconsolidation_mh_262k_no82,True,True,False
Run 2,agentmemorybench:fact-mh-262k:context-0/factconsolidation_mh_262k_no82,6,6,1.0,1.0,6.625000015250407,0.995049504950495,"[""finish""]",False,True,3,1.0,[3],1,0.3333333333333333,[3],[3],"[1,2,3]",1.0,"[1,2,3]","[1,2,3]",1.0,Run 2::agentmemorybench:fact-mh-262k:context-0/factconsolidation_mh_262k_no82,True,True,True
Run 2,agentmemorybench:fact-mh-262k:context-0/factconsolidation_mh_262k_no83,1,3,0.3333333333333333,0.0,-4.249999956227839,0.9504950495049505,"[""search""]",False,False,2,0.0,[],0,0.0,[],[],[],0.0,[],[],0.0,Run 2::agentmemorybench:fact-mh-262k:context-0/factconsolidation_mh_262k_no83,False,True,False
Run 2,agentmemorybench:fact-mh-262k:context-0/factconsolidation_mh_262k_no83,2,3,0.6666666666666666,0.0,0.3125,1.0,"[""read""]",False,False,2,0.0,[1],1,0.5,[],[1],[1],0.5,[1],[1],0.5,Run 2::agentmemorybench:fact-mh-262k:context-0/factconsolidation_mh_262k_no83,True,True,False
Run 2,agentmemorybench:fact-mh-262k:context-0/factconsolidation_mh_262k_no83,3,3,1.0,0.5,8.37499990822107,1.0,"[""finish""]",False,False,2,0.5,[1],1,0.5,[1],[1],[1],0.5,[1],[1],0.5,Run 2::agentmemorybench:fact-mh-262k:context-0/factconsolidation_mh_262k_no83,True,True,True
Run 2,agentmemorybench:fact-mh-262k:context-0/factconsolidation_mh_262k_no84,1,9,0.1111111111111111,0.0,-5.249999877531081,0.8910891089108911,"[""search""]",False,True,4,0.0,[],0,0.0,[],[],[],0.0,[],[],0.0,Run 2::agentmemorybench:fact-mh-262k:context-0/factconsolidation_mh_262k_no84,False,True,False
Run 2,agentmemorybench:fact-mh-262k:context-0/factconsolidation_mh_262k_no84,2,9,0.2222222222222222,0.0,-0.375,0.9851485148514851,"[""read""]",False,True,4,0.0,[1],1,0.25,[],[1],[1],0.25,[1],[1],0.25,Run 2::agentmemorybench:fact-mh-262k:context-0/factconsolidation_mh_262k_no84,False,True,False
Run 2,agentmemorybench:fact-mh-262k:context-0/factconsolidation_mh_262k_no84,3,9,0.3333333333333333,0.25,3.500000024214387,1.0,"[""search""]",False,True,4,0.25,[1],1,0.25,[1],[1],[1],0.25,[1],[1],0.25,Run 2::agentmemorybench:fact-mh-262k:context-0/factconsolidation_mh_262k_no84,True,True,False
Run 2,agentmemorybench:fact-mh-262k:context-0/factconsolidation_mh_262k_no84,4,9,0.4444444444444444,0.25,-1.6250000223517418,0.6336633663366337,"[""read""]",False,True,4,0.25,[2],1,0.25,[],[2],"[1,2]",0.5,"[1,2]","[1,2]",0.5,Run 2::agentmemorybench:fact-mh-262k:context-0/factconsolidation_mh_262k_no84,False,True,False
Run 2,agentmemorybench:fact-mh-262k:context-0/factconsolidation_mh_262k_no84,5,9,0.5555555555555556,0.5,-1.3125000074505806,0.8762376237623762,"[""search""]",False,True,4,0.5,[2],1,0.25,[2],[2],"[1,2]",0.5,"[1,2]","[1,2]",0.5,Run 2::agentmemorybench:fact-mh-262k:context-0/factconsolidation_mh_262k_no84,False,True,False
Run 2,agentmemorybench:fact-mh-262k:context-0/factconsolidation_mh_262k_no84,6,9,0.6666666666666666,0.5,2.624999988824129,1.0,"[""read""]",False,True,4,0.5,[],0,0.0,[],[],"[1,2]",0.5,"[1,2]","[1,2]",0.5,Run 2::agentmemorybench:fact-mh-262k:context-0/factconsolidation_mh_262k_no84,True,True,False
Run 2,agentmemorybench:fact-mh-262k:context-0/factconsolidation_mh_262k_no84,7,9,0.7777777777777778,0.5,1.8750000521540642,1.0,"[""search""]",False,True,4,0.5,[],0,0.0,[],[],"[1,2]",0.5,"[1,2]","[1,2]",0.5,Run 2::agentmemorybench:fact-mh-262k:context-0/factconsolidation_mh_262k_no84,True,True,False
Run 2,agentmemorybench:fact-mh-262k:context-0/factconsolidation_mh_262k_no84,8,9,0.8888888888888888,0.5,2.1250000186264515,1.0,"[""read""]",False,True,4,0.5,[],0,0.0,[],[],"[1,2]",0.5,"[1,2]","[1,2]",0.5,Run 2::agentmemorybench:fact-mh-262k:context-0/factconsolidation_mh_262k_no84,True,True,False
Run 2,agentmemorybench:fact-mh-262k:context-0/factconsolidation_mh_262k_no84,9,9,1.0,0.5,6.750000091269612,0.995049504950495,"[""finish""]",False,True,4,0.5,[],0,0.0,[],[],"[1,2]",0.5,"[1,2]","[1,2]",0.5,Run 2::agentmemorybench:fact-mh-262k:context-0/factconsolidation_mh_262k_no84,True,True,True
Run 2,agentmemorybench:fact-mh-262k:context-0/factconsolidation_mh_262k_no85,1,4,0.25,0.0,-4.500000105239451,0.6881188118811881,"[""search""]",False,True,2,0.0,[],0,0.0,[],[],[],0.0,[],[],0.0,Run 2::agentmemorybench:fact-mh-262k:context-0/factconsolidation_mh_262k_no85,False,True,False
Run 2,agentmemorybench:fact-mh-262k:context-0/factconsolidation_mh_262k_no85,2,4,0.5,0.0,1.2500000074505806,1.0,"[""search""]",False,True,2,0.0,[1],1,0.5,[],[1],[1],0.5,[1],[1],0.5,Run 2::agentmemorybench:fact-mh-262k:context-0/factconsolidation_mh_262k_no85,True,True,False
Run 2,agentmemorybench:fact-mh-262k:context-0/factconsolidation_mh_262k_no85,3,4,0.75,0.0,1.1249999850988388,1.0,"[""read""]",False,True,2,0.0,[1],1,0.5,[],[1],[1],0.5,[1],[1],0.5,Run 2::agentmemorybench:fact-mh-262k:context-0/factconsolidation_mh_262k_no85,True,True,False
Run 2,agentmemorybench:fact-mh-262k:context-0/factconsolidation_mh_262k_no85,4,4,1.0,1.0,6.125000075320713,1.0,"[""finish""]",False,True,2,1.0,"[1,2]",2,1.0,"[1,2]","[1,2]","[1,2]",1.0,"[1,2]","[1,2]",1.0,Run 2::agentmemorybench:fact-mh-262k:context-0/factconsolidation_mh_262k_no85,True,True,True
Run 2,agentmemorybench:fact-mh-262k:context-0/factconsolidation_mh_262k_no86,1,3,0.3333333333333333,0.0,-4.12500000372529,0.8514851485148515,"[""search""]",True,False,2,0.0,[],0,0.0,[],[],[],0.0,[],[],0.0,Run 2::agentmemorybench:fact-mh-262k:context-0/factconsolidation_mh_262k_no86,False,True,False
Run 2,agentmemorybench:fact-mh-262k:context-0/factconsolidation_mh_262k_no86,2,3,0.6666666666666666,0.0,2.8124999683350325,1.0,"[""read""]",True,False,2,0.0,"[1,2]",2,1.0,[],"[1,2]","[1,2]",1.0,"[1,2]","[1,2]",1.0,Run 2::agentmemorybench:fact-mh-262k:context-0/factconsolidation_mh_262k_no86,True,True,False
Run 2,agentmemorybench:fact-mh-262k:context-0/factconsolidation_mh_262k_no86,3,3,1.0,1.0,9.062499887873855,1.0,"[""finish""]",True,False,2,1.0,"[1,2]",2,1.0,"[1,2]","[1,2]","[1,2]",1.0,"[1,2]","[1,2]",1.0,Run 2::agentmemorybench:fact-mh-262k:context-0/factconsolidation_mh_262k_no86,True,True,True
Run 2,agentmemorybench:fact-mh-262k:context-0/factconsolidation_mh_262k_no87,1,5,0.2,0.0,-5.250000104308128,0.8712871287128713,"[""search""]",True,False,3,0.0,[],0,0.0,[],[],[],0.0,[],[],0.0,Run 2::agentmemorybench:fact-mh-262k:context-0/factconsolidation_mh_262k_no87,False,True,False
Run 2,agentmemorybench:fact-mh-262k:context-0/factconsolidation_mh_262k_no87,2,5,0.4,0.0,0.4999999701976776,0.99009900990099,"[""search""]",True,False,3,0.0,[1],1,0.3333333333333333,[],[1],[1],0.3333333333333333,[1],[1],0.3333333333333333,Run 2::agentmemorybench:fact-mh-262k:context-0/factconsolidation_mh_262k_no87,True,True,False
Run 2,agentmemorybench:fact-mh-262k:context-0/factconsolidation_mh_262k_no87,3,5,0.6,0.0,-0.1875,1.0,"[""search""]",True,False,3,0.0,"[1,2]",2,0.6666666666666666,[],"[1,2]","[1,2]",0.6666666666666666,"[1,2]","[1,2]",0.6666666666666666,Run 2::agentmemorybench:fact-mh-262k:context-0/factconsolidation_mh_262k_no87,False,True,False
Run 2,agentmemorybench:fact-mh-262k:context-0/factconsolidation_mh_262k_no87,4,5,0.8,0.0,1.125,1.0,"[""read""]",True,False,3,0.0,"[2,3]",2,0.6666666666666666,[],"[2,3]","[2,3]",0.6666666666666666,"[1,2,3]","[1,2,3]",1.0,Run 2::agentmemorybench:fact-mh-262k:context-0/factconsolidation_mh_262k_no87,True,True,False
Run 2,agentmemorybench:fact-mh-262k:context-0/factconsolidation_mh_262k_no87,5,5,1.0,1.0,10.124999881649273,1.0,"[""finish""]",True,False,3,1.0,"[1,2,3]",3,1.0,"[1,2,3]","[1,2,3]","[1,2,3]",1.0,"[1,2,3]","[1,2,3]",1.0,Run 2::agentmemorybench:fact-mh-262k:context-0/factconsolidation_mh_262k_no87,True,True,True
Run 2,agentmemorybench:fact-mh-262k:context-0/factconsolidation_mh_262k_no88,1,4,0.25,0.0,-4.31249988777563,0.7722772277227723,"[""search""]",False,True,2,0.0,[],0,0.0,[],[],[],0.0,[],[],0.0,Run 2::agentmemorybench:fact-mh-262k:context-0/factconsolidation_mh_262k_no88,False,True,False
Run 2,agentmemorybench:fact-mh-262k:context-0/factconsolidation_mh_262k_no88,2,4,0.5,0.0,1.8750000298023224,1.0,"[""search""]",False,True,2,0.0,[1],1,0.5,[],[1],[1],0.5,[1],[1],0.5,Run 2::agentmemorybench:fact-mh-262k:context-0/factconsolidation_mh_262k_no88,True,True,False
Run 2,agentmemorybench:fact-mh-262k:context-0/factconsolidation_mh_262k_no88,3,4,0.75,0.0,0.375,1.0,"[""read""]",False,True,2,0.0,[2],1,0.5,[],[2],[2],0.5,"[1,2]","[1,2]",1.0,Run 2::agentmemorybench:fact-mh-262k:context-0/factconsolidation_mh_262k_no88,True,True,False
Run 2,agentmemorybench:fact-mh-262k:context-0/factconsolidation_mh_262k_no88,4,4,1.0,1.0,6.749999911815394,1.0,"[""finish""]",False,True,2,1.0,"[1,2]",2,1.0,"[1,2]","[1,2]","[1,2]",1.0,"[1,2]","[1,2]",1.0,Run 2::agentmemorybench:fact-mh-262k:context-0/factconsolidation_mh_262k_no88,True,True,True
Run 2,agentmemorybench:fact-mh-262k:context-0/factconsolidation_mh_262k_no89,1,7,0.1428571428571428,0.0,-5.12500011199154,0.5891089108910892,"[""search""]",True,False,2,0.0,[],0,0.0,[],[],[],0.0,[],[],0.0,Run 2::agentmemorybench:fact-mh-262k:context-0/factconsolidation_mh_262k_no89,False,True,False
Run 2,agentmemorybench:fact-mh-262k:context-0/factconsolidation_mh_262k_no89,2,7,0.2857142857142857,0.0,1.5624999552965164,0.9900990099009901,"[""read""]",True,False,2,0.0,[2],1,0.5,[],[2],[2],0.5,[2],[2],0.5,Run 2::agentmemorybench:fact-mh-262k:context-0/factconsolidation_mh_262k_no89,True,True,False
Run 2,agentmemorybench:fact-mh-262k:context-0/factconsolidation_mh_262k_no89,3,7,0.4285714285714285,0.0,6.312499814666808,1.0,"[""search""]",True,False,2,0.0,[2],1,0.5,[2],[2],[2],0.5,[2],[2],0.5,Run 2::agentmemorybench:fact-mh-262k:context-0/factconsolidation_mh_262k_no89,True,True,False
Run 2,agentmemorybench:fact-mh-262k:context-0/factconsolidation_mh_262k_no89,4,7,0.5714285714285714,0.0,3.1875001080334187,0.995049504950495,"[""read""]",True,False,2,0.0,[1],1,0.5,[],[1],[1],0.5,"[1,2]","[1,2]",1.0,Run 2::agentmemorybench:fact-mh-262k:context-0/factconsolidation_mh_262k_no89,True,True,False
Run 2,agentmemorybench:fact-mh-262k:context-0/factconsolidation_mh_262k_no89,5,7,0.7142857142857143,0.5,3.749999962747097,0.99009900990099,"[""search""]",True,False,2,0.5,[1],1,0.5,[1],[1],[1],0.5,"[1,2]","[1,2]",1.0,Run 2::agentmemorybench:fact-mh-262k:context-0/factconsolidation_mh_262k_no89,True,True,False
Run 2,agentmemorybench:fact-mh-262k:context-0/factconsolidation_mh_262k_no89,6,7,0.8571428571428571,0.5,3.4375000167638063,0.9900990099009901,"[""read""]",True,False,2,0.5,[2],1,0.5,[],[2],"[1,2]",1.0,"[1,2]","[1,2]",1.0,Run 2::agentmemorybench:fact-mh-262k:context-0/factconsolidation_mh_262k_no89,True,True,False
Run 2,agentmemorybench:fact-mh-262k:context-0/factconsolidation_mh_262k_no89,7,7,1.0,1.0,5.8749998902203515,0.995049504950495,"[""finish""]",True,False,2,1.0,[2],1,0.5,[2],[2],"[1,2]",1.0,"[1,2]","[1,2]",1.0,Run 2::agentmemorybench:fact-mh-262k:context-0/factconsolidation_mh_262k_no89,True,True,True
Run 2,agentmemorybench:fact-mh-262k:context-0/factconsolidation_mh_262k_no9,1,7,0.1428571428571428,0.0,-4.750000194646418,0.9752475247524752,"[""search""]",False,True,3,0.0,[],0,0.0,[],[],[],0.0,[],[],0.0,Run 2::agentmemorybench:fact-mh-262k:context-0/factconsolidation_mh_262k_no9,False,True,False
Run 2,agentmemorybench:fact-mh-262k:context-0/factconsolidation_mh_262k_no9,2,7,0.2857142857142857,0.0,1.75,1.0,"[""read""]",False,True,3,0.0,[1],1,0.3333333333333333,[],[1],[1],0.3333333333333333,[1],[1],0.3333333333333333,Run 2::agentmemorybench:fact-mh-262k:context-0/factconsolidation_mh_262k_no9,True,True,False
Run 2,agentmemorybench:fact-mh-262k:context-0/factconsolidation_mh_262k_no9,3,7,0.4285714285714285,0.3333333333333333,1.2500000298023224,1.0,"[""search""]",False,True,3,0.3333333333333333,[1],1,0.3333333333333333,[1],[1],[1],0.3333333333333333,[1],[1],0.3333333333333333,Run 2::agentmemorybench:fact-mh-262k:context-0/factconsolidation_mh_262k_no9,True,True,False
Run 2,agentmemorybench:fact-mh-262k:context-0/factconsolidation_mh_262k_no9,4,7,0.5714285714285714,0.3333333333333333,0.6875000298023224,1.0,"[""read""]",False,True,3,0.3333333333333333,[2],1,0.3333333333333333,[],[2],"[1,2]",0.6666666666666666,"[1,2]","[1,2]",0.6666666666666666,Run 2::agentmemorybench:fact-mh-262k:context-0/factconsolidation_mh_262k_no9,True,True,False
Run 2,agentmemorybench:fact-mh-262k:context-0/factconsolidation_mh_262k_no9,5,7,0.7142857142857143,0.6666666666666666,0.8124999701976776,1.0,"[""search""]",False,True,3,0.6666666666666666,[2],1,0.3333333333333333,[2],[2],"[1,2]",0.6666666666666666,"[1,2]","[1,2]",0.6666666666666666,Run 2::agentmemorybench:fact-mh-262k:context-0/factconsolidation_mh_262k_no9,True,True,False
Run 2,agentmemorybench:fact-mh-262k:context-0/factconsolidation_mh_262k_no9,6,7,0.8571428571428571,0.6666666666666666,3.375000111758709,1.0,"[""read""]",False,True,3,0.6666666666666666,[3],1,0.3333333333333333,[],[3],"[1,2,3]",1.0,"[1,2,3]","[1,2,3]",1.0,Run 2::agentmemorybench:fact-mh-262k:context-0/factconsolidation_mh_262k_no9,True,True,False
Run 2,agentmemorybench:fact-mh-262k:context-0/factconsolidation_mh_262k_no9,7,7,1.0,1.0,5.687500069150701,1.0,"[""finish""]",False,True,3,1.0,[3],1,0.3333333333333333,[3],[3],"[1,2,3]",1.0,"[1,2,3]","[1,2,3]",1.0,Run 2::agentmemorybench:fact-mh-262k:context-0/factconsolidation_mh_262k_no9,True,True,True
Run 2,agentmemorybench:fact-mh-262k:context-0/factconsolidation_mh_262k_no90,1,4,0.25,0.0,-4.624999930150807,0.8613861386138614,"[""search""]",True,False,2,0.0,[],0,0.0,[],[],[],0.0,[],[],0.0,Run 2::agentmemorybench:fact-mh-262k:context-0/factconsolidation_mh_262k_no90,False,True,False
Run 2,agentmemorybench:fact-mh-262k:context-0/factconsolidation_mh_262k_no90,2,4,0.5,0.0,1.8750000074505806,0.995049504950495,"[""search""]",True,False,2,0.0,[1],1,0.5,[],[1],[1],0.5,[1],[1],0.5,Run 2::agentmemorybench:fact-mh-262k:context-0/factconsolidation_mh_262k_no90,True,True,False
Run 2,agentmemorybench:fact-mh-262k:context-0/factconsolidation_mh_262k_no90,3,4,0.75,0.0,1.0624999552965164,0.99009900990099,"[""read""]",True,False,2,0.0,[2],1,0.5,[],[2],[2],0.5,"[1,2]","[1,2]",1.0,Run 2::agentmemorybench:fact-mh-262k:context-0/factconsolidation_mh_262k_no90,True,True,False
Run 2,agentmemorybench:fact-mh-262k:context-0/factconsolidation_mh_262k_no90,4,4,1.0,1.0,8.249999736450263,1.0,"[""finish""]",True,False,2,1.0,"[1,2]",2,1.0,"[1,2]","[1,2]","[1,2]",1.0,"[1,2]","[1,2]",1.0,Run 2::agentmemorybench:fact-mh-262k:context-0/factconsolidation_mh_262k_no90,True,True,True
Run 2,agentmemorybench:fact-mh-262k:context-0/factconsolidation_mh_262k_no91,1,17,0.0588235294117647,0.0,-4.062500194646418,0.8811881188118812,"[""search""]",False,True,3,0.0,[],0,0.0,[],[],[],0.0,[],[],0.0,Run 2::agentmemorybench:fact-mh-262k:context-0/factconsolidation_mh_262k_no91,False,True,False
Run 2,agentmemorybench:fact-mh-262k:context-0/factconsolidation_mh_262k_no91,2,17,0.1176470588235294,0.0,2.8750000707805157,1.0,"[""read""]",False,True,3,0.0,[1],1,0.3333333333333333,[],[1],[1],0.3333333333333333,[1],[1],0.3333333333333333,Run 2::agentmemorybench:fact-mh-262k:context-0/factconsolidation_mh_262k_no91,True,True,False
Run 2,agentmemorybench:fact-mh-262k:context-0/factconsolidation_mh_262k_no91,3,17,0.1764705882352941,0.3333333333333333,0.875,1.0,"[""search""]",False,True,3,0.3333333333333333,[1],1,0.3333333333333333,[1],[1],[1],0.3333333333333333,[1],[1],0.3333333333333333,Run 2::agentmemorybench:fact-mh-262k:context-0/factconsolidation_mh_262k_no91,True,True,False
Run 2,agentmemorybench:fact-mh-262k:context-0/factconsolidation_mh_262k_no91,4,17,0.2352941176470588,0.3333333333333333,1.3749999925494194,1.0,"[""read""]",False,True,3,0.3333333333333333,[],0,0.0,[],[],[1],0.3333333333333333,[1],[1],0.3333333333333333,Run 2::agentmemorybench:fact-mh-262k:context-0/factconsolidation_mh_262k_no91,True,True,False
Run 2,agentmemorybench:fact-mh-262k:context-0/factconsolidation_mh_262k_no91,5,17,0.2941176470588235,0.6666666666666666,4.187499970663339,1.0,"[""search""]",False,True,3,0.6666666666666666,[2],1,0.3333333333333333,[2],[2],"[1,2]",0.6666666666666666,"[1,2]","[1,2]",0.6666666666666666,Run 2::agentmemorybench:fact-mh-262k:context-0/factconsolidation_mh_262k_no91,True,True,False
Run 2,agentmemorybench:fact-mh-262k:context-0/factconsolidation_mh_262k_no91,6,17,0.3529411764705882,0.6666666666666666,3.0624999813735485,0.9851485148514851,"[""read""]",False,True,3,0.6666666666666666,[3],1,0.3333333333333333,[],[3],"[1,2,3]",1.0,"[1,2,3]","[1,2,3]",1.0,Run 2::agentmemorybench:fact-mh-262k:context-0/factconsolidation_mh_262k_no91,True,True,False
Run 2,agentmemorybench:fact-mh-262k:context-0/factconsolidation_mh_262k_no91,7,17,0.4117647058823529,1.0,3.562499958090484,1.0,"[""read""]",False,True,3,1.0,[3],1,0.3333333333333333,[3],[3],"[1,2,3]",1.0,"[1,2,3]","[1,2,3]",1.0,Run 2::agentmemorybench:fact-mh-262k:context-0/factconsolidation_mh_262k_no91,True,True,False
Run 2,agentmemorybench:fact-mh-262k:context-0/factconsolidation_mh_262k_no91,8,17,0.4705882352941176,1.0,5.1874999545980245,1.0,"[""search""]",False,True,3,1.0,[],0,0.0,[],[],"[1,2,3]",1.0,"[1,2,3]","[1,2,3]",1.0,Run 2::agentmemorybench:fact-mh-262k:context-0/factconsolidation_mh_262k_no91,True,True,False
Run 2,agentmemorybench:fact-mh-262k:context-0/factconsolidation_mh_262k_no91,9,17,0.5294117647058824,1.0,3.1249999944120646,1.0,"[""search""]",False,True,3,1.0,[],0,0.0,[],[],"[1,2,3]",1.0,"[1,2,3]","[1,2,3]",1.0,Run 2::agentmemorybench:fact-mh-262k:context-0/factconsolidation_mh_262k_no91,True,True,False
Run 2,agentmemorybench:fact-mh-262k:context-0/factconsolidation_mh_262k_no91,10,17,0.5882352941176471,1.0,2.937500035390258,1.0,"[""search""]",False,True,3,1.0,[],0,0.0,[],[],"[1,2,3]",1.0,"[1,2,3]","[1,2,3]",1.0,Run 2::agentmemorybench:fact-mh-262k:context-0/factconsolidation_mh_262k_no91,True,True,False
Run 2,agentmemorybench:fact-mh-262k:context-0/factconsolidation_mh_262k_no91,11,17,0.6470588235294118,1.0,2.4375000409781933,0.9851485148514851,"[""read""]",False,True,3,1.0,[],0,0.0,[],[],"[1,2,3]",1.0,"[1,2,3]","[1,2,3]",1.0,Run 2::agentmemorybench:fact-mh-262k:context-0/factconsolidation_mh_262k_no91,True,True,False
Run 2,agentmemorybench:fact-mh-262k:context-0/factconsolidation_mh_262k_no91,12,17,0.7058823529411765,1.0,2.3749998956918716,0.9900990099009901,"[""search""]",False,True,3,1.0,[],0,0.0,[],[],"[1,2,3]",1.0,"[1,2,3]","[1,2,3]",1.0,Run 2::agentmemorybench:fact-mh-262k:context-0/factconsolidation_mh_262k_no91,True,True,False
Run 2,agentmemorybench:fact-mh-262k:context-0/factconsolidation_mh_262k_no91,13,17,0.7647058823529411,1.0,1.6875000223517418,0.9306930693069306,"[""search""]",False,True,3,1.0,[],0,0.0,[],[],"[1,2,3]",1.0,"[1,2,3]","[1,2,3]",1.0,Run 2::agentmemorybench:fact-mh-262k:context-0/factconsolidation_mh_262k_no91,True,True,False
Run 2,agentmemorybench:fact-mh-262k:context-0/factconsolidation_mh_262k_no91,14,17,0.8235294117647058,1.0,2.312500026077032,0.9851485148514851,"[""read""]",False,True,3,1.0,[],0,0.0,[],[],"[1,2,3]",1.0,"[1,2,3]","[1,2,3]",1.0,Run 2::agentmemorybench:fact-mh-262k:context-0/factconsolidation_mh_262k_no91,True,True,False
Run 2,agentmemorybench:fact-mh-262k:context-0/factconsolidation_mh_262k_no91,15,17,0.8823529411764706,1.0,2.125000011175871,1.0,"[""read""]",False,True,3,1.0,[],0,0.0,[],[],"[1,2,3]",1.0,"[1,2,3]","[1,2,3]",1.0,Run 2::agentmemorybench:fact-mh-262k:context-0/factconsolidation_mh_262k_no91,True,True,False
Run 2,agentmemorybench:fact-mh-262k:context-0/factconsolidation_mh_262k_no91,16,17,0.9411764705882352,1.0,2.3124999962747097,0.995049504950495,"[""search""]",False,True,3,1.0,[],0,0.0,[],[],"[1,2,3]",1.0,"[1,2,3]","[1,2,3]",1.0,Run 2::agentmemorybench:fact-mh-262k:context-0/factconsolidation_mh_262k_no91,True,True,False
Run 2,agentmemorybench:fact-mh-262k:context-0/factconsolidation_mh_262k_no91,17,17,1.0,1.0,1.4999999925494194,0.9009900990099009,"[""finish""]",False,True,3,1.0,[],0,0.0,[],[],"[1,2,3]",1.0,"[1,2,3]","[1,2,3]",1.0,Run 2::agentmemorybench:fact-mh-262k:context-0/factconsolidation_mh_262k_no91,True,True,True
Run 2,agentmemorybench:fact-mh-262k:context-0/factconsolidation_mh_262k_no92,1,9,0.1111111111111111,0.0,-4.875000077299774,0.7970297029702971,"[""search""]",False,False,3,0.0,[],0,0.0,[],[],[],0.0,[],[],0.0,Run 2::agentmemorybench:fact-mh-262k:context-0/factconsolidation_mh_262k_no92,False,True,False
Run 2,agentmemorybench:fact-mh-262k:context-0/factconsolidation_mh_262k_no92,2,9,0.2222222222222222,0.0,1.625,1.0,"[""read""]",False,False,3,0.0,[],0,0.0,[],[],[],0.0,[],[],0.0,Run 2::agentmemorybench:fact-mh-262k:context-0/factconsolidation_mh_262k_no92,True,True,False
Run 2,agentmemorybench:fact-mh-262k:context-0/factconsolidation_mh_262k_no92,3,9,0.3333333333333333,0.0,0.1875,0.32178217821782173,"[""search""]",False,False,3,0.0,[],0,0.0,[],[],[],0.0,[],[],0.0,Run 2::agentmemorybench:fact-mh-262k:context-0/factconsolidation_mh_262k_no92,True,False,False
Run 2,agentmemorybench:fact-mh-262k:context-0/factconsolidation_mh_262k_no92,4,9,0.4444444444444444,0.0,1.8125000596046448,0.9851485148514851,"[""read""]",False,False,3,0.0,[],0,0.0,[],[],[],0.0,[],[],0.0,Run 2::agentmemorybench:fact-mh-262k:context-0/factconsolidation_mh_262k_no92,True,True,False
Run 2,agentmemorybench:fact-mh-262k:context-0/factconsolidation_mh_262k_no92,5,9,0.5555555555555556,0.0,5.062499897321686,1.0,"[""search""]",False,False,3,0.0,[],0,0.0,[],[],[],0.0,[],[],0.0,Run 2::agentmemorybench:fact-mh-262k:context-0/factconsolidation_mh_262k_no92,True,True,False
Run 2,agentmemorybench:fact-mh-262k:context-0/factconsolidation_mh_262k_no92,6,9,0.6666666666666666,0.0,5.124999830499291,0.9108910891089108,"[""search""]",False,False,3,0.0,[],0,0.0,[],[],[],0.0,[],[],0.0,Run 2::agentmemorybench:fact-mh-262k:context-0/factconsolidation_mh_262k_no92,True,True,False
Run 2,agentmemorybench:fact-mh-262k:context-0/factconsolidation_mh_262k_no92,7,9,0.7777777777777778,0.0,4.187499980442226,0.8613861386138614,"[""read""]",False,False,3,0.0,[],0,0.0,[],[],[],0.0,[],[],0.0,Run 2::agentmemorybench:fact-mh-262k:context-0/factconsolidation_mh_262k_no92,True,True,False
Run 2,agentmemorybench:fact-mh-262k:context-0/factconsolidation_mh_262k_no92,8,9,0.8888888888888888,0.0,5.874999956227839,0.9603960396039604,"[""read""]",False,False,3,0.0,[],0,0.0,[],[],[],0.0,[],[],0.0,Run 2::agentmemorybench:fact-mh-262k:context-0/factconsolidation_mh_262k_no92,True,True,False
Run 2,agentmemorybench:fact-mh-262k:context-0/factconsolidation_mh_262k_no92,9,9,1.0,0.0,2.9375000186264515,0.9801980198019802,"[""finish""]",False,False,3,0.0,[],0,0.0,[],[],[],0.0,[],[],0.0,Run 2::agentmemorybench:fact-mh-262k:context-0/factconsolidation_mh_262k_no92,True,True,True
Run 2,agentmemorybench:fact-mh-262k:context-0/factconsolidation_mh_262k_no93,1,4,0.25,0.0,-4.437500040046871,0.698019801980198,"[""search""]",False,False,4,0.0,[],0,0.0,[],[],[],0.0,[],[],0.0,Run 2::agentmemorybench:fact-mh-262k:context-0/factconsolidation_mh_262k_no93,False,True,False
Run 2,agentmemorybench:fact-mh-262k:context-0/factconsolidation_mh_262k_no93,2,4,0.5,0.0,1.1249999403953552,0.9108910891089108,"[""search""]",False,False,4,0.0,[],0,0.0,[],[],[],0.0,[],[],0.0,Run 2::agentmemorybench:fact-mh-262k:context-0/factconsolidation_mh_262k_no93,True,True,False
Run 2,agentmemorybench:fact-mh-262k:context-0/factconsolidation_mh_262k_no93,3,4,0.75,0.0,1.25,0.9158415841584158,"[""read""]",False,False,4,0.0,[],0,0.0,[],[],[],0.0,[],[],0.0,Run 2::agentmemorybench:fact-mh-262k:context-0/factconsolidation_mh_262k_no93,True,True,False
Run 2,agentmemorybench:fact-mh-262k:context-0/factconsolidation_mh_262k_no93,4,4,1.0,0.0,6.874999941559508,1.0,"[""finish""]",False,False,4,0.0,[],0,0.0,[],[],[],0.0,[],[],0.0,Run 2::agentmemorybench:fact-mh-262k:context-0/factconsolidation_mh_262k_no93,True,True,True
Run 2,agentmemorybench:fact-mh-262k:context-0/factconsolidation_mh_262k_no94,1,4,0.25,0.0,-3.7500000689178705,0.9207920792079207,"[""search""]",True,False,2,0.0,[],0,0.0,[],[],[],0.0,[],[],0.0,Run 2::agentmemorybench:fact-mh-262k:context-0/factconsolidation_mh_262k_no94,False,True,False
Run 2,agentmemorybench:fact-mh-262k:context-0/factconsolidation_mh_262k_no94,2,4,0.5,0.0,3.250000022351742,1.0,"[""search""]",True,False,2,0.0,[1],1,0.5,[],[1],[1],0.5,[1],[1],0.5,Run 2::agentmemorybench:fact-mh-262k:context-0/factconsolidation_mh_262k_no94,True,True,False
Run 2,agentmemorybench:fact-mh-262k:context-0/factconsolidation_mh_262k_no94,3,4,0.75,0.0,1.2500000149011612,0.7673267326732673,"[""read""]",True,False,2,0.0,[2],1,0.5,[],[2],[2],0.5,"[1,2]","[1,2]",1.0,Run 2::agentmemorybench:fact-mh-262k:context-0/factconsolidation_mh_262k_no94,True,True,False
Run 2,agentmemorybench:fact-mh-262k:context-0/factconsolidation_mh_262k_no94,4,4,1.0,1.0,7.24999984409078,1.0,"[""finish""]",True,False,2,1.0,"[1,2]",2,1.0,"[1,2]","[1,2]","[1,2]",1.0,"[1,2]","[1,2]",1.0,Run 2::agentmemorybench:fact-mh-262k:context-0/factconsolidation_mh_262k_no94,True,True,True
Run 2,agentmemorybench:fact-mh-262k:context-0/factconsolidation_mh_262k_no95,1,13,0.0769230769230769,0.0,-5.374999989988282,0.8712871287128713,"[""search""]",True,False,2,0.0,[],0,0.0,[],[],[],0.0,[],[],0.0,Run 2::agentmemorybench:fact-mh-262k:context-0/factconsolidation_mh_262k_no95,False,True,False
Run 2,agentmemorybench:fact-mh-262k:context-0/factconsolidation_mh_262k_no95,2,13,0.1538461538461538,0.0,-1.3124999776482582,0.8514851485148516,"[""read""]",True,False,2,0.0,[],0,0.0,[],[],[],0.0,[],[],0.0,Run 2::agentmemorybench:fact-mh-262k:context-0/factconsolidation_mh_262k_no95,False,True,False
Run 2,agentmemorybench:fact-mh-262k:context-0/factconsolidation_mh_262k_no95,3,13,0.2307692307692307,0.5,6.312500013969839,1.0,"[""search""]",True,False,2,0.5,[1],1,0.5,[1],[1],[1],0.5,[1],[1],0.5,Run 2::agentmemorybench:fact-mh-262k:context-0/factconsolidation_mh_262k_no95,True,True,False
Run 2,agentmemorybench:fact-mh-262k:context-0/factconsolidation_mh_262k_no95,4,13,0.3076923076923077,0.5,3.124999925494194,0.9851485148514851,"[""search""]",True,False,2,0.5,[],0,0.0,[],[],[1],0.5,[1],[1],0.5,Run 2::agentmemorybench:fact-mh-262k:context-0/factconsolidation_mh_262k_no95,True,True,False
Run 2,agentmemorybench:fact-mh-262k:context-0/factconsolidation_mh_262k_no95,5,13,0.3846153846153846,0.5,0.7500000149011612,0.995049504950495,"[""search""]",True,False,2,0.5,[],0,0.0,[],[],[1],0.5,[1],[1],0.5,Run 2::agentmemorybench:fact-mh-262k:context-0/factconsolidation_mh_262k_no95,True,True,False
Run 2,agentmemorybench:fact-mh-262k:context-0/factconsolidation_mh_262k_no95,6,13,0.4615384615384615,0.5,-0.375,1.0,"[""search""]",True,False,2,0.5,[],0,0.0,[],[],[1],0.5,[1],[1],0.5,Run 2::agentmemorybench:fact-mh-262k:context-0/factconsolidation_mh_262k_no95,False,True,False
Run 2,agentmemorybench:fact-mh-262k:context-0/factconsolidation_mh_262k_no95,7,13,0.5384615384615384,0.5,0.5625,1.0,"[""search""]",True,False,2,0.5,[],0,0.0,[],[],[1],0.5,[1],[1],0.5,Run 2::agentmemorybench:fact-mh-262k:context-0/factconsolidation_mh_262k_no95,True,True,False
Run 2,agentmemorybench:fact-mh-262k:context-0/factconsolidation_mh_262k_no95,8,13,0.6153846153846154,0.5,2.062499947845936,1.0,"[""read""]",True,False,2,0.5,[],0,0.0,[],[],[1],0.5,[1],[1],0.5,Run 2::agentmemorybench:fact-mh-262k:context-0/factconsolidation_mh_262k_no95,True,True,False
Run 2,agentmemorybench:fact-mh-262k:context-0/factconsolidation_mh_262k_no95,9,13,0.6923076923076923,0.5,2.249999910593033,0.995049504950495,"[""search""]",True,False,2,0.5,[],0,0.0,[],[],[1],0.5,[1],[1],0.5,Run 2::agentmemorybench:fact-mh-262k:context-0/factconsolidation_mh_262k_no95,True,True,False
Run 2,agentmemorybench:fact-mh-262k:context-0/factconsolidation_mh_262k_no95,10,13,0.7692307692307693,0.5,2.3124999552965164,0.9900990099009901,"[""read""]",True,False,2,0.5,[2],1,0.5,[],[2],"[1,2]",1.0,"[1,2]","[1,2]",1.0,Run 2::agentmemorybench:fact-mh-262k:context-0/factconsolidation_mh_262k_no95,True,True,False
Run 2,agentmemorybench:fact-mh-262k:context-0/factconsolidation_mh_262k_no95,11,13,0.8461538461538461,1.0,2.0,1.0,"[""search""]",True,False,2,1.0,[2],1,0.5,[2],[2],"[1,2]",1.0,"[1,2]","[1,2]",1.0,Run 2::agentmemorybench:fact-mh-262k:context-0/factconsolidation_mh_262k_no95,True,True,False
Run 2,agentmemorybench:fact-mh-262k:context-0/factconsolidation_mh_262k_no95,12,13,0.9230769230769232,1.0,0.5624999850988388,0.9108910891089108,"[""search""]",True,False,2,1.0,[],0,0.0,[],[],"[1,2]",1.0,"[1,2]","[1,2]",1.0,Run 2::agentmemorybench:fact-mh-262k:context-0/factconsolidation_mh_262k_no95,True,True,False
Run 2,agentmemorybench:fact-mh-262k:context-0/factconsolidation_mh_262k_no95,13,13,1.0,1.0,0.6250000149011612,0.6386138613861386,"[""finish""]",True,False,2,1.0,[],0,0.0,[],[],"[1,2]",1.0,"[1,2]","[1,2]",1.0,Run 2::agentmemorybench:fact-mh-262k:context-0/factconsolidation_mh_262k_no95,True,True,True
Run 2,agentmemorybench:fact-mh-262k:context-0/factconsolidation_mh_262k_no96,1,8,0.125,0.0,-4.7500001564621925,0.8712871287128713,"[""search""]",False,True,3,0.0,[],0,0.0,[],[],[],0.0,[],[],0.0,Run 2::agentmemorybench:fact-mh-262k:context-0/factconsolidation_mh_262k_no96,False,True,False
Run 2,agentmemorybench:fact-mh-262k:context-0/factconsolidation_mh_262k_no96,2,8,0.25,0.0,1.7500000223517418,1.0,"[""read"",""search""]",False,True,3,0.0,[1],1,0.3333333333333333,[],[1],[1],0.3333333333333333,[1],[1],0.3333333333333333,Run 2::agentmemorybench:fact-mh-262k:context-0/factconsolidation_mh_262k_no96,True,True,False
Run 2,agentmemorybench:fact-mh-262k:context-0/factconsolidation_mh_262k_no96,3,8,0.375,0.3333333333333333,3.0000000577419996,1.0,"[""read""]",False,True,3,0.3333333333333333,[1],1,0.3333333333333333,[1],[1],[1],0.3333333333333333,[1],[1],0.3333333333333333,Run 2::agentmemorybench:fact-mh-262k:context-0/factconsolidation_mh_262k_no96,True,True,False
Run 2,agentmemorybench:fact-mh-262k:context-0/factconsolidation_mh_262k_no96,4,8,0.5,0.3333333333333333,2.0000000298023224,0.995049504950495,"[""search""]",False,True,3,0.3333333333333333,[],0,0.0,[],[],[1],0.3333333333333333,[1],[1],0.3333333333333333,Run 2::agentmemorybench:fact-mh-262k:context-0/factconsolidation_mh_262k_no96,True,True,False
Run 2,agentmemorybench:fact-mh-262k:context-0/factconsolidation_mh_262k_no96,5,8,0.625,0.3333333333333333,2.374999973922968,0.9801980198019802,"[""read""]",False,True,3,0.3333333333333333,[],0,0.0,[],[],[1],0.3333333333333333,[1],[1],0.3333333333333333,Run 2::agentmemorybench:fact-mh-262k:context-0/factconsolidation_mh_262k_no96,True,True,False
Run 2,agentmemorybench:fact-mh-262k:context-0/factconsolidation_mh_262k_no96,6,8,0.75,0.3333333333333333,1.7500000447034836,0.7277227722772277,"[""search""]",False,True,3,0.3333333333333333,[],0,0.0,[],[],[1],0.3333333333333333,[1],[1],0.3333333333333333,Run 2::agentmemorybench:fact-mh-262k:context-0/factconsolidation_mh_262k_no96,True,True,False
Run 2,agentmemorybench:fact-mh-262k:context-0/factconsolidation_mh_262k_no96,7,8,0.875,0.3333333333333333,2.1249999552965164,0.9603960396039604,"[""search""]",False,True,3,0.3333333333333333,[],0,0.0,[],[],[1],0.3333333333333333,[1],[1],0.3333333333333333,Run 2::agentmemorybench:fact-mh-262k:context-0/factconsolidation_mh_262k_no96,True,True,False
Run 2,agentmemorybench:fact-mh-262k:context-0/factconsolidation_mh_262k_no96,8,8,1.0,0.3333333333333333,3.3125000707805157,0.8465346534653465,"[""finish""]",False,True,3,0.3333333333333333,[],0,0.0,[],[],[1],0.3333333333333333,[1],[1],0.3333333333333333,Run 2::agentmemorybench:fact-mh-262k:context-0/factconsolidation_mh_262k_no96,True,True,True
Run 2,agentmemorybench:fact-mh-262k:context-0/factconsolidation_mh_262k_no97,1,5,0.2,0.0,-4.125000232830644,0.9554455445544554,"[""search""]",True,False,2,0.0,[],0,0.0,[],[],[],0.0,[],[],0.0,Run 2::agentmemorybench:fact-mh-262k:context-0/factconsolidation_mh_262k_no97,False,True,False
Run 2,agentmemorybench:fact-mh-262k:context-0/factconsolidation_mh_262k_no97,2,5,0.4,0.0,1.8124999478459358,1.0,"[""read""]",True,False,2,0.0,[1],1,0.5,[],[1],[1],0.5,[1],[1],0.5,Run 2::agentmemorybench:fact-mh-262k:context-0/factconsolidation_mh_262k_no97,True,True,False
Run 2,agentmemorybench:fact-mh-262k:context-0/factconsolidation_mh_262k_no97,3,5,0.6,0.5,5.874999972409569,1.0,"[""search""]",True,False,2,0.5,[1],1,0.5,[1],[1],[1],0.5,[1],[1],0.5,Run 2::agentmemorybench:fact-mh-262k:context-0/factconsolidation_mh_262k_no97,True,True,False
Run 2,agentmemorybench:fact-mh-262k:context-0/factconsolidation_mh_262k_no97,4,5,0.8,0.5,2.4999999925494194,0.9801980198019802,"[""read""]",True,False,2,0.5,[2],1,0.5,[],[2],"[1,2]",1.0,"[1,2]","[1,2]",1.0,Run 2::agentmemorybench:fact-mh-262k:context-0/factconsolidation_mh_262k_no97,True,True,False
Run 2,agentmemorybench:fact-mh-262k:context-0/factconsolidation_mh_262k_no97,5,5,1.0,1.0,7.999999879597453,0.9752475247524752,"[""finish""]",True,False,2,1.0,[2],1,0.5,[2],[2],"[1,2]",1.0,"[1,2]","[1,2]",1.0,Run 2::agentmemorybench:fact-mh-262k:context-0/factconsolidation_mh_262k_no97,True,True,True
Run 2,agentmemorybench:fact-mh-262k:context-0/factconsolidation_mh_262k_no98,1,19,0.0526315789473684,0.0,-5.187500147148967,0.7970297029702971,"[""search""]",False,True,3,0.0,[],0,0.0,[],[],[],0.0,[],[],0.0,Run 2::agentmemorybench:fact-mh-262k:context-0/factconsolidation_mh_262k_no98,False,True,False
Run 2,agentmemorybench:fact-mh-262k:context-0/factconsolidation_mh_262k_no98,2,19,0.1052631578947368,0.0,-1.0625000298023224,0.995049504950495,"[""search""]",False,True,3,0.0,[1],1,0.3333333333333333,[],[1],[1],0.3333333333333333,[1],[1],0.3333333333333333,Run 2::agentmemorybench:fact-mh-262k:context-0/factconsolidation_mh_262k_no98,False,True,False
Run 2,agentmemorybench:fact-mh-262k:context-0/factconsolidation_mh_262k_no98,3,19,0.1578947368421052,0.0,0.6874999701976776,0.995049504950495,"[""read""]",False,True,3,0.0,[2],1,0.3333333333333333,[],[2],[2],0.3333333333333333,"[1,2]","[1,2]",0.6666666666666666,Run 2::agentmemorybench:fact-mh-262k:context-0/factconsolidation_mh_262k_no98,True,True,False
Run 2,agentmemorybench:fact-mh-262k:context-0/factconsolidation_mh_262k_no98,4,19,0.2105263157894736,0.6666666666666666,-0.0625,0.7920792079207921,"[""search""]",False,True,3,0.6666666666666666,"[1,2]",2,0.6666666666666666,"[1,2]","[1,2]","[1,2]",0.6666666666666666,"[1,2]","[1,2]",0.6666666666666666,Run 2::agentmemorybench:fact-mh-262k:context-0/factconsolidation_mh_262k_no98,False,True,False
Run 2,agentmemorybench:fact-mh-262k:context-0/factconsolidation_mh_262k_no98,5,19,0.2631578947368421,0.6666666666666666,0.375,0.04455445544554455,"[""search""]",False,True,3,0.6666666666666666,[],0,0.0,[],[],"[1,2]",0.6666666666666666,"[1,2]","[1,2]",0.6666666666666666,Run 2::agentmemorybench:fact-mh-262k:context-0/factconsolidation_mh_262k_no98,True,False,False
Run 2,agentmemorybench:fact-mh-262k:context-0/factconsolidation_mh_262k_no98,6,19,0.3157894736842105,0.6666666666666666,-3.0624999571591616,0.11386138613861385,"[""search""]",False,True,3,0.6666666666666666,[],0,0.0,[],[],"[1,2]",0.6666666666666666,"[1,2]","[1,2]",0.6666666666666666,Run 2::agentmemorybench:fact-mh-262k:context-0/factconsolidation_mh_262k_no98,False,False,False
Run 2,agentmemorybench:fact-mh-262k:context-0/factconsolidation_mh_262k_no98,7,19,0.3684210526315789,0.6666666666666666,-3.0000000428408384,0.5792079207920792,"[""search""]",False,True,3,0.6666666666666666,[],0,0.0,[],[],"[1,2]",0.6666666666666666,"[1,2]","[1,2]",0.6666666666666666,Run 2::agentmemorybench:fact-mh-262k:context-0/factconsolidation_mh_262k_no98,False,True,False
Run 2,agentmemorybench:fact-mh-262k:context-0/factconsolidation_mh_262k_no98,8,19,0.4210526315789473,0.6666666666666666,-4.250000116415322,0.09405940594059406,"[""search""]",False,True,3,0.6666666666666666,[],0,0.0,[],[],"[1,2]",0.6666666666666666,"[1,2]","[1,2]",0.6666666666666666,Run 2::agentmemorybench:fact-mh-262k:context-0/factconsolidation_mh_262k_no98,False,False,False
Run 2,agentmemorybench:fact-mh-262k:context-0/factconsolidation_mh_262k_no98,9,19,0.4736842105263157,0.6666666666666666,-4.624999990686774,0.0693069306930693,"[""search""]",False,True,3,0.6666666666666666,[],0,0.0,[],[],"[1,2]",0.6666666666666666,"[1,2]","[1,2]",0.6666666666666666,Run 2::agentmemorybench:fact-mh-262k:context-0/factconsolidation_mh_262k_no98,False,False,False
Run 2,agentmemorybench:fact-mh-262k:context-0/factconsolidation_mh_262k_no98,10,19,0.5263157894736842,0.6666666666666666,-4.249999951105565,0.20297029702970296,"[""read""]",False,True,3,0.6666666666666666,[],0,0.0,[],[],"[1,2]",0.6666666666666666,"[1,2]","[1,2]",0.6666666666666666,Run 2::agentmemorybench:fact-mh-262k:context-0/factconsolidation_mh_262k_no98,False,False,False
Run 2,agentmemorybench:fact-mh-262k:context-0/factconsolidation_mh_262k_no98,11,19,0.5789473684210527,0.6666666666666666,-3.500000021420419,0.32178217821782173,"[""read""]",False,True,3,0.6666666666666666,[],0,0.0,[],[],"[1,2]",0.6666666666666666,"[1,2]","[1,2]",0.6666666666666666,Run 2::agentmemorybench:fact-mh-262k:context-0/factconsolidation_mh_262k_no98,False,False,False
Run 2,agentmemorybench:fact-mh-262k:context-0/factconsolidation_mh_262k_no98,12,19,0.631578947368421,0.6666666666666666,-2.9374999068677425,0.3564356435643564,"[""read""]",False,True,3,0.6666666666666666,"[1,2]",2,0.6666666666666666,"[1,2]","[1,2]","[1,2]",0.6666666666666666,"[1,2]","[1,2]",0.6666666666666666,Run 2::agentmemorybench:fact-mh-262k:context-0/factconsolidation_mh_262k_no98,False,False,False
Run 2,agentmemorybench:fact-mh-262k:context-0/factconsolidation_mh_262k_no98,13,19,0.6842105263157895,1.0,-4.062500037252903,0.7475247524752475,"[""read""]",False,True,3,1.0,[3],1,0.3333333333333333,[3],[3],"[1,2,3]",1.0,"[1,2,3]","[1,2,3]",1.0,Run 2::agentmemorybench:fact-mh-262k:context-0/factconsolidation_mh_262k_no98,False,True,False
Run 2,agentmemorybench:fact-mh-262k:context-0/factconsolidation_mh_262k_no98,14,19,0.7368421052631579,1.0,-3.8750000316649675,0.18316831683168316,"[""read""]",False,True,3,1.0,[],0,0.0,[],[],"[1,2,3]",1.0,"[1,2,3]","[1,2,3]",1.0,Run 2::agentmemorybench:fact-mh-262k:context-0/factconsolidation_mh_262k_no98,False,False,False
Run 2,agentmemorybench:fact-mh-262k:context-0/factconsolidation_mh_262k_no98,15,19,0.7894736842105263,1.0,-4.625000104308128,0.30693069306930687,"[""read""]",False,True,3,1.0,[],0,0.0,[],[],"[1,2,3]",1.0,"[1,2,3]","[1,2,3]",1.0,Run 2::agentmemorybench:fact-mh-262k:context-0/factconsolidation_mh_262k_no98,False,False,False
Run 2,agentmemorybench:fact-mh-262k:context-0/factconsolidation_mh_262k_no98,16,19,0.8421052631578947,1.0,-3.7499999683350325,0.5742574257425743,"[""read""]",False,True,3,1.0,[],0,0.0,[],[],"[1,2,3]",1.0,"[1,2,3]","[1,2,3]",1.0,Run 2::agentmemorybench:fact-mh-262k:context-0/factconsolidation_mh_262k_no98,False,True,False
Run 2,agentmemorybench:fact-mh-262k:context-0/factconsolidation_mh_262k_no98,17,19,0.8947368421052632,1.0,-4.312499886844307,0.28217821782178215,"[""read""]",False,True,3,1.0,[],0,0.0,[],[],"[1,2,3]",1.0,"[1,2,3]","[1,2,3]",1.0,Run 2::agentmemorybench:fact-mh-262k:context-0/factconsolidation_mh_262k_no98,False,False,False
Run 2,agentmemorybench:fact-mh-262k:context-0/factconsolidation_mh_262k_no98,18,19,0.9473684210526316,1.0,-3.4375000903382897,0.6782178217821782,"[""read""]",False,True,3,1.0,[],0,0.0,[],[],"[1,2,3]",1.0,"[1,2,3]","[1,2,3]",1.0,Run 2::agentmemorybench:fact-mh-262k:context-0/factconsolidation_mh_262k_no98,False,True,False
Run 2,agentmemorybench:fact-mh-262k:context-0/factconsolidation_mh_262k_no98,19,19,1.0,1.0,-3.6250000139698386,0.18811881188118812,"[""finish""]",False,True,3,1.0,[],0,0.0,[],[],"[1,2,3]",1.0,"[1,2,3]","[1,2,3]",1.0,Run 2::agentmemorybench:fact-mh-262k:context-0/factconsolidation_mh_262k_no98,False,False,True
Run 2,agentmemorybench:fact-mh-262k:context-0/factconsolidation_mh_262k_no99,1,14,0.0714285714285714,0.0,-4.1249999441206455,0.8663366336633663,"[""search""]",False,True,3,0.0,[],0,0.0,[],[],[],0.0,[],[],0.0,Run 2::agentmemorybench:fact-mh-262k:context-0/factconsolidation_mh_262k_no99,False,True,False
Run 2,agentmemorybench:fact-mh-262k:context-0/factconsolidation_mh_262k_no99,2,14,0.1428571428571428,0.0,2.187499962747097,0.9851485148514851,"[""search""]",False,True,3,0.0,[1],1,0.3333333333333333,[],[1],[1],0.3333333333333333,[1],[1],0.3333333333333333,Run 2::agentmemorybench:fact-mh-262k:context-0/factconsolidation_mh_262k_no99,True,True,False
Run 2,agentmemorybench:fact-mh-262k:context-0/factconsolidation_mh_262k_no99,3,14,0.2142857142857142,0.0,3.7499999292194843,0.995049504950495,"[""read""]",False,True,3,0.0,"[1,2]",2,0.6666666666666666,[],"[1,2]","[1,2]",0.6666666666666666,"[1,2]","[1,2]",0.6666666666666666,Run 2::agentmemorybench:fact-mh-262k:context-0/factconsolidation_mh_262k_no99,True,True,False
Run 2,agentmemorybench:fact-mh-262k:context-0/factconsolidation_mh_262k_no99,4,14,0.2857142857142857,0.6666666666666666,0.0625,0.12871287128712872,"[""search""]",False,True,3,0.6666666666666666,"[1,2]",2,0.6666666666666666,"[1,2]","[1,2]","[1,2]",0.6666666666666666,"[1,2]","[1,2]",0.6666666666666666,Run 2::agentmemorybench:fact-mh-262k:context-0/factconsolidation_mh_262k_no99,True,False,False
Run 2,agentmemorybench:fact-mh-262k:context-0/factconsolidation_mh_262k_no99,5,14,0.3571428571428571,0.6666666666666666,-0.1875,0.37128712871287123,"[""search""]",False,True,3,0.6666666666666666,[2],1,0.3333333333333333,[],[2],"[1,2]",0.6666666666666666,"[1,2]","[1,2]",0.6666666666666666,Run 2::agentmemorybench:fact-mh-262k:context-0/factconsolidation_mh_262k_no99,False,False,False
Run 2,agentmemorybench:fact-mh-262k:context-0/factconsolidation_mh_262k_no99,6,14,0.4285714285714285,0.6666666666666666,-1.1874999850988388,0.9851485148514851,"[""read""]",False,True,3,0.6666666666666666,[2],1,0.3333333333333333,[],[2],"[1,2]",0.6666666666666666,"[1,2]","[1,2]",0.6666666666666666,Run 2::agentmemorybench:fact-mh-262k:context-0/factconsolidation_mh_262k_no99,False,True,False
Run 2,agentmemorybench:fact-mh-262k:context-0/factconsolidation_mh_262k_no99,7,14,0.5,0.6666666666666666,-2.374999947845936,0.886138613861386,"[""search""]",False,True,3,0.6666666666666666,[],0,0.0,[],[],"[1,2]",0.6666666666666666,"[1,2]","[1,2]",0.6666666666666666,Run 2::agentmemorybench:fact-mh-262k:context-0/factconsolidation_mh_262k_no99,False,True,False
Run 2,agentmemorybench:fact-mh-262k:context-0/factconsolidation_mh_262k_no99,8,14,0.5714285714285714,0.6666666666666666,-3.2500000186264515,0.5594059405940595,"[""search""]",False,True,3,0.6666666666666666,[],0,0.0,[],[],"[1,2]",0.6666666666666666,"[1,2]","[1,2]",0.6666666666666666,Run 2::agentmemorybench:fact-mh-262k:context-0/factconsolidation_mh_262k_no99,False,True,False
Run 2,agentmemorybench:fact-mh-262k:context-0/factconsolidation_mh_262k_no99,9,14,0.6428571428571429,0.6666666666666666,-4.312500024214387,0.37128712871287123,"[""search""]",False,True,3,0.6666666666666666,[],0,0.0,[],[],"[1,2]",0.6666666666666666,"[1,2]","[1,2]",0.6666666666666666,Run 2::agentmemorybench:fact-mh-262k:context-0/factconsolidation_mh_262k_no99,False,False,False
Run 2,agentmemorybench:fact-mh-262k:context-0/factconsolidation_mh_262k_no99,10,14,0.7142857142857143,0.6666666666666666,-5.312499984400347,0.8366336633663366,"[""read""]",False,True,3,0.6666666666666666,[],0,0.0,[],[],"[1,2]",0.6666666666666666,"[1,2]","[1,2]",0.6666666666666666,Run 2::agentmemorybench:fact-mh-262k:context-0/factconsolidation_mh_262k_no99,False,True,False
Run 2,agentmemorybench:fact-mh-262k:context-0/factconsolidation_mh_262k_no99,11,14,0.7857142857142857,0.6666666666666666,-4.687499896623194,0.1386138613861386,"[""read""]",False,True,3,0.6666666666666666,[],0,0.0,[],[],"[1,2]",0.6666666666666666,"[1,2]","[1,2]",0.6666666666666666,Run 2::agentmemorybench:fact-mh-262k:context-0/factconsolidation_mh_262k_no99,False,False,False
Run 2,agentmemorybench:fact-mh-262k:context-0/factconsolidation_mh_262k_no99,12,14,0.8571428571428571,0.6666666666666666,-4.125000058673322,0.39108910891089105,"[""search""]",False,True,3,0.6666666666666666,[],0,0.0,[],[],"[1,2]",0.6666666666666666,"[1,2]","[1,2]",0.6666666666666666,Run 2::agentmemorybench:fact-mh-262k:context-0/factconsolidation_mh_262k_no99,False,False,False
Run 2,agentmemorybench:fact-mh-262k:context-0/factconsolidation_mh_262k_no99,13,14,0.9285714285714286,0.6666666666666666,-5.187499785562977,0.5693069306930694,"[""read""]",False,True,3,0.6666666666666666,[],0,0.0,[],[],"[1,2]",0.6666666666666666,"[1,2]","[1,2]",0.6666666666666666,Run 2::agentmemorybench:fact-mh-262k:context-0/factconsolidation_mh_262k_no99,False,True,False
Run 2,agentmemorybench:fact-mh-262k:context-0/factconsolidation_mh_262k_no99,14,14,1.0,0.6666666666666666,-4.43750006519258,0.39108910891089105,"[""finish""]",False,True,3,0.6666666666666666,[],0,0.0,[],[],"[1,2]",0.6666666666666666,"[1,2]","[1,2]",0.6666666666666666,Run 2::agentmemorybench:fact-mh-262k:context-0/factconsolidation_mh_262k_no99,False,False,True
Run 3,agentmemorybench:fact-mh-262k:context-0/factconsolidation_mh_262k_no0,1,6,0.1666666666666666,0.0,-4.812499966239557,0.9504950495049507,"[""search""]",True,False,3,0.0,[],0,0.0,[],[],[],0.0,[],[],0.0,Run 3::agentmemorybench:fact-mh-262k:context-0/factconsolidation_mh_262k_no0,False,True,False
Run 3,agentmemorybench:fact-mh-262k:context-0/factconsolidation_mh_262k_no0,2,6,0.3333333333333333,0.0,1.7500000149011612,1.0,"[""read""]",True,False,3,0.0,[1],1,0.3333333333333333,[],[1],[1],0.3333333333333333,[1],[1],0.3333333333333333,Run 3::agentmemorybench:fact-mh-262k:context-0/factconsolidation_mh_262k_no0,True,True,False
Run 3,agentmemorybench:fact-mh-262k:context-0/factconsolidation_mh_262k_no0,3,6,0.5,0.6666666666666666,5.000000101979822,1.0,"[""search""]",True,False,3,0.6666666666666666,"[1,2]",2,0.6666666666666666,"[1,2]","[1,2]","[1,2]",0.6666666666666666,"[1,2]","[1,2]",0.6666666666666666,Run 3::agentmemorybench:fact-mh-262k:context-0/factconsolidation_mh_262k_no0,True,True,False
Run 3,agentmemorybench:fact-mh-262k:context-0/factconsolidation_mh_262k_no0,4,6,0.6666666666666666,0.6666666666666666,2.3125000596046448,0.995049504950495,"[""read""]",True,False,3,0.6666666666666666,[],0,0.0,[],[],"[1,2]",0.6666666666666666,"[1,2]","[1,2]",0.6666666666666666,Run 3::agentmemorybench:fact-mh-262k:context-0/factconsolidation_mh_262k_no0,True,True,False
Run 3,agentmemorybench:fact-mh-262k:context-0/factconsolidation_mh_262k_no0,5,6,0.8333333333333334,1.0,3.6250000270083547,0.995049504950495,"[""read""]",True,False,3,1.0,[3],1,0.3333333333333333,[3],[3],"[1,2,3]",1.0,"[1,2,3]","[1,2,3]",1.0,Run 3::agentmemorybench:fact-mh-262k:context-0/factconsolidation_mh_262k_no0,True,True,False
Run 3,agentmemorybench:fact-mh-262k:context-0/factconsolidation_mh_262k_no0,6,6,1.0,1.0,5.499999931780621,1.0,"[""finish""]",True,False,3,1.0,[],0,0.0,[],[],"[1,2,3]",1.0,"[1,2,3]","[1,2,3]",1.0,Run 3::agentmemorybench:fact-mh-262k:context-0/factconsolidation_mh_262k_no0,True,True,True
Run 3,agentmemorybench:fact-mh-262k:context-0/factconsolidation_mh_262k_no1,1,4,0.25,0.0,-3.750000052154064,0.801980198019802,"[""search""]",True,False,2,0.0,[],0,0.0,[],[],[],0.0,[],[],0.0,Run 3::agentmemorybench:fact-mh-262k:context-0/factconsolidation_mh_262k_no1,False,True,False
Run 3,agentmemorybench:fact-mh-262k:context-0/factconsolidation_mh_262k_no1,2,4,0.5,0.0,1.8749998807907104,1.0,"[""search""]",True,False,2,0.0,[1],1,0.5,[],[1],[1],0.5,[1],[1],0.5,Run 3::agentmemorybench:fact-mh-262k:context-0/factconsolidation_mh_262k_no1,True,True,False
Run 3,agentmemorybench:fact-mh-262k:context-0/factconsolidation_mh_262k_no1,3,4,0.75,0.0,2.749999947845936,1.0,"[""read""]",True,False,2,0.0,"[1,2]",2,1.0,[],"[1,2]","[1,2]",1.0,"[1,2]","[1,2]",1.0,Run 3::agentmemorybench:fact-mh-262k:context-0/factconsolidation_mh_262k_no1,True,True,False
Run 3,agentmemorybench:fact-mh-262k:context-0/factconsolidation_mh_262k_no1,4,4,1.0,1.0,6.937500178115442,1.0,"[""finish""]",True,False,2,1.0,"[1,2]",2,1.0,"[1,2]","[1,2]","[1,2]",1.0,"[1,2]","[1,2]",1.0,Run 3::agentmemorybench:fact-mh-262k:context-0/factconsolidation_mh_262k_no1,True,True,True
Run 3,agentmemorybench:fact-mh-262k:context-0/factconsolidation_mh_262k_no10,1,4,0.25,0.0,-5.3125000218860805,0.8613861386138614,"[""search""]",False,True,4,0.0,[],0,0.0,[],[],[],0.0,[],[],0.0,Run 3::agentmemorybench:fact-mh-262k:context-0/factconsolidation_mh_262k_no10,False,True,False
Run 3,agentmemorybench:fact-mh-262k:context-0/factconsolidation_mh_262k_no10,2,4,0.5,0.0,-1.3750000074505806,0.9801980198019802,"[""search""]",False,True,4,0.0,"[1,2]",2,0.5,[],"[1,2]","[1,2]",0.5,"[1,2]","[1,2]",0.5,Run 3::agentmemorybench:fact-mh-262k:context-0/factconsolidation_mh_262k_no10,False,True,False
Run 3,agentmemorybench:fact-mh-262k:context-0/factconsolidation_mh_262k_no10,3,4,0.75,0.0,1.624999962747097,0.9257425742574259,"[""read""]",False,True,4,0.0,"[2,3]",2,0.5,[],"[2,3]","[2,3]",0.5,"[1,2,3]","[1,2,3]",0.75,Run 3::agentmemorybench:fact-mh-262k:context-0/factconsolidation_mh_262k_no10,True,True,False
Run 3,agentmemorybench:fact-mh-262k:context-0/factconsolidation_mh_262k_no10,4,4,1.0,0.75,3.875000001862645,1.0,"[""finish""]",False,True,4,0.75,"[1,2,3]",3,0.75,"[1,2,3]","[1,2,3]","[1,2,3]",0.75,"[1,2,3]","[1,2,3]",0.75,Run 3::agentmemorybench:fact-mh-262k:context-0/factconsolidation_mh_262k_no10,True,True,True
Run 3,agentmemorybench:fact-mh-262k:context-0/factconsolidation_mh_262k_no11,1,14,0.0714285714285714,0.0,-5.12499990966171,0.8168316831683169,"[""search""]",False,True,3,0.0,[],0,0.0,[],[],[],0.0,[],[],0.0,Run 3::agentmemorybench:fact-mh-262k:context-0/factconsolidation_mh_262k_no11,False,True,False
Run 3,agentmemorybench:fact-mh-262k:context-0/factconsolidation_mh_262k_no11,2,14,0.1428571428571428,0.0,0.4375000149011612,0.995049504950495,"[""search""]",False,True,3,0.0,[1],1,0.3333333333333333,[],[1],[1],0.3333333333333333,[1],[1],0.3333333333333333,Run 3::agentmemorybench:fact-mh-262k:context-0/factconsolidation_mh_262k_no11,True,True,False
Run 3,agentmemorybench:fact-mh-262k:context-0/factconsolidation_mh_262k_no11,3,14,0.2142857142857142,0.0,1.4375000223517418,1.0,"[""read""]",False,True,3,0.0,[2],1,0.3333333333333333,[],[2],[2],0.3333333333333333,"[1,2]","[1,2]",0.6666666666666666,Run 3::agentmemorybench:fact-mh-262k:context-0/factconsolidation_mh_262k_no11,True,True,False
Run 3,agentmemorybench:fact-mh-262k:context-0/factconsolidation_mh_262k_no11,4,14,0.2857142857142857,0.3333333333333333,0.6875,1.0,"[""search""]",False,True,3,0.3333333333333333,[2],1,0.3333333333333333,[2],[2],[2],0.3333333333333333,"[1,2]","[1,2]",0.6666666666666666,Run 3::agentmemorybench:fact-mh-262k:context-0/factconsolidation_mh_262k_no11,True,True,False
Run 3,agentmemorybench:fact-mh-262k:context-0/factconsolidation_mh_262k_no11,5,14,0.3571428571428571,0.3333333333333333,-0.25,0.9752475247524752,"[""read""]",False,True,3,0.3333333333333333,[],0,0.0,[],[],[2],0.3333333333333333,"[1,2]","[1,2]",0.6666666666666666,Run 3::agentmemorybench:fact-mh-262k:context-0/factconsolidation_mh_262k_no11,False,True,False
Run 3,agentmemorybench:fact-mh-262k:context-0/factconsolidation_mh_262k_no11,6,14,0.4285714285714285,0.3333333333333333,-1.6875000298023224,0.8762376237623762,"[""search""]",False,True,3,0.3333333333333333,[],0,0.0,[],[],[2],0.3333333333333333,"[1,2]","[1,2]",0.6666666666666666,Run 3::agentmemorybench:fact-mh-262k:context-0/factconsolidation_mh_262k_no11,False,True,False
Run 3,agentmemorybench:fact-mh-262k:context-0/factconsolidation_mh_262k_no11,7,14,0.5,0.3333333333333333,-1.9999999552965164,0.99009900990099,"[""search""]",False,True,3,0.3333333333333333,[],0,0.0,[],[],[2],0.3333333333333333,"[1,2]","[1,2]",0.6666666666666666,Run 3::agentmemorybench:fact-mh-262k:context-0/factconsolidation_mh_262k_no11,False,True,False
Run 3,agentmemorybench:fact-mh-262k:context-0/factconsolidation_mh_262k_no11,8,14,0.5714285714285714,0.3333333333333333,-3.1250000055879354,0.9900990099009901,"[""search""]",False,True,3,0.3333333333333333,[],0,0.0,[],[],[2],0.3333333333333333,"[1,2]","[1,2]",0.6666666666666666,Run 3::agentmemorybench:fact-mh-262k:context-0/factconsolidation_mh_262k_no11,False,True,False
Run 3,agentmemorybench:fact-mh-262k:context-0/factconsolidation_mh_262k_no11,9,14,0.6428571428571429,0.3333333333333333,-2.8124999906867743,0.9801980198019802,"[""read""]",False,True,3,0.3333333333333333,[],0,0.0,[],[],[2],0.3333333333333333,"[1,2]","[1,2]",0.6666666666666666,Run 3::agentmemorybench:fact-mh-262k:context-0/factconsolidation_mh_262k_no11,False,True,False
Run 3,agentmemorybench:fact-mh-262k:context-0/factconsolidation_mh_262k_no11,10,14,0.7142857142857143,0.3333333333333333,-1.6875,0.9603960396039604,"[""search""]",False,True,3,0.3333333333333333,[],0,0.0,[],[],[2],0.3333333333333333,"[1,2]","[1,2]",0.6666666666666666,Run 3::agentmemorybench:fact-mh-262k:context-0/factconsolidation_mh_262k_no11,False,True,False
Run 3,agentmemorybench:fact-mh-262k:context-0/factconsolidation_mh_262k_no11,11,14,0.7857142857142857,0.3333333333333333,-1.6249999925494194,0.995049504950495,"[""search""]",False,True,3,0.3333333333333333,[],0,0.0,[],[],[2],0.3333333333333333,"[1,2]","[1,2]",0.6666666666666666,Run 3::agentmemorybench:fact-mh-262k:context-0/factconsolidation_mh_262k_no11,False,True,False
Run 3,agentmemorybench:fact-mh-262k:context-0/factconsolidation_mh_262k_no11,12,14,0.8571428571428571,0.3333333333333333,-2.687500011175871,0.9752475247524752,"[""read""]",False,True,3,0.3333333333333333,[],0,0.0,[],[],[2],0.3333333333333333,"[1,2]","[1,2]",0.6666666666666666,Run 3::agentmemorybench:fact-mh-262k:context-0/factconsolidation_mh_262k_no11,False,True,False
Run 3,agentmemorybench:fact-mh-262k:context-0/factconsolidation_mh_262k_no11,13,14,0.9285714285714286,0.3333333333333333,0.125,1.0,"[""search""]",False,True,3,0.3333333333333333,[],0,0.0,[],[],[2],0.3333333333333333,"[1,2]","[1,2]",0.6666666666666666,Run 3::agentmemorybench:fact-mh-262k:context-0/factconsolidation_mh_262k_no11,True,True,False
Run 3,agentmemorybench:fact-mh-262k:context-0/factconsolidation_mh_262k_no11,14,14,1.0,0.3333333333333333,-1.9375000968575478,0.8465346534653465,"[""finish""]",False,True,3,0.3333333333333333,[],0,0.0,[],[],[2],0.3333333333333333,"[1,2]","[1,2]",0.6666666666666666,Run 3::agentmemorybench:fact-mh-262k:context-0/factconsolidation_mh_262k_no11,False,True,True
Run 3,agentmemorybench:fact-mh-262k:context-0/factconsolidation_mh_262k_no12,1,3,0.3333333333333333,0.0,-4.000000113621354,0.9405940594059405,"[""search""]",False,False,2,0.0,[],0,0.0,[],[],[],0.0,[],[],0.0,Run 3::agentmemorybench:fact-mh-262k:context-0/factconsolidation_mh_262k_no12,False,True,False
Run 3,agentmemorybench:fact-mh-262k:context-0/factconsolidation_mh_262k_no12,2,3,0.6666666666666666,0.0,2.875,1.0,"[""read""]",False,False,2,0.0,[1],1,0.5,[],[1],[1],0.5,[1],[1],0.5,Run 3::agentmemorybench:fact-mh-262k:context-0/factconsolidation_mh_262k_no12,True,True,False
Run 3,agentmemorybench:fact-mh-262k:context-0/factconsolidation_mh_262k_no12,3,3,1.0,0.5,7.750000093714334,1.0,"[""finish""]",False,False,2,0.5,[1],1,0.5,[1],[1],[1],0.5,[1],[1],0.5,Run 3::agentmemorybench:fact-mh-262k:context-0/factconsolidation_mh_262k_no12,True,True,True
Run 3,agentmemorybench:fact-mh-262k:context-0/factconsolidation_mh_262k_no13,1,5,0.2,0.0,-3.375000022351742,0.9356435643564356,"[""search""]",True,False,2,0.0,[],0,0.0,[],[],[],0.0,[],[],0.0,Run 3::agentmemorybench:fact-mh-262k:context-0/factconsolidation_mh_262k_no13,False,True,False
Run 3,agentmemorybench:fact-mh-262k:context-0/factconsolidation_mh_262k_no13,2,5,0.4,0.0,3.687499969266355,1.0,"[""read""]",True,False,2,0.0,[1],1,0.5,[],[1],[1],0.5,[1],[1],0.5,Run 3::agentmemorybench:fact-mh-262k:context-0/factconsolidation_mh_262k_no13,True,True,False
Run 3,agentmemorybench:fact-mh-262k:context-0/factconsolidation_mh_262k_no13,3,5,0.6,0.5,2.7499999832361937,0.6089108910891089,"[""search""]",True,False,2,0.5,[1],1,0.5,[1],[1],[1],0.5,[1],[1],0.5,Run 3::agentmemorybench:fact-mh-262k:context-0/factconsolidation_mh_262k_no13,True,True,False
Run 3,agentmemorybench:fact-mh-262k:context-0/factconsolidation_mh_262k_no13,4,5,0.8,0.5,3.749999964609742,0.995049504950495,"[""read""]",True,False,2,0.5,[2],1,0.5,[],[2],"[1,2]",1.0,"[1,2]","[1,2]",1.0,Run 3::agentmemorybench:fact-mh-262k:context-0/factconsolidation_mh_262k_no13,True,True,False
Run 3,agentmemorybench:fact-mh-262k:context-0/factconsolidation_mh_262k_no13,5,5,1.0,1.0,6.749999885360012,1.0,"[""finish""]",True,False,2,1.0,[2],1,0.5,[2],[2],"[1,2]",1.0,"[1,2]","[1,2]",1.0,Run 3::agentmemorybench:fact-mh-262k:context-0/factconsolidation_mh_262k_no13,True,True,True
Run 3,agentmemorybench:fact-mh-262k:context-0/factconsolidation_mh_262k_no14,1,3,0.3333333333333333,0.0,-3.8749999282881618,0.7772277227722773,"[""search""]",True,False,2,0.0,[],0,0.0,[],[],[],0.0,[],[],0.0,Run 3::agentmemorybench:fact-mh-262k:context-0/factconsolidation_mh_262k_no14,False,True,False
Run 3,agentmemorybench:fact-mh-262k:context-0/factconsolidation_mh_262k_no14,2,3,0.6666666666666666,0.0,3.375000100582838,1.0,"[""read""]",True,False,2,0.0,"[1,2]",2,1.0,[],"[1,2]","[1,2]",1.0,"[1,2]","[1,2]",1.0,Run 3::agentmemorybench:fact-mh-262k:context-0/factconsolidation_mh_262k_no14,True,True,False
Run 3,agentmemorybench:fact-mh-262k:context-0/factconsolidation_mh_262k_no14,3,3,1.0,1.0,7.4374998784333,1.0,"[""finish""]",True,False,2,1.0,"[1,2]",2,1.0,"[1,2]","[1,2]","[1,2]",1.0,"[1,2]","[1,2]",1.0,Run 3::agentmemorybench:fact-mh-262k:context-0/factconsolidation_mh_262k_no14,True,True,True
Run 3,agentmemorybench:fact-mh-262k:context-0/factconsolidation_mh_262k_no15,1,5,0.2,0.0,-4.2500001937150955,0.9306930693069306,"[""search""]",True,False,2,0.0,[],0,0.0,[],[],[],0.0,[],[],0.0,Run 3::agentmemorybench:fact-mh-262k:context-0/factconsolidation_mh_262k_no15,False,True,False
Run 3,agentmemorybench:fact-mh-262k:context-0/factconsolidation_mh_262k_no15,2,5,0.4,0.0,2.5625000074505806,1.0,"[""read""]",True,False,2,0.0,[1],1,0.5,[],[1],[1],0.5,[1],[1],0.5,Run 3::agentmemorybench:fact-mh-262k:context-0/factconsolidation_mh_262k_no15,True,True,False
Run 3,agentmemorybench:fact-mh-262k:context-0/factconsolidation_mh_262k_no15,3,5,0.6,0.5,3.6250000540167098,1.0,"[""search""]",True,False,2,0.5,[1],1,0.5,[1],[1],[1],0.5,[1],[1],0.5,Run 3::agentmemorybench:fact-mh-262k:context-0/factconsolidation_mh_262k_no15,True,True,False
Run 3,agentmemorybench:fact-mh-262k:context-0/factconsolidation_mh_262k_no15,4,5,0.8,0.5,4.062500021420419,1.0,"[""read""]",True,False,2,0.5,[],0,0.0,[],[],[1],0.5,[1],[1],0.5,Run 3::agentmemorybench:fact-mh-262k:context-0/factconsolidation_mh_262k_no15,True,True,False
Run 3,agentmemorybench:fact-mh-262k:context-0/factconsolidation_mh_262k_no15,5,5,1.0,1.0,6.624999989347998,1.0,"[""finish""]",True,False,2,1.0,[2],1,0.5,[2],[2],"[1,2]",1.0,"[1,2]","[1,2]",1.0,Run 3::agentmemorybench:fact-mh-262k:context-0/factconsolidation_mh_262k_no15,True,True,True
Run 3,agentmemorybench:fact-mh-262k:context-0/factconsolidation_mh_262k_no16,1,15,0.0666666666666666,0.0,-4.874999864958227,0.8465346534653465,"[""search""]",False,True,4,0.0,[],0,0.0,[],[],[],0.0,[],[],0.0,Run 3::agentmemorybench:fact-mh-262k:context-0/factconsolidation_mh_262k_no16,False,True,False
Run 3,agentmemorybench:fact-mh-262k:context-0/factconsolidation_mh_262k_no16,2,15,0.1333333333333333,0.0,-2.624999977648258,0.9009900990099009,"[""read""]",False,True,4,0.0,"[1,2]",2,0.5,[],"[1,2]","[1,2]",0.5,"[1,2]","[1,2]",0.5,Run 3::agentmemorybench:fact-mh-262k:context-0/factconsolidation_mh_262k_no16,False,True,False
Run 3,agentmemorybench:fact-mh-262k:context-0/factconsolidation_mh_262k_no16,3,15,0.2,0.25,-0.75,0.9554455445544555,"[""search""]",False,True,4,0.25,"[1,2]",2,0.5,"[1,2]","[1,2]","[1,2]",0.5,"[1,2]","[1,2]",0.5,Run 3::agentmemorybench:fact-mh-262k:context-0/factconsolidation_mh_262k_no16,False,True,False
Run 3,agentmemorybench:fact-mh-262k:context-0/factconsolidation_mh_262k_no16,4,15,0.2666666666666666,0.25,-3.8749998593702912,0.9356435643564356,"[""search""]",False,True,4,0.25,[2],1,0.25,[],[2],"[1,2]",0.5,"[1,2]","[1,2]",0.5,Run 3::agentmemorybench:fact-mh-262k:context-0/factconsolidation_mh_262k_no16,False,True,False
Run 3,agentmemorybench:fact-mh-262k:context-0/factconsolidation_mh_262k_no16,5,15,0.3333333333333333,0.25,-3.2499999813735485,0.995049504950495,"[""search""]",False,True,4,0.25,[2],1,0.25,[],[2],"[1,2]",0.5,"[1,2]","[1,2]",0.5,Run 3::agentmemorybench:fact-mh-262k:context-0/factconsolidation_mh_262k_no16,False,True,False
Run 3,agentmemorybench:fact-mh-262k:context-0/factconsolidation_mh_262k_no16,6,15,0.4,0.25,0.8125000149011612,1.0,"[""read""]",False,True,4,0.25,"[2,3]",2,0.5,[],"[2,3]","[1,2,3]",0.75,"[1,2,3]","[1,2,3]",0.75,Run 3::agentmemorybench:fact-mh-262k:context-0/factconsolidation_mh_262k_no16,True,True,False
Run 3,agentmemorybench:fact-mh-262k:context-0/factconsolidation_mh_262k_no16,7,15,0.4666666666666667,0.5,0.0,1.0,"[""search""]",False,True,4,0.5,"[2,3]",2,0.5,"[2,3]","[2,3]","[1,2,3]",0.75,"[1,2,3]","[1,2,3]",0.75,Run 3::agentmemorybench:fact-mh-262k:context-0/factconsolidation_mh_262k_no16,False,True,False
Run 3,agentmemorybench:fact-mh-262k:context-0/factconsolidation_mh_262k_no16,8,15,0.5333333333333333,0.5,1.1875000149011612,0.9851485148514851,"[""read""]",False,True,4,0.5,[3],1,0.25,[],[3],"[1,2,3]",0.75,"[1,2,3]","[1,2,3]",0.75,Run 3::agentmemorybench:fact-mh-262k:context-0/factconsolidation_mh_262k_no16,True,True,False
Run 3,agentmemorybench:fact-mh-262k:context-0/factconsolidation_mh_262k_no16,9,15,0.6,0.75,3.187500050291419,1.0,"[""search""]",False,True,4,0.75,[3],1,0.25,[3],[3],"[1,2,3]",0.75,"[1,2,3]","[1,2,3]",0.75,Run 3::agentmemorybench:fact-mh-262k:context-0/factconsolidation_mh_262k_no16,True,True,False
Run 3,agentmemorybench:fact-mh-262k:context-0/factconsolidation_mh_262k_no16,10,15,0.6666666666666666,0.75,2.25,0.995049504950495,"[""read""]",False,True,4,0.75,[],0,0.0,[],[],"[1,2,3]",0.75,"[1,2,3]","[1,2,3]",0.75,Run 3::agentmemorybench:fact-mh-262k:context-0/factconsolidation_mh_262k_no16,True,True,False
Run 3,agentmemorybench:fact-mh-262k:context-0/factconsolidation_mh_262k_no16,11,15,0.7333333333333333,0.75,3.3124999403953552,0.9851485148514851,[],False,True,4,0.75,"[1,2,3]",3,0.75,"[1,2,3]","[1,2,3]","[1,2,3]",0.75,"[1,2,3]","[1,2,3]",0.75,Run 3::agentmemorybench:fact-mh-262k:context-0/factconsolidation_mh_262k_no16,True,True,False
Run 3,agentmemorybench:fact-mh-262k:context-0/factconsolidation_mh_262k_no16,12,15,0.8,0.75,6.937500057392754,1.0,"[""search""]",False,True,4,0.75,[],0,0.0,[],[],"[1,2,3]",0.75,"[1,2,3]","[1,2,3]",0.75,Run 3::agentmemorybench:fact-mh-262k:context-0/factconsolidation_mh_262k_no16,True,True,False
Run 3,agentmemorybench:fact-mh-262k:context-0/factconsolidation_mh_262k_no16,13,15,0.8666666666666667,0.75,5.875000012340024,0.995049504950495,"[""search""]",False,True,4,0.75,"[1,2,3]",3,0.75,[],"[1,2,3]","[1,2,3]",0.75,"[1,2,3]","[1,2,3]",0.75,Run 3::agentmemorybench:fact-mh-262k:context-0/factconsolidation_mh_262k_no16,True,True,False
Run 3,agentmemorybench:fact-mh-262k:context-0/factconsolidation_mh_262k_no16,14,15,0.9333333333333332,0.75,5.874999889638275,1.0,"[""read""]",False,True,4,0.75,"[1,2,3]",3,0.75,[],"[1,2,3]","[1,2,3]",0.75,"[1,2,3]","[1,2,3]",0.75,Run 3::agentmemorybench:fact-mh-262k:context-0/factconsolidation_mh_262k_no16,True,True,False
Run 3,agentmemorybench:fact-mh-262k:context-0/factconsolidation_mh_262k_no16,15,15,1.0,0.75,5.1875000081490725,1.0,"[""finish""]",False,True,4,0.75,"[1,2,3]",3,0.75,"[1,2,3]","[1,2,3]","[1,2,3]",0.75,"[1,2,3]","[1,2,3]",0.75,Run 3::agentmemorybench:fact-mh-262k:context-0/factconsolidation_mh_262k_no16,True,True,True
Run 3,agentmemorybench:fact-mh-262k:context-0/factconsolidation_mh_262k_no17,1,9,0.1111111111111111,0.0,-4.374999896623194,0.8514851485148515,"[""search""]",False,True,3,0.0,[],0,0.0,[],[],[],0.0,[],[],0.0,Run 3::agentmemorybench:fact-mh-262k:context-0/factconsolidation_mh_262k_no17,False,True,False
Run 3,agentmemorybench:fact-mh-262k:context-0/factconsolidation_mh_262k_no17,2,9,0.2222222222222222,0.0,-5.749999890802428,0.8465346534653466,"[""search""]",False,True,3,0.0,[1],1,0.3333333333333333,[],[1],[1],0.3333333333333333,[1],[1],0.3333333333333333,Run 3::agentmemorybench:fact-mh-262k:context-0/factconsolidation_mh_262k_no17,False,True,False
Run 3,agentmemorybench:fact-mh-262k:context-0/factconsolidation_mh_262k_no17,3,9,0.3333333333333333,0.0,-9.624999885352736,0.3267326732673267,"[""read""]",False,True,3,0.0,[],0,0.0,[],[],[],0.0,[1],[1],0.3333333333333333,Run 3::agentmemorybench:fact-mh-262k:context-0/factconsolidation_mh_262k_no17,False,False,False
Run 3,agentmemorybench:fact-mh-262k:context-0/factconsolidation_mh_262k_no17,4,9,0.4444444444444444,0.0,-5.562499925377779,0.33168316831683164,"[""search""]",False,True,3,0.0,[],0,0.0,[],[],[],0.0,[1],[1],0.3333333333333333,Run 3::agentmemorybench:fact-mh-262k:context-0/factconsolidation_mh_262k_no17,False,False,False
Run 3,agentmemorybench:fact-mh-262k:context-0/factconsolidation_mh_262k_no17,5,9,0.5555555555555556,0.0,-5.687500010244548,0.8217821782178218,"[""search""]",False,True,3,0.0,[1],1,0.3333333333333333,[],[1],[1],0.3333333333333333,[1],[1],0.3333333333333333,Run 3::agentmemorybench:fact-mh-262k:context-0/factconsolidation_mh_262k_no17,False,True,False
Run 3,agentmemorybench:fact-mh-262k:context-0/factconsolidation_mh_262k_no17,6,9,0.6666666666666666,0.0,-4.75000010477379,0.995049504950495,"[""read""]",False,True,3,0.0,[1],1,0.3333333333333333,[],[1],[1],0.3333333333333333,[1],[1],0.3333333333333333,Run 3::agentmemorybench:fact-mh-262k:context-0/factconsolidation_mh_262k_no17,False,True,False
Run 3,agentmemorybench:fact-mh-262k:context-0/factconsolidation_mh_262k_no17,7,9,0.7777777777777778,0.3333333333333333,-3.249999932944774,0.9158415841584158,"[""search""]",False,True,3,0.3333333333333333,[1],1,0.3333333333333333,[1],[1],[1],0.3333333333333333,[1],[1],0.3333333333333333,Run 3::agentmemorybench:fact-mh-262k:context-0/factconsolidation_mh_262k_no17,False,True,False
Run 3,agentmemorybench:fact-mh-262k:context-0/factconsolidation_mh_262k_no17,8,9,0.8888888888888888,0.3333333333333333,-4.875000066123903,0.8811881188118812,"[""search_more""]",False,True,3,0.3333333333333333,[],0,0.0,[],[],[1],0.3333333333333333,[1],[1],0.3333333333333333,Run 3::agentmemorybench:fact-mh-262k:context-0/factconsolidation_mh_262k_no17,False,True,False
Run 3,agentmemorybench:fact-mh-262k:context-0/factconsolidation_mh_262k_no17,9,9,1.0,0.3333333333333333,-5.12500014482066,0.9356435643564356,"[""finish""]",False,True,3,0.3333333333333333,[],0,0.0,[],[],[1],0.3333333333333333,[1],[1],0.3333333333333333,Run 3::agentmemorybench:fact-mh-262k:context-0/factconsolidation_mh_262k_no17,False,True,True
Run 3,agentmemorybench:fact-mh-262k:context-0/factconsolidation_mh_262k_no18,1,13,0.0769230769230769,0.0,-4.374999928288162,0.7524752475247525,"[""search""]",False,True,4,0.0,[],0,0.0,[],[],[],0.0,[],[],0.0,Run 3::agentmemorybench:fact-mh-262k:context-0/factconsolidation_mh_262k_no18,False,True,False
Run 3,agentmemorybench:fact-mh-262k:context-0/factconsolidation_mh_262k_no18,2,13,0.1538461538461538,0.0,1.2499999850988388,1.0,"[""search""]",False,True,4,0.0,[4],1,0.25,[],[4],[4],0.25,[4],[4],0.25,Run 3::agentmemorybench:fact-mh-262k:context-0/factconsolidation_mh_262k_no18,True,True,False
Run 3,agentmemorybench:fact-mh-262k:context-0/factconsolidation_mh_262k_no18,3,13,0.2307692307692307,0.0,0.25,0.99009900990099,"[""read""]",False,True,4,0.0,[4],1,0.25,[],[4],[4],0.25,[4],[4],0.25,Run 3::agentmemorybench:fact-mh-262k:context-0/factconsolidation_mh_262k_no18,True,True,False
Run 3,agentmemorybench:fact-mh-262k:context-0/factconsolidation_mh_262k_no18,4,13,0.3076923076923077,0.25,5.749999821651727,1.0,"[""search""]",False,True,4,0.25,"[1,4]",2,0.5,"[1,4]","[1,4]","[1,4]",0.5,"[1,4]","[1,4]",0.5,Run 3::agentmemorybench:fact-mh-262k:context-0/factconsolidation_mh_262k_no18,True,True,False
Run 3,agentmemorybench:fact-mh-262k:context-0/factconsolidation_mh_262k_no18,5,13,0.3846153846153846,0.25,1.3749999552965164,0.99009900990099,"[""read""]",False,True,4,0.25,[],0,0.0,[],[],[1],0.25,"[1,4]","[1,4]",0.5,Run 3::agentmemorybench:fact-mh-262k:context-0/factconsolidation_mh_262k_no18,True,True,False
Run 3,agentmemorybench:fact-mh-262k:context-0/factconsolidation_mh_262k_no18,6,13,0.4615384615384615,0.25,0.5,0.9653465346534652,"[""search""]",False,True,4,0.25,[],0,0.0,[],[],[1],0.25,"[1,4]","[1,4]",0.5,Run 3::agentmemorybench:fact-mh-262k:context-0/factconsolidation_mh_262k_no18,True,True,False
Run 3,agentmemorybench:fact-mh-262k:context-0/factconsolidation_mh_262k_no18,7,13,0.5384615384615384,0.25,0.75,0.995049504950495,"[""search""]",False,True,4,0.25,[],0,0.0,[],[],[1],0.25,"[1,4]","[1,4]",0.5,Run 3::agentmemorybench:fact-mh-262k:context-0/factconsolidation_mh_262k_no18,True,True,False
Run 3,agentmemorybench:fact-mh-262k:context-0/factconsolidation_mh_262k_no18,8,13,0.6153846153846154,0.25,-1.1875000298023224,0.9653465346534653,"[""read""]",False,True,4,0.25,[],0,0.0,[],[],[1],0.25,"[1,4]","[1,4]",0.5,Run 3::agentmemorybench:fact-mh-262k:context-0/factconsolidation_mh_262k_no18,False,True,False
Run 3,agentmemorybench:fact-mh-262k:context-0/factconsolidation_mh_262k_no18,9,13,0.6923076923076923,0.25,0.6249999403953552,0.9801980198019802,"[""search""]",False,True,4,0.25,[],0,0.0,[],[],[1],0.25,"[1,4]","[1,4]",0.5,Run 3::agentmemorybench:fact-mh-262k:context-0/factconsolidation_mh_262k_no18,True,True,False
Run 3,agentmemorybench:fact-mh-262k:context-0/factconsolidation_mh_262k_no18,10,13,0.7692307692307693,0.25,0.7500000298023224,0.9603960396039604,"[""search""]",False,True,4,0.25,[],0,0.0,[],[],[1],0.25,"[1,4]","[1,4]",0.5,Run 3::agentmemorybench:fact-mh-262k:context-0/factconsolidation_mh_262k_no18,True,True,False
Run 3,agentmemorybench:fact-mh-262k:context-0/factconsolidation_mh_262k_no18,11,13,0.8461538461538461,0.25,3.9374998910352588,0.9653465346534653,"[""search""]",False,True,4,0.25,[4],1,0.25,[],[4],"[1,4]",0.5,"[1,4]","[1,4]",0.5,Run 3::agentmemorybench:fact-mh-262k:context-0/factconsolidation_mh_262k_no18,True,True,False
Run 3,agentmemorybench:fact-mh-262k:context-0/factconsolidation_mh_262k_no18,12,13,0.9230769230769232,0.25,3.3749999310821295,0.9801980198019802,"[""read""]",False,True,4,0.25,[],0,0.0,[],[],[1],0.25,"[1,4]","[1,4]",0.5,Run 3::agentmemorybench:fact-mh-262k:context-0/factconsolidation_mh_262k_no18,True,True,False
Run 3,agentmemorybench:fact-mh-262k:context-0/factconsolidation_mh_262k_no18,13,13,1.0,0.25,5.812499927706085,1.0,"[""finish""]",False,True,4,0.25,[1],1,0.25,[1],[1],[1],0.25,"[1,4]","[1,4]",0.5,Run 3::agentmemorybench:fact-mh-262k:context-0/factconsolidation_mh_262k_no18,True,True,True
Run 3,agentmemorybench:fact-mh-262k:context-0/factconsolidation_mh_262k_no19,1,26,0.0384615384615384,0.0,-4.3125000121071935,0.8118811881188119,"[""search""]",False,True,4,0.0,[],0,0.0,[],[],[],0.0,[],[],0.0,Run 3::agentmemorybench:fact-mh-262k:context-0/factconsolidation_mh_262k_no19,False,True,False
Run 3,agentmemorybench:fact-mh-262k:context-0/factconsolidation_mh_262k_no19,2,26,0.0769230769230769,0.0,1.812499962747097,1.0,"[""read""]",False,True,4,0.0,[1],1,0.25,[],[1],[1],0.25,[1],[1],0.25,Run 3::agentmemorybench:fact-mh-262k:context-0/factconsolidation_mh_262k_no19,True,True,False
Run 3,agentmemorybench:fact-mh-262k:context-0/factconsolidation_mh_262k_no19,3,26,0.1153846153846153,0.25,1.8749999925494194,1.0,"[""search""]",False,True,4,0.25,[1],1,0.25,[1],[1],[1],0.25,[1],[1],0.25,Run 3::agentmemorybench:fact-mh-262k:context-0/factconsolidation_mh_262k_no19,True,True,False
Run 3,agentmemorybench:fact-mh-262k:context-0/factconsolidation_mh_262k_no19,4,26,0.1538461538461538,0.25,-2.1874999441206455,0.9801980198019802,"[""search""]",False,True,4,0.25,[],0,0.0,[],[],[1],0.25,[1],[1],0.25,Run 3::agentmemorybench:fact-mh-262k:context-0/factconsolidation_mh_262k_no19,False,True,False
Run 3,agentmemorybench:fact-mh-262k:context-0/factconsolidation_mh_262k_no19,5,26,0.1923076923076923,0.25,1.3750000149011612,1.0,"[""read""]",False,True,4,0.25,[],0,0.0,[],[],[1],0.25,[1],[1],0.25,Run 3::agentmemorybench:fact-mh-262k:context-0/factconsolidation_mh_262k_no19,True,True,False
Run 3,agentmemorybench:fact-mh-262k:context-0/factconsolidation_mh_262k_no19,6,26,0.2307692307692307,0.25,0.8749999552965164,0.995049504950495,"[""search""]",False,True,4,0.25,[],0,0.0,[],[],[1],0.25,[1],[1],0.25,Run 3::agentmemorybench:fact-mh-262k:context-0/factconsolidation_mh_262k_no19,True,True,False
Run 3,agentmemorybench:fact-mh-262k:context-0/factconsolidation_mh_262k_no19,7,26,0.2692307692307692,0.25,-0.125,0.995049504950495,"[""read""]",False,True,4,0.25,[],0,0.0,[],[],[1],0.25,[1],[1],0.25,Run 3::agentmemorybench:fact-mh-262k:context-0/factconsolidation_mh_262k_no19,False,True,False
Run 3,agentmemorybench:fact-mh-262k:context-0/factconsolidation_mh_262k_no19,8,26,0.3076923076923077,0.5,-0.3125,1.0,"[""search""]",False,True,4,0.5,[4],1,0.25,[4],[4],"[1,4]",0.5,"[1,4]","[1,4]",0.5,Run 3::agentmemorybench:fact-mh-262k:context-0/factconsolidation_mh_262k_no19,False,True,False
Run 3,agentmemorybench:fact-mh-262k:context-0/factconsolidation_mh_262k_no19,9,26,0.3461538461538461,0.5,-2.3749999962747097,0.995049504950495,"[""search""]",False,True,4,0.5,[],0,0.0,[],[],"[1,4]",0.5,"[1,4]","[1,4]",0.5,Run 3::agentmemorybench:fact-mh-262k:context-0/factconsolidation_mh_262k_no19,False,True,False
Run 3,agentmemorybench:fact-mh-262k:context-0/factconsolidation_mh_262k_no19,10,26,0.3846153846153846,0.5,-3.1249999180436134,0.9900990099009901,"[""search""]",False,True,4,0.5,[],0,0.0,[],[],"[1,4]",0.5,"[1,4]","[1,4]",0.5,Run 3::agentmemorybench:fact-mh-262k:context-0/factconsolidation_mh_262k_no19,False,True,False
Run 3,agentmemorybench:fact-mh-262k:context-0/factconsolidation_mh_262k_no19,11,26,0.4230769230769231,0.5,-2.999999988824129,0.995049504950495,"[""read""]",False,True,4,0.5,[],0,0.0,[],[],"[1,4]",0.5,"[1,4]","[1,4]",0.5,Run 3::agentmemorybench:fact-mh-262k:context-0/factconsolidation_mh_262k_no19,False,True,False
Run 3,agentmemorybench:fact-mh-262k:context-0/factconsolidation_mh_262k_no19,12,26,0.4615384615384615,0.5,-2.375000022351742,0.9752475247524752,"[""read""]",False,True,4,0.5,[],0,0.0,[],[],"[1,4]",0.5,"[1,4]","[1,4]",0.5,Run 3::agentmemorybench:fact-mh-262k:context-0/factconsolidation_mh_262k_no19,False,True,False
Run 3,agentmemorybench:fact-mh-262k:context-0/factconsolidation_mh_262k_no19,13,26,0.5,0.5,-2.000000022351742,0.9405940594059405,"[""search""]",False,True,4,0.5,[],0,0.0,[],[],"[1,4]",0.5,"[1,4]","[1,4]",0.5,Run 3::agentmemorybench:fact-mh-262k:context-0/factconsolidation_mh_262k_no19,False,True,False
Run 3,agentmemorybench:fact-mh-262k:context-0/factconsolidation_mh_262k_no19,14,26,0.5384615384615384,0.5,-2.625000074505806,0.9851485148514851,"[""search""]",False,True,4,0.5,[],0,0.0,[],[],"[1,4]",0.5,"[1,4]","[1,4]",0.5,Run 3::agentmemorybench:fact-mh-262k:context-0/factconsolidation_mh_262k_no19,False,True,False
Run 3,agentmemorybench:fact-mh-262k:context-0/factconsolidation_mh_262k_no19,15,26,0.5769230769230769,0.5,-2.437500011175871,0.1287128712871287,"[""search""]",False,True,4,0.5,[],0,0.0,[],[],"[1,4]",0.5,"[1,4]","[1,4]",0.5,Run 3::agentmemorybench:fact-mh-262k:context-0/factconsolidation_mh_262k_no19,False,False,False
Run 3,agentmemorybench:fact-mh-262k:context-0/factconsolidation_mh_262k_no19,16,26,0.6153846153846154,0.5,-2.062500014901161,0.06435643564356434,"[""search""]",False,True,4,0.5,[],0,0.0,[],[],"[1,4]",0.5,"[1,4]","[1,4]",0.5,Run 3::agentmemorybench:fact-mh-262k:context-0/factconsolidation_mh_262k_no19,False,False,False
Run 3,agentmemorybench:fact-mh-262k:context-0/factconsolidation_mh_262k_no19,17,26,0.6538461538461539,0.5,-2.0000000074505806,0.0198019801980198,"[""search""]",False,True,4,0.5,[],0,0.0,[],[],"[1,4]",0.5,"[1,4]","[1,4]",0.5,Run 3::agentmemorybench:fact-mh-262k:context-0/factconsolidation_mh_262k_no19,False,False,False
Run 3,agentmemorybench:fact-mh-262k:context-0/factconsolidation_mh_262k_no19,18,26,0.6923076923076923,0.5,-2.3749999962747097,0.04455445544554455,"[""search_more""]",False,True,4,0.5,[],0,0.0,[],[],"[1,4]",0.5,"[1,4]","[1,4]",0.5,Run 3::agentmemorybench:fact-mh-262k:context-0/factconsolidation_mh_262k_no19,False,False,False
Run 3,agentmemorybench:fact-mh-262k:context-0/factconsolidation_mh_262k_no19,19,26,0.7307692307692307,0.5,-1.1249999701976776,0.9900990099009901,"[""read""]",False,True,4,0.5,[],0,0.0,[],[],"[1,4]",0.5,"[1,4]","[1,4]",0.5,Run 3::agentmemorybench:fact-mh-262k:context-0/factconsolidation_mh_262k_no19,False,True,False
Run 3,agentmemorybench:fact-mh-262k:context-0/factconsolidation_mh_262k_no19,20,26,0.7692307692307693,0.5,-0.8750000298023224,1.0,"[""read""]",False,True,4,0.5,[],0,0.0,[],[],"[1,4]",0.5,"[1,4]","[1,4]",0.5,Run 3::agentmemorybench:fact-mh-262k:context-0/factconsolidation_mh_262k_no19,False,True,False
Run 3,agentmemorybench:fact-mh-262k:context-0/factconsolidation_mh_262k_no19,21,26,0.8076923076923077,0.75,1.4999999925494194,1.0,"[""search""]",False,True,4,0.75,[2],1,0.25,[2],[2],"[1,2,4]",0.75,"[1,2,4]","[1,2,4]",0.75,Run 3::agentmemorybench:fact-mh-262k:context-0/factconsolidation_mh_262k_no19,True,True,False
Run 3,agentmemorybench:fact-mh-262k:context-0/factconsolidation_mh_262k_no19,22,26,0.8461538461538461,0.75,1.3125000149011612,0.44059405940594054,"[""search""]",False,True,4,0.75,[],0,0.0,[],[],"[1,2,4]",0.75,"[1,2,4]","[1,2,4]",0.75,Run 3::agentmemorybench:fact-mh-262k:context-0/factconsolidation_mh_262k_no19,True,False,False
Run 3,agentmemorybench:fact-mh-262k:context-0/factconsolidation_mh_262k_no19,23,26,0.8846153846153846,0.75,0.1875,0.5148514851485149,"[""search""]",False,True,4,0.75,[],0,0.0,[],[],"[1,2,4]",0.75,"[1,2,4]","[1,2,4]",0.75,Run 3::agentmemorybench:fact-mh-262k:context-0/factconsolidation_mh_262k_no19,True,True,False
Run 3,agentmemorybench:fact-mh-262k:context-0/factconsolidation_mh_262k_no19,24,26,0.9230769230769232,0.75,-0.5,0.4653465346534653,"[""read""]",False,True,4,0.75,[],0,0.0,[],[],"[1,2,4]",0.75,"[1,2,4]","[1,2,4]",0.75,Run 3::agentmemorybench:fact-mh-262k:context-0/factconsolidation_mh_262k_no19,False,False,False
Run 3,agentmemorybench:fact-mh-262k:context-0/factconsolidation_mh_262k_no19,25,26,0.9615384615384616,0.75,0.0625,0.995049504950495,"[""read""]",False,True,4,0.75,[],0,0.0,[],[],"[1,2,4]",0.75,"[1,2,4]","[1,2,4]",0.75,Run 3::agentmemorybench:fact-mh-262k:context-0/factconsolidation_mh_262k_no19,True,True,False
Run 3,agentmemorybench:fact-mh-262k:context-0/factconsolidation_mh_262k_no19,26,26,1.0,0.75,1.3750000521540642,1.0,"[""finish""]",False,True,4,0.75,[],0,0.0,[],[],"[1,2,4]",0.75,"[1,2,4]","[1,2,4]",0.75,Run 3::agentmemorybench:fact-mh-262k:context-0/factconsolidation_mh_262k_no19,True,True,True
Run 3,agentmemorybench:fact-mh-262k:context-0/factconsolidation_mh_262k_no2,1,17,0.0588235294117647,0.0,-3.875000100582838,0.9356435643564356,"[""search""]",False,True,4,0.0,[],0,0.0,[],[],[],0.0,[],[],0.0,Run 3::agentmemorybench:fact-mh-262k:context-0/factconsolidation_mh_262k_no2,False,True,False
Run 3,agentmemorybench:fact-mh-262k:context-0/factconsolidation_mh_262k_no2,2,17,0.1176470588235294,0.0,-0.25,0.9900990099009901,"[""search""]",False,True,4,0.0,[1],1,0.25,[],[1],[1],0.25,[1],[1],0.25,Run 3::agentmemorybench:fact-mh-262k:context-0/factconsolidation_mh_262k_no2,False,True,False
Run 3,agentmemorybench:fact-mh-262k:context-0/factconsolidation_mh_262k_no2,3,17,0.1764705882352941,0.0,0.8125000596046448,1.0,"[""read""]",False,True,4,0.0,"[1,2,3]",3,0.75,[],"[1,2,3]","[1,2,3]",0.75,"[1,2,3]","[1,2,3]",0.75,Run 3::agentmemorybench:fact-mh-262k:context-0/factconsolidation_mh_262k_no2,True,True,False
Run 3,agentmemorybench:fact-mh-262k:context-0/factconsolidation_mh_262k_no2,4,17,0.2352941176470588,0.75,0.0625,0.9851485148514851,"[""search""]",False,True,4,0.75,"[1,2,3]",3,0.75,"[1,2,3]","[1,2,3]","[1,2,3]",0.75,"[1,2,3]","[1,2,3]",0.75,Run 3::agentmemorybench:fact-mh-262k:context-0/factconsolidation_mh_262k_no2,True,True,False
Run 3,agentmemorybench:fact-mh-262k:context-0/factconsolidation_mh_262k_no2,5,17,0.2941176470588235,0.75,2.9375,1.0,"[""search""]",False,True,4,0.75,[],0,0.0,[],[],"[1,2,3]",0.75,"[1,2,3]","[1,2,3]",0.75,Run 3::agentmemorybench:fact-mh-262k:context-0/factconsolidation_mh_262k_no2,True,True,False
Run 3,agentmemorybench:fact-mh-262k:context-0/factconsolidation_mh_262k_no2,6,17,0.3529411764705882,0.75,1.7500000074505806,0.995049504950495,"[""search""]",False,True,4,0.75,[],0,0.0,[],[],"[1,2,3]",0.75,"[1,2,3]","[1,2,3]",0.75,Run 3::agentmemorybench:fact-mh-262k:context-0/factconsolidation_mh_262k_no2,True,True,False
Run 3,agentmemorybench:fact-mh-262k:context-0/factconsolidation_mh_262k_no2,7,17,0.4117647058823529,0.75,-0.8749999701976776,0.9603960396039604,"[""search""]",False,True,4,0.75,[],0,0.0,[],[],"[1,2,3]",0.75,"[1,2,3]","[1,2,3]",0.75,Run 3::agentmemorybench:fact-mh-262k:context-0/factconsolidation_mh_262k_no2,False,True,False
Run 3,agentmemorybench:fact-mh-262k:context-0/factconsolidation_mh_262k_no2,8,17,0.4705882352941176,0.75,-2.1875,0.9801980198019802,"[""search""]",False,True,4,0.75,[],0,0.0,[],[],"[1,2,3]",0.75,"[1,2,3]","[1,2,3]",0.75,Run 3::agentmemorybench:fact-mh-262k:context-0/factconsolidation_mh_262k_no2,False,True,False
Run 3,agentmemorybench:fact-mh-262k:context-0/factconsolidation_mh_262k_no2,9,17,0.5294117647058824,0.75,-2.562499988824129,0.9603960396039604,"[""search_more""]",False,True,4,0.75,[],0,0.0,[],[],"[1,2,3]",0.75,"[1,2,3]","[1,2,3]",0.75,Run 3::agentmemorybench:fact-mh-262k:context-0/factconsolidation_mh_262k_no2,False,True,False
Run 3,agentmemorybench:fact-mh-262k:context-0/factconsolidation_mh_262k_no2,10,17,0.5882352941176471,0.75,-2.562500022351742,0.995049504950495,"[""read""]",False,True,4,0.75,[],0,0.0,[],[],"[1,2,3]",0.75,"[1,2,3]","[1,2,3]",0.75,Run 3::agentmemorybench:fact-mh-262k:context-0/factconsolidation_mh_262k_no2,False,True,False
Run 3,agentmemorybench:fact-mh-262k:context-0/factconsolidation_mh_262k_no2,11,17,0.6470588235294118,0.75,-2.625000048428774,0.9801980198019802,"[""read""]",False,True,4,0.75,[],0,0.0,[],[],"[1,2,3]",0.75,"[1,2,3]","[1,2,3]",0.75,Run 3::agentmemorybench:fact-mh-262k:context-0/factconsolidation_mh_262k_no2,False,True,False
Run 3,agentmemorybench:fact-mh-262k:context-0/factconsolidation_mh_262k_no2,12,17,0.7058823529411765,0.75,-3.0625,0.7128712871287128,"[""read""]",False,True,4,0.75,[],0,0.0,[],[],"[1,2,3]",0.75,"[1,2,3]","[1,2,3]",0.75,Run 3::agentmemorybench:fact-mh-262k:context-0/factconsolidation_mh_262k_no2,False,True,False
Run 3,agentmemorybench:fact-mh-262k:context-0/factconsolidation_mh_262k_no2,13,17,0.7647058823529411,0.75,-2.3124999962747097,0.9702970297029704,"[""search""]",False,True,4,0.75,[],0,0.0,[],[],"[1,2,3]",0.75,"[1,2,3]","[1,2,3]",0.75,Run 3::agentmemorybench:fact-mh-262k:context-0/factconsolidation_mh_262k_no2,False,True,False
Run 3,agentmemorybench:fact-mh-262k:context-0/factconsolidation_mh_262k_no2,14,17,0.8235294117647058,0.75,-1.562499962747097,0.47029702970297027,"[""read""]",False,True,4,0.75,[],0,0.0,[],[],"[1,2,3]",0.75,"[1,2,3]","[1,2,3]",0.75,Run 3::agentmemorybench:fact-mh-262k:context-0/factconsolidation_mh_262k_no2,False,False,False
Run 3,agentmemorybench:fact-mh-262k:context-0/factconsolidation_mh_262k_no2,15,17,0.8823529411764706,0.75,-2.6249999906867743,0.7277227722772277,"[""read""]",False,True,4,0.75,[],0,0.0,[],[],"[1,2,3]",0.75,"[1,2,3]","[1,2,3]",0.75,Run 3::agentmemorybench:fact-mh-262k:context-0/factconsolidation_mh_262k_no2,False,True,False
Run 3,agentmemorybench:fact-mh-262k:context-0/factconsolidation_mh_262k_no2,16,17,0.9411764705882352,0.75,-3.312500037252903,0.7673267326732673,"[""search""]",False,True,4,0.75,[1],1,0.25,[1],[1],"[1,2,3]",0.75,"[1,2,3]","[1,2,3]",0.75,Run 3::agentmemorybench:fact-mh-262k:context-0/factconsolidation_mh_262k_no2,False,True,False
Run 3,agentmemorybench:fact-mh-262k:context-0/factconsolidation_mh_262k_no2,17,17,1.0,0.75,-2.0000000298023224,0.8118811881188119,"[""finish""]",False,True,4,0.75,[],0,0.0,[],[],"[1,2,3]",0.75,"[1,2,3]","[1,2,3]",0.75,Run 3::agentmemorybench:fact-mh-262k:context-0/factconsolidation_mh_262k_no2,False,True,True
Run 3,agentmemorybench:fact-mh-262k:context-0/factconsolidation_mh_262k_no20,1,6,0.1666666666666666,0.0,-4.124999972991645,0.9356435643564356,"[""search""]",False,True,3,0.0,[],0,0.0,[],[],[],0.0,[],[],0.0,Run 3::agentmemorybench:fact-mh-262k:context-0/factconsolidation_mh_262k_no20,False,True,False
Run 3,agentmemorybench:fact-mh-262k:context-0/factconsolidation_mh_262k_no20,2,6,0.3333333333333333,0.0,1.1250000149011612,0.9851485148514851,"[""read""]",False,True,3,0.0,[1],1,0.3333333333333333,[],[1],[1],0.3333333333333333,[1],[1],0.3333333333333333,Run 3::agentmemorybench:fact-mh-262k:context-0/factconsolidation_mh_262k_no20,True,True,False
Run 3,agentmemorybench:fact-mh-262k:context-0/factconsolidation_mh_262k_no20,3,6,0.5,0.3333333333333333,0.7499999850988388,1.0,"[""search""]",False,True,3,0.3333333333333333,[1],1,0.3333333333333333,[1],[1],[1],0.3333333333333333,[1],[1],0.3333333333333333,Run 3::agentmemorybench:fact-mh-262k:context-0/factconsolidation_mh_262k_no20,True,True,False
Run 3,agentmemorybench:fact-mh-262k:context-0/factconsolidation_mh_262k_no20,4,6,0.6666666666666666,0.3333333333333333,0.8124999701976776,0.99009900990099,"[""search""]",False,True,3,0.3333333333333333,[2],1,0.3333333333333333,[],[2],"[1,2]",0.6666666666666666,"[1,2]","[1,2]",0.6666666666666666,Run 3::agentmemorybench:fact-mh-262k:context-0/factconsolidation_mh_262k_no20,True,True,False
Run 3,agentmemorybench:fact-mh-262k:context-0/factconsolidation_mh_262k_no20,5,6,0.8333333333333334,0.3333333333333333,2.2499999590218067,1.0,"[""read""]",False,True,3,0.3333333333333333,"[2,3]",2,0.6666666666666666,[],"[2,3]","[1,2,3]",1.0,"[1,2,3]","[1,2,3]",1.0,Run 3::agentmemorybench:fact-mh-262k:context-0/factconsolidation_mh_262k_no20,True,True,False
Run 3,agentmemorybench:fact-mh-262k:context-0/factconsolidation_mh_262k_no20,6,6,1.0,1.0,6.750000033935066,1.0,"[""finish""]",False,True,3,1.0,"[2,3]",2,0.6666666666666666,"[2,3]","[2,3]","[1,2,3]",1.0,"[1,2,3]","[1,2,3]",1.0,Run 3::agentmemorybench:fact-mh-262k:context-0/factconsolidation_mh_262k_no20,True,True,True
Run 3,agentmemorybench:fact-mh-262k:context-0/factconsolidation_mh_262k_no21,1,5,0.2,0.0,-4.3749999855645,0.8613861386138614,"[""search""]",True,False,2,0.0,[],0,0.0,[],[],[],0.0,[],[],0.0,Run 3::agentmemorybench:fact-mh-262k:context-0/factconsolidation_mh_262k_no21,False,True,False
Run 3,agentmemorybench:fact-mh-262k:context-0/factconsolidation_mh_262k_no21,2,5,0.4,0.0,2.75,0.995049504950495,"[""read""]",True,False,2,0.0,[1],1,0.5,[],[1],[1],0.5,[1],[1],0.5,Run 3::agentmemorybench:fact-mh-262k:context-0/factconsolidation_mh_262k_no21,True,True,False
Run 3,agentmemorybench:fact-mh-262k:context-0/factconsolidation_mh_262k_no21,3,5,0.6,1.0,5.6250001090811566,1.0,"[""search""]",True,False,2,1.0,"[1,2]",2,1.0,"[1,2]","[1,2]","[1,2]",1.0,"[1,2]","[1,2]",1.0,Run 3::agentmemorybench:fact-mh-262k:context-0/factconsolidation_mh_262k_no21,True,True,False
Run 3,agentmemorybench:fact-mh-262k:context-0/factconsolidation_mh_262k_no21,4,5,0.8,1.0,3.5625000139698386,1.0,"[""read""]",True,False,2,1.0,[],0,0.0,[],[],"[1,2]",1.0,"[1,2]","[1,2]",1.0,Run 3::agentmemorybench:fact-mh-262k:context-0/factconsolidation_mh_262k_no21,True,True,False
Run 3,agentmemorybench:fact-mh-262k:context-0/factconsolidation_mh_262k_no21,5,5,1.0,1.0,5.812500039348379,1.0,"[""finish""]",True,False,2,1.0,[],0,0.0,[],[],"[1,2]",1.0,"[1,2]","[1,2]",1.0,Run 3::agentmemorybench:fact-mh-262k:context-0/factconsolidation_mh_262k_no21,True,True,True
Run 3,agentmemorybench:fact-mh-262k:context-0/factconsolidation_mh_262k_no22,1,5,0.2,0.0,-4.6875000153668225,0.8564356435643564,"[""search""]",False,False,3,0.0,[],0,0.0,[],[],[],0.0,[],[],0.0,Run 3::agentmemorybench:fact-mh-262k:context-0/factconsolidation_mh_262k_no22,False,True,False
Run 3,agentmemorybench:fact-mh-262k:context-0/factconsolidation_mh_262k_no22,2,5,0.4,0.0,2.9374999571591616,0.995049504950495,"[""read""]",False,False,3,0.0,[1],1,0.3333333333333333,[],[1],[1],0.3333333333333333,[1],[1],0.3333333333333333,Run 3::agentmemorybench:fact-mh-262k:context-0/factconsolidation_mh_262k_no22,True,True,False
Run 3,agentmemorybench:fact-mh-262k:context-0/factconsolidation_mh_262k_no22,3,5,0.6,0.3333333333333333,1.2499999776482582,0.7574257425742574,"[""search""]",False,False,3,0.3333333333333333,[1],1,0.3333333333333333,[1],[1],[1],0.3333333333333333,[1],[1],0.3333333333333333,Run 3::agentmemorybench:fact-mh-262k:context-0/factconsolidation_mh_262k_no22,True,True,False
Run 3,agentmemorybench:fact-mh-262k:context-0/factconsolidation_mh_262k_no22,4,5,0.8,0.3333333333333333,2.374999936670065,1.0,"[""read""]",False,False,3,0.3333333333333333,[1],1,0.3333333333333333,[],[1],[1],0.3333333333333333,[1],[1],0.3333333333333333,Run 3::agentmemorybench:fact-mh-262k:context-0/factconsolidation_mh_262k_no22,True,True,False
Run 3,agentmemorybench:fact-mh-262k:context-0/factconsolidation_mh_262k_no22,5,5,1.0,0.3333333333333333,7.125000086874934,1.0,"[""finish""]",False,False,3,0.3333333333333333,[],0,0.0,[],[],[1],0.3333333333333333,[1],[1],0.3333333333333333,Run 3::agentmemorybench:fact-mh-262k:context-0/factconsolidation_mh_262k_no22,True,True,True
Run 3,agentmemorybench:fact-mh-262k:context-0/factconsolidation_mh_262k_no23,1,5,0.2,0.0,-4.499999913852662,0.9158415841584158,"[""search""]",True,False,2,0.0,[],0,0.0,[],[],[],0.0,[],[],0.0,Run 3::agentmemorybench:fact-mh-262k:context-0/factconsolidation_mh_262k_no23,False,True,False
Run 3,agentmemorybench:fact-mh-262k:context-0/factconsolidation_mh_262k_no23,2,5,0.4,0.0,1.437499962747097,0.995049504950495,"[""read""]",True,False,2,0.0,[1],1,0.5,[],[1],[1],0.5,[1],[1],0.5,Run 3::agentmemorybench:fact-mh-262k:context-0/factconsolidation_mh_262k_no23,True,True,False
Run 3,agentmemorybench:fact-mh-262k:context-0/factconsolidation_mh_262k_no23,3,5,0.6,0.5,0.5000000149011612,0.7821782178217822,"[""search""]",True,False,2,0.5,[1],1,0.5,[1],[1],[1],0.5,[1],[1],0.5,Run 3::agentmemorybench:fact-mh-262k:context-0/factconsolidation_mh_262k_no23,True,True,False
Run 3,agentmemorybench:fact-mh-262k:context-0/factconsolidation_mh_262k_no23,4,5,0.8,0.5,3.4999999292194843,0.99009900990099,"[""read""]",True,False,2,0.5,"[1,2]",2,1.0,[],"[1,2]","[1,2]",1.0,"[1,2]","[1,2]",1.0,Run 3::agentmemorybench:fact-mh-262k:context-0/factconsolidation_mh_262k_no23,True,True,False
Run 3,agentmemorybench:fact-mh-262k:context-0/factconsolidation_mh_262k_no23,5,5,1.0,1.0,4.624999851919711,0.995049504950495,"[""finish""]",True,False,2,1.0,"[1,2]",2,1.0,"[1,2]","[1,2]","[1,2]",1.0,"[1,2]","[1,2]",1.0,Run 3::agentmemorybench:fact-mh-262k:context-0/factconsolidation_mh_262k_no23,True,True,True
Run 3,agentmemorybench:fact-mh-262k:context-0/factconsolidation_mh_262k_no24,1,3,0.3333333333333333,0.0,-3.187499985098839,0.8415841584158416,"[""search""]",False,False,2,0.0,[],0,0.0,[],[],[],0.0,[],[],0.0,Run 3::agentmemorybench:fact-mh-262k:context-0/factconsolidation_mh_262k_no24,False,True,False
Run 3,agentmemorybench:fact-mh-262k:context-0/factconsolidation_mh_262k_no24,2,3,0.6666666666666666,0.0,3.5624999748542905,1.0,"[""read""]",False,False,2,0.0,[1],1,0.5,[],[1],[1],0.5,[1],[1],0.5,Run 3::agentmemorybench:fact-mh-262k:context-0/factconsolidation_mh_262k_no24,True,True,False
Run 3,agentmemorybench:fact-mh-262k:context-0/factconsolidation_mh_262k_no24,3,3,1.0,0.5,7.875000192085281,1.0,"[""finish""]",False,False,2,0.5,[1],1,0.5,[1],[1],[1],0.5,[1],[1],0.5,Run 3::agentmemorybench:fact-mh-262k:context-0/factconsolidation_mh_262k_no24,True,True,True
Run 3,agentmemorybench:fact-mh-262k:context-0/factconsolidation_mh_262k_no25,1,7,0.1428571428571428,0.0,-3.87500006146729,0.8960396039603961,"[""search""]",False,True,4,0.0,[],0,0.0,[],[],[],0.0,[],[],0.0,Run 3::agentmemorybench:fact-mh-262k:context-0/factconsolidation_mh_262k_no25,False,True,False
Run 3,agentmemorybench:fact-mh-262k:context-0/factconsolidation_mh_262k_no25,2,7,0.2857142857142857,0.0,0.0,0.995049504950495,"[""search""]",False,True,4,0.0,"[1,2]",2,0.5,[],"[1,2]","[1,2]",0.5,"[1,2]","[1,2]",0.5,Run 3::agentmemorybench:fact-mh-262k:context-0/factconsolidation_mh_262k_no25,False,True,False
Run 3,agentmemorybench:fact-mh-262k:context-0/factconsolidation_mh_262k_no25,3,7,0.4285714285714285,0.0,0.125,0.99009900990099,"[""search""]",False,True,4,0.0,"[1,2]",2,0.5,[],"[1,2]","[1,2]",0.5,"[1,2]","[1,2]",0.5,Run 3::agentmemorybench:fact-mh-262k:context-0/factconsolidation_mh_262k_no25,True,True,False
Run 3,agentmemorybench:fact-mh-262k:context-0/factconsolidation_mh_262k_no25,4,7,0.5714285714285714,0.0,1.8125000596046448,0.9900990099009901,"[""search""]",False,True,4,0.0,[],0,0.0,[],[],[],0.0,"[1,2]","[1,2]",0.5,Run 3::agentmemorybench:fact-mh-262k:context-0/factconsolidation_mh_262k_no25,True,True,False
Run 3,agentmemorybench:fact-mh-262k:context-0/factconsolidation_mh_262k_no25,5,7,0.7142857142857143,0.0,1.4374999552965164,0.24257425742574254,"[""read""]",False,True,4,0.0,[],0,0.0,[],[],[],0.0,"[1,2]","[1,2]",0.5,Run 3::agentmemorybench:fact-mh-262k:context-0/factconsolidation_mh_262k_no25,True,False,False
Run 3,agentmemorybench:fact-mh-262k:context-0/factconsolidation_mh_262k_no25,6,7,0.8571428571428571,0.0,4.749999949708581,0.9356435643564356,"[""read""]",False,True,4,0.0,[],0,0.0,[],[],[],0.0,"[1,2]","[1,2]",0.5,Run 3::agentmemorybench:fact-mh-262k:context-0/factconsolidation_mh_262k_no25,True,True,False
Run 3,agentmemorybench:fact-mh-262k:context-0/factconsolidation_mh_262k_no25,7,7,1.0,0.0,4.56250006519258,0.9504950495049505,"[""finish""]",False,True,4,0.0,[],0,0.0,[],[],[],0.0,"[1,2]","[1,2]",0.5,Run 3::agentmemorybench:fact-mh-262k:context-0/factconsolidation_mh_262k_no25,True,True,True
Run 3,agentmemorybench:fact-mh-262k:context-0/factconsolidation_mh_262k_no26,1,3,0.3333333333333333,0.0,-4.500000074971467,0.9653465346534653,"[""search""]",True,False,2,0.0,[],0,0.0,[],[],[],0.0,[],[],0.0,Run 3::agentmemorybench:fact-mh-262k:context-0/factconsolidation_mh_262k_no26,False,True,False
Run 3,agentmemorybench:fact-mh-262k:context-0/factconsolidation_mh_262k_no26,2,3,0.6666666666666666,0.0,3.187499890103936,1.0,"[""read""]",True,False,2,0.0,"[1,2]",2,1.0,[],"[1,2]","[1,2]",1.0,"[1,2]","[1,2]",1.0,Run 3::agentmemorybench:fact-mh-262k:context-0/factconsolidation_mh_262k_no26,True,True,False
Run 3,agentmemorybench:fact-mh-262k:context-0/factconsolidation_mh_262k_no26,3,3,1.0,1.0,7.750000036918209,1.0,"[""finish""]",True,False,2,1.0,"[1,2]",2,1.0,"[1,2]","[1,2]","[1,2]",1.0,"[1,2]","[1,2]",1.0,Run 3::agentmemorybench:fact-mh-262k:context-0/factconsolidation_mh_262k_no26,True,True,True
Run 3,agentmemorybench:fact-mh-262k:context-0/factconsolidation_mh_262k_no27,1,10,0.1,0.0,-4.562499932479113,0.5643564356435644,"[""search""]",False,True,4,0.0,[],0,0.0,[],[],[],0.0,[],[],0.0,Run 3::agentmemorybench:fact-mh-262k:context-0/factconsolidation_mh_262k_no27,False,True,False
Run 3,agentmemorybench:fact-mh-262k:context-0/factconsolidation_mh_262k_no27,2,10,0.2,0.0,-3.4999999152496457,0.5247524752475248,"[""read"",""search""]",False,True,4,0.0,[1],1,0.25,[],[1],[1],0.25,[1],[1],0.25,Run 3::agentmemorybench:fact-mh-262k:context-0/factconsolidation_mh_262k_no27,False,True,False
Run 3,agentmemorybench:fact-mh-262k:context-0/factconsolidation_mh_262k_no27,3,10,0.3,0.5,0.3125,1.0,"[""read""]",False,True,4,0.5,"[1,2,4]",3,0.75,"[1,4]","[1,2,4]","[1,2,4]",0.75,"[1,2,4]","[1,2,4]",0.75,Run 3::agentmemorybench:fact-mh-262k:context-0/factconsolidation_mh_262k_no27,True,True,False
Run 3,agentmemorybench:fact-mh-262k:context-0/factconsolidation_mh_262k_no27,4,10,0.4,0.75,1.3750000447034836,1.0,"[""read"",""search""]",False,True,4,0.75,[2],1,0.25,[2],[2],"[1,2,4]",0.75,"[1,2,4]","[1,2,4]",0.75,Run 3::agentmemorybench:fact-mh-262k:context-0/factconsolidation_mh_262k_no27,True,True,False
Run 3,agentmemorybench:fact-mh-262k:context-0/factconsolidation_mh_262k_no27,5,10,0.5,0.75,0.125,1.0,"[""read"",""search""]",False,True,4,0.75,"[1,4]",2,0.5,"[1,4]","[1,4]","[1,2,4]",0.75,"[1,2,4]","[1,2,4]",0.75,Run 3::agentmemorybench:fact-mh-262k:context-0/factconsolidation_mh_262k_no27,True,True,False
Run 3,agentmemorybench:fact-mh-262k:context-0/factconsolidation_mh_262k_no27,6,10,0.6,0.75,1.8124999403953552,0.995049504950495,"[""workingMemory""]",False,True,4,0.75,[],0,0.0,[],[],"[1,2,4]",0.75,"[1,2,4]","[1,2,4]",0.75,Run 3::agentmemorybench:fact-mh-262k:context-0/factconsolidation_mh_262k_no27,True,True,False
Run 3,agentmemorybench:fact-mh-262k:context-0/factconsolidation_mh_262k_no27,7,10,0.7,0.75,3.499999980442226,0.35148514851485146,"[""read""]",False,True,4,0.75,[],0,0.0,[],[],"[1,2,4]",0.75,"[1,2,4]","[1,2,4]",0.75,Run 3::agentmemorybench:fact-mh-262k:context-0/factconsolidation_mh_262k_no27,True,False,False
Run 3,agentmemorybench:fact-mh-262k:context-0/factconsolidation_mh_262k_no27,8,10,0.8,0.75,5.375000108731911,0.9603960396039604,"[""search""]",False,True,4,0.75,[],0,0.0,[],[],"[1,2,4]",0.75,"[1,2,4]","[1,2,4]",0.75,Run 3::agentmemorybench:fact-mh-262k:context-0/factconsolidation_mh_262k_no27,True,True,False
Run 3,agentmemorybench:fact-mh-262k:context-0/factconsolidation_mh_262k_no27,9,10,0.9,0.75,3.2499999813735485,0.9752475247524752,"[""read""]",False,True,4,0.75,[],0,0.0,[],[],"[1,2,4]",0.75,"[1,2,4]","[1,2,4]",0.75,Run 3::agentmemorybench:fact-mh-262k:context-0/factconsolidation_mh_262k_no27,True,True,False
Run 3,agentmemorybench:fact-mh-262k:context-0/factconsolidation_mh_262k_no27,10,10,1.0,0.75,5.312500096624717,0.905940594059406,"[""finish""]",False,True,4,0.75,[],0,0.0,[],[],"[1,2,4]",0.75,"[1,2,4]","[1,2,4]",0.75,Run 3::agentmemorybench:fact-mh-262k:context-0/factconsolidation_mh_262k_no27,True,True,True
Run 3,agentmemorybench:fact-mh-262k:context-0/factconsolidation_mh_262k_no28,1,7,0.1428571428571428,0.0,-3.687500043772161,0.8712871287128713,"[""search""]",True,False,2,0.0,[],0,0.0,[],[],[],0.0,[],[],0.0,Run 3::agentmemorybench:fact-mh-262k:context-0/factconsolidation_mh_262k_no28,False,True,False
Run 3,agentmemorybench:fact-mh-262k:context-0/factconsolidation_mh_262k_no28,2,7,0.2857142857142857,0.0,1.4375000074505806,0.99009900990099,"[""search""]",True,False,2,0.0,[1],1,0.5,[],[1],[1],0.5,[1],[1],0.5,Run 3::agentmemorybench:fact-mh-262k:context-0/factconsolidation_mh_262k_no28,True,True,False
Run 3,agentmemorybench:fact-mh-262k:context-0/factconsolidation_mh_262k_no28,3,7,0.4285714285714285,0.0,-1.1249999850988388,0.995049504950495,"[""read""]",True,False,2,0.0,[],0,0.0,[],[],[],0.0,[1],[1],0.5,Run 3::agentmemorybench:fact-mh-262k:context-0/factconsolidation_mh_262k_no28,False,True,False
Run 3,agentmemorybench:fact-mh-262k:context-0/factconsolidation_mh_262k_no28,4,7,0.5714285714285714,0.0,1.2499999850988388,0.910891089108911,"[""read""]",True,False,2,0.0,[],0,0.0,[],[],[],0.0,[1],[1],0.5,Run 3::agentmemorybench:fact-mh-262k:context-0/factconsolidation_mh_262k_no28,True,True,False
Run 3,agentmemorybench:fact-mh-262k:context-0/factconsolidation_mh_262k_no28,5,7,0.7142857142857143,0.5,1.1875000596046448,1.0,"[""search""]",True,False,2,0.5,[1],1,0.5,[1],[1],[1],0.5,[1],[1],0.5,Run 3::agentmemorybench:fact-mh-262k:context-0/factconsolidation_mh_262k_no28,True,True,False
Run 3,agentmemorybench:fact-mh-262k:context-0/factconsolidation_mh_262k_no28,6,7,0.8571428571428571,0.5,3.1875000279396772,1.0,"[""read""]",True,False,2,0.5,[],0,0.0,[],[],[1],0.5,[1],[1],0.5,Run 3::agentmemorybench:fact-mh-262k:context-0/factconsolidation_mh_262k_no28,True,True,False
Run 3,agentmemorybench:fact-mh-262k:context-0/factconsolidation_mh_262k_no28,7,7,1.0,1.0,5.937499813386239,1.0,"[""finish""]",True,False,2,1.0,[2],1,0.5,[2],[2],"[1,2]",1.0,"[1,2]","[1,2]",1.0,Run 3::agentmemorybench:fact-mh-262k:context-0/factconsolidation_mh_262k_no28,True,True,True
Run 3,agentmemorybench:fact-mh-262k:context-0/factconsolidation_mh_262k_no29,1,4,0.25,0.0,-4.312499995809048,0.9455445544554455,"[""search""]",True,False,2,0.0,[],0,0.0,[],[],[],0.0,[],[],0.0,Run 3::agentmemorybench:fact-mh-262k:context-0/factconsolidation_mh_262k_no29,False,True,False
Run 3,agentmemorybench:fact-mh-262k:context-0/factconsolidation_mh_262k_no29,2,4,0.5,0.0,1.3750000596046448,0.9752475247524752,"[""search""]",True,False,2,0.0,[1],1,0.5,[],[1],[1],0.5,[1],[1],0.5,Run 3::agentmemorybench:fact-mh-262k:context-0/factconsolidation_mh_262k_no29,True,True,False
Run 3,agentmemorybench:fact-mh-262k:context-0/factconsolidation_mh_262k_no29,3,4,0.75,0.0,3.125000001862645,1.0,"[""read""]",True,False,2,0.0,"[1,2]",2,1.0,[],"[1,2]","[1,2]",1.0,"[1,2]","[1,2]",1.0,Run 3::agentmemorybench:fact-mh-262k:context-0/factconsolidation_mh_262k_no29,True,True,False
Run 3,agentmemorybench:fact-mh-262k:context-0/factconsolidation_mh_262k_no29,4,4,1.0,1.0,9.437499645624484,1.0,"[""finish""]",True,False,2,1.0,"[1,2]",2,1.0,"[1,2]","[1,2]","[1,2]",1.0,"[1,2]","[1,2]",1.0,Run 3::agentmemorybench:fact-mh-262k:context-0/factconsolidation_mh_262k_no29,True,True,True
Run 3,agentmemorybench:fact-mh-262k:context-0/factconsolidation_mh_262k_no3,1,5,0.2,0.0,-4.500000076368451,0.9059405940594061,"[""search""]",True,False,2,0.0,[],0,0.0,[],[],[],0.0,[],[],0.0,Run 3::agentmemorybench:fact-mh-262k:context-0/factconsolidation_mh_262k_no3,False,True,False
Run 3,agentmemorybench:fact-mh-262k:context-0/factconsolidation_mh_262k_no3,2,5,0.4,0.0,2.8749999441206455,0.995049504950495,"[""read""]",True,False,2,0.0,[1],1,0.5,[],[1],[1],0.5,[1],[1],0.5,Run 3::agentmemorybench:fact-mh-262k:context-0/factconsolidation_mh_262k_no3,True,True,False
Run 3,agentmemorybench:fact-mh-262k:context-0/factconsolidation_mh_262k_no3,3,5,0.6,0.5,6.375000168336555,1.0,"[""search""]",True,False,2,0.5,[1],1,0.5,[1],[1],[1],0.5,[1],[1],0.5,Run 3::agentmemorybench:fact-mh-262k:context-0/factconsolidation_mh_262k_no3,True,True,False
Run 3,agentmemorybench:fact-mh-262k:context-0/factconsolidation_mh_262k_no3,4,5,0.8,0.5,3.625000021420419,0.99009900990099,"[""read""]",True,False,2,0.5,[2],1,0.5,[],[2],"[1,2]",1.0,"[1,2]","[1,2]",1.0,Run 3::agentmemorybench:fact-mh-262k:context-0/factconsolidation_mh_262k_no3,True,True,False
Run 3,agentmemorybench:fact-mh-262k:context-0/factconsolidation_mh_262k_no3,5,5,1.0,1.0,7.062499953521183,1.0,"[""finish""]",True,False,2,1.0,[2],1,0.5,[2],[2],"[1,2]",1.0,"[1,2]","[1,2]",1.0,Run 3::agentmemorybench:fact-mh-262k:context-0/factconsolidation_mh_262k_no3,True,True,True
Run 3,agentmemorybench:fact-mh-262k:context-0/factconsolidation_mh_262k_no30,1,5,0.2,0.0,-3.874999947845936,0.9108910891089108,"[""search""]",True,False,2,0.0,[],0,0.0,[],[],[],0.0,[],[],0.0,Run 3::agentmemorybench:fact-mh-262k:context-0/factconsolidation_mh_262k_no30,False,True,False
Run 3,agentmemorybench:fact-mh-262k:context-0/factconsolidation_mh_262k_no30,2,5,0.4,0.0,3.0000000447034836,0.995049504950495,"[""search""]",True,False,2,0.0,[1],1,0.5,[],[1],[1],0.5,[1],[1],0.5,Run 3::agentmemorybench:fact-mh-262k:context-0/factconsolidation_mh_262k_no30,True,True,False
Run 3,agentmemorybench:fact-mh-262k:context-0/factconsolidation_mh_262k_no30,3,5,0.6,0.0,0.8124999552965164,0.99009900990099,"[""read""]",True,False,2,0.0,[],0,0.0,[],[],[],0.0,[1],[1],0.5,Run 3::agentmemorybench:fact-mh-262k:context-0/factconsolidation_mh_262k_no30,True,True,False
Run 3,agentmemorybench:fact-mh-262k:context-0/factconsolidation_mh_262k_no30,4,5,0.8,0.5,6.875000119151082,1.0,"[""read""]",True,False,2,0.5,[1],1,0.5,[1],[1],[1],0.5,[1],[1],0.5,Run 3::agentmemorybench:fact-mh-262k:context-0/factconsolidation_mh_262k_no30,True,True,False
Run 3,agentmemorybench:fact-mh-262k:context-0/factconsolidation_mh_262k_no30,5,5,1.0,1.0,6.312499993189704,1.0,"[""finish""]",True,False,2,1.0,[2],1,0.5,[2],[2],"[1,2]",1.0,"[1,2]","[1,2]",1.0,Run 3::agentmemorybench:fact-mh-262k:context-0/factconsolidation_mh_262k_no30,True,True,True
Run 3,agentmemorybench:fact-mh-262k:context-0/factconsolidation_mh_262k_no31,1,3,0.3333333333333333,0.0,-4.562499960884452,0.9059405940594059,"[""search""]",False,False,2,0.0,[],0,0.0,[],[],[],0.0,[],[],0.0,Run 3::agentmemorybench:fact-mh-262k:context-0/factconsolidation_mh_262k_no31,False,True,False
Run 3,agentmemorybench:fact-mh-262k:context-0/factconsolidation_mh_262k_no31,2,3,0.6666666666666666,0.0,3.6875000037252903,1.0,"[""read""]",False,False,2,0.0,[1],1,0.5,[],[1],[1],0.5,[1],[1],0.5,Run 3::agentmemorybench:fact-mh-262k:context-0/factconsolidation_mh_262k_no31,True,True,False
Run 3,agentmemorybench:fact-mh-262k:context-0/factconsolidation_mh_262k_no31,3,3,1.0,0.5,6.687499891035259,1.0,"[""finish""]",False,False,2,0.5,[1],1,0.5,[1],[1],[1],0.5,[1],[1],0.5,Run 3::agentmemorybench:fact-mh-262k:context-0/factconsolidation_mh_262k_no31,True,True,True
Run 3,agentmemorybench:fact-mh-262k:context-0/factconsolidation_mh_262k_no32,1,16,0.0625,0.0,-3.9375000121071935,0.7821782178217822,"[""search""]",False,False,4,0.0,[],0,0.0,[],[],[],0.0,[],[],0.0,Run 3::agentmemorybench:fact-mh-262k:context-0/factconsolidation_mh_262k_no32,False,True,False
Run 3,agentmemorybench:fact-mh-262k:context-0/factconsolidation_mh_262k_no32,2,16,0.125,0.0,-6.4374999784631655,0.0792079207920792,"[""search""]",False,False,4,0.0,[2],1,0.25,[],[2],[2],0.25,[2],[2],0.25,Run 3::agentmemorybench:fact-mh-262k:context-0/factconsolidation_mh_262k_no32,False,False,False
Run 3,agentmemorybench:fact-mh-262k:context-0/factconsolidation_mh_262k_no32,3,16,0.1875,0.0,-5.625000084983185,0.613861386138614,"[""search""]",False,False,4,0.0,[],0,0.0,[],[],[],0.0,[2],[2],0.25,Run 3::agentmemorybench:fact-mh-262k:context-0/factconsolidation_mh_262k_no32,False,True,False
Run 3,agentmemorybench:fact-mh-262k:context-0/factconsolidation_mh_262k_no32,4,16,0.25,0.0,-4.9999999813735485,0.7574257425742574,"[""search""]",False,False,4,0.0,[1],1,0.25,[],[1],[1],0.25,"[1,2]","[1,2]",0.5,Run 3::agentmemorybench:fact-mh-262k:context-0/factconsolidation_mh_262k_no32,False,True,False
Run 3,agentmemorybench:fact-mh-262k:context-0/factconsolidation_mh_262k_no32,5,16,0.3125,0.0,-0.6875,0.9851485148514851,"[""workingMemory""]",False,False,4,0.0,"[1,2]",2,0.5,[],"[1,2]","[1,2]",0.5,"[1,2]","[1,2]",0.5,Run 3::agentmemorybench:fact-mh-262k:context-0/factconsolidation_mh_262k_no32,False,True,False
Run 3,agentmemorybench:fact-mh-262k:context-0/factconsolidation_mh_262k_no32,6,16,0.375,0.0,-1.5625000223517418,0.0,"[""workingMemory""]",False,False,4,0.0,[],0,0.0,[],[],[],0.0,"[1,2]","[1,2]",0.5,Run 3::agentmemorybench:fact-mh-262k:context-0/factconsolidation_mh_262k_no32,False,False,False
Run 3,agentmemorybench:fact-mh-262k:context-0/factconsolidation_mh_262k_no32,7,16,0.4375,0.0,-1.1250000149011612,0.6089108910891089,"[""search""]",False,False,4,0.0,[],0,0.0,[],[],[],0.0,"[1,2]","[1,2]",0.5,Run 3::agentmemorybench:fact-mh-262k:context-0/factconsolidation_mh_262k_no32,False,True,False
Run 3,agentmemorybench:fact-mh-262k:context-0/factconsolidation_mh_262k_no32,8,16,0.5,0.0,0.9999999701976776,0.995049504950495,"[""read""]",False,False,4,0.0,[2],1,0.25,[],[2],[2],0.25,"[1,2]","[1,2]",0.5,Run 3::agentmemorybench:fact-mh-262k:context-0/factconsolidation_mh_262k_no32,True,True,False
Run 3,agentmemorybench:fact-mh-262k:context-0/factconsolidation_mh_262k_no32,9,16,0.5625,0.5,0.8124999701976776,1.0,[],False,False,4,0.5,"[1,2]",2,0.5,"[1,2]","[1,2]","[1,2]",0.5,"[1,2]","[1,2]",0.5,Run 3::agentmemorybench:fact-mh-262k:context-0/factconsolidation_mh_262k_no32,True,True,False
Run 3,agentmemorybench:fact-mh-262k:context-0/factconsolidation_mh_262k_no32,10,16,0.625,0.5,2.9999999590218067,0.9851485148514851,"[""search""]",False,False,4,0.5,[],0,0.0,[],[],"[1,2]",0.5,"[1,2]","[1,2]",0.5,Run 3::agentmemorybench:fact-mh-262k:context-0/factconsolidation_mh_262k_no32,True,True,False
Run 3,agentmemorybench:fact-mh-262k:context-0/factconsolidation_mh_262k_no32,11,16,0.6875,0.5,-1.0625000298023224,0.9801980198019802,"[""read""]",False,False,4,0.5,[],0,0.0,[],[],"[1,2]",0.5,"[1,2]","[1,2]",0.5,Run 3::agentmemorybench:fact-mh-262k:context-0/factconsolidation_mh_262k_no32,False,True,False
Run 3,agentmemorybench:fact-mh-262k:context-0/factconsolidation_mh_262k_no32,12,16,0.75,0.5,-0.125,0.9702970297029703,"[""search""]",False,False,4,0.5,[],0,0.0,[],[],"[1,2]",0.5,"[1,2]","[1,2]",0.5,Run 3::agentmemorybench:fact-mh-262k:context-0/factconsolidation_mh_262k_no32,False,True,False
Run 3,agentmemorybench:fact-mh-262k:context-0/factconsolidation_mh_262k_no32,13,16,0.8125,0.5,1.1874999701976776,1.0,"[""read""]",False,False,4,0.5,[1],1,0.25,[],[1],"[1,2]",0.5,"[1,2]","[1,2]",0.5,Run 3::agentmemorybench:fact-mh-262k:context-0/factconsolidation_mh_262k_no32,True,True,False
Run 3,agentmemorybench:fact-mh-262k:context-0/factconsolidation_mh_262k_no32,14,16,0.875,0.5,1.5,0.9900990099009901,"[""search""]",False,False,4,0.5,[1],1,0.25,[1],[1],"[1,2]",0.5,"[1,2]","[1,2]",0.5,Run 3::agentmemorybench:fact-mh-262k:context-0/factconsolidation_mh_262k_no32,True,True,False
Run 3,agentmemorybench:fact-mh-262k:context-0/factconsolidation_mh_262k_no32,15,16,0.9375,0.5,-1.3125000074505806,0.9653465346534653,"[""search""]",False,False,4,0.5,[],0,0.0,[],[],"[1,2]",0.5,"[1,2]","[1,2]",0.5,Run 3::agentmemorybench:fact-mh-262k:context-0/factconsolidation_mh_262k_no32,False,True,False
Run 3,agentmemorybench:fact-mh-262k:context-0/factconsolidation_mh_262k_no32,16,16,1.0,0.5,-3.5624999897554517,0.504950495049505,"[""finish""]",False,False,4,0.5,[],0,0.0,[],[],"[1,2]",0.5,"[1,2]","[1,2]",0.5,Run 3::agentmemorybench:fact-mh-262k:context-0/factconsolidation_mh_262k_no32,False,True,True
Run 3,agentmemorybench:fact-mh-262k:context-0/factconsolidation_mh_262k_no33,1,7,0.1428571428571428,0.0,-4.375000040978193,0.9455445544554455,"[""search""]",True,True,3,0.0,[],0,0.0,[],[],[],0.0,[],[],0.0,Run 3::agentmemorybench:fact-mh-262k:context-0/factconsolidation_mh_262k_no33,False,True,False
Run 3,agentmemorybench:fact-mh-262k:context-0/factconsolidation_mh_262k_no33,2,7,0.2857142857142857,0.0,0.1875,1.0,"[""read""]",True,True,3,0.0,[1],1,0.3333333333333333,[],[1],[1],0.3333333333333333,[1],[1],0.3333333333333333,Run 3::agentmemorybench:fact-mh-262k:context-0/factconsolidation_mh_262k_no33,True,True,False
Run 3,agentmemorybench:fact-mh-262k:context-0/factconsolidation_mh_262k_no33,3,7,0.4285714285714285,0.3333333333333333,0.8125,0.995049504950495,"[""search""]",True,True,3,0.3333333333333333,[1],1,0.3333333333333333,[1],[1],[1],0.3333333333333333,[1],[1],0.3333333333333333,Run 3::agentmemorybench:fact-mh-262k:context-0/factconsolidation_mh_262k_no33,True,True,False
Run 3,agentmemorybench:fact-mh-262k:context-0/factconsolidation_mh_262k_no33,4,7,0.5714285714285714,0.3333333333333333,1.812499925494194,1.0,"[""read""]",True,True,3,0.3333333333333333,[3],1,0.3333333333333333,[],[3],"[1,3]",0.6666666666666666,"[1,3]","[1,3]",0.6666666666666666,Run 3::agentmemorybench:fact-mh-262k:context-0/factconsolidation_mh_262k_no33,True,True,False
Run 3,agentmemorybench:fact-mh-262k:context-0/factconsolidation_mh_262k_no33,5,7,0.7142857142857143,0.6666666666666666,6.812499896215741,1.0,"[""search""]",True,True,3,0.6666666666666666,[3],1,0.3333333333333333,[3],[3],"[1,3]",0.6666666666666666,"[1,3]","[1,3]",0.6666666666666666,Run 3::agentmemorybench:fact-mh-262k:context-0/factconsolidation_mh_262k_no33,True,True,False
Run 3,agentmemorybench:fact-mh-262k:context-0/factconsolidation_mh_262k_no33,6,7,0.8571428571428571,0.6666666666666666,5.37500000349246,0.9554455445544554,[],True,True,3,0.6666666666666666,"[2,3]",2,0.6666666666666666,[],"[2,3]","[1,2,3]",1.0,"[1,2,3]","[1,2,3]",1.0,Run 3::agentmemorybench:fact-mh-262k:context-0/factconsolidation_mh_262k_no33,True,True,False
Run 3,agentmemorybench:fact-mh-262k:context-0/factconsolidation_mh_262k_no33,7,7,1.0,0.6666666666666666,4.750000027008355,0.6039603960396039,"[""finish""]",True,True,3,0.6666666666666666,[],0,0.0,[],[],"[1,3]",0.6666666666666666,"[1,2,3]","[1,2,3]",1.0,Run 3::agentmemorybench:fact-mh-262k:context-0/factconsolidation_mh_262k_no33,True,True,True
Run 3,agentmemorybench:fact-mh-262k:context-0/factconsolidation_mh_262k_no34,1,12,0.0833333333333333,0.0,-5.187499973224476,0.7425742574257426,"[""search""]",True,False,3,0.0,[],0,0.0,[],[],[],0.0,[],[],0.0,Run 3::agentmemorybench:fact-mh-262k:context-0/factconsolidation_mh_262k_no34,False,True,False
Run 3,agentmemorybench:fact-mh-262k:context-0/factconsolidation_mh_262k_no34,2,12,0.1666666666666666,0.0,-3.0625000651925802,0.4801980198019802,"[""search""]",True,False,3,0.0,[1],1,0.3333333333333333,[],[1],[1],0.3333333333333333,[1],[1],0.3333333333333333,Run 3::agentmemorybench:fact-mh-262k:context-0/factconsolidation_mh_262k_no34,False,False,False
Run 3,agentmemorybench:fact-mh-262k:context-0/factconsolidation_mh_262k_no34,3,12,0.25,0.0,-7.187499963823939,0.9851485148514851,"[""read""]",True,False,3,0.0,[1],1,0.3333333333333333,[],[1],[1],0.3333333333333333,[1],[1],0.3333333333333333,Run 3::agentmemorybench:fact-mh-262k:context-0/factconsolidation_mh_262k_no34,False,True,False
Run 3,agentmemorybench:fact-mh-262k:context-0/factconsolidation_mh_262k_no34,4,12,0.3333333333333333,0.3333333333333333,-4.999999965773895,0.9504950495049505,"[""search""]",True,False,3,0.3333333333333333,[1],1,0.3333333333333333,[1],[1],[1],0.3333333333333333,[1],[1],0.3333333333333333,Run 3::agentmemorybench:fact-mh-262k:context-0/factconsolidation_mh_262k_no34,False,True,False
Run 3,agentmemorybench:fact-mh-262k:context-0/factconsolidation_mh_262k_no34,5,12,0.4166666666666667,0.3333333333333333,-5.062500037951395,1.0,"[""read""]",True,False,3,0.3333333333333333,[],0,0.0,[],[],[1],0.3333333333333333,[1],[1],0.3333333333333333,Run 3::agentmemorybench:fact-mh-262k:context-0/factconsolidation_mh_262k_no34,False,True,False
Run 3,agentmemorybench:fact-mh-262k:context-0/factconsolidation_mh_262k_no34,6,12,0.5,0.3333333333333333,-5.375000008614734,1.0,"[""search""]",True,False,3,0.3333333333333333,[],0,0.0,[],[],[1],0.3333333333333333,[1],[1],0.3333333333333333,Run 3::agentmemorybench:fact-mh-262k:context-0/factconsolidation_mh_262k_no34,False,True,False
Run 3,agentmemorybench:fact-mh-262k:context-0/factconsolidation_mh_262k_no34,7,12,0.5833333333333334,0.3333333333333333,-4.624999992549419,0.4455445544554455,"[""search""]",True,False,3,0.3333333333333333,[],0,0.0,[],[],[1],0.3333333333333333,[1],[1],0.3333333333333333,Run 3::agentmemorybench:fact-mh-262k:context-0/factconsolidation_mh_262k_no34,False,False,False
Run 3,agentmemorybench:fact-mh-262k:context-0/factconsolidation_mh_262k_no34,8,12,0.6666666666666666,0.3333333333333333,-0.375,0.1683168316831683,"[""search""]",True,False,3,0.3333333333333333,[],0,0.0,[],[],[1],0.3333333333333333,[1],[1],0.3333333333333333,Run 3::agentmemorybench:fact-mh-262k:context-0/factconsolidation_mh_262k_no34,False,False,False
Run 3,agentmemorybench:fact-mh-262k:context-0/factconsolidation_mh_262k_no34,9,12,0.75,0.3333333333333333,-0.9375000149011612,0.30693069306930687,"[""search""]",True,False,3,0.3333333333333333,[],0,0.0,[],[],[1],0.3333333333333333,[1],[1],0.3333333333333333,Run 3::agentmemorybench:fact-mh-262k:context-0/factconsolidation_mh_262k_no34,False,False,False
Run 3,agentmemorybench:fact-mh-262k:context-0/factconsolidation_mh_262k_no34,10,12,0.8333333333333334,0.3333333333333333,-0.6249999850988388,0.9801980198019802,"[""search""]",True,False,3,0.3333333333333333,[],0,0.0,[],[],[1],0.3333333333333333,[1],[1],0.3333333333333333,Run 3::agentmemorybench:fact-mh-262k:context-0/factconsolidation_mh_262k_no34,False,True,False
Run 3,agentmemorybench:fact-mh-262k:context-0/factconsolidation_mh_262k_no34,11,12,0.9166666666666666,0.3333333333333333,-2.062500052154064,0.9158415841584158,"[""search""]",True,False,3,0.3333333333333333,[],0,0.0,[],[],[1],0.3333333333333333,[1],[1],0.3333333333333333,Run 3::agentmemorybench:fact-mh-262k:context-0/factconsolidation_mh_262k_no34,False,True,False
Run 3,agentmemorybench:fact-mh-262k:context-0/factconsolidation_mh_262k_no34,12,12,1.0,0.3333333333333333,-1.3125000074505806,0.8267326732673268,"[""finish""]",True,False,3,0.3333333333333333,[],0,0.0,[],[],[1],0.3333333333333333,[1],[1],0.3333333333333333,Run 3::agentmemorybench:fact-mh-262k:context-0/factconsolidation_mh_262k_no34,False,True,True
Run 3,agentmemorybench:fact-mh-262k:context-0/factconsolidation_mh_262k_no35,1,9,0.1111111111111111,0.0,-4.500000097323209,0.9257425742574259,"[""search""]",False,True,4,0.0,[],0,0.0,[],[],[],0.0,[],[],0.0,Run 3::agentmemorybench:fact-mh-262k:context-0/factconsolidation_mh_262k_no35,False,True,False
Run 3,agentmemorybench:fact-mh-262k:context-0/factconsolidation_mh_262k_no35,2,9,0.2222222222222222,0.0,1.6250000223517418,0.99009900990099,"[""search""]",False,True,4,0.0,[1],1,0.25,[],[1],[1],0.25,[1],[1],0.25,Run 3::agentmemorybench:fact-mh-262k:context-0/factconsolidation_mh_262k_no35,True,True,False
Run 3,agentmemorybench:fact-mh-262k:context-0/factconsolidation_mh_262k_no35,3,9,0.3333333333333333,0.0,1.4374999850988388,0.9801980198019802,"[""read""]",False,True,4,0.0,[2],1,0.25,[],[2],[2],0.25,"[1,2]","[1,2]",0.5,Run 3::agentmemorybench:fact-mh-262k:context-0/factconsolidation_mh_262k_no35,True,True,False
Run 3,agentmemorybench:fact-mh-262k:context-0/factconsolidation_mh_262k_no35,4,9,0.4444444444444444,0.5,2.8125000167638063,1.0,"[""search""]",False,True,4,0.5,"[1,2]",2,0.5,"[1,2]","[1,2]","[1,2]",0.5,"[1,2]","[1,2]",0.5,Run 3::agentmemorybench:fact-mh-262k:context-0/factconsolidation_mh_262k_no35,True,True,False
Run 3,agentmemorybench:fact-mh-262k:context-0/factconsolidation_mh_262k_no35,5,9,0.5555555555555556,0.5,2.874999975785613,1.0,"[""search""]",False,True,4,0.5,[3],1,0.25,[],[3],"[1,2,3]",0.75,"[1,2,3]","[1,2,3]",0.75,Run 3::agentmemorybench:fact-mh-262k:context-0/factconsolidation_mh_262k_no35,True,True,False
Run 3,agentmemorybench:fact-mh-262k:context-0/factconsolidation_mh_262k_no35,6,9,0.6666666666666666,0.5,2.9374999813735485,0.995049504950495,"[""read""]",False,True,4,0.5,"[3,4]",2,0.5,[],"[3,4]","[1,2,3,4]",1.0,"[1,2,3,4]","[1,2,3,4]",1.0,Run 3::agentmemorybench:fact-mh-262k:context-0/factconsolidation_mh_262k_no35,True,True,False
Run 3,agentmemorybench:fact-mh-262k:context-0/factconsolidation_mh_262k_no35,7,9,0.7777777777777778,0.5,3.0624999720603228,0.41089108910891087,"[""search""]",False,True,4,0.5,[],0,0.0,[],[],"[1,2]",0.5,"[1,2,3,4]","[1,2,3,4]",1.0,Run 3::agentmemorybench:fact-mh-262k:context-0/factconsolidation_mh_262k_no35,True,False,False
Run 3,agentmemorybench:fact-mh-262k:context-0/factconsolidation_mh_262k_no35,8,9,0.8888888888888888,0.5,1.562500037252903,0.2871287128712871,"[""read""]",False,True,4,0.5,[],0,0.0,[],[],"[1,2]",0.5,"[1,2,3,4]","[1,2,3,4]",1.0,Run 3::agentmemorybench:fact-mh-262k:context-0/factconsolidation_mh_262k_no35,True,False,False
Run 3,agentmemorybench:fact-mh-262k:context-0/factconsolidation_mh_262k_no35,9,9,1.0,0.75,3.437500006519258,1.0,"[""finish""]",False,True,4,0.75,"[3,4]",2,0.5,"[3,4]","[3,4]","[1,2,3,4]",1.0,"[1,2,3,4]","[1,2,3,4]",1.0,Run 3::agentmemorybench:fact-mh-262k:context-0/factconsolidation_mh_262k_no35,True,True,True
Run 3,agentmemorybench:fact-mh-262k:context-0/factconsolidation_mh_262k_no36,1,5,0.2,0.0,-3.7499999832361937,0.6534653465346535,"[""search""]",False,True,4,0.0,[],0,0.0,[],[],[],0.0,[],[],0.0,Run 3::agentmemorybench:fact-mh-262k:context-0/factconsolidation_mh_262k_no36,False,True,False
Run 3,agentmemorybench:fact-mh-262k:context-0/factconsolidation_mh_262k_no36,2,5,0.4,0.0,-0.9999999850988388,0.9752475247524752,"[""read""]",False,True,4,0.0,[1],1,0.25,[],[1],[1],0.25,[1],[1],0.25,Run 3::agentmemorybench:fact-mh-262k:context-0/factconsolidation_mh_262k_no36,False,True,False
Run 3,agentmemorybench:fact-mh-262k:context-0/factconsolidation_mh_262k_no36,3,5,0.6,0.25,1.3125,1.0,"[""search""]",False,True,4,0.25,[1],1,0.25,[1],[1],[1],0.25,[1],[1],0.25,Run 3::agentmemorybench:fact-mh-262k:context-0/factconsolidation_mh_262k_no36,True,True,False
Run 3,agentmemorybench:fact-mh-262k:context-0/factconsolidation_mh_262k_no36,4,5,0.8,0.25,1.437499962747097,1.0,"[""read""]",False,True,4,0.25,[3],1,0.25,[],[3],"[1,3]",0.5,"[1,3]","[1,3]",0.5,Run 3::agentmemorybench:fact-mh-262k:context-0/factconsolidation_mh_262k_no36,True,True,False
Run 3,agentmemorybench:fact-mh-262k:context-0/factconsolidation_mh_262k_no36,5,5,1.0,0.25,6.562500112631824,0.995049504950495,"[""finish""]",False,True,4,0.25,[3],1,0.25,[3],[3],"[1,3]",0.5,"[1,3]","[1,3]",0.5,Run 3::agentmemorybench:fact-mh-262k:context-0/factconsolidation_mh_262k_no36,True,True,True
Run 3,agentmemorybench:fact-mh-262k:context-0/factconsolidation_mh_262k_no37,1,5,0.2,0.0,-4.937500147148967,0.7821782178217822,"[""search""]",True,False,2,0.0,[],0,0.0,[],[],[],0.0,[],[],0.0,Run 3::agentmemorybench:fact-mh-262k:context-0/factconsolidation_mh_262k_no37,False,True,False
Run 3,agentmemorybench:fact-mh-262k:context-0/factconsolidation_mh_262k_no37,2,5,0.4,0.0,2.5624999552965164,1.0,"[""read""]",True,False,2,0.0,[1],1,0.5,[],[1],[1],0.5,[1],[1],0.5,Run 3::agentmemorybench:fact-mh-262k:context-0/factconsolidation_mh_262k_no37,True,True,False
Run 3,agentmemorybench:fact-mh-262k:context-0/factconsolidation_mh_262k_no37,3,5,0.6,0.5,2.437500048428774,1.0,"[""search""]",True,False,2,0.5,[1],1,0.5,[1],[1],[1],0.5,[1],[1],0.5,Run 3::agentmemorybench:fact-mh-262k:context-0/factconsolidation_mh_262k_no37,True,True,False
Run 3,agentmemorybench:fact-mh-262k:context-0/factconsolidation_mh_262k_no37,4,5,0.8,0.5,2.625000037252903,0.995049504950495,"[""read""]",True,False,2,0.5,[2],1,0.5,[],[2],"[1,2]",1.0,"[1,2]","[1,2]",1.0,Run 3::agentmemorybench:fact-mh-262k:context-0/factconsolidation_mh_262k_no37,True,True,False
Run 3,agentmemorybench:fact-mh-262k:context-0/factconsolidation_mh_262k_no37,5,5,1.0,1.0,7.437499996711267,1.0,"[""finish""]",True,False,2,1.0,[2],1,0.5,[2],[2],"[1,2]",1.0,"[1,2]","[1,2]",1.0,Run 3::agentmemorybench:fact-mh-262k:context-0/factconsolidation_mh_262k_no37,True,True,True
Run 3,agentmemorybench:fact-mh-262k:context-0/factconsolidation_mh_262k_no38,1,7,0.1428571428571428,0.0,-3.500000013038516,0.886138613861386,"[""search""]",True,False,2,0.0,[],0,0.0,[],[],[],0.0,[],[],0.0,Run 3::agentmemorybench:fact-mh-262k:context-0/factconsolidation_mh_262k_no38,False,True,False
Run 3,agentmemorybench:fact-mh-262k:context-0/factconsolidation_mh_262k_no38,2,7,0.2857142857142857,0.0,3.000000022351742,1.0,"[""read""]",True,False,2,0.0,[1],1,0.5,[],[1],[1],0.5,[1],[1],0.5,Run 3::agentmemorybench:fact-mh-262k:context-0/factconsolidation_mh_262k_no38,True,True,False
Run 3,agentmemorybench:fact-mh-262k:context-0/factconsolidation_mh_262k_no38,3,7,0.4285714285714285,0.5,3.5624999441206455,0.9801980198019802,"[""search""]",True,False,2,0.5,[1],1,0.5,[1],[1],[1],0.5,[1],[1],0.5,Run 3::agentmemorybench:fact-mh-262k:context-0/factconsolidation_mh_262k_no38,True,True,False
Run 3,agentmemorybench:fact-mh-262k:context-0/factconsolidation_mh_262k_no38,4,7,0.5714285714285714,0.5,3.750000013038516,1.0,[],True,False,2,0.5,[2],1,0.5,[],[2],"[1,2]",1.0,"[1,2]","[1,2]",1.0,Run 3::agentmemorybench:fact-mh-262k:context-0/factconsolidation_mh_262k_no38,True,True,False
Run 3,agentmemorybench:fact-mh-262k:context-0/factconsolidation_mh_262k_no38,5,7,0.7142857142857143,0.5,1.6874999776482582,0.2772277227722772,"[""read""]",True,False,2,0.5,[],0,0.0,[],[],[1],0.5,"[1,2]","[1,2]",1.0,Run 3::agentmemorybench:fact-mh-262k:context-0/factconsolidation_mh_262k_no38,True,False,False
Run 3,agentmemorybench:fact-mh-262k:context-0/factconsolidation_mh_262k_no38,6,7,0.8571428571428571,0.5,4.874999935505912,0.995049504950495,"[""read""]",True,False,2,0.5,[2],1,0.5,[2],[2],"[1,2]",1.0,"[1,2]","[1,2]",1.0,Run 3::agentmemorybench:fact-mh-262k:context-0/factconsolidation_mh_262k_no38,True,True,False
Run 3,agentmemorybench:fact-mh-262k:context-0/factconsolidation_mh_262k_no38,7,7,1.0,1.0,7.562499957566615,1.0,"[""finish""]",True,False,2,1.0,[2],1,0.5,[2],[2],"[1,2]",1.0,"[1,2]","[1,2]",1.0,Run 3::agentmemorybench:fact-mh-262k:context-0/factconsolidation_mh_262k_no38,True,True,True
Run 3,agentmemorybench:fact-mh-262k:context-0/factconsolidation_mh_262k_no39,1,8,0.125,0.0,-6.125000233296305,0.4752475247524752,"[""search""]",True,False,2,0.0,[],0,0.0,[],[],[],0.0,[],[],0.0,Run 3::agentmemorybench:fact-mh-262k:context-0/factconsolidation_mh_262k_no39,False,False,False
Run 3,agentmemorybench:fact-mh-262k:context-0/factconsolidation_mh_262k_no39,2,8,0.25,0.0,1.1250000596046448,0.8168316831683169,"[""search""]",True,False,2,0.0,[1],1,0.5,[],[1],[1],0.5,[1],[1],0.5,Run 3::agentmemorybench:fact-mh-262k:context-0/factconsolidation_mh_262k_no39,True,True,False
Run 3,agentmemorybench:fact-mh-262k:context-0/factconsolidation_mh_262k_no39,3,8,0.375,0.0,1.6250000149011612,0.9554455445544554,[],True,False,2,0.0,[2],1,0.5,[],[2],[2],0.5,"[1,2]","[1,2]",1.0,Run 3::agentmemorybench:fact-mh-262k:context-0/factconsolidation_mh_262k_no39,True,True,False
Run 3,agentmemorybench:fact-mh-262k:context-0/factconsolidation_mh_262k_no39,4,8,0.5,0.0,-3.5624998891726136,0.0099009900990099,"[""search""]",True,False,2,0.0,[],0,0.0,[],[],[],0.0,"[1,2]","[1,2]",1.0,Run 3::agentmemorybench:fact-mh-262k:context-0/factconsolidation_mh_262k_no39,False,False,False
Run 3,agentmemorybench:fact-mh-262k:context-0/factconsolidation_mh_262k_no39,5,8,0.625,0.0,1.4375000223517418,1.0,"[""read""]",True,False,2,0.0,[1],1,0.5,[],[1],[1],0.5,"[1,2]","[1,2]",1.0,Run 3::agentmemorybench:fact-mh-262k:context-0/factconsolidation_mh_262k_no39,True,True,False
Run 3,agentmemorybench:fact-mh-262k:context-0/factconsolidation_mh_262k_no39,6,8,0.75,0.5,-1.5000000149011612,0.693069306930693,"[""search""]",True,False,2,0.5,[1],1,0.5,[1],[1],[1],0.5,"[1,2]","[1,2]",1.0,Run 3::agentmemorybench:fact-mh-262k:context-0/factconsolidation_mh_262k_no39,False,True,False
Run 3,agentmemorybench:fact-mh-262k:context-0/factconsolidation_mh_262k_no39,7,8,0.875,0.5,4.187499954365194,1.0,"[""read""]",True,False,2,0.5,[2],1,0.5,[],[2],"[1,2]",1.0,"[1,2]","[1,2]",1.0,Run 3::agentmemorybench:fact-mh-262k:context-0/factconsolidation_mh_262k_no39,True,True,False
Run 3,agentmemorybench:fact-mh-262k:context-0/factconsolidation_mh_262k_no39,8,8,1.0,1.0,7.68750004710455,0.9702970297029704,"[""finish""]",True,False,2,1.0,"[1,2]",2,1.0,"[1,2]","[1,2]","[1,2]",1.0,"[1,2]","[1,2]",1.0,Run 3::agentmemorybench:fact-mh-262k:context-0/factconsolidation_mh_262k_no39,True,True,True
Run 3,agentmemorybench:fact-mh-262k:context-0/factconsolidation_mh_262k_no4,1,14,0.0714285714285714,0.0,-4.18750006519258,0.7623762376237624,"[""search""]",False,True,2,0.0,[],0,0.0,[],[],[],0.0,[],[],0.0,Run 3::agentmemorybench:fact-mh-262k:context-0/factconsolidation_mh_262k_no4,False,True,False
Run 3,agentmemorybench:fact-mh-262k:context-0/factconsolidation_mh_262k_no4,2,14,0.1428571428571428,0.0,-1.5000000298023224,0.48514851485148514,"[""read""]",False,True,2,0.0,[],0,0.0,[],[],[],0.0,[],[],0.0,Run 3::agentmemorybench:fact-mh-262k:context-0/factconsolidation_mh_262k_no4,False,False,False
Run 3,agentmemorybench:fact-mh-262k:context-0/factconsolidation_mh_262k_no4,3,14,0.2142857142857142,0.0,0.6249999701976776,0.7920792079207921,"[""search""]",False,True,2,0.0,[],0,0.0,[],[],[],0.0,[],[],0.0,Run 3::agentmemorybench:fact-mh-262k:context-0/factconsolidation_mh_262k_no4,True,True,False
Run 3,agentmemorybench:fact-mh-262k:context-0/factconsolidation_mh_262k_no4,4,14,0.2857142857142857,0.0,2.249999977648258,1.0,"[""search""]",False,True,2,0.0,"[1,2]",2,1.0,[],"[1,2]","[1,2]",1.0,"[1,2]","[1,2]",1.0,Run 3::agentmemorybench:fact-mh-262k:context-0/factconsolidation_mh_262k_no4,True,True,False
Run 3,agentmemorybench:fact-mh-262k:context-0/factconsolidation_mh_262k_no4,5,14,0.3571428571428571,0.0,-0.9999999701976776,0.693069306930693,"[""search""]",False,True,2,0.0,[],0,0.0,[],[],[],0.0,"[1,2]","[1,2]",1.0,Run 3::agentmemorybench:fact-mh-262k:context-0/factconsolidation_mh_262k_no4,False,True,False
Run 3,agentmemorybench:fact-mh-262k:context-0/factconsolidation_mh_262k_no4,6,14,0.4285714285714285,0.0,-0.9999999403953552,0.7475247524752475,"[""search""]",False,True,2,0.0,[],0,0.0,[],[],[],0.0,"[1,2]","[1,2]",1.0,Run 3::agentmemorybench:fact-mh-262k:context-0/factconsolidation_mh_262k_no4,False,True,False
Run 3,agentmemorybench:fact-mh-262k:context-0/factconsolidation_mh_262k_no4,7,14,0.5,0.0,0.1875,0.995049504950495,"[""search""]",False,True,2,0.0,[1],1,0.5,[],[1],[1],0.5,"[1,2]","[1,2]",1.0,Run 3::agentmemorybench:fact-mh-262k:context-0/factconsolidation_mh_262k_no4,True,True,False
Run 3,agentmemorybench:fact-mh-262k:context-0/factconsolidation_mh_262k_no4,8,14,0.5714285714285714,0.0,-0.4375000149011612,1.0,"[""search""]",False,True,2,0.0,[],0,0.0,[],[],[],0.0,"[1,2]","[1,2]",1.0,Run 3::agentmemorybench:fact-mh-262k:context-0/factconsolidation_mh_262k_no4,False,True,False
Run 3,agentmemorybench:fact-mh-262k:context-0/factconsolidation_mh_262k_no4,9,14,0.6428571428571429,0.0,-1.0000000447034836,1.0,"[""read""]",False,True,2,0.0,[],0,0.0,[],[],[],0.0,"[1,2]","[1,2]",1.0,Run 3::agentmemorybench:fact-mh-262k:context-0/factconsolidation_mh_262k_no4,False,True,False
Run 3,agentmemorybench:fact-mh-262k:context-0/factconsolidation_mh_262k_no4,10,14,0.7142857142857143,0.0,0.5625000447034836,1.0,"[""search""]",False,True,2,0.0,[],0,0.0,[],[],[],0.0,"[1,2]","[1,2]",1.0,Run 3::agentmemorybench:fact-mh-262k:context-0/factconsolidation_mh_262k_no4,True,True,False
Run 3,agentmemorybench:fact-mh-262k:context-0/factconsolidation_mh_262k_no4,11,14,0.7857142857142857,0.0,-1.2500000149011612,0.8910891089108911,"[""search""]",False,True,2,0.0,[],0,0.0,[],[],[],0.0,"[1,2]","[1,2]",1.0,Run 3::agentmemorybench:fact-mh-262k:context-0/factconsolidation_mh_262k_no4,False,True,False
Run 3,agentmemorybench:fact-mh-262k:context-0/factconsolidation_mh_262k_no4,12,14,0.8571428571428571,0.0,-2.125000089406967,0.36633663366336633,"[""read""]",False,True,2,0.0,[],0,0.0,[],[],[],0.0,"[1,2]","[1,2]",1.0,Run 3::agentmemorybench:fact-mh-262k:context-0/factconsolidation_mh_262k_no4,False,False,False
Run 3,agentmemorybench:fact-mh-262k:context-0/factconsolidation_mh_262k_no4,13,14,0.9285714285714286,1.0,3.312499912455678,1.0,"[""read""]",False,True,2,1.0,"[1,2]",2,1.0,"[1,2]","[1,2]","[1,2]",1.0,"[1,2]","[1,2]",1.0,Run 3::agentmemorybench:fact-mh-262k:context-0/factconsolidation_mh_262k_no4,True,True,False
Run 3,agentmemorybench:fact-mh-262k:context-0/factconsolidation_mh_262k_no4,14,14,1.0,1.0,3.812499958090484,0.995049504950495,"[""finish""]",False,True,2,1.0,[],0,0.0,[],[],"[1,2]",1.0,"[1,2]","[1,2]",1.0,Run 3::agentmemorybench:fact-mh-262k:context-0/factconsolidation_mh_262k_no4,True,True,True
Run 3,agentmemorybench:fact-mh-262k:context-0/factconsolidation_mh_262k_no40,1,13,0.0769230769230769,0.0,-4.062499862164259,0.891089108910891,"[""search""]",False,False,2,0.0,[],0,0.0,[],[],[],0.0,[],[],0.0,Run 3::agentmemorybench:fact-mh-262k:context-0/factconsolidation_mh_262k_no40,False,True,False
Run 3,agentmemorybench:fact-mh-262k:context-0/factconsolidation_mh_262k_no40,2,13,0.1538461538461538,0.0,2.7499999292194843,1.0,"[""read""]",False,False,2,0.0,[1],1,0.5,[],[1],[1],0.5,[1],[1],0.5,Run 3::agentmemorybench:fact-mh-262k:context-0/factconsolidation_mh_262k_no40,True,True,False
Run 3,agentmemorybench:fact-mh-262k:context-0/factconsolidation_mh_262k_no40,3,13,0.2307692307692307,0.5,2.3124999590218067,1.0,"[""search""]",False,False,2,0.5,[1],1,0.5,[1],[1],[1],0.5,[1],[1],0.5,Run 3::agentmemorybench:fact-mh-262k:context-0/factconsolidation_mh_262k_no40,True,True,False
Run 3,agentmemorybench:fact-mh-262k:context-0/factconsolidation_mh_262k_no40,4,13,0.3076923076923077,0.5,2.8749999664723873,1.0,[],False,False,2,0.5,[2],1,0.5,[],[2],"[1,2]",1.0,"[1,2]","[1,2]",1.0,Run 3::agentmemorybench:fact-mh-262k:context-0/factconsolidation_mh_262k_no40,True,True,False
Run 3,agentmemorybench:fact-mh-262k:context-0/factconsolidation_mh_262k_no40,5,13,0.3846153846153846,0.5,1.25,0.2574257425742574,"[""read""]",False,False,2,0.5,[],0,0.0,[],[],[1],0.5,"[1,2]","[1,2]",1.0,Run 3::agentmemorybench:fact-mh-262k:context-0/factconsolidation_mh_262k_no40,True,False,False
Run 3,agentmemorybench:fact-mh-262k:context-0/factconsolidation_mh_262k_no40,6,13,0.4615384615384615,0.5,0.6249999850988388,1.0,"[""search""]",False,False,2,0.5,[2],1,0.5,[2],[2],"[1,2]",1.0,"[1,2]","[1,2]",1.0,Run 3::agentmemorybench:fact-mh-262k:context-0/factconsolidation_mh_262k_no40,True,True,False
Run 3,agentmemorybench:fact-mh-262k:context-0/factconsolidation_mh_262k_no40,7,13,0.5384615384615384,0.5,-0.1875,1.0,"[""search""]",False,False,2,0.5,[2],1,0.5,[],[2],"[1,2]",1.0,"[1,2]","[1,2]",1.0,Run 3::agentmemorybench:fact-mh-262k:context-0/factconsolidation_mh_262k_no40,False,True,False
Run 3,agentmemorybench:fact-mh-262k:context-0/factconsolidation_mh_262k_no40,8,13,0.6153846153846154,0.5,-1.5625000074505806,0.9801980198019802,"[""search""]",False,False,2,0.5,[],0,0.0,[],[],[1],0.5,"[1,2]","[1,2]",1.0,Run 3::agentmemorybench:fact-mh-262k:context-0/factconsolidation_mh_262k_no40,False,True,False
Run 3,agentmemorybench:fact-mh-262k:context-0/factconsolidation_mh_262k_no40,9,13,0.6923076923076923,0.5,-2.6249998919665813,0.693069306930693,"[""search""]",False,False,2,0.5,[],0,0.0,[],[],[1],0.5,"[1,2]","[1,2]",1.0,Run 3::agentmemorybench:fact-mh-262k:context-0/factconsolidation_mh_262k_no40,False,True,False
Run 3,agentmemorybench:fact-mh-262k:context-0/factconsolidation_mh_262k_no40,10,13,0.7692307692307693,0.5,-3.06250006146729,0.5693069306930694,"[""search""]",False,False,2,0.5,[],0,0.0,[],[],[1],0.5,"[1,2]","[1,2]",1.0,Run 3::agentmemorybench:fact-mh-262k:context-0/factconsolidation_mh_262k_no40,False,True,False
Run 3,agentmemorybench:fact-mh-262k:context-0/factconsolidation_mh_262k_no40,11,13,0.8461538461538461,0.5,-3.1875000279396772,0.5544554455445545,"[""search""]",False,False,2,0.5,[],0,0.0,[],[],[1],0.5,"[1,2]","[1,2]",1.0,Run 3::agentmemorybench:fact-mh-262k:context-0/factconsolidation_mh_262k_no40,False,True,False
Run 3,agentmemorybench:fact-mh-262k:context-0/factconsolidation_mh_262k_no40,12,13,0.9230769230769232,0.5,-3.5625000847503543,0.48514851485148514,"[""search""]",False,False,2,0.5,[],0,0.0,[],[],[1],0.5,"[1,2]","[1,2]",1.0,Run 3::agentmemorybench:fact-mh-262k:context-0/factconsolidation_mh_262k_no40,False,False,False
Run 3,agentmemorybench:fact-mh-262k:context-0/factconsolidation_mh_262k_no40,13,13,1.0,0.5,-4.187499885912985,0.22277227722772275,"[""finish""]",False,False,2,0.5,[],0,0.0,[],[],[1],0.5,"[1,2]","[1,2]",1.0,Run 3::agentmemorybench:fact-mh-262k:context-0/factconsolidation_mh_262k_no40,False,False,True
Run 3,agentmemorybench:fact-mh-262k:context-0/factconsolidation_mh_262k_no41,1,14,0.0714285714285714,0.0,-3.9374999618157744,0.9158415841584158,[],False,False,2,0.0,[],0,0.0,[],[],[],0.0,[],[],0.0,Run 3::agentmemorybench:fact-mh-262k:context-0/factconsolidation_mh_262k_no41,False,True,False
Run 3,agentmemorybench:fact-mh-262k:context-0/factconsolidation_mh_262k_no41,2,14,0.1428571428571428,0.0,-2.0000000596046448,0.896039603960396,"[""search""]",False,False,2,0.0,[],0,0.0,[],[],[],0.0,[],[],0.0,Run 3::agentmemorybench:fact-mh-262k:context-0/factconsolidation_mh_262k_no41,False,True,False
Run 3,agentmemorybench:fact-mh-262k:context-0/factconsolidation_mh_262k_no41,3,14,0.2142857142857142,0.0,-0.6249999850988388,0.9801980198019802,"[""read""]",False,False,2,0.0,"[1,2]",2,1.0,[],"[1,2]","[1,2]",1.0,"[1,2]","[1,2]",1.0,Run 3::agentmemorybench:fact-mh-262k:context-0/factconsolidation_mh_262k_no41,False,True,False
Run 3,agentmemorybench:fact-mh-262k:context-0/factconsolidation_mh_262k_no41,4,14,0.2857142857142857,1.0,0.4375000149011612,0.9851485148514851,"[""search""]",False,False,2,1.0,"[1,2]",2,1.0,"[1,2]","[1,2]","[1,2]",1.0,"[1,2]","[1,2]",1.0,Run 3::agentmemorybench:fact-mh-262k:context-0/factconsolidation_mh_262k_no41,True,True,False
Run 3,agentmemorybench:fact-mh-262k:context-0/factconsolidation_mh_262k_no41,5,14,0.3571428571428571,1.0,-1.1250000298023224,0.603960396039604,"[""read""]",False,False,2,1.0,[],0,0.0,[],[],"[1,2]",1.0,"[1,2]","[1,2]",1.0,Run 3::agentmemorybench:fact-mh-262k:context-0/factconsolidation_mh_262k_no41,False,True,False
Run 3,agentmemorybench:fact-mh-262k:context-0/factconsolidation_mh_262k_no41,6,14,0.4285714285714285,1.0,-2.624999925494194,0.5297029702970297,"[""search""]",False,False,2,1.0,"[1,2]",2,1.0,"[1,2]","[1,2]","[1,2]",1.0,"[1,2]","[1,2]",1.0,Run 3::agentmemorybench:fact-mh-262k:context-0/factconsolidation_mh_262k_no41,False,True,False
Run 3,agentmemorybench:fact-mh-262k:context-0/factconsolidation_mh_262k_no41,7,14,0.5,1.0,-3.062499986961484,0.6485148514851485,"[""search""]",False,False,2,1.0,"[1,2]",2,1.0,[],"[1,2]","[1,2]",1.0,"[1,2]","[1,2]",1.0,Run 3::agentmemorybench:fact-mh-262k:context-0/factconsolidation_mh_262k_no41,False,True,False
Run 3,agentmemorybench:fact-mh-262k:context-0/factconsolidation_mh_262k_no41,8,14,0.5714285714285714,1.0,-3.7499999925494194,0.9851485148514851,"[""search""]",False,False,2,1.0,"[1,2]",2,1.0,[],"[1,2]","[1,2]",1.0,"[1,2]","[1,2]",1.0,Run 3::agentmemorybench:fact-mh-262k:context-0/factconsolidation_mh_262k_no41,False,True,False
Run 3,agentmemorybench:fact-mh-262k:context-0/factconsolidation_mh_262k_no41,9,14,0.6428571428571429,1.0,-3.625000006519258,0.8762376237623762,"[""search""]",False,False,2,1.0,"[1,2]",2,1.0,[],"[1,2]","[1,2]",1.0,"[1,2]","[1,2]",1.0,Run 3::agentmemorybench:fact-mh-262k:context-0/factconsolidation_mh_262k_no41,False,True,False
Run 3,agentmemorybench:fact-mh-262k:context-0/factconsolidation_mh_262k_no41,10,14,0.7142857142857143,1.0,-4.374999921768904,0.9801980198019802,"[""search""]",False,False,2,1.0,"[1,2]",2,1.0,[],"[1,2]","[1,2]",1.0,"[1,2]","[1,2]",1.0,Run 3::agentmemorybench:fact-mh-262k:context-0/factconsolidation_mh_262k_no41,False,True,False
Run 3,agentmemorybench:fact-mh-262k:context-0/factconsolidation_mh_262k_no41,11,14,0.7857142857142857,1.0,-3.937500124797225,0.9702970297029704,"[""read""]",False,False,2,1.0,"[1,2]",2,1.0,[],"[1,2]","[1,2]",1.0,"[1,2]","[1,2]",1.0,Run 3::agentmemorybench:fact-mh-262k:context-0/factconsolidation_mh_262k_no41,False,True,False
Run 3,agentmemorybench:fact-mh-262k:context-0/factconsolidation_mh_262k_no41,12,14,0.8571428571428571,1.0,-1.499999962747097,0.995049504950495,"[""search""]",False,False,2,1.0,"[1,2]",2,1.0,"[1,2]","[1,2]","[1,2]",1.0,"[1,2]","[1,2]",1.0,Run 3::agentmemorybench:fact-mh-262k:context-0/factconsolidation_mh_262k_no41,False,True,False
Run 3,agentmemorybench:fact-mh-262k:context-0/factconsolidation_mh_262k_no41,13,14,0.9285714285714286,1.0,-4.500000019092113,0.995049504950495,"[""search""]",False,False,2,1.0,"[1,2]",2,1.0,[],"[1,2]","[1,2]",1.0,"[1,2]","[1,2]",1.0,Run 3::agentmemorybench:fact-mh-262k:context-0/factconsolidation_mh_262k_no41,False,True,False
Run 3,agentmemorybench:fact-mh-262k:context-0/factconsolidation_mh_262k_no41,14,14,1.0,1.0,-3.4999999683350325,0.9801980198019802,"[""finish""]",False,False,2,1.0,[],0,0.0,[],[],"[1,2]",1.0,"[1,2]","[1,2]",1.0,Run 3::agentmemorybench:fact-mh-262k:context-0/factconsolidation_mh_262k_no41,False,True,True
Run 3,agentmemorybench:fact-mh-262k:context-0/factconsolidation_mh_262k_no42,1,7,0.1428571428571428,0.0,-4.687499998603016,0.7821782178217822,"[""search""]",False,True,4,0.0,[],0,0.0,[],[],[],0.0,[],[],0.0,Run 3::agentmemorybench:fact-mh-262k:context-0/factconsolidation_mh_262k_no42,False,True,False
Run 3,agentmemorybench:fact-mh-262k:context-0/factconsolidation_mh_262k_no42,2,7,0.2857142857142857,0.0,0.25,0.9851485148514851,"[""read""]",False,True,4,0.0,[1],1,0.25,[],[1],[1],0.25,[1],[1],0.25,Run 3::agentmemorybench:fact-mh-262k:context-0/factconsolidation_mh_262k_no42,True,True,False
Run 3,agentmemorybench:fact-mh-262k:context-0/factconsolidation_mh_262k_no42,3,7,0.4285714285714285,0.25,3.0624999217689037,1.0,"[""search""]",False,True,4,0.25,[1],1,0.25,[1],[1],[1],0.25,[1],[1],0.25,Run 3::agentmemorybench:fact-mh-262k:context-0/factconsolidation_mh_262k_no42,True,True,False
Run 3,agentmemorybench:fact-mh-262k:context-0/factconsolidation_mh_262k_no42,4,7,0.5714285714285714,0.25,2.5625000447034836,0.99009900990099,"[""search""]",False,True,4,0.25,[],0,0.0,[],[],[1],0.25,[1],[1],0.25,Run 3::agentmemorybench:fact-mh-262k:context-0/factconsolidation_mh_262k_no42,True,True,False
Run 3,agentmemorybench:fact-mh-262k:context-0/factconsolidation_mh_262k_no42,5,7,0.7142857142857143,0.25,0.875,1.0,"[""read""]",False,True,4,0.25,[],0,0.0,[],[],[1],0.25,[1],[1],0.25,Run 3::agentmemorybench:fact-mh-262k:context-0/factconsolidation_mh_262k_no42,True,True,False
Run 3,agentmemorybench:fact-mh-262k:context-0/factconsolidation_mh_262k_no42,6,7,0.8571428571428571,0.25,2.4999999329447746,1.0,"[""read""]",False,True,4,0.25,[],0,0.0,[],[],[1],0.25,[1],[1],0.25,Run 3::agentmemorybench:fact-mh-262k:context-0/factconsolidation_mh_262k_no42,True,True,False
Run 3,agentmemorybench:fact-mh-262k:context-0/factconsolidation_mh_262k_no42,7,7,1.0,0.25,4.125000129453838,1.0,"[""finish""]",False,True,4,0.25,[],0,0.0,[],[],[1],0.25,[1],[1],0.25,Run 3::agentmemorybench:fact-mh-262k:context-0/factconsolidation_mh_262k_no42,True,True,True
Run 3,agentmemorybench:fact-mh-262k:context-0/factconsolidation_mh_262k_no43,1,6,0.1666666666666666,0.0,-4.124999910593033,0.8217821782178218,"[""search""]",True,False,2,0.0,[],0,0.0,[],[],[],0.0,[],[],0.0,Run 3::agentmemorybench:fact-mh-262k:context-0/factconsolidation_mh_262k_no43,False,True,False
Run 3,agentmemorybench:fact-mh-262k:context-0/factconsolidation_mh_262k_no43,2,6,0.3333333333333333,0.0,-1.4375000298023224,0.6188118811881189,"[""read""]",True,False,2,0.0,[1],1,0.5,[],[1],[1],0.5,[1],[1],0.5,Run 3::agentmemorybench:fact-mh-262k:context-0/factconsolidation_mh_262k_no43,False,True,False
Run 3,agentmemorybench:fact-mh-262k:context-0/factconsolidation_mh_262k_no43,3,6,0.5,0.5,0.25,0.9504950495049505,"[""search""]",True,False,2,0.5,[1],1,0.5,[1],[1],[1],0.5,[1],[1],0.5,Run 3::agentmemorybench:fact-mh-262k:context-0/factconsolidation_mh_262k_no43,True,True,False
Run 3,agentmemorybench:fact-mh-262k:context-0/factconsolidation_mh_262k_no43,4,6,0.6666666666666666,0.5,4.499999829102308,0.995049504950495,"[""read""]",True,False,2,0.5,[2],1,0.5,[],[2],"[1,2]",1.0,"[1,2]","[1,2]",1.0,Run 3::agentmemorybench:fact-mh-262k:context-0/factconsolidation_mh_262k_no43,True,True,False
Run 3,agentmemorybench:fact-mh-262k:context-0/factconsolidation_mh_262k_no43,5,6,0.8333333333333334,1.0,5.749999945051968,0.9900990099009901,"[""search""]",True,False,2,1.0,"[1,2]",2,1.0,"[1,2]","[1,2]","[1,2]",1.0,"[1,2]","[1,2]",1.0,Run 3::agentmemorybench:fact-mh-262k:context-0/factconsolidation_mh_262k_no43,True,True,False
Run 3,agentmemorybench:fact-mh-262k:context-0/factconsolidation_mh_262k_no43,6,6,1.0,1.0,4.75000004703179,0.9653465346534653,"[""finish""]",True,False,2,1.0,[1],1,0.5,[],[1],"[1,2]",1.0,"[1,2]","[1,2]",1.0,Run 3::agentmemorybench:fact-mh-262k:context-0/factconsolidation_mh_262k_no43,True,True,True
Run 3,agentmemorybench:fact-mh-262k:context-0/factconsolidation_mh_262k_no44,1,7,0.1428571428571428,0.0,-3.749999960884452,0.905940594059406,"[""search""]",True,False,2,0.0,[],0,0.0,[],[],[],0.0,[],[],0.0,Run 3::agentmemorybench:fact-mh-262k:context-0/factconsolidation_mh_262k_no44,False,True,False
Run 3,agentmemorybench:fact-mh-262k:context-0/factconsolidation_mh_262k_no44,2,7,0.2857142857142857,0.0,2.687499964609742,1.0,"[""read""]",True,False,2,0.0,[1],1,0.5,[],[1],[1],0.5,[1],[1],0.5,Run 3::agentmemorybench:fact-mh-262k:context-0/factconsolidation_mh_262k_no44,True,True,False
Run 3,agentmemorybench:fact-mh-262k:context-0/factconsolidation_mh_262k_no44,3,7,0.4285714285714285,0.5,4.250000122003257,1.0,"[""search""]",True,False,2,0.5,[1],1,0.5,[1],[1],[1],0.5,[1],[1],0.5,Run 3::agentmemorybench:fact-mh-262k:context-0/factconsolidation_mh_262k_no44,True,True,False
Run 3,agentmemorybench:fact-mh-262k:context-0/factconsolidation_mh_262k_no44,4,7,0.5714285714285714,0.5,3.6874999534338713,0.9851485148514851,"[""read""]",True,False,2,0.5,[2],1,0.5,[],[2],"[1,2]",1.0,"[1,2]","[1,2]",1.0,Run 3::agentmemorybench:fact-mh-262k:context-0/factconsolidation_mh_262k_no44,True,True,False
Run 3,agentmemorybench:fact-mh-262k:context-0/factconsolidation_mh_262k_no44,5,7,0.7142857142857143,1.0,5.937499990570359,1.0,"[""search""]",True,False,2,1.0,[2],1,0.5,[2],[2],"[1,2]",1.0,"[1,2]","[1,2]",1.0,Run 3::agentmemorybench:fact-mh-262k:context-0/factconsolidation_mh_262k_no44,True,True,False
Run 3,agentmemorybench:fact-mh-262k:context-0/factconsolidation_mh_262k_no44,6,7,0.8571428571428571,1.0,3.9375,0.8910891089108911,"[""search""]",True,False,2,1.0,[],0,0.0,[],[],"[1,2]",1.0,"[1,2]","[1,2]",1.0,Run 3::agentmemorybench:fact-mh-262k:context-0/factconsolidation_mh_262k_no44,True,True,False
Run 3,agentmemorybench:fact-mh-262k:context-0/factconsolidation_mh_262k_no44,7,7,1.0,1.0,4.437500008381903,0.9851485148514851,"[""finish""]",True,False,2,1.0,[],0,0.0,[],[],"[1,2]",1.0,"[1,2]","[1,2]",1.0,Run 3::agentmemorybench:fact-mh-262k:context-0/factconsolidation_mh_262k_no44,True,True,True
Run 3,agentmemorybench:fact-mh-262k:context-0/factconsolidation_mh_262k_no45,1,5,0.2,0.0,-4.749999979510903,0.8118811881188119,"[""search""]",True,False,2,0.0,[],0,0.0,[],[],[],0.0,[],[],0.0,Run 3::agentmemorybench:fact-mh-262k:context-0/factconsolidation_mh_262k_no45,False,True,False
Run 3,agentmemorybench:fact-mh-262k:context-0/factconsolidation_mh_262k_no45,2,5,0.4,0.0,0.6875000149011612,0.9851485148514851,"[""read""]",True,False,2,0.0,[1],1,0.5,[],[1],[1],0.5,[1],[1],0.5,Run 3::agentmemorybench:fact-mh-262k:context-0/factconsolidation_mh_262k_no45,True,True,False
Run 3,agentmemorybench:fact-mh-262k:context-0/factconsolidation_mh_262k_no45,3,5,0.6,0.5,2.312500052154064,0.9801980198019802,"[""search""]",True,False,2,0.5,[1],1,0.5,[1],[1],[1],0.5,[1],[1],0.5,Run 3::agentmemorybench:fact-mh-262k:context-0/factconsolidation_mh_262k_no45,True,True,False
Run 3,agentmemorybench:fact-mh-262k:context-0/factconsolidation_mh_262k_no45,4,5,0.8,0.5,2.687500024214387,0.99009900990099,"[""read""]",True,False,2,0.5,[],0,0.0,[],[],[1],0.5,[1],[1],0.5,Run 3::agentmemorybench:fact-mh-262k:context-0/factconsolidation_mh_262k_no45,True,True,False
Run 3,agentmemorybench:fact-mh-262k:context-0/factconsolidation_mh_262k_no45,5,5,1.0,1.0,7.6249997621634975,1.0,"[""finish""]",True,False,2,1.0,[2],1,0.5,[2],[2],"[1,2]",1.0,"[1,2]","[1,2]",1.0,Run 3::agentmemorybench:fact-mh-262k:context-0/factconsolidation_mh_262k_no45,True,True,True
Run 3,agentmemorybench:fact-mh-262k:context-0/factconsolidation_mh_262k_no46,1,5,0.2,0.0,-4.1249999683350325,0.9504950495049507,"[""search""]",False,False,2,0.0,[],0,0.0,[],[],[],0.0,[],[],0.0,Run 3::agentmemorybench:fact-mh-262k:context-0/factconsolidation_mh_262k_no46,False,True,False
Run 3,agentmemorybench:fact-mh-262k:context-0/factconsolidation_mh_262k_no46,2,5,0.4,0.0,1.8125000149011612,1.0,"[""read""]",False,False,2,0.0,[1],1,0.5,[],[1],[1],0.5,[1],[1],0.5,Run 3::agentmemorybench:fact-mh-262k:context-0/factconsolidation_mh_262k_no46,True,True,False
Run 3,agentmemorybench:fact-mh-262k:context-0/factconsolidation_mh_262k_no46,3,5,0.6,0.5,1.2500000298023224,0.3118811881188118,"[""search""]",False,False,2,0.5,[1],1,0.5,[1],[1],[1],0.5,[1],[1],0.5,Run 3::agentmemorybench:fact-mh-262k:context-0/factconsolidation_mh_262k_no46,True,False,False
Run 3,agentmemorybench:fact-mh-262k:context-0/factconsolidation_mh_262k_no46,4,5,0.8,0.5,3.6874999618157744,1.0,"[""read""]",False,False,2,0.5,"[1,2]",2,1.0,[],"[1,2]","[1,2]",1.0,"[1,2]","[1,2]",1.0,Run 3::agentmemorybench:fact-mh-262k:context-0/factconsolidation_mh_262k_no46,True,True,False
Run 3,agentmemorybench:fact-mh-262k:context-0/factconsolidation_mh_262k_no46,5,5,1.0,1.0,7.37500001853914,1.0,"[""finish""]",False,False,2,1.0,"[1,2]",2,1.0,"[1,2]","[1,2]","[1,2]",1.0,"[1,2]","[1,2]",1.0,Run 3::agentmemorybench:fact-mh-262k:context-0/factconsolidation_mh_262k_no46,True,True,True
Run 3,agentmemorybench:fact-mh-262k:context-0/factconsolidation_mh_262k_no47,1,9,0.1111111111111111,0.0,-4.3749999748542905,0.7574257425742574,"[""search""]",False,True,4,0.0,[],0,0.0,[],[],[],0.0,[],[],0.0,Run 3::agentmemorybench:fact-mh-262k:context-0/factconsolidation_mh_262k_no47,False,True,False
Run 3,agentmemorybench:fact-mh-262k:context-0/factconsolidation_mh_262k_no47,2,9,0.2222222222222222,0.0,-0.1875,0.900990099009901,"[""read""]",False,True,4,0.0,[],0,0.0,[],[],[],0.0,[],[],0.0,Run 3::agentmemorybench:fact-mh-262k:context-0/factconsolidation_mh_262k_no47,False,True,False
Run 3,agentmemorybench:fact-mh-262k:context-0/factconsolidation_mh_262k_no47,3,9,0.3333333333333333,0.25,3.25,1.0,"[""search""]",False,True,4,0.25,[1],1,0.25,[1],[1],[1],0.25,[1],[1],0.25,Run 3::agentmemorybench:fact-mh-262k:context-0/factconsolidation_mh_262k_no47,True,True,False
Run 3,agentmemorybench:fact-mh-262k:context-0/factconsolidation_mh_262k_no47,4,9,0.4444444444444444,0.25,0.7500000149011612,0.9603960396039604,"[""search""]",False,True,4,0.25,[],0,0.0,[],[],[1],0.25,[1],[1],0.25,Run 3::agentmemorybench:fact-mh-262k:context-0/factconsolidation_mh_262k_no47,True,True,False
Run 3,agentmemorybench:fact-mh-262k:context-0/factconsolidation_mh_262k_no47,5,9,0.5555555555555556,0.25,-0.4375,0.9801980198019802,"[""read""]",False,True,4,0.25,[],0,0.0,[],[],[1],0.25,[1],[1],0.25,Run 3::agentmemorybench:fact-mh-262k:context-0/factconsolidation_mh_262k_no47,False,True,False
Run 3,agentmemorybench:fact-mh-262k:context-0/factconsolidation_mh_262k_no47,6,9,0.6666666666666666,0.25,1.312500037252903,0.9306930693069306,"[""search""]",False,True,4,0.25,[],0,0.0,[],[],[1],0.25,[1],[1],0.25,Run 3::agentmemorybench:fact-mh-262k:context-0/factconsolidation_mh_262k_no47,True,True,False
Run 3,agentmemorybench:fact-mh-262k:context-0/factconsolidation_mh_262k_no47,7,9,0.7777777777777778,0.25,3.1250000167638063,1.0,"[""read""]",False,True,4,0.25,[],0,0.0,[],[],[1],0.25,[1],[1],0.25,Run 3::agentmemorybench:fact-mh-262k:context-0/factconsolidation_mh_262k_no47,True,True,False
Run 3,agentmemorybench:fact-mh-262k:context-0/factconsolidation_mh_262k_no47,8,9,0.8888888888888888,0.25,4.374999979510903,1.0,"[""read""]",False,True,4,0.25,[],0,0.0,[],[],[1],0.25,[1],[1],0.25,Run 3::agentmemorybench:fact-mh-262k:context-0/factconsolidation_mh_262k_no47,True,True,False
Run 3,agentmemorybench:fact-mh-262k:context-0/factconsolidation_mh_262k_no47,9,9,1.0,0.25,5.937500114436261,1.0,"[""finish""]",False,True,4,0.25,[],0,0.0,[],[],[1],0.25,[1],[1],0.25,Run 3::agentmemorybench:fact-mh-262k:context-0/factconsolidation_mh_262k_no47,True,True,True
Run 3,agentmemorybench:fact-mh-262k:context-0/factconsolidation_mh_262k_no48,1,9,0.1111111111111111,0.0,-4.749999915249646,0.8762376237623761,"[""search""]",True,False,4,0.0,[],0,0.0,[],[],[],0.0,[],[],0.0,Run 3::agentmemorybench:fact-mh-262k:context-0/factconsolidation_mh_262k_no48,False,True,False
Run 3,agentmemorybench:fact-mh-262k:context-0/factconsolidation_mh_262k_no48,2,9,0.2222222222222222,0.0,-6.312500036263373,0.0099009900990099,"[""search""]",True,False,4,0.0,[],0,0.0,[],[],[],0.0,[],[],0.0,Run 3::agentmemorybench:fact-mh-262k:context-0/factconsolidation_mh_262k_no48,False,False,False
Run 3,agentmemorybench:fact-mh-262k:context-0/factconsolidation_mh_262k_no48,3,9,0.3333333333333333,0.0,-0.125,0.9752475247524752,"[""search""]",True,False,4,0.0,[1],1,0.25,[],[1],[1],0.25,[1],[1],0.25,Run 3::agentmemorybench:fact-mh-262k:context-0/factconsolidation_mh_262k_no48,False,True,False
Run 3,agentmemorybench:fact-mh-262k:context-0/factconsolidation_mh_262k_no48,4,9,0.4444444444444444,0.0,-0.375,1.0,"[""read""]",True,False,4,0.0,"[1,2]",2,0.5,[],"[1,2]","[1,2]",0.5,"[1,2]","[1,2]",0.5,Run 3::agentmemorybench:fact-mh-262k:context-0/factconsolidation_mh_262k_no48,False,True,False
Run 3,agentmemorybench:fact-mh-262k:context-0/factconsolidation_mh_262k_no48,5,9,0.5555555555555556,0.5,-1.2500000149011612,0.2772277227722772,"[""search""]",True,False,4,0.5,"[1,2]",2,0.5,"[1,2]","[1,2]","[1,2]",0.5,"[1,2]","[1,2]",0.5,Run 3::agentmemorybench:fact-mh-262k:context-0/factconsolidation_mh_262k_no48,False,False,False
Run 3,agentmemorybench:fact-mh-262k:context-0/factconsolidation_mh_262k_no48,6,9,0.6666666666666666,0.5,2.3125000074505806,1.0,"[""read""]",True,False,4,0.5,[3],1,0.25,[],[3],"[1,2,3]",0.75,"[1,2,3]","[1,2,3]",0.75,Run 3::agentmemorybench:fact-mh-262k:context-0/factconsolidation_mh_262k_no48,True,True,False
Run 3,agentmemorybench:fact-mh-262k:context-0/factconsolidation_mh_262k_no48,7,9,0.7777777777777778,0.75,0.3125,0.886138613861386,"[""search""]",True,False,4,0.75,[3],1,0.25,[3],[3],"[1,2,3]",0.75,"[1,2,3]","[1,2,3]",0.75,Run 3::agentmemorybench:fact-mh-262k:context-0/factconsolidation_mh_262k_no48,True,True,False
Run 3,agentmemorybench:fact-mh-262k:context-0/factconsolidation_mh_262k_no48,8,9,0.8888888888888888,0.75,3.1874999552965164,0.995049504950495,"[""read""]",True,False,4,0.75,[4],1,0.25,[],[4],"[1,2,3,4]",1.0,"[1,2,3,4]","[1,2,3,4]",1.0,Run 3::agentmemorybench:fact-mh-262k:context-0/factconsolidation_mh_262k_no48,True,True,False
Run 3,agentmemorybench:fact-mh-262k:context-0/factconsolidation_mh_262k_no48,9,9,1.0,1.0,8.437500143227226,1.0,"[""finish""]",True,False,4,1.0,[4],1,0.25,[4],[4],"[1,2,3,4]",1.0,"[1,2,3,4]","[1,2,3,4]",1.0,Run 3::agentmemorybench:fact-mh-262k:context-0/factconsolidation_mh_262k_no48,True,True,True
Run 3,agentmemorybench:fact-mh-262k:context-0/factconsolidation_mh_262k_no49,1,5,0.2,0.0,-4.499999809078872,0.8861386138613863,"[""search""]",True,False,2,0.0,[],0,0.0,[],[],[],0.0,[],[],0.0,Run 3::agentmemorybench:fact-mh-262k:context-0/factconsolidation_mh_262k_no49,False,True,False
Run 3,agentmemorybench:fact-mh-262k:context-0/factconsolidation_mh_262k_no49,2,5,0.4,0.0,1.6874999850988388,1.0,"[""read""]",True,False,2,0.0,[1],1,0.5,[],[1],[1],0.5,[1],[1],0.5,Run 3::agentmemorybench:fact-mh-262k:context-0/factconsolidation_mh_262k_no49,True,True,False
Run 3,agentmemorybench:fact-mh-262k:context-0/factconsolidation_mh_262k_no49,3,5,0.6,0.5,3.187499962747097,1.0,"[""search""]",True,False,2,0.5,[1],1,0.5,[1],[1],[1],0.5,[1],[1],0.5,Run 3::agentmemorybench:fact-mh-262k:context-0/factconsolidation_mh_262k_no49,True,True,False
Run 3,agentmemorybench:fact-mh-262k:context-0/factconsolidation_mh_262k_no49,4,5,0.8,0.5,2.7500000707805157,0.995049504950495,"[""read""]",True,False,2,0.5,[],0,0.0,[],[],[1],0.5,[1],[1],0.5,Run 3::agentmemorybench:fact-mh-262k:context-0/factconsolidation_mh_262k_no49,True,True,False
Run 3,agentmemorybench:fact-mh-262k:context-0/factconsolidation_mh_262k_no49,5,5,1.0,1.0,5.687500122003257,1.0,"[""finish""]",True,False,2,1.0,[2],1,0.5,[2],[2],"[1,2]",1.0,"[1,2]","[1,2]",1.0,Run 3::agentmemorybench:fact-mh-262k:context-0/factconsolidation_mh_262k_no49,True,True,True
Run 3,agentmemorybench:fact-mh-262k:context-0/factconsolidation_mh_262k_no5,1,7,0.1428571428571428,0.0,-4.9999997965060174,0.7425742574257426,"[""search""]",True,False,4,0.0,[],0,0.0,[],[],[],0.0,[],[],0.0,Run 3::agentmemorybench:fact-mh-262k:context-0/factconsolidation_mh_262k_no5,False,True,False
Run 3,agentmemorybench:fact-mh-262k:context-0/factconsolidation_mh_262k_no5,2,7,0.2857142857142857,0.0,-0.375,0.9504950495049505,"[""read""]",True,False,4,0.0,[1],1,0.25,[],[1],[1],0.25,[1],[1],0.25,Run 3::agentmemorybench:fact-mh-262k:context-0/factconsolidation_mh_262k_no5,False,True,False
Run 3,agentmemorybench:fact-mh-262k:context-0/factconsolidation_mh_262k_no5,3,7,0.4285714285714285,0.25,0.375,1.0,"[""search""]",True,False,4,0.25,[1],1,0.25,[1],[1],[1],0.25,[1],[1],0.25,Run 3::agentmemorybench:fact-mh-262k:context-0/factconsolidation_mh_262k_no5,True,True,False
Run 3,agentmemorybench:fact-mh-262k:context-0/factconsolidation_mh_262k_no5,4,7,0.5714285714285714,0.25,0.5,1.0,"[""read""]",True,False,4,0.25,[2],1,0.25,[],[2],"[1,2]",0.5,"[1,2]","[1,2]",0.5,Run 3::agentmemorybench:fact-mh-262k:context-0/factconsolidation_mh_262k_no5,True,True,False
Run 3,agentmemorybench:fact-mh-262k:context-0/factconsolidation_mh_262k_no5,5,7,0.7142857142857143,1.0,3.4375000381842256,1.0,"[""search""]",True,False,4,1.0,"[2,3,4]",3,0.75,"[2,3,4]","[2,3,4]","[1,2,3,4]",1.0,"[1,2,3,4]","[1,2,3,4]",1.0,Run 3::agentmemorybench:fact-mh-262k:context-0/factconsolidation_mh_262k_no5,True,True,False
Run 3,agentmemorybench:fact-mh-262k:context-0/factconsolidation_mh_262k_no5,6,7,0.8571428571428571,1.0,3.687500100582838,1.0,"[""read""]",True,False,4,1.0,[],0,0.0,[],[],"[1,2,3,4]",1.0,"[1,2,3,4]","[1,2,3,4]",1.0,Run 3::agentmemorybench:fact-mh-262k:context-0/factconsolidation_mh_262k_no5,True,True,False
Run 3,agentmemorybench:fact-mh-262k:context-0/factconsolidation_mh_262k_no5,7,7,1.0,1.0,6.625000046333298,1.0,"[""finish""]",True,False,4,1.0,[],0,0.0,[],[],"[1,2,3,4]",1.0,"[1,2,3,4]","[1,2,3,4]",1.0,Run 3::agentmemorybench:fact-mh-262k:context-0/factconsolidation_mh_262k_no5,True,True,True
Run 3,agentmemorybench:fact-mh-262k:context-0/factconsolidation_mh_262k_no50,1,5,0.2,0.0,-4.437499848660082,0.8217821782178218,"[""search""]",True,False,2,0.0,[],0,0.0,[],[],[],0.0,[],[],0.0,Run 3::agentmemorybench:fact-mh-262k:context-0/factconsolidation_mh_262k_no50,False,True,False
Run 3,agentmemorybench:fact-mh-262k:context-0/factconsolidation_mh_262k_no50,2,5,0.4,0.0,0.8749999552965164,1.0,"[""read""]",True,False,2,0.0,[1],1,0.5,[],[1],[1],0.5,[1],[1],0.5,Run 3::agentmemorybench:fact-mh-262k:context-0/factconsolidation_mh_262k_no50,True,True,False
Run 3,agentmemorybench:fact-mh-262k:context-0/factconsolidation_mh_262k_no50,3,5,0.6,0.5,1.4999999850988388,0.8861386138613861,"[""search""]",True,False,2,0.5,[1],1,0.5,[1],[1],[1],0.5,[1],[1],0.5,Run 3::agentmemorybench:fact-mh-262k:context-0/factconsolidation_mh_262k_no50,True,True,False
Run 3,agentmemorybench:fact-mh-262k:context-0/factconsolidation_mh_262k_no50,4,5,0.8,0.5,2.5624999180436134,0.9801980198019802,"[""read""]",True,False,2,0.5,[2],1,0.5,[],[2],"[1,2]",1.0,"[1,2]","[1,2]",1.0,Run 3::agentmemorybench:fact-mh-262k:context-0/factconsolidation_mh_262k_no50,True,True,False
Run 3,agentmemorybench:fact-mh-262k:context-0/factconsolidation_mh_262k_no50,5,5,1.0,1.0,7.375000078289304,1.0,"[""finish""]",True,False,2,1.0,[2],1,0.5,[2],[2],"[1,2]",1.0,"[1,2]","[1,2]",1.0,Run 3::agentmemorybench:fact-mh-262k:context-0/factconsolidation_mh_262k_no50,True,True,True
Run 3,agentmemorybench:fact-mh-262k:context-0/factconsolidation_mh_262k_no51,1,5,0.2,0.0,-4.375000011175871,0.8267326732673268,"[""search""]",False,False,2,0.0,[],0,0.0,[],[],[],0.0,[],[],0.0,Run 3::agentmemorybench:fact-mh-262k:context-0/factconsolidation_mh_262k_no51,False,True,False
Run 3,agentmemorybench:fact-mh-262k:context-0/factconsolidation_mh_262k_no51,2,5,0.4,0.0,1.4374999925494194,0.995049504950495,"[""read""]",False,False,2,0.0,[],0,0.0,[],[],[],0.0,[],[],0.0,Run 3::agentmemorybench:fact-mh-262k:context-0/factconsolidation_mh_262k_no51,True,True,False
Run 3,agentmemorybench:fact-mh-262k:context-0/factconsolidation_mh_262k_no51,3,5,0.6,0.5,2.6874999664723873,0.995049504950495,"[""search""]",False,False,2,0.5,[1],1,0.5,[1],[1],[1],0.5,[1],[1],0.5,Run 3::agentmemorybench:fact-mh-262k:context-0/factconsolidation_mh_262k_no51,True,True,False
Run 3,agentmemorybench:fact-mh-262k:context-0/factconsolidation_mh_262k_no51,4,5,0.8,0.5,2.999999977648258,1.0,"[""read""]",False,False,2,0.5,[2],1,0.5,[],[2],"[1,2]",1.0,"[1,2]","[1,2]",1.0,Run 3::agentmemorybench:fact-mh-262k:context-0/factconsolidation_mh_262k_no51,True,True,False
Run 3,agentmemorybench:fact-mh-262k:context-0/factconsolidation_mh_262k_no51,5,5,1.0,1.0,6.68749995023245,1.0,"[""finish""]",False,False,2,1.0,[2],1,0.5,[2],[2],"[1,2]",1.0,"[1,2]","[1,2]",1.0,Run 3::agentmemorybench:fact-mh-262k:context-0/factconsolidation_mh_262k_no51,True,True,True
Run 3,agentmemorybench:fact-mh-262k:context-0/factconsolidation_mh_262k_no52,1,5,0.2,0.0,-4.625000087544322,0.7227722772277227,"[""search""]",True,False,4,0.0,[],0,0.0,[],[],[],0.0,[],[],0.0,Run 3::agentmemorybench:fact-mh-262k:context-0/factconsolidation_mh_262k_no52,False,True,False
Run 3,agentmemorybench:fact-mh-262k:context-0/factconsolidation_mh_262k_no52,2,5,0.4,0.0,4.187500076368451,0.9851485148514851,"[""search"",""read""]",True,False,4,0.0,[],0,0.0,[],[],[],0.0,[],[],0.0,Run 3::agentmemorybench:fact-mh-262k:context-0/factconsolidation_mh_262k_no52,True,True,False
Run 3,agentmemorybench:fact-mh-262k:context-0/factconsolidation_mh_262k_no52,3,5,0.6,0.0,1.7499999701976776,1.0,"[""search"",""read""]",True,False,4,0.0,[],0,0.0,[],[],[],0.0,[],[],0.0,Run 3::agentmemorybench:fact-mh-262k:context-0/factconsolidation_mh_262k_no52,True,True,False
Run 3,agentmemorybench:fact-mh-262k:context-0/factconsolidation_mh_262k_no52,4,5,0.8,0.0,3.5625000232830644,1.0,"[""read""]",True,False,4,0.0,[],0,0.0,[],[],[],0.0,[],[],0.0,Run 3::agentmemorybench:fact-mh-262k:context-0/factconsolidation_mh_262k_no52,True,True,False
Run 3,agentmemorybench:fact-mh-262k:context-0/factconsolidation_mh_262k_no52,5,5,1.0,0.0,8.124999925945303,1.0,"[""finish""]",True,False,4,0.0,[],0,0.0,[],[],[],0.0,[],[],0.0,Run 3::agentmemorybench:fact-mh-262k:context-0/factconsolidation_mh_262k_no52,True,True,True
Run 3,agentmemorybench:fact-mh-262k:context-0/factconsolidation_mh_262k_no53,1,7,0.1428571428571428,0.0,-5.000000016763806,0.8910891089108911,"[""search""]",False,True,3,0.0,[],0,0.0,[],[],[],0.0,[],[],0.0,Run 3::agentmemorybench:fact-mh-262k:context-0/factconsolidation_mh_262k_no53,False,True,False
Run 3,agentmemorybench:fact-mh-262k:context-0/factconsolidation_mh_262k_no53,2,7,0.2857142857142857,0.0,0.4375000149011612,1.0,"[""search""]",False,True,3,0.0,[1],1,0.3333333333333333,[],[1],[1],0.3333333333333333,[1],[1],0.3333333333333333,Run 3::agentmemorybench:fact-mh-262k:context-0/factconsolidation_mh_262k_no53,True,True,False
Run 3,agentmemorybench:fact-mh-262k:context-0/factconsolidation_mh_262k_no53,3,7,0.4285714285714285,0.0,0.7499999552965164,0.9554455445544555,"[""read""]",False,True,3,0.0,[],0,0.0,[],[],[],0.0,[1],[1],0.3333333333333333,Run 3::agentmemorybench:fact-mh-262k:context-0/factconsolidation_mh_262k_no53,True,True,False
Run 3,agentmemorybench:fact-mh-262k:context-0/factconsolidation_mh_262k_no53,4,7,0.5714285714285714,0.3333333333333333,6.125000014202669,1.0,"[""search""]",False,True,3,0.3333333333333333,[1],1,0.3333333333333333,[1],[1],[1],0.3333333333333333,[1],[1],0.3333333333333333,Run 3::agentmemorybench:fact-mh-262k:context-0/factconsolidation_mh_262k_no53,True,True,False
Run 3,agentmemorybench:fact-mh-262k:context-0/factconsolidation_mh_262k_no53,5,7,0.7142857142857143,0.3333333333333333,5.24999981909059,1.0,"[""read""]",False,True,3,0.3333333333333333,[],0,0.0,[],[],[1],0.3333333333333333,[1],[1],0.3333333333333333,Run 3::agentmemorybench:fact-mh-262k:context-0/factconsolidation_mh_262k_no53,True,True,False
Run 3,agentmemorybench:fact-mh-262k:context-0/factconsolidation_mh_262k_no53,6,7,0.8571428571428571,0.3333333333333333,3.8125000512227416,1.0,[],False,True,3,0.3333333333333333,[],0,0.0,[],[],[1],0.3333333333333333,[1],[1],0.3333333333333333,Run 3::agentmemorybench:fact-mh-262k:context-0/factconsolidation_mh_262k_no53,True,True,False
Run 3,agentmemorybench:fact-mh-262k:context-0/factconsolidation_mh_262k_no53,7,7,1.0,0.3333333333333333,6.124999902502168,1.0,"[""finish""]",False,True,3,0.3333333333333333,[],0,0.0,[],[],[1],0.3333333333333333,[1],[1],0.3333333333333333,Run 3::agentmemorybench:fact-mh-262k:context-0/factconsolidation_mh_262k_no53,True,True,True
Run 3,agentmemorybench:fact-mh-262k:context-0/factconsolidation_mh_262k_no54,1,6,0.1666666666666666,0.0,-4.9999998062849045,0.6138613861386139,"[""search""]",True,False,3,0.0,[],0,0.0,[],[],[],0.0,[],[],0.0,Run 3::agentmemorybench:fact-mh-262k:context-0/factconsolidation_mh_262k_no54,False,True,False
Run 3,agentmemorybench:fact-mh-262k:context-0/factconsolidation_mh_262k_no54,2,6,0.3333333333333333,0.0,1.6250000596046448,1.0,"[""search""]",True,False,3,0.0,[1],1,0.3333333333333333,[],[1],[1],0.3333333333333333,[1],[1],0.3333333333333333,Run 3::agentmemorybench:fact-mh-262k:context-0/factconsolidation_mh_262k_no54,True,True,False
Run 3,agentmemorybench:fact-mh-262k:context-0/factconsolidation_mh_262k_no54,3,6,0.5,0.0,1.2500000298023224,1.0,"[""read""]",True,False,3,0.0,[],0,0.0,[],[],[],0.0,[1],[1],0.3333333333333333,Run 3::agentmemorybench:fact-mh-262k:context-0/factconsolidation_mh_262k_no54,True,True,False
Run 3,agentmemorybench:fact-mh-262k:context-0/factconsolidation_mh_262k_no54,4,6,0.6666666666666666,0.3333333333333333,-0.6250000298023224,0.5594059405940593,"[""search""]",True,False,3,0.3333333333333333,[2],1,0.3333333333333333,[2],[2],[2],0.3333333333333333,"[1,2]","[1,2]",0.6666666666666666,Run 3::agentmemorybench:fact-mh-262k:context-0/factconsolidation_mh_262k_no54,False,True,False
Run 3,agentmemorybench:fact-mh-262k:context-0/factconsolidation_mh_262k_no54,5,6,0.8333333333333334,0.3333333333333333,3.5625000540167093,1.0,"[""read""]",True,False,3,0.3333333333333333,"[2,3]",2,0.6666666666666666,[],"[2,3]","[2,3]",0.6666666666666666,"[1,2,3]","[1,2,3]",1.0,Run 3::agentmemorybench:fact-mh-262k:context-0/factconsolidation_mh_262k_no54,True,True,False
Run 3,agentmemorybench:fact-mh-262k:context-0/factconsolidation_mh_262k_no54,6,6,1.0,1.0,7.749999855688657,1.0,"[""finish""]",True,False,3,1.0,"[1,2,3]",3,1.0,"[1,2,3]","[1,2,3]","[1,2,3]",1.0,"[1,2,3]","[1,2,3]",1.0,Run 3::agentmemorybench:fact-mh-262k:context-0/factconsolidation_mh_262k_no54,True,True,True
Run 3,agentmemorybench:fact-mh-262k:context-0/factconsolidation_mh_262k_no55,1,6,0.1666666666666666,0.0,-3.749999947845936,0.7871287128712872,"[""search""]",True,False,4,0.0,[],0,0.0,[],[],[],0.0,[],[],0.0,Run 3::agentmemorybench:fact-mh-262k:context-0/factconsolidation_mh_262k_no55,False,True,False
Run 3,agentmemorybench:fact-mh-262k:context-0/factconsolidation_mh_262k_no55,2,6,0.3333333333333333,0.0,0.125,0.9702970297029703,"[""read"",""search""]",True,False,4,0.0,[1],1,0.25,[],[1],[1],0.25,[1],[1],0.25,Run 3::agentmemorybench:fact-mh-262k:context-0/factconsolidation_mh_262k_no55,True,True,False
Run 3,agentmemorybench:fact-mh-262k:context-0/factconsolidation_mh_262k_no55,3,6,0.5,0.25,0.25,1.0,"[""read""]",True,False,4,0.25,"[1,2]",2,0.5,[1],"[1,2]","[1,2]",0.5,"[1,2]","[1,2]",0.5,Run 3::agentmemorybench:fact-mh-262k:context-0/factconsolidation_mh_262k_no55,True,True,False
Run 3,agentmemorybench:fact-mh-262k:context-0/factconsolidation_mh_262k_no55,4,6,0.6666666666666666,0.75,2.124999925494194,1.0,"[""search""]",True,False,4,0.75,"[2,3]",2,0.5,"[2,3]","[2,3]","[1,2,3]",0.75,"[1,2,3]","[1,2,3]",0.75,Run 3::agentmemorybench:fact-mh-262k:context-0/factconsolidation_mh_262k_no55,True,True,False
Run 3,agentmemorybench:fact-mh-262k:context-0/factconsolidation_mh_262k_no55,5,6,0.8333333333333334,0.75,2.3749999552965164,0.8910891089108911,"[""read""]",True,False,4,0.75,[4],1,0.25,[],[4],"[1,2,3,4]",1.0,"[1,2,3,4]","[1,2,3,4]",1.0,Run 3::agentmemorybench:fact-mh-262k:context-0/factconsolidation_mh_262k_no55,True,True,False
Run 3,agentmemorybench:fact-mh-262k:context-0/factconsolidation_mh_262k_no55,6,6,1.0,1.0,2.999999975785613,1.0,"[""finish""]",True,False,4,1.0,[4],1,0.25,[4],[4],"[1,2,3,4]",1.0,"[1,2,3,4]","[1,2,3,4]",1.0,Run 3::agentmemorybench:fact-mh-262k:context-0/factconsolidation_mh_262k_no55,True,True,True
Run 3,agentmemorybench:fact-mh-262k:context-0/factconsolidation_mh_262k_no56,1,3,0.3333333333333333,0.0,-3.624999955296517,0.9306930693069306,"[""search""]",False,True,2,0.0,[],0,0.0,[],[],[],0.0,[],[],0.0,Run 3::agentmemorybench:fact-mh-262k:context-0/factconsolidation_mh_262k_no56,False,True,False
Run 3,agentmemorybench:fact-mh-262k:context-0/factconsolidation_mh_262k_no56,2,3,0.6666666666666666,0.0,1.6249999925494194,1.0,"[""read""]",False,True,2,0.0,"[1,2]",2,1.0,[],"[1,2]","[1,2]",1.0,"[1,2]","[1,2]",1.0,Run 3::agentmemorybench:fact-mh-262k:context-0/factconsolidation_mh_262k_no56,True,True,False
Run 3,agentmemorybench:fact-mh-262k:context-0/factconsolidation_mh_262k_no56,3,3,1.0,1.0,6.500000036612619,1.0,"[""finish""]",False,True,2,1.0,"[1,2]",2,1.0,"[1,2]","[1,2]","[1,2]",1.0,"[1,2]","[1,2]",1.0,Run 3::agentmemorybench:fact-mh-262k:context-0/factconsolidation_mh_262k_no56,True,True,True
Run 3,agentmemorybench:fact-mh-262k:context-0/factconsolidation_mh_262k_no57,1,14,0.0714285714285714,0.0,-5.874999871477485,0.9356435643564356,"[""search""]",False,True,3,0.0,[],0,0.0,[],[],[],0.0,[],[],0.0,Run 3::agentmemorybench:fact-mh-262k:context-0/factconsolidation_mh_262k_no57,False,True,False
Run 3,agentmemorybench:fact-mh-262k:context-0/factconsolidation_mh_262k_no57,2,14,0.1428571428571428,0.0,0.0,0.995049504950495,"[""read""]",False,True,3,0.0,[1],1,0.3333333333333333,[],[1],[1],0.3333333333333333,[1],[1],0.3333333333333333,Run 3::agentmemorybench:fact-mh-262k:context-0/factconsolidation_mh_262k_no57,False,True,False
Run 3,agentmemorybench:fact-mh-262k:context-0/factconsolidation_mh_262k_no57,3,14,0.2142857142857142,0.3333333333333333,1.5624999776482582,0.995049504950495,"[""search""]",False,True,3,0.3333333333333333,[1],1,0.3333333333333333,[1],[1],[1],0.3333333333333333,[1],[1],0.3333333333333333,Run 3::agentmemorybench:fact-mh-262k:context-0/factconsolidation_mh_262k_no57,True,True,False
Run 3,agentmemorybench:fact-mh-262k:context-0/factconsolidation_mh_262k_no57,4,14,0.2857142857142857,0.3333333333333333,3.3125,0.995049504950495,"[""search""]",False,True,3,0.3333333333333333,[2],1,0.3333333333333333,[],[2],"[1,2]",0.6666666666666666,"[1,2]","[1,2]",0.6666666666666666,Run 3::agentmemorybench:fact-mh-262k:context-0/factconsolidation_mh_262k_no57,True,True,False
Run 3,agentmemorybench:fact-mh-262k:context-0/factconsolidation_mh_262k_no57,5,14,0.3571428571428571,0.3333333333333333,2.81249993853271,0.99009900990099,"[""read""]",False,True,3,0.3333333333333333,"[2,3]",2,0.6666666666666666,[],"[2,3]","[1,2,3]",1.0,"[1,2,3]","[1,2,3]",1.0,Run 3::agentmemorybench:fact-mh-262k:context-0/factconsolidation_mh_262k_no57,True,True,False
Run 3,agentmemorybench:fact-mh-262k:context-0/factconsolidation_mh_262k_no57,6,14,0.4285714285714285,1.0,5.999999836087227,1.0,"[""search""]",False,True,3,1.0,"[2,3]",2,0.6666666666666666,"[2,3]","[2,3]","[1,2,3]",1.0,"[1,2,3]","[1,2,3]",1.0,Run 3::agentmemorybench:fact-mh-262k:context-0/factconsolidation_mh_262k_no57,True,True,False
Run 3,agentmemorybench:fact-mh-262k:context-0/factconsolidation_mh_262k_no57,7,14,0.5,1.0,0.7499999850988388,0.9356435643564356,"[""search""]",False,True,3,1.0,[],0,0.0,[],[],"[1,2,3]",1.0,"[1,2,3]","[1,2,3]",1.0,Run 3::agentmemorybench:fact-mh-262k:context-0/factconsolidation_mh_262k_no57,True,True,False
Run 3,agentmemorybench:fact-mh-262k:context-0/factconsolidation_mh_262k_no57,8,14,0.5714285714285714,1.0,-2.2499999813735485,0.6138613861386139,"[""search""]",False,True,3,1.0,[],0,0.0,[],[],"[1,2,3]",1.0,"[1,2,3]","[1,2,3]",1.0,Run 3::agentmemorybench:fact-mh-262k:context-0/factconsolidation_mh_262k_no57,False,True,False
Run 3,agentmemorybench:fact-mh-262k:context-0/factconsolidation_mh_262k_no57,9,14,0.6428571428571429,1.0,-3.4999999990686774,0.9752475247524752,"[""search""]",False,True,3,1.0,[],0,0.0,[],[],"[1,2,3]",1.0,"[1,2,3]","[1,2,3]",1.0,Run 3::agentmemorybench:fact-mh-262k:context-0/factconsolidation_mh_262k_no57,False,True,False
Run 3,agentmemorybench:fact-mh-262k:context-0/factconsolidation_mh_262k_no57,10,14,0.7142857142857143,1.0,-4.374999945517629,0.7079207920792079,"[""read""]",False,True,3,1.0,[],0,0.0,[],[],"[1,2,3]",1.0,"[1,2,3]","[1,2,3]",1.0,Run 3::agentmemorybench:fact-mh-262k:context-0/factconsolidation_mh_262k_no57,False,True,False
Run 3,agentmemorybench:fact-mh-262k:context-0/factconsolidation_mh_262k_no57,11,14,0.7857142857142857,1.0,-3.0624999906867743,0.8514851485148515,"[""search""]",False,True,3,1.0,[],0,0.0,[],[],"[1,2,3]",1.0,"[1,2,3]","[1,2,3]",1.0,Run 3::agentmemorybench:fact-mh-262k:context-0/factconsolidation_mh_262k_no57,False,True,False
Run 3,agentmemorybench:fact-mh-262k:context-0/factconsolidation_mh_262k_no57,12,14,0.8571428571428571,1.0,-3.3750000428408384,0.9653465346534653,"[""search""]",False,True,3,1.0,[],0,0.0,[],[],"[1,2,3]",1.0,"[1,2,3]","[1,2,3]",1.0,Run 3::agentmemorybench:fact-mh-262k:context-0/factconsolidation_mh_262k_no57,False,True,False
Run 3,agentmemorybench:fact-mh-262k:context-0/factconsolidation_mh_262k_no57,13,14,0.9285714285714286,1.0,-3.812499929219484,0.9257425742574257,"[""read""]",False,True,3,1.0,[],0,0.0,[],[],"[1,2,3]",1.0,"[1,2,3]","[1,2,3]",1.0,Run 3::agentmemorybench:fact-mh-262k:context-0/factconsolidation_mh_262k_no57,False,True,False
Run 3,agentmemorybench:fact-mh-262k:context-0/factconsolidation_mh_262k_no57,14,14,1.0,1.0,-3.437500043772161,0.5742574257425742,"[""finish""]",False,True,3,1.0,[3],1,0.3333333333333333,[3],[3],"[1,2,3]",1.0,"[1,2,3]","[1,2,3]",1.0,Run 3::agentmemorybench:fact-mh-262k:context-0/factconsolidation_mh_262k_no57,False,True,True
Run 3,agentmemorybench:fact-mh-262k:context-0/factconsolidation_mh_262k_no58,1,10,0.1,0.0,-3.875000066123903,0.7970297029702971,"[""search""]",False,False,2,0.0,[],0,0.0,[],[],[],0.0,[],[],0.0,Run 3::agentmemorybench:fact-mh-262k:context-0/factconsolidation_mh_262k_no58,False,True,False
Run 3,agentmemorybench:fact-mh-262k:context-0/factconsolidation_mh_262k_no58,2,10,0.2,0.0,-0.6249999850988388,0.995049504950495,"[""read""]",False,False,2,0.0,[1],1,0.5,[],[1],[1],0.5,[1],[1],0.5,Run 3::agentmemorybench:fact-mh-262k:context-0/factconsolidation_mh_262k_no58,False,True,False
Run 3,agentmemorybench:fact-mh-262k:context-0/factconsolidation_mh_262k_no58,3,10,0.3,0.5,1.9999999031424522,0.9900990099009901,"[""search""]",False,False,2,0.5,[1],1,0.5,[1],[1],[1],0.5,[1],[1],0.5,Run 3::agentmemorybench:fact-mh-262k:context-0/factconsolidation_mh_262k_no58,True,True,False
Run 3,agentmemorybench:fact-mh-262k:context-0/factconsolidation_mh_262k_no58,4,10,0.4,0.5,0.1875,0.37623762376237624,"[""search""]",False,False,2,0.5,[],0,0.0,[],[],[1],0.5,[1],[1],0.5,Run 3::agentmemorybench:fact-mh-262k:context-0/factconsolidation_mh_262k_no58,True,False,False
Run 3,agentmemorybench:fact-mh-262k:context-0/factconsolidation_mh_262k_no58,5,10,0.5,0.5,-0.7499999850988388,0.9207920792079208,"[""search""]",False,False,2,0.5,[],0,0.0,[],[],[1],0.5,[1],[1],0.5,Run 3::agentmemorybench:fact-mh-262k:context-0/factconsolidation_mh_262k_no58,False,True,False
Run 3,agentmemorybench:fact-mh-262k:context-0/factconsolidation_mh_262k_no58,6,10,0.6,0.5,-0.125,0.8514851485148516,"[""search""]",False,False,2,0.5,[],0,0.0,[],[],[1],0.5,[1],[1],0.5,Run 3::agentmemorybench:fact-mh-262k:context-0/factconsolidation_mh_262k_no58,False,True,False
Run 3,agentmemorybench:fact-mh-262k:context-0/factconsolidation_mh_262k_no58,7,10,0.7,0.5,-1.2500000223517418,0.6287128712871287,"[""search""]",False,False,2,0.5,[],0,0.0,[],[],[1],0.5,[1],[1],0.5,Run 3::agentmemorybench:fact-mh-262k:context-0/factconsolidation_mh_262k_no58,False,True,False
Run 3,agentmemorybench:fact-mh-262k:context-0/factconsolidation_mh_262k_no58,8,10,0.8,0.5,-0.9999999850988388,0.5792079207920793,"[""search""]",False,False,2,0.5,[],0,0.0,[],[],[1],0.5,[1],[1],0.5,Run 3::agentmemorybench:fact-mh-262k:context-0/factconsolidation_mh_262k_no58,False,True,False
Run 3,agentmemorybench:fact-mh-262k:context-0/factconsolidation_mh_262k_no58,9,10,0.9,0.5,-1.5625000074505806,0.4801980198019802,"[""search""]",False,False,2,0.5,[],0,0.0,[],[],[1],0.5,[1],[1],0.5,Run 3::agentmemorybench:fact-mh-262k:context-0/factconsolidation_mh_262k_no58,False,False,False
Run 3,agentmemorybench:fact-mh-262k:context-0/factconsolidation_mh_262k_no58,10,10,1.0,0.5,-2.1250000409781933,0.6683168316831684,"[""finish""]",False,False,2,0.5,[],0,0.0,[],[],[1],0.5,[1],[1],0.5,Run 3::agentmemorybench:fact-mh-262k:context-0/factconsolidation_mh_262k_no58,False,True,True
Run 3,agentmemorybench:fact-mh-262k:context-0/factconsolidation_mh_262k_no59,1,4,0.25,0.0,-5.625000216765329,0.7524752475247525,"[""search""]",False,False,2,0.0,[],0,0.0,[],[],[],0.0,[],[],0.0,Run 3::agentmemorybench:fact-mh-262k:context-0/factconsolidation_mh_262k_no59,False,True,False
Run 3,agentmemorybench:fact-mh-262k:context-0/factconsolidation_mh_262k_no59,2,4,0.5,0.0,-0.1875,0.9851485148514851,"[""search""]",False,False,2,0.0,[1],1,0.5,[],[1],[1],0.5,[1],[1],0.5,Run 3::agentmemorybench:fact-mh-262k:context-0/factconsolidation_mh_262k_no59,False,True,False
Run 3,agentmemorybench:fact-mh-262k:context-0/factconsolidation_mh_262k_no59,3,4,0.75,0.0,2.4999999962747097,1.0,"[""read""]",False,False,2,0.0,[1],1,0.5,[],[1],[1],0.5,[1],[1],0.5,Run 3::agentmemorybench:fact-mh-262k:context-0/factconsolidation_mh_262k_no59,True,True,False
Run 3,agentmemorybench:fact-mh-262k:context-0/factconsolidation_mh_262k_no59,4,4,1.0,0.5,7.937500244137482,1.0,"[""finish""]",False,False,2,0.5,[1],1,0.5,[1],[1],[1],0.5,[1],[1],0.5,Run 3::agentmemorybench:fact-mh-262k:context-0/factconsolidation_mh_262k_no59,True,True,True
Run 3,agentmemorybench:fact-mh-262k:context-0/factconsolidation_mh_262k_no6,1,3,0.3333333333333333,0.0,-3.6250000596046448,0.7871287128712872,"[""search""]",True,False,2,0.0,[],0,0.0,[],[],[],0.0,[],[],0.0,Run 3::agentmemorybench:fact-mh-262k:context-0/factconsolidation_mh_262k_no6,False,True,False
Run 3,agentmemorybench:fact-mh-262k:context-0/factconsolidation_mh_262k_no6,2,3,0.6666666666666666,0.0,3.625000096857548,1.0,"[""read""]",True,False,2,0.0,"[1,2]",2,1.0,[],"[1,2]","[1,2]",1.0,"[1,2]","[1,2]",1.0,Run 3::agentmemorybench:fact-mh-262k:context-0/factconsolidation_mh_262k_no6,True,True,False
Run 3,agentmemorybench:fact-mh-262k:context-0/factconsolidation_mh_262k_no6,3,3,1.0,1.0,8.250000214160536,1.0,"[""finish""]",True,False,2,1.0,"[1,2]",2,1.0,"[1,2]","[1,2]","[1,2]",1.0,"[1,2]","[1,2]",1.0,Run 3::agentmemorybench:fact-mh-262k:context-0/factconsolidation_mh_262k_no6,True,True,True
Run 3,agentmemorybench:fact-mh-262k:context-0/factconsolidation_mh_262k_no60,1,5,0.2,0.0,-3.8125000298023224,0.9702970297029704,"[""search""]",True,False,2,0.0,[],0,0.0,[],[],[],0.0,[],[],0.0,Run 3::agentmemorybench:fact-mh-262k:context-0/factconsolidation_mh_262k_no60,False,True,False
Run 3,agentmemorybench:fact-mh-262k:context-0/factconsolidation_mh_262k_no60,2,5,0.4,0.0,2.812499977648258,1.0,"[""read""]",True,False,2,0.0,[1],1,0.5,[],[1],[1],0.5,[1],[1],0.5,Run 3::agentmemorybench:fact-mh-262k:context-0/factconsolidation_mh_262k_no60,True,True,False
Run 3,agentmemorybench:fact-mh-262k:context-0/factconsolidation_mh_262k_no60,3,5,0.6,0.5,0.9374999701976776,0.8168316831683169,"[""search""]",True,False,2,0.5,[1],1,0.5,[1],[1],[1],0.5,[1],[1],0.5,Run 3::agentmemorybench:fact-mh-262k:context-0/factconsolidation_mh_262k_no60,True,True,False
Run 3,agentmemorybench:fact-mh-262k:context-0/factconsolidation_mh_262k_no60,4,5,0.8,0.5,3.93749987706542,1.0,"[""read""]",True,False,2,0.5,[2],1,0.5,[],[2],"[1,2]",1.0,"[1,2]","[1,2]",1.0,Run 3::agentmemorybench:fact-mh-262k:context-0/factconsolidation_mh_262k_no60,True,True,False
Run 3,agentmemorybench:fact-mh-262k:context-0/factconsolidation_mh_262k_no60,5,5,1.0,1.0,8.687499776249751,1.0,"[""finish""]",True,False,2,1.0,[2],1,0.5,[2],[2],"[1,2]",1.0,"[1,2]","[1,2]",1.0,Run 3::agentmemorybench:fact-mh-262k:context-0/factconsolidation_mh_262k_no60,True,True,True
Run 3,agentmemorybench:fact-mh-262k:context-0/factconsolidation_mh_262k_no61,1,4,0.25,0.0,-4.875000046798959,0.7673267326732673,"[""search""]",True,False,2,0.0,[],0,0.0,[],[],[],0.0,[],[],0.0,Run 3::agentmemorybench:fact-mh-262k:context-0/factconsolidation_mh_262k_no61,False,True,False
Run 3,agentmemorybench:fact-mh-262k:context-0/factconsolidation_mh_262k_no61,2,4,0.5,0.0,3.124999962747097,1.0,"[""search""]",True,False,2,0.0,[1],1,0.5,[],[1],[1],0.5,[1],[1],0.5,Run 3::agentmemorybench:fact-mh-262k:context-0/factconsolidation_mh_262k_no61,True,True,False
Run 3,agentmemorybench:fact-mh-262k:context-0/factconsolidation_mh_262k_no61,3,4,0.75,0.0,2.0624999701976776,1.0,"[""read""]",True,False,2,0.0,"[1,2]",2,1.0,[],"[1,2]","[1,2]",1.0,"[1,2]","[1,2]",1.0,Run 3::agentmemorybench:fact-mh-262k:context-0/factconsolidation_mh_262k_no61,True,True,False
Run 3,agentmemorybench:fact-mh-262k:context-0/factconsolidation_mh_262k_no61,4,4,1.0,1.0,6.624999956402462,1.0,"[""finish""]",True,False,2,1.0,"[1,2]",2,1.0,"[1,2]","[1,2]","[1,2]",1.0,"[1,2]","[1,2]",1.0,Run 3::agentmemorybench:fact-mh-262k:context-0/factconsolidation_mh_262k_no61,True,True,True
Run 3,agentmemorybench:fact-mh-262k:context-0/factconsolidation_mh_262k_no62,1,4,0.25,0.0,-4.250000151339918,0.9405940594059404,"[""search""]",True,False,2,0.0,[],0,0.0,[],[],[],0.0,[],[],0.0,Run 3::agentmemorybench:fact-mh-262k:context-0/factconsolidation_mh_262k_no62,False,True,False
Run 3,agentmemorybench:fact-mh-262k:context-0/factconsolidation_mh_262k_no62,2,4,0.5,0.0,0.5625000149011612,1.0,"[""search""]",True,False,2,0.0,[1],1,0.5,[],[1],[1],0.5,[1],[1],0.5,Run 3::agentmemorybench:fact-mh-262k:context-0/factconsolidation_mh_262k_no62,True,True,False
Run 3,agentmemorybench:fact-mh-262k:context-0/factconsolidation_mh_262k_no62,3,4,0.75,0.0,2.250000037252903,1.0,"[""read""]",True,False,2,0.0,"[1,2]",2,1.0,[],"[1,2]","[1,2]",1.0,"[1,2]","[1,2]",1.0,Run 3::agentmemorybench:fact-mh-262k:context-0/factconsolidation_mh_262k_no62,True,True,False
Run 3,agentmemorybench:fact-mh-262k:context-0/factconsolidation_mh_262k_no62,4,4,1.0,1.0,7.500000034982804,1.0,"[""finish""]",True,False,2,1.0,"[1,2]",2,1.0,"[1,2]","[1,2]","[1,2]",1.0,"[1,2]","[1,2]",1.0,Run 3::agentmemorybench:fact-mh-262k:context-0/factconsolidation_mh_262k_no62,True,True,True
Run 3,agentmemorybench:fact-mh-262k:context-0/factconsolidation_mh_262k_no63,1,7,0.1428571428571428,0.0,-4.1250001871958375,0.8267326732673267,"[""search""]",False,True,4,0.0,[],0,0.0,[],[],[],0.0,[],[],0.0,Run 3::agentmemorybench:fact-mh-262k:context-0/factconsolidation_mh_262k_no63,False,True,False
Run 3,agentmemorybench:fact-mh-262k:context-0/factconsolidation_mh_262k_no63,2,7,0.2857142857142857,0.0,0.0,0.995049504950495,"[""read""]",False,True,4,0.0,[1],1,0.25,[],[1],[1],0.25,[1],[1],0.25,Run 3::agentmemorybench:fact-mh-262k:context-0/factconsolidation_mh_262k_no63,False,True,False
Run 3,agentmemorybench:fact-mh-262k:context-0/factconsolidation_mh_262k_no63,3,7,0.4285714285714285,0.25,2.3124999664723873,1.0,"[""search""]",False,True,4,0.25,[1],1,0.25,[1],[1],[1],0.25,[1],[1],0.25,Run 3::agentmemorybench:fact-mh-262k:context-0/factconsolidation_mh_262k_no63,True,True,False
Run 3,agentmemorybench:fact-mh-262k:context-0/factconsolidation_mh_262k_no63,4,7,0.5714285714285714,0.25,0.7500000298023224,1.0,"[""read""]",False,True,4,0.25,[2],1,0.25,[],[2],"[1,2]",0.5,"[1,2]","[1,2]",0.5,Run 3::agentmemorybench:fact-mh-262k:context-0/factconsolidation_mh_262k_no63,True,True,False
Run 3,agentmemorybench:fact-mh-262k:context-0/factconsolidation_mh_262k_no63,5,7,0.7142857142857143,0.5,1.4374999552965164,0.9851485148514851,"[""search""]",False,True,4,0.5,[2],1,0.25,[2],[2],"[1,2]",0.5,"[1,2]","[1,2]",0.5,Run 3::agentmemorybench:fact-mh-262k:context-0/factconsolidation_mh_262k_no63,True,True,False
Run 3,agentmemorybench:fact-mh-262k:context-0/factconsolidation_mh_262k_no63,6,7,0.8571428571428571,0.5,2.250000089406967,0.9504950495049507,"[""read""]",False,True,4,0.5,[3],1,0.25,[],[3],"[1,2,3]",0.75,"[1,2,3]","[1,2,3]",0.75,Run 3::agentmemorybench:fact-mh-262k:context-0/factconsolidation_mh_262k_no63,True,True,False
Run 3,agentmemorybench:fact-mh-262k:context-0/factconsolidation_mh_262k_no63,7,7,1.0,0.75,3.5624999729916453,0.9801980198019802,"[""finish""]",False,True,4,0.75,[3],1,0.25,[3],[3],"[1,2,3]",0.75,"[1,2,3]","[1,2,3]",0.75,Run 3::agentmemorybench:fact-mh-262k:context-0/factconsolidation_mh_262k_no63,True,True,True
Run 3,agentmemorybench:fact-mh-262k:context-0/factconsolidation_mh_262k_no64,1,7,0.1428571428571428,0.0,-3.374999910593033,0.8316831683168316,"[""search""]",False,False,2,0.0,[],0,0.0,[],[],[],0.0,[],[],0.0,Run 3::agentmemorybench:fact-mh-262k:context-0/factconsolidation_mh_262k_no64,False,True,False
Run 3,agentmemorybench:fact-mh-262k:context-0/factconsolidation_mh_262k_no64,2,7,0.2857142857142857,0.0,3.1250000167638063,1.0,"[""read""]",False,False,2,0.0,[1],1,0.5,[],[1],[1],0.5,[1],[1],0.5,Run 3::agentmemorybench:fact-mh-262k:context-0/factconsolidation_mh_262k_no64,True,True,False
Run 3,agentmemorybench:fact-mh-262k:context-0/factconsolidation_mh_262k_no64,3,7,0.4285714285714285,0.5,7.499999915307853,1.0,"[""search""]",False,False,2,0.5,[1],1,0.5,[1],[1],[1],0.5,[1],[1],0.5,Run 3::agentmemorybench:fact-mh-262k:context-0/factconsolidation_mh_262k_no64,True,True,False
Run 3,agentmemorybench:fact-mh-262k:context-0/factconsolidation_mh_262k_no64,4,7,0.5714285714285714,0.5,2.8124999944120646,1.0,"[""read""]",False,False,2,0.5,[],0,0.0,[],[],[1],0.5,[1],[1],0.5,Run 3::agentmemorybench:fact-mh-262k:context-0/factconsolidation_mh_262k_no64,True,True,False
Run 3,agentmemorybench:fact-mh-262k:context-0/factconsolidation_mh_262k_no64,5,7,0.7142857142857143,1.0,4.3749997853301466,1.0,"[""search""]",False,False,2,1.0,[2],1,0.5,[2],[2],"[1,2]",1.0,"[1,2]","[1,2]",1.0,Run 3::agentmemorybench:fact-mh-262k:context-0/factconsolidation_mh_262k_no64,True,True,False
Run 3,agentmemorybench:fact-mh-262k:context-0/factconsolidation_mh_262k_no64,6,7,0.8571428571428571,1.0,3.5000000279396772,1.0,"[""search""]",False,False,2,1.0,[],0,0.0,[],[],"[1,2]",1.0,"[1,2]","[1,2]",1.0,Run 3::agentmemorybench:fact-mh-262k:context-0/factconsolidation_mh_262k_no64,True,True,False
Run 3,agentmemorybench:fact-mh-262k:context-0/factconsolidation_mh_262k_no64,7,7,1.0,1.0,4.875000094529241,0.9900990099009901,"[""finish""]",False,False,2,1.0,[],0,0.0,[],[],"[1,2]",1.0,"[1,2]","[1,2]",1.0,Run 3::agentmemorybench:fact-mh-262k:context-0/factconsolidation_mh_262k_no64,True,True,True
Run 3,agentmemorybench:fact-mh-262k:context-0/factconsolidation_mh_262k_no65,1,5,0.2,0.0,-4.0000000558793545,0.7970297029702971,"[""search""]",False,False,2,0.0,[],0,0.0,[],[],[],0.0,[],[],0.0,Run 3::agentmemorybench:fact-mh-262k:context-0/factconsolidation_mh_262k_no65,False,True,False
Run 3,agentmemorybench:fact-mh-262k:context-0/factconsolidation_mh_262k_no65,2,5,0.4,0.0,0.6875000298023224,0.995049504950495,"[""read""]",False,False,2,0.0,[1],1,0.5,[],[1],[1],0.5,[1],[1],0.5,Run 3::agentmemorybench:fact-mh-262k:context-0/factconsolidation_mh_262k_no65,True,True,False
Run 3,agentmemorybench:fact-mh-262k:context-0/factconsolidation_mh_262k_no65,3,5,0.6,0.5,3.8125000074505806,0.995049504950495,"[""search""]",False,False,2,0.5,[1],1,0.5,[1],[1],[1],0.5,[1],[1],0.5,Run 3::agentmemorybench:fact-mh-262k:context-0/factconsolidation_mh_262k_no65,True,True,False
Run 3,agentmemorybench:fact-mh-262k:context-0/factconsolidation_mh_262k_no65,4,5,0.8,0.5,2.187499914318323,0.900990099009901,"[""read""]",False,False,2,0.5,[2],1,0.5,[],[2],"[1,2]",1.0,"[1,2]","[1,2]",1.0,Run 3::agentmemorybench:fact-mh-262k:context-0/factconsolidation_mh_262k_no65,True,True,False
Run 3,agentmemorybench:fact-mh-262k:context-0/factconsolidation_mh_262k_no65,5,5,1.0,1.0,5.312500189524144,0.9900990099009901,"[""finish""]",False,False,2,1.0,[2],1,0.5,[2],[2],"[1,2]",1.0,"[1,2]","[1,2]",1.0,Run 3::agentmemorybench:fact-mh-262k:context-0/factconsolidation_mh_262k_no65,True,True,True
Run 3,agentmemorybench:fact-mh-262k:context-0/factconsolidation_mh_262k_no66,1,5,0.2,0.0,-4.374999833293259,0.8762376237623762,"[""search""]",True,False,2,0.0,[],0,0.0,[],[],[],0.0,[],[],0.0,Run 3::agentmemorybench:fact-mh-262k:context-0/factconsolidation_mh_262k_no66,False,True,False
Run 3,agentmemorybench:fact-mh-262k:context-0/factconsolidation_mh_262k_no66,2,5,0.4,0.0,2.8750000167638063,1.0,"[""read""]",True,False,2,0.0,[1],1,0.5,[],[1],[1],0.5,[1],[1],0.5,Run 3::agentmemorybench:fact-mh-262k:context-0/factconsolidation_mh_262k_no66,True,True,False
Run 3,agentmemorybench:fact-mh-262k:context-0/factconsolidation_mh_262k_no66,3,5,0.6,0.5,7.56249995843973,1.0,"[""search""]",True,False,2,0.5,[1],1,0.5,[1],[1],[1],0.5,[1],[1],0.5,Run 3::agentmemorybench:fact-mh-262k:context-0/factconsolidation_mh_262k_no66,True,True,False
Run 3,agentmemorybench:fact-mh-262k:context-0/factconsolidation_mh_262k_no66,4,5,0.8,0.5,2.5000000037252903,0.9702970297029703,"[""read""]",True,False,2,0.5,[2],1,0.5,[],[2],"[1,2]",1.0,"[1,2]","[1,2]",1.0,Run 3::agentmemorybench:fact-mh-262k:context-0/factconsolidation_mh_262k_no66,True,True,False
Run 3,agentmemorybench:fact-mh-262k:context-0/factconsolidation_mh_262k_no66,5,5,1.0,1.0,6.562500111642294,0.9059405940594059,"[""finish""]",True,False,2,1.0,[2],1,0.5,[2],[2],"[1,2]",1.0,"[1,2]","[1,2]",1.0,Run 3::agentmemorybench:fact-mh-262k:context-0/factconsolidation_mh_262k_no66,True,True,True
Run 3,agentmemorybench:fact-mh-262k:context-0/factconsolidation_mh_262k_no67,1,4,0.25,0.0,-5.125000073108822,0.7227722772277227,"[""search""]",False,False,2,0.0,[],0,0.0,[],[],[],0.0,[],[],0.0,Run 3::agentmemorybench:fact-mh-262k:context-0/factconsolidation_mh_262k_no67,False,True,False
Run 3,agentmemorybench:fact-mh-262k:context-0/factconsolidation_mh_262k_no67,2,4,0.5,0.0,1.3749999478459358,1.0,"[""search""]",False,False,2,0.0,[1],1,0.5,[],[1],[1],0.5,[1],[1],0.5,Run 3::agentmemorybench:fact-mh-262k:context-0/factconsolidation_mh_262k_no67,True,True,False
Run 3,agentmemorybench:fact-mh-262k:context-0/factconsolidation_mh_262k_no67,3,4,0.75,0.0,0.375,0.891089108910891,"[""read""]",False,False,2,0.0,[],0,0.0,[],[],[],0.0,[1],[1],0.5,Run 3::agentmemorybench:fact-mh-262k:context-0/factconsolidation_mh_262k_no67,True,True,False
Run 3,agentmemorybench:fact-mh-262k:context-0/factconsolidation_mh_262k_no67,4,4,1.0,0.5,8.250000333340722,1.0,"[""finish""]",False,False,2,0.5,[1],1,0.5,[1],[1],[1],0.5,[1],[1],0.5,Run 3::agentmemorybench:fact-mh-262k:context-0/factconsolidation_mh_262k_no67,True,True,True
Run 3,agentmemorybench:fact-mh-262k:context-0/factconsolidation_mh_262k_no68,1,15,0.0666666666666666,0.0,-4.187500138767064,0.7772277227722773,"[""search""]",True,False,2,0.0,[],0,0.0,[],[],[],0.0,[],[],0.0,Run 3::agentmemorybench:fact-mh-262k:context-0/factconsolidation_mh_262k_no68,False,True,False
Run 3,agentmemorybench:fact-mh-262k:context-0/factconsolidation_mh_262k_no68,2,15,0.1333333333333333,0.0,0.9999999850988388,0.9801980198019802,"[""search""]",True,False,2,0.0,[1],1,0.5,[],[1],[1],0.5,[1],[1],0.5,Run 3::agentmemorybench:fact-mh-262k:context-0/factconsolidation_mh_262k_no68,True,True,False
Run 3,agentmemorybench:fact-mh-262k:context-0/factconsolidation_mh_262k_no68,3,15,0.2,0.0,1.5625000074505806,1.0,"[""read""]",True,False,2,0.0,[],0,0.0,[],[],[],0.0,[1],[1],0.5,Run 3::agentmemorybench:fact-mh-262k:context-0/factconsolidation_mh_262k_no68,True,True,False
Run 3,agentmemorybench:fact-mh-262k:context-0/factconsolidation_mh_262k_no68,4,15,0.2666666666666666,0.5,6.625000017520506,1.0,[],True,False,2,0.5,[2],1,0.5,[2],[2],[2],0.5,"[1,2]","[1,2]",1.0,Run 3::agentmemorybench:fact-mh-262k:context-0/factconsolidation_mh_262k_no68,True,True,False
Run 3,agentmemorybench:fact-mh-262k:context-0/factconsolidation_mh_262k_no68,5,15,0.3333333333333333,0.5,6.312500166008249,1.0,"[""search""]",True,False,2,0.5,[],0,0.0,[],[],[2],0.5,"[1,2]","[1,2]",1.0,Run 3::agentmemorybench:fact-mh-262k:context-0/factconsolidation_mh_262k_no68,True,True,False
Run 3,agentmemorybench:fact-mh-262k:context-0/factconsolidation_mh_262k_no68,6,15,0.4,0.5,-0.6249999850988388,0.99009900990099,"[""read""]",True,False,2,0.5,[1],1,0.5,[],[1],"[1,2]",1.0,"[1,2]","[1,2]",1.0,Run 3::agentmemorybench:fact-mh-262k:context-0/factconsolidation_mh_262k_no68,False,True,False
Run 3,agentmemorybench:fact-mh-262k:context-0/factconsolidation_mh_262k_no68,7,15,0.4666666666666667,1.0,4.937500052852556,1.0,"[""search""]",True,False,2,1.0,[1],1,0.5,[1],[1],"[1,2]",1.0,"[1,2]","[1,2]",1.0,Run 3::agentmemorybench:fact-mh-262k:context-0/factconsolidation_mh_262k_no68,True,True,False
Run 3,agentmemorybench:fact-mh-262k:context-0/factconsolidation_mh_262k_no68,8,15,0.5333333333333333,1.0,1.3750000074505806,0.9603960396039604,"[""read""]",True,False,2,1.0,[],0,0.0,[],[],"[1,2]",1.0,"[1,2]","[1,2]",1.0,Run 3::agentmemorybench:fact-mh-262k:context-0/factconsolidation_mh_262k_no68,True,True,False
Run 3,agentmemorybench:fact-mh-262k:context-0/factconsolidation_mh_262k_no68,9,15,0.6,1.0,3.062500013038516,0.9851485148514851,"[""search""]",True,False,2,1.0,[],0,0.0,[],[],"[1,2]",1.0,"[1,2]","[1,2]",1.0,Run 3::agentmemorybench:fact-mh-262k:context-0/factconsolidation_mh_262k_no68,True,True,False
Run 3,agentmemorybench:fact-mh-262k:context-0/factconsolidation_mh_262k_no68,10,15,0.6666666666666666,1.0,0.0625,0.8267326732673268,"[""search""]",True,False,2,1.0,[],0,0.0,[],[],"[1,2]",1.0,"[1,2]","[1,2]",1.0,Run 3::agentmemorybench:fact-mh-262k:context-0/factconsolidation_mh_262k_no68,True,True,False
Run 3,agentmemorybench:fact-mh-262k:context-0/factconsolidation_mh_262k_no68,11,15,0.7333333333333333,1.0,0.6250000149011612,0.9752475247524752,"[""read""]",True,False,2,1.0,[],0,0.0,[],[],"[1,2]",1.0,"[1,2]","[1,2]",1.0,Run 3::agentmemorybench:fact-mh-262k:context-0/factconsolidation_mh_262k_no68,True,True,False
Run 3,agentmemorybench:fact-mh-262k:context-0/factconsolidation_mh_262k_no68,12,15,0.8,1.0,1.2499999850988388,0.995049504950495,"[""search""]",True,False,2,1.0,[],0,0.0,[],[],"[1,2]",1.0,"[1,2]","[1,2]",1.0,Run 3::agentmemorybench:fact-mh-262k:context-0/factconsolidation_mh_262k_no68,True,True,False
Run 3,agentmemorybench:fact-mh-262k:context-0/factconsolidation_mh_262k_no68,13,15,0.8666666666666667,1.0,0.25,0.9554455445544554,"[""search""]",True,False,2,1.0,[],0,0.0,[],[],"[1,2]",1.0,"[1,2]","[1,2]",1.0,Run 3::agentmemorybench:fact-mh-262k:context-0/factconsolidation_mh_262k_no68,True,True,False
Run 3,agentmemorybench:fact-mh-262k:context-0/factconsolidation_mh_262k_no68,14,15,0.9333333333333332,1.0,0.0625,0.9801980198019802,"[""search""]",True,False,2,1.0,[],0,0.0,[],[],"[1,2]",1.0,"[1,2]","[1,2]",1.0,Run 3::agentmemorybench:fact-mh-262k:context-0/factconsolidation_mh_262k_no68,True,True,False
Run 3,agentmemorybench:fact-mh-262k:context-0/factconsolidation_mh_262k_no68,15,15,1.0,1.0,-1.4375,0.6881188118811881,"[""finish""]",True,False,2,1.0,[],0,0.0,[],[],"[1,2]",1.0,"[1,2]","[1,2]",1.0,Run 3::agentmemorybench:fact-mh-262k:context-0/factconsolidation_mh_262k_no68,False,True,True
Run 3,agentmemorybench:fact-mh-262k:context-0/factconsolidation_mh_262k_no69,1,9,0.1111111111111111,0.0,-5.187499952502549,0.7623762376237624,"[""search""]",True,False,4,0.0,[],0,0.0,[],[],[],0.0,[],[],0.0,Run 3::agentmemorybench:fact-mh-262k:context-0/factconsolidation_mh_262k_no69,False,True,False
Run 3,agentmemorybench:fact-mh-262k:context-0/factconsolidation_mh_262k_no69,2,9,0.2222222222222222,0.0,-0.4375,1.0,"[""read""]",True,False,4,0.0,[1],1,0.25,[],[1],[1],0.25,[1],[1],0.25,Run 3::agentmemorybench:fact-mh-262k:context-0/factconsolidation_mh_262k_no69,False,True,False
Run 3,agentmemorybench:fact-mh-262k:context-0/factconsolidation_mh_262k_no69,3,9,0.3333333333333333,0.25,-0.0625,1.0,"[""search""]",True,False,4,0.25,[1],1,0.25,[1],[1],[1],0.25,[1],[1],0.25,Run 3::agentmemorybench:fact-mh-262k:context-0/factconsolidation_mh_262k_no69,False,True,False
Run 3,agentmemorybench:fact-mh-262k:context-0/factconsolidation_mh_262k_no69,4,9,0.4444444444444444,0.25,1.0625000149011612,0.9504950495049505,"[""search""]",True,False,4,0.25,[2],1,0.25,[],[2],"[1,2]",0.5,"[1,2]","[1,2]",0.5,Run 3::agentmemorybench:fact-mh-262k:context-0/factconsolidation_mh_262k_no69,True,True,False
Run 3,agentmemorybench:fact-mh-262k:context-0/factconsolidation_mh_262k_no69,5,9,0.5555555555555556,0.25,0.7499999850988388,0.9801980198019802,"[""read""]",True,False,4,0.25,[3],1,0.25,[],[3],"[1,3]",0.5,"[1,2,3]","[1,2,3]",0.75,Run 3::agentmemorybench:fact-mh-262k:context-0/factconsolidation_mh_262k_no69,True,True,False
Run 3,agentmemorybench:fact-mh-262k:context-0/factconsolidation_mh_262k_no69,6,9,0.6666666666666666,0.5,1.3125,0.9702970297029703,"[""read""]",True,False,4,0.5,[3],1,0.25,[3],[3],"[1,3]",0.5,"[1,2,3]","[1,2,3]",0.75,Run 3::agentmemorybench:fact-mh-262k:context-0/factconsolidation_mh_262k_no69,True,True,False
Run 3,agentmemorybench:fact-mh-262k:context-0/factconsolidation_mh_262k_no69,7,9,0.7777777777777778,0.75,0.6874999552965164,1.0,"[""search""]",True,False,4,0.75,[2],1,0.25,[2],[2],"[1,2,3]",0.75,"[1,2,3]","[1,2,3]",0.75,Run 3::agentmemorybench:fact-mh-262k:context-0/factconsolidation_mh_262k_no69,True,True,False
Run 3,agentmemorybench:fact-mh-262k:context-0/factconsolidation_mh_262k_no69,8,9,0.8888888888888888,0.75,2.4375000335276127,1.0,"[""read""]",True,False,4,0.75,[4],1,0.25,[],[4],"[1,2,3,4]",1.0,"[1,2,3,4]","[1,2,3,4]",1.0,Run 3::agentmemorybench:fact-mh-262k:context-0/factconsolidation_mh_262k_no69,True,True,False
Run 3,agentmemorybench:fact-mh-262k:context-0/factconsolidation_mh_262k_no69,9,9,1.0,1.0,5.750000117113814,1.0,"[""finish""]",True,False,4,1.0,[4],1,0.25,[4],[4],"[1,2,3,4]",1.0,"[1,2,3,4]","[1,2,3,4]",1.0,Run 3::agentmemorybench:fact-mh-262k:context-0/factconsolidation_mh_262k_no69,True,True,True
Run 3,agentmemorybench:fact-mh-262k:context-0/factconsolidation_mh_262k_no7,1,20,0.05,0.0,-4.4999997820705175,0.7772277227722773,"[""search""]",False,False,4,0.0,[],0,0.0,[],[],[],0.0,[],[],0.0,Run 3::agentmemorybench:fact-mh-262k:context-0/factconsolidation_mh_262k_no7,False,True,False
Run 3,agentmemorybench:fact-mh-262k:context-0/factconsolidation_mh_262k_no7,2,20,0.1,0.0,-1.3749999552965164,0.6881188118811881,"[""read""]",False,False,4,0.0,[1],1,0.25,[],[1],[1],0.25,[1],[1],0.25,Run 3::agentmemorybench:fact-mh-262k:context-0/factconsolidation_mh_262k_no7,False,True,False
Run 3,agentmemorybench:fact-mh-262k:context-0/factconsolidation_mh_262k_no7,3,20,0.15,0.25,2.062499973922968,0.995049504950495,"[""search""]",False,False,4,0.25,[1],1,0.25,[1],[1],[1],0.25,[1],[1],0.25,Run 3::agentmemorybench:fact-mh-262k:context-0/factconsolidation_mh_262k_no7,True,True,False
Run 3,agentmemorybench:fact-mh-262k:context-0/factconsolidation_mh_262k_no7,4,20,0.2,0.25,-0.6249999850988388,1.0,"[""read""]",False,False,4,0.25,[2],1,0.25,[],[2],"[1,2]",0.5,"[1,2]","[1,2]",0.5,Run 3::agentmemorybench:fact-mh-262k:context-0/factconsolidation_mh_262k_no7,False,True,False
Run 3,agentmemorybench:fact-mh-262k:context-0/factconsolidation_mh_262k_no7,5,20,0.25,0.5,-0.1875,0.9504950495049505,"[""search""]",False,False,4,0.5,[2],1,0.25,[2],[2],"[1,2]",0.5,"[1,2]","[1,2]",0.5,Run 3::agentmemorybench:fact-mh-262k:context-0/factconsolidation_mh_262k_no7,False,True,False
Run 3,agentmemorybench:fact-mh-262k:context-0/factconsolidation_mh_262k_no7,6,20,0.3,0.5,2.187500011175871,1.0,"[""search""]",False,False,4,0.5,[],0,0.0,[],[],"[1,2]",0.5,"[1,2]","[1,2]",0.5,Run 3::agentmemorybench:fact-mh-262k:context-0/factconsolidation_mh_262k_no7,True,True,False
Run 3,agentmemorybench:fact-mh-262k:context-0/factconsolidation_mh_262k_no7,7,20,0.35,0.5,0.25,0.9653465346534653,"[""search""]",False,False,4,0.5,[],0,0.0,[],[],"[1,2]",0.5,"[1,2]","[1,2]",0.5,Run 3::agentmemorybench:fact-mh-262k:context-0/factconsolidation_mh_262k_no7,True,True,False
Run 3,agentmemorybench:fact-mh-262k:context-0/factconsolidation_mh_262k_no7,8,20,0.4,0.5,-1.3125,1.0,"[""read""]",False,False,4,0.5,[],0,0.0,[],[],"[1,2]",0.5,"[1,2]","[1,2]",0.5,Run 3::agentmemorybench:fact-mh-262k:context-0/factconsolidation_mh_262k_no7,False,True,False
Run 3,agentmemorybench:fact-mh-262k:context-0/factconsolidation_mh_262k_no7,9,20,0.45,0.5,-1.625,1.0,"[""search""]",False,False,4,0.5,[],0,0.0,[],[],"[1,2]",0.5,"[1,2]","[1,2]",0.5,Run 3::agentmemorybench:fact-mh-262k:context-0/factconsolidation_mh_262k_no7,False,True,False
Run 3,agentmemorybench:fact-mh-262k:context-0/factconsolidation_mh_262k_no7,10,20,0.5,0.5,-1.8125000074505806,1.0,"[""read""]",False,False,4,0.5,[],0,0.0,[],[],"[1,2]",0.5,"[1,2]","[1,2]",0.5,Run 3::agentmemorybench:fact-mh-262k:context-0/factconsolidation_mh_262k_no7,False,True,False
Run 3,agentmemorybench:fact-mh-262k:context-0/factconsolidation_mh_262k_no7,11,20,0.55,0.5,-2.062499925494194,0.995049504950495,"[""search""]",False,False,4,0.5,[],0,0.0,[],[],"[1,2]",0.5,"[1,2]","[1,2]",0.5,Run 3::agentmemorybench:fact-mh-262k:context-0/factconsolidation_mh_262k_no7,False,True,False
Run 3,agentmemorybench:fact-mh-262k:context-0/factconsolidation_mh_262k_no7,12,20,0.6,0.5,-2.437499899417162,0.995049504950495,"[""search""]",False,False,4,0.5,[],0,0.0,[],[],"[1,2]",0.5,"[1,2]","[1,2]",0.5,Run 3::agentmemorybench:fact-mh-262k:context-0/factconsolidation_mh_262k_no7,False,True,False
Run 3,agentmemorybench:fact-mh-262k:context-0/factconsolidation_mh_262k_no7,13,20,0.65,0.5,-3.4999999571591616,1.0,"[""workingMemory""]",False,False,4,0.5,[],0,0.0,[],[],"[1,2]",0.5,"[1,2]","[1,2]",0.5,Run 3::agentmemorybench:fact-mh-262k:context-0/factconsolidation_mh_262k_no7,False,True,False
Run 3,agentmemorybench:fact-mh-262k:context-0/factconsolidation_mh_262k_no7,14,20,0.7,0.5,-2.1249999217689037,0.6188118811881188,[],False,False,4,0.5,[],0,0.0,[],[],"[1,2]",0.5,"[1,2]","[1,2]",0.5,Run 3::agentmemorybench:fact-mh-262k:context-0/factconsolidation_mh_262k_no7,False,True,False
Run 3,agentmemorybench:fact-mh-262k:context-0/factconsolidation_mh_262k_no7,15,20,0.75,0.5,-2.2499999925494194,0.9257425742574257,"[""search""]",False,False,4,0.5,[],0,0.0,[],[],"[1,2]",0.5,"[1,2]","[1,2]",0.5,Run 3::agentmemorybench:fact-mh-262k:context-0/factconsolidation_mh_262k_no7,False,True,False
Run 3,agentmemorybench:fact-mh-262k:context-0/factconsolidation_mh_262k_no7,16,20,0.8,0.5,-2.0000001043081284,0.8168316831683169,"[""read""]",False,False,4,0.5,[],0,0.0,[],[],"[1,2]",0.5,"[1,2]","[1,2]",0.5,Run 3::agentmemorybench:fact-mh-262k:context-0/factconsolidation_mh_262k_no7,False,True,False
Run 3,agentmemorybench:fact-mh-262k:context-0/factconsolidation_mh_262k_no7,17,20,0.85,0.5,3.1250000298023224,1.0,"[""search""]",False,False,4,0.5,"[1,2]",2,0.5,"[1,2]","[1,2]","[1,2]",0.5,"[1,2]","[1,2]",0.5,Run 3::agentmemorybench:fact-mh-262k:context-0/factconsolidation_mh_262k_no7,True,True,False
Run 3,agentmemorybench:fact-mh-262k:context-0/factconsolidation_mh_262k_no7,18,20,0.9,0.5,-1.1249999701976776,0.4801980198019802,"[""search""]",False,False,4,0.5,[],0,0.0,[],[],"[1,2]",0.5,"[1,2]","[1,2]",0.5,Run 3::agentmemorybench:fact-mh-262k:context-0/factconsolidation_mh_262k_no7,False,False,False
Run 3,agentmemorybench:fact-mh-262k:context-0/factconsolidation_mh_262k_no7,19,20,0.95,0.5,-2.437499988824129,0.23267326732673266,"[""read""]",False,False,4,0.5,[],0,0.0,[],[],"[1,2]",0.5,"[1,2]","[1,2]",0.5,Run 3::agentmemorybench:fact-mh-262k:context-0/factconsolidation_mh_262k_no7,False,False,False
Run 3,agentmemorybench:fact-mh-262k:context-0/factconsolidation_mh_262k_no7,20,20,1.0,0.5,1.4375000149011612,0.9257425742574257,"[""finish""]",False,False,4,0.5,[],0,0.0,[],[],"[1,2]",0.5,"[1,2]","[1,2]",0.5,Run 3::agentmemorybench:fact-mh-262k:context-0/factconsolidation_mh_262k_no7,True,True,True
Run 3,agentmemorybench:fact-mh-262k:context-0/factconsolidation_mh_262k_no70,1,6,0.1666666666666666,0.0,-4.62499990593642,0.6237623762376238,"[""search""]",True,False,3,0.0,[],0,0.0,[],[],[],0.0,[],[],0.0,Run 3::agentmemorybench:fact-mh-262k:context-0/factconsolidation_mh_262k_no70,False,True,False
Run 3,agentmemorybench:fact-mh-262k:context-0/factconsolidation_mh_262k_no70,2,6,0.3333333333333333,0.0,1.0625,0.9851485148514851,"[""search""]",True,False,3,0.0,[1],1,0.3333333333333333,[],[1],[1],0.3333333333333333,[1],[1],0.3333333333333333,Run 3::agentmemorybench:fact-mh-262k:context-0/factconsolidation_mh_262k_no70,True,True,False
Run 3,agentmemorybench:fact-mh-262k:context-0/factconsolidation_mh_262k_no70,3,6,0.5,0.0,0.8749999701976776,0.9801980198019802,"[""read""]",True,False,3,0.0,"[1,2]",2,0.6666666666666666,[],"[1,2]","[1,2]",0.6666666666666666,"[1,2]","[1,2]",0.6666666666666666,Run 3::agentmemorybench:fact-mh-262k:context-0/factconsolidation_mh_262k_no70,True,True,False
Run 3,agentmemorybench:fact-mh-262k:context-0/factconsolidation_mh_262k_no70,4,6,0.6666666666666666,0.6666666666666666,2.6874999795109034,1.0,"[""search""]",True,False,3,0.6666666666666666,"[1,2]",2,0.6666666666666666,"[1,2]","[1,2]","[1,2]",0.6666666666666666,"[1,2]","[1,2]",0.6666666666666666,Run 3::agentmemorybench:fact-mh-262k:context-0/factconsolidation_mh_262k_no70,True,True,False
Run 3,agentmemorybench:fact-mh-262k:context-0/factconsolidation_mh_262k_no70,5,6,0.8333333333333334,0.6666666666666666,3.250000050291419,0.995049504950495,"[""read""]",True,False,3,0.6666666666666666,[3],1,0.3333333333333333,[],[3],"[1,2,3]",1.0,"[1,2,3]","[1,2,3]",1.0,Run 3::agentmemorybench:fact-mh-262k:context-0/factconsolidation_mh_262k_no70,True,True,False
Run 3,agentmemorybench:fact-mh-262k:context-0/factconsolidation_mh_262k_no70,6,6,1.0,1.0,7.5624999576830305,0.99009900990099,"[""finish""]",True,False,3,1.0,[3],1,0.3333333333333333,[3],[3],"[1,2,3]",1.0,"[1,2,3]","[1,2,3]",1.0,Run 3::agentmemorybench:fact-mh-262k:context-0/factconsolidation_mh_262k_no70,True,True,True
Run 3,agentmemorybench:fact-mh-262k:context-0/factconsolidation_mh_262k_no71,1,3,0.3333333333333333,0.0,-4.062499993480742,0.5247524752475248,"[""search""]",True,True,2,0.0,[],0,0.0,[],[],[],0.0,[],[],0.0,Run 3::agentmemorybench:fact-mh-262k:context-0/factconsolidation_mh_262k_no71,False,True,False
Run 3,agentmemorybench:fact-mh-262k:context-0/factconsolidation_mh_262k_no71,2,3,0.6666666666666666,0.0,1.625,1.0,"[""read""]",True,True,2,0.0,"[1,2]",2,1.0,[],"[1,2]","[1,2]",1.0,"[1,2]","[1,2]",1.0,Run 3::agentmemorybench:fact-mh-262k:context-0/factconsolidation_mh_262k_no71,True,True,False
Run 3,agentmemorybench:fact-mh-262k:context-0/factconsolidation_mh_262k_no71,3,3,1.0,1.0,8.437499785781256,1.0,"[""finish""]",True,True,2,1.0,"[1,2]",2,1.0,"[1,2]","[1,2]","[1,2]",1.0,"[1,2]","[1,2]",1.0,Run 3::agentmemorybench:fact-mh-262k:context-0/factconsolidation_mh_262k_no71,True,True,True
Run 3,agentmemorybench:fact-mh-262k:context-0/factconsolidation_mh_262k_no72,1,6,0.1666666666666666,0.0,-4.875000134110451,0.7821782178217822,"[""search""]",False,True,4,0.0,[],0,0.0,[],[],[],0.0,[],[],0.0,Run 3::agentmemorybench:fact-mh-262k:context-0/factconsolidation_mh_262k_no72,False,True,False
Run 3,agentmemorybench:fact-mh-262k:context-0/factconsolidation_mh_262k_no72,2,6,0.3333333333333333,0.0,-0.4374999850988388,0.9851485148514851,"[""search""]",False,True,4,0.0,"[1,2]",2,0.5,[],"[1,2]","[1,2]",0.5,"[1,2]","[1,2]",0.5,Run 3::agentmemorybench:fact-mh-262k:context-0/factconsolidation_mh_262k_no72,False,True,False
Run 3,agentmemorybench:fact-mh-262k:context-0/factconsolidation_mh_262k_no72,3,6,0.5,0.0,-0.3125,0.99009900990099,"[""read""]",False,True,4,0.0,[],0,0.0,[],[],[],0.0,"[1,2]","[1,2]",0.5,Run 3::agentmemorybench:fact-mh-262k:context-0/factconsolidation_mh_262k_no72,False,True,False
Run 3,agentmemorybench:fact-mh-262k:context-0/factconsolidation_mh_262k_no72,4,6,0.6666666666666666,0.25,2.187500074505806,0.995049504950495,"[""search""]",False,True,4,0.25,[1],1,0.25,[1],[1],[1],0.25,"[1,2]","[1,2]",0.5,Run 3::agentmemorybench:fact-mh-262k:context-0/factconsolidation_mh_262k_no72,True,True,False
Run 3,agentmemorybench:fact-mh-262k:context-0/factconsolidation_mh_262k_no72,5,6,0.8333333333333334,0.25,3.124999949708581,1.0,"[""read""]",False,True,4,0.25,[],0,0.0,[],[],[1],0.25,"[1,2]","[1,2]",0.5,Run 3::agentmemorybench:fact-mh-262k:context-0/factconsolidation_mh_262k_no72,True,True,False
Run 3,agentmemorybench:fact-mh-262k:context-0/factconsolidation_mh_262k_no72,6,6,1.0,0.25,5.999999854713678,1.0,"[""finish""]",False,True,4,0.25,[],0,0.0,[],[],[1],0.25,"[1,2]","[1,2]",0.5,Run 3::agentmemorybench:fact-mh-262k:context-0/factconsolidation_mh_262k_no72,True,True,True
Run 3,agentmemorybench:fact-mh-262k:context-0/factconsolidation_mh_262k_no73,1,6,0.1666666666666666,0.0,-3.8750000381842256,0.9257425742574257,"[""search""]",True,False,2,0.0,[],0,0.0,[],[],[],0.0,[],[],0.0,Run 3::agentmemorybench:fact-mh-262k:context-0/factconsolidation_mh_262k_no73,False,True,False
Run 3,agentmemorybench:fact-mh-262k:context-0/factconsolidation_mh_262k_no73,2,6,0.3333333333333333,0.0,2.437499977648258,0.995049504950495,"[""search""]",True,False,2,0.0,[1],1,0.5,[],[1],[1],0.5,[1],[1],0.5,Run 3::agentmemorybench:fact-mh-262k:context-0/factconsolidation_mh_262k_no73,True,True,False
Run 3,agentmemorybench:fact-mh-262k:context-0/factconsolidation_mh_262k_no73,3,6,0.5,0.0,1.4375000223517418,0.99009900990099,"[""read""]",True,False,2,0.0,[2],1,0.5,[],[2],[2],0.5,"[1,2]","[1,2]",1.0,Run 3::agentmemorybench:fact-mh-262k:context-0/factconsolidation_mh_262k_no73,True,True,False
Run 3,agentmemorybench:fact-mh-262k:context-0/factconsolidation_mh_262k_no73,4,6,0.6666666666666666,0.5,4.56250014482066,0.9603960396039604,"[""search""]",True,False,2,0.5,[2],1,0.5,[2],[2],[2],0.5,"[1,2]","[1,2]",1.0,Run 3::agentmemorybench:fact-mh-262k:context-0/factconsolidation_mh_262k_no73,True,True,False
Run 3,agentmemorybench:fact-mh-262k:context-0/factconsolidation_mh_262k_no73,5,6,0.8333333333333334,0.5,3.374999995343387,1.0,"[""read""]",True,False,2,0.5,[1],1,0.5,[],[1],"[1,2]",1.0,"[1,2]","[1,2]",1.0,Run 3::agentmemorybench:fact-mh-262k:context-0/factconsolidation_mh_262k_no73,True,True,False
Run 3,agentmemorybench:fact-mh-262k:context-0/factconsolidation_mh_262k_no73,6,6,1.0,1.0,6.312499989639036,1.0,"[""finish""]",True,False,2,1.0,[1],1,0.5,[1],[1],"[1,2]",1.0,"[1,2]","[1,2]",1.0,Run 3::agentmemorybench:fact-mh-262k:context-0/factconsolidation_mh_262k_no73,True,True,True
Run 3,agentmemorybench:fact-mh-262k:context-0/factconsolidation_mh_262k_no74,1,4,0.25,0.0,-3.749999947845936,0.7772277227722773,"[""search""]",False,False,2,0.0,[],0,0.0,[],[],[],0.0,[],[],0.0,Run 3::agentmemorybench:fact-mh-262k:context-0/factconsolidation_mh_262k_no74,False,True,False
Run 3,agentmemorybench:fact-mh-262k:context-0/factconsolidation_mh_262k_no74,2,4,0.5,0.0,1.5625000074505806,1.0,"[""search""]",False,False,2,0.0,[1],1,0.5,[],[1],[1],0.5,[1],[1],0.5,Run 3::agentmemorybench:fact-mh-262k:context-0/factconsolidation_mh_262k_no74,True,True,False
Run 3,agentmemorybench:fact-mh-262k:context-0/factconsolidation_mh_262k_no74,3,4,0.75,0.0,1.3749999925494194,0.7970297029702971,"[""read""]",False,False,2,0.0,[],0,0.0,[],[],[],0.0,[1],[1],0.5,Run 3::agentmemorybench:fact-mh-262k:context-0/factconsolidation_mh_262k_no74,True,True,False
Run 3,agentmemorybench:fact-mh-262k:context-0/factconsolidation_mh_262k_no74,4,4,1.0,0.5,8.062500110507244,1.0,"[""finish""]",False,False,2,0.5,[1],1,0.5,[1],[1],[1],0.5,[1],[1],0.5,Run 3::agentmemorybench:fact-mh-262k:context-0/factconsolidation_mh_262k_no74,True,True,True
Run 3,agentmemorybench:fact-mh-262k:context-0/factconsolidation_mh_262k_no75,1,10,0.1,0.0,-4.249999929219484,0.801980198019802,"[""search""]",False,True,4,0.0,[],0,0.0,[],[],[],0.0,[],[],0.0,Run 3::agentmemorybench:fact-mh-262k:context-0/factconsolidation_mh_262k_no75,False,True,False
Run 3,agentmemorybench:fact-mh-262k:context-0/factconsolidation_mh_262k_no75,2,10,0.2,0.0,-6.9374998907442205,0.09405940594059405,"[""search""]",False,True,4,0.0,[],0,0.0,[],[],[],0.0,[],[],0.0,Run 3::agentmemorybench:fact-mh-262k:context-0/factconsolidation_mh_262k_no75,False,False,False
Run 3,agentmemorybench:fact-mh-262k:context-0/factconsolidation_mh_262k_no75,3,10,0.3,0.0,-1.6874999776482582,0.995049504950495,"[""read""]",False,True,4,0.0,[1],1,0.25,[],[1],[1],0.25,[1],[1],0.25,Run 3::agentmemorybench:fact-mh-262k:context-0/factconsolidation_mh_262k_no75,False,True,False
Run 3,agentmemorybench:fact-mh-262k:context-0/factconsolidation_mh_262k_no75,4,10,0.4,0.5,-0.5624999850988388,0.9851485148514851,"[""search""]",False,True,4,0.5,"[1,2]",2,0.5,"[1,2]","[1,2]","[1,2]",0.5,"[1,2]","[1,2]",0.5,Run 3::agentmemorybench:fact-mh-262k:context-0/factconsolidation_mh_262k_no75,False,True,False
Run 3,agentmemorybench:fact-mh-262k:context-0/factconsolidation_mh_262k_no75,5,10,0.5,0.5,1.375,0.995049504950495,"[""read""]",False,True,4,0.5,[],0,0.0,[],[],"[1,2]",0.5,"[1,2]","[1,2]",0.5,Run 3::agentmemorybench:fact-mh-262k:context-0/factconsolidation_mh_262k_no75,True,True,False
Run 3,agentmemorybench:fact-mh-262k:context-0/factconsolidation_mh_262k_no75,6,10,0.6,0.5,-0.375,0.6831683168316831,"[""search""]",False,True,4,0.5,[],0,0.0,[],[],"[1,2]",0.5,"[1,2]","[1,2]",0.5,Run 3::agentmemorybench:fact-mh-262k:context-0/factconsolidation_mh_262k_no75,False,True,False
Run 3,agentmemorybench:fact-mh-262k:context-0/factconsolidation_mh_262k_no75,7,10,0.7,0.5,2.8125000707805157,1.0,"[""search""]",False,True,4,0.5,[],0,0.0,[],[],"[1,2]",0.5,"[1,2]","[1,2]",0.5,Run 3::agentmemorybench:fact-mh-262k:context-0/factconsolidation_mh_262k_no75,True,True,False
Run 3,agentmemorybench:fact-mh-262k:context-0/factconsolidation_mh_262k_no75,8,10,0.8,0.5,2.125000022351742,1.0,"[""search""]",False,True,4,0.5,[],0,0.0,[],[],"[1,2]",0.5,"[1,2]","[1,2]",0.5,Run 3::agentmemorybench:fact-mh-262k:context-0/factconsolidation_mh_262k_no75,True,True,False
Run 3,agentmemorybench:fact-mh-262k:context-0/factconsolidation_mh_262k_no75,9,10,0.9,0.5,3.187500037252903,1.0,"[""read""]",False,True,4,0.5,[],0,0.0,[],[],"[1,2]",0.5,"[1,2]","[1,2]",0.5,Run 3::agentmemorybench:fact-mh-262k:context-0/factconsolidation_mh_262k_no75,True,True,False
Run 3,agentmemorybench:fact-mh-262k:context-0/factconsolidation_mh_262k_no75,10,10,1.0,0.5,6.749999976658728,0.995049504950495,"[""finish""]",False,True,4,0.5,[],0,0.0,[],[],"[1,2]",0.5,"[1,2]","[1,2]",0.5,Run 3::agentmemorybench:fact-mh-262k:context-0/factconsolidation_mh_262k_no75,True,True,True
Run 3,agentmemorybench:fact-mh-262k:context-0/factconsolidation_mh_262k_no76,1,4,0.25,0.0,-4.624999828636646,0.7376237623762376,"[""search""]",False,True,2,0.0,[],0,0.0,[],[],[],0.0,[],[],0.0,Run 3::agentmemorybench:fact-mh-262k:context-0/factconsolidation_mh_262k_no76,False,True,False
Run 3,agentmemorybench:fact-mh-262k:context-0/factconsolidation_mh_262k_no76,2,4,0.5,0.0,1.437499962747097,1.0,"[""search""]",False,True,2,0.0,[1],1,0.5,[],[1],[1],0.5,[1],[1],0.5,Run 3::agentmemorybench:fact-mh-262k:context-0/factconsolidation_mh_262k_no76,True,True,False
Run 3,agentmemorybench:fact-mh-262k:context-0/factconsolidation_mh_262k_no76,3,4,0.75,0.0,2.2499999552965164,1.0,"[""read""]",False,True,2,0.0,"[1,2]",2,1.0,[],"[1,2]","[1,2]",1.0,"[1,2]","[1,2]",1.0,Run 3::agentmemorybench:fact-mh-262k:context-0/factconsolidation_mh_262k_no76,True,True,False
Run 3,agentmemorybench:fact-mh-262k:context-0/factconsolidation_mh_262k_no76,4,4,1.0,1.0,7.562500017374987,1.0,"[""finish""]",False,True,2,1.0,"[1,2]",2,1.0,"[1,2]","[1,2]","[1,2]",1.0,"[1,2]","[1,2]",1.0,Run 3::agentmemorybench:fact-mh-262k:context-0/factconsolidation_mh_262k_no76,True,True,True
Run 3,agentmemorybench:fact-mh-262k:context-0/factconsolidation_mh_262k_no77,1,10,0.1,0.0,-5.562499939231202,0.7722772277227723,"[""search""]",False,True,4,0.0,[],0,0.0,[],[],[],0.0,[],[],0.0,Run 3::agentmemorybench:fact-mh-262k:context-0/factconsolidation_mh_262k_no77,False,True,False
Run 3,agentmemorybench:fact-mh-262k:context-0/factconsolidation_mh_262k_no77,2,10,0.2,0.0,-0.25,0.9702970297029704,"[""read""]",False,True,4,0.0,[1],1,0.25,[],[1],[1],0.25,[1],[1],0.25,Run 3::agentmemorybench:fact-mh-262k:context-0/factconsolidation_mh_262k_no77,False,True,False
Run 3,agentmemorybench:fact-mh-262k:context-0/factconsolidation_mh_262k_no77,3,10,0.3,0.25,1.3750000074505806,1.0,"[""search""]",False,True,4,0.25,[1],1,0.25,[1],[1],[1],0.25,[1],[1],0.25,Run 3::agentmemorybench:fact-mh-262k:context-0/factconsolidation_mh_262k_no77,True,True,False
Run 3,agentmemorybench:fact-mh-262k:context-0/factconsolidation_mh_262k_no77,4,10,0.4,0.25,1.1875,0.9504950495049505,"[""search""]",False,True,4,0.25,"[2,3]",2,0.5,[],"[2,3]","[1,2,3]",0.75,"[1,2,3]","[1,2,3]",0.75,Run 3::agentmemorybench:fact-mh-262k:context-0/factconsolidation_mh_262k_no77,True,True,False
Run 3,agentmemorybench:fact-mh-262k:context-0/factconsolidation_mh_262k_no77,5,10,0.5,0.25,1.1249999701976776,1.0,"[""read""]",False,True,4,0.25,[],0,0.0,[],[],[1],0.25,"[1,2,3]","[1,2,3]",0.75,Run 3::agentmemorybench:fact-mh-262k:context-0/factconsolidation_mh_262k_no77,True,True,False
Run 3,agentmemorybench:fact-mh-262k:context-0/factconsolidation_mh_262k_no77,6,10,0.6,0.25,0.9374999850988388,1.0,"[""search""]",False,True,4,0.25,[],0,0.0,[],[],[1],0.25,"[1,2,3]","[1,2,3]",0.75,Run 3::agentmemorybench:fact-mh-262k:context-0/factconsolidation_mh_262k_no77,True,True,False
Run 3,agentmemorybench:fact-mh-262k:context-0/factconsolidation_mh_262k_no77,7,10,0.7,0.25,1.7499999552965164,0.995049504950495,"[""lexical""]",False,True,4,0.25,[],0,0.0,[],[],[1],0.25,"[1,2,3]","[1,2,3]",0.75,Run 3::agentmemorybench:fact-mh-262k:context-0/factconsolidation_mh_262k_no77,True,True,False
Run 3,agentmemorybench:fact-mh-262k:context-0/factconsolidation_mh_262k_no77,8,10,0.8,0.25,0.4999999850988388,0.2772277227722772,"[""search""]",False,True,4,0.25,[],0,0.0,[],[],[1],0.25,"[1,2,3]","[1,2,3]",0.75,Run 3::agentmemorybench:fact-mh-262k:context-0/factconsolidation_mh_262k_no77,True,False,False
Run 3,agentmemorybench:fact-mh-262k:context-0/factconsolidation_mh_262k_no77,9,10,0.9,0.25,1.8749999776482582,1.0,"[""read""]",False,True,4,0.25,[],0,0.0,[],[],[1],0.25,"[1,2,3]","[1,2,3]",0.75,Run 3::agentmemorybench:fact-mh-262k:context-0/factconsolidation_mh_262k_no77,True,True,False
Run 3,agentmemorybench:fact-mh-262k:context-0/factconsolidation_mh_262k_no77,10,10,1.0,0.25,6.312499989231583,1.0,"[""finish""]",False,True,4,0.25,[],0,0.0,[],[],[1],0.25,"[1,2,3]","[1,2,3]",0.75,Run 3::agentmemorybench:fact-mh-262k:context-0/factconsolidation_mh_262k_no77,True,True,True
Run 3,agentmemorybench:fact-mh-262k:context-0/factconsolidation_mh_262k_no78,1,4,0.25,0.0,-3.7500000754371285,0.9356435643564356,"[""search""]",False,False,2,0.0,[],0,0.0,[],[],[],0.0,[],[],0.0,Run 3::agentmemorybench:fact-mh-262k:context-0/factconsolidation_mh_262k_no78,False,True,False
Run 3,agentmemorybench:fact-mh-262k:context-0/factconsolidation_mh_262k_no78,2,4,0.5,0.0,3.0000000074505806,1.0,"[""search""]",False,False,2,0.0,[1],1,0.5,[],[1],[1],0.5,[1],[1],0.5,Run 3::agentmemorybench:fact-mh-262k:context-0/factconsolidation_mh_262k_no78,True,True,False
Run 3,agentmemorybench:fact-mh-262k:context-0/factconsolidation_mh_262k_no78,3,4,0.75,0.0,1.3749999776482582,0.9504950495049507,"[""read""]",False,False,2,0.0,[],0,0.0,[],[],[],0.0,[1],[1],0.5,Run 3::agentmemorybench:fact-mh-262k:context-0/factconsolidation_mh_262k_no78,True,True,False
Run 3,agentmemorybench:fact-mh-262k:context-0/factconsolidation_mh_262k_no78,4,4,1.0,0.5,7.500000039901352,1.0,"[""finish""]",False,False,2,0.5,[1],1,0.5,[1],[1],[1],0.5,[1],[1],0.5,Run 3::agentmemorybench:fact-mh-262k:context-0/factconsolidation_mh_262k_no78,True,True,True
Run 3,agentmemorybench:fact-mh-262k:context-0/factconsolidation_mh_262k_no79,1,5,0.2,0.0,-3.6875000093132257,0.8564356435643565,"[""search""]",True,True,2,0.0,[],0,0.0,[],[],[],0.0,[],[],0.0,Run 3::agentmemorybench:fact-mh-262k:context-0/factconsolidation_mh_262k_no79,False,True,False
Run 3,agentmemorybench:fact-mh-262k:context-0/factconsolidation_mh_262k_no79,2,5,0.4,0.0,1.6874999701976776,1.0,"[""search""]",True,True,2,0.0,[1],1,0.5,[],[1],[1],0.5,[1],[1],0.5,Run 3::agentmemorybench:fact-mh-262k:context-0/factconsolidation_mh_262k_no79,True,True,False
Run 3,agentmemorybench:fact-mh-262k:context-0/factconsolidation_mh_262k_no79,3,5,0.6,0.0,3.4374999217689037,1.0,"[""read""]",True,True,2,0.0,[1],1,0.5,[],[1],[1],0.5,[1],[1],0.5,Run 3::agentmemorybench:fact-mh-262k:context-0/factconsolidation_mh_262k_no79,True,True,False
Run 3,agentmemorybench:fact-mh-262k:context-0/factconsolidation_mh_262k_no79,4,5,0.8,1.0,6.499999917927198,1.0,"[""search""]",True,True,2,1.0,"[1,2]",2,1.0,"[1,2]","[1,2]","[1,2]",1.0,"[1,2]","[1,2]",1.0,Run 3::agentmemorybench:fact-mh-262k:context-0/factconsolidation_mh_262k_no79,True,True,False
Run 3,agentmemorybench:fact-mh-262k:context-0/factconsolidation_mh_262k_no79,5,5,1.0,1.0,3.3750000074505806,1.0,"[""finish""]",True,True,2,1.0,[],0,0.0,[],[],"[1,2]",1.0,"[1,2]","[1,2]",1.0,Run 3::agentmemorybench:fact-mh-262k:context-0/factconsolidation_mh_262k_no79,True,True,True
Run 3,agentmemorybench:fact-mh-262k:context-0/factconsolidation_mh_262k_no8,1,14,0.0714285714285714,0.0,-5.249999885447323,0.5198019801980198,"[""search""]",False,True,2,0.0,[],0,0.0,[],[],[],0.0,[],[],0.0,Run 3::agentmemorybench:fact-mh-262k:context-0/factconsolidation_mh_262k_no8,False,True,False
Run 3,agentmemorybench:fact-mh-262k:context-0/factconsolidation_mh_262k_no8,2,14,0.1428571428571428,0.0,0.4375,1.0,"[""read""]",False,True,2,0.0,[1],1,0.5,[],[1],[1],0.5,[1],[1],0.5,Run 3::agentmemorybench:fact-mh-262k:context-0/factconsolidation_mh_262k_no8,True,True,False
Run 3,agentmemorybench:fact-mh-262k:context-0/factconsolidation_mh_262k_no8,3,14,0.2142857142857142,0.5,0.5,0.7178217821782178,"[""search""]",False,True,2,0.5,[1],1,0.5,[1],[1],[1],0.5,[1],[1],0.5,Run 3::agentmemorybench:fact-mh-262k:context-0/factconsolidation_mh_262k_no8,True,True,False
Run 3,agentmemorybench:fact-mh-262k:context-0/factconsolidation_mh_262k_no8,4,14,0.2857142857142857,0.5,0.6249999552965164,0.01485148514851485,"[""read""]",False,True,2,0.5,[],0,0.0,[],[],[1],0.5,[1],[1],0.5,Run 3::agentmemorybench:fact-mh-262k:context-0/factconsolidation_mh_262k_no8,True,False,False
Run 3,agentmemorybench:fact-mh-262k:context-0/factconsolidation_mh_262k_no8,5,14,0.3571428571428571,0.5,-2.624999988824129,0.9653465346534653,"[""search""]",False,True,2,0.5,[],0,0.0,[],[],[1],0.5,[1],[1],0.5,Run 3::agentmemorybench:fact-mh-262k:context-0/factconsolidation_mh_262k_no8,False,True,False
Run 3,agentmemorybench:fact-mh-262k:context-0/factconsolidation_mh_262k_no8,6,14,0.4285714285714285,0.5,-3.124999998137355,0.6287128712871287,"[""search""]",False,True,2,0.5,[],0,0.0,[],[],[1],0.5,[1],[1],0.5,Run 3::agentmemorybench:fact-mh-262k:context-0/factconsolidation_mh_262k_no8,False,True,False
Run 3,agentmemorybench:fact-mh-262k:context-0/factconsolidation_mh_262k_no8,7,14,0.5,0.5,-3.124999998137355,0.8960396039603961,"[""search""]",False,True,2,0.5,[],0,0.0,[],[],[1],0.5,[1],[1],0.5,Run 3::agentmemorybench:fact-mh-262k:context-0/factconsolidation_mh_262k_no8,False,True,False
Run 3,agentmemorybench:fact-mh-262k:context-0/factconsolidation_mh_262k_no8,8,14,0.5714285714285714,0.5,-2.3750000409781933,0.8811881188118812,"[""search""]",False,True,2,0.5,[],0,0.0,[],[],[1],0.5,[1],[1],0.5,Run 3::agentmemorybench:fact-mh-262k:context-0/factconsolidation_mh_262k_no8,False,True,False
Run 3,agentmemorybench:fact-mh-262k:context-0/factconsolidation_mh_262k_no8,9,14,0.6428571428571429,0.5,-3.999999813735485,0.17326732673267325,"[""search""]",False,True,2,0.5,[],0,0.0,[],[],[1],0.5,[1],[1],0.5,Run 3::agentmemorybench:fact-mh-262k:context-0/factconsolidation_mh_262k_no8,False,False,False
Run 3,agentmemorybench:fact-mh-262k:context-0/factconsolidation_mh_262k_no8,10,14,0.7142857142857143,0.5,-2.437500011175871,0.9554455445544554,"[""read""]",False,True,2,0.5,[],0,0.0,[],[],[1],0.5,[1],[1],0.5,Run 3::agentmemorybench:fact-mh-262k:context-0/factconsolidation_mh_262k_no8,False,True,False
Run 3,agentmemorybench:fact-mh-262k:context-0/factconsolidation_mh_262k_no8,11,14,0.7857142857142857,0.5,-2.6875000074505806,0.9851485148514851,"[""search""]",False,True,2,0.5,[1],1,0.5,[1],[1],[1],0.5,[1],[1],0.5,Run 3::agentmemorybench:fact-mh-262k:context-0/factconsolidation_mh_262k_no8,False,True,False
Run 3,agentmemorybench:fact-mh-262k:context-0/factconsolidation_mh_262k_no8,12,14,0.8571428571428571,0.5,-3.5625000335276127,0.5495049504950494,"[""search""]",False,True,2,0.5,[],0,0.0,[],[],[1],0.5,[1],[1],0.5,Run 3::agentmemorybench:fact-mh-262k:context-0/factconsolidation_mh_262k_no8,False,True,False
Run 3,agentmemorybench:fact-mh-262k:context-0/factconsolidation_mh_262k_no8,13,14,0.9285714285714286,0.5,-1.625,0.292079207920792,"[""read""]",False,True,2,0.5,[],0,0.0,[],[],[1],0.5,[1],[1],0.5,Run 3::agentmemorybench:fact-mh-262k:context-0/factconsolidation_mh_262k_no8,False,False,False
Run 3,agentmemorybench:fact-mh-262k:context-0/factconsolidation_mh_262k_no8,14,14,1.0,0.5,0.8124999850988388,0.29207920792079206,"[""finish""]",False,True,2,0.5,[1],1,0.5,[1],[1],[1],0.5,[1],[1],0.5,Run 3::agentmemorybench:fact-mh-262k:context-0/factconsolidation_mh_262k_no8,True,False,True
Run 3,agentmemorybench:fact-mh-262k:context-0/factconsolidation_mh_262k_no80,1,11,0.0909090909090909,0.0,-4.062500153668225,0.9405940594059407,"[""search""]",False,False,2,0.0,[],0,0.0,[],[],[],0.0,[],[],0.0,Run 3::agentmemorybench:fact-mh-262k:context-0/factconsolidation_mh_262k_no80,False,True,False
Run 3,agentmemorybench:fact-mh-262k:context-0/factconsolidation_mh_262k_no80,2,11,0.1818181818181818,0.0,1.4374999701976776,0.9851485148514851,"[""read""]",False,False,2,0.0,[1],1,0.5,[],[1],[1],0.5,[1],[1],0.5,Run 3::agentmemorybench:fact-mh-262k:context-0/factconsolidation_mh_262k_no80,True,True,False
Run 3,agentmemorybench:fact-mh-262k:context-0/factconsolidation_mh_262k_no80,3,11,0.2727272727272727,0.5,7.062499920109985,1.0,"[""search""]",False,False,2,0.5,[1],1,0.5,[1],[1],[1],0.5,[1],[1],0.5,Run 3::agentmemorybench:fact-mh-262k:context-0/factconsolidation_mh_262k_no80,True,True,False
Run 3,agentmemorybench:fact-mh-262k:context-0/factconsolidation_mh_262k_no80,4,11,0.3636363636363636,0.5,1.9999999403953552,0.9207920792079207,"[""read""]",False,False,2,0.5,[],0,0.0,[],[],[1],0.5,[1],[1],0.5,Run 3::agentmemorybench:fact-mh-262k:context-0/factconsolidation_mh_262k_no80,True,True,False
Run 3,agentmemorybench:fact-mh-262k:context-0/factconsolidation_mh_262k_no80,5,11,0.4545454545454545,0.5,1.1874999701976776,1.0,"[""read""]",False,False,2,0.5,[],0,0.0,[],[],[1],0.5,[1],[1],0.5,Run 3::agentmemorybench:fact-mh-262k:context-0/factconsolidation_mh_262k_no80,True,True,False
Run 3,agentmemorybench:fact-mh-262k:context-0/factconsolidation_mh_262k_no80,6,11,0.5454545454545454,0.5,1.6875000074505806,0.8762376237623762,"[""search""]",False,False,2,0.5,[],0,0.0,[],[],[1],0.5,[1],[1],0.5,Run 3::agentmemorybench:fact-mh-262k:context-0/factconsolidation_mh_262k_no80,True,True,False
Run 3,agentmemorybench:fact-mh-262k:context-0/factconsolidation_mh_262k_no80,7,11,0.6363636363636364,0.5,1.3749999925494194,0.891089108910891,"[""search""]",False,False,2,0.5,[],0,0.0,[],[],[1],0.5,[1],[1],0.5,Run 3::agentmemorybench:fact-mh-262k:context-0/factconsolidation_mh_262k_no80,True,True,False
Run 3,agentmemorybench:fact-mh-262k:context-0/factconsolidation_mh_262k_no80,8,11,0.7272727272727273,0.5,0.4375000149011612,0.9504950495049507,"[""read""]",False,False,2,0.5,[],0,0.0,[],[],[1],0.5,[1],[1],0.5,Run 3::agentmemorybench:fact-mh-262k:context-0/factconsolidation_mh_262k_no80,True,True,False
Run 3,agentmemorybench:fact-mh-262k:context-0/factconsolidation_mh_262k_no80,9,11,0.8181818181818182,0.5,0.3125,0.9455445544554456,"[""search""]",False,False,2,0.5,[],0,0.0,[],[],[1],0.5,[1],[1],0.5,Run 3::agentmemorybench:fact-mh-262k:context-0/factconsolidation_mh_262k_no80,True,True,False
Run 3,agentmemorybench:fact-mh-262k:context-0/factconsolidation_mh_262k_no80,10,11,0.9090909090909092,0.5,-0.125,0.8712871287128712,"[""search""]",False,False,2,0.5,[],0,0.0,[],[],[1],0.5,[1],[1],0.5,Run 3::agentmemorybench:fact-mh-262k:context-0/factconsolidation_mh_262k_no80,False,True,False
Run 3,agentmemorybench:fact-mh-262k:context-0/factconsolidation_mh_262k_no80,11,11,1.0,0.5,1.5000000074505806,0.9356435643564356,"[""finish""]",False,False,2,0.5,[],0,0.0,[],[],[1],0.5,[1],[1],0.5,Run 3::agentmemorybench:fact-mh-262k:context-0/factconsolidation_mh_262k_no80,True,True,True
Run 3,agentmemorybench:fact-mh-262k:context-0/factconsolidation_mh_262k_no81,1,5,0.2,0.0,-4.499999889638275,0.8366336633663366,"[""search""]",False,False,2,0.0,[],0,0.0,[],[],[],0.0,[],[],0.0,Run 3::agentmemorybench:fact-mh-262k:context-0/factconsolidation_mh_262k_no81,False,True,False
Run 3,agentmemorybench:fact-mh-262k:context-0/factconsolidation_mh_262k_no81,2,5,0.4,0.0,3.8124999878928065,1.0,"[""read""]",False,False,2,0.0,[1],1,0.5,[],[1],[1],0.5,[1],[1],0.5,Run 3::agentmemorybench:fact-mh-262k:context-0/factconsolidation_mh_262k_no81,True,True,False
Run 3,agentmemorybench:fact-mh-262k:context-0/factconsolidation_mh_262k_no81,3,5,0.6,0.5,6.624999898194801,1.0,"[""search""]",False,False,2,0.5,[1],1,0.5,[1],[1],[1],0.5,[1],[1],0.5,Run 3::agentmemorybench:fact-mh-262k:context-0/factconsolidation_mh_262k_no81,True,True,False
Run 3,agentmemorybench:fact-mh-262k:context-0/factconsolidation_mh_262k_no81,4,5,0.8,0.5,3.312500039115548,0.99009900990099,"[""read""]",False,False,2,0.5,[],0,0.0,[],[],[1],0.5,[1],[1],0.5,Run 3::agentmemorybench:fact-mh-262k:context-0/factconsolidation_mh_262k_no81,True,True,False
Run 3,agentmemorybench:fact-mh-262k:context-0/factconsolidation_mh_262k_no81,5,5,1.0,0.5,5.8125000995351,1.0,"[""finish""]",False,False,2,0.5,[],0,0.0,[],[],[1],0.5,[1],[1],0.5,Run 3::agentmemorybench:fact-mh-262k:context-0/factconsolidation_mh_262k_no81,True,True,True
Run 3,agentmemorybench:fact-mh-262k:context-0/factconsolidation_mh_262k_no82,1,6,0.1666666666666666,0.0,-4.312499860767275,0.8712871287128713,"[""search""]",False,True,3,0.0,[],0,0.0,[],[],[],0.0,[],[],0.0,Run 3::agentmemorybench:fact-mh-262k:context-0/factconsolidation_mh_262k_no82,False,True,False
Run 3,agentmemorybench:fact-mh-262k:context-0/factconsolidation_mh_262k_no82,2,6,0.3333333333333333,0.0,2.3750000558793545,0.995049504950495,"[""read""]",False,True,3,0.0,[1],1,0.3333333333333333,[],[1],[1],0.3333333333333333,[1],[1],0.3333333333333333,Run 3::agentmemorybench:fact-mh-262k:context-0/factconsolidation_mh_262k_no82,True,True,False
Run 3,agentmemorybench:fact-mh-262k:context-0/factconsolidation_mh_262k_no82,3,6,0.5,0.3333333333333333,3.124999962747097,1.0,"[""search""]",False,True,3,0.3333333333333333,[1],1,0.3333333333333333,[1],[1],[1],0.3333333333333333,[1],[1],0.3333333333333333,Run 3::agentmemorybench:fact-mh-262k:context-0/factconsolidation_mh_262k_no82,True,True,False
Run 3,agentmemorybench:fact-mh-262k:context-0/factconsolidation_mh_262k_no82,4,6,0.6666666666666666,0.3333333333333333,1.7499999850988388,0.99009900990099,"[""read"",""search""]",False,True,3,0.3333333333333333,[2],1,0.3333333333333333,[],[2],"[1,2]",0.6666666666666666,"[1,2]","[1,2]",0.6666666666666666,Run 3::agentmemorybench:fact-mh-262k:context-0/factconsolidation_mh_262k_no82,True,True,False
Run 3,agentmemorybench:fact-mh-262k:context-0/factconsolidation_mh_262k_no82,5,6,0.8333333333333334,0.6666666666666666,1.8750000819563866,1.0,"[""read""]",False,True,3,0.6666666666666666,"[2,3]",2,0.6666666666666666,[2],"[2,3]","[1,2,3]",1.0,"[1,2,3]","[1,2,3]",1.0,Run 3::agentmemorybench:fact-mh-262k:context-0/factconsolidation_mh_262k_no82,True,True,False
Run 3,agentmemorybench:fact-mh-262k:context-0/factconsolidation_mh_262k_no82,6,6,1.0,1.0,7.062499916908564,1.0,"[""finish""]",False,True,3,1.0,"[2,3]",2,0.6666666666666666,"[2,3]","[2,3]","[1,2,3]",1.0,"[1,2,3]","[1,2,3]",1.0,Run 3::agentmemorybench:fact-mh-262k:context-0/factconsolidation_mh_262k_no82,True,True,True
Run 3,agentmemorybench:fact-mh-262k:context-0/factconsolidation_mh_262k_no83,1,3,0.3333333333333333,0.0,-4.250000094994903,0.9603960396039604,"[""search""]",False,False,2,0.0,[],0,0.0,[],[],[],0.0,[],[],0.0,Run 3::agentmemorybench:fact-mh-262k:context-0/factconsolidation_mh_262k_no83,False,True,False
Run 3,agentmemorybench:fact-mh-262k:context-0/factconsolidation_mh_262k_no83,2,3,0.6666666666666666,0.0,1.3749999701976776,1.0,"[""read""]",False,False,2,0.0,[1],1,0.5,[],[1],[1],0.5,[1],[1],0.5,Run 3::agentmemorybench:fact-mh-262k:context-0/factconsolidation_mh_262k_no83,True,True,False
Run 3,agentmemorybench:fact-mh-262k:context-0/factconsolidation_mh_262k_no83,3,3,1.0,0.5,8.124999806197593,1.0,"[""finish""]",False,False,2,0.5,[1],1,0.5,[1],[1],[1],0.5,[1],[1],0.5,Run 3::agentmemorybench:fact-mh-262k:context-0/factconsolidation_mh_262k_no83,True,True,True
Run 3,agentmemorybench:fact-mh-262k:context-0/factconsolidation_mh_262k_no84,1,8,0.125,0.0,-5.249999911291525,0.8861386138613861,"[""search""]",False,True,4,0.0,[],0,0.0,[],[],[],0.0,[],[],0.0,Run 3::agentmemorybench:fact-mh-262k:context-0/factconsolidation_mh_262k_no84,False,True,False
Run 3,agentmemorybench:fact-mh-262k:context-0/factconsolidation_mh_262k_no84,2,8,0.25,0.0,-0.0625,0.995049504950495,"[""read""]",False,True,4,0.0,[1],1,0.25,[],[1],[1],0.25,[1],[1],0.25,Run 3::agentmemorybench:fact-mh-262k:context-0/factconsolidation_mh_262k_no84,False,True,False
Run 3,agentmemorybench:fact-mh-262k:context-0/factconsolidation_mh_262k_no84,3,8,0.375,0.25,0.8124999850988388,1.0,"[""search""]",False,True,4,0.25,[1],1,0.25,[1],[1],[1],0.25,[1],[1],0.25,Run 3::agentmemorybench:fact-mh-262k:context-0/factconsolidation_mh_262k_no84,True,True,False
Run 3,agentmemorybench:fact-mh-262k:context-0/factconsolidation_mh_262k_no84,4,8,0.5,0.25,-1.3750000074505806,0.4108910891089109,"[""read""]",False,True,4,0.25,[1],1,0.25,[],[1],[1],0.25,[1],[1],0.25,Run 3::agentmemorybench:fact-mh-262k:context-0/factconsolidation_mh_262k_no84,False,False,False
Run 3,agentmemorybench:fact-mh-262k:context-0/factconsolidation_mh_262k_no84,5,8,0.625,0.5,1.375,1.0,"[""search""]",False,True,4,0.5,"[1,2]",2,0.5,"[1,2]","[1,2]","[1,2]",0.5,"[1,2]","[1,2]",0.5,Run 3::agentmemorybench:fact-mh-262k:context-0/factconsolidation_mh_262k_no84,True,True,False
Run 3,agentmemorybench:fact-mh-262k:context-0/factconsolidation_mh_262k_no84,6,8,0.75,0.5,2.7499999683350325,1.0,"[""search""]",False,True,4,0.5,[1],1,0.25,[],[1],"[1,2]",0.5,"[1,2]","[1,2]",0.5,Run 3::agentmemorybench:fact-mh-262k:context-0/factconsolidation_mh_262k_no84,True,True,False
Run 3,agentmemorybench:fact-mh-262k:context-0/factconsolidation_mh_262k_no84,7,8,0.875,0.5,3.562499954365194,0.99009900990099,"[""read""]",False,True,4,0.5,[1],1,0.25,[],[1],"[1,2]",0.5,"[1,2]","[1,2]",0.5,Run 3::agentmemorybench:fact-mh-262k:context-0/factconsolidation_mh_262k_no84,True,True,False
Run 3,agentmemorybench:fact-mh-262k:context-0/factconsolidation_mh_262k_no84,8,8,1.0,0.5,6.874999939580448,1.0,"[""finish""]",False,True,4,0.5,"[1,2]",2,0.5,"[1,2]","[1,2]","[1,2]",0.5,"[1,2]","[1,2]",0.5,Run 3::agentmemorybench:fact-mh-262k:context-0/factconsolidation_mh_262k_no84,True,True,True
Run 3,agentmemorybench:fact-mh-262k:context-0/factconsolidation_mh_262k_no85,1,5,0.2,0.0,-4.562499886844307,0.7277227722772277,"[""search""]",False,True,2,0.0,[],0,0.0,[],[],[],0.0,[],[],0.0,Run 3::agentmemorybench:fact-mh-262k:context-0/factconsolidation_mh_262k_no85,False,True,False
Run 3,agentmemorybench:fact-mh-262k:context-0/factconsolidation_mh_262k_no85,2,5,0.4,0.0,1.2500000447034836,1.0,"[""read""]",False,True,2,0.0,[1],1,0.5,[],[1],[1],0.5,[1],[1],0.5,Run 3::agentmemorybench:fact-mh-262k:context-0/factconsolidation_mh_262k_no85,True,True,False
Run 3,agentmemorybench:fact-mh-262k:context-0/factconsolidation_mh_262k_no85,3,5,0.6,0.5,3.999999962747097,1.0,"[""search""]",False,True,2,0.5,[1],1,0.5,[1],[1],[1],0.5,[1],[1],0.5,Run 3::agentmemorybench:fact-mh-262k:context-0/factconsolidation_mh_262k_no85,True,True,False
Run 3,agentmemorybench:fact-mh-262k:context-0/factconsolidation_mh_262k_no85,4,5,0.8,0.5,2.5000000186264515,0.995049504950495,"[""read""]",False,True,2,0.5,[],0,0.0,[],[],[1],0.5,[1],[1],0.5,Run 3::agentmemorybench:fact-mh-262k:context-0/factconsolidation_mh_262k_no85,True,True,False
Run 3,agentmemorybench:fact-mh-262k:context-0/factconsolidation_mh_262k_no85,5,5,1.0,1.0,5.875000009778887,1.0,"[""finish""]",False,True,2,1.0,[2],1,0.5,[2],[2],"[1,2]",1.0,"[1,2]","[1,2]",1.0,Run 3::agentmemorybench:fact-mh-262k:context-0/factconsolidation_mh_262k_no85,True,True,True
Run 3,agentmemorybench:fact-mh-262k:context-0/factconsolidation_mh_262k_no86,1,3,0.3333333333333333,0.0,-4.125000041909516,0.8712871287128713,"[""search""]",True,False,2,0.0,[],0,0.0,[],[],[],0.0,[],[],0.0,Run 3::agentmemorybench:fact-mh-262k:context-0/factconsolidation_mh_262k_no86,False,True,False
Run 3,agentmemorybench:fact-mh-262k:context-0/factconsolidation_mh_262k_no86,2,3,0.6666666666666666,0.0,3.0625000577419996,1.0,"[""read""]",True,False,2,0.0,"[1,2]",2,1.0,[],"[1,2]","[1,2]",1.0,"[1,2]","[1,2]",1.0,Run 3::agentmemorybench:fact-mh-262k:context-0/factconsolidation_mh_262k_no86,True,True,False
Run 3,agentmemorybench:fact-mh-262k:context-0/factconsolidation_mh_262k_no86,3,3,1.0,1.0,9.0624997684572,1.0,"[""finish""]",True,False,2,1.0,"[1,2]",2,1.0,"[1,2]","[1,2]","[1,2]",1.0,"[1,2]","[1,2]",1.0,Run 3::agentmemorybench:fact-mh-262k:context-0/factconsolidation_mh_262k_no86,True,True,True
Run 3,agentmemorybench:fact-mh-262k:context-0/factconsolidation_mh_262k_no87,1,6,0.1666666666666666,0.0,-5.31249984446913,0.8267326732673268,"[""search""]",True,False,3,0.0,[],0,0.0,[],[],[],0.0,[],[],0.0,Run 3::agentmemorybench:fact-mh-262k:context-0/factconsolidation_mh_262k_no87,False,True,False
Run 3,agentmemorybench:fact-mh-262k:context-0/factconsolidation_mh_262k_no87,2,6,0.3333333333333333,0.0,0.25,1.0,"[""search""]",True,False,3,0.0,[1],1,0.3333333333333333,[],[1],[1],0.3333333333333333,[1],[1],0.3333333333333333,Run 3::agentmemorybench:fact-mh-262k:context-0/factconsolidation_mh_262k_no87,True,True,False
Run 3,agentmemorybench:fact-mh-262k:context-0/factconsolidation_mh_262k_no87,3,6,0.5,0.0,0.8124999850988388,1.0,"[""read""]",True,False,3,0.0,"[1,2]",2,0.6666666666666666,[],"[1,2]","[1,2]",0.6666666666666666,"[1,2]","[1,2]",0.6666666666666666,Run 3::agentmemorybench:fact-mh-262k:context-0/factconsolidation_mh_262k_no87,True,True,False
Run 3,agentmemorybench:fact-mh-262k:context-0/factconsolidation_mh_262k_no87,4,6,0.6666666666666666,0.6666666666666666,0.8750000149011612,0.9356435643564356,"[""search""]",True,False,3,0.6666666666666666,"[1,2]",2,0.6666666666666666,"[1,2]","[1,2]","[1,2]",0.6666666666666666,"[1,2]","[1,2]",0.6666666666666666,Run 3::agentmemorybench:fact-mh-262k:context-0/factconsolidation_mh_262k_no87,True,True,False
Run 3,agentmemorybench:fact-mh-262k:context-0/factconsolidation_mh_262k_no87,5,6,0.8333333333333334,0.6666666666666666,3.0624999534338713,1.0,"[""read""]",True,False,3,0.6666666666666666,[3],1,0.3333333333333333,[],[3],"[1,2,3]",1.0,"[1,2,3]","[1,2,3]",1.0,Run 3::agentmemorybench:fact-mh-262k:context-0/factconsolidation_mh_262k_no87,True,True,False
Run 3,agentmemorybench:fact-mh-262k:context-0/factconsolidation_mh_262k_no87,6,6,1.0,1.0,9.937500001306034,1.0,"[""finish""]",True,False,3,1.0,[3],1,0.3333333333333333,[3],[3],"[1,2,3]",1.0,"[1,2,3]","[1,2,3]",1.0,Run 3::agentmemorybench:fact-mh-262k:context-0/factconsolidation_mh_262k_no87,True,True,True
Run 3,agentmemorybench:fact-mh-262k:context-0/factconsolidation_mh_262k_no88,1,4,0.25,0.0,-4.1250000931322575,0.7673267326732673,"[""search""]",False,True,2,0.0,[],0,0.0,[],[],[],0.0,[],[],0.0,Run 3::agentmemorybench:fact-mh-262k:context-0/factconsolidation_mh_262k_no88,False,True,False
Run 3,agentmemorybench:fact-mh-262k:context-0/factconsolidation_mh_262k_no88,2,4,0.5,0.0,1.4374999850988388,1.0,"[""search""]",False,True,2,0.0,[1],1,0.5,[],[1],[1],0.5,[1],[1],0.5,Run 3::agentmemorybench:fact-mh-262k:context-0/factconsolidation_mh_262k_no88,True,True,False
Run 3,agentmemorybench:fact-mh-262k:context-0/factconsolidation_mh_262k_no88,3,4,0.75,0.0,1.1250000298023224,0.9455445544554455,"[""read""]",False,True,2,0.0,[2],1,0.5,[],[2],[2],0.5,"[1,2]","[1,2]",1.0,Run 3::agentmemorybench:fact-mh-262k:context-0/factconsolidation_mh_262k_no88,True,True,False
Run 3,agentmemorybench:fact-mh-262k:context-0/factconsolidation_mh_262k_no88,4,4,1.0,1.0,6.4999998831772245,1.0,"[""finish""]",False,True,2,1.0,"[1,2]",2,1.0,"[1,2]","[1,2]","[1,2]",1.0,"[1,2]","[1,2]",1.0,Run 3::agentmemorybench:fact-mh-262k:context-0/factconsolidation_mh_262k_no88,True,True,True
Run 3,agentmemorybench:fact-mh-262k:context-0/factconsolidation_mh_262k_no89,1,7,0.1428571428571428,0.0,-4.999999883119017,0.5247524752475248,"[""search""]",True,False,2,0.0,[],0,0.0,[],[],[],0.0,[],[],0.0,Run 3::agentmemorybench:fact-mh-262k:context-0/factconsolidation_mh_262k_no89,False,True,False
Run 3,agentmemorybench:fact-mh-262k:context-0/factconsolidation_mh_262k_no89,2,7,0.2857142857142857,0.0,-2.1875000409781933,0.9653465346534653,"[""search""]",True,False,2,0.0,[],0,0.0,[],[],[],0.0,[],[],0.0,Run 3::agentmemorybench:fact-mh-262k:context-0/factconsolidation_mh_262k_no89,False,True,False
Run 3,agentmemorybench:fact-mh-262k:context-0/factconsolidation_mh_262k_no89,3,7,0.4285714285714285,0.0,0.5625000149011612,1.0,"[""search""]",True,False,2,0.0,[1],1,0.5,[],[1],[1],0.5,[1],[1],0.5,Run 3::agentmemorybench:fact-mh-262k:context-0/factconsolidation_mh_262k_no89,True,True,False
Run 3,agentmemorybench:fact-mh-262k:context-0/factconsolidation_mh_262k_no89,4,7,0.5714285714285714,0.0,0.0,1.0,"[""read""]",True,False,2,0.0,[2],1,0.5,[],[2],[2],0.5,"[1,2]","[1,2]",1.0,Run 3::agentmemorybench:fact-mh-262k:context-0/factconsolidation_mh_262k_no89,False,True,False
Run 3,agentmemorybench:fact-mh-262k:context-0/factconsolidation_mh_262k_no89,5,7,0.7142857142857143,0.0,0.9374999850988388,0.12376237623762375,"[""read""]",True,False,2,0.0,[],0,0.0,[],[],[],0.0,"[1,2]","[1,2]",1.0,Run 3::agentmemorybench:fact-mh-262k:context-0/factconsolidation_mh_262k_no89,True,False,False
Run 3,agentmemorybench:fact-mh-262k:context-0/factconsolidation_mh_262k_no89,6,7,0.8571428571428571,1.0,5.312499827705324,1.0,"[""read""]",True,False,2,1.0,"[1,2]",2,1.0,"[1,2]","[1,2]","[1,2]",1.0,"[1,2]","[1,2]",1.0,Run 3::agentmemorybench:fact-mh-262k:context-0/factconsolidation_mh_262k_no89,True,True,False
Run 3,agentmemorybench:fact-mh-262k:context-0/factconsolidation_mh_262k_no89,7,7,1.0,1.0,1.9375000298023224,0.8663366336633663,"[""finish""]",True,False,2,1.0,[],0,0.0,[],[],"[1,2]",1.0,"[1,2]","[1,2]",1.0,Run 3::agentmemorybench:fact-mh-262k:context-0/factconsolidation_mh_262k_no89,True,True,True
Run 3,agentmemorybench:fact-mh-262k:context-0/factconsolidation_mh_262k_no9,1,6,0.1666666666666666,0.0,-4.750000176485628,0.9554455445544554,"[""search""]",False,True,3,0.0,[],0,0.0,[],[],[],0.0,[],[],0.0,Run 3::agentmemorybench:fact-mh-262k:context-0/factconsolidation_mh_262k_no9,False,True,False
Run 3,agentmemorybench:fact-mh-262k:context-0/factconsolidation_mh_262k_no9,2,6,0.3333333333333333,0.0,2.4375000186264515,1.0,"[""read""]",False,True,3,0.0,"[1,2]",2,0.6666666666666666,[],"[1,2]","[1,2]",0.6666666666666666,"[1,2]","[1,2]",0.6666666666666666,Run 3::agentmemorybench:fact-mh-262k:context-0/factconsolidation_mh_262k_no9,True,True,False
Run 3,agentmemorybench:fact-mh-262k:context-0/factconsolidation_mh_262k_no9,3,6,0.5,0.6666666666666666,3.0624999310821295,1.0,"[""search""]",False,True,3,0.6666666666666666,"[1,2]",2,0.6666666666666666,"[1,2]","[1,2]","[1,2]",0.6666666666666666,"[1,2]","[1,2]",0.6666666666666666,Run 3::agentmemorybench:fact-mh-262k:context-0/factconsolidation_mh_262k_no9,True,True,False
Run 3,agentmemorybench:fact-mh-262k:context-0/factconsolidation_mh_262k_no9,4,6,0.6666666666666666,0.6666666666666666,3.187500001862645,1.0,"[""read""]",False,True,3,0.6666666666666666,[3],1,0.3333333333333333,[],[3],"[1,2,3]",1.0,"[1,2,3]","[1,2,3]",1.0,Run 3::agentmemorybench:fact-mh-262k:context-0/factconsolidation_mh_262k_no9,True,True,False
Run 3,agentmemorybench:fact-mh-262k:context-0/factconsolidation_mh_262k_no9,5,6,0.8333333333333334,0.6666666666666666,6.812499955471139,1.0,"[""read""]",False,True,3,0.6666666666666666,[3],1,0.3333333333333333,[3],[3],"[1,2,3]",1.0,"[1,2,3]","[1,2,3]",1.0,Run 3::agentmemorybench:fact-mh-262k:context-0/factconsolidation_mh_262k_no9,True,True,False
Run 3,agentmemorybench:fact-mh-262k:context-0/factconsolidation_mh_262k_no9,6,6,1.0,1.0,8.124999806197593,1.0,"[""finish""]",False,True,3,1.0,[3],1,0.3333333333333333,[3],[3],"[1,2,3]",1.0,"[1,2,3]","[1,2,3]",1.0,Run 3::agentmemorybench:fact-mh-262k:context-0/factconsolidation_mh_262k_no9,True,True,True
Run 3,agentmemorybench:fact-mh-262k:context-0/factconsolidation_mh_262k_no90,1,4,0.25,0.0,-4.499999803490937,0.8514851485148515,"[""search""]",True,False,2,0.0,[],0,0.0,[],[],[],0.0,[],[],0.0,Run 3::agentmemorybench:fact-mh-262k:context-0/factconsolidation_mh_262k_no90,False,True,False
Run 3,agentmemorybench:fact-mh-262k:context-0/factconsolidation_mh_262k_no90,2,4,0.5,0.0,2.187499951571226,1.0,"[""search""]",True,False,2,0.0,[1],1,0.5,[],[1],[1],0.5,[1],[1],0.5,Run 3::agentmemorybench:fact-mh-262k:context-0/factconsolidation_mh_262k_no90,True,True,False
Run 3,agentmemorybench:fact-mh-262k:context-0/factconsolidation_mh_262k_no90,3,4,0.75,0.0,0.8125,0.9801980198019802,"[""read""]",True,False,2,0.0,[2],1,0.5,[],[2],[2],0.5,"[1,2]","[1,2]",1.0,Run 3::agentmemorybench:fact-mh-262k:context-0/factconsolidation_mh_262k_no90,True,True,False
Run 3,agentmemorybench:fact-mh-262k:context-0/factconsolidation_mh_262k_no90,4,4,1.0,1.0,8.062500050917151,1.0,"[""finish""]",True,False,2,1.0,"[1,2]",2,1.0,"[1,2]","[1,2]","[1,2]",1.0,"[1,2]","[1,2]",1.0,Run 3::agentmemorybench:fact-mh-262k:context-0/factconsolidation_mh_262k_no90,True,True,True
Run 3,agentmemorybench:fact-mh-262k:context-0/factconsolidation_mh_262k_no91,1,9,0.1111111111111111,0.0,-4.2499997625127435,0.7920792079207921,"[""search""]",False,True,3,0.0,[],0,0.0,[],[],[],0.0,[],[],0.0,Run 3::agentmemorybench:fact-mh-262k:context-0/factconsolidation_mh_262k_no91,False,True,False
Run 3,agentmemorybench:fact-mh-262k:context-0/factconsolidation_mh_262k_no91,2,9,0.2222222222222222,0.0,2.8124999571591616,1.0,"[""search""]",False,True,3,0.0,[1],1,0.3333333333333333,[],[1],[1],0.3333333333333333,[1],[1],0.3333333333333333,Run 3::agentmemorybench:fact-mh-262k:context-0/factconsolidation_mh_262k_no91,True,True,False
Run 3,agentmemorybench:fact-mh-262k:context-0/factconsolidation_mh_262k_no91,3,9,0.3333333333333333,0.0,-1.4999999850988388,0.995049504950495,"[""search""]",False,True,3,0.0,[1],1,0.3333333333333333,[],[1],[1],0.3333333333333333,[1],[1],0.3333333333333333,Run 3::agentmemorybench:fact-mh-262k:context-0/factconsolidation_mh_262k_no91,False,True,False
Run 3,agentmemorybench:fact-mh-262k:context-0/factconsolidation_mh_262k_no91,4,9,0.4444444444444444,0.0,-2.499999962747097,0.9851485148514851,"[""read""]",False,True,3,0.0,[],0,0.0,[],[],[],0.0,[1],[1],0.3333333333333333,Run 3::agentmemorybench:fact-mh-262k:context-0/factconsolidation_mh_262k_no91,False,True,False
Run 3,agentmemorybench:fact-mh-262k:context-0/factconsolidation_mh_262k_no91,5,9,0.5555555555555556,0.3333333333333333,3.3125000931322575,1.0,"[""search""]",False,True,3,0.3333333333333333,[1],1,0.3333333333333333,[1],[1],[1],0.3333333333333333,[1],[1],0.3333333333333333,Run 3::agentmemorybench:fact-mh-262k:context-0/factconsolidation_mh_262k_no91,True,True,False
Run 3,agentmemorybench:fact-mh-262k:context-0/factconsolidation_mh_262k_no91,6,9,0.6666666666666666,0.3333333333333333,1.7499999925494194,0.995049504950495,"[""read""]",False,True,3,0.3333333333333333,[],0,0.0,[],[],[1],0.3333333333333333,[1],[1],0.3333333333333333,Run 3::agentmemorybench:fact-mh-262k:context-0/factconsolidation_mh_262k_no91,True,True,False
Run 3,agentmemorybench:fact-mh-262k:context-0/factconsolidation_mh_262k_no91,7,9,0.7777777777777778,0.6666666666666666,5.499999836436473,1.0,"[""search""]",False,True,3,0.6666666666666666,[2],1,0.3333333333333333,[2],[2],"[1,2]",0.6666666666666666,"[1,2]","[1,2]",0.6666666666666666,Run 3::agentmemorybench:fact-mh-262k:context-0/factconsolidation_mh_262k_no91,True,True,False
Run 3,agentmemorybench:fact-mh-262k:context-0/factconsolidation_mh_262k_no91,8,9,0.8888888888888888,0.6666666666666666,2.437500063329935,1.0,"[""read""]",False,True,3,0.6666666666666666,[3],1,0.3333333333333333,[],[3],"[1,2,3]",1.0,"[1,2,3]","[1,2,3]",1.0,Run 3::agentmemorybench:fact-mh-262k:context-0/factconsolidation_mh_262k_no91,True,True,False
Run 3,agentmemorybench:fact-mh-262k:context-0/factconsolidation_mh_262k_no91,9,9,1.0,1.0,4.624999925727025,1.0,"[""finish""]",False,True,3,1.0,[3],1,0.3333333333333333,[3],[3],"[1,2,3]",1.0,"[1,2,3]","[1,2,3]",1.0,Run 3::agentmemorybench:fact-mh-262k:context-0/factconsolidation_mh_262k_no91,True,True,True
Run 3,agentmemorybench:fact-mh-262k:context-0/factconsolidation_mh_262k_no92,1,13,0.0769230769230769,0.0,-4.87500014482066,0.9158415841584158,"[""search""]",False,False,3,0.0,[],0,0.0,[],[],[],0.0,[],[],0.0,Run 3::agentmemorybench:fact-mh-262k:context-0/factconsolidation_mh_262k_no92,False,True,False
Run 3,agentmemorybench:fact-mh-262k:context-0/factconsolidation_mh_262k_no92,2,13,0.1538461538461538,0.0,1.0625000447034836,0.9851485148514851,"[""search""]",False,False,3,0.0,[1],1,0.3333333333333333,[],[1],[1],0.3333333333333333,[1],[1],0.3333333333333333,Run 3::agentmemorybench:fact-mh-262k:context-0/factconsolidation_mh_262k_no92,True,True,False
Run 3,agentmemorybench:fact-mh-262k:context-0/factconsolidation_mh_262k_no92,3,13,0.2307692307692307,0.0,-0.8125000298023224,0.9801980198019802,"[""read""]",False,False,3,0.0,[],0,0.0,[],[],[],0.0,[1],[1],0.3333333333333333,Run 3::agentmemorybench:fact-mh-262k:context-0/factconsolidation_mh_262k_no92,False,True,False
Run 3,agentmemorybench:fact-mh-262k:context-0/factconsolidation_mh_262k_no92,4,13,0.3076923076923077,0.3333333333333333,2.3750000074505806,1.0,"[""search""]",False,False,3,0.3333333333333333,[1],1,0.3333333333333333,[1],[1],[1],0.3333333333333333,[1],[1],0.3333333333333333,Run 3::agentmemorybench:fact-mh-262k:context-0/factconsolidation_mh_262k_no92,True,True,False
Run 3,agentmemorybench:fact-mh-262k:context-0/factconsolidation_mh_262k_no92,5,13,0.3846153846153846,0.3333333333333333,-1.4374999850988388,0.99009900990099,"[""search""]",False,False,3,0.3333333333333333,[],0,0.0,[],[],[1],0.3333333333333333,[1],[1],0.3333333333333333,Run 3::agentmemorybench:fact-mh-262k:context-0/factconsolidation_mh_262k_no92,False,True,False
Run 3,agentmemorybench:fact-mh-262k:context-0/factconsolidation_mh_262k_no92,6,13,0.4615384615384615,0.3333333333333333,-1.9999999850988388,0.9851485148514851,"[""search""]",False,False,3,0.3333333333333333,[],0,0.0,[],[],[1],0.3333333333333333,[1],[1],0.3333333333333333,Run 3::agentmemorybench:fact-mh-262k:context-0/factconsolidation_mh_262k_no92,False,True,False
Run 3,agentmemorybench:fact-mh-262k:context-0/factconsolidation_mh_262k_no92,7,13,0.5384615384615384,0.3333333333333333,-2.5000000409781933,0.9554455445544555,"[""search""]",False,False,3,0.3333333333333333,[],0,0.0,[],[],[1],0.3333333333333333,[1],[1],0.3333333333333333,Run 3::agentmemorybench:fact-mh-262k:context-0/factconsolidation_mh_262k_no92,False,True,False
Run 3,agentmemorybench:fact-mh-262k:context-0/factconsolidation_mh_262k_no92,8,13,0.6153846153846154,0.3333333333333333,-1.2500000149011612,0.995049504950495,"[""read""]",False,False,3,0.3333333333333333,[],0,0.0,[],[],[1],0.3333333333333333,[1],[1],0.3333333333333333,Run 3::agentmemorybench:fact-mh-262k:context-0/factconsolidation_mh_262k_no92,False,True,False
Run 3,agentmemorybench:fact-mh-262k:context-0/factconsolidation_mh_262k_no92,9,13,0.6923076923076923,0.3333333333333333,-1.499999962747097,0.995049504950495,"[""search""]",False,False,3,0.3333333333333333,[],0,0.0,[],[],[1],0.3333333333333333,[1],[1],0.3333333333333333,Run 3::agentmemorybench:fact-mh-262k:context-0/factconsolidation_mh_262k_no92,False,True,False
Run 3,agentmemorybench:fact-mh-262k:context-0/factconsolidation_mh_262k_no92,10,13,0.7692307692307693,0.3333333333333333,-2.9375000093132257,0.9554455445544554,"[""search""]",False,False,3,0.3333333333333333,[],0,0.0,[],[],[1],0.3333333333333333,[1],[1],0.3333333333333333,Run 3::agentmemorybench:fact-mh-262k:context-0/factconsolidation_mh_262k_no92,False,True,False
Run 3,agentmemorybench:fact-mh-262k:context-0/factconsolidation_mh_262k_no92,11,13,0.8461538461538461,0.3333333333333333,-2.999999947845936,0.9405940594059407,"[""read""]",False,False,3,0.3333333333333333,[],0,0.0,[],[],[1],0.3333333333333333,[1],[1],0.3333333333333333,Run 3::agentmemorybench:fact-mh-262k:context-0/factconsolidation_mh_262k_no92,False,True,False
Run 3,agentmemorybench:fact-mh-262k:context-0/factconsolidation_mh_262k_no92,12,13,0.9230769230769232,0.3333333333333333,-0.5,0.4752475247524752,"[""search""]",False,False,3,0.3333333333333333,[],0,0.0,[],[],[1],0.3333333333333333,[1],[1],0.3333333333333333,Run 3::agentmemorybench:fact-mh-262k:context-0/factconsolidation_mh_262k_no92,False,False,False
Run 3,agentmemorybench:fact-mh-262k:context-0/factconsolidation_mh_262k_no92,13,13,1.0,0.3333333333333333,0.5625000149011612,0.9752475247524752,"[""finish""]",False,False,3,0.3333333333333333,[],0,0.0,[],[],[1],0.3333333333333333,[1],[1],0.3333333333333333,Run 3::agentmemorybench:fact-mh-262k:context-0/factconsolidation_mh_262k_no92,True,True,True
Run 3,agentmemorybench:fact-mh-262k:context-0/factconsolidation_mh_262k_no93,1,8,0.125,0.0,-4.5624999566935,0.7376237623762376,"[""search""]",False,False,4,0.0,[],0,0.0,[],[],[],0.0,[],[],0.0,Run 3::agentmemorybench:fact-mh-262k:context-0/factconsolidation_mh_262k_no93,False,True,False
Run 3,agentmemorybench:fact-mh-262k:context-0/factconsolidation_mh_262k_no93,2,8,0.25,0.0,1.3124999701976776,0.9801980198019802,"[""read""]",False,False,4,0.0,[1],1,0.25,[],[1],[1],0.25,[1],[1],0.25,Run 3::agentmemorybench:fact-mh-262k:context-0/factconsolidation_mh_262k_no93,True,True,False
Run 3,agentmemorybench:fact-mh-262k:context-0/factconsolidation_mh_262k_no93,3,8,0.375,0.25,1.9374999329447746,1.0,"[""search""]",False,False,4,0.25,[1],1,0.25,[1],[1],[1],0.25,[1],[1],0.25,Run 3::agentmemorybench:fact-mh-262k:context-0/factconsolidation_mh_262k_no93,True,True,False
Run 3,agentmemorybench:fact-mh-262k:context-0/factconsolidation_mh_262k_no93,4,8,0.5,0.25,-0.1875,0.9900990099009901,"[""read""]",False,False,4,0.25,[],0,0.0,[],[],[1],0.25,[1],[1],0.25,Run 3::agentmemorybench:fact-mh-262k:context-0/factconsolidation_mh_262k_no93,False,True,False
Run 3,agentmemorybench:fact-mh-262k:context-0/factconsolidation_mh_262k_no93,5,8,0.625,0.5,0.8125000149011612,0.9900990099009901,"[""search""]",False,False,4,0.5,[2],1,0.25,[2],[2],"[1,2]",0.5,"[1,2]","[1,2]",0.5,Run 3::agentmemorybench:fact-mh-262k:context-0/factconsolidation_mh_262k_no93,True,True,False
Run 3,agentmemorybench:fact-mh-262k:context-0/factconsolidation_mh_262k_no93,6,8,0.75,0.5,0.875,0.99009900990099,"[""search""]",False,False,4,0.5,[],0,0.0,[],[],"[1,2]",0.5,"[1,2]","[1,2]",0.5,Run 3::agentmemorybench:fact-mh-262k:context-0/factconsolidation_mh_262k_no93,True,True,False
Run 3,agentmemorybench:fact-mh-262k:context-0/factconsolidation_mh_262k_no93,7,8,0.875,0.5,1.3124999850988388,1.0,"[""read""]",False,False,4,0.5,[],0,0.0,[],[],"[1,2]",0.5,"[1,2]","[1,2]",0.5,Run 3::agentmemorybench:fact-mh-262k:context-0/factconsolidation_mh_262k_no93,True,True,False
Run 3,agentmemorybench:fact-mh-262k:context-0/factconsolidation_mh_262k_no93,8,8,1.0,0.5,3.750000041909516,1.0,"[""finish""]",False,False,4,0.5,[],0,0.0,[],[],"[1,2]",0.5,"[1,2]","[1,2]",0.5,Run 3::agentmemorybench:fact-mh-262k:context-0/factconsolidation_mh_262k_no93,True,True,True
Run 3,agentmemorybench:fact-mh-262k:context-0/factconsolidation_mh_262k_no94,1,5,0.2,0.0,-3.7500000335276127,0.910891089108911,"[""search""]",True,False,2,0.0,[],0,0.0,[],[],[],0.0,[],[],0.0,Run 3::agentmemorybench:fact-mh-262k:context-0/factconsolidation_mh_262k_no94,False,True,False
Run 3,agentmemorybench:fact-mh-262k:context-0/factconsolidation_mh_262k_no94,2,5,0.4,0.0,3.125000022351742,1.0,"[""read""]",True,False,2,0.0,[1],1,0.5,[],[1],[1],0.5,[1],[1],0.5,Run 3::agentmemorybench:fact-mh-262k:context-0/factconsolidation_mh_262k_no94,True,True,False
Run 3,agentmemorybench:fact-mh-262k:context-0/factconsolidation_mh_262k_no94,3,5,0.6,0.5,1.8124999850988388,0.6584158415841583,"[""search""]",True,False,2,0.5,[1],1,0.5,[1],[1],[1],0.5,[1],[1],0.5,Run 3::agentmemorybench:fact-mh-262k:context-0/factconsolidation_mh_262k_no94,True,True,False
Run 3,agentmemorybench:fact-mh-262k:context-0/factconsolidation_mh_262k_no94,4,5,0.8,0.5,2.999999998137355,0.995049504950495,"[""read""]",True,False,2,0.5,"[1,2]",2,1.0,[],"[1,2]","[1,2]",1.0,"[1,2]","[1,2]",1.0,Run 3::agentmemorybench:fact-mh-262k:context-0/factconsolidation_mh_262k_no94,True,True,False
Run 3,agentmemorybench:fact-mh-262k:context-0/factconsolidation_mh_262k_no94,5,5,1.0,1.0,5.999999834340997,1.0,"[""finish""]",True,False,2,1.0,[2],1,0.5,[2],[2],"[1,2]",1.0,"[1,2]","[1,2]",1.0,Run 3::agentmemorybench:fact-mh-262k:context-0/factconsolidation_mh_262k_no94,True,True,True
Run 3,agentmemorybench:fact-mh-262k:context-0/factconsolidation_mh_262k_no95,1,8,0.125,0.0,-5.3750000898726285,0.8465346534653465,"[""search""]",False,False,2,0.0,[],0,0.0,[],[],[],0.0,[],[],0.0,Run 3::agentmemorybench:fact-mh-262k:context-0/factconsolidation_mh_262k_no95,False,True,False
Run 3,agentmemorybench:fact-mh-262k:context-0/factconsolidation_mh_262k_no95,2,8,0.25,0.0,-1.6250000223517418,0.8316831683168316,"[""read""]",False,False,2,0.0,[],0,0.0,[],[],[],0.0,[],[],0.0,Run 3::agentmemorybench:fact-mh-262k:context-0/factconsolidation_mh_262k_no95,False,True,False
Run 3,agentmemorybench:fact-mh-262k:context-0/factconsolidation_mh_262k_no95,3,8,0.375,0.5,3.4374999860301614,1.0,"[""search""]",False,False,2,0.5,[1],1,0.5,[1],[1],[1],0.5,[1],[1],0.5,Run 3::agentmemorybench:fact-mh-262k:context-0/factconsolidation_mh_262k_no95,True,True,False
Run 3,agentmemorybench:fact-mh-262k:context-0/factconsolidation_mh_262k_no95,4,8,0.5,0.5,1.3124999701976776,1.0,"[""search""]",False,False,2,0.5,[2],1,0.5,[],[2],"[1,2]",1.0,"[1,2]","[1,2]",1.0,Run 3::agentmemorybench:fact-mh-262k:context-0/factconsolidation_mh_262k_no95,True,True,False
Run 3,agentmemorybench:fact-mh-262k:context-0/factconsolidation_mh_262k_no95,5,8,0.625,0.5,1.1875000149011612,1.0,"[""search""]",False,False,2,0.5,[],0,0.0,[],[],[1],0.5,"[1,2]","[1,2]",1.0,Run 3::agentmemorybench:fact-mh-262k:context-0/factconsolidation_mh_262k_no95,True,True,False
Run 3,agentmemorybench:fact-mh-262k:context-0/factconsolidation_mh_262k_no95,6,8,0.75,0.5,-0.375,1.0,"[""search""]",False,False,2,0.5,[],0,0.0,[],[],[1],0.5,"[1,2]","[1,2]",1.0,Run 3::agentmemorybench:fact-mh-262k:context-0/factconsolidation_mh_262k_no95,False,True,False
Run 3,agentmemorybench:fact-mh-262k:context-0/factconsolidation_mh_262k_no95,7,8,0.875,0.5,-0.125,1.0,"[""read""]",False,False,2,0.5,[],0,0.0,[],[],[1],0.5,"[1,2]","[1,2]",1.0,Run 3::agentmemorybench:fact-mh-262k:context-0/factconsolidation_mh_262k_no95,False,True,False
Run 3,agentmemorybench:fact-mh-262k:context-0/factconsolidation_mh_262k_no95,8,8,1.0,0.5,4.312500088475645,1.0,"[""finish""]",False,False,2,0.5,[],0,0.0,[],[],[1],0.5,"[1,2]","[1,2]",1.0,Run 3::agentmemorybench:fact-mh-262k:context-0/factconsolidation_mh_262k_no95,True,True,True
Run 3,agentmemorybench:fact-mh-262k:context-0/factconsolidation_mh_262k_no96,1,12,0.0833333333333333,0.0,-4.7499999813735485,0.8316831683168318,"[""search""]",False,True,3,0.0,[],0,0.0,[],[],[],0.0,[],[],0.0,Run 3::agentmemorybench:fact-mh-262k:context-0/factconsolidation_mh_262k_no96,False,True,False
Run 3,agentmemorybench:fact-mh-262k:context-0/factconsolidation_mh_262k_no96,2,12,0.1666666666666666,0.0,1.6250000298023224,0.995049504950495,"[""search""]",False,True,3,0.0,[1],1,0.3333333333333333,[],[1],[1],0.3333333333333333,[1],[1],0.3333333333333333,Run 3::agentmemorybench:fact-mh-262k:context-0/factconsolidation_mh_262k_no96,True,True,False
Run 3,agentmemorybench:fact-mh-262k:context-0/factconsolidation_mh_262k_no96,3,12,0.25,0.0,0.7500000298023224,0.9009900990099009,"[""search""]",False,True,3,0.0,[],0,0.0,[],[],[],0.0,[1],[1],0.3333333333333333,Run 3::agentmemorybench:fact-mh-262k:context-0/factconsolidation_mh_262k_no96,True,True,False
Run 3,agentmemorybench:fact-mh-262k:context-0/factconsolidation_mh_262k_no96,4,12,0.3333333333333333,0.0,1.2500000298023224,1.0,"[""read""]",False,True,3,0.0,[],0,0.0,[],[],[],0.0,[1],[1],0.3333333333333333,Run 3::agentmemorybench:fact-mh-262k:context-0/factconsolidation_mh_262k_no96,True,True,False
Run 3,agentmemorybench:fact-mh-262k:context-0/factconsolidation_mh_262k_no96,5,12,0.4166666666666667,0.0,6.312499993189704,1.0,"[""search""]",False,True,3,0.0,[],0,0.0,[],[],[],0.0,[1],[1],0.3333333333333333,Run 3::agentmemorybench:fact-mh-262k:context-0/factconsolidation_mh_262k_no96,True,True,False
Run 3,agentmemorybench:fact-mh-262k:context-0/factconsolidation_mh_262k_no96,6,12,0.5,0.0,1.4374999701976776,1.0,"[""search""]",False,True,3,0.0,[],0,0.0,[],[],[],0.0,[1],[1],0.3333333333333333,Run 3::agentmemorybench:fact-mh-262k:context-0/factconsolidation_mh_262k_no96,True,True,False
Run 3,agentmemorybench:fact-mh-262k:context-0/factconsolidation_mh_262k_no96,7,12,0.5833333333333334,0.0,0.6875000298023224,1.0,"[""read""]",False,True,3,0.0,[],0,0.0,[],[],[],0.0,[1],[1],0.3333333333333333,Run 3::agentmemorybench:fact-mh-262k:context-0/factconsolidation_mh_262k_no96,True,True,False
Run 3,agentmemorybench:fact-mh-262k:context-0/factconsolidation_mh_262k_no96,8,12,0.6666666666666666,0.0,0.4375,1.0,"[""search""]",False,True,3,0.0,[],0,0.0,[],[],[],0.0,[1],[1],0.3333333333333333,Run 3::agentmemorybench:fact-mh-262k:context-0/factconsolidation_mh_262k_no96,True,True,False
Run 3,agentmemorybench:fact-mh-262k:context-0/factconsolidation_mh_262k_no96,9,12,0.75,0.0,-0.6250000149011612,1.0,"[""search""]",False,True,3,0.0,[],0,0.0,[],[],[],0.0,[1],[1],0.3333333333333333,Run 3::agentmemorybench:fact-mh-262k:context-0/factconsolidation_mh_262k_no96,False,True,False
Run 3,agentmemorybench:fact-mh-262k:context-0/factconsolidation_mh_262k_no96,10,12,0.8333333333333334,0.0,-1.6874999925494194,1.0,"[""search""]",False,True,3,0.0,[],0,0.0,[],[],[],0.0,[1],[1],0.3333333333333333,Run 3::agentmemorybench:fact-mh-262k:context-0/factconsolidation_mh_262k_no96,False,True,False
Run 3,agentmemorybench:fact-mh-262k:context-0/factconsolidation_mh_262k_no96,11,12,0.9166666666666666,0.0,-1.1249999850988388,1.0,"[""search""]",False,True,3,0.0,[],0,0.0,[],[],[],0.0,[1],[1],0.3333333333333333,Run 3::agentmemorybench:fact-mh-262k:context-0/factconsolidation_mh_262k_no96,False,True,False
Run 3,agentmemorybench:fact-mh-262k:context-0/factconsolidation_mh_262k_no96,12,12,1.0,0.0,-2.1250000409781933,0.9455445544554456,"[""finish""]",False,True,3,0.0,[],0,0.0,[],[],[],0.0,[1],[1],0.3333333333333333,Run 3::agentmemorybench:fact-mh-262k:context-0/factconsolidation_mh_262k_no96,False,True,True
Run 3,agentmemorybench:fact-mh-262k:context-0/factconsolidation_mh_262k_no97,1,5,0.2,0.0,-4.125000063329935,0.9554455445544554,"[""search""]",True,False,2,0.0,[],0,0.0,[],[],[],0.0,[],[],0.0,Run 3::agentmemorybench:fact-mh-262k:context-0/factconsolidation_mh_262k_no97,False,True,False
Run 3,agentmemorybench:fact-mh-262k:context-0/factconsolidation_mh_262k_no97,2,5,0.4,0.0,3.624999945051968,1.0,"[""read""]",True,False,2,0.0,[1],1,0.5,[],[1],[1],0.5,[1],[1],0.5,Run 3::agentmemorybench:fact-mh-262k:context-0/factconsolidation_mh_262k_no97,True,True,False
Run 3,agentmemorybench:fact-mh-262k:context-0/factconsolidation_mh_262k_no97,3,5,0.6,0.5,4.3125000121071935,1.0,"[""search""]",True,False,2,0.5,[1],1,0.5,[1],[1],[1],0.5,[1],[1],0.5,Run 3::agentmemorybench:fact-mh-262k:context-0/factconsolidation_mh_262k_no97,True,True,False
Run 3,agentmemorybench:fact-mh-262k:context-0/factconsolidation_mh_262k_no97,4,5,0.8,0.5,2.8749999217689037,1.0,"[""read""]",True,False,2,0.5,[2],1,0.5,[],[2],"[1,2]",1.0,"[1,2]","[1,2]",1.0,Run 3::agentmemorybench:fact-mh-262k:context-0/factconsolidation_mh_262k_no97,True,True,False
Run 3,agentmemorybench:fact-mh-262k:context-0/factconsolidation_mh_262k_no97,5,5,1.0,1.0,9.124999709463737,1.0,"[""finish""]",True,False,2,1.0,[2],1,0.5,[2],[2],"[1,2]",1.0,"[1,2]","[1,2]",1.0,Run 3::agentmemorybench:fact-mh-262k:context-0/factconsolidation_mh_262k_no97,True,True,True
Run 3,agentmemorybench:fact-mh-262k:context-0/factconsolidation_mh_262k_no98,1,13,0.0769230769230769,0.0,-5.125000222353265,0.8663366336633663,"[""search""]",False,True,3,0.0,[],0,0.0,[],[],[],0.0,[],[],0.0,Run 3::agentmemorybench:fact-mh-262k:context-0/factconsolidation_mh_262k_no98,False,True,False
Run 3,agentmemorybench:fact-mh-262k:context-0/factconsolidation_mh_262k_no98,2,13,0.1538461538461538,0.0,0.6249999701976776,0.9455445544554455,"[""read""]",False,True,3,0.0,[1],1,0.3333333333333333,[],[1],[1],0.3333333333333333,[1],[1],0.3333333333333333,Run 3::agentmemorybench:fact-mh-262k:context-0/factconsolidation_mh_262k_no98,True,True,False
Run 3,agentmemorybench:fact-mh-262k:context-0/factconsolidation_mh_262k_no98,3,13,0.2307692307692307,0.3333333333333333,-0.3125,0.45049504950495045,"[""search""]",False,True,3,0.3333333333333333,[1],1,0.3333333333333333,[1],[1],[1],0.3333333333333333,[1],[1],0.3333333333333333,Run 3::agentmemorybench:fact-mh-262k:context-0/factconsolidation_mh_262k_no98,False,False,False
Run 3,agentmemorybench:fact-mh-262k:context-0/factconsolidation_mh_262k_no98,4,13,0.3076923076923077,0.3333333333333333,1.3124999552965164,0.9009900990099009,"[""read""]",False,True,3,0.3333333333333333,[2],1,0.3333333333333333,[],[2],"[1,2]",0.6666666666666666,"[1,2]","[1,2]",0.6666666666666666,Run 3::agentmemorybench:fact-mh-262k:context-0/factconsolidation_mh_262k_no98,True,True,False
Run 3,agentmemorybench:fact-mh-262k:context-0/factconsolidation_mh_262k_no98,5,13,0.3846153846153846,0.6666666666666666,-0.5624999850988388,0.16336633663366334,"[""search""]",False,True,3,0.6666666666666666,[2],1,0.3333333333333333,[2],[2],"[1,2]",0.6666666666666666,"[1,2]","[1,2]",0.6666666666666666,Run 3::agentmemorybench:fact-mh-262k:context-0/factconsolidation_mh_262k_no98,False,False,False
Run 3,agentmemorybench:fact-mh-262k:context-0/factconsolidation_mh_262k_no98,6,13,0.4615384615384615,0.6666666666666666,-1.2500000149011612,0.1287128712871287,"[""search""]",False,True,3,0.6666666666666666,[],0,0.0,[],[],"[1,2]",0.6666666666666666,"[1,2]","[1,2]",0.6666666666666666,Run 3::agentmemorybench:fact-mh-262k:context-0/factconsolidation_mh_262k_no98,False,False,False
Run 3,agentmemorybench:fact-mh-262k:context-0/factconsolidation_mh_262k_no98,7,13,0.5384615384615384,0.6666666666666666,-2.750000109896064,0.12871287128712872,"[""read""]",False,True,3,0.6666666666666666,[],0,0.0,[],[],"[1,2]",0.6666666666666666,"[1,2]","[1,2]",0.6666666666666666,Run 3::agentmemorybench:fact-mh-262k:context-0/factconsolidation_mh_262k_no98,False,False,False
Run 3,agentmemorybench:fact-mh-262k:context-0/factconsolidation_mh_262k_no98,8,13,0.6153846153846154,0.6666666666666666,-3.2500000093132257,0.0891089108910891,"[""search""]",False,True,3,0.6666666666666666,[],0,0.0,[],[],"[1,2]",0.6666666666666666,"[1,2]","[1,2]",0.6666666666666666,Run 3::agentmemorybench:fact-mh-262k:context-0/factconsolidation_mh_262k_no98,False,False,False
Run 3,agentmemorybench:fact-mh-262k:context-0/factconsolidation_mh_262k_no98,9,13,0.6923076923076923,0.6666666666666666,-3.062500022351742,0.16336633663366334,"[""search""]",False,True,3,0.6666666666666666,[],0,0.0,[],[],"[1,2]",0.6666666666666666,"[1,2]","[1,2]",0.6666666666666666,Run 3::agentmemorybench:fact-mh-262k:context-0/factconsolidation_mh_262k_no98,False,False,False
Run 3,agentmemorybench:fact-mh-262k:context-0/factconsolidation_mh_262k_no98,10,13,0.7692307692307693,0.6666666666666666,-3.125000013038516,0.024752475247524747,"[""search""]",False,True,3,0.6666666666666666,[],0,0.0,[],[],"[1,2]",0.6666666666666666,"[1,2]","[1,2]",0.6666666666666666,Run 3::agentmemorybench:fact-mh-262k:context-0/factconsolidation_mh_262k_no98,False,False,False
Run 3,agentmemorybench:fact-mh-262k:context-0/factconsolidation_mh_262k_no98,11,13,0.8461538461538461,0.6666666666666666,-3.4375000689178705,0.27227722772277224,"[""search""]",False,True,3,0.6666666666666666,[],0,0.0,[],[],"[1,2]",0.6666666666666666,"[1,2]","[1,2]",0.6666666666666666,Run 3::agentmemorybench:fact-mh-262k:context-0/factconsolidation_mh_262k_no98,False,False,False
Run 3,agentmemorybench:fact-mh-262k:context-0/factconsolidation_mh_262k_no98,12,13,0.9230769230769232,0.6666666666666666,-3.750000074505806,0.5396039603960395,"[""read""]",False,True,3,0.6666666666666666,[],0,0.0,[],[],"[1,2]",0.6666666666666666,"[1,2]","[1,2]",0.6666666666666666,Run 3::agentmemorybench:fact-mh-262k:context-0/factconsolidation_mh_262k_no98,False,True,False
Run 3,agentmemorybench:fact-mh-262k:context-0/factconsolidation_mh_262k_no98,13,13,1.0,0.6666666666666666,-2.4374999925494194,0.6485148514851484,"[""finish""]",False,True,3,0.6666666666666666,[],0,0.0,[],[],"[1,2]",0.6666666666666666,"[1,2]","[1,2]",0.6666666666666666,Run 3::agentmemorybench:fact-mh-262k:context-0/factconsolidation_mh_262k_no98,False,True,True
Run 3,agentmemorybench:fact-mh-262k:context-0/factconsolidation_mh_262k_no99,1,10,0.1,0.0,-4.124999988824129,0.9257425742574259,"[""search""]",False,True,3,0.0,[],0,0.0,[],[],[],0.0,[],[],0.0,Run 3::agentmemorybench:fact-mh-262k:context-0/factconsolidation_mh_262k_no99,False,True,False
Run 3,agentmemorybench:fact-mh-262k:context-0/factconsolidation_mh_262k_no99,2,10,0.2,0.0,1.6875000074505806,0.995049504950495,"[""search""]",False,True,3,0.0,[1],1,0.3333333333333333,[],[1],[1],0.3333333333333333,[1],[1],0.3333333333333333,Run 3::agentmemorybench:fact-mh-262k:context-0/factconsolidation_mh_262k_no99,True,True,False
Run 3,agentmemorybench:fact-mh-262k:context-0/factconsolidation_mh_262k_no99,3,10,0.3,0.0,3.624999994412065,1.0,"[""search""]",False,True,3,0.0,"[1,2]",2,0.6666666666666666,[],"[1,2]","[1,2]",0.6666666666666666,"[1,2]","[1,2]",0.6666666666666666,Run 3::agentmemorybench:fact-mh-262k:context-0/factconsolidation_mh_262k_no99,True,True,False
Run 3,agentmemorybench:fact-mh-262k:context-0/factconsolidation_mh_262k_no99,4,10,0.4,0.0,2.124999951571226,1.0,"[""read""]",False,True,3,0.0,"[2,3]",2,0.6666666666666666,[],"[2,3]","[2,3]",0.6666666666666666,"[1,2,3]","[1,2,3]",1.0,Run 3::agentmemorybench:fact-mh-262k:context-0/factconsolidation_mh_262k_no99,True,True,False
Run 3,agentmemorybench:fact-mh-262k:context-0/factconsolidation_mh_262k_no99,5,10,0.5,1.0,6.562500171770807,1.0,"[""search""]",False,True,3,1.0,"[1,2,3]",3,1.0,"[1,2,3]","[1,2,3]","[1,2,3]",1.0,"[1,2,3]","[1,2,3]",1.0,Run 3::agentmemorybench:fact-mh-262k:context-0/factconsolidation_mh_262k_no99,True,True,False
Run 3,agentmemorybench:fact-mh-262k:context-0/factconsolidation_mh_262k_no99,6,10,0.6,1.0,1.6875,0.698019801980198,"[""search""]",False,True,3,1.0,[],0,0.0,[],[],"[1,2,3]",1.0,"[1,2,3]","[1,2,3]",1.0,Run 3::agentmemorybench:fact-mh-262k:context-0/factconsolidation_mh_262k_no99,True,True,False
Run 3,agentmemorybench:fact-mh-262k:context-0/factconsolidation_mh_262k_no99,7,10,0.7,1.0,-0.4374999850988388,0.5544554455445545,"[""search""]",False,True,3,1.0,[],0,0.0,[],[],"[1,2,3]",1.0,"[1,2,3]","[1,2,3]",1.0,Run 3::agentmemorybench:fact-mh-262k:context-0/factconsolidation_mh_262k_no99,False,True,False
Run 3,agentmemorybench:fact-mh-262k:context-0/factconsolidation_mh_262k_no99,8,10,0.8,1.0,-0.3125,0.995049504950495,"[""read""]",False,True,3,1.0,[],0,0.0,[],[],"[1,2,3]",1.0,"[1,2,3]","[1,2,3]",1.0,Run 3::agentmemorybench:fact-mh-262k:context-0/factconsolidation_mh_262k_no99,False,True,False
Run 3,agentmemorybench:fact-mh-262k:context-0/factconsolidation_mh_262k_no99,9,10,0.9,1.0,-0.25,0.995049504950495,"[""search""]",False,True,3,1.0,[2],1,0.3333333333333333,[2],[2],"[1,2,3]",1.0,"[1,2,3]","[1,2,3]",1.0,Run 3::agentmemorybench:fact-mh-262k:context-0/factconsolidation_mh_262k_no99,False,True,False
Run 3,agentmemorybench:fact-mh-262k:context-0/factconsolidation_mh_262k_no99,10,10,1.0,1.0,-0.6249999850988388,0.9801980198019802,"[""finish""]",False,True,3,1.0,[],0,0.0,[],[],"[1,2,3]",1.0,"[1,2,3]","[1,2,3]",1.0,Run 3::agentmemorybench:fact-mh-262k:context-0/factconsolidation_mh_262k_no99,False,True,True
