question_id,gold_hops,order,starting_mask,added_hop,control_coverage,intervention_coverage,control_likelihood,intervention_likelihood,paired_change,token_change
agentmemorybench:fact-mh-262k:context-0/factconsolidation_mh_262k_no0,3,0,0,1,0.0,0.3333333333333333,0.0031726825589888,0.7310585669110203,0.7278858843520315,2.0
agentmemorybench:fact-mh-262k:context-0/factconsolidation_mh_262k_no0,3,0,0,2,0.0,0.3333333333333333,0.0031726825589888,0.0021827161177624,-0.0009899664412264001,0.0
agentmemorybench:fact-mh-262k:context-0/factconsolidation_mh_262k_no0,3,0,0,3,0.0,0.3333333333333333,0.0031726825589888,0.0203323549380419,0.017159672379053102,-3.0
agentmemorybench:fact-mh-262k:context-0/factconsolidation_mh_262k_no0,3,0,1,2,0.3333333333333333,0.6666666666666666,0.7310585669110203,0.9241418215456966,0.19308325463467624,0.0
agentmemorybench:fact-mh-262k:context-0/factconsolidation_mh_262k_no0,3,0,1,3,0.3333333333333333,0.6666666666666666,0.7310585669110203,0.8354835452961425,0.10442497838512221,-3.0
agentmemorybench:fact-mh-262k:context-0/factconsolidation_mh_262k_no0,3,0,2,1,0.3333333333333333,0.6666666666666666,0.0021827161177624,0.9241418215456966,0.9219591054279341,2.0
agentmemorybench:fact-mh-262k:context-0/factconsolidation_mh_262k_no0,3,0,2,3,0.3333333333333333,0.6666666666666666,0.0021827161177624,0.6224593312018546,0.6202766150840922,-3.0
agentmemorybench:fact-mh-262k:context-0/factconsolidation_mh_262k_no0,3,0,3,3,0.6666666666666666,1.0,0.9241418215456966,0.9998601778591484,0.0757183563134518,-3.0
agentmemorybench:fact-mh-262k:context-0/factconsolidation_mh_262k_no0,3,0,4,1,0.3333333333333333,0.6666666666666666,0.0203323549380419,0.8354835452961425,0.8151511903581007,2.0
agentmemorybench:fact-mh-262k:context-0/factconsolidation_mh_262k_no0,3,0,4,2,0.3333333333333333,0.6666666666666666,0.0203323549380419,0.6224593312018546,0.6021269762638127,0.0
agentmemorybench:fact-mh-262k:context-0/factconsolidation_mh_262k_no0,3,0,5,2,0.6666666666666666,1.0,0.8354835452961425,0.9998601778591484,0.16437663256300583,0.0
agentmemorybench:fact-mh-262k:context-0/factconsolidation_mh_262k_no0,3,0,6,1,0.6666666666666666,1.0,0.6224593312018546,0.9998601778591484,0.3774008466572938,2.0
agentmemorybench:fact-mh-262k:context-0/factconsolidation_mh_262k_no0,3,1,0,1,0.0,0.3333333333333333,0.0040701370174873,0.679178699175393,0.6751085621579057,2.0
agentmemorybench:fact-mh-262k:context-0/factconsolidation_mh_262k_no0,3,1,0,2,0.0,0.3333333333333333,0.0040701370174873,0.0062899019986417,0.0022197649811544,0.0
agentmemorybench:fact-mh-262k:context-0/factconsolidation_mh_262k_no0,3,1,0,3,0.0,0.3333333333333333,0.0040701370174873,0.0097084749234882,0.0056383379060009,-3.0
agentmemorybench:fact-mh-262k:context-0/factconsolidation_mh_262k_no0,3,1,1,2,0.3333333333333333,0.6666666666666666,0.679178699175393,0.9883127417084772,0.3091340425330842,0.0
agentmemorybench:fact-mh-262k:context-0/factconsolidation_mh_262k_no0,3,1,1,3,0.3333333333333333,0.6666666666666666,0.679178699175393,0.7431680086124811,0.06398930943708814,-3.0
agentmemorybench:fact-mh-262k:context-0/factconsolidation_mh_262k_no0,3,1,2,1,0.3333333333333333,0.6666666666666666,0.0062899019986417,0.9883127417084772,0.9820228397098355,2.0
agentmemorybench:fact-mh-262k:context-0/factconsolidation_mh_262k_no0,3,1,2,3,0.3333333333333333,0.6666666666666666,0.0062899019986417,0.1329642367620759,0.12667433476343418,-3.0
agentmemorybench:fact-mh-262k:context-0/factconsolidation_mh_262k_no0,3,1,3,3,0.6666666666666666,1.0,0.9883127417084772,0.99941159111069,0.01109884940221284,-3.0
agentmemorybench:fact-mh-262k:context-0/factconsolidation_mh_262k_no0,3,1,4,1,0.3333333333333333,0.6666666666666666,0.0097084749234882,0.7431680086124811,0.7334595336889929,2.0
agentmemorybench:fact-mh-262k:context-0/factconsolidation_mh_262k_no0,3,1,4,2,0.3333333333333333,0.6666666666666666,0.0097084749234882,0.1329642367620759,0.12325576183858769,0.0
agentmemorybench:fact-mh-262k:context-0/factconsolidation_mh_262k_no0,3,1,5,2,0.6666666666666666,1.0,0.7431680086124811,0.99941159111069,0.2562435824982089,0.0
agentmemorybench:fact-mh-262k:context-0/factconsolidation_mh_262k_no0,3,1,6,1,0.6666666666666666,1.0,0.1329642367620759,0.99941159111069,0.8664473543486141,2.0
agentmemorybench:fact-mh-262k:context-0/factconsolidation_mh_262k_no1,2,0,0,1,0.0,0.5,0.004609572217833,0.939913350141578,0.935303777923745,1.0
agentmemorybench:fact-mh-262k:context-0/factconsolidation_mh_262k_no1,2,0,0,2,0.0,0.5,0.004609572217833,0.0900929942673371,0.08548342204950411,0.0
agentmemorybench:fact-mh-262k:context-0/factconsolidation_mh_262k_no1,2,0,1,2,0.5,1.0,0.939913350141578,0.999876605410322,0.05996325526874402,0.0
agentmemorybench:fact-mh-262k:context-0/factconsolidation_mh_262k_no1,2,0,2,1,0.5,1.0,0.0900929942673371,0.999876605410322,0.9097836111429849,1.0
agentmemorybench:fact-mh-262k:context-0/factconsolidation_mh_262k_no1,2,1,0,1,0.0,0.5,0.0017007223540169,0.9808759639653826,0.9791752416113657,1.0
agentmemorybench:fact-mh-262k:context-0/factconsolidation_mh_262k_no1,2,1,0,2,0.0,0.5,0.0017007223540169,0.0085774853107534,0.0068767629567365,0.0
agentmemorybench:fact-mh-262k:context-0/factconsolidation_mh_262k_no1,2,1,1,2,0.5,1.0,0.9808759639653826,0.999620015516699,0.01874405155131642,0.0
agentmemorybench:fact-mh-262k:context-0/factconsolidation_mh_262k_no1,2,1,2,1,0.5,1.0,0.0085774853107534,0.999620015516699,0.9910425302059456,1.0
agentmemorybench:fact-mh-262k:context-0/factconsolidation_mh_262k_no12,2,0,0,1,0.0,0.5,0.0023231624640796,0.9196425289753968,0.9173193665113172,3.0
agentmemorybench:fact-mh-262k:context-0/factconsolidation_mh_262k_no12,2,0,0,2,0.0,0.5,0.0023231624640796,0.1645164649447396,0.16219330248066,3.0
agentmemorybench:fact-mh-262k:context-0/factconsolidation_mh_262k_no12,2,0,1,2,0.5,1.0,0.9196425289753968,0.9984021543940884,0.07875962541869164,3.0
agentmemorybench:fact-mh-262k:context-0/factconsolidation_mh_262k_no12,2,0,2,1,0.5,1.0,0.1645164649447396,0.9984021543940884,0.8338856894493488,3.0
agentmemorybench:fact-mh-262k:context-0/factconsolidation_mh_262k_no12,2,1,0,1,0.0,0.5,0.0015011823427646,0.9399133503519684,0.9384121680092038,3.0
agentmemorybench:fact-mh-262k:context-0/factconsolidation_mh_262k_no12,2,1,0,2,0.0,0.5,0.0015011823427646,0.080357468271608,0.0788562859288434,3.0
agentmemorybench:fact-mh-262k:context-0/factconsolidation_mh_262k_no12,2,1,1,2,0.5,1.0,0.9399133503519684,0.9996849613597732,0.059771611007804815,3.0
agentmemorybench:fact-mh-262k:context-0/factconsolidation_mh_262k_no12,2,1,2,1,0.5,1.0,0.080357468271608,0.9996849613597732,0.9193274930881652,3.0
agentmemorybench:fact-mh-262k:context-0/factconsolidation_mh_262k_no13,2,0,0,1,0.0,0.5,0.0103281501917885,0.9669140221475918,0.9565858719558034,0.0
agentmemorybench:fact-mh-262k:context-0/factconsolidation_mh_262k_no13,2,0,0,2,0.0,0.5,0.0103281501917885,0.2018132162595082,0.1914850660677197,-1.0
agentmemorybench:fact-mh-262k:context-0/factconsolidation_mh_262k_no13,2,0,1,2,0.5,1.0,0.9669140221475918,0.999945240227028,0.03303121807943621,-1.0
agentmemorybench:fact-mh-262k:context-0/factconsolidation_mh_262k_no13,2,0,2,1,0.5,1.0,0.2018132162595082,0.999945240227028,0.7981320239675198,0.0
agentmemorybench:fact-mh-262k:context-0/factconsolidation_mh_262k_no13,2,1,0,1,0.0,0.5,0.0216153339640861,0.9362850057480346,0.9146696717839485,0.0
agentmemorybench:fact-mh-262k:context-0/factconsolidation_mh_262k_no13,2,1,0,2,0.0,0.5,0.0216153339640861,0.3073580232098524,0.2857426892457663,-1.0
agentmemorybench:fact-mh-262k:context-0/factconsolidation_mh_262k_no13,2,1,1,2,0.5,1.0,0.9362850057480346,0.9997040428473588,0.06341903709932417,-1.0
agentmemorybench:fact-mh-262k:context-0/factconsolidation_mh_262k_no13,2,1,2,1,0.5,1.0,0.3073580232098524,0.9997040428473588,0.6923460196375064,0.0
agentmemorybench:fact-mh-262k:context-0/factconsolidation_mh_262k_no14,2,0,0,1,0.0,0.5,0.0018102110370359,0.9919380086467514,0.9901277976097155,1.0
agentmemorybench:fact-mh-262k:context-0/factconsolidation_mh_262k_no14,2,0,0,2,0.0,0.5,0.0018102110370359,0.0446808678874685,0.0428706568504326,2.0
agentmemorybench:fact-mh-262k:context-0/factconsolidation_mh_262k_no14,2,0,1,2,0.5,1.0,0.9919380086467514,0.9999339478513558,0.007995939204604396,2.0
agentmemorybench:fact-mh-262k:context-0/factconsolidation_mh_262k_no14,2,0,2,1,0.5,1.0,0.0446808678874685,0.9999339478513558,0.9552530799638873,1.0
agentmemorybench:fact-mh-262k:context-0/factconsolidation_mh_262k_no14,2,1,0,1,0.0,0.5,0.0009110512447069,0.9914225153861964,0.9905114641414895,1.0
agentmemorybench:fact-mh-262k:context-0/factconsolidation_mh_262k_no14,2,1,0,2,0.0,0.5,0.0009110512447069,0.0075772418316332,0.0066661905869263,2.0
agentmemorybench:fact-mh-262k:context-0/factconsolidation_mh_262k_no14,2,1,1,2,0.5,1.0,0.9914225153861964,0.9990889487111329,0.007666433324936439,2.0
agentmemorybench:fact-mh-262k:context-0/factconsolidation_mh_262k_no14,2,1,2,1,0.5,1.0,0.0075772418316332,0.9990889487111329,0.9915117068794996,1.0
agentmemorybench:fact-mh-262k:context-0/factconsolidation_mh_262k_no15,2,0,0,1,0.0,0.5,0.0758581823716538,0.9648551508832532,0.8889969685115995,3.0
agentmemorybench:fact-mh-262k:context-0/factconsolidation_mh_262k_no15,2,0,0,2,0.0,0.5,0.0758581823716538,0.6513548612821242,0.5754966789104704,-1.0
agentmemorybench:fact-mh-262k:context-0/factconsolidation_mh_262k_no15,2,0,1,2,0.5,1.0,0.9648551508832532,0.9999599363030311,0.035104785419777906,-1.0
agentmemorybench:fact-mh-262k:context-0/factconsolidation_mh_262k_no15,2,0,2,1,0.5,1.0,0.6513548612821242,0.9999599363030311,0.348605075020907,3.0
agentmemorybench:fact-mh-262k:context-0/factconsolidation_mh_262k_no15,2,1,0,1,0.0,0.5,0.0330859752603115,0.9724147185476554,0.9393287432873438,3.0
agentmemorybench:fact-mh-262k:context-0/factconsolidation_mh_262k_no15,2,1,0,2,0.0,0.5,0.0330859752603115,0.6224593312018546,0.589373355941543,-1.0
agentmemorybench:fact-mh-262k:context-0/factconsolidation_mh_262k_no15,2,1,1,2,0.5,1.0,0.9724147185476554,0.9998766054177444,0.027461886870088992,-1.0
agentmemorybench:fact-mh-262k:context-0/factconsolidation_mh_262k_no15,2,1,2,1,0.5,1.0,0.6224593312018546,0.9998766054177444,0.3774172742158898,3.0
agentmemorybench:fact-mh-262k:context-0/factconsolidation_mh_262k_no21,2,0,0,1,0.0,0.5,0.0024726229722912,0.9933071506483522,0.990834527676061,0.0
agentmemorybench:fact-mh-262k:context-0/factconsolidation_mh_262k_no21,2,0,0,2,0.0,0.5,0.0024726229722912,0.3208213040714954,0.31834868109920417,-1.0
agentmemorybench:fact-mh-262k:context-0/factconsolidation_mh_262k_no21,2,0,1,2,0.5,1.0,0.9933071506483522,0.9998766054691252,0.00656945482077298,-1.0
agentmemorybench:fact-mh-262k:context-0/factconsolidation_mh_262k_no21,2,0,2,1,0.5,1.0,0.3208213040714954,0.9998766054691252,0.6790553013976297,0.0
agentmemorybench:fact-mh-262k:context-0/factconsolidation_mh_262k_no21,2,1,0,1,0.0,0.5,0.0179862098962928,0.9902915237289436,0.9723053138326507,0.0
agentmemorybench:fact-mh-262k:context-0/factconsolidation_mh_262k_no21,2,1,0,2,0.0,0.5,0.0179862098962928,0.182425521583901,0.1644393116876082,-1.0
agentmemorybench:fact-mh-262k:context-0/factconsolidation_mh_262k_no21,2,1,1,2,0.5,1.0,0.9902915237289436,0.9991959141380278,0.008904390409084195,-1.0
agentmemorybench:fact-mh-262k:context-0/factconsolidation_mh_262k_no21,2,1,2,1,0.5,1.0,0.182425521583901,0.9991959141380278,0.8167703925541268,0.0
agentmemorybench:fact-mh-262k:context-0/factconsolidation_mh_262k_no22,3,0,0,1,0.0,0.3333333333333333,0.0055549240593188,0.9928785710155544,0.9873236469562356,0.0
agentmemorybench:fact-mh-262k:context-0/factconsolidation_mh_262k_no22,3,0,0,2,0.0,0.3333333333333333,0.0055549240593188,0.0953494648991094,0.0897945408397906,-1.0
agentmemorybench:fact-mh-262k:context-0/factconsolidation_mh_262k_no22,3,0,0,3,0.0,0.3333333333333333,0.0055549240593188,0.2942149690687251,0.2886600450094063,0.0
agentmemorybench:fact-mh-262k:context-0/factconsolidation_mh_262k_no22,3,0,1,2,0.3333333333333333,0.6666666666666666,0.9928785710155544,0.989013056706549,-0.003865514309005391,-1.0
agentmemorybench:fact-mh-262k:context-0/factconsolidation_mh_262k_no22,3,0,1,3,0.3333333333333333,0.6666666666666666,0.9928785710155544,0.9399133482480644,-0.05296522276749005,0.0
agentmemorybench:fact-mh-262k:context-0/factconsolidation_mh_262k_no22,3,0,2,1,0.3333333333333333,0.6666666666666666,0.0953494648991094,0.989013056706549,0.8936635918074396,0.0
agentmemorybench:fact-mh-262k:context-0/factconsolidation_mh_262k_no22,3,0,2,3,0.3333333333333333,0.6666666666666666,0.0953494648991094,0.6926419799624419,0.5972925150633325,0.0
agentmemorybench:fact-mh-262k:context-0/factconsolidation_mh_262k_no22,3,0,3,3,0.6666666666666666,1.0,0.989013056706549,0.999447221350004,0.010434164643454924,0.0
agentmemorybench:fact-mh-262k:context-0/factconsolidation_mh_262k_no22,3,0,4,1,0.3333333333333333,0.6666666666666666,0.2942149690687251,0.9399133482480644,0.6456983791793394,0.0
agentmemorybench:fact-mh-262k:context-0/factconsolidation_mh_262k_no22,3,0,4,2,0.3333333333333333,0.6666666666666666,0.2942149690687251,0.6926419799624419,0.39842701089371685,-1.0
agentmemorybench:fact-mh-262k:context-0/factconsolidation_mh_262k_no22,3,0,5,2,0.6666666666666666,1.0,0.9399133482480644,0.999447221350004,0.05953387310193958,-1.0
agentmemorybench:fact-mh-262k:context-0/factconsolidation_mh_262k_no22,3,0,6,1,0.6666666666666666,1.0,0.6926419799624419,0.999447221350004,0.30680524138756204,0.0
agentmemorybench:fact-mh-262k:context-0/factconsolidation_mh_262k_no22,3,1,0,1,0.0,0.3333333333333333,0.0038244841436036,0.9850429137773312,0.9812184296337276,0.0
agentmemorybench:fact-mh-262k:context-0/factconsolidation_mh_262k_no22,3,1,0,2,0.0,0.3333333333333333,0.0038244841436036,0.1329642376210142,0.1291397534774106,-1.0
agentmemorybench:fact-mh-262k:context-0/factconsolidation_mh_262k_no22,3,1,0,3,0.0,0.3333333333333333,0.0038244841436036,0.1127954059100937,0.10897092176649009,0.0
agentmemorybench:fact-mh-262k:context-0/factconsolidation_mh_262k_no22,3,1,1,2,0.3333333333333333,0.6666666666666666,0.9850429137773312,0.9883127407080392,0.0032698269307079864,-1.0
agentmemorybench:fact-mh-262k:context-0/factconsolidation_mh_262k_no22,3,1,1,3,0.3333333333333333,0.6666666666666666,0.9850429137773312,0.986777180015793,0.0017342662384617347,0.0
agentmemorybench:fact-mh-262k:context-0/factconsolidation_mh_262k_no22,3,1,2,1,0.3333333333333333,0.6666666666666666,0.1329642376210142,0.9883127407080392,0.855348503087025,0.0
agentmemorybench:fact-mh-262k:context-0/factconsolidation_mh_262k_no22,3,1,2,3,0.3333333333333333,0.6666666666666666,0.1329642376210142,0.6654105554292292,0.532446317808215,0.0
agentmemorybench:fact-mh-262k:context-0/factconsolidation_mh_262k_no22,3,1,3,3,0.6666666666666666,1.0,0.9883127407080392,0.999808895699156,0.01149615499111678,0.0
agentmemorybench:fact-mh-262k:context-0/factconsolidation_mh_262k_no22,3,1,4,1,0.3333333333333333,0.6666666666666666,0.1127954059100937,0.986777180015793,0.8739817741056992,0.0
agentmemorybench:fact-mh-262k:context-0/factconsolidation_mh_262k_no22,3,1,4,2,0.3333333333333333,0.6666666666666666,0.1127954059100937,0.6654105554292292,0.5526151495191355,-1.0
agentmemorybench:fact-mh-262k:context-0/factconsolidation_mh_262k_no22,3,1,5,2,0.6666666666666666,1.0,0.986777180015793,0.999808895699156,0.013031715683363032,-1.0
agentmemorybench:fact-mh-262k:context-0/factconsolidation_mh_262k_no22,3,1,6,1,0.6666666666666666,1.0,0.6654105554292292,0.999808895699156,0.33439834026992676,0.0
agentmemorybench:fact-mh-262k:context-0/factconsolidation_mh_262k_no23,2,0,0,1,0.0,0.5,0.0010322309660492,0.8670357649558007,0.8660035339897515,2.0
agentmemorybench:fact-mh-262k:context-0/factconsolidation_mh_262k_no23,2,0,0,2,0.0,0.5,0.0010322309660492,0.0474258721677897,0.0463936412017405,0.0
agentmemorybench:fact-mh-262k:context-0/factconsolidation_mh_262k_no23,2,0,1,2,0.5,1.0,0.8670357649558007,0.9999251537727354,0.13288938881693468,0.0
agentmemorybench:fact-mh-262k:context-0/factconsolidation_mh_262k_no23,2,0,2,1,0.5,1.0,0.0474258721677897,0.9999251537727354,0.9524992816049457,2.0
agentmemorybench:fact-mh-262k:context-0/factconsolidation_mh_262k_no23,2,1,0,1,0.0,0.5,0.0013250223323324,0.7549149813536518,0.7535899590213193,2.0
agentmemorybench:fact-mh-262k:context-0/factconsolidation_mh_262k_no23,2,1,0,2,0.0,0.5,0.0013250223323324,0.0103281524431492,0.0090031301108168,0.0
agentmemorybench:fact-mh-262k:context-0/factconsolidation_mh_262k_no23,2,1,1,2,0.5,1.0,0.7549149813536518,0.9990889489759888,0.244173967622337,0.0
agentmemorybench:fact-mh-262k:context-0/factconsolidation_mh_262k_no23,2,1,2,1,0.5,1.0,0.0103281524431492,0.9990889489759888,0.9887607965328395,2.0
agentmemorybench:fact-mh-262k:context-0/factconsolidation_mh_262k_no24,2,0,0,1,0.0,0.5,0.0085774839326935,0.9968273177208256,0.988249833788132,-2.0
agentmemorybench:fact-mh-262k:context-0/factconsolidation_mh_262k_no24,2,0,0,2,0.0,0.5,0.0085774839326935,0.1066906045971184,0.0981131206644249,-3.0
agentmemorybench:fact-mh-262k:context-0/factconsolidation_mh_262k_no24,2,0,1,2,0.5,1.0,0.9968273177208256,0.9999724642990496,0.0031451465782240673,-3.0
agentmemorybench:fact-mh-262k:context-0/factconsolidation_mh_262k_no24,2,0,2,1,0.5,1.0,0.1066906045971184,0.9999724642990496,0.8932818597019312,-2.0
agentmemorybench:fact-mh-262k:context-0/factconsolidation_mh_262k_no24,2,1,0,1,0.0,0.5,0.0085774842811684,0.9988304899848937,0.9902530057037252,-2.0
agentmemorybench:fact-mh-262k:context-0/factconsolidation_mh_262k_no24,2,1,0,2,0.0,0.5,0.0085774842811684,0.0420877265639078,0.0335102422827394,-3.0
agentmemorybench:fact-mh-262k:context-0/factconsolidation_mh_262k_no24,2,1,1,2,0.5,1.0,0.9988304899848937,0.9998601779591488,0.0010296879742551779,-3.0
agentmemorybench:fact-mh-262k:context-0/factconsolidation_mh_262k_no24,2,1,2,1,0.5,1.0,0.0420877265639078,0.9998601779591488,0.957772451395241,-2.0
agentmemorybench:fact-mh-262k:context-0/factconsolidation_mh_262k_no26,2,0,0,1,0.0,0.5,0.0035936022337696,0.8354835432479661,0.8318899410141966,1.0
agentmemorybench:fact-mh-262k:context-0/factconsolidation_mh_262k_no26,2,0,0,2,0.0,0.5,0.0035936022337696,0.0179862061457668,0.014392603911997199,1.0
agentmemorybench:fact-mh-262k:context-0/factconsolidation_mh_262k_no26,2,0,1,2,0.5,1.0,0.8354835432479661,0.9992903295273404,0.16380678627937428,1.0
agentmemorybench:fact-mh-262k:context-0/factconsolidation_mh_262k_no26,2,0,2,1,0.5,1.0,0.0179862061457668,0.9992903295273404,0.9813041233815736,1.0
agentmemorybench:fact-mh-262k:context-0/factconsolidation_mh_262k_no26,2,1,0,1,0.0,0.5,0.0021827166562962,0.7772998560157665,0.7751171393594702,1.0
agentmemorybench:fact-mh-262k:context-0/factconsolidation_mh_262k_no26,2,1,0,2,0.0,0.5,0.0021827166562962,0.0600866453350284,0.0579039286787322,1.0
agentmemorybench:fact-mh-262k:context-0/factconsolidation_mh_262k_no26,2,1,1,2,0.5,1.0,0.7772998560157665,0.9978172838457268,0.2205174278299603,1.0
agentmemorybench:fact-mh-262k:context-0/factconsolidation_mh_262k_no26,2,1,2,1,0.5,1.0,0.0600866453350284,0.9978172838457268,0.9377306385106984,1.0
agentmemorybench:fact-mh-262k:context-0/factconsolidation_mh_262k_no28,2,0,0,1,0.0,0.5,0.0075772421958092,0.9465966722716814,0.9390194300758722,-3.0
agentmemorybench:fact-mh-262k:context-0/factconsolidation_mh_262k_no28,2,0,0,2,0.0,0.5,0.0075772421958092,0.0203323535652703,0.0127551113694611,-1.0
agentmemorybench:fact-mh-262k:context-0/factconsolidation_mh_262k_no28,2,0,1,2,0.5,1.0,0.9465966722716814,0.9988304899823096,0.05223381771062818,-1.0
agentmemorybench:fact-mh-262k:context-0/factconsolidation_mh_262k_no28,2,0,2,1,0.5,1.0,0.0203323535652703,0.9988304899823096,0.9784981364170393,-3.0
agentmemorybench:fact-mh-262k:context-0/factconsolidation_mh_262k_no28,2,1,0,1,0.0,0.5,0.0031726828726757,0.966914024948248,0.9637413420755723,-3.0
agentmemorybench:fact-mh-262k:context-0/factconsolidation_mh_262k_no28,2,1,0,2,0.0,0.5,0.0031726828726757,0.017986208613218,0.0148135257405423,-1.0
agentmemorybench:fact-mh-262k:context-0/factconsolidation_mh_262k_no28,2,1,1,2,0.5,1.0,0.966914024948248,0.9959298623907528,0.0290158374425048,-1.0
agentmemorybench:fact-mh-262k:context-0/factconsolidation_mh_262k_no28,2,1,2,1,0.5,1.0,0.017986208613218,0.9959298623907528,0.9779436537775348,-3.0
agentmemorybench:fact-mh-262k:context-0/factconsolidation_mh_262k_no29,2,0,0,1,0.0,0.5,0.0052201256693771,0.7981867849406659,0.7929666592712887,0.0
agentmemorybench:fact-mh-262k:context-0/factconsolidation_mh_262k_no29,2,0,0,2,0.0,0.5,0.0052201256693771,0.0066928519675502,0.0014727262981731005,-2.0
agentmemorybench:fact-mh-262k:context-0/factconsolidation_mh_262k_no29,2,0,1,2,0.5,1.0,0.7981867849406659,0.9971990724410924,0.19901228750042654,-2.0
agentmemorybench:fact-mh-262k:context-0/factconsolidation_mh_262k_no29,2,0,2,1,0.5,1.0,0.0066928519675502,0.9971990724410924,0.9905062204735422,0.0
agentmemorybench:fact-mh-262k:context-0/factconsolidation_mh_262k_no29,2,1,0,1,0.0,0.5,0.0040701378102756,0.9241418116217418,0.9200716738114662,0.0
agentmemorybench:fact-mh-262k:context-0/factconsolidation_mh_262k_no29,2,1,0,2,0.0,0.5,0.0040701378102756,0.0097084780573679,0.0056383402470923,-2.0
agentmemorybench:fact-mh-262k:context-0/factconsolidation_mh_262k_no29,2,1,1,2,0.5,1.0,0.9241418116217418,0.99867497734509,0.07453316572334823,-2.0
agentmemorybench:fact-mh-262k:context-0/factconsolidation_mh_262k_no29,2,1,2,1,0.5,1.0,0.0097084780573679,0.99867497734509,0.9889664992877222,0.0
agentmemorybench:fact-mh-262k:context-0/factconsolidation_mh_262k_no3,2,0,0,1,0.0,0.5,0.0062899017599774,0.9850429110055836,0.9787530092456063,3.0
agentmemorybench:fact-mh-262k:context-0/factconsolidation_mh_262k_no3,2,0,0,2,0.0,0.5,0.0062899017599774,0.5312093733737563,0.5249194716137789,-3.0
agentmemorybench:fact-mh-262k:context-0/factconsolidation_mh_262k_no3,2,0,1,2,0.5,1.0,0.9850429110055836,0.9996646499690226,0.01462173896343899,-3.0
agentmemorybench:fact-mh-262k:context-0/factconsolidation_mh_262k_no3,2,0,2,1,0.5,1.0,0.5312093733737563,0.9996646499690226,0.4684552765952663,3.0
agentmemorybench:fact-mh-262k:context-0/factconsolidation_mh_262k_no3,2,1,0,1,0.0,0.5,0.0109869402625216,0.9950945943386024,0.9841076540760808,3.0
agentmemorybench:fact-mh-262k:context-0/factconsolidation_mh_262k_no3,2,1,0,2,0.0,0.5,0.0109869402625216,0.5156199157230156,0.504632975460494,-3.0
agentmemorybench:fact-mh-262k:context-0/factconsolidation_mh_262k_no3,2,1,1,2,0.5,1.0,0.9950945943386024,0.9997834560071438,0.004688861668541433,-3.0
agentmemorybench:fact-mh-262k:context-0/factconsolidation_mh_262k_no3,2,1,2,1,0.5,1.0,0.5156199157230156,0.9997834560071438,0.4841635402841282,3.0
agentmemorybench:fact-mh-262k:context-0/factconsolidation_mh_262k_no30,2,0,0,1,0.0,0.5,0.0052201252752234,0.8519528076067262,0.8467326823315028,1.0
agentmemorybench:fact-mh-262k:context-0/factconsolidation_mh_262k_no30,2,0,0,2,0.0,0.5,0.0052201252752234,0.5,0.4947798747247766,1.0
agentmemorybench:fact-mh-262k:context-0/factconsolidation_mh_262k_no30,2,0,1,2,0.5,1.0,0.8519528076067262,0.9991959142315604,0.1472431066248342,1.0
agentmemorybench:fact-mh-262k:context-0/factconsolidation_mh_262k_no30,2,0,2,1,0.5,1.0,0.5,0.9991959142315604,0.4991959142315604,1.0
agentmemorybench:fact-mh-262k:context-0/factconsolidation_mh_262k_no30,2,1,0,1,0.0,0.5,0.0109869439765486,0.867035771827307,0.8560488278507583,1.0
agentmemorybench:fact-mh-262k:context-0/factconsolidation_mh_262k_no30,2,1,0,2,0.0,0.5,0.0109869439765486,0.5621765008857981,0.5511895569092494,1.0
agentmemorybench:fact-mh-262k:context-0/factconsolidation_mh_262k_no30,2,1,1,2,0.5,1.0,0.867035771827307,0.999447221320338,0.13241144949303107,1.0
agentmemorybench:fact-mh-262k:context-0/factconsolidation_mh_262k_no30,2,1,2,1,0.5,1.0,0.5621765008857981,0.999447221320338,0.43727072043453996,1.0
agentmemorybench:fact-mh-262k:context-0/factconsolidation_mh_262k_no31,2,0,0,1,0.0,0.5,0.651354857898194,0.6224593382055109,-0.028895519692683114,-1.0
agentmemorybench:fact-mh-262k:context-0/factconsolidation_mh_262k_no31,2,0,0,2,0.0,0.5,0.651354857898194,0.7310585786300049,0.07970372073181087,2.0
agentmemorybench:fact-mh-262k:context-0/factconsolidation_mh_262k_no31,2,0,1,2,0.5,1.0,0.6224593382055109,0.9999921107383548,0.3775327725328439,2.0
agentmemorybench:fact-mh-262k:context-0/factconsolidation_mh_262k_no31,2,0,2,1,0.5,1.0,0.7310585786300049,0.9999921107383548,0.2689335321083499,-1.0
agentmemorybench:fact-mh-262k:context-0/factconsolidation_mh_262k_no31,2,1,0,1,0.0,0.5,0.2689414155105029,0.6791786861878392,0.4102372706773363,-1.0
agentmemorybench:fact-mh-262k:context-0/factconsolidation_mh_262k_no31,2,1,0,2,0.0,0.5,0.2689414155105029,0.731058584489497,0.46211716897899413,2.0
agentmemorybench:fact-mh-262k:context-0/factconsolidation_mh_262k_no31,2,1,1,2,0.5,1.0,0.6791786861878392,0.999959936307828,0.3207812501199888,2.0
agentmemorybench:fact-mh-262k:context-0/factconsolidation_mh_262k_no31,2,1,2,1,0.5,1.0,0.731058584489497,0.999959936307828,0.26890135181833097,-1.0
agentmemorybench:fact-mh-262k:context-0/factconsolidation_mh_262k_no32,4,0,0,1,0.0,0.25,0.0275852803531319,0.2942149659744614,0.2666296856213295,-1.0
agentmemorybench:fact-mh-262k:context-0/factconsolidation_mh_262k_no32,4,0,0,2,0.0,0.25,0.0275852803531319,0.3775406687981454,0.3499553884450135,-1.0
agentmemorybench:fact-mh-262k:context-0/factconsolidation_mh_262k_no32,4,0,0,3,0.0,0.25,0.0275852803531319,0.0259573560439859,-0.0016279243091459998,-1.0
agentmemorybench:fact-mh-262k:context-0/factconsolidation_mh_262k_no32,4,0,0,4,0.0,0.25,0.0275852803531319,0.0953494629710942,0.0677641826179623,0.0
agentmemorybench:fact-mh-262k:context-0/factconsolidation_mh_262k_no32,4,0,1,2,0.25,0.5,0.2942149659744614,0.70578501855422,0.41157005257975865,-1.0
agentmemorybench:fact-mh-262k:context-0/factconsolidation_mh_262k_no32,4,0,1,3,0.25,0.5,0.2942149659744614,0.3208213040714954,0.026606338097034,-1.0
agentmemorybench:fact-mh-262k:context-0/factconsolidation_mh_262k_no32,4,0,1,4,0.25,0.5,0.2942149659744614,0.5926665999540697,0.2984516339796083,0.0
agentmemorybench:fact-mh-262k:context-0/factconsolidation_mh_262k_no32,4,0,2,1,0.25,0.5,0.3775406687981454,0.70578501855422,0.32824434975607464,-1.0
agentmemorybench:fact-mh-262k:context-0/factconsolidation_mh_262k_no32,4,0,2,3,0.25,0.5,0.3775406687981454,0.6654105653819835,0.2878698965838381,-1.0
agentmemorybench:fact-mh-262k:context-0/factconsolidation_mh_262k_no32,4,0,2,4,0.25,0.5,0.3775406687981454,0.7185944016106377,0.3410537328124923,0.0
agentmemorybench:fact-mh-262k:context-0/factconsolidation_mh_262k_no32,4,0,3,3,0.5,0.75,0.70578501855422,0.8670357598021706,0.16125074124795058,-1.0
agentmemorybench:fact-mh-262k:context-0/factconsolidation_mh_262k_no32,4,0,3,4,0.5,0.75,0.70578501855422,0.8438951005915208,0.1381100820373008,0.0
agentmemorybench:fact-mh-262k:context-0/factconsolidation_mh_262k_no32,4,0,4,1,0.25,0.5,0.0259573560439859,0.3208213040714954,0.2948639480275095,-1.0
agentmemorybench:fact-mh-262k:context-0/factconsolidation_mh_262k_no32,4,0,4,2,0.25,0.5,0.0259573560439859,0.6654105653819835,0.6394532093379977,-1.0
agentmemorybench:fact-mh-262k:context-0/factconsolidation_mh_262k_no32,4,0,4,4,0.25,0.5,0.0259573560439859,0.6926419894793248,0.6666846334353389,0.0
agentmemorybench:fact-mh-262k:context-0/factconsolidation_mh_262k_no32,4,0,5,2,0.5,0.75,0.3208213040714954,0.8670357598021706,0.5462144557306752,-1.0
agentmemorybench:fact-mh-262k:context-0/factconsolidation_mh_262k_no32,4,0,5,4,0.5,0.75,0.3208213040714954,0.919642530076595,0.5988212260050996,0.0
agentmemorybench:fact-mh-262k:context-0/factconsolidation_mh_262k_no32,4,0,6,1,0.5,0.75,0.6654105653819835,0.8670357598021706,0.20162519442018711,-1.0
agentmemorybench:fact-mh-262k:context-0/factconsolidation_mh_262k_no32,4,0,6,4,0.5,0.75,0.6654105653819835,0.997368325852168,0.33195776047018444,0.0
agentmemorybench:fact-mh-262k:context-0/factconsolidation_mh_262k_no32,4,0,7,4,0.75,1.0,0.8670357598021706,0.999860177967603,0.13282441816543233,0.0
agentmemorybench:fact-mh-262k:context-0/factconsolidation_mh_262k_no32,4,0,8,1,0.25,0.5,0.0953494629710942,0.5926665999540697,0.49731713698297547,-1.0
agentmemorybench:fact-mh-262k:context-0/factconsolidation_mh_262k_no32,4,0,8,2,0.25,0.5,0.0953494629710942,0.7185944016106377,0.6232449386395436,-1.0
agentmemorybench:fact-mh-262k:context-0/factconsolidation_mh_262k_no32,4,0,8,3,0.25,0.5,0.0953494629710942,0.6926419894793248,0.5972925265082305,-1.0
agentmemorybench:fact-mh-262k:context-0/factconsolidation_mh_262k_no32,4,0,9,2,0.5,0.75,0.5926665999540697,0.8438951005915208,0.25122850063745117,-1.0
agentmemorybench:fact-mh-262k:context-0/factconsolidation_mh_262k_no32,4,0,9,3,0.5,0.75,0.5926665999540697,0.919642530076595,0.32697593012252535,-1.0
agentmemorybench:fact-mh-262k:context-0/factconsolidation_mh_262k_no32,4,0,10,1,0.5,0.75,0.7185944016106377,0.8438951005915208,0.12530069898088314,-1.0
agentmemorybench:fact-mh-262k:context-0/factconsolidation_mh_262k_no32,4,0,10,3,0.5,0.75,0.7185944016106377,0.997368325852168,0.27877392424153025,-1.0
agentmemorybench:fact-mh-262k:context-0/factconsolidation_mh_262k_no32,4,0,11,3,0.75,1.0,0.8438951005915208,0.999860177967603,0.15596507737608212,-1.0
agentmemorybench:fact-mh-262k:context-0/factconsolidation_mh_262k_no32,4,0,12,1,0.5,0.75,0.6926419894793248,0.919642530076595,0.22700054059727026,-1.0
agentmemorybench:fact-mh-262k:context-0/factconsolidation_mh_262k_no32,4,0,12,2,0.5,0.75,0.6926419894793248,0.997368325852168,0.3047263363728432,-1.0
agentmemorybench:fact-mh-262k:context-0/factconsolidation_mh_262k_no32,4,0,13,2,0.75,1.0,0.919642530076595,0.999860177967603,0.08021764789100794,-1.0
agentmemorybench:fact-mh-262k:context-0/factconsolidation_mh_262k_no32,4,0,14,1,0.75,1.0,0.997368325852168,0.999860177967603,0.0024918521154350115,-1.0
agentmemorybench:fact-mh-262k:context-0/factconsolidation_mh_262k_no32,4,1,0,1,0.0,0.25,0.0097084781692922,0.5774953651858118,0.5677868870165196,-1.0
agentmemorybench:fact-mh-262k:context-0/factconsolidation_mh_262k_no32,4,1,0,2,0.0,0.25,0.0097084781692922,0.3923368301671083,0.3826283519978161,-1.0
agentmemorybench:fact-mh-262k:context-0/factconsolidation_mh_262k_no32,4,1,0,3,0.0,0.25,0.0097084781692922,0.0259573575745514,0.016248879405259202,-1.0
agentmemorybench:fact-mh-262k:context-0/factconsolidation_mh_262k_no32,4,1,0,4,0.0,0.25,0.0097084781692922,0.0600866494376412,0.050378171268349,0.0
agentmemorybench:fact-mh-262k:context-0/factconsolidation_mh_262k_no32,4,1,1,2,0.25,0.5,0.5774953651858118,0.867035763237924,0.2895403980521122,-1.0
agentmemorybench:fact-mh-262k:context-0/factconsolidation_mh_262k_no32,4,1,1,3,0.25,0.5,0.5774953651858118,0.7057850247427475,0.12828965955693572,-1.0
agentmemorybench:fact-mh-262k:context-0/factconsolidation_mh_262k_no32,4,1,1,4,0.25,0.5,0.5774953651858118,0.70578501855422,0.12828965336840825,0.0
agentmemorybench:fact-mh-262k:context-0/factconsolidation_mh_262k_no32,4,1,2,1,0.25,0.5,0.3923368301671083,0.867035763237924,0.4746989330708157,-1.0
agentmemorybench:fact-mh-262k:context-0/factconsolidation_mh_262k_no32,4,1,2,3,0.25,0.5,0.3923368301671083,0.7981867777396212,0.4058499475725129,-1.0
agentmemorybench:fact-mh-262k:context-0/factconsolidation_mh_262k_no32,4,1,2,4,0.25,0.5,0.3923368301671083,0.6791786959285045,0.28684186576139625,0.0
agentmemorybench:fact-mh-262k:context-0/factconsolidation_mh_262k_no32,4,1,3,3,0.5,0.75,0.867035763237924,0.9553191315559892,0.08828336831806527,-1.0
agentmemorybench:fact-mh-262k:context-0/factconsolidation_mh_262k_no32,4,1,3,4,0.5,0.75,0.867035763237924,0.9525741280005064,0.08553836476258248,0.0
agentmemorybench:fact-mh-262k:context-0/factconsolidation_mh_262k_no32,4,1,4,1,0.25,0.5,0.0259573575745514,0.7057850247427475,0.6798276671681961,-1.0
agentmemorybench:fact-mh-262k:context-0/factconsolidation_mh_262k_no32,4,1,4,2,0.25,0.5,0.0259573575745514,0.7981867777396212,0.7722294201650698,-1.0
agentmemorybench:fact-mh-262k:context-0/factconsolidation_mh_262k_no32,4,1,4,4,0.25,0.5,0.0259573575745514,0.2568319913875188,0.23087463381296738,0.0
agentmemorybench:fact-mh-262k:context-0/factconsolidation_mh_262k_no32,4,1,5,2,0.5,0.75,0.7057850247427475,0.9553191315559892,0.24953410681324173,-1.0
agentmemorybench:fact-mh-262k:context-0/factconsolidation_mh_262k_no32,4,1,5,4,0.5,0.75,0.7057850247427475,0.9149009544128984,0.2091159296701509,0.0
agentmemorybench:fact-mh-262k:context-0/factconsolidation_mh_262k_no32,4,1,6,1,0.5,0.75,0.7981867777396212,0.9553191315559892,0.15713235381636803,-1.0
agentmemorybench:fact-mh-262k:context-0/factconsolidation_mh_262k_no32,4,1,6,4,0.5,0.75,0.7981867777396212,0.9525741300200604,0.1543873522804392,0.0
agentmemorybench:fact-mh-262k:context-0/factconsolidation_mh_262k_no32,4,1,7,4,0.75,1.0,0.9553191315559892,0.9985896415187938,0.04327050996280457,0.0
agentmemorybench:fact-mh-262k:context-0/factconsolidation_mh_262k_no32,4,1,8,1,0.25,0.5,0.0600866494376412,0.70578501855422,0.6456983691165789,-1.0
agentmemorybench:fact-mh-262k:context-0/factconsolidation_mh_262k_no32,4,1,8,2,0.25,0.5,0.0600866494376412,0.6791786959285045,0.6190920464908634,-1.0
agentmemorybench:fact-mh-262k:context-0/factconsolidation_mh_262k_no32,4,1,8,3,0.25,0.5,0.0600866494376412,0.2568319913875188,0.19674534194987758,-1.0
agentmemorybench:fact-mh-262k:context-0/factconsolidation_mh_262k_no32,4,1,9,2,0.5,0.75,0.70578501855422,0.9525741280005064,0.2467891094462864,-1.0
agentmemorybench:fact-mh-262k:context-0/factconsolidation_mh_262k_no32,4,1,9,3,0.5,0.75,0.70578501855422,0.9149009544128984,0.20911593585867838,-1.0
agentmemorybench:fact-mh-262k:context-0/factconsolidation_mh_262k_no32,4,1,10,1,0.5,0.75,0.6791786959285045,0.9525741280005064,0.2733954320720019,-1.0
agentmemorybench:fact-mh-262k:context-0/factconsolidation_mh_262k_no32,4,1,10,3,0.5,0.75,0.6791786959285045,0.9525741300200604,0.27339543409155587,-1.0
agentmemorybench:fact-mh-262k:context-0/factconsolidation_mh_262k_no32,4,1,11,3,0.75,1.0,0.9525741280005064,0.9985896415187938,0.046015513518287365,-1.0
agentmemorybench:fact-mh-262k:context-0/factconsolidation_mh_262k_no32,4,1,12,1,0.5,0.75,0.2568319913875188,0.9149009544128984,0.6580689630253796,-1.0
agentmemorybench:fact-mh-262k:context-0/factconsolidation_mh_262k_no32,4,1,12,2,0.5,0.75,0.2568319913875188,0.9525741300200604,0.6957421386325416,-1.0
agentmemorybench:fact-mh-262k:context-0/factconsolidation_mh_262k_no32,4,1,13,2,0.75,1.0,0.9149009544128984,0.9985896415187938,0.08368868710589539,-1.0
agentmemorybench:fact-mh-262k:context-0/factconsolidation_mh_262k_no32,4,1,14,1,0.75,1.0,0.9525741300200604,0.9985896415187938,0.0460155114987334,-1.0
agentmemorybench:fact-mh-262k:context-0/factconsolidation_mh_262k_no34,3,0,0,1,0.0,0.3333333333333333,0.021615333904999,0.1329642505050895,0.1113489166000905,1.0
agentmemorybench:fact-mh-262k:context-0/factconsolidation_mh_262k_no34,3,0,0,2,0.0,0.3333333333333333,0.021615333904999,0.3486451421018059,0.32702980819680694,0.0
agentmemorybench:fact-mh-262k:context-0/factconsolidation_mh_262k_no34,3,0,0,3,0.0,0.3333333333333333,0.021615333904999,0.0600866550129871,0.0384713211079881,-3.0
agentmemorybench:fact-mh-262k:context-0/factconsolidation_mh_262k_no34,3,0,1,2,0.3333333333333333,0.6666666666666666,0.1329642505050895,0.9626731103801984,0.8297088598751089,0.0
agentmemorybench:fact-mh-262k:context-0/factconsolidation_mh_262k_no34,3,0,1,3,0.3333333333333333,0.6666666666666666,0.1329642505050895,0.2450850131323717,0.11212076262728218,-3.0
agentmemorybench:fact-mh-262k:context-0/factconsolidation_mh_262k_no34,3,0,2,1,0.3333333333333333,0.6666666666666666,0.3486451421018059,0.9626731103801984,0.6140279682783925,1.0
agentmemorybench:fact-mh-262k:context-0/factconsolidation_mh_262k_no34,3,0,2,3,0.3333333333333333,0.6666666666666666,0.3486451421018059,0.7310585903489892,0.3824134482471833,-3.0
agentmemorybench:fact-mh-262k:context-0/factconsolidation_mh_262k_no34,3,0,3,3,0.6666666666666666,1.0,0.9626731103801984,0.9978172830825502,0.03514417270235182,-3.0
agentmemorybench:fact-mh-262k:context-0/factconsolidation_mh_262k_no34,3,0,4,1,0.3333333333333333,0.6666666666666666,0.0600866550129871,0.2450850131323717,0.1849983581193846,1.0
agentmemorybench:fact-mh-262k:context-0/factconsolidation_mh_262k_no34,3,0,4,2,0.3333333333333333,0.6666666666666666,0.0600866550129871,0.7310585903489892,0.6709719353360022,0.0
agentmemorybench:fact-mh-262k:context-0/factconsolidation_mh_262k_no34,3,0,5,2,0.6666666666666666,1.0,0.2450850131323717,0.9978172830825502,0.7527322699501786,0.0
agentmemorybench:fact-mh-262k:context-0/factconsolidation_mh_262k_no34,3,0,6,1,0.6666666666666666,1.0,0.7310585903489892,0.9978172830825502,0.266758692733561,1.0
agentmemorybench:fact-mh-262k:context-0/factconsolidation_mh_262k_no34,3,1,0,1,0.0,0.3333333333333333,0.0203323532684548,0.1824255238063563,0.16209317053790148,1.0
agentmemorybench:fact-mh-262k:context-0/factconsolidation_mh_262k_no34,3,1,0,2,0.0,0.3333333333333333,0.0203323532684548,0.0953494655417812,0.0750171122733264,0.0
agentmemorybench:fact-mh-262k:context-0/factconsolidation_mh_262k_no34,3,1,0,3,0.0,0.3333333333333333,0.0203323532684548,0.0474258726726782,0.027093519404223398,-3.0
agentmemorybench:fact-mh-262k:context-0/factconsolidation_mh_262k_no34,3,1,1,2,0.3333333333333333,0.6666666666666666,0.1824255238063563,0.9196425289753968,0.7372170051690405,0.0
agentmemorybench:fact-mh-262k:context-0/factconsolidation_mh_262k_no34,3,1,1,3,0.3333333333333333,0.6666666666666666,0.1824255238063563,0.5,0.3175744761936437,-3.0
agentmemorybench:fact-mh-262k:context-0/factconsolidation_mh_262k_no34,3,1,2,1,0.3333333333333333,0.6666666666666666,0.0953494655417812,0.9196425289753968,0.8242930634336156,1.0
agentmemorybench:fact-mh-262k:context-0/factconsolidation_mh_262k_no34,3,1,2,3,0.3333333333333333,0.6666666666666666,0.0953494655417812,0.4687906266262437,0.3734411610844625,-3.0
agentmemorybench:fact-mh-262k:context-0/factconsolidation_mh_262k_no34,3,1,3,3,0.6666666666666666,1.0,0.9196425289753968,0.9902915218172768,0.07064899284187998,-3.0
agentmemorybench:fact-mh-262k:context-0/factconsolidation_mh_262k_no34,3,1,4,1,0.3333333333333333,0.6666666666666666,0.0474258726726782,0.5,0.45257412732732183,1.0
agentmemorybench:fact-mh-262k:context-0/factconsolidation_mh_262k_no34,3,1,4,2,0.3333333333333333,0.6666666666666666,0.0474258726726782,0.4687906266262437,0.42136475395356554,0.0
agentmemorybench:fact-mh-262k:context-0/factconsolidation_mh_262k_no34,3,1,5,2,0.6666666666666666,1.0,0.5,0.9902915218172768,0.49029152181727675,0.0
agentmemorybench:fact-mh-262k:context-0/factconsolidation_mh_262k_no34,3,1,6,1,0.6666666666666666,1.0,0.4687906266262437,0.9902915218172768,0.521500895191033,1.0
agentmemorybench:fact-mh-262k:context-0/factconsolidation_mh_262k_no37,2,0,0,1,0.0,0.5,0.001501182149595,0.97702262799921,0.975521445849615,0.0
agentmemorybench:fact-mh-262k:context-0/factconsolidation_mh_262k_no37,2,0,0,2,0.0,0.5,0.001501182149595,0.8354835432479661,0.8339823610983711,0.0
agentmemorybench:fact-mh-262k:context-0/factconsolidation_mh_262k_no37,2,0,1,2,0.5,1.0,0.97702262799921,0.9999832985841284,0.022960670584918352,0.0
agentmemorybench:fact-mh-262k:context-0/factconsolidation_mh_262k_no37,2,0,2,1,0.5,1.0,0.8354835432479661,0.9999832985841284,0.16449975533616223,0.0
agentmemorybench:fact-mh-262k:context-0/factconsolidation_mh_262k_no37,2,1,0,1,0.0,0.5,0.0028009268461623,0.9820137890838272,0.9792128622376649,0.0
agentmemorybench:fact-mh-262k:context-0/factconsolidation_mh_262k_no37,2,1,0,2,0.0,0.5,0.0028009268461623,0.8519527963298947,0.8491518694837324,0.0
agentmemorybench:fact-mh-262k:context-0/factconsolidation_mh_262k_no37,2,1,1,2,0.5,1.0,0.9820137890838272,0.999948557804729,0.017934768720901828,0.0
agentmemorybench:fact-mh-262k:context-0/factconsolidation_mh_262k_no37,2,1,2,1,0.5,1.0,0.8519527963298947,0.999948557804729,0.1479957614748343,0.0
agentmemorybench:fact-mh-262k:context-0/factconsolidation_mh_262k_no38,2,0,0,1,0.0,0.5,0.0085774855879494,0.9883127409393232,0.9797352553513738,3.0
agentmemorybench:fact-mh-262k:context-0/factconsolidation_mh_262k_no38,2,0,0,2,0.0,0.5,0.0085774855879494,0.3345894379356012,0.3260119523476518,0.0
agentmemorybench:fact-mh-262k:context-0/factconsolidation_mh_262k_no38,2,0,1,2,0.5,1.0,0.9883127409393232,0.9999843104521456,0.011671569512822444,0.0
agentmemorybench:fact-mh-262k:context-0/factconsolidation_mh_262k_no38,2,0,2,1,0.5,1.0,0.3345894379356012,0.9999843104521456,0.6653948725165444,3.0
agentmemorybench:fact-mh-262k:context-0/factconsolidation_mh_262k_no38,2,1,0,1,0.0,0.5,0.0028009271144173,0.9830850840540613,0.980284156939644,3.0
agentmemorybench:fact-mh-262k:context-0/factconsolidation_mh_262k_no38,2,1,0,2,0.0,0.5,0.0028009271144173,0.2120688018671864,0.20926787475276912,0.0
agentmemorybench:fact-mh-262k:context-0/factconsolidation_mh_262k_no38,2,1,1,2,0.5,1.0,0.9830850840540613,0.9998204720552402,0.016735388001178908,0.0
agentmemorybench:fact-mh-262k:context-0/factconsolidation_mh_262k_no38,2,1,2,1,0.5,1.0,0.2120688018671864,0.9998204720552402,0.7877516701880538,3.0
agentmemorybench:fact-mh-262k:context-0/factconsolidation_mh_262k_no39,2,0,0,1,0.0,0.5,0.0066928506054233,0.9149009636941992,0.9082081130887758,3.0
agentmemorybench:fact-mh-262k:context-0/factconsolidation_mh_262k_no39,2,0,0,2,0.0,0.5,0.0066928506054233,0.0109869433288707,0.0042940927234474,4.0
agentmemorybench:fact-mh-262k:context-0/factconsolidation_mh_262k_no39,2,0,1,2,0.5,1.0,0.9149009636941992,0.9978172833325476,0.08291631963834845,4.0
agentmemorybench:fact-mh-262k:context-0/factconsolidation_mh_262k_no39,2,0,2,1,0.5,1.0,0.0109869433288707,0.9978172833325476,0.9868303400036769,3.0
agentmemorybench:fact-mh-262k:context-0/factconsolidation_mh_262k_no39,2,1,0,1,0.0,0.5,0.0040701385011342,0.9669140193469352,0.962843880845801,3.0
agentmemorybench:fact-mh-262k:context-0/factconsolidation_mh_262k_no39,2,1,0,2,0.0,0.5,0.0040701385011342,0.0085774867759323,0.0045073482747981,4.0
agentmemorybench:fact-mh-262k:context-0/factconsolidation_mh_262k_no39,2,1,1,2,0.5,1.0,0.9669140193469352,0.9961755164901944,0.029261497143259207,4.0
agentmemorybench:fact-mh-262k:context-0/factconsolidation_mh_262k_no39,2,1,2,1,0.5,1.0,0.0085774867759323,0.9961755164901944,0.9875980297142621,3.0
agentmemorybench:fact-mh-262k:context-0/factconsolidation_mh_262k_no40,2,0,0,1,0.0,0.5,0.0010322310883735,0.9324533088603708,0.9314210777719973,0.0
agentmemorybench:fact-mh-262k:context-0/factconsolidation_mh_262k_no40,2,0,0,2,0.0,0.5,0.0010322310883735,0.9399133462493552,0.9388811151609817,-2.0
agentmemorybench:fact-mh-262k:context-0/factconsolidation_mh_262k_no40,2,0,1,2,0.5,1.0,0.9324533088603708,0.9999962733593832,0.06754296449901243,-2.0
agentmemorybench:fact-mh-262k:context-0/factconsolidation_mh_262k_no40,2,0,2,1,0.5,1.0,0.9399133462493552,0.9999962733593832,0.06008292711002805,0.0
agentmemorybench:fact-mh-262k:context-0/factconsolidation_mh_262k_no40,2,1,0,1,0.0,0.5,0.0008040859523248,0.9399133439350608,0.9391092579827359,0.0
agentmemorybench:fact-mh-262k:context-0/factconsolidation_mh_262k_no40,2,1,0,2,0.0,0.5,0.0008040859523248,0.966914019466112,0.9661099335137872,-2.0
agentmemorybench:fact-mh-262k:context-0/factconsolidation_mh_262k_no40,2,1,1,2,0.5,1.0,0.9399133439350608,0.9999724643154628,0.060059120380402065,-2.0
agentmemorybench:fact-mh-262k:context-0/factconsolidation_mh_262k_no40,2,1,2,1,0.5,1.0,0.966914019466112,0.9999724643154628,0.03305844484935083,0.0
agentmemorybench:fact-mh-262k:context-0/factconsolidation_mh_262k_no41,2,0,0,1,0.0,0.5,0.0040701370344756,0.6513548511303336,0.6472847140958581,-3.0
agentmemorybench:fact-mh-262k:context-0/factconsolidation_mh_262k_no41,2,0,0,2,0.0,0.5,0.0040701370344756,0.033085975051752,0.0290158380172764,1.0
agentmemorybench:fact-mh-262k:context-0/factconsolidation_mh_262k_no41,2,0,1,2,0.5,1.0,0.6513548511303336,0.9933071490540448,0.3419522979237112,1.0
agentmemorybench:fact-mh-262k:context-0/factconsolidation_mh_262k_no41,2,0,2,1,0.5,1.0,0.033085975051752,0.9933071490540448,0.9602211740022928,-3.0
agentmemorybench:fact-mh-262k:context-0/factconsolidation_mh_262k_no41,2,1,0,1,0.0,0.5,0.0066928496054986,0.5621765008857981,0.5554836512802994,-3.0
agentmemorybench:fact-mh-262k:context-0/factconsolidation_mh_262k_no41,2,1,0,2,0.0,0.5,0.0066928496054986,0.033085979342119,0.0263931297366204,1.0
agentmemorybench:fact-mh-262k:context-0/factconsolidation_mh_262k_no41,2,1,1,2,0.5,1.0,0.5621765008857981,0.9953904277095224,0.4332139268237243,1.0
agentmemorybench:fact-mh-262k:context-0/factconsolidation_mh_262k_no41,2,1,2,1,0.5,1.0,0.033085979342119,0.9953904277095224,0.9623044483674034,-3.0
agentmemorybench:fact-mh-262k:context-0/factconsolidation_mh_262k_no43,2,0,0,1,0.0,0.5,0.0019267344643077,0.7310585727705126,0.7291318383062049,5.0
agentmemorybench:fact-mh-262k:context-0/factconsolidation_mh_262k_no43,2,0,0,2,0.0,0.5,0.0019267344643077,0.0373268868086772,0.035400152344369495,0.0
agentmemorybench:fact-mh-262k:context-0/factconsolidation_mh_262k_no43,2,0,1,2,0.5,1.0,0.7310585727705126,0.9971990724332884,0.26614049966277586,0.0
agentmemorybench:fact-mh-262k:context-0/factconsolidation_mh_262k_no43,2,0,2,1,0.5,1.0,0.0373268868086772,0.9971990724332884,0.9598721856246112,5.0
agentmemorybench:fact-mh-262k:context-0/factconsolidation_mh_262k_no43,2,1,0,1,0.0,0.5,0.0019267349326422,0.7310585786300049,0.7291318436973627,5.0
agentmemorybench:fact-mh-262k:context-0/factconsolidation_mh_262k_no43,2,1,0,2,0.0,0.5,0.0019267349326422,0.007577242917158,0.0056505079845158,0.0
agentmemorybench:fact-mh-262k:context-0/factconsolidation_mh_262k_no43,2,1,1,2,0.5,1.0,0.7310585786300049,0.9991959139450698,0.2681373353150649,0.0
agentmemorybench:fact-mh-262k:context-0/factconsolidation_mh_262k_no43,2,1,2,1,0.5,1.0,0.007577242917158,0.9991959139450698,0.9916186710279118,5.0
agentmemorybench:fact-mh-262k:context-0/factconsolidation_mh_262k_no44,2,0,0,1,0.0,0.5,0.2942149752572525,0.9850429125629764,0.6908279373057239,3.0
agentmemorybench:fact-mh-262k:context-0/factconsolidation_mh_262k_no44,2,0,0,2,0.0,0.5,0.2942149752572525,0.7549149896246166,0.4607000143673641,0.0
agentmemorybench:fact-mh-262k:context-0/factconsolidation_mh_262k_no44,2,0,1,2,0.5,1.0,0.9850429125629764,0.9999623635528596,0.014919450989883232,0.0
agentmemorybench:fact-mh-262k:context-0/factconsolidation_mh_262k_no44,2,0,2,1,0.5,1.0,0.7549149896246166,0.9999623635528596,0.24504737392824305,3.0
agentmemorybench:fact-mh-262k:context-0/factconsolidation_mh_262k_no44,2,1,0,1,0.0,0.5,0.1403362431981134,0.9883127404928912,0.8479764972947779,3.0
agentmemorybench:fact-mh-262k:context-0/factconsolidation_mh_262k_no44,2,1,0,2,0.0,0.5,0.1403362431981134,0.7185943955841166,0.5782581523860033,0.0
agentmemorybench:fact-mh-262k:context-0/factconsolidation_mh_262k_no44,2,1,1,2,0.5,1.0,0.9883127404928912,0.999954602123236,0.011641861630344752,0.0
agentmemorybench:fact-mh-262k:context-0/factconsolidation_mh_262k_no44,2,1,2,1,0.5,1.0,0.7185943955841166,0.999954602123236,0.2813602065391193,3.0
agentmemorybench:fact-mh-262k:context-0/factconsolidation_mh_262k_no45,2,0,0,1,0.0,0.5,0.0009110510243819,0.7310585903489892,0.7301475393246073,1.0
agentmemorybench:fact-mh-262k:context-0/factconsolidation_mh_262k_no45,2,0,0,2,0.0,0.5,0.0009110510243819,0.7549149868676283,0.7540039358432463,1.0
agentmemorybench:fact-mh-262k:context-0/factconsolidation_mh_262k_no45,2,0,1,2,0.5,1.0,0.7310585903489892,0.9996200154926824,0.2685614251436932,1.0
agentmemorybench:fact-mh-262k:context-0/factconsolidation_mh_262k_no45,2,0,2,1,0.5,1.0,0.7549149868676283,0.9996200154926824,0.24470502862505417,1.0
agentmemorybench:fact-mh-262k:context-0/factconsolidation_mh_262k_no45,2,1,0,1,0.0,0.5,0.0021827168890524,0.7549149923816048,0.7527322754925524,1.0
agentmemorybench:fact-mh-262k:context-0/factconsolidation_mh_262k_no45,2,1,0,2,0.0,0.5,0.0021827168890524,0.6791786926816161,0.6769959757925638,1.0
agentmemorybench:fact-mh-262k:context-0/factconsolidation_mh_262k_no45,2,1,1,2,0.5,1.0,0.7549149923816048,0.9989677689070648,0.2440527765254601,1.0
agentmemorybench:fact-mh-262k:context-0/factconsolidation_mh_262k_no45,2,1,2,1,0.5,1.0,0.6791786926816161,0.9989677689070648,0.3197890762254487,1.0
agentmemorybench:fact-mh-262k:context-0/factconsolidation_mh_262k_no46,2,0,0,1,0.0,0.5,0.0031726828918209,0.9740426456278624,0.9708699627360414,2.0
agentmemorybench:fact-mh-262k:context-0/factconsolidation_mh_262k_no46,2,0,0,2,0.0,0.5,0.0031726828918209,0.3486451488696663,0.3454724659778454,1.0
agentmemorybench:fact-mh-262k:context-0/factconsolidation_mh_262k_no46,2,0,1,2,0.5,1.0,0.9740426456278624,0.999841563801861,0.025798918173998597,1.0
agentmemorybench:fact-mh-262k:context-0/factconsolidation_mh_262k_no46,2,0,2,1,0.5,1.0,0.3486451488696663,0.999841563801861,0.6511964149321947,2.0
agentmemorybench:fact-mh-262k:context-0/factconsolidation_mh_262k_no46,2,1,0,1,0.0,0.5,0.0015011823268852,0.9399133451974032,0.938412162870518,2.0
agentmemorybench:fact-mh-262k:context-0/factconsolidation_mh_262k_no46,2,1,0,2,0.0,0.5,0.0015011823268852,0.2450850021044189,0.24358381977753368,1.0
agentmemorybench:fact-mh-262k:context-0/factconsolidation_mh_262k_no46,2,1,1,2,0.5,1.0,0.9399133451974032,0.9995121428790624,0.05959879768165921,1.0
agentmemorybench:fact-mh-262k:context-0/factconsolidation_mh_262k_no46,2,1,2,1,0.5,1.0,0.2450850021044189,0.9995121428790624,0.7544271407746436,2.0
agentmemorybench:fact-mh-262k:context-0/factconsolidation_mh_262k_no48,4,0,0,1,0.0,0.25,0.0109869414263174,0.7057850278370112,0.6947980864106938,0.0
agentmemorybench:fact-mh-262k:context-0/factconsolidation_mh_262k_no48,4,0,0,2,0.0,0.25,0.0109869414263174,0.5926665999540697,0.5816796585277523,-3.0
agentmemorybench:fact-mh-262k:context-0/factconsolidation_mh_262k_no48,4,0,0,3,0.0,0.25,0.0109869414263174,0.0675466911396291,0.05655974971331171,-1.0
agentmemorybench:fact-mh-262k:context-0/factconsolidation_mh_262k_no48,4,0,0,4,0.0,0.25,0.0109869414263174,0.4378234991142019,0.4268365576878845,0.0
agentmemorybench:fact-mh-262k:context-0/factconsolidation_mh_262k_no48,4,0,1,2,0.25,0.5,0.7057850278370112,0.8354835350552604,0.12969850721824916,-3.0
agentmemorybench:fact-mh-262k:context-0/factconsolidation_mh_262k_no48,4,0,1,3,0.25,0.5,0.7057850278370112,0.7310585727705126,0.025273544933501313,-1.0
agentmemorybench:fact-mh-262k:context-0/factconsolidation_mh_262k_no48,4,0,1,4,0.25,0.5,0.7057850278370112,0.8596637523076225,0.15387872447061124,0.0
agentmemorybench:fact-mh-262k:context-0/factconsolidation_mh_262k_no48,4,0,2,1,0.25,0.5,0.5926665999540697,0.8354835350552604,0.24281693510119073,0.0
agentmemorybench:fact-mh-262k:context-0/factconsolidation_mh_262k_no48,4,0,2,3,0.25,0.5,0.5926665999540697,0.9706877712095656,0.37802117125549595,-1.0
agentmemorybench:fact-mh-262k:context-0/factconsolidation_mh_262k_no48,4,0,2,4,0.25,0.5,0.5926665999540697,0.924141819456443,0.33147521950237335,0.0
agentmemorybench:fact-mh-262k:context-0/factconsolidation_mh_262k_no48,4,0,3,3,0.5,0.75,0.8354835350552604,0.9986749778041544,0.16319144274889397,-1.0
agentmemorybench:fact-mh-262k:context-0/factconsolidation_mh_262k_no48,4,0,3,4,0.5,0.75,0.8354835350552604,0.9940889311697508,0.15860539611449043,0.0
agentmemorybench:fact-mh-262k:context-0/factconsolidation_mh_262k_no48,4,0,4,1,0.25,0.5,0.0675466911396291,0.7310585727705126,0.6635118816308835,0.0
agentmemorybench:fact-mh-262k:context-0/factconsolidation_mh_262k_no48,4,0,4,2,0.25,0.5,0.0675466911396291,0.9706877712095656,0.9031410800699365,-3.0
agentmemorybench:fact-mh-262k:context-0/factconsolidation_mh_262k_no48,4,0,4,4,0.25,0.5,0.0675466911396291,0.8933093961129795,0.8257627049733505,0.0
agentmemorybench:fact-mh-262k:context-0/factconsolidation_mh_262k_no48,4,0,5,2,0.5,0.75,0.7310585727705126,0.9986749778041544,0.2676164050336418,-3.0
agentmemorybench:fact-mh-262k:context-0/factconsolidation_mh_262k_no48,4,0,5,4,0.5,0.75,0.7310585727705126,0.9850429123228496,0.253984339552337,0.0
agentmemorybench:fact-mh-262k:context-0/factconsolidation_mh_262k_no48,4,0,6,1,0.5,0.75,0.9706877712095656,0.9986749778041544,0.027987206594588754,0.0
agentmemorybench:fact-mh-262k:context-0/factconsolidation_mh_262k_no48,4,0,6,4,0.5,0.75,0.9706877712095656,0.9984988174795962,0.027811046270030615,0.0
agentmemorybench:fact-mh-262k:context-0/factconsolidation_mh_262k_no48,4,0,7,4,0.75,1.0,0.9986749778041544,0.999998540623692,0.0013235628195376048,0.0
agentmemorybench:fact-mh-262k:context-0/factconsolidation_mh_262k_no48,4,0,8,1,0.25,0.5,0.4378234991142019,0.8596637523076225,0.4218402531934206,0.0
agentmemorybench:fact-mh-262k:context-0/factconsolidation_mh_262k_no48,4,0,8,2,0.25,0.5,0.4378234991142019,0.924141819456443,0.48631832034224115,-3.0
agentmemorybench:fact-mh-262k:context-0/factconsolidation_mh_262k_no48,4,0,8,3,0.25,0.5,0.4378234991142019,0.8933093961129795,0.4554858969987777,-1.0
agentmemorybench:fact-mh-262k:context-0/factconsolidation_mh_262k_no48,4,0,9,2,0.5,0.75,0.8596637523076225,0.9940889311697508,0.13442517886212835,-3.0
agentmemorybench:fact-mh-262k:context-0/factconsolidation_mh_262k_no48,4,0,9,3,0.5,0.75,0.8596637523076225,0.9850429123228496,0.1253791600152271,-1.0
agentmemorybench:fact-mh-262k:context-0/factconsolidation_mh_262k_no48,4,0,10,1,0.5,0.75,0.924141819456443,0.9940889311697508,0.06994711171330781,0.0
agentmemorybench:fact-mh-262k:context-0/factconsolidation_mh_262k_no48,4,0,10,3,0.5,0.75,0.924141819456443,0.9984988174795962,0.07435699802315321,-1.0
agentmemorybench:fact-mh-262k:context-0/factconsolidation_mh_262k_no48,4,0,11,3,0.75,1.0,0.9940889311697508,0.999998540623692,0.005909609453941145,-1.0
agentmemorybench:fact-mh-262k:context-0/factconsolidation_mh_262k_no48,4,0,12,1,0.5,0.75,0.8933093961129795,0.9850429123228496,0.09173351620987003,0.0
agentmemorybench:fact-mh-262k:context-0/factconsolidation_mh_262k_no48,4,0,12,2,0.5,0.75,0.8933093961129795,0.9984988174795962,0.10518942136661669,-3.0
agentmemorybench:fact-mh-262k:context-0/factconsolidation_mh_262k_no48,4,0,13,2,0.75,1.0,0.9850429123228496,0.999998540623692,0.014955628300842405,-3.0
agentmemorybench:fact-mh-262k:context-0/factconsolidation_mh_262k_no48,4,0,14,1,0.75,1.0,0.9984988174795962,0.999998540623692,0.0014997231440957437,0.0
agentmemorybench:fact-mh-262k:context-0/factconsolidation_mh_262k_no48,4,1,0,1,0.0,0.25,0.0420877295677101,0.8519527963298947,0.8098650667621846,0.0
agentmemorybench:fact-mh-262k:context-0/factconsolidation_mh_262k_no48,4,1,0,2,0.0,0.25,0.0420877295677101,0.3208212943308302,0.27873356476312006,-3.0
agentmemorybench:fact-mh-262k:context-0/factconsolidation_mh_262k_no48,4,1,0,3,0.0,0.25,0.0420877295677101,0.0850990397862884,0.0430113102185783,-1.0
agentmemorybench:fact-mh-262k:context-0/factconsolidation_mh_262k_no48,4,1,0,4,0.0,0.25,0.0420877295677101,0.2018132222603788,0.1597254926926687,0.0
agentmemorybench:fact-mh-262k:context-0/factconsolidation_mh_262k_no48,4,1,1,2,0.25,0.5,0.8519527963298947,0.9626731123881443,0.11072031605824961,-3.0
agentmemorybench:fact-mh-262k:context-0/factconsolidation_mh_262k_no48,4,1,1,3,0.25,0.5,0.8519527963298947,0.8872045918531092,0.035251795523214446,-1.0
agentmemorybench:fact-mh-262k:context-0/factconsolidation_mh_262k_no48,4,1,1,4,0.25,0.5,0.8519527963298947,0.8740772368049822,0.022124440475087437,0.0
agentmemorybench:fact-mh-262k:context-0/factconsolidation_mh_262k_no48,4,1,2,1,0.25,0.5,0.3208212943308302,0.9626731123881443,0.6418518180573142,0.0
agentmemorybench:fact-mh-262k:context-0/factconsolidation_mh_262k_no48,4,1,2,3,0.25,0.5,0.3208212943308302,0.6791786926816161,0.35835739835078595,-1.0
agentmemorybench:fact-mh-262k:context-0/factconsolidation_mh_262k_no48,4,1,2,4,0.25,0.5,0.3208212943308302,0.4687906266262437,0.14796933229541354,0.0
agentmemorybench:fact-mh-262k:context-0/factconsolidation_mh_262k_no48,4,1,3,3,0.5,0.75,0.9626731123881443,0.9964063972101564,0.0337332848220121,-1.0
agentmemorybench:fact-mh-262k:context-0/factconsolidation_mh_262k_no48,4,1,3,4,0.5,0.75,0.9626731123881443,0.9961755161797266,0.0335024037915822,0.0
agentmemorybench:fact-mh-262k:context-0/factconsolidation_mh_262k_no48,4,1,4,1,0.25,0.5,0.0850990397862884,0.8872045918531092,0.8021055520668208,0.0
agentmemorybench:fact-mh-262k:context-0/factconsolidation_mh_262k_no48,4,1,4,2,0.25,0.5,0.0850990397862884,0.6791786926816161,0.5940796528953277,-3.0
agentmemorybench:fact-mh-262k:context-0/factconsolidation_mh_262k_no48,4,1,4,4,0.25,0.5,0.0850990397862884,0.4378234991142019,0.35272445932791346,0.0
agentmemorybench:fact-mh-262k:context-0/factconsolidation_mh_262k_no48,4,1,5,2,0.5,0.75,0.8872045918531092,0.9964063972101564,0.10920180535704727,-3.0
agentmemorybench:fact-mh-262k:context-0/factconsolidation_mh_262k_no48,4,1,5,4,0.5,0.75,0.8872045918531092,0.982013788211994,0.09480919635888485,0.0
agentmemorybench:fact-mh-262k:context-0/factconsolidation_mh_262k_no48,4,1,6,1,0.5,0.75,0.6791786926816161,0.9964063972101564,0.3172277045285403,0.0
agentmemorybench:fact-mh-262k:context-0/factconsolidation_mh_262k_no48,4,1,6,4,0.5,0.75,0.6791786926816161,0.8933093961129795,0.21413070343136342,0.0
agentmemorybench:fact-mh-262k:context-0/factconsolidation_mh_262k_no48,4,1,7,4,0.75,1.0,0.9964063972101564,0.999972464305616,0.0035660670954595908,0.0
agentmemorybench:fact-mh-262k:context-0/factconsolidation_mh_262k_no48,4,1,8,1,0.25,0.5,0.2018132222603788,0.8740772368049822,0.6722640145446034,0.0
agentmemorybench:fact-mh-262k:context-0/factconsolidation_mh_262k_no48,4,1,8,2,0.25,0.5,0.2018132222603788,0.4687906266262437,0.2669774043658649,-3.0
agentmemorybench:fact-mh-262k:context-0/factconsolidation_mh_262k_no48,4,1,8,3,0.25,0.5,0.2018132222603788,0.4378234991142019,0.2360102768538231,-1.0
agentmemorybench:fact-mh-262k:context-0/factconsolidation_mh_262k_no48,4,1,9,2,0.5,0.75,0.8740772368049822,0.9961755161797266,0.12209827937474438,-3.0
agentmemorybench:fact-mh-262k:context-0/factconsolidation_mh_262k_no48,4,1,9,3,0.5,0.75,0.8740772368049822,0.982013788211994,0.10793655140701186,-1.0
agentmemorybench:fact-mh-262k:context-0/factconsolidation_mh_262k_no48,4,1,10,1,0.5,0.75,0.4687906266262437,0.9961755161797266,0.5273848895534828,0.0
agentmemorybench:fact-mh-262k:context-0/factconsolidation_mh_262k_no48,4,1,10,3,0.5,0.75,0.4687906266262437,0.8933093961129795,0.42451876948673584,-1.0
agentmemorybench:fact-mh-262k:context-0/factconsolidation_mh_262k_no48,4,1,11,3,0.75,1.0,0.9961755161797266,0.999972464305616,0.0037969481258894877,-1.0
agentmemorybench:fact-mh-262k:context-0/factconsolidation_mh_262k_no48,4,1,12,1,0.5,0.75,0.4378234991142019,0.982013788211994,0.5441902890977921,0.0
agentmemorybench:fact-mh-262k:context-0/factconsolidation_mh_262k_no48,4,1,12,2,0.5,0.75,0.4378234991142019,0.8933093961129795,0.4554858969987777,-3.0
agentmemorybench:fact-mh-262k:context-0/factconsolidation_mh_262k_no48,4,1,13,2,0.75,1.0,0.982013788211994,0.999972464305616,0.017958676093622006,-3.0
agentmemorybench:fact-mh-262k:context-0/factconsolidation_mh_262k_no48,4,1,14,1,0.75,1.0,0.8933093961129795,0.999972464305616,0.10666306819263649,0.0
agentmemorybench:fact-mh-262k:context-0/factconsolidation_mh_262k_no49,2,0,0,1,0.0,0.5,0.0031726829161206,0.9465966762263736,0.943423993310253,3.0
agentmemorybench:fact-mh-262k:context-0/factconsolidation_mh_262k_no49,2,0,0,2,0.0,0.5,0.0031726829161206,0.5621765008857981,0.5590038179696775,4.0
agentmemorybench:fact-mh-262k:context-0/factconsolidation_mh_262k_no49,2,0,1,2,0.5,1.0,0.9465966762263736,0.9990889486443756,0.05249227241800203,4.0
agentmemorybench:fact-mh-262k:context-0/factconsolidation_mh_262k_no49,2,0,2,1,0.5,1.0,0.5621765008857981,0.9990889486443756,0.4369124477585775,3.0
agentmemorybench:fact-mh-262k:context-0/factconsolidation_mh_262k_no49,2,1,0,1,0.0,0.5,0.0059110700164289,0.9525741269907294,0.9466630569743005,3.0
agentmemorybench:fact-mh-262k:context-0/factconsolidation_mh_262k_no49,2,1,0,2,0.0,0.5,0.0059110700164289,0.679178699175393,0.6732676291589641,4.0
agentmemorybench:fact-mh-262k:context-0/factconsolidation_mh_262k_no49,2,1,1,2,0.5,1.0,0.9525741269907294,0.9994472214482956,0.046873094457566156,4.0
agentmemorybench:fact-mh-262k:context-0/factconsolidation_mh_262k_no49,2,1,2,1,0.5,1.0,0.679178699175393,0.9994472214482956,0.3202685222729026,3.0
agentmemorybench:fact-mh-262k:context-0/factconsolidation_mh_262k_no5,4,0,0,1,0.0,0.25,0.0097084752010604,0.3208212975777186,0.3111128223766582,-4.0
agentmemorybench:fact-mh-262k:context-0/factconsolidation_mh_262k_no5,4,0,0,2,0.0,0.25,0.0097084752010604,0.2568319885433443,0.2471235133422839,0.0
agentmemorybench:fact-mh-262k:context-0/factconsolidation_mh_262k_no5,4,0,0,3,0.0,0.25,0.0097084752010604,0.0043315017725418,-0.0053769734285186,1.0
agentmemorybench:fact-mh-262k:context-0/factconsolidation_mh_262k_no5,4,0,0,4,0.0,0.25,0.0097084752010604,0.0149570848162129,0.0052486096151525,-2.0
agentmemorybench:fact-mh-262k:context-0/factconsolidation_mh_262k_no5,4,0,1,2,0.25,0.5,0.3208212975777186,0.665410558746814,0.3445892611690954,0.0
agentmemorybench:fact-mh-262k:context-0/factconsolidation_mh_262k_no5,4,0,1,3,0.25,0.5,0.3208212975777186,0.3486451353339457,0.0278238377562271,1.0
agentmemorybench:fact-mh-262k:context-0/factconsolidation_mh_262k_no5,4,0,1,4,0.25,0.5,0.3208212975777186,0.3775406687981454,0.056719371220426806,-2.0
agentmemorybench:fact-mh-262k:context-0/factconsolidation_mh_262k_no5,4,0,2,1,0.25,0.5,0.2568319885433443,0.665410558746814,0.40857857020346966,-4.0
agentmemorybench:fact-mh-262k:context-0/factconsolidation_mh_262k_no5,4,0,2,3,0.25,0.5,0.2568319885433443,0.8872046000546981,0.6303726115113538,1.0
agentmemorybench:fact-mh-262k:context-0/factconsolidation_mh_262k_no5,4,0,2,4,0.25,0.5,0.2568319885433443,0.6654105720171531,0.4085785834738088,-2.0
agentmemorybench:fact-mh-262k:context-0/factconsolidation_mh_262k_no5,4,0,3,3,0.5,0.75,0.665410558746814,0.9688561711513192,0.3034456124045052,1.0
agentmemorybench:fact-mh-262k:context-0/factconsolidation_mh_262k_no5,4,0,3,4,0.5,0.75,0.665410558746814,0.9324533060447604,0.2670427472979464,-2.0
agentmemorybench:fact-mh-262k:context-0/factconsolidation_mh_262k_no5,4,0,4,1,0.25,0.5,0.0043315017725418,0.3486451353339457,0.3443136335614039,-4.0
agentmemorybench:fact-mh-262k:context-0/factconsolidation_mh_262k_no5,4,0,4,2,0.25,0.5,0.0043315017725418,0.8872046000546981,0.8828730982821563,0.0
agentmemorybench:fact-mh-262k:context-0/factconsolidation_mh_262k_no5,4,0,4,4,0.25,0.5,0.0043315017725418,0.4687906266262437,0.4644591248537019,-2.0
agentmemorybench:fact-mh-262k:context-0/factconsolidation_mh_262k_no5,4,0,5,2,0.5,0.75,0.3486451353339457,0.9688561711513192,0.6202110358173735,0.0
agentmemorybench:fact-mh-262k:context-0/factconsolidation_mh_262k_no5,4,0,5,4,0.5,0.75,0.3486451353339457,0.8740772359849249,0.5254321006509792,-2.0
agentmemorybench:fact-mh-262k:context-0/factconsolidation_mh_262k_no5,4,0,6,1,0.5,0.75,0.8872046000546981,0.9688561711513192,0.08165157109662102,-4.0
agentmemorybench:fact-mh-262k:context-0/factconsolidation_mh_262k_no5,4,0,6,4,0.5,0.75,0.8872046000546981,0.9968273171107565,0.1096227170560583,-2.0
agentmemorybench:fact-mh-262k:context-0/factconsolidation_mh_262k_no5,4,0,7,4,0.75,1.0,0.9688561711513192,0.9999910603031632,0.031134889151844036,-2.0
agentmemorybench:fact-mh-262k:context-0/factconsolidation_mh_262k_no5,4,0,8,1,0.25,0.5,0.0149570848162129,0.3775406687981454,0.3625835839819325,-4.0
agentmemorybench:fact-mh-262k:context-0/factconsolidation_mh_262k_no5,4,0,8,2,0.25,0.5,0.0149570848162129,0.6654105720171531,0.6504534872009402,0.0
agentmemorybench:fact-mh-262k:context-0/factconsolidation_mh_262k_no5,4,0,8,3,0.25,0.5,0.0149570848162129,0.4687906266262437,0.4538335418100308,1.0
agentmemorybench:fact-mh-262k:context-0/factconsolidation_mh_262k_no5,4,0,9,2,0.5,0.75,0.3775406687981454,0.9324533060447604,0.554912637246615,0.0
agentmemorybench:fact-mh-262k:context-0/factconsolidation_mh_262k_no5,4,0,9,3,0.5,0.75,0.3775406687981454,0.8740772359849249,0.4965365671867795,1.0
agentmemorybench:fact-mh-262k:context-0/factconsolidation_mh_262k_no5,4,0,10,1,0.5,0.75,0.6654105720171531,0.9324533060447604,0.26704273402760725,-4.0
agentmemorybench:fact-mh-262k:context-0/factconsolidation_mh_262k_no5,4,0,10,3,0.5,0.75,0.6654105720171531,0.9968273171107565,0.3314167450936033,1.0
agentmemorybench:fact-mh-262k:context-0/factconsolidation_mh_262k_no5,4,0,11,3,0.75,1.0,0.9324533060447604,0.9999910603031632,0.0675377542584028,1.0
agentmemorybench:fact-mh-262k:context-0/factconsolidation_mh_262k_no5,4,0,12,1,0.5,0.75,0.4687906266262437,0.8740772359849249,0.4052866093586812,-4.0
agentmemorybench:fact-mh-262k:context-0/factconsolidation_mh_262k_no5,4,0,12,2,0.5,0.75,0.4687906266262437,0.9968273171107565,0.5280366904845127,0.0
agentmemorybench:fact-mh-262k:context-0/factconsolidation_mh_262k_no5,4,0,13,2,0.75,1.0,0.8740772359849249,0.9999910603031632,0.12591382431823828,0.0
agentmemorybench:fact-mh-262k:context-0/factconsolidation_mh_262k_no5,4,0,14,1,0.75,1.0,0.9968273171107565,0.9999910603031632,0.003163743192406754,-4.0
agentmemorybench:fact-mh-262k:context-0/factconsolidation_mh_262k_no5,4,1,0,1,0.0,0.25,0.0055549239641421,0.6926419863070303,0.6870870623428882,-4.0
agentmemorybench:fact-mh-262k:context-0/factconsolidation_mh_262k_no5,4,1,0,2,0.0,0.25,0.0055549239641421,0.4378234991142019,0.4322685751500598,0.0
agentmemorybench:fact-mh-262k:context-0/factconsolidation_mh_262k_no5,4,1,0,3,0.0,0.25,0.0055549239641421,0.0033766128240389,-0.0021783111401032004,1.0
agentmemorybench:fact-mh-262k:context-0/factconsolidation_mh_262k_no5,4,1,0,4,0.0,0.25,0.0055549239641421,0.029312231360832,0.0237573073966899,-2.0
agentmemorybench:fact-mh-262k:context-0/factconsolidation_mh_262k_no5,4,1,1,2,0.25,0.5,0.6926419863070303,0.8933093971781262,0.20066741087109585,0.0
agentmemorybench:fact-mh-262k:context-0/factconsolidation_mh_262k_no5,4,1,1,3,0.25,0.5,0.6926419863070303,0.5621765008857981,-0.13046548542123226,1.0
agentmemorybench:fact-mh-262k:context-0/factconsolidation_mh_262k_no5,4,1,1,4,0.25,0.5,0.6926419863070303,0.8519528038477825,0.15931081754075216,-2.0
agentmemorybench:fact-mh-262k:context-0/factconsolidation_mh_262k_no5,4,1,2,1,0.25,0.5,0.4378234991142019,0.8933093971781262,0.4554858980639243,-4.0
agentmemorybench:fact-mh-262k:context-0/factconsolidation_mh_262k_no5,4,1,2,3,0.25,0.5,0.4378234991142019,0.7879311968878542,0.3501076977736523,1.0
agentmemorybench:fact-mh-262k:context-0/factconsolidation_mh_262k_no5,4,1,2,4,0.25,0.5,0.4378234991142019,0.808067214708308,0.3702437155941061,-2.0
agentmemorybench:fact-mh-262k:context-0/factconsolidation_mh_262k_no5,4,1,3,3,0.5,0.75,0.8933093971781262,0.9984988174379784,0.10518942025985223,1.0
agentmemorybench:fact-mh-262k:context-0/factconsolidation_mh_262k_no5,4,1,3,4,0.5,0.75,0.8933093971781262,0.9976768374426964,0.10436744026457023,-2.0
agentmemorybench:fact-mh-262k:context-0/factconsolidation_mh_262k_no5,4,1,4,1,0.25,0.5,0.0033766128240389,0.5621765008857981,0.5587998880617592,-4.0
agentmemorybench:fact-mh-262k:context-0/factconsolidation_mh_262k_no5,4,1,4,2,0.25,0.5,0.0033766128240389,0.7879311968878542,0.7845545840638153,0.0
agentmemorybench:fact-mh-262k:context-0/factconsolidation_mh_262k_no5,4,1,4,4,0.25,0.5,0.0033766128240389,0.1919327864472368,0.1885561736231979,-2.0
agentmemorybench:fact-mh-262k:context-0/factconsolidation_mh_262k_no5,4,1,5,2,0.5,0.75,0.5621765008857981,0.9984988174379784,0.43632231655218034,0.0
agentmemorybench:fact-mh-262k:context-0/factconsolidation_mh_262k_no5,4,1,5,4,0.5,0.75,0.5621765008857981,0.8872045963267032,0.32502809544090516,-2.0
agentmemorybench:fact-mh-262k:context-0/factconsolidation_mh_262k_no5,4,1,6,1,0.5,0.75,0.7879311968878542,0.9984988174379784,0.21056762055012423,-4.0
agentmemorybench:fact-mh-262k:context-0/factconsolidation_mh_262k_no5,4,1,6,4,0.5,0.75,0.7879311968878542,0.9902915239348842,0.20236032704703,-2.0
agentmemorybench:fact-mh-262k:context-0/factconsolidation_mh_262k_no5,4,1,7,4,0.75,1.0,0.9984988174379784,0.99996464375982,0.0014658263218415568,-2.0
agentmemorybench:fact-mh-262k:context-0/factconsolidation_mh_262k_no5,4,1,8,1,0.25,0.5,0.029312231360832,0.8519528038477825,0.8226405724869504,-4.0
agentmemorybench:fact-mh-262k:context-0/factconsolidation_mh_262k_no5,4,1,8,2,0.25,0.5,0.029312231360832,0.808067214708308,0.778754983347476,0.0
agentmemorybench:fact-mh-262k:context-0/factconsolidation_mh_262k_no5,4,1,8,3,0.25,0.5,0.029312231360832,0.1919327864472368,0.1626205550864048,1.0
agentmemorybench:fact-mh-262k:context-0/factconsolidation_mh_262k_no5,4,1,9,2,0.5,0.75,0.8519528038477825,0.9976768374426964,0.14572403359491393,0.0
agentmemorybench:fact-mh-262k:context-0/factconsolidation_mh_262k_no5,4,1,9,3,0.5,0.75,0.8519528038477825,0.8872045963267032,0.03525179247892074,1.0
agentmemorybench:fact-mh-262k:context-0/factconsolidation_mh_262k_no5,4,1,10,1,0.5,0.75,0.808067214708308,0.9976768374426964,0.18960962273438842,-4.0
agentmemorybench:fact-mh-262k:context-0/factconsolidation_mh_262k_no5,4,1,10,3,0.5,0.75,0.808067214708308,0.9902915239348842,0.18222430922657618,1.0
agentmemorybench:fact-mh-262k:context-0/factconsolidation_mh_262k_no5,4,1,11,3,0.75,1.0,0.9976768374426964,0.99996464375982,0.002287806317123553,1.0
agentmemorybench:fact-mh-262k:context-0/factconsolidation_mh_262k_no5,4,1,12,1,0.5,0.75,0.1919327864472368,0.8872045963267032,0.6952718098794665,-4.0
agentmemorybench:fact-mh-262k:context-0/factconsolidation_mh_262k_no5,4,1,12,2,0.5,0.75,0.1919327864472368,0.9902915239348842,0.7983587374876474,0.0
agentmemorybench:fact-mh-262k:context-0/factconsolidation_mh_262k_no5,4,1,13,2,0.75,1.0,0.8872045963267032,0.99996464375982,0.11276004743311674,0.0
agentmemorybench:fact-mh-262k:context-0/factconsolidation_mh_262k_no5,4,1,14,1,0.75,1.0,0.9902915239348842,0.99996464375982,0.009673119824935794,-4.0
agentmemorybench:fact-mh-262k:context-0/factconsolidation_mh_262k_no50,2,0,0,1,0.0,0.5,0.0080619927943948,0.9808759619213884,0.9728139691269936,-1.0
agentmemorybench:fact-mh-262k:context-0/factconsolidation_mh_262k_no50,2,0,0,2,0.0,0.5,0.0080619927943948,0.3775406687981454,0.3694786760037506,1.0
agentmemorybench:fact-mh-262k:context-0/factconsolidation_mh_262k_no50,2,0,1,2,0.5,1.0,0.9808759619213884,0.9999151889586244,0.01903922703723604,1.0
agentmemorybench:fact-mh-262k:context-0/factconsolidation_mh_262k_no50,2,0,2,1,0.5,1.0,0.3775406687981454,0.9999151889586244,0.622374520160479,-1.0
agentmemorybench:fact-mh-262k:context-0/factconsolidation_mh_262k_no50,2,1,0,1,0.0,0.5,0.0066928503515724,0.9840936103291534,0.977400759977581,-1.0
agentmemorybench:fact-mh-262k:context-0/factconsolidation_mh_262k_no50,2,1,0,2,0.0,0.5,0.0066928503515724,0.0259573580454946,0.0192645076939222,1.0
agentmemorybench:fact-mh-262k:context-0/factconsolidation_mh_262k_no50,2,1,1,2,0.5,1.0,0.9840936103291534,0.9997388096904116,0.01564519936125819,1.0
agentmemorybench:fact-mh-262k:context-0/factconsolidation_mh_262k_no50,2,1,2,1,0.5,1.0,0.0259573580454946,0.9997388096904116,0.973781451644917,-1.0
agentmemorybench:fact-mh-262k:context-0/factconsolidation_mh_262k_no51,2,0,0,1,0.0,0.5,0.0017007227456672,0.9241418147556224,0.9224410920099552,2.0
agentmemorybench:fact-mh-262k:context-0/factconsolidation_mh_262k_no51,2,0,0,2,0.0,0.5,0.0017007227456672,0.0600866543818158,0.058385931636148594,2.0
agentmemorybench:fact-mh-262k:context-0/factconsolidation_mh_262k_no51,2,0,1,2,0.5,1.0,0.9241418147556224,0.999620015513294,0.07547820075767164,2.0
agentmemorybench:fact-mh-262k:context-0/factconsolidation_mh_262k_no51,2,0,2,1,0.5,1.0,0.0600866543818158,0.999620015513294,0.9395333611314782,2.0
agentmemorybench:fact-mh-262k:context-0/factconsolidation_mh_262k_no51,2,1,0,1,0.0,0.5,0.0024726234449228,0.952574131534726,0.9501015080898032,2.0
agentmemorybench:fact-mh-262k:context-0/factconsolidation_mh_262k_no51,2,1,0,2,0.0,0.5,0.0024726234449228,0.0758581784543034,0.0733855550093806,2.0
agentmemorybench:fact-mh-262k:context-0/factconsolidation_mh_262k_no51,2,1,1,2,0.5,1.0,0.952574131534726,0.9998204720337563,0.047246340499030315,2.0
agentmemorybench:fact-mh-262k:context-0/factconsolidation_mh_262k_no51,2,1,2,1,0.5,1.0,0.0758581784543034,0.9998204720337563,0.9239622935794529,2.0
agentmemorybench:fact-mh-262k:context-0/factconsolidation_mh_262k_no52,4,0,0,1,0.0,0.25,0.0052201247625817,0.7772998611746911,0.7720797364121094,0.0
agentmemorybench:fact-mh-262k:context-0/factconsolidation_mh_262k_no52,4,0,0,2,0.0,0.25,0.0052201247625817,0.3208213073183839,0.31560118255580216,-1.0
agentmemorybench:fact-mh-262k:context-0/factconsolidation_mh_262k_no52,4,0,0,3,0.0,0.25,0.0052201247625817,0.060086650384398,0.0548665256218163,0.0
agentmemorybench:fact-mh-262k:context-0/factconsolidation_mh_262k_no52,4,0,0,4,0.0,0.25,0.0052201247625817,0.0900929930457958,0.0848728682832141,-3.0
agentmemorybench:fact-mh-262k:context-0/factconsolidation_mh_262k_no52,4,0,1,2,0.25,0.5,0.7772998611746911,0.9626731123881443,0.18537325121345327,-1.0
agentmemorybench:fact-mh-262k:context-0/factconsolidation_mh_262k_no52,4,0,1,3,0.25,0.5,0.7772998611746911,0.7981867801399695,0.02088691896527839,0.0
agentmemorybench:fact-mh-262k:context-0/factconsolidation_mh_262k_no52,4,0,1,4,0.25,0.5,0.7772998611746911,0.9284087993174236,0.15110893814273252,-3.0
agentmemorybench:fact-mh-262k:context-0/factconsolidation_mh_262k_no52,4,0,2,1,0.25,0.5,0.3208213073183839,0.9626731123881443,0.6418518050697605,0.0
agentmemorybench:fact-mh-262k:context-0/factconsolidation_mh_262k_no52,4,0,2,3,0.25,0.5,0.3208213073183839,0.7772998611746911,0.4564785538563072,0.0
agentmemorybench:fact-mh-262k:context-0/factconsolidation_mh_262k_no52,4,0,2,4,0.25,0.5,0.3208213073183839,0.8080672123972185,0.4872459050788346,-3.0
agentmemorybench:fact-mh-262k:context-0/factconsolidation_mh_262k_no52,4,0,3,3,0.5,0.75,0.9626731123881443,0.9968273165595952,0.034154204171450875,0.0
agentmemorybench:fact-mh-262k:context-0/factconsolidation_mh_262k_no52,4,0,3,4,0.5,0.75,0.9626731123881443,0.9740426404003923,0.011369528012247998,-3.0
agentmemorybench:fact-mh-262k:context-0/factconsolidation_mh_262k_no52,4,0,4,1,0.25,0.5,0.060086650384398,0.7981867801399695,0.7381001297555715,0.0
agentmemorybench:fact-mh-262k:context-0/factconsolidation_mh_262k_no52,4,0,4,2,0.25,0.5,0.060086650384398,0.7772998611746911,0.7172132107902931,-1.0
agentmemorybench:fact-mh-262k:context-0/factconsolidation_mh_262k_no52,4,0,4,4,0.25,0.5,0.060086650384398,0.7185943895575957,0.6585077391731977,-3.0
agentmemorybench:fact-mh-262k:context-0/factconsolidation_mh_262k_no52,4,0,5,2,0.5,0.75,0.7981867801399695,0.9968273165595952,0.19864053641962576,-1.0
agentmemorybench:fact-mh-262k:context-0/factconsolidation_mh_262k_no52,4,0,5,4,0.5,0.75,0.7981867801399695,0.9669140211941768,0.16872724105420733,-3.0
agentmemorybench:fact-mh-262k:context-0/factconsolidation_mh_262k_no52,4,0,6,1,0.5,0.75,0.7772998611746911,0.9968273165595952,0.21952745538490415,0.0
agentmemorybench:fact-mh-262k:context-0/factconsolidation_mh_262k_no52,4,0,6,4,0.5,0.75,0.7772998611746911,0.9840936057734206,0.20679374459872957,-3.0
agentmemorybench:fact-mh-262k:context-0/factconsolidation_mh_262k_no52,4,0,7,4,0.75,1.0,0.9968273165595952,0.999957352534401,0.003130035974805767,-3.0
agentmemorybench:fact-mh-262k:context-0/factconsolidation_mh_262k_no52,4,0,8,1,0.25,0.5,0.0900929930457958,0.9284087993174236,0.8383158062716278,0.0
agentmemorybench:fact-mh-262k:context-0/factconsolidation_mh_262k_no52,4,0,8,2,0.25,0.5,0.0900929930457958,0.8080672123972185,0.7179742193514227,-1.0
agentmemorybench:fact-mh-262k:context-0/factconsolidation_mh_262k_no52,4,0,8,3,0.25,0.5,0.0900929930457958,0.7185943895575957,0.6285013965117999,0.0
agentmemorybench:fact-mh-262k:context-0/factconsolidation_mh_262k_no52,4,0,9,2,0.5,0.75,0.9284087993174236,0.9740426404003923,0.04563384108296875,-1.0
agentmemorybench:fact-mh-262k:context-0/factconsolidation_mh_262k_no52,4,0,9,3,0.5,0.75,0.9284087993174236,0.9669140211941768,0.038505221876753204,0.0
agentmemorybench:fact-mh-262k:context-0/factconsolidation_mh_262k_no52,4,0,10,1,0.5,0.75,0.8080672123972185,0.9740426404003923,0.16597542800317389,0.0
agentmemorybench:fact-mh-262k:context-0/factconsolidation_mh_262k_no52,4,0,10,3,0.5,0.75,0.8080672123972185,0.9840936057734206,0.17602639337620218,0.0
agentmemorybench:fact-mh-262k:context-0/factconsolidation_mh_262k_no52,4,0,11,3,0.75,1.0,0.9740426404003923,0.999957352534401,0.025914712134008644,0.0
agentmemorybench:fact-mh-262k:context-0/factconsolidation_mh_262k_no52,4,0,12,1,0.5,0.75,0.7185943895575957,0.9669140211941768,0.2483196316365811,0.0
agentmemorybench:fact-mh-262k:context-0/factconsolidation_mh_262k_no52,4,0,12,2,0.5,0.75,0.7185943895575957,0.9840936057734206,0.26549921621582495,-1.0
agentmemorybench:fact-mh-262k:context-0/factconsolidation_mh_262k_no52,4,0,13,2,0.75,1.0,0.9669140211941768,0.999957352534401,0.03304333134022419,-1.0
agentmemorybench:fact-mh-262k:context-0/factconsolidation_mh_262k_no52,4,0,14,1,0.75,1.0,0.9840936057734206,0.999957352534401,0.015863746760980346,0.0
agentmemorybench:fact-mh-262k:context-0/factconsolidation_mh_262k_no52,4,1,0,1,0.0,0.25,0.0159063938110964,0.919642535031986,0.9037361412208896,0.0
agentmemorybench:fact-mh-262k:context-0/factconsolidation_mh_262k_no52,4,1,0,2,0.0,0.25,0.0159063938110964,0.3208212943308302,0.3049149005197338,-1.0
agentmemorybench:fact-mh-262k:context-0/factconsolidation_mh_262k_no52,4,1,0,3,0.0,0.25,0.0159063938110964,0.1066905847143803,0.09078419090328389,0.0
agentmemorybench:fact-mh-262k:context-0/factconsolidation_mh_262k_no52,4,1,0,4,0.0,0.25,0.0159063938110964,0.1645164567520338,0.1486100629409374,-3.0
agentmemorybench:fact-mh-262k:context-0/factconsolidation_mh_262k_no52,4,1,1,2,0.25,0.5,0.919642535031986,0.957912270657575,0.038269735625588996,-1.0
agentmemorybench:fact-mh-262k:context-0/factconsolidation_mh_262k_no52,4,1,1,3,0.25,0.5,0.919642535031986,0.9579122750130882,0.03826973998110217,0.0
agentmemorybench:fact-mh-262k:context-0/factconsolidation_mh_262k_no52,4,1,1,4,0.25,0.5,0.919642535031986,0.9149009538328172,-0.004741581199168787,-3.0
agentmemorybench:fact-mh-262k:context-0/factconsolidation_mh_262k_no52,4,1,2,1,0.25,0.5,0.3208212943308302,0.957912270657575,0.6370909763267448,0.0
agentmemorybench:fact-mh-262k:context-0/factconsolidation_mh_262k_no52,4,1,2,3,0.25,0.5,0.3208212943308302,0.679178699175393,0.3583574048445628,0.0
agentmemorybench:fact-mh-262k:context-0/factconsolidation_mh_262k_no52,4,1,2,4,0.25,0.5,0.3208212943308302,0.5621765008857981,0.2413552065549679,-3.0
agentmemorybench:fact-mh-262k:context-0/factconsolidation_mh_262k_no52,4,1,3,3,0.5,0.75,0.957912270657575,0.9890130579411848,0.031100787283609765,0.0
agentmemorybench:fact-mh-262k:context-0/factconsolidation_mh_262k_no52,4,1,3,4,0.5,0.75,0.957912270657575,0.9808759600870344,0.022963689429459366,-3.0
agentmemorybench:fact-mh-262k:context-0/factconsolidation_mh_262k_no52,4,1,4,1,0.25,0.5,0.1066905847143803,0.9579122750130882,0.8512216902987079,0.0
agentmemorybench:fact-mh-262k:context-0/factconsolidation_mh_262k_no52,4,1,4,2,0.25,0.5,0.1066905847143803,0.679178699175393,0.5724881144610127,-1.0
agentmemorybench:fact-mh-262k:context-0/factconsolidation_mh_262k_no52,4,1,4,4,0.25,0.5,0.1066905847143803,0.5926665999540697,0.48597601523968936,-3.0
agentmemorybench:fact-mh-262k:context-0/factconsolidation_mh_262k_no52,4,1,5,2,0.5,0.75,0.9579122750130882,0.9890130579411848,0.031100782928096593,-1.0
agentmemorybench:fact-mh-262k:context-0/factconsolidation_mh_262k_no52,4,1,5,4,0.5,0.75,0.9579122750130882,0.9525741272431736,-0.005338147769914592,-3.0
agentmemorybench:fact-mh-262k:context-0/factconsolidation_mh_262k_no52,4,1,6,1,0.5,0.75,0.679178699175393,0.9890130579411848,0.3098343587657918,0.0
agentmemorybench:fact-mh-262k:context-0/factconsolidation_mh_262k_no52,4,1,6,4,0.5,0.75,0.679178699175393,0.9046505447409664,0.22547184556557343,-3.0
agentmemorybench:fact-mh-262k:context-0/factconsolidation_mh_262k_no52,4,1,7,4,0.75,1.0,0.9890130579411848,0.9992445943197744,0.010231536378589645,-3.0
agentmemorybench:fact-mh-262k:context-0/factconsolidation_mh_262k_no52,4,1,8,1,0.25,0.5,0.1645164567520338,0.9149009538328172,0.7503844970807834,0.0
agentmemorybench:fact-mh-262k:context-0/factconsolidation_mh_262k_no52,4,1,8,2,0.25,0.5,0.1645164567520338,0.5621765008857981,0.39766004413376427,-1.0
agentmemorybench:fact-mh-262k:context-0/factconsolidation_mh_262k_no52,4,1,8,3,0.25,0.5,0.1645164567520338,0.5926665999540697,0.42815014320203587,0.0
agentmemorybench:fact-mh-262k:context-0/factconsolidation_mh_262k_no52,4,1,9,2,0.5,0.75,0.9149009538328172,0.9808759600870344,0.06597500625421715,-1.0
agentmemorybench:fact-mh-262k:context-0/factconsolidation_mh_262k_no52,4,1,9,3,0.5,0.75,0.9149009538328172,0.9525741272431736,0.037673173410356364,0.0
agentmemorybench:fact-mh-262k:context-0/factconsolidation_mh_262k_no52,4,1,10,1,0.5,0.75,0.5621765008857981,0.9808759600870344,0.4186994592012363,0.0
agentmemorybench:fact-mh-262k:context-0/factconsolidation_mh_262k_no52,4,1,10,3,0.5,0.75,0.5621765008857981,0.9046505447409664,0.34247404385516833,0.0
agentmemorybench:fact-mh-262k:context-0/factconsolidation_mh_262k_no52,4,1,11,3,0.75,1.0,0.9808759600870344,0.9992445943197744,0.018368634232740044,0.0
agentmemorybench:fact-mh-262k:context-0/factconsolidation_mh_262k_no52,4,1,12,1,0.5,0.75,0.5926665999540697,0.9525741272431736,0.3599075272891039,0.0
agentmemorybench:fact-mh-262k:context-0/factconsolidation_mh_262k_no52,4,1,12,2,0.5,0.75,0.5926665999540697,0.9046505447409664,0.3119839447868967,-1.0
agentmemorybench:fact-mh-262k:context-0/factconsolidation_mh_262k_no52,4,1,13,2,0.75,1.0,0.9525741272431736,0.9992445943197744,0.04667046707660083,-1.0
agentmemorybench:fact-mh-262k:context-0/factconsolidation_mh_262k_no52,4,1,14,1,0.75,1.0,0.9046505447409664,0.9992445943197744,0.09459404957880801,0.0
agentmemorybench:fact-mh-262k:context-0/factconsolidation_mh_262k_no54,3,0,0,1,0.0,0.3333333333333333,0.0049054054147713,0.8991213809867526,0.8942159755719814,-4.0
agentmemorybench:fact-mh-262k:context-0/factconsolidation_mh_262k_no54,3,0,0,2,0.0,0.3333333333333333,0.0049054054147713,0.164516457776122,0.1596110523613507,2.0
agentmemorybench:fact-mh-262k:context-0/factconsolidation_mh_262k_no54,3,0,0,3,0.0,0.3333333333333333,0.0049054054147713,0.1329642333263227,0.1280588279115514,2.0
agentmemorybench:fact-mh-262k:context-0/factconsolidation_mh_262k_no54,3,0,1,2,0.3333333333333333,0.6666666666666666,0.8991213809867526,0.9496693690940876,0.05054798810733496,2.0
agentmemorybench:fact-mh-262k:context-0/factconsolidation_mh_262k_no54,3,0,1,3,0.3333333333333333,0.6666666666666666,0.8991213809867526,0.9149009518025324,0.015779570815779742,2.0
agentmemorybench:fact-mh-262k:context-0/factconsolidation_mh_262k_no54,3,0,2,1,0.3333333333333333,0.6666666666666666,0.164516457776122,0.9496693690940876,0.7851529113179656,-4.0
agentmemorybench:fact-mh-262k:context-0/factconsolidation_mh_262k_no54,3,0,2,3,0.3333333333333333,0.6666666666666666,0.164516457776122,0.9362850036368148,0.7717685458606928,2.0
agentmemorybench:fact-mh-262k:context-0/factconsolidation_mh_262k_no54,3,0,3,3,0.6666666666666666,1.0,0.9496693690940876,0.9999516743676504,0.05028230527356281,2.0
agentmemorybench:fact-mh-262k:context-0/factconsolidation_mh_262k_no54,3,0,4,1,0.3333333333333333,0.6666666666666666,0.1329642333263227,0.9149009518025324,0.7819367184762097,-4.0
agentmemorybench:fact-mh-262k:context-0/factconsolidation_mh_262k_no54,3,0,4,2,0.3333333333333333,0.6666666666666666,0.1329642333263227,0.9362850036368148,0.8033207703104921,2.0
agentmemorybench:fact-mh-262k:context-0/factconsolidation_mh_262k_no54,3,0,5,2,0.6666666666666666,1.0,0.9149009518025324,0.9999516743676504,0.08505072256511803,2.0
agentmemorybench:fact-mh-262k:context-0/factconsolidation_mh_262k_no54,3,0,6,1,0.6666666666666666,1.0,0.9362850036368148,0.9999516743676504,0.06366667073083565,-4.0
agentmemorybench:fact-mh-262k:context-0/factconsolidation_mh_262k_no54,3,1,0,1,0.0,0.3333333333333333,0.0049054057034489,0.8080672227971211,0.8031618170936722,-4.0
agentmemorybench:fact-mh-262k:context-0/factconsolidation_mh_262k_no54,3,1,0,2,0.0,0.3333333333333333,0.0049054057034489,0.1192029134172229,0.114297507713774,2.0
agentmemorybench:fact-mh-262k:context-0/factconsolidation_mh_262k_no54,3,1,0,3,0.0,0.3333333333333333,0.0049054057034489,0.0216153342595218,0.016709928556072902,2.0
agentmemorybench:fact-mh-262k:context-0/factconsolidation_mh_262k_no54,3,1,1,2,0.3333333333333333,0.6666666666666666,0.8080672227971211,0.943347577479292,0.13528035468217092,2.0
agentmemorybench:fact-mh-262k:context-0/factconsolidation_mh_262k_no54,3,1,1,3,0.3333333333333333,0.6666666666666666,0.8080672227971211,0.8872045974451017,0.07913737464798065,2.0
agentmemorybench:fact-mh-262k:context-0/factconsolidation_mh_262k_no54,3,1,2,1,0.3333333333333333,0.6666666666666666,0.1192029134172229,0.943347577479292,0.8241446640620691,-4.0
agentmemorybench:fact-mh-262k:context-0/factconsolidation_mh_262k_no54,3,1,2,3,0.3333333333333333,0.6666666666666666,0.1192029134172229,0.7549149868676283,0.6357120734504054,2.0
agentmemorybench:fact-mh-262k:context-0/factconsolidation_mh_262k_no54,3,1,3,3,0.6666666666666666,1.0,0.943347577479292,0.9991959140666156,0.05584833658732358,2.0
agentmemorybench:fact-mh-262k:context-0/factconsolidation_mh_262k_no54,3,1,4,1,0.3333333333333333,0.6666666666666666,0.0216153342595218,0.8872045974451017,0.8655892631855799,-4.0
agentmemorybench:fact-mh-262k:context-0/factconsolidation_mh_262k_no54,3,1,4,2,0.3333333333333333,0.6666666666666666,0.0216153342595218,0.7549149868676283,0.7332996526081065,2.0
agentmemorybench:fact-mh-262k:context-0/factconsolidation_mh_262k_no54,3,1,5,2,0.6666666666666666,1.0,0.8872045974451017,0.9991959140666156,0.11199131662151385,2.0
agentmemorybench:fact-mh-262k:context-0/factconsolidation_mh_262k_no54,3,1,6,1,0.6666666666666666,1.0,0.7549149868676283,0.9991959140666156,0.2442809271989873,-4.0
agentmemorybench:fact-mh-262k:context-0/factconsolidation_mh_262k_no55,4,0,0,1,0.0,0.25,0.0023231626373062,0.6654105554292292,0.663087392791923,-1.0
agentmemorybench:fact-mh-262k:context-0/factconsolidation_mh_262k_no55,4,0,0,2,0.0,0.25,0.0023231626373062,0.334589441253186,0.3322662786158798,-1.0
agentmemorybench:fact-mh-262k:context-0/factconsolidation_mh_262k_no55,4,0,0,3,0.0,0.25,0.0023231626373062,0.0373268909584321,0.0350037283211259,0.0
agentmemorybench:fact-mh-262k:context-0/factconsolidation_mh_262k_no55,4,0,0,4,0.0,0.25,0.0023231626373062,0.0140636277664054,0.011740465129099199,-1.0
agentmemorybench:fact-mh-262k:context-0/factconsolidation_mh_262k_no55,4,0,1,2,0.25,0.5,0.6654105554292292,0.8670357615200474,0.20162520609081813,-1.0
agentmemorybench:fact-mh-262k:context-0/factconsolidation_mh_262k_no55,4,0,1,3,0.25,0.5,0.6654105554292292,0.6370307910348985,-0.028379764394330764,0.0
agentmemorybench:fact-mh-262k:context-0/factconsolidation_mh_262k_no55,4,0,1,4,0.25,0.5,0.6654105554292292,0.679178699175393,0.013768143746163752,-1.0
agentmemorybench:fact-mh-262k:context-0/factconsolidation_mh_262k_no55,4,0,2,1,0.25,0.5,0.334589441253186,0.8670357615200474,0.5324463202668613,-1.0
agentmemorybench:fact-mh-262k:context-0/factconsolidation_mh_262k_no55,4,0,2,3,0.25,0.5,0.334589441253186,0.8267117887338447,0.49212234748065864,0.0
agentmemorybench:fact-mh-262k:context-0/factconsolidation_mh_262k_no55,4,0,2,4,0.25,0.5,0.334589441253186,0.5621765008857981,0.22758705963261205,-1.0
agentmemorybench:fact-mh-262k:context-0/factconsolidation_mh_262k_no55,4,0,3,3,0.5,0.75,0.8670357615200474,0.98593637055483,0.11890060903478261,0.0
agentmemorybench:fact-mh-262k:context-0/factconsolidation_mh_262k_no55,4,0,3,4,0.5,0.75,0.8670357615200474,0.89330940889474,0.02627364737469262,-1.0
agentmemorybench:fact-mh-262k:context-0/factconsolidation_mh_262k_no55,4,0,4,1,0.25,0.5,0.0373268909584321,0.6370307910348985,0.5997039000764663,-1.0
agentmemorybench:fact-mh-262k:context-0/factconsolidation_mh_262k_no55,4,0,4,2,0.25,0.5,0.0373268909584321,0.8267117887338447,0.7893848977754125,-1.0
agentmemorybench:fact-mh-262k:context-0/factconsolidation_mh_262k_no55,4,0,4,4,0.25,0.5,0.0373268909584321,0.7549149868676283,0.7175880959091961,-1.0
agentmemorybench:fact-mh-262k:context-0/factconsolidation_mh_262k_no55,4,0,5,2,0.5,0.75,0.6370307910348985,0.98593637055483,0.3489055795199315,-1.0
agentmemorybench:fact-mh-262k:context-0/factconsolidation_mh_262k_no55,4,0,5,4,0.5,0.75,0.6370307910348985,0.962673116404036,0.3256423253691375,-1.0
agentmemorybench:fact-mh-262k:context-0/factconsolidation_mh_262k_no55,4,0,6,1,0.5,0.75,0.8267117887338447,0.98593637055483,0.1592245818209853,-1.0
agentmemorybench:fact-mh-262k:context-0/factconsolidation_mh_262k_no55,4,0,6,4,0.5,0.75,0.8267117887338447,0.9820137860241868,0.1553019972903421,-1.0
agentmemorybench:fact-mh-262k:context-0/factconsolidation_mh_262k_no55,4,0,7,4,0.75,1.0,0.98593637055483,0.999796573026544,0.013860202471714045,-1.0
agentmemorybench:fact-mh-262k:context-0/factconsolidation_mh_262k_no55,4,0,8,1,0.25,0.5,0.0140636277664054,0.679178699175393,0.6651150714089876,-1.0
agentmemorybench:fact-mh-262k:context-0/factconsolidation_mh_262k_no55,4,0,8,2,0.25,0.5,0.0140636277664054,0.5621765008857981,0.5481128731193927,-1.0
agentmemorybench:fact-mh-262k:context-0/factconsolidation_mh_262k_no55,4,0,8,3,0.25,0.5,0.0140636277664054,0.7549149868676283,0.7408513591012229,0.0
agentmemorybench:fact-mh-262k:context-0/factconsolidation_mh_262k_no55,4,0,9,2,0.5,0.75,0.679178699175393,0.89330940889474,0.214130709719347,-1.0
agentmemorybench:fact-mh-262k:context-0/factconsolidation_mh_262k_no55,4,0,9,3,0.5,0.75,0.679178699175393,0.962673116404036,0.283494417228643,0.0
agentmemorybench:fact-mh-262k:context-0/factconsolidation_mh_262k_no55,4,0,10,1,0.5,0.75,0.5621765008857981,0.89330940889474,0.3311329080089419,-1.0
agentmemorybench:fact-mh-262k:context-0/factconsolidation_mh_262k_no55,4,0,10,3,0.5,0.75,0.5621765008857981,0.9820137860241868,0.4198372851383887,0.0
agentmemorybench:fact-mh-262k:context-0/factconsolidation_mh_262k_no55,4,0,11,3,0.75,1.0,0.89330940889474,0.999796573026544,0.10648716413180404,0.0
agentmemorybench:fact-mh-262k:context-0/factconsolidation_mh_262k_no55,4,0,12,1,0.5,0.75,0.7549149868676283,0.962673116404036,0.2077581295364077,-1.0
agentmemorybench:fact-mh-262k:context-0/factconsolidation_mh_262k_no55,4,0,12,2,0.5,0.75,0.7549149868676283,0.9820137860241868,0.2270987991565585,-1.0
agentmemorybench:fact-mh-262k:context-0/factconsolidation_mh_262k_no55,4,0,13,2,0.75,1.0,0.962673116404036,0.999796573026544,0.037123456622508044,-1.0
agentmemorybench:fact-mh-262k:context-0/factconsolidation_mh_262k_no55,4,0,14,1,0.75,1.0,0.9820137860241868,0.999796573026544,0.017782787002357248,-1.0
agentmemorybench:fact-mh-262k:context-0/factconsolidation_mh_262k_no55,4,1,0,1,0.0,0.25,0.0040701379801589,0.9046505338155468,0.900580395835388,-1.0
agentmemorybench:fact-mh-262k:context-0/factconsolidation_mh_262k_no55,4,1,0,2,0.0,0.25,0.0040701379801589,0.6791786926816161,0.6751085547014573,-1.0
agentmemorybench:fact-mh-262k:context-0/factconsolidation_mh_262k_no55,4,1,0,3,0.0,0.25,0.0040701379801589,0.0803574649680142,0.0762873269878553,0.0
agentmemorybench:fact-mh-262k:context-0/factconsolidation_mh_262k_no55,4,1,0,4,0.0,0.25,0.0040701379801589,0.0330859755284594,0.029015837548300498,-1.0
agentmemorybench:fact-mh-262k:context-0/factconsolidation_mh_262k_no55,4,1,1,2,0.25,0.5,0.9046505338155468,0.985936376004357,0.08128584218881019,-1.0
agentmemorybench:fact-mh-262k:context-0/factconsolidation_mh_262k_no55,4,1,1,3,0.25,0.5,0.9046505338155468,0.9149009642742806,0.01025043045873375,0.0
agentmemorybench:fact-mh-262k:context-0/factconsolidation_mh_262k_no55,4,1,1,4,0.25,0.5,0.9046505338155468,0.9149009636941992,0.010250429878652323,-1.0
agentmemorybench:fact-mh-262k:context-0/factconsolidation_mh_262k_no55,4,1,2,1,0.25,0.5,0.6791786926816161,0.985936376004357,0.3067576833227409,-1.0
agentmemorybench:fact-mh-262k:context-0/factconsolidation_mh_262k_no55,4,1,2,3,0.25,0.5,0.6791786926816161,0.6791786926816161,0.0,0.0
agentmemorybench:fact-mh-262k:context-0/factconsolidation_mh_262k_no55,4,1,2,4,0.25,0.5,0.6791786926816161,0.679178699175393,6.493776849580968e-09,-1.0
agentmemorybench:fact-mh-262k:context-0/factconsolidation_mh_262k_no55,4,1,3,3,0.5,0.75,0.985936376004357,0.9940889319044436,0.008152555900086567,0.0
agentmemorybench:fact-mh-262k:context-0/factconsolidation_mh_262k_no55,4,1,3,4,0.5,0.75,0.985936376004357,0.979667647807501,-0.006268728196855977,-1.0
agentmemorybench:fact-mh-262k:context-0/factconsolidation_mh_262k_no55,4,1,4,1,0.25,0.5,0.0803574649680142,0.9149009642742806,0.8345434993062664,-1.0
agentmemorybench:fact-mh-262k:context-0/factconsolidation_mh_262k_no55,4,1,4,2,0.25,0.5,0.0803574649680142,0.6791786926816161,0.5988212277136019,-1.0
agentmemorybench:fact-mh-262k:context-0/factconsolidation_mh_262k_no55,4,1,4,4,0.25,0.5,0.0803574649680142,0.2689414330889797,0.1885839681209655,-1.0
agentmemorybench:fact-mh-262k:context-0/factconsolidation_mh_262k_no55,4,1,5,2,0.5,0.75,0.9149009642742806,0.9940889319044436,0.079187967630163,-1.0
agentmemorybench:fact-mh-262k:context-0/factconsolidation_mh_262k_no55,4,1,5,4,0.5,0.75,0.9149009642742806,0.9465966679403514,0.031695703666070774,-1.0
agentmemorybench:fact-mh-262k:context-0/factconsolidation_mh_262k_no55,4,1,6,1,0.5,0.75,0.6791786926816161,0.9940889319044436,0.31491023922282746,-1.0
agentmemorybench:fact-mh-262k:context-0/factconsolidation_mh_262k_no55,4,1,6,4,0.5,0.75,0.6791786926816161,0.7981867777396212,0.11900808505800509,-1.0
agentmemorybench:fact-mh-262k:context-0/factconsolidation_mh_262k_no55,4,1,7,4,0.75,1.0,0.9940889319044436,0.9995121428786083,0.0054232109741647605,-1.0
agentmemorybench:fact-mh-262k:context-0/factconsolidation_mh_262k_no55,4,1,8,1,0.25,0.5,0.0330859755284594,0.9149009636941992,0.8818149881657398,-1.0
agentmemorybench:fact-mh-262k:context-0/factconsolidation_mh_262k_no55,4,1,8,2,0.25,0.5,0.0330859755284594,0.679178699175393,0.6460927236469336,-1.0
agentmemorybench:fact-mh-262k:context-0/factconsolidation_mh_262k_no55,4,1,8,3,0.25,0.5,0.0330859755284594,0.2689414330889797,0.23585545756052032,0.0
agentmemorybench:fact-mh-262k:context-0/factconsolidation_mh_262k_no55,4,1,9,2,0.5,0.75,0.9149009636941992,0.979667647807501,0.06476668411330189,-1.0
agentmemorybench:fact-mh-262k:context-0/factconsolidation_mh_262k_no55,4,1,9,3,0.5,0.75,0.9149009636941992,0.9465966679403514,0.0316957042461522,0.0
agentmemorybench:fact-mh-262k:context-0/factconsolidation_mh_262k_no55,4,1,10,1,0.5,0.75,0.679178699175393,0.979667647807501,0.30048894863210807,-1.0
agentmemorybench:fact-mh-262k:context-0/factconsolidation_mh_262k_no55,4,1,10,3,0.5,0.75,0.679178699175393,0.7981867777396212,0.11900807856422824,0.0
agentmemorybench:fact-mh-262k:context-0/factconsolidation_mh_262k_no55,4,1,11,3,0.75,1.0,0.979667647807501,0.9995121428786083,0.019844495071107304,0.0
agentmemorybench:fact-mh-262k:context-0/factconsolidation_mh_262k_no55,4,1,12,1,0.5,0.75,0.2689414330889797,0.9465966679403514,0.6776552348513716,-1.0
agentmemorybench:fact-mh-262k:context-0/factconsolidation_mh_262k_no55,4,1,12,2,0.5,0.75,0.2689414330889797,0.7981867777396212,0.5292453446506415,-1.0
agentmemorybench:fact-mh-262k:context-0/factconsolidation_mh_262k_no55,4,1,13,2,0.75,1.0,0.9465966679403514,0.9995121428786083,0.05291547493825699,-1.0
agentmemorybench:fact-mh-262k:context-0/factconsolidation_mh_262k_no55,4,1,14,1,0.75,1.0,0.7981867777396212,0.9995121428786083,0.20132536513898713,-1.0
agentmemorybench:fact-mh-262k:context-0/factconsolidation_mh_262k_no58,2,0,0,1,0.0,0.5,0.0031726823686413,0.9669140200619966,0.9637413376933552,-2.0
agentmemorybench:fact-mh-262k:context-0/factconsolidation_mh_262k_no58,2,0,0,2,0.0,0.5,0.0031726823686413,0.622459324198198,0.6192866418295567,1.0
agentmemorybench:fact-mh-262k:context-0/factconsolidation_mh_262k_no58,2,0,1,2,0.5,1.0,0.9669140200619966,0.9953904279317292,0.0284764078697326,1.0
agentmemorybench:fact-mh-262k:context-0/factconsolidation_mh_262k_no58,2,0,2,1,0.5,1.0,0.622459324198198,0.9953904279317292,0.3729311037335311,-2.0
agentmemorybench:fact-mh-262k:context-0/factconsolidation_mh_262k_no58,2,1,0,1,0.0,0.5,0.0012448434259844,0.9944450748770166,0.9932002314510322,-2.0
agentmemorybench:fact-mh-262k:context-0/factconsolidation_mh_262k_no58,2,1,0,2,0.0,0.5,0.0012448434259844,0.2814056164689255,0.28016077304294107,1.0
agentmemorybench:fact-mh-262k:context-0/factconsolidation_mh_262k_no58,2,1,1,2,0.5,1.0,0.9944450748770166,0.9966233874321736,0.0021783125551569915,1.0
agentmemorybench:fact-mh-262k:context-0/factconsolidation_mh_262k_no58,2,1,2,1,0.5,1.0,0.2814056164689255,0.9966233874321736,0.7152177709632481,-2.0
agentmemorybench:fact-mh-262k:context-0/factconsolidation_mh_262k_no59,2,0,0,1,0.0,0.5,0.0062899028863568,0.9324533107374444,0.9261634078510876,0.0
agentmemorybench:fact-mh-262k:context-0/factconsolidation_mh_262k_no59,2,0,0,2,0.0,0.5,0.0062899028863568,0.6654105653819835,0.6591206624956267,6.0
agentmemorybench:fact-mh-262k:context-0/factconsolidation_mh_262k_no59,2,0,1,2,0.5,1.0,0.9324533107374444,0.999945240207442,0.0674919294699976,6.0
agentmemorybench:fact-mh-262k:context-0/factconsolidation_mh_262k_no59,2,0,2,1,0.5,1.0,0.6654105653819835,0.999945240207442,0.3345346748254585,0.0
agentmemorybench:fact-mh-262k:context-0/factconsolidation_mh_262k_no59,2,1,0,1,0.0,0.5,0.0103281525240649,0.8740772368049822,0.8637490842809172,0.0
agentmemorybench:fact-mh-262k:context-0/factconsolidation_mh_262k_no59,2,1,0,2,0.0,0.5,0.0103281525240649,0.182425528251267,0.1720973757272021,6.0
agentmemorybench:fact-mh-262k:context-0/factconsolidation_mh_262k_no59,2,1,1,2,0.5,1.0,0.8740772368049822,0.9994806950219088,0.12540345821692667,6.0
agentmemorybench:fact-mh-262k:context-0/factconsolidation_mh_262k_no59,2,1,2,1,0.5,1.0,0.182425528251267,0.9994806950219088,0.8170551667706418,0.0
agentmemorybench:fact-mh-262k:context-0/factconsolidation_mh_262k_no6,2,0,0,1,0.0,0.5,0.0075772409071865,0.9046505299595164,0.89707328905233,1.0
agentmemorybench:fact-mh-262k:context-0/factconsolidation_mh_262k_no6,2,0,0,2,0.0,0.5,0.0075772409071865,0.990291524284088,0.9827142833769015,1.0
agentmemorybench:fact-mh-262k:context-0/factconsolidation_mh_262k_no6,2,0,1,2,0.5,1.0,0.9046505299595164,0.9964063973635562,0.09175586740403974,1.0
agentmemorybench:fact-mh-262k:context-0/factconsolidation_mh_262k_no6,2,0,2,1,0.5,1.0,0.990291524284088,0.9964063973635562,0.0061148730794682304,1.0
agentmemorybench:fact-mh-262k:context-0/factconsolidation_mh_262k_no6,2,1,0,1,0.0,0.5,0.0124316522995799,0.8807970732843035,0.8683654209847236,1.0
agentmemorybench:fact-mh-262k:context-0/factconsolidation_mh_262k_no6,2,1,0,2,0.0,0.5,0.0124316522995799,0.99193800703803,0.9795063547384502,1.0
agentmemorybench:fact-mh-262k:context-0/factconsolidation_mh_262k_no6,2,1,1,2,0.5,1.0,0.8807970732843035,0.9994115911474872,0.11861451786318378,1.0
agentmemorybench:fact-mh-262k:context-0/factconsolidation_mh_262k_no6,2,1,2,1,0.5,1.0,0.99193800703803,0.9994115911474872,0.007473584109457199,1.0
agentmemorybench:fact-mh-262k:context-0/factconsolidation_mh_262k_no60,2,0,0,1,0.0,0.5,0.0132228219710389,0.9740426420015996,0.9608198200305608,0.0
agentmemorybench:fact-mh-262k:context-0/factconsolidation_mh_262k_no60,2,0,0,2,0.0,0.5,0.0132228219710389,0.7431680029241321,0.7299451809530932,-1.0
agentmemorybench:fact-mh-262k:context-0/factconsolidation_mh_262k_no60,2,0,1,2,0.5,1.0,0.9740426420015996,0.9999904837505754,0.025947841748975797,-1.0
agentmemorybench:fact-mh-262k:context-0/factconsolidation_mh_262k_no60,2,0,2,1,0.5,1.0,0.7431680029241321,0.9999904837505754,0.2568224808264433,0.0
agentmemorybench:fact-mh-262k:context-0/factconsolidation_mh_262k_no60,2,1,0,1,0.0,0.5,0.0179862101759373,0.974042641930958,0.9560564317550208,0.0
agentmemorybench:fact-mh-262k:context-0/factconsolidation_mh_262k_no60,2,1,0,2,0.0,0.5,0.0179862101759373,0.808067219330487,0.7900810091545497,-1.0
agentmemorybench:fact-mh-262k:context-0/factconsolidation_mh_262k_no60,2,1,1,2,0.5,1.0,0.974042641930958,0.9999251537683198,0.025882511837361788,-1.0
agentmemorybench:fact-mh-262k:context-0/factconsolidation_mh_262k_no60,2,1,2,1,0.5,1.0,0.808067219330487,0.9999251537683198,0.19185793443783283,0.0
agentmemorybench:fact-mh-262k:context-0/factconsolidation_mh_262k_no61,2,0,0,1,0.0,0.5,0.0015011823237443,0.9324533024079305,0.9309521200841862,-1.0
agentmemorybench:fact-mh-262k:context-0/factconsolidation_mh_262k_no61,2,0,0,2,0.0,0.5,0.0015011823237443,0.9984021547101778,0.9969009723864335,-1.0
agentmemorybench:fact-mh-262k:context-0/factconsolidation_mh_262k_no61,2,0,1,2,0.5,1.0,0.9324533024079305,0.99998329857915,0.06752999617121958,-1.0
agentmemorybench:fact-mh-262k:context-0/factconsolidation_mh_262k_no61,2,0,2,1,0.5,1.0,0.9984021547101778,0.99998329857915,0.0015811438689722346,-1.0
agentmemorybench:fact-mh-262k:context-0/factconsolidation_mh_262k_no61,2,1,0,1,0.0,0.5,0.0020507432598564,0.8354835360793486,0.8334327928194921,-1.0
agentmemorybench:fact-mh-262k:context-0/factconsolidation_mh_262k_no61,2,1,0,2,0.0,0.5,0.0020507432598564,0.9928785707142854,0.990827827454429,-1.0
agentmemorybench:fact-mh-262k:context-0/factconsolidation_mh_262k_no61,2,1,1,2,0.5,1.0,0.8354835360793486,0.9999623635416338,0.16447882746228526,-1.0
agentmemorybench:fact-mh-262k:context-0/factconsolidation_mh_262k_no61,2,1,2,1,0.5,1.0,0.9928785707142854,0.9999623635416338,0.00708379282734839,-1.0
agentmemorybench:fact-mh-262k:context-0/factconsolidation_mh_262k_no62,2,0,0,1,0.0,0.5,0.0097084773589604,0.8175744695262777,0.8078659921673172,1.0
agentmemorybench:fact-mh-262k:context-0/factconsolidation_mh_262k_no62,2,0,0,2,0.0,0.5,0.0097084773589604,0.9149009497722478,0.9051924724132874,5.0
agentmemorybench:fact-mh-262k:context-0/factconsolidation_mh_262k_no62,2,0,1,2,0.5,1.0,0.8175744695262777,0.9998840806025048,0.18230961107622712,5.0
agentmemorybench:fact-mh-262k:context-0/factconsolidation_mh_262k_no62,2,0,2,1,0.5,1.0,0.9149009497722478,0.9998840806025048,0.08498313083025699,1.0
agentmemorybench:fact-mh-262k:context-0/factconsolidation_mh_262k_no62,2,1,0,1,0.0,0.5,0.0049054065387957,0.8740772302445241,0.8691718237057284,1.0
agentmemorybench:fact-mh-262k:context-0/factconsolidation_mh_262k_no62,2,1,0,2,0.0,0.5,0.0049054065387957,0.7431680086124811,0.7382626020736854,5.0
agentmemorybench:fact-mh-262k:context-0/factconsolidation_mh_262k_no62,2,1,1,2,0.5,1.0,0.8740772302445241,0.9989012690149802,0.12482403877045611,5.0
agentmemorybench:fact-mh-262k:context-0/factconsolidation_mh_262k_no62,2,1,2,1,0.5,1.0,0.7431680086124811,0.9989012690149802,0.2557332604024991,1.0
agentmemorybench:fact-mh-262k:context-0/factconsolidation_mh_262k_no64,2,0,0,1,0.0,0.5,0.0021827168150167,0.9796676446167348,0.9774849278017181,3.0
agentmemorybench:fact-mh-262k:context-0/factconsolidation_mh_262k_no64,2,0,0,2,0.0,0.5,0.0021827168150167,0.8354835371034369,0.8333008202884202,-4.0
agentmemorybench:fact-mh-262k:context-0/factconsolidation_mh_262k_no64,2,0,1,2,0.5,1.0,0.9796676446167348,0.9999417087344544,0.020274064117719592,-4.0
agentmemorybench:fact-mh-262k:context-0/factconsolidation_mh_262k_no64,2,0,2,1,0.5,1.0,0.8354835371034369,0.9999417087344544,0.1644581716310175,3.0
agentmemorybench:fact-mh-262k:context-0/factconsolidation_mh_262k_no64,2,1,0,1,0.0,0.5,0.0031726828914527,0.9820137927685548,0.9788411098771022,3.0
agentmemorybench:fact-mh-262k:context-0/factconsolidation_mh_262k_no64,2,1,0,2,0.0,0.5,0.0031726828914527,0.6791786926816161,0.6760060097901635,-4.0
agentmemorybench:fact-mh-262k:context-0/factconsolidation_mh_262k_no64,2,1,1,2,0.5,1.0,0.9820137927685548,0.9999251537682696,0.017911360999714798,-4.0
agentmemorybench:fact-mh-262k:context-0/factconsolidation_mh_262k_no64,2,1,2,1,0.5,1.0,0.6791786926816161,0.9999251537682696,0.3207464610866535,3.0
agentmemorybench:fact-mh-262k:context-0/factconsolidation_mh_262k_no65,2,0,0,1,0.0,0.5,0.0953494738965146,0.8807970873650403,0.7854476134685257,-3.0
agentmemorybench:fact-mh-262k:context-0/factconsolidation_mh_262k_no65,2,0,0,2,0.0,0.5,0.0953494738965146,0.1645164628965631,0.0691669890000485,-2.0
agentmemorybench:fact-mh-262k:context-0/factconsolidation_mh_262k_no65,2,0,1,2,0.5,1.0,0.8807970873650403,0.9241418173671896,0.043344730002149334,-2.0
agentmemorybench:fact-mh-262k:context-0/factconsolidation_mh_262k_no65,2,0,2,1,0.5,1.0,0.1645164628965631,0.9241418173671896,0.7596253544706265,-3.0
agentmemorybench:fact-mh-262k:context-0/factconsolidation_mh_262k_no65,2,1,0,1,0.0,0.5,0.1329642350441993,0.9324533088603708,0.7994890738161715,-3.0
agentmemorybench:fact-mh-262k:context-0/factconsolidation_mh_262k_no65,2,1,0,2,0.0,0.5,0.1329642350441993,0.0474258706531242,-0.0855383643910751,-2.0
agentmemorybench:fact-mh-262k:context-0/factconsolidation_mh_262k_no65,2,1,1,2,0.5,1.0,0.9324533088603708,0.952574131534726,0.02012082267435522,-2.0
agentmemorybench:fact-mh-262k:context-0/factconsolidation_mh_262k_no65,2,1,2,1,0.5,1.0,0.0474258706531242,0.952574131534726,0.9051482608816018,-3.0
agentmemorybench:fact-mh-262k:context-0/factconsolidation_mh_262k_no66,2,0,0,1,0.0,0.5,0.0035936022279338,0.9399133477220882,0.9363197454941544,-3.0
agentmemorybench:fact-mh-262k:context-0/factconsolidation_mh_262k_no66,2,0,0,2,0.0,0.5,0.0035936022279338,0.0675466906703607,0.0639530884424269,-1.0
agentmemorybench:fact-mh-262k:context-0/factconsolidation_mh_262k_no66,2,0,1,2,0.5,1.0,0.9399133477220882,0.9995694430105496,0.059656095288461386,-1.0
agentmemorybench:fact-mh-262k:context-0/factconsolidation_mh_262k_no66,2,0,2,1,0.5,1.0,0.0675466906703607,0.9995694430105496,0.9320227523401889,-3.0
agentmemorybench:fact-mh-262k:context-0/factconsolidation_mh_262k_no66,2,1,0,1,0.0,0.5,0.0052201254324013,0.9669140247098942,0.9616938992774929,-3.0
agentmemorybench:fact-mh-262k:context-0/factconsolidation_mh_262k_no66,2,1,0,2,0.0,0.5,0.0052201254324013,0.0373268884150339,0.0321067629826326,-1.0
agentmemorybench:fact-mh-262k:context-0/factconsolidation_mh_262k_no66,2,1,1,2,0.5,1.0,0.9669140247098942,0.9978172833669032,0.030903258657009047,-1.0
agentmemorybench:fact-mh-262k:context-0/factconsolidation_mh_262k_no66,2,1,2,1,0.5,1.0,0.0373268884150339,0.9978172833669032,0.9604903949518693,-3.0
agentmemorybench:fact-mh-262k:context-0/factconsolidation_mh_262k_no67,2,0,0,1,0.0,0.5,0.0040701375309121,0.817574478416099,0.8135043408851869,2.0
agentmemorybench:fact-mh-262k:context-0/factconsolidation_mh_262k_no67,2,0,0,2,0.0,0.5,0.0040701375309121,0.5926665999540697,0.5885964624231576,2.0
agentmemorybench:fact-mh-262k:context-0/factconsolidation_mh_262k_no67,2,0,1,2,0.5,1.0,0.817574478416099,0.9994472213502936,0.18187274293419464,2.0
agentmemorybench:fact-mh-262k:context-0/factconsolidation_mh_262k_no67,2,0,2,1,0.5,1.0,0.5926665999540697,0.9994472213502936,0.40678062139622395,2.0
agentmemorybench:fact-mh-262k:context-0/factconsolidation_mh_262k_no67,2,1,0,1,0.0,0.5,0.003172682742341,0.8354835391516132,0.8323108564092723,2.0
agentmemorybench:fact-mh-262k:context-0/factconsolidation_mh_262k_no67,2,1,0,2,0.0,0.5,0.003172682742341,0.0159063896708465,0.012733706928505499,2.0
agentmemorybench:fact-mh-262k:context-0/factconsolidation_mh_262k_no67,2,1,1,2,0.5,1.0,0.8354835391516132,0.9990302480902732,0.16354670893865997,2.0
agentmemorybench:fact-mh-262k:context-0/factconsolidation_mh_262k_no67,2,1,2,1,0.5,1.0,0.0159063896708465,0.9990302480902732,0.9831238584194267,2.0
agentmemorybench:fact-mh-262k:context-0/factconsolidation_mh_262k_no68,2,0,0,1,0.0,0.5,0.0021827161060993,0.9399133437246704,0.9377306276185711,-2.0
agentmemorybench:fact-mh-262k:context-0/factconsolidation_mh_262k_no68,2,0,0,2,0.0,0.5,0.0021827161060993,0.1645164628965631,0.1623337467904638,0.0
agentmemorybench:fact-mh-262k:context-0/factconsolidation_mh_262k_no68,2,0,1,2,0.5,1.0,0.9399133437246704,0.9984988174881464,0.058585473763476004,0.0
agentmemorybench:fact-mh-262k:context-0/factconsolidation_mh_262k_no68,2,0,2,1,0.5,1.0,0.1645164628965631,0.9984988174881464,0.8339823545915833,-2.0
agentmemorybench:fact-mh-262k:context-0/factconsolidation_mh_262k_no68,2,1,0,1,0.0,0.5,0.002472623142852,0.9740426420015996,0.9715700188587476,-2.0
agentmemorybench:fact-mh-262k:context-0/factconsolidation_mh_262k_no68,2,1,0,2,0.0,0.5,0.002472623142852,0.0132228231740748,0.0107502000312228,0.0
agentmemorybench:fact-mh-262k:context-0/factconsolidation_mh_262k_no68,2,1,1,2,0.5,1.0,0.9740426420015996,0.9989677687795788,0.0249251267779792,0.0
agentmemorybench:fact-mh-262k:context-0/factconsolidation_mh_262k_no68,2,1,2,1,0.5,1.0,0.0132228231740748,0.9989677687795788,0.9857449456055041,-2.0
agentmemorybench:fact-mh-262k:context-0/factconsolidation_mh_262k_no69,4,0,0,1,0.0,0.25,0.0052201246706931,0.651354857898194,0.6461347332275009,-3.0
agentmemorybench:fact-mh-262k:context-0/factconsolidation_mh_262k_no69,4,0,0,2,0.0,0.25,0.0052201246706931,0.0040701379178684,-0.0011499867528246997,-2.0
agentmemorybench:fact-mh-262k:context-0/factconsolidation_mh_262k_no69,4,0,0,3,0.0,0.25,0.0052201246706931,0.2227001388253088,0.2174800141546157,1.0
agentmemorybench:fact-mh-262k:context-0/factconsolidation_mh_262k_no69,4,0,0,4,0.0,0.25,0.0052201246706931,0.0132228212905338,0.0080026966198407,-6.0
agentmemorybench:fact-mh-262k:context-0/factconsolidation_mh_262k_no69,4,0,1,2,0.25,0.5,0.651354857898194,0.731058584489497,0.07970372659130298,-2.0
agentmemorybench:fact-mh-262k:context-0/factconsolidation_mh_262k_no69,4,0,1,3,0.25,0.5,0.651354857898194,0.8933093996634686,0.24195454176527453,1.0
agentmemorybench:fact-mh-262k:context-0/factconsolidation_mh_262k_no69,4,0,1,4,0.25,0.5,0.651354857898194,0.679178699175393,0.027823841277198946,-6.0
agentmemorybench:fact-mh-262k:context-0/factconsolidation_mh_262k_no69,4,0,2,1,0.25,0.5,0.0040701379178684,0.731058584489497,0.7269884465716286,-3.0
agentmemorybench:fact-mh-262k:context-0/factconsolidation_mh_262k_no69,4,0,2,3,0.25,0.5,0.0040701379178684,0.2689414272294874,0.26487128931161896,1.0
agentmemorybench:fact-mh-262k:context-0/factconsolidation_mh_262k_no69,4,0,2,4,0.25,0.5,0.0040701379178684,0.011687257361008,0.007617119443139601,-6.0
agentmemorybench:fact-mh-262k:context-0/factconsolidation_mh_262k_no69,4,0,3,3,0.5,0.75,0.731058584489497,0.9902915234021248,0.2592329389126278,1.0
agentmemorybench:fact-mh-262k:context-0/factconsolidation_mh_262k_no69,4,0,3,4,0.5,0.75,0.731058584489497,0.8872045937171068,0.1561460092276098,-6.0
agentmemorybench:fact-mh-262k:context-0/factconsolidation_mh_262k_no69,4,0,4,1,0.25,0.5,0.2227001388253088,0.8933093996634686,0.6706092608381597,-3.0
agentmemorybench:fact-mh-262k:context-0/factconsolidation_mh_262k_no69,4,0,4,2,0.25,0.5,0.2227001388253088,0.2689414272294874,0.04624128840417857,-2.0
agentmemorybench:fact-mh-262k:context-0/factconsolidation_mh_262k_no69,4,0,4,4,0.25,0.5,0.2227001388253088,0.8519527953901588,0.62925265656485,-6.0
agentmemorybench:fact-mh-262k:context-0/factconsolidation_mh_262k_no69,4,0,5,2,0.5,0.75,0.8933093996634686,0.9902915234021248,0.09698212373865622,-2.0
agentmemorybench:fact-mh-262k:context-0/factconsolidation_mh_262k_no69,4,0,5,4,0.5,0.75,0.8933093996634686,0.995390427765074,0.10208102810160546,-6.0
agentmemorybench:fact-mh-262k:context-0/factconsolidation_mh_262k_no69,4,0,6,1,0.5,0.75,0.2689414272294874,0.9902915234021248,0.7213500961726373,-3.0
agentmemorybench:fact-mh-262k:context-0/factconsolidation_mh_262k_no69,4,0,6,4,0.5,0.75,0.2689414272294874,0.7772998663336157,0.5083584391041283,-6.0
agentmemorybench:fact-mh-262k:context-0/factconsolidation_mh_262k_no69,4,0,7,4,0.75,1.0,0.9902915234021248,0.9999741325658478,0.009682609163722988,-6.0
agentmemorybench:fact-mh-262k:context-0/factconsolidation_mh_262k_no69,4,0,8,1,0.25,0.5,0.0132228212905338,0.679178699175393,0.6659558778848592,-3.0
agentmemorybench:fact-mh-262k:context-0/factconsolidation_mh_262k_no69,4,0,8,2,0.25,0.5,0.0132228212905338,0.011687257361008,-0.0015355639295257986,-2.0
agentmemorybench:fact-mh-262k:context-0/factconsolidation_mh_262k_no69,4,0,8,3,0.25,0.5,0.0132228212905338,0.8519527953901588,0.838729974099625,1.0
agentmemorybench:fact-mh-262k:context-0/factconsolidation_mh_262k_no69,4,0,9,2,0.5,0.75,0.679178699175393,0.8872045937171068,0.20802589454171383,-2.0
agentmemorybench:fact-mh-262k:context-0/factconsolidation_mh_262k_no69,4,0,9,3,0.5,0.75,0.679178699175393,0.995390427765074,0.31621172858968105,1.0
agentmemorybench:fact-mh-262k:context-0/factconsolidation_mh_262k_no69,4,0,10,1,0.5,0.75,0.011687257361008,0.8872045937171068,0.8755173363560989,-3.0
agentmemorybench:fact-mh-262k:context-0/factconsolidation_mh_262k_no69,4,0,10,3,0.5,0.75,0.011687257361008,0.7772998663336157,0.7656126089726077,1.0
agentmemorybench:fact-mh-262k:context-0/factconsolidation_mh_262k_no69,4,0,11,3,0.75,1.0,0.8872045937171068,0.9999741325658478,0.11276953884874097,1.0
agentmemorybench:fact-mh-262k:context-0/factconsolidation_mh_262k_no69,4,0,12,1,0.5,0.75,0.8519527953901588,0.995390427765074,0.14343763237491525,-3.0
agentmemorybench:fact-mh-262k:context-0/factconsolidation_mh_262k_no69,4,0,12,2,0.5,0.75,0.8519527953901588,0.7772998663336157,-0.07465292905654308,-2.0
agentmemorybench:fact-mh-262k:context-0/factconsolidation_mh_262k_no69,4,0,13,2,0.75,1.0,0.995390427765074,0.9999741325658478,0.004583704800773747,-2.0
agentmemorybench:fact-mh-262k:context-0/factconsolidation_mh_262k_no69,4,0,14,1,0.75,1.0,0.7772998663336157,0.9999741325658478,0.22267426623223208,-3.0
agentmemorybench:fact-mh-262k:context-0/factconsolidation_mh_262k_no69,4,1,0,1,0.0,0.25,0.0059110692393237,0.70578501855422,0.6998739493148963,-3.0
agentmemorybench:fact-mh-262k:context-0/factconsolidation_mh_262k_no69,4,1,0,2,0.0,0.25,0.0059110692393237,0.0159063906038605,0.009995321364536798,-2.0
agentmemorybench:fact-mh-262k:context-0/factconsolidation_mh_262k_no69,4,1,0,3,0.0,0.25,0.0059110692393237,0.2689414213699951,0.2630303521306714,1.0
agentmemorybench:fact-mh-262k:context-0/factconsolidation_mh_262k_no69,4,1,0,4,0.0,0.25,0.0059110692393237,0.0159063924990453,0.009995323259721599,-6.0
agentmemorybench:fact-mh-262k:context-0/factconsolidation_mh_262k_no69,4,1,1,2,0.25,0.5,0.70578501855422,0.8933094138654242,0.18752439531120413,-2.0
agentmemorybench:fact-mh-262k:context-0/factconsolidation_mh_262k_no69,4,1,1,3,0.25,0.5,0.70578501855422,0.8596637514087697,0.15387873285454967,1.0
agentmemorybench:fact-mh-262k:context-0/factconsolidation_mh_262k_no69,4,1,1,4,0.25,0.5,0.70578501855422,0.7772998611746911,0.07151484262047103,-6.0
agentmemorybench:fact-mh-262k:context-0/factconsolidation_mh_262k_no69,4,1,2,1,0.25,0.5,0.0159063906038605,0.8933094138654242,0.8774030232615637,-3.0
agentmemorybench:fact-mh-262k:context-0/factconsolidation_mh_262k_no69,4,1,2,3,0.25,0.5,0.0159063906038605,0.5621765008857981,0.5462701102819376,1.0
agentmemorybench:fact-mh-262k:context-0/factconsolidation_mh_262k_no69,4,1,2,4,0.25,0.5,0.0159063906038605,0.0420877246114365,0.026181334007576,-6.0
agentmemorybench:fact-mh-262k:context-0/factconsolidation_mh_262k_no69,4,1,3,3,0.5,0.75,0.8933094138654242,0.9883127427519448,0.09500332888652063,1.0
agentmemorybench:fact-mh-262k:context-0/factconsolidation_mh_262k_no69,4,1,3,4,0.5,0.75,0.8933094138654242,0.9099070124511396,0.016597598585715412,-6.0
agentmemorybench:fact-mh-262k:context-0/factconsolidation_mh_262k_no69,4,1,4,1,0.25,0.5,0.2689414213699951,0.8596637514087697,0.5907223300387746,-3.0
agentmemorybench:fact-mh-262k:context-0/factconsolidation_mh_262k_no69,4,1,4,2,0.25,0.5,0.2689414213699951,0.5621765008857981,0.29323507951580297,-2.0
agentmemorybench:fact-mh-262k:context-0/factconsolidation_mh_262k_no69,4,1,4,4,0.25,0.5,0.2689414213699951,0.5312093733737563,0.2622679520037612,-6.0
agentmemorybench:fact-mh-262k:context-0/factconsolidation_mh_262k_no69,4,1,5,2,0.5,0.75,0.8596637514087697,0.9883127427519448,0.1286489913431751,-2.0
agentmemorybench:fact-mh-262k:context-0/factconsolidation_mh_262k_no69,4,1,5,4,0.5,0.75,0.8596637514087697,0.9808759633189912,0.12121221191022147,-6.0
agentmemorybench:fact-mh-262k:context-0/factconsolidation_mh_262k_no69,4,1,6,1,0.5,0.75,0.5621765008857981,0.9883127427519448,0.42613624186614674,-3.0
agentmemorybench:fact-mh-262k:context-0/factconsolidation_mh_262k_no69,4,1,6,4,0.5,0.75,0.5621765008857981,0.7549149923816048,0.19273849149580669,-6.0
agentmemorybench:fact-mh-262k:context-0/factconsolidation_mh_262k_no69,4,1,7,4,0.75,1.0,0.9883127427519448,0.9995121428792896,0.011199400127344772,-6.0
agentmemorybench:fact-mh-262k:context-0/factconsolidation_mh_262k_no69,4,1,8,1,0.25,0.5,0.0159063924990453,0.7772998611746911,0.7613934686756457,-3.0
agentmemorybench:fact-mh-262k:context-0/factconsolidation_mh_262k_no69,4,1,8,2,0.25,0.5,0.0159063924990453,0.0420877246114365,0.0261813321123912,-2.0
agentmemorybench:fact-mh-262k:context-0/factconsolidation_mh_262k_no69,4,1,8,3,0.25,0.5,0.0159063924990453,0.5312093733737563,0.5153029808747109,1.0
agentmemorybench:fact-mh-262k:context-0/factconsolidation_mh_262k_no69,4,1,9,2,0.5,0.75,0.7772998611746911,0.9099070124511396,0.1326071512764485,-2.0
agentmemorybench:fact-mh-262k:context-0/factconsolidation_mh_262k_no69,4,1,9,3,0.5,0.75,0.7772998611746911,0.9808759633189912,0.2035761021443001,1.0
agentmemorybench:fact-mh-262k:context-0/factconsolidation_mh_262k_no69,4,1,10,1,0.5,0.75,0.0420877246114365,0.9099070124511396,0.8678192878397031,-3.0
agentmemorybench:fact-mh-262k:context-0/factconsolidation_mh_262k_no69,4,1,10,3,0.5,0.75,0.0420877246114365,0.7549149923816048,0.7128272677701682,1.0
agentmemorybench:fact-mh-262k:context-0/factconsolidation_mh_262k_no69,4,1,11,3,0.75,1.0,0.9099070124511396,0.9995121428792896,0.08960513042814999,1.0
agentmemorybench:fact-mh-262k:context-0/factconsolidation_mh_262k_no69,4,1,12,1,0.5,0.75,0.5312093733737563,0.9808759633189912,0.4496665899452349,-3.0
agentmemorybench:fact-mh-262k:context-0/factconsolidation_mh_262k_no69,4,1,12,2,0.5,0.75,0.5312093733737563,0.7549149923816048,0.22370561900784847,-2.0
agentmemorybench:fact-mh-262k:context-0/factconsolidation_mh_262k_no69,4,1,13,2,0.75,1.0,0.9808759633189912,0.9995121428792896,0.018636179560298394,-2.0
agentmemorybench:fact-mh-262k:context-0/factconsolidation_mh_262k_no69,4,1,14,1,0.75,1.0,0.7549149923816048,0.9995121428792896,0.24459715049768482,-3.0
agentmemorybench:fact-mh-262k:context-0/factconsolidation_mh_262k_no7,4,0,0,1,0.0,0.25,0.007577240798634,0.4687906266262437,0.46121338582760973,-3.0
agentmemorybench:fact-mh-262k:context-0/factconsolidation_mh_262k_no7,4,0,0,2,0.0,0.25,0.007577240798634,0.0229773704536243,0.015400129654990298,-2.0
agentmemorybench:fact-mh-262k:context-0/factconsolidation_mh_262k_no7,4,0,0,3,0.0,0.25,0.007577240798634,0.0373268894190069,0.029749648620372902,0.0
agentmemorybench:fact-mh-262k:context-0/factconsolidation_mh_262k_no7,4,0,0,4,0.0,0.25,0.007577240798634,0.0474258725885301,0.0398486317898961,-1.0
agentmemorybench:fact-mh-262k:context-0/factconsolidation_mh_262k_no7,4,0,1,2,0.25,0.5,0.4687906266262437,0.9196425287000976,0.45085190207385384,-2.0
agentmemorybench:fact-mh-262k:context-0/factconsolidation_mh_262k_no7,4,0,1,3,0.25,0.5,0.4687906266262437,0.6370307979258678,0.1682401712996241,0.0
agentmemorybench:fact-mh-262k:context-0/factconsolidation_mh_262k_no7,4,0,1,4,0.25,0.5,0.4687906266262437,0.8267117972727706,0.35792117064652684,-1.0
agentmemorybench:fact-mh-262k:context-0/factconsolidation_mh_262k_no7,4,0,2,1,0.25,0.5,0.0229773704536243,0.9196425287000976,0.8966651582464733,-3.0
agentmemorybench:fact-mh-262k:context-0/factconsolidation_mh_262k_no7,4,0,2,3,0.25,0.5,0.0229773704536243,0.5774953651858118,0.5545179947321875,0.0
agentmemorybench:fact-mh-262k:context-0/factconsolidation_mh_262k_no7,4,0,2,4,0.25,0.5,0.0229773704536243,0.1919327829806025,0.1689554125269782,-1.0
agentmemorybench:fact-mh-262k:context-0/factconsolidation_mh_262k_no7,4,0,3,3,0.5,0.75,0.9196425287000976,0.9883127437900332,0.06867021508993565,0.0
agentmemorybench:fact-mh-262k:context-0/factconsolidation_mh_262k_no7,4,0,3,4,0.5,0.75,0.9196425287000976,0.9525741290944316,0.03293160039433407,-1.0
agentmemorybench:fact-mh-262k:context-0/factconsolidation_mh_262k_no7,4,0,4,1,0.25,0.5,0.0373268894190069,0.6370307979258678,0.599703908506861,-3.0
agentmemorybench:fact-mh-262k:context-0/factconsolidation_mh_262k_no7,4,0,4,2,0.25,0.5,0.0373268894190069,0.5774953651858118,0.5401684757668049,-2.0
agentmemorybench:fact-mh-262k:context-0/factconsolidation_mh_262k_no7,4,0,4,4,0.25,0.5,0.0373268894190069,0.7185943955841166,0.6812675061651098,-1.0
agentmemorybench:fact-mh-262k:context-0/factconsolidation_mh_262k_no7,4,0,5,2,0.5,0.75,0.6370307979258678,0.9883127437900332,0.3512819458641654,-2.0
agentmemorybench:fact-mh-262k:context-0/factconsolidation_mh_262k_no7,4,0,5,4,0.5,0.75,0.6370307979258678,0.9883127414556784,0.35128194352981057,-1.0
agentmemorybench:fact-mh-262k:context-0/factconsolidation_mh_262k_no7,4,0,6,1,0.5,0.75,0.5774953651858118,0.9883127437900332,0.4108173786042214,-3.0
agentmemorybench:fact-mh-262k:context-0/factconsolidation_mh_262k_no7,4,0,6,4,0.5,0.75,0.5774953651858118,0.9808759645069536,0.4033805993211418,-1.0
agentmemorybench:fact-mh-262k:context-0/factconsolidation_mh_262k_no7,4,0,7,4,0.75,1.0,0.9883127437900332,0.9999251537771788,0.011612409987145633,-1.0
agentmemorybench:fact-mh-262k:context-0/factconsolidation_mh_262k_no7,4,0,8,1,0.25,0.5,0.0474258725885301,0.8267117972727706,0.7792859246842404,-3.0
agentmemorybench:fact-mh-262k:context-0/factconsolidation_mh_262k_no7,4,0,8,2,0.25,0.5,0.0474258725885301,0.1919327829806025,0.14450691039207242,-2.0
agentmemorybench:fact-mh-262k:context-0/factconsolidation_mh_262k_no7,4,0,8,3,0.25,0.5,0.0474258725885301,0.7185943955841166,0.6711685229955865,0.0
agentmemorybench:fact-mh-262k:context-0/factconsolidation_mh_262k_no7,4,0,9,2,0.5,0.75,0.8267117972727706,0.9525741290944316,0.12586233182166107,-2.0
agentmemorybench:fact-mh-262k:context-0/factconsolidation_mh_262k_no7,4,0,9,3,0.5,0.75,0.8267117972727706,0.9883127414556784,0.16160094418290782,0.0
agentmemorybench:fact-mh-262k:context-0/factconsolidation_mh_262k_no7,4,0,10,1,0.5,0.75,0.1919327829806025,0.9525741290944316,0.760641346113829,-3.0
agentmemorybench:fact-mh-262k:context-0/factconsolidation_mh_262k_no7,4,0,10,3,0.5,0.75,0.1919327829806025,0.9808759645069536,0.788943181526351,0.0
agentmemorybench:fact-mh-262k:context-0/factconsolidation_mh_262k_no7,4,0,11,3,0.75,1.0,0.9525741290944316,0.9999251537771788,0.04735102468274721,0.0
agentmemorybench:fact-mh-262k:context-0/factconsolidation_mh_262k_no7,4,0,12,1,0.5,0.75,0.7185943955841166,0.9883127414556784,0.26971834587156174,-3.0
agentmemorybench:fact-mh-262k:context-0/factconsolidation_mh_262k_no7,4,0,12,2,0.5,0.75,0.7185943955841166,0.9808759645069536,0.26228156892283694,-2.0
agentmemorybench:fact-mh-262k:context-0/factconsolidation_mh_262k_no7,4,0,13,2,0.75,1.0,0.9883127414556784,0.9999251537771788,0.011612412321500454,-2.0
agentmemorybench:fact-mh-262k:context-0/factconsolidation_mh_262k_no7,4,0,14,1,0.75,1.0,0.9808759645069536,0.9999251537771788,0.019049189270225253,-3.0
agentmemorybench:fact-mh-262k:context-0/factconsolidation_mh_262k_no7,4,1,0,1,0.0,0.25,0.0028009275478523,0.8519528000888387,0.8491518725409863,-3.0
agentmemorybench:fact-mh-262k:context-0/factconsolidation_mh_262k_no7,4,1,0,2,0.0,0.25,0.0028009275478523,0.0373268884150339,0.0345259608671816,-2.0
agentmemorybench:fact-mh-262k:context-0/factconsolidation_mh_262k_no7,4,1,0,3,0.0,0.25,0.0028009275478523,0.0159063942703144,0.0131054667224621,0.0
agentmemorybench:fact-mh-262k:context-0/factconsolidation_mh_262k_no7,4,1,0,4,0.0,0.25,0.0028009275478523,0.0116872572695702,0.0088863297217179,-1.0
agentmemorybench:fact-mh-262k:context-0/factconsolidation_mh_262k_no7,4,1,1,2,0.25,0.5,0.8519528000888387,0.9196425289753968,0.06768972888655811,-2.0
agentmemorybench:fact-mh-262k:context-0/factconsolidation_mh_262k_no7,4,1,1,3,0.25,0.5,0.8519528000888387,0.899121373891026,0.04716857380218731,0.0
agentmemorybench:fact-mh-262k:context-0/factconsolidation_mh_262k_no7,4,1,1,4,0.25,0.5,0.8519528000888387,0.8991213786215104,0.04716857853267176,-1.0
agentmemorybench:fact-mh-262k:context-0/factconsolidation_mh_262k_no7,4,1,2,1,0.25,0.5,0.0373268884150339,0.9196425289753968,0.8823156405603629,-3.0
agentmemorybench:fact-mh-262k:context-0/factconsolidation_mh_262k_no7,4,1,2,3,0.25,0.5,0.0373268884150339,0.6370307910348985,0.5997039026198645,0.0
agentmemorybench:fact-mh-262k:context-0/factconsolidation_mh_262k_no7,4,1,2,4,0.25,0.5,0.0373268884150339,0.2337063595826549,0.196379471167621,-1.0
agentmemorybench:fact-mh-262k:context-0/factconsolidation_mh_262k_no7,4,1,3,3,0.5,0.75,0.9196425289753968,0.9867771800583244,0.0671346510829276,0.0
agentmemorybench:fact-mh-262k:context-0/factconsolidation_mh_262k_no7,4,1,3,4,0.5,0.75,0.9196425289753968,0.9840936065825188,0.06445107760712199,-1.0
agentmemorybench:fact-mh-262k:context-0/factconsolidation_mh_262k_no7,4,1,4,1,0.25,0.5,0.0159063942703144,0.899121373891026,0.8832149796207116,-3.0
agentmemorybench:fact-mh-262k:context-0/factconsolidation_mh_262k_no7,4,1,4,2,0.25,0.5,0.0159063942703144,0.6370307910348985,0.6211243967645841,-2.0
agentmemorybench:fact-mh-262k:context-0/factconsolidation_mh_262k_no7,4,1,4,4,0.25,0.5,0.0159063942703144,0.1480471980316894,0.132140803761375,-1.0
agentmemorybench:fact-mh-262k:context-0/factconsolidation_mh_262k_no7,4,1,5,2,0.5,0.75,0.899121373891026,0.9867771800583244,0.0876558061672984,-2.0
agentmemorybench:fact-mh-262k:context-0/factconsolidation_mh_262k_no7,4,1,5,4,0.5,0.75,0.899121373891026,0.9241418212845398,0.025020447393513834,-1.0
agentmemorybench:fact-mh-262k:context-0/factconsolidation_mh_262k_no7,4,1,6,1,0.5,0.75,0.6370307910348985,0.9867771800583244,0.3497463890234259,-3.0
agentmemorybench:fact-mh-262k:context-0/factconsolidation_mh_262k_no7,4,1,6,4,0.5,0.75,0.6370307910348985,0.8670357640968623,0.23000497306196388,-1.0
agentmemorybench:fact-mh-262k:context-0/factconsolidation_mh_262k_no7,4,1,7,4,0.75,1.0,0.9867771800583244,0.9986749775355708,0.011897797477246397,-1.0
agentmemorybench:fact-mh-262k:context-0/factconsolidation_mh_262k_no7,4,1,8,1,0.25,0.5,0.0116872572695702,0.8991213786215104,0.8874341213519402,-3.0
agentmemorybench:fact-mh-262k:context-0/factconsolidation_mh_262k_no7,4,1,8,2,0.25,0.5,0.0116872572695702,0.2337063595826549,0.2220191023130847,-2.0
agentmemorybench:fact-mh-262k:context-0/factconsolidation_mh_262k_no7,4,1,8,3,0.25,0.5,0.0116872572695702,0.1480471980316894,0.1363599407621192,0.0
agentmemorybench:fact-mh-262k:context-0/factconsolidation_mh_262k_no7,4,1,9,2,0.5,0.75,0.8991213786215104,0.9840936065825188,0.08497222796100834,-2.0
agentmemorybench:fact-mh-262k:context-0/factconsolidation_mh_262k_no7,4,1,9,3,0.5,0.75,0.8991213786215104,0.9241418212845398,0.025020442663029385,0.0
agentmemorybench:fact-mh-262k:context-0/factconsolidation_mh_262k_no7,4,1,10,1,0.5,0.75,0.2337063595826549,0.9840936065825188,0.7503872469998638,-3.0
agentmemorybench:fact-mh-262k:context-0/factconsolidation_mh_262k_no7,4,1,10,3,0.5,0.75,0.2337063595826549,0.8670357640968623,0.6333294045142075,0.0
agentmemorybench:fact-mh-262k:context-0/factconsolidation_mh_262k_no7,4,1,11,3,0.75,1.0,0.9840936065825188,0.9986749775355708,0.014581370953052009,0.0
agentmemorybench:fact-mh-262k:context-0/factconsolidation_mh_262k_no7,4,1,12,1,0.5,0.75,0.1480471980316894,0.9241418212845398,0.7760946232528504,-3.0
agentmemorybench:fact-mh-262k:context-0/factconsolidation_mh_262k_no7,4,1,12,2,0.5,0.75,0.1480471980316894,0.8670357640968623,0.7189885660651729,-2.0
agentmemorybench:fact-mh-262k:context-0/factconsolidation_mh_262k_no7,4,1,13,2,0.75,1.0,0.9241418212845398,0.9986749775355708,0.07453315625103096,-2.0
agentmemorybench:fact-mh-262k:context-0/factconsolidation_mh_262k_no7,4,1,14,1,0.75,1.0,0.8670357640968623,0.9986749775355708,0.13163921343870844,-3.0
agentmemorybench:fact-mh-262k:context-0/factconsolidation_mh_262k_no70,3,0,0,1,0.0,0.3333333333333333,0.0028009265515697,0.7772998560157665,0.7744989294641967,-5.0
agentmemorybench:fact-mh-262k:context-0/factconsolidation_mh_262k_no70,3,0,0,2,0.0,0.3333333333333333,0.0028009265515697,0.0075772402908887,0.004776313739319,2.0
agentmemorybench:fact-mh-262k:context-0/factconsolidation_mh_262k_no70,3,0,0,3,0.0,0.3333333333333333,0.0028009265515697,0.0373268852023206,0.0345259586507509,-5.0
agentmemorybench:fact-mh-262k:context-0/factconsolidation_mh_262k_no70,3,0,1,2,0.3333333333333333,0.6666666666666666,0.7772998560157665,0.9046505338155468,0.12735067779978038,2.0
agentmemorybench:fact-mh-262k:context-0/factconsolidation_mh_262k_no70,3,0,1,3,0.3333333333333333,0.6666666666666666,0.7772998560157665,0.817574471748733,0.040274615732966534,-5.0
agentmemorybench:fact-mh-262k:context-0/factconsolidation_mh_262k_no70,3,0,2,1,0.3333333333333333,0.6666666666666666,0.0075772402908887,0.9046505338155468,0.8970732935246581,-5.0
agentmemorybench:fact-mh-262k:context-0/factconsolidation_mh_262k_no70,3,0,2,3,0.3333333333333333,0.6666666666666666,0.0075772402908887,0.6224593347036828,0.6148820944127941,-5.0
agentmemorybench:fact-mh-262k:context-0/factconsolidation_mh_262k_no70,3,0,3,3,0.6666666666666666,1.0,0.9046505338155468,0.9997965730749018,0.09514603925935494,-5.0
agentmemorybench:fact-mh-262k:context-0/factconsolidation_mh_262k_no70,3,0,4,1,0.3333333333333333,0.6666666666666666,0.0373268852023206,0.817574471748733,0.7802475865464124,-5.0
agentmemorybench:fact-mh-262k:context-0/factconsolidation_mh_262k_no70,3,0,4,2,0.3333333333333333,0.6666666666666666,0.0373268852023206,0.6224593347036828,0.5851324495013621,2.0
agentmemorybench:fact-mh-262k:context-0/factconsolidation_mh_262k_no70,3,0,5,2,0.6666666666666666,1.0,0.817574471748733,0.9997965730749018,0.18222210132616878,2.0
agentmemorybench:fact-mh-262k:context-0/factconsolidation_mh_262k_no70,3,0,6,1,0.6666666666666666,1.0,0.6224593347036828,0.9997965730749018,0.377337238371219,-5.0
agentmemorybench:fact-mh-262k:context-0/factconsolidation_mh_262k_no70,3,1,0,1,0.0,0.3333333333333333,0.0035936018085858,0.8807970779778823,0.8772034761692965,-5.0
agentmemorybench:fact-mh-262k:context-0/factconsolidation_mh_262k_no70,3,1,0,2,0.0,0.3333333333333333,0.0035936018085858,0.042087728215999,0.038494126407413204,2.0
agentmemorybench:fact-mh-262k:context-0/factconsolidation_mh_262k_no70,3,1,0,3,0.0,0.3333333333333333,0.0035936018085858,0.0031726832820886,-0.00042091852649720016,-5.0
agentmemorybench:fact-mh-262k:context-0/factconsolidation_mh_262k_no70,3,1,1,2,0.3333333333333333,0.6666666666666666,0.8807970779778823,0.9465966647389334,0.06579958676105113,2.0
agentmemorybench:fact-mh-262k:context-0/factconsolidation_mh_262k_no70,3,1,1,3,0.3333333333333333,0.6666666666666666,0.8807970779778823,0.7981867777396212,-0.0826103002382611,-5.0
agentmemorybench:fact-mh-262k:context-0/factconsolidation_mh_262k_no70,3,1,2,1,0.3333333333333333,0.6666666666666666,0.042087728215999,0.9465966647389334,0.9045089365229344,-5.0
agentmemorybench:fact-mh-262k:context-0/factconsolidation_mh_262k_no70,3,1,2,3,0.3333333333333333,0.6666666666666666,0.042087728215999,0.5,0.457912271784001,-5.0
agentmemorybench:fact-mh-262k:context-0/factconsolidation_mh_262k_no70,3,1,3,3,0.6666666666666666,1.0,0.9465966647389334,0.9989677691500328,0.05237110441109938,-5.0
agentmemorybench:fact-mh-262k:context-0/factconsolidation_mh_262k_no70,3,1,4,1,0.3333333333333333,0.6666666666666666,0.0031726832820886,0.7981867777396212,0.7950140944575326,-5.0
agentmemorybench:fact-mh-262k:context-0/factconsolidation_mh_262k_no70,3,1,4,2,0.3333333333333333,0.6666666666666666,0.0031726832820886,0.5,0.4968273167179114,2.0
agentmemorybench:fact-mh-262k:context-0/factconsolidation_mh_262k_no70,3,1,5,2,0.6666666666666666,1.0,0.7981867777396212,0.9989677691500328,0.2007809914104116,2.0
agentmemorybench:fact-mh-262k:context-0/factconsolidation_mh_262k_no70,3,1,6,1,0.6666666666666666,1.0,0.5,0.9989677691500328,0.4989677691500328,-5.0
agentmemorybench:fact-mh-262k:context-0/factconsolidation_mh_262k_no73,2,0,0,1,0.0,0.5,0.0097084778424733,0.9979492564266088,0.9882407785841355,-3.0
agentmemorybench:fact-mh-262k:context-0/factconsolidation_mh_262k_no73,2,0,0,2,0.0,0.5,0.0097084778424733,0.7549149868676283,0.745206509025155,-2.0
agentmemorybench:fact-mh-262k:context-0/factconsolidation_mh_262k_no73,2,0,1,2,0.5,1.0,0.9979492564266088,0.9999573525293166,0.0020080961027078015,-2.0
agentmemorybench:fact-mh-262k:context-0/factconsolidation_mh_262k_no73,2,0,2,1,0.5,1.0,0.7549149868676283,0.9999573525293166,0.24504236566168835,-3.0
agentmemorybench:fact-mh-262k:context-0/factconsolidation_mh_262k_no73,2,1,0,1,0.0,0.5,0.0159063924625994,0.998498817802418,0.9825924253398186,-3.0
agentmemorybench:fact-mh-262k:context-0/factconsolidation_mh_262k_no73,2,1,0,2,0.0,0.5,0.0159063924625994,0.5926665999540697,0.5767602074914703,-2.0
agentmemorybench:fact-mh-262k:context-0/factconsolidation_mh_262k_no73,2,1,1,2,0.5,1.0,0.998498817802418,0.9996849612305746,0.0011861434281565941,-2.0
agentmemorybench:fact-mh-262k:context-0/factconsolidation_mh_262k_no73,2,1,2,1,0.5,1.0,0.5926665999540697,0.9996849612305746,0.4070183612765049,-3.0
agentmemorybench:fact-mh-262k:context-0/factconsolidation_mh_262k_no74,2,0,0,1,0.0,0.5,0.0109869436729496,0.9770226293791144,0.9660356857061648,1.0
agentmemorybench:fact-mh-262k:context-0/factconsolidation_mh_262k_no74,2,0,0,2,0.0,0.5,0.0109869436729496,0.5926665999540697,0.5816796562811201,-1.0
agentmemorybench:fact-mh-262k:context-0/factconsolidation_mh_262k_no74,2,0,1,2,0.5,1.0,0.9770226293791144,0.999972464295769,0.022949834916654588,-1.0
agentmemorybench:fact-mh-262k:context-0/factconsolidation_mh_262k_no74,2,0,2,1,0.5,1.0,0.5926665999540697,0.999972464295769,0.40730586434169935,1.0
agentmemorybench:fact-mh-262k:context-0/factconsolidation_mh_262k_no74,2,1,0,1,0.0,0.5,0.0124316522938629,0.957912269230769,0.9454806169369061,1.0
agentmemorybench:fact-mh-262k:context-0/factconsolidation_mh_262k_no74,2,1,0,2,0.0,0.5,0.0124316522938629,0.3923368301671083,0.3799051778732454,-1.0
agentmemorybench:fact-mh-262k:context-0/factconsolidation_mh_262k_no74,2,1,1,2,0.5,1.0,0.957912269230769,0.9999038976136247,0.04199162838285575,-1.0
agentmemorybench:fact-mh-262k:context-0/factconsolidation_mh_262k_no74,2,1,2,1,0.5,1.0,0.3923368301671083,0.9999038976136247,0.6075670674465165,1.0
agentmemorybench:fact-mh-262k:context-0/factconsolidation_mh_262k_no78,2,0,0,1,0.0,0.5,0.0019267344374433,0.9859363714846072,0.9840096370471639,2.0
agentmemorybench:fact-mh-262k:context-0/factconsolidation_mh_262k_no78,2,0,0,2,0.0,0.5,0.0019267344374433,0.5926665999540697,0.5907398655166264,-2.0
agentmemorybench:fact-mh-262k:context-0/factconsolidation_mh_262k_no78,2,0,1,2,0.5,1.0,0.9859363714846072,0.9998911031166436,0.013954731632036421,-2.0
agentmemorybench:fact-mh-262k:context-0/factconsolidation_mh_262k_no78,2,0,2,1,0.5,1.0,0.5926665999540697,0.9998911031166436,0.40722450316257397,2.0
agentmemorybench:fact-mh-262k:context-0/factconsolidation_mh_262k_no78,2,1,0,1,0.0,0.5,0.0028009268312051,0.9770226302990508,0.9742217034678456,2.0
agentmemorybench:fact-mh-262k:context-0/factconsolidation_mh_262k_no78,2,1,0,2,0.0,0.5,0.0028009268312051,0.4687906266262437,0.4659896997950386,-2.0
agentmemorybench:fact-mh-262k:context-0/factconsolidation_mh_262k_no78,2,1,1,2,0.5,1.0,0.9770226302990508,0.9999339478474456,0.022911317548394816,-2.0
agentmemorybench:fact-mh-262k:context-0/factconsolidation_mh_262k_no78,2,1,2,1,0.5,1.0,0.4687906266262437,0.9999339478474456,0.5311433212212019,2.0
agentmemorybench:fact-mh-262k:context-0/factconsolidation_mh_262k_no80,2,0,0,1,0.0,0.5,0.027585280378114,0.8807970779778823,0.8532117975997683,1.0
agentmemorybench:fact-mh-262k:context-0/factconsolidation_mh_262k_no80,2,0,0,2,0.0,0.5,0.027585280378114,0.8080672158638527,0.7804819354857386,1.0
agentmemorybench:fact-mh-262k:context-0/factconsolidation_mh_262k_no80,2,0,1,2,0.5,1.0,0.8807970779778823,0.9953904283494354,0.11459335037155305,1.0
agentmemorybench:fact-mh-262k:context-0/factconsolidation_mh_262k_no80,2,0,2,1,0.5,1.0,0.8080672158638527,0.9953904283494354,0.1873232124855827,1.0
agentmemorybench:fact-mh-262k:context-0/factconsolidation_mh_262k_no80,2,1,0,1,0.0,0.5,0.0159063896781357,0.8933094049892021,0.8774030153110663,1.0
agentmemorybench:fact-mh-262k:context-0/factconsolidation_mh_262k_no80,2,1,0,2,0.0,0.5,0.0159063896781357,0.3923368301671083,0.3764304404889726,1.0
agentmemorybench:fact-mh-262k:context-0/factconsolidation_mh_262k_no80,2,1,1,2,0.5,1.0,0.8933094049892021,0.998755156799735,0.10544575181053295,1.0
agentmemorybench:fact-mh-262k:context-0/factconsolidation_mh_262k_no80,2,1,2,1,0.5,1.0,0.3923368301671083,0.998755156799735,0.6064183266326267,1.0
agentmemorybench:fact-mh-262k:context-0/factconsolidation_mh_262k_no81,2,0,0,1,0.0,0.5,0.3486451217982254,0.997527377077671,0.6488822552794457,2.0
agentmemorybench:fact-mh-262k:context-0/factconsolidation_mh_262k_no81,2,0,0,2,0.0,0.5,0.3486451217982254,0.5312093733737563,0.1825642515755309,0.0
agentmemorybench:fact-mh-262k:context-0/factconsolidation_mh_262k_no81,2,0,1,2,0.5,1.0,0.997527377077671,0.9995121429357722,0.001984765858101145,0.0
agentmemorybench:fact-mh-262k:context-0/factconsolidation_mh_262k_no81,2,0,2,1,0.5,1.0,0.5312093733737563,0.9995121429357722,0.4683027695620159,2.0
agentmemorybench:fact-mh-262k:context-0/factconsolidation_mh_262k_no81,2,1,0,1,0.0,0.5,0.1824255238063563,0.9988304898425124,0.8164049660361561,2.0
agentmemorybench:fact-mh-262k:context-0/factconsolidation_mh_262k_no81,2,1,0,2,0.0,0.5,0.1824255238063563,0.5312093733737563,0.3487838495674,0.0
agentmemorybench:fact-mh-262k:context-0/factconsolidation_mh_262k_no81,2,1,1,2,0.5,1.0,0.9988304898425124,0.9992903296974922,0.0004598398549797711,0.0
agentmemorybench:fact-mh-262k:context-0/factconsolidation_mh_262k_no81,2,1,2,1,0.5,1.0,0.5312093733737563,0.9992903296974922,0.4680809563237359,2.0
agentmemorybench:fact-mh-262k:context-0/factconsolidation_mh_262k_no83,2,0,0,1,0.0,0.5,0.0052201244941703,0.932453307921834,0.9272331834276637,3.0
agentmemorybench:fact-mh-262k:context-0/factconsolidation_mh_262k_no83,2,0,0,2,0.0,0.5,0.0052201244941703,0.0035936029148977,-0.0016265215792725996,0.0
agentmemorybench:fact-mh-262k:context-0/factconsolidation_mh_262k_no83,2,0,1,2,0.5,1.0,0.932453307921834,0.9999151889485088,0.06746188102667483,0.0
agentmemorybench:fact-mh-262k:context-0/factconsolidation_mh_262k_no83,2,0,2,1,0.5,1.0,0.0035936029148977,0.9999151889485088,0.9963215860336111,3.0
agentmemorybench:fact-mh-262k:context-0/factconsolidation_mh_262k_no83,2,1,0,1,0.0,0.5,0.0140636286316148,0.914900945711678,0.9008373170800632,3.0
agentmemorybench:fact-mh-262k:context-0/factconsolidation_mh_262k_no83,2,1,0,2,0.0,0.5,0.0140636286316148,0.0046095728374485,-0.009454055794166302,0.0
agentmemorybench:fact-mh-262k:context-0/factconsolidation_mh_262k_no83,2,1,1,2,0.5,1.0,0.914900945711678,0.999512142820281,0.08461119710860299,0.0
agentmemorybench:fact-mh-262k:context-0/factconsolidation_mh_262k_no83,2,1,2,1,0.5,1.0,0.0046095728374485,0.999512142820281,0.9949025699828326,3.0
agentmemorybench:fact-mh-262k:context-0/factconsolidation_mh_262k_no86,2,0,0,1,0.0,0.5,0.0035936026281069,0.4378234991142019,0.434229896486095,3.0
agentmemorybench:fact-mh-262k:context-0/factconsolidation_mh_262k_no86,2,0,0,2,0.0,0.5,0.0035936026281069,0.9196425309024934,0.9160489282743864,2.0
agentmemorybench:fact-mh-262k:context-0/factconsolidation_mh_262k_no86,2,0,1,2,0.5,1.0,0.4378234991142019,0.9998204720979044,0.5619969729837024,2.0
agentmemorybench:fact-mh-262k:context-0/factconsolidation_mh_262k_no86,2,0,2,1,0.5,1.0,0.9196425309024934,0.9998204720979044,0.080177941195411,3.0
agentmemorybench:fact-mh-262k:context-0/factconsolidation_mh_262k_no86,2,1,0,1,0.0,0.5,0.0024726225766131,0.5312093733737563,0.5287367507971432,3.0
agentmemorybench:fact-mh-262k:context-0/factconsolidation_mh_262k_no86,2,1,0,2,0.0,0.5,0.0024726225766131,0.8175744850834649,0.8151018625068518,2.0
agentmemorybench:fact-mh-262k:context-0/factconsolidation_mh_262k_no86,2,1,1,2,0.5,1.0,0.5312093733737563,0.9999251537548708,0.4687157803811145,2.0
agentmemorybench:fact-mh-262k:context-0/factconsolidation_mh_262k_no86,2,1,2,1,0.5,1.0,0.8175744850834649,0.9999251537548708,0.18235066867140592,3.0
agentmemorybench:fact-mh-262k:context-0/factconsolidation_mh_262k_no87,3,0,0,1,0.0,0.3333333333333333,0.0052201264673572,0.7772998663336157,0.7720797398662584,1.0
agentmemorybench:fact-mh-262k:context-0/factconsolidation_mh_262k_no87,3,0,0,2,0.0,0.3333333333333333,0.0052201264673572,0.1066905953658467,0.1014704688984895,-3.0
agentmemorybench:fact-mh-262k:context-0/factconsolidation_mh_262k_no87,3,0,0,3,0.0,0.3333333333333333,0.0052201264673572,0.0474258758703056,0.0422057494029484,-1.0
agentmemorybench:fact-mh-262k:context-0/factconsolidation_mh_262k_no87,3,0,1,2,0.3333333333333333,0.6666666666666666,0.7772998663336157,0.9669140219688266,0.1896141556352109,-3.0
agentmemorybench:fact-mh-262k:context-0/factconsolidation_mh_262k_no87,3,0,1,3,0.3333333333333333,0.6666666666666666,0.7772998663336157,0.914900961373874,0.1376010950402583,-1.0
agentmemorybench:fact-mh-262k:context-0/factconsolidation_mh_262k_no87,3,0,2,1,0.3333333333333333,0.6666666666666666,0.1066905953658467,0.9669140219688266,0.8602234266029799,1.0
agentmemorybench:fact-mh-262k:context-0/factconsolidation_mh_262k_no87,3,0,2,3,0.3333333333333333,0.6666666666666666,0.1066905953658467,0.9241418257242036,0.8174512303583569,-1.0
agentmemorybench:fact-mh-262k:context-0/factconsolidation_mh_262k_no87,3,0,3,3,0.6666666666666666,1.0,0.9669140219688266,0.9998415638019348,0.0329275418331082,-1.0
agentmemorybench:fact-mh-262k:context-0/factconsolidation_mh_262k_no87,3,0,4,1,0.3333333333333333,0.6666666666666666,0.0474258758703056,0.914900961373874,0.8674750855035684,1.0
agentmemorybench:fact-mh-262k:context-0/factconsolidation_mh_262k_no87,3,0,4,2,0.3333333333333333,0.6666666666666666,0.0474258758703056,0.9241418257242036,0.876715949853898,-3.0
agentmemorybench:fact-mh-262k:context-0/factconsolidation_mh_262k_no87,3,0,5,2,0.6666666666666666,1.0,0.914900961373874,0.9998415638019348,0.08494060242806079,-3.0
agentmemorybench:fact-mh-262k:context-0/factconsolidation_mh_262k_no87,3,0,6,1,0.6666666666666666,1.0,0.9241418257242036,0.9998415638019348,0.07569973807773123,1.0
agentmemorybench:fact-mh-262k:context-0/factconsolidation_mh_262k_no87,3,1,0,1,0.0,0.3333333333333333,0.0035936022587805,0.8175744706375053,0.8139808683787249,1.0
agentmemorybench:fact-mh-262k:context-0/factconsolidation_mh_262k_no87,3,1,0,2,0.0,0.3333333333333333,0.0035936022587805,0.085099040946451,0.0815054386876705,-3.0
agentmemorybench:fact-mh-262k:context-0/factconsolidation_mh_262k_no87,3,1,0,3,0.0,0.3333333333333333,0.0035936022587805,0.0124316502814885,0.008838048022708,-1.0
agentmemorybench:fact-mh-262k:context-0/factconsolidation_mh_262k_no87,3,1,1,2,0.3333333333333333,0.6666666666666666,0.8175744706375053,0.985936371859101,0.16836190122159567,-3.0
agentmemorybench:fact-mh-262k:context-0/factconsolidation_mh_262k_no87,3,1,1,3,0.3333333333333333,0.6666666666666666,0.8175744706375053,0.6791787056691698,-0.1383957649683355,-1.0
agentmemorybench:fact-mh-262k:context-0/factconsolidation_mh_262k_no87,3,1,2,1,0.3333333333333333,0.6666666666666666,0.085099040946451,0.985936371859101,0.90083733091265,1.0
agentmemorybench:fact-mh-262k:context-0/factconsolidation_mh_262k_no87,3,1,2,3,0.3333333333333333,0.6666666666666666,0.085099040946451,0.9706877682416838,0.8855887272952327,-1.0
agentmemorybench:fact-mh-262k:context-0/factconsolidation_mh_262k_no87,3,1,3,3,0.6666666666666666,1.0,0.985936371859101,0.9999251537638204,0.013988781904719416,-1.0
agentmemorybench:fact-mh-262k:context-0/factconsolidation_mh_262k_no87,3,1,4,1,0.3333333333333333,0.6666666666666666,0.0124316502814885,0.6791787056691698,0.6667470553876813,1.0
agentmemorybench:fact-mh-262k:context-0/factconsolidation_mh_262k_no87,3,1,4,2,0.3333333333333333,0.6666666666666666,0.0124316502814885,0.9706877682416838,0.9582561179601953,-3.0
agentmemorybench:fact-mh-262k:context-0/factconsolidation_mh_262k_no87,3,1,5,2,0.6666666666666666,1.0,0.6791787056691698,0.9999251537638204,0.3207464480946506,-3.0
agentmemorybench:fact-mh-262k:context-0/factconsolidation_mh_262k_no87,3,1,6,1,0.6666666666666666,1.0,0.9706877682416838,0.9999251537638204,0.029237385522136616,1.0
agentmemorybench:fact-mh-262k:context-0/factconsolidation_mh_262k_no89,2,0,0,1,0.0,0.5,0.0140636278826276,0.8519527953901588,0.8378891675075312,-3.0
agentmemorybench:fact-mh-262k:context-0/factconsolidation_mh_262k_no89,2,0,0,2,0.0,0.5,0.0140636278826276,0.1824255304737224,0.1683619025910948,-4.0
agentmemorybench:fact-mh-262k:context-0/factconsolidation_mh_262k_no89,2,0,1,2,0.5,1.0,0.8519527953901588,0.9990889488600116,0.14713615346985287,-4.0
agentmemorybench:fact-mh-262k:context-0/factconsolidation_mh_262k_no89,2,0,2,1,0.5,1.0,0.1824255304737224,0.9990889488600116,0.8166634183862893,-3.0
agentmemorybench:fact-mh-262k:context-0/factconsolidation_mh_262k_no89,2,1,0,1,0.0,0.5,0.0040701378612406,0.9579122749379932,0.9538421370767527,-3.0
agentmemorybench:fact-mh-262k:context-0/factconsolidation_mh_262k_no89,2,1,0,2,0.0,0.5,0.0040701378612406,0.0420877297179002,0.0380175918566596,-4.0
agentmemorybench:fact-mh-262k:context-0/factconsolidation_mh_262k_no89,2,1,1,2,0.5,1.0,0.9579122749379932,0.9992903294425944,0.04137805450460119,-4.0
agentmemorybench:fact-mh-262k:context-0/factconsolidation_mh_262k_no89,2,1,2,1,0.5,1.0,0.0420877297179002,0.9992903294425944,0.9572025997246942,-3.0
agentmemorybench:fact-mh-262k:context-0/factconsolidation_mh_262k_no90,2,0,0,1,0.0,0.5,0.0002611903720957,0.9890130559526116,0.9887518655805159,-1.0
agentmemorybench:fact-mh-262k:context-0/factconsolidation_mh_262k_no90,2,0,0,2,0.0,0.5,0.0002611903720957,0.9465966762263736,0.9463354858542778,-3.0
agentmemorybench:fact-mh-262k:context-0/factconsolidation_mh_262k_no90,2,0,1,2,0.5,1.0,0.9890130559526116,0.999983298578156,0.010970242625544468,-3.0
agentmemorybench:fact-mh-262k:context-0/factconsolidation_mh_262k_no90,2,0,2,1,0.5,1.0,0.9465966762263736,0.999983298578156,0.05338662235178249,-1.0
agentmemorybench:fact-mh-262k:context-0/factconsolidation_mh_262k_no90,2,1,0,1,0.0,0.5,0.0013250225016317,0.987568346608478,0.9862433241068463,-1.0
agentmemorybench:fact-mh-262k:context-0/factconsolidation_mh_262k_no90,2,1,0,2,0.0,0.5,0.0013250225016317,0.7981867729389246,0.7968617504372929,-3.0
agentmemorybench:fact-mh-262k:context-0/factconsolidation_mh_262k_no90,2,1,1,2,0.5,1.0,0.987568346608478,0.9998766053956696,0.01230825878719155,-3.0
agentmemorybench:fact-mh-262k:context-0/factconsolidation_mh_262k_no90,2,1,2,1,0.5,1.0,0.7981867729389246,0.9998766053956696,0.201689832456745,-1.0
agentmemorybench:fact-mh-262k:context-0/factconsolidation_mh_262k_no92,3,0,0,1,0.0,0.3333333333333333,0.0149570875742388,0.6224593312018546,0.6075022436276158,4.0
agentmemorybench:fact-mh-262k:context-0/factconsolidation_mh_262k_no92,3,0,0,2,0.0,0.3333333333333333,0.0149570875742388,0.1127954055372942,0.0978383179630554,0.0
agentmemorybench:fact-mh-262k:context-0/factconsolidation_mh_262k_no92,3,0,0,3,0.0,0.3333333333333333,0.0149570875742388,0.1480472008508973,0.13309011327665848,2.0
agentmemorybench:fact-mh-262k:context-0/factconsolidation_mh_262k_no92,3,0,1,2,0.3333333333333333,0.6666666666666666,0.6224593312018546,0.867035755507479,0.24457642430562443,0.0
agentmemorybench:fact-mh-262k:context-0/factconsolidation_mh_262k_no92,3,0,1,3,0.3333333333333333,0.6666666666666666,0.6224593312018546,0.9241418212845398,0.3016824900826852,2.0
agentmemorybench:fact-mh-262k:context-0/factconsolidation_mh_262k_no92,3,0,2,1,0.3333333333333333,0.6666666666666666,0.1127954055372942,0.867035755507479,0.7542403499701849,4.0
agentmemorybench:fact-mh-262k:context-0/factconsolidation_mh_262k_no92,3,0,2,3,0.3333333333333333,0.6666666666666666,0.1127954055372942,0.9433475740947548,0.8305521685574606,2.0
agentmemorybench:fact-mh-262k:context-0/factconsolidation_mh_262k_no92,3,0,3,3,0.6666666666666666,1.0,0.867035755507479,0.9998601779425238,0.13282442243504478,2.0
agentmemorybench:fact-mh-262k:context-0/factconsolidation_mh_262k_no92,3,0,4,1,0.3333333333333333,0.6666666666666666,0.1480472008508973,0.9241418212845398,0.7760946204336425,4.0
agentmemorybench:fact-mh-262k:context-0/factconsolidation_mh_262k_no92,3,0,4,2,0.3333333333333333,0.6666666666666666,0.1480472008508973,0.9433475740947548,0.7953003732438575,0.0
agentmemorybench:fact-mh-262k:context-0/factconsolidation_mh_262k_no92,3,0,5,2,0.6666666666666666,1.0,0.9241418212845398,0.9998601779425238,0.07571835665798399,0.0
agentmemorybench:fact-mh-262k:context-0/factconsolidation_mh_262k_no92,3,0,6,1,0.6666666666666666,1.0,0.9433475740947548,0.9998601779425238,0.056512603847769016,4.0
agentmemorybench:fact-mh-262k:context-0/factconsolidation_mh_262k_no92,3,1,0,1,0.0,0.3333333333333333,0.0103281524050712,0.8740772409052684,0.8637490885001972,4.0
agentmemorybench:fact-mh-262k:context-0/factconsolidation_mh_262k_no92,3,1,0,2,0.0,0.3333333333333333,0.0103281524050712,0.1127954137388833,0.10246726133381209,0.0
agentmemorybench:fact-mh-262k:context-0/factconsolidation_mh_262k_no92,3,1,0,3,0.0,0.3333333333333333,0.0103281524050712,0.1919327864472368,0.1816046340421656,2.0
agentmemorybench:fact-mh-262k:context-0/factconsolidation_mh_262k_no92,3,1,1,2,0.3333333333333333,0.6666666666666666,0.8740772409052684,0.9579122697564344,0.083835028851166,0.0
agentmemorybench:fact-mh-262k:context-0/factconsolidation_mh_262k_no92,3,1,1,3,0.3333333333333333,0.6666666666666666,0.8740772409052684,0.955319133066604,0.0812418921613356,2.0
agentmemorybench:fact-mh-262k:context-0/factconsolidation_mh_262k_no92,3,1,2,1,0.3333333333333333,0.6666666666666666,0.1127954137388833,0.9579122697564344,0.845116856017551,4.0
agentmemorybench:fact-mh-262k:context-0/factconsolidation_mh_262k_no92,3,1,2,3,0.3333333333333333,0.6666666666666666,0.1127954137388833,0.705785030931275,0.5929896171923916,2.0
agentmemorybench:fact-mh-262k:context-0/factconsolidation_mh_262k_no92,3,1,3,3,0.6666666666666666,1.0,0.9579122697564344,0.9987551567874324,0.04084288703099803,2.0
agentmemorybench:fact-mh-262k:context-0/factconsolidation_mh_262k_no92,3,1,4,1,0.3333333333333333,0.6666666666666666,0.1919327864472368,0.955319133066604,0.7633863466193672,4.0
agentmemorybench:fact-mh-262k:context-0/factconsolidation_mh_262k_no92,3,1,4,2,0.3333333333333333,0.6666666666666666,0.1919327864472368,0.705785030931275,0.5138522444840382,0.0
agentmemorybench:fact-mh-262k:context-0/factconsolidation_mh_262k_no92,3,1,5,2,0.6666666666666666,1.0,0.955319133066604,0.9987551567874324,0.04343602372082844,0.0
agentmemorybench:fact-mh-262k:context-0/factconsolidation_mh_262k_no92,3,1,6,1,0.6666666666666666,1.0,0.705785030931275,0.9987551567874324,0.29297012585615745,4.0
agentmemorybench:fact-mh-262k:context-0/factconsolidation_mh_262k_no93,4,0,0,1,0.0,0.25,0.0109869440473883,0.2689414213699951,0.2579544773226068,-2.0
agentmemorybench:fact-mh-262k:context-0/factconsolidation_mh_262k_no93,4,0,0,2,0.0,0.25,0.0109869440473883,0.0052201247093831,-0.0057668193380052005,-1.0
agentmemorybench:fact-mh-262k:context-0/factconsolidation_mh_262k_no93,4,0,0,3,0.0,0.25,0.0109869440473883,0.0203323547154303,0.009345410668041999,1.0
agentmemorybench:fact-mh-262k:context-0/factconsolidation_mh_262k_no93,4,0,0,4,0.0,0.25,0.0109869440473883,0.042087723860486,0.031100779813097702,-1.0
agentmemorybench:fact-mh-262k:context-0/factconsolidation_mh_262k_no93,4,0,1,2,0.25,0.5,0.2689414213699951,0.8267117930033077,0.5577703716333126,-1.0
agentmemorybench:fact-mh-262k:context-0/factconsolidation_mh_262k_no93,4,0,1,3,0.25,0.5,0.2689414213699951,0.5312093733737563,0.2622679520037612,1.0
agentmemorybench:fact-mh-262k:context-0/factconsolidation_mh_262k_no93,4,0,1,4,0.25,0.5,0.2689414213699951,0.6224593312018546,0.3535179098318595,-1.0
agentmemorybench:fact-mh-262k:context-0/factconsolidation_mh_262k_no93,4,0,2,1,0.25,0.5,0.0052201247093831,0.8267117930033077,0.8214916682939246,-2.0
agentmemorybench:fact-mh-262k:context-0/factconsolidation_mh_262k_no93,4,0,2,3,0.25,0.5,0.0052201247093831,0.1192029157640123,0.1139827910546292,1.0
agentmemorybench:fact-mh-262k:context-0/factconsolidation_mh_262k_no93,4,0,2,4,0.25,0.5,0.0052201247093831,0.0566524214257107,0.0514322967163276,-1.0
agentmemorybench:fact-mh-262k:context-0/factconsolidation_mh_262k_no93,4,0,3,3,0.5,0.75,0.8267117930033077,0.9740426436969952,0.14733085069368757,1.0
agentmemorybench:fact-mh-262k:context-0/factconsolidation_mh_262k_no93,4,0,3,4,0.5,0.75,0.8267117930033077,0.94966936829282,0.12295757528951234,-1.0
agentmemorybench:fact-mh-262k:context-0/factconsolidation_mh_262k_no93,4,0,4,1,0.25,0.5,0.0203323547154303,0.5312093733737563,0.510877018658326,-2.0
agentmemorybench:fact-mh-262k:context-0/factconsolidation_mh_262k_no93,4,0,4,2,0.25,0.5,0.0203323547154303,0.1192029157640123,0.09887056104858201,-1.0
agentmemorybench:fact-mh-262k:context-0/factconsolidation_mh_262k_no93,4,0,4,4,0.25,0.5,0.0203323547154303,0.7431680086124811,0.7228356538970508,-1.0
agentmemorybench:fact-mh-262k:context-0/factconsolidation_mh_262k_no93,4,0,5,2,0.5,0.75,0.5312093733737563,0.9740426436969952,0.44283327032323894,-1.0
agentmemorybench:fact-mh-262k:context-0/factconsolidation_mh_262k_no93,4,0,5,4,0.5,0.75,0.5312093733737563,0.9770226302154202,0.44581325684166395,-1.0
agentmemorybench:fact-mh-262k:context-0/factconsolidation_mh_262k_no93,4,0,6,1,0.5,0.75,0.1192029157640123,0.9740426436969952,0.8548397279329829,-2.0
agentmemorybench:fact-mh-262k:context-0/factconsolidation_mh_262k_no93,4,0,6,4,0.5,0.75,0.1192029157640123,0.8519528019683106,0.7327498862042983,-1.0
agentmemorybench:fact-mh-262k:context-0/factconsolidation_mh_262k_no93,4,0,7,4,0.75,1.0,0.9740426436969952,0.999972464305616,0.025929820608620813,-1.0
agentmemorybench:fact-mh-262k:context-0/factconsolidation_mh_262k_no93,4,0,8,1,0.25,0.5,0.042087723860486,0.6224593312018546,0.5803716073413686,-2.0
agentmemorybench:fact-mh-262k:context-0/factconsolidation_mh_262k_no93,4,0,8,2,0.25,0.5,0.042087723860486,0.0566524214257107,0.014564697565224695,-1.0
agentmemorybench:fact-mh-262k:context-0/factconsolidation_mh_262k_no93,4,0,8,3,0.25,0.5,0.042087723860486,0.7431680086124811,0.7010802847519951,1.0
agentmemorybench:fact-mh-262k:context-0/factconsolidation_mh_262k_no93,4,0,9,2,0.5,0.75,0.6224593312018546,0.94966936829282,0.3272100370909654,-1.0
agentmemorybench:fact-mh-262k:context-0/factconsolidation_mh_262k_no93,4,0,9,3,0.5,0.75,0.6224593312018546,0.9770226302154202,0.35456329901356565,1.0
agentmemorybench:fact-mh-262k:context-0/factconsolidation_mh_262k_no93,4,0,10,1,0.5,0.75,0.0566524214257107,0.94966936829282,0.8930169468671093,-2.0
agentmemorybench:fact-mh-262k:context-0/factconsolidation_mh_262k_no93,4,0,10,3,0.5,0.75,0.0566524214257107,0.8519528019683106,0.7953003805425999,1.0
agentmemorybench:fact-mh-262k:context-0/factconsolidation_mh_262k_no93,4,0,11,3,0.75,1.0,0.94966936829282,0.999972464305616,0.050303096012796034,1.0
agentmemorybench:fact-mh-262k:context-0/factconsolidation_mh_262k_no93,4,0,12,1,0.5,0.75,0.7431680086124811,0.9770226302154202,0.23385462160293913,-2.0
agentmemorybench:fact-mh-262k:context-0/factconsolidation_mh_262k_no93,4,0,12,2,0.5,0.75,0.7431680086124811,0.8519528019683106,0.10878479335582947,-1.0
agentmemorybench:fact-mh-262k:context-0/factconsolidation_mh_262k_no93,4,0,13,2,0.75,1.0,0.9770226302154202,0.999972464305616,0.022949834090195798,-1.0
agentmemorybench:fact-mh-262k:context-0/factconsolidation_mh_262k_no93,4,0,14,1,0.75,1.0,0.8519528019683106,0.999972464305616,0.14801966233730546,-2.0
agentmemorybench:fact-mh-262k:context-0/factconsolidation_mh_262k_no93,4,1,0,1,0.0,0.25,0.0179862076262375,0.4532618480153861,0.4352756403891486,-2.0
agentmemorybench:fact-mh-262k:context-0/factconsolidation_mh_262k_no93,4,1,0,2,0.0,0.25,0.0179862076262375,0.0097084742877585,-0.008277733338479,-1.0
agentmemorybench:fact-mh-262k:context-0/factconsolidation_mh_262k_no93,4,1,0,3,0.0,0.25,0.0179862076262375,0.1329642316084462,0.1149780239822087,1.0
agentmemorybench:fact-mh-262k:context-0/factconsolidation_mh_262k_no93,4,1,0,4,0.0,0.25,0.0179862076262375,0.0420877297179002,0.024101522091662702,-1.0
agentmemorybench:fact-mh-262k:context-0/factconsolidation_mh_262k_no93,4,1,1,2,0.25,0.5,0.4532618480153861,0.808067214708308,0.3548053666929219,-1.0
agentmemorybench:fact-mh-262k:context-0/factconsolidation_mh_262k_no93,4,1,1,3,0.25,0.5,0.4532618480153861,0.651354857898194,0.19809300988280792,1.0
agentmemorybench:fact-mh-262k:context-0/factconsolidation_mh_262k_no93,4,1,1,4,0.25,0.5,0.4532618480153861,0.6791786959285045,0.22591684791311845,-1.0
agentmemorybench:fact-mh-262k:context-0/factconsolidation_mh_262k_no93,4,1,2,1,0.25,0.5,0.0097084742877585,0.808067214708308,0.7983587404205496,-2.0
agentmemorybench:fact-mh-262k:context-0/factconsolidation_mh_262k_no93,4,1,2,3,0.25,0.5,0.0097084742877585,0.1645164649447396,0.1548079906569811,1.0
agentmemorybench:fact-mh-262k:context-0/factconsolidation_mh_262k_no93,4,1,2,4,0.25,0.5,0.0097084742877585,0.1192029220221175,0.10949444773435901,-1.0
agentmemorybench:fact-mh-262k:context-0/factconsolidation_mh_262k_no93,4,1,3,3,0.5,0.75,0.808067214708308,0.9433475760856592,0.13528036137735122,1.0
agentmemorybench:fact-mh-262k:context-0/factconsolidation_mh_262k_no93,4,1,3,4,0.5,0.75,0.808067214708308,0.9496693666902856,0.14160215198197756,-1.0
agentmemorybench:fact-mh-262k:context-0/factconsolidation_mh_262k_no93,4,1,4,1,0.25,0.5,0.1329642316084462,0.651354857898194,0.5183906262897479,-2.0
agentmemorybench:fact-mh-262k:context-0/factconsolidation_mh_262k_no93,4,1,4,2,0.25,0.5,0.1329642316084462,0.1645164649447396,0.031552233336293395,-1.0
agentmemorybench:fact-mh-262k:context-0/factconsolidation_mh_262k_no93,4,1,4,4,0.25,0.5,0.1329642316084462,0.5,0.36703576839155383,-1.0
agentmemorybench:fact-mh-262k:context-0/factconsolidation_mh_262k_no93,4,1,5,2,0.5,0.75,0.651354857898194,0.9433475760856592,0.2919927181874652,-1.0
agentmemorybench:fact-mh-262k:context-0/factconsolidation_mh_262k_no93,4,1,5,4,0.5,0.75,0.651354857898194,0.8175744728599607,0.16621961496176663,-1.0
agentmemorybench:fact-mh-262k:context-0/factconsolidation_mh_262k_no93,4,1,6,1,0.5,0.75,0.1645164649447396,0.9433475760856592,0.7788311111409196,-2.0
agentmemorybench:fact-mh-262k:context-0/factconsolidation_mh_262k_no93,4,1,6,4,0.5,0.75,0.1645164649447396,0.6513548511303336,0.48683838618559405,-1.0
agentmemorybench:fact-mh-262k:context-0/factconsolidation_mh_262k_no93,4,1,7,4,0.75,1.0,0.9433475760856592,0.9994806951140548,0.05613311902839557,-1.0
agentmemorybench:fact-mh-262k:context-0/factconsolidation_mh_262k_no93,4,1,8,1,0.25,0.5,0.0420877297179002,0.6791786959285045,0.6370909662106043,-2.0
agentmemorybench:fact-mh-262k:context-0/factconsolidation_mh_262k_no93,4,1,8,2,0.25,0.5,0.0420877297179002,0.1192029220221175,0.0771151923042173,-1.0
agentmemorybench:fact-mh-262k:context-0/factconsolidation_mh_262k_no93,4,1,8,3,0.25,0.5,0.0420877297179002,0.5,0.4579122702820998,1.0
agentmemorybench:fact-mh-262k:context-0/factconsolidation_mh_262k_no93,4,1,9,2,0.5,0.75,0.6791786959285045,0.9496693666902856,0.270490670761781,-1.0
agentmemorybench:fact-mh-262k:context-0/factconsolidation_mh_262k_no93,4,1,9,3,0.5,0.75,0.6791786959285045,0.8175744728599607,0.1383957769314561,1.0
agentmemorybench:fact-mh-262k:context-0/factconsolidation_mh_262k_no93,4,1,10,1,0.5,0.75,0.1192029220221175,0.9496693666902856,0.8304664446681681,-2.0
agentmemorybench:fact-mh-262k:context-0/factconsolidation_mh_262k_no93,4,1,10,3,0.5,0.75,0.1192029220221175,0.6513548511303336,0.5321519291082162,1.0
agentmemorybench:fact-mh-262k:context-0/factconsolidation_mh_262k_no93,4,1,11,3,0.75,1.0,0.9496693666902856,0.9994806951140548,0.04981132842376923,1.0
agentmemorybench:fact-mh-262k:context-0/factconsolidation_mh_262k_no93,4,1,12,1,0.5,0.75,0.5,0.8175744728599607,0.31757447285996065,-2.0
agentmemorybench:fact-mh-262k:context-0/factconsolidation_mh_262k_no93,4,1,12,2,0.5,0.75,0.5,0.6513548511303336,0.15135485113033365,-1.0
agentmemorybench:fact-mh-262k:context-0/factconsolidation_mh_262k_no93,4,1,13,2,0.75,1.0,0.8175744728599607,0.9994806951140548,0.18190622225409414,-1.0
agentmemorybench:fact-mh-262k:context-0/factconsolidation_mh_262k_no93,4,1,14,1,0.75,1.0,0.6513548511303336,0.9994806951140548,0.34812584398372115,-2.0
agentmemorybench:fact-mh-262k:context-0/factconsolidation_mh_262k_no94,2,0,0,1,0.0,0.5,0.0066928523080819,0.995929861950944,0.9892370096428621,-2.0
agentmemorybench:fact-mh-262k:context-0/factconsolidation_mh_262k_no94,2,0,0,2,0.0,0.5,0.0066928523080819,0.5926665999540697,0.5859737476459878,-3.0
agentmemorybench:fact-mh-262k:context-0/factconsolidation_mh_262k_no94,2,0,1,2,0.5,1.0,0.995929861950944,0.9997546305124678,0.003824768561523806,-3.0
agentmemorybench:fact-mh-262k:context-0/factconsolidation_mh_262k_no94,2,0,2,1,0.5,1.0,0.5926665999540697,0.9997546305124678,0.40708803055839815,-2.0
agentmemorybench:fact-mh-262k:context-0/factconsolidation_mh_262k_no94,2,1,0,1,0.0,0.5,0.0052201260514403,0.9919380081179586,0.9867178820665183,-2.0
agentmemorybench:fact-mh-262k:context-0/factconsolidation_mh_262k_no94,2,1,0,2,0.0,0.5,0.0052201260514403,0.3775406687981454,0.3723205427467051,-3.0
agentmemorybench:fact-mh-262k:context-0/factconsolidation_mh_262k_no94,2,1,1,2,0.5,1.0,0.9919380081179586,0.9992903295771228,0.007352321459164202,-3.0
agentmemorybench:fact-mh-262k:context-0/factconsolidation_mh_262k_no94,2,1,2,1,0.5,1.0,0.3775406687981454,0.9992903295771228,0.6217496607789774,-2.0
agentmemorybench:fact-mh-262k:context-0/factconsolidation_mh_262k_no95,2,0,0,1,0.0,0.5,0.0109869413959575,0.6513548782017746,0.6403679368058172,2.0
agentmemorybench:fact-mh-262k:context-0/factconsolidation_mh_262k_no95,2,0,0,2,0.0,0.5,0.0109869413959575,0.6370307910348985,0.626043849638941,-1.0
agentmemorybench:fact-mh-262k:context-0/factconsolidation_mh_262k_no95,2,0,1,2,0.5,1.0,0.6513548782017746,0.999903897556383,0.34854901935460836,-1.0
agentmemorybench:fact-mh-262k:context-0/factconsolidation_mh_262k_no95,2,0,2,1,0.5,1.0,0.6370307910348985,0.999903897556383,0.3628731065214845,2.0
agentmemorybench:fact-mh-262k:context-0/factconsolidation_mh_262k_no95,2,1,0,1,0.0,0.5,0.0216153342004347,0.5926665999540697,0.571051265753635,2.0
agentmemorybench:fact-mh-262k:context-0/factconsolidation_mh_262k_no95,2,1,0,2,0.0,0.5,0.0216153342004347,0.7772998637541535,0.7556845295537188,-1.0
agentmemorybench:fact-mh-262k:context-0/factconsolidation_mh_262k_no95,2,1,1,2,0.5,1.0,0.5926665999540697,0.9995694429611054,0.4069028430070357,-1.0
agentmemorybench:fact-mh-262k:context-0/factconsolidation_mh_262k_no95,2,1,2,1,0.5,1.0,0.7772998637541535,0.9995694429611054,0.2222695792069519,2.0
agentmemorybench:fact-mh-262k:context-0/factconsolidation_mh_262k_no97,2,0,0,1,0.0,0.5,0.0017007227108802,0.9796676460637104,0.9779669233528302,-1.0
agentmemorybench:fact-mh-262k:context-0/factconsolidation_mh_262k_no97,2,0,0,2,0.0,0.5,0.0017007227108802,0.6791786861878392,0.677477963476959,0.0
agentmemorybench:fact-mh-262k:context-0/factconsolidation_mh_262k_no97,2,0,1,2,0.5,1.0,0.9796676460637104,0.9999417087553016,0.020274062691591266,0.0
agentmemorybench:fact-mh-262k:context-0/factconsolidation_mh_262k_no97,2,0,2,1,0.5,1.0,0.6791786861878392,0.9999417087553016,0.3207630225674625,-1.0
agentmemorybench:fact-mh-262k:context-0/factconsolidation_mh_262k_no97,2,1,0,1,0.0,0.5,0.0015011823096099,0.9890130553555336,0.9875118730459237,-1.0
agentmemorybench:fact-mh-262k:context-0/factconsolidation_mh_262k_no97,2,1,0,2,0.0,0.5,0.0015011823096099,0.2450850021044189,0.24358381979480898,0.0
agentmemorybench:fact-mh-262k:context-0/factconsolidation_mh_262k_no97,2,1,1,2,0.5,1.0,0.9890130553555336,0.999569442908342,0.01055638755280841,0.0
agentmemorybench:fact-mh-262k:context-0/factconsolidation_mh_262k_no97,2,1,2,1,0.5,1.0,0.2450850021044189,0.999569442908342,0.7544844408039232,-1.0
